{
"type": "FeatureCollection",
"name": "districts",
"crs": { "type": "name", "properties": { "name": "urn:ogc:def:crs:OGC:1.3:CRS84" } },
"xy_coordinate_resolution": 1e-05,
"features": [
{ "type": "Feature", "properties": { "id": "DC-AL", "state": "DC", "number": "98", "metro": true, "business_count": 3547, "has_data": true }, "geometry": { "type": "Polygon", "coordinates": [ [ [ -77.11976, 38.93434 ], [ -77.1045, 38.94641 ], [ -77.1007, 38.94891 ], [ -77.0915, 38.95651 ], [ -77.041, 38.99511 ], [ -77.0156, 38.97591 ], [ -77.0025, 38.96541 ], [ -76.9351, 38.91331 ], [ -76.9094, 38.89281 ], [ -76.9497, 38.86131 ], [ -76.9537, 38.85851 ], [ -76.9795, 38.83781 ], [ -76.9927, 38.82821 ], [ -77.0, 38.82191 ], [ -77.0014, 38.82151 ], [ -77.03901, 38.79165 ], [ -77.0389, 38.80081 ], [ -77.03736, 38.81419 ], [ -77.0381, 38.81561 ], [ -77.0391, 38.82141 ], [ -77.0381, 38.82861 ], [ -77.0392, 38.83221 ], [ -77.0412, 38.83371 ], [ -77.0426, 38.83381 ], [ -77.0435, 38.83321 ], [ -77.0449, 38.83471 ], [ -77.045, 38.83851 ], [ -77.0442, 38.84021 ], [ -77.0417, 38.84021 ], [ -77.03855, 38.83926 ], [ -77.03454, 38.84047 ], [ -77.0317, 38.85051 ], [ -77.034, 38.85714 ], [ -77.0393, 38.86431 ], [ -77.0389, 38.86581 ], [ -77.0391, 38.86811 ], [ -77.0406, 38.87121 ], [ -77.0433, 38.87401 ], [ -77.0454, 38.87521 ], [ -77.0466, 38.87491 ], [ -77.0456, 38.87301 ], [ -77.0463, 38.87131 ], [ -77.0491, 38.87071 ], [ -77.0513, 38.87321 ], [ -77.0511, 38.87521 ], [ -77.0541, 38.87911 ], [ -77.0552, 38.88001 ], [ -77.05825, 38.88007 ], [ -77.0635, 38.88861 ], [ -77.0673, 38.89921 ], [ -77.0682, 38.89981 ], [ -77.0701, 38.90071 ], [ -77.0822, 38.90191 ], [ -77.0902, 38.90421 ], [ -77.0937, 38.90591 ], [ -77.1012, 38.91111 ], [ -77.1034, 38.91291 ], [ -77.1063, 38.91911 ], [ -77.1134, 38.92521 ], [ -77.1166, 38.92891 ], [ -77.1179, 38.93241 ], [ -77.11976, 38.93434 ] ] ] } },
{ "type": "Feature", "properties": { "id": "MD-01", "state": "MD", "number": "01", "metro": false, "business_count": 0, "has_data": false }, "geometry": { "type": "MultiPolygon", "coordinates": [ [ [ [ -76.04998, 37.99011 ], [ -76.04865, 37.99142 ], [ -76.04768, 37.9934 ], [ -76.04774, 37.99488 ], [ -76.04856, 37.99692 ], [ -76.04824, 38.00397 ], [ -76.04517, 38.00874 ], [ -76.04775, 38.01238 ], [ -76.04732, 38.01949 ], [ -76.04493, 38.0255 ], [ -76.041, 38.03196 ], [ -76.03772, 38.03238 ], [ -76.03531, 38.03143 ], [ -76.03094, 38.03333 ], [ -76.02874, 38.03548 ], [ -76.02411, 38.03669 ], [ -76.0215, 38.03845 ], [ -76.01313, 38.03976 ], [ -76.00927, 38.03843 ], [ -76.00734, 38.03671 ], [ -76.00726, 38.03261 ], [ -76.00274, 38.02494 ], [ -75.99454, 38.02194 ], [ -75.99335, 38.02316 ], [ -75.99217, 38.02381 ], [ -75.9863, 38.02195 ], [ -75.98865, 38.01935 ], [ -75.98801, 38.01657 ], [ -75.98496, 38.01354 ], [ -75.98261, 38.00839 ], [ -75.98009, 38.00489 ], [ -75.98425, 38.00401 ], [ -75.98492, 37.9976 ], [ -75.98212, 37.98855 ], [ -75.98563, 37.98833 ], [ -75.9891, 37.99044 ], [ -75.99324, 37.98495 ], [ -75.99195, 37.98247 ], [ -75.99283, 37.97843 ], [ -75.993, 37.97583 ], [ -75.99526, 37.97268 ], [ -75.99775, 37.96762 ], [ -75.99561, 37.9665 ], [ -75.99063, 37.96294 ], [ -75.99069, 37.9597 ], [ -75.99335, 37.95752 ], [ -75.9939, 37.95349 ], [ -76.02171, 37.95389 ], [ -76.03012, 37.95365 ], [ -76.0414, 37.95401 ], [ -76.04653, 37.95359 ], [ -76.04678, 37.96821 ], [ -76.04789, 37.97499 ], [ -76.04703, 37.97869 ], [ -76.04786, 37.98107 ], [ -76.04961, 37.98363 ], [ -76.05015, 37.98691 ], [ -76.04998, 37.99011 ] ] ], [ [ [ -76.0542, 38.09427 ], [ -76.05052, 38.09287 ], [ -76.04695, 38.09278 ], [ -76.04434, 38.08932 ], [ -76.04267, 38.08913 ], [ -76.03911, 38.09081 ], [ -76.03745, 38.09109 ], [ -76.03352, 38.091 ], [ -76.03352, 38.09315 ], [ -76.03447, 38.09568 ], [ -76.03245, 38.09708 ], [ -76.03138, 38.09876 ], [ -76.03269, 38.1011 ], [ -76.03994, 38.10157 ], [ -76.04244, 38.10344 ], [ -76.04446, 38.1055 ], [ -76.04766, 38.10755 ], [ -76.04798, 38.1087 ], [ -76.04196, 38.10896 ], [ -76.04089, 38.11017 ], [ -76.04054, 38.11251 ], [ -76.04077, 38.11447 ], [ -76.04196, 38.11718 ], [ -76.04006, 38.11765 ], [ -76.03578, 38.12018 ], [ -76.03436, 38.12195 ], [ -76.03174, 38.11999 ], [ -76.02853, 38.12074 ], [ -76.02556, 38.12214 ], [ -76.02283, 38.12663 ], [ -76.0233, 38.12906 ], [ -76.022, 38.12878 ], [ -76.02081, 38.12971 ], [ -76.02138, 38.13158 ], [ -76.01857, 38.13193 ], [ -76.01796, 38.12999 ], [ -76.01655, 38.12974 ], [ -76.01472, 38.1316 ], [ -76.01293, 38.12927 ], [ -76.01265, 38.12704 ], [ -76.01263, 38.12473 ], [ -76.01349, 38.12085 ], [ -76.017, 38.11999 ], [ -76.01902, 38.11774 ], [ -76.02128, 38.11644 ], [ -76.02176, 38.10933 ], [ -76.02259, 38.10615 ], [ -76.02105, 38.10493 ], [ -76.01867, 38.10465 ], [ -76.01555, 38.1034 ], [ -76.01468, 38.10079 ], [ -76.01, 38.09588 ], [ -76.00929, 38.09329 ], [ -76.00808, 38.09148 ], [ -76.00831, 38.08875 ], [ -76.00736, 38.08646 ], [ -76.00846, 38.08465 ], [ -76.00807, 38.08257 ], [ -76.00628, 38.07856 ], [ -76.01145, 38.07392 ], [ -76.01273, 38.07211 ], [ -76.01662, 38.07321 ], [ -76.01546, 38.07491 ], [ -76.01534, 38.07678 ], [ -76.01736, 38.07856 ], [ -76.022, 38.08118 ], [ -76.02283, 38.08277 ], [ -76.0239, 38.0837 ], [ -76.02627, 38.08342 ], [ -76.02889, 38.08427 ], [ -76.02972, 38.08314 ], [ -76.03388, 38.08473 ], [ -76.03554, 38.08408 ], [ -76.03483, 38.08193 ], [ -76.03162, 38.08071 ], [ -76.02972, 38.078 ], [ -76.03261, 38.07578 ], [ -76.03492, 38.07693 ], [ -76.03998, 38.08067 ], [ -76.04241, 38.08193 ], [ -76.05157, 38.08942 ], [ -76.05607, 38.0914 ], [ -76.0542, 38.09427 ] ] ], [ [ [ -76.06544, 38.1298 ], [ -76.06461, 38.13012 ], [ -76.06215, 38.12824 ], [ -76.0611, 38.12688 ], [ -76.06311, 38.12644 ], [ -76.06448, 38.12548 ], [ -76.06567, 38.12684 ], [ -76.06544, 38.1298 ] ] ], [ [ [ -76.08881, 38.16313 ], [ -76.08688, 38.16476 ], [ -76.087, 38.1698 ], [ -76.08748, 38.17046 ], [ -76.0832, 38.17363 ], [ -76.08213, 38.17242 ], [ -76.08047, 38.17354 ], [ -76.08106, 38.17588 ], [ -76.08425, 38.18109 ], [ -76.0832, 38.18288 ], [ -76.08344, 38.18606 ], [ -76.08439, 38.18755 ], [ -76.08819, 38.18999 ], [ -76.08724, 38.19194 ], [ -76.08653, 38.19232 ], [ -76.08451, 38.18979 ], [ -76.08094, 38.18849 ], [ -76.07833, 38.18933 ], [ -76.07334, 38.18839 ], [ -76.07036, 38.18839 ], [ -76.06822, 38.18877 ], [ -76.06561, 38.18811 ], [ -76.06383, 38.1897 ], [ -76.06193, 38.18961 ], [ -76.05884, 38.19101 ], [ -76.05598, 38.19372 ], [ -76.05539, 38.19568 ], [ -76.0561, 38.19717 ], [ -76.05812, 38.19745 ], [ -76.06097, 38.19848 ], [ -76.06288, 38.19988 ], [ -76.06454, 38.20054 ], [ -76.06941, 38.2011 ], [ -76.07049, 38.20291 ], [ -76.06612, 38.20361 ], [ -76.0638, 38.20505 ], [ -76.06177, 38.2034 ], [ -76.05999, 38.20345 ], [ -76.05722, 38.20249 ], [ -76.05531, 38.20246 ], [ -76.05289, 38.20343 ], [ -76.04899, 38.20378 ], [ -76.04002, 38.1949 ], [ -76.03666, 38.19231 ], [ -76.03676, 38.19163 ], [ -76.03958, 38.18942 ], [ -76.04291, 38.18821 ], [ -76.04303, 38.18541 ], [ -76.04208, 38.18419 ], [ -76.03495, 38.18531 ], [ -76.02901, 38.18382 ], [ -76.02607, 38.18206 ], [ -76.0254, 38.17982 ], [ -76.02318, 38.1775 ], [ -76.02238, 38.17377 ], [ -76.02342, 38.17279 ], [ -76.0252, 38.17251 ], [ -76.02592, 38.17098 ], [ -76.02781, 38.17018 ], [ -76.02885, 38.1684 ], [ -76.03138, 38.16793 ], [ -76.03412, 38.16962 ], [ -76.03531, 38.16915 ], [ -76.03543, 38.16803 ], [ -76.03745, 38.16784 ], [ -76.03899, 38.16719 ], [ -76.0403, 38.16569 ], [ -76.0384, 38.16504 ], [ -76.03721, 38.16336 ], [ -76.03614, 38.16261 ], [ -76.03519, 38.15981 ], [ -76.03566, 38.15868 ], [ -76.03412, 38.15775 ], [ -76.03281, 38.15807 ], [ -76.03055, 38.1559 ], [ -76.03017, 38.15493 ], [ -76.0289, 38.15418 ], [ -76.02945, 38.15284 ], [ -76.0308, 38.1516 ], [ -76.03226, 38.14827 ], [ -76.03802, 38.14717 ], [ -76.03889, 38.14838 ], [ -76.04009, 38.14881 ], [ -76.04398, 38.14836 ], [ -76.04566, 38.14777 ], [ -76.0479, 38.14816 ], [ -76.05115, 38.14753 ], [ -76.0542, 38.15037 ], [ -76.05515, 38.15289 ], [ -76.05658, 38.15981 ], [ -76.0586, 38.16392 ], [ -76.05931, 38.16672 ], [ -76.06026, 38.16878 ], [ -76.06371, 38.17092 ], [ -76.06811, 38.16775 ], [ -76.06929, 38.16579 ], [ -76.07024, 38.16336 ], [ -76.075, 38.15924 ], [ -76.07666, 38.15822 ], [ -76.07916, 38.15915 ], [ -76.08142, 38.15915 ], [ -76.08225, 38.15766 ], [ -76.08474, 38.15663 ], [ -76.08617, 38.16046 ], [ -76.08771, 38.16149 ], [ -76.08881, 38.16313 ] ] ], [ [ [ -76.08974, 38.1468 ], [ -76.08855, 38.14756 ], [ -76.08547, 38.14682 ], [ -76.08441, 38.14536 ], [ -76.08446, 38.14383 ], [ -76.08533, 38.14232 ], [ -76.08565, 38.13858 ], [ -76.08688, 38.13925 ], [ -76.08833, 38.14138 ], [ -76.08845, 38.14239 ], [ -76.09023, 38.14477 ], [ -76.08974, 38.1468 ] ] ], [ [ [ -76.09027, 38.11967 ], [ -76.08926, 38.12233 ], [ -76.08653, 38.12436 ], [ -76.08446, 38.12273 ], [ -76.0858, 38.12123 ], [ -76.08556, 38.11788 ], [ -76.08591, 38.11668 ], [ -76.08983, 38.11512 ], [ -76.09052, 38.11776 ], [ -76.09027, 38.11967 ] ] ], [ [ [ -76.0921, 39.53522 ], [ -76.09023, 39.53543 ], [ -76.09007, 39.5366 ], [ -76.08867, 39.53669 ], [ -76.08822, 39.53603 ], [ -76.08949, 39.53406 ], [ -76.09031, 39.53383 ], [ -76.09101, 39.53402 ], [ -76.0921, 39.53522 ] ] ], [ [ [ -76.24918, 38.90894 ], [ -76.2476, 38.911 ], [ -76.24909, 38.91335 ], [ -76.24659, 38.91378 ], [ -76.24309, 38.91209 ], [ -76.24364, 38.90831 ], [ -76.24321, 38.9067 ], [ -76.24576, 38.90508 ], [ -76.24886, 38.90573 ], [ -76.24918, 38.90894 ] ] ], [ [ [ -76.26436, 38.34199 ], [ -76.263, 38.3439 ], [ -76.25944, 38.34123 ], [ -76.25456, 38.34067 ], [ -76.25492, 38.33965 ], [ -76.25896, 38.33928 ], [ -76.25872, 38.33685 ], [ -76.25801, 38.33517 ], [ -76.25623, 38.33275 ], [ -76.25409, 38.33116 ], [ -76.25254, 38.32911 ], [ -76.25183, 38.32753 ], [ -76.25449, 38.32493 ], [ -76.25767, 38.32485 ], [ -76.25694, 38.32837 ], [ -76.25773, 38.33157 ], [ -76.26051, 38.33378 ], [ -76.26193, 38.33592 ], [ -76.26241, 38.33778 ], [ -76.26555, 38.34093 ], [ -76.26436, 38.34199 ] ] ], [ [ [ -76.27226, 39.27455 ], [ -76.2699, 39.27895 ], [ -76.27022, 39.28223 ], [ -76.26995, 39.28341 ], [ -76.26669, 39.28743 ], [ -76.26641, 39.29054 ], [ -76.26036, 39.29245 ], [ -76.25799, 39.28779 ], [ -76.26192, 39.28415 ], [ -76.26431, 39.28388 ], [ -76.26622, 39.28201 ], [ -76.26495, 39.27952 ], [ -76.27012, 39.27505 ], [ -76.27226, 39.27455 ] ] ], [ [ [ -76.39069, 38.76628 ], [ -76.37982, 38.7802 ], [ -76.37524, 38.78258 ], [ -76.36989, 38.77864 ], [ -76.36973, 38.77728 ], [ -76.37234, 38.77405 ], [ -76.37084, 38.76564 ], [ -76.36421, 38.75431 ], [ -76.36251, 38.74841 ], [ -76.36326, 38.74661 ], [ -76.37736, 38.7428 ], [ -76.38125, 38.7438 ], [ -76.38362, 38.74547 ], [ -76.38434, 38.75017 ], [ -76.39035, 38.757 ], [ -76.39069, 38.76628 ] ] ], [ [ [ -76.69716, 39.71956 ], [ -76.69766, 39.72111 ], [ -76.23328, 39.72131 ], [ -76.01307, 39.72192 ], [ -75.99865, 39.72158 ], [ -75.79956, 39.72188 ], [ -75.7886, 39.7222 ], [ -75.78839, 39.70003 ], [ -75.78866, 39.65821 ], [ -75.78745, 39.63746 ], [ -75.78079, 39.55026 ], [ -75.75595, 39.24596 ], [ -75.75103, 39.17776 ], [ -75.74936, 39.16481 ], [ -75.74579, 39.11494 ], [ -75.74381, 39.09467 ], [ -75.72557, 38.86815 ], [ -75.70659, 38.62613 ], [ -75.69878, 38.522 ], [ -75.69367, 38.46008 ], [ -75.66284, 38.45876 ], [ -75.59807, 38.45685 ], [ -75.58931, 38.45629 ], [ -75.5836, 38.45642 ], [ -75.52273, 38.45466 ], [ -75.40199, 38.45226 ], [ -75.18555, 38.45121 ], [ -75.04894, 38.45126 ], [ -75.05459, 38.41483 ], [ -75.06137, 38.38947 ], [ -75.06586, 38.37715 ], [ -75.06734, 38.37109 ], [ -75.07248, 38.35528 ], [ -75.08143, 38.33597 ], [ -75.08552, 38.32427 ], [ -75.08747, 38.32277 ], [ -75.09389, 38.32343 ], [ -75.10295, 38.31153 ], [ -75.12155, 38.26961 ], [ -75.13026, 38.2469 ], [ -75.14802, 38.21019 ], [ -75.15897, 38.18424 ], [ -75.17915, 38.12636 ], [ -75.1938, 38.09601 ], [ -75.21612, 38.06179 ], [ -75.24247, 38.02703 ], [ -75.25037, 38.02665 ], [ -75.27436, 38.02459 ], [ -75.3985, 38.01326 ], [ -75.62445, 37.99419 ], [ -75.62508, 37.99058 ], [ -75.62561, 37.9898 ], [ -75.62761, 37.98852 ], [ -75.62935, 37.98835 ], [ -75.63087, 37.98782 ], [ -75.63253, 37.98669 ], [ -75.63383, 37.98452 ], [ -75.63371, 37.98306 ], [ -75.62886, 37.9778 ], [ -75.62884, 37.97679 ], [ -75.62953, 37.97597 ], [ -75.63099, 37.97567 ], [ -75.63201, 37.97602 ], [ -75.63421, 37.97767 ], [ -75.63574, 37.97954 ], [ -75.63822, 37.9794 ], [ -75.64182, 37.97597 ], [ -75.64472, 37.96978 ], [ -75.64823, 37.96677 ], [ -75.653, 37.96594 ], [ -75.65609, 37.96284 ], [ -75.65811, 37.95947 ], [ -75.65538, 37.95366 ], [ -75.65692, 37.95329 ], [ -75.66309, 37.96119 ], [ -75.66651, 37.9624 ], [ -75.67168, 37.96658 ], [ -75.67702, 37.96796 ], [ -75.67946, 37.96755 ], [ -75.686, 37.96761 ], [ -75.68915, 37.96684 ], [ -75.69042, 37.96693 ], [ -75.69614, 37.97033 ], [ -75.70208, 37.97193 ], [ -75.70709, 37.97461 ], [ -75.71315, 37.97662 ], [ -75.71515, 37.97821 ], [ -75.71498, 37.97933 ], [ -75.71337, 37.98158 ], [ -75.71444, 37.98289 ], [ -75.71313, 37.98551 ], [ -75.71289, 37.98851 ], [ -75.7161, 37.98898 ], [ -75.71686, 37.98824 ], [ -75.71812, 37.98767 ], [ -75.71848, 37.98664 ], [ -75.7224, 37.98551 ], [ -75.72395, 37.98364 ], [ -75.72323, 37.98177 ], [ -75.72181, 37.98008 ], [ -75.72209, 37.97342 ], [ -75.72266, 37.97131 ], [ -75.72795, 37.96726 ], [ -75.73034, 37.96718 ], [ -75.73341, 37.96583 ], [ -75.73651, 37.96323 ], [ -75.73833, 37.96509 ], [ -75.73892, 37.96734 ], [ -75.73999, 37.96837 ], [ -75.73904, 37.97118 ], [ -75.74023, 37.97446 ], [ -75.73702, 37.97671 ], [ -75.73714, 37.97877 ], [ -75.73844, 37.98046 ], [ -75.73871, 37.98176 ], [ -75.73714, 37.98299 ], [ -75.73916, 37.98392 ], [ -75.74284, 37.9843 ], [ -75.74676, 37.98767 ], [ -75.74819, 37.98645 ], [ -75.74736, 37.98364 ], [ -75.7451, 37.98046 ], [ -75.747, 37.97802 ], [ -75.74882, 37.97691 ], [ -75.75116, 37.97718 ], [ -75.75294, 37.9769 ], [ -75.75401, 37.97577 ], [ -75.75282, 37.97446 ], [ -75.74962, 37.97259 ], [ -75.74546, 37.97156 ], [ -75.74653, 37.96978 ], [ -75.75024, 37.96887 ], [ -75.75823, 37.97078 ], [ -75.77231, 37.97242 ], [ -75.77577, 37.97196 ], [ -75.78382, 37.97259 ], [ -75.78485, 37.97076 ], [ -75.78946, 37.96797 ], [ -75.79155, 37.96493 ], [ -75.80085, 37.95862 ], [ -75.80375, 37.95563 ], [ -75.80927, 37.95516 ], [ -75.81248, 37.95769 ], [ -75.81367, 37.95947 ], [ -75.81189, 37.96219 ], [ -75.81212, 37.96462 ], [ -75.81319, 37.9664 ], [ -75.81723, 37.96725 ], [ -75.81866, 37.96725 ], [ -75.82032, 37.96612 ], [ -75.82021, 37.96462 ], [ -75.82139, 37.962 ], [ -75.82401, 37.96078 ], [ -75.82496, 37.956 ], [ -75.82615, 37.95282 ], [ -75.8227, 37.94888 ], [ -75.81864, 37.94639 ], [ -75.81843, 37.94119 ], [ -75.82095, 37.9389 ], [ -75.8299, 37.93856 ], [ -75.83241, 37.93331 ], [ -75.83315, 37.93076 ], [ -75.83577, 37.92948 ], [ -75.84942, 37.9243 ], [ -75.8555, 37.92265 ], [ -75.86073, 37.91831 ], [ -75.87194, 37.91762 ], [ -75.87771, 37.91613 ], [ -75.88034, 37.91475 ], [ -75.88198, 37.91255 ], [ -75.88503, 37.91172 ], [ -75.88871, 37.91514 ], [ -75.89269, 37.91685 ], [ -75.89728, 37.92634 ], [ -75.89306, 37.92864 ], [ -75.89392, 37.93027 ], [ -75.89257, 37.93262 ], [ -75.8936, 37.93494 ], [ -75.89304, 37.93992 ], [ -75.89104, 37.94482 ], [ -75.89086, 37.94845 ], [ -75.88992, 37.95369 ], [ -75.88367, 37.95169 ], [ -75.88046, 37.9516 ], [ -75.87784, 37.95019 ], [ -75.87536, 37.95063 ], [ -75.87238, 37.94982 ], [ -75.86572, 37.95151 ], [ -75.8612, 37.95535 ], [ -75.86429, 37.95928 ], [ -75.86525, 37.96509 ], [ -75.86192, 37.97343 ], [ -75.86382, 37.97605 ], [ -75.86786, 37.97746 ], [ -75.87047, 37.97671 ], [ -75.87131, 37.97446 ], [ -75.8738, 37.97502 ], [ -75.87868, 37.96978 ], [ -75.88153, 37.97203 ], [ -75.88688, 37.97418 ], [ -75.89008, 37.97699 ], [ -75.89246, 37.97559 ], [ -75.89329, 37.97446 ], [ -75.89077, 37.97339 ], [ -75.88842, 37.97034 ], [ -75.88973, 37.96978 ], [ -75.89151, 37.97174 ], [ -75.89843, 37.97483 ], [ -75.88819, 37.98786 ], [ -75.88779, 37.99048 ], [ -75.88704, 37.99275 ], [ -75.88548, 37.99608 ], [ -75.88321, 37.9978 ], [ -75.88125, 38.00068 ], [ -75.88169, 38.00192 ], [ -75.87839, 38.00715 ], [ -75.87346, 38.01311 ], [ -75.87304, 38.01522 ], [ -75.87, 38.0196 ], [ -75.86929, 38.0225 ], [ -75.86738, 38.02391 ], [ -75.86715, 38.0255 ], [ -75.87024, 38.02681 ], [ -75.87297, 38.02681 ], [ -75.87423, 38.02841 ], [ -75.87281, 38.032 ], [ -75.87075, 38.03498 ], [ -75.86133, 38.03839 ], [ -75.85751, 38.03878 ], [ -75.85053, 38.0367 ], [ -75.84792, 38.03437 ], [ -75.84552, 38.02831 ], [ -75.8435, 38.02746 ], [ -75.84041, 38.03074 ], [ -75.83732, 38.03271 ], [ -75.83435, 38.03299 ], [ -75.83007, 38.03823 ], [ -75.83088, 38.04123 ], [ -75.82936, 38.04328 ], [ -75.82644, 38.04587 ], [ -75.82263, 38.04671 ], [ -75.8189, 38.04413 ], [ -75.81688, 38.04478 ], [ -75.81177, 38.04749 ], [ -75.80559, 38.05292 ], [ -75.80487, 38.05011 ], [ -75.80238, 38.0504 ], [ -75.80155, 38.05255 ], [ -75.79917, 38.05339 ], [ -75.79679, 38.05358 ], [ -75.79216, 38.05648 ], [ -75.78931, 38.06162 ], [ -75.78491, 38.06265 ], [ -75.78028, 38.06509 ], [ -75.78016, 38.06771 ], [ -75.77517, 38.07332 ], [ -75.77374, 38.07706 ], [ -75.7773, 38.0795 ], [ -75.77891, 38.07832 ], [ -75.78182, 38.07903 ], [ -75.7855, 38.08651 ], [ -75.78824, 38.08614 ], [ -75.79002, 38.0838 ], [ -75.79026, 38.08071 ], [ -75.78972, 38.0792 ], [ -75.79038, 38.0779 ], [ -75.78869, 38.07632 ], [ -75.78812, 38.07472 ], [ -75.78978, 38.0722 ], [ -75.79513, 38.07061 ], [ -75.80285, 38.07276 ], [ -75.80559, 38.07397 ], [ -75.80666, 38.07304 ], [ -75.80452, 38.07042 ], [ -75.80416, 38.06874 ], [ -75.80345, 38.06733 ], [ -75.79929, 38.06546 ], [ -75.8006, 38.06191 ], [ -75.80571, 38.06265 ], [ -75.81058, 38.06219 ], [ -75.81141, 38.05994 ], [ -75.81291, 38.05893 ], [ -75.81533, 38.0642 ], [ -75.81959, 38.06681 ], [ -75.81842, 38.06846 ], [ -75.81937, 38.06995 ], [ -75.82175, 38.07042 ], [ -75.82199, 38.07192 ], [ -75.82425, 38.0722 ], [ -75.82484, 38.07023 ], [ -75.82618, 38.06827 ], [ -75.83306, 38.06754 ], [ -75.83779, 38.06911 ], [ -75.84426, 38.07227 ], [ -75.84785, 38.07106 ], [ -75.84947, 38.0681 ], [ -75.85134, 38.0693 ], [ -75.85609, 38.06883 ], [ -75.85894, 38.06732 ], [ -75.86007, 38.06574 ], [ -75.85888, 38.06014 ], [ -75.87099, 38.05923 ], [ -75.87248, 38.06045 ], [ -75.8738, 38.0607 ], [ -75.87388, 38.06177 ], [ -75.87301, 38.06635 ], [ -75.87119, 38.0692 ], [ -75.87202, 38.07164 ], [ -75.87547, 38.07603 ], [ -75.87882, 38.07608 ], [ -75.87559, 38.08024 ], [ -75.87381, 38.07987 ], [ -75.87214, 38.08109 ], [ -75.86394, 38.08034 ], [ -75.86536, 38.0838 ], [ -75.86572, 38.08801 ], [ -75.86762, 38.08875 ], [ -75.87148, 38.08906 ], [ -75.87252, 38.08993 ], [ -75.86929, 38.09091 ], [ -75.8637, 38.09007 ], [ -75.86227, 38.09203 ], [ -75.86299, 38.09381 ], [ -75.86759, 38.09585 ], [ -75.86549, 38.09924 ], [ -75.86263, 38.09699 ], [ -75.86014, 38.09689 ], [ -75.85582, 38.10466 ], [ -75.85088, 38.1077 ], [ -75.84825, 38.10813 ], [ -75.8426, 38.11311 ], [ -75.83756, 38.11375 ], [ -75.83769, 38.12249 ], [ -75.83812, 38.12378 ], [ -75.83825, 38.1262 ], [ -75.83399, 38.12719 ], [ -75.83055, 38.13037 ], [ -75.82924, 38.13289 ], [ -75.82767, 38.13344 ], [ -75.82401, 38.12859 ], [ -75.82306, 38.1256 ], [ -75.82068, 38.1256 ], [ -75.81985, 38.127 ], [ -75.81747, 38.12868 ], [ -75.81854, 38.13139 ], [ -75.81593, 38.13242 ], [ -75.81379, 38.13429 ], [ -75.81117, 38.13551 ], [ -75.80903, 38.13579 ], [ -75.80796, 38.13457 ], [ -75.80927, 38.13317 ], [ -75.80927, 38.13186 ], [ -75.80808, 38.13111 ], [ -75.80737, 38.12934 ], [ -75.80535, 38.1284 ], [ -75.80226, 38.13027 ], [ -75.79798, 38.13354 ], [ -75.79656, 38.1356 ], [ -75.78776, 38.13747 ], [ -75.78786, 38.1386 ], [ -75.78705, 38.1414 ], [ -75.78848, 38.14579 ], [ -75.79739, 38.14429 ], [ -75.79905, 38.14224 ], [ -75.80808, 38.14046 ], [ -75.81201, 38.14345 ], [ -75.81593, 38.14457 ], [ -75.82044, 38.14289 ], [ -75.82175, 38.14383 ], [ -75.81925, 38.1457 ], [ -75.82223, 38.14784 ], [ -75.82734, 38.1484 ], [ -75.82971, 38.14897 ], [ -75.83292, 38.15168 ], [ -75.83649, 38.15055 ], [ -75.84148, 38.14476 ], [ -75.84992, 38.14441 ], [ -75.85277, 38.14327 ], [ -75.8543, 38.14152 ], [ -75.85954, 38.14054 ], [ -75.86679, 38.14093 ], [ -75.86857, 38.1427 ], [ -75.87166, 38.14205 ], [ -75.87166, 38.14055 ], [ -75.87047, 38.13878 ], [ -75.866, 38.13489 ], [ -75.86864, 38.13438 ], [ -75.88029, 38.13702 ], [ -75.87808, 38.13971 ], [ -75.88034, 38.14364 ], [ -75.88081, 38.14803 ], [ -75.88474, 38.14878 ], [ -75.88676, 38.1499 ], [ -75.88806, 38.14831 ], [ -75.89175, 38.14784 ], [ -75.89424, 38.14813 ], [ -75.89757, 38.14738 ], [ -75.90149, 38.1456 ], [ -75.90244, 38.1442 ], [ -75.90482, 38.14233 ], [ -75.90244, 38.14121 ], [ -75.90036, 38.14115 ], [ -75.90161, 38.13981 ], [ -75.90398, 38.1385 ], [ -75.9067, 38.13756 ], [ -75.9085, 38.13822 ], [ -75.90807, 38.14256 ], [ -75.91504, 38.14383 ], [ -75.91745, 38.14481 ], [ -75.91896, 38.1471 ], [ -75.92061, 38.1475 ], [ -75.9211, 38.14925 ], [ -75.92395, 38.14999 ], [ -75.92574, 38.15102 ], [ -75.92894, 38.14953 ], [ -75.93263, 38.14925 ], [ -75.9318, 38.14644 ], [ -75.93037, 38.14457 ], [ -75.92978, 38.14242 ], [ -75.92169, 38.13691 ], [ -75.92062, 38.13142 ], [ -75.92883, 38.12691 ], [ -75.93184, 38.12663 ], [ -75.93358, 38.12681 ], [ -75.93709, 38.12421 ], [ -75.937, 38.1212 ], [ -75.93477, 38.12018 ], [ -75.93461, 38.11727 ], [ -75.93745, 38.11625 ], [ -75.93757, 38.11366 ], [ -75.94178, 38.11191 ], [ -75.945, 38.11357 ], [ -75.94544, 38.1153 ], [ -75.94777, 38.11938 ], [ -75.94558, 38.12092 ], [ -75.94522, 38.12448 ], [ -75.94606, 38.12663 ], [ -75.94725, 38.12737 ], [ -75.95025, 38.12725 ], [ -75.9556, 38.1306 ], [ -75.9568, 38.13166 ], [ -75.9562, 38.13284 ], [ -75.95893, 38.13564 ], [ -75.95962, 38.13714 ], [ -75.95812, 38.14105 ], [ -75.95511, 38.14653 ], [ -75.95477, 38.14985 ], [ -75.95391, 38.15167 ], [ -75.95412, 38.15305 ], [ -75.95243, 38.15793 ], [ -75.95309, 38.1594 ], [ -75.95127, 38.16189 ], [ -75.94794, 38.16846 ], [ -75.94728, 38.17079 ], [ -75.95107, 38.17472 ], [ -75.95197, 38.17624 ], [ -75.95157, 38.17809 ], [ -75.94237, 38.18707 ], [ -75.93675, 38.18951 ], [ -75.92775, 38.18979 ], [ -75.92432, 38.19026 ], [ -75.91274, 38.19453 ], [ -75.90982, 38.19692 ], [ -75.90055, 38.19973 ], [ -75.8959, 38.20026 ], [ -75.88807, 38.20381 ], [ -75.8846, 38.19975 ], [ -75.87775, 38.19829 ], [ -75.8641, 38.20086 ], [ -75.85829, 38.20442 ], [ -75.85217, 38.20661 ], [ -75.84638, 38.21048 ], [ -75.84112, 38.2124 ], [ -75.8372, 38.21818 ], [ -75.83423, 38.2179 ], [ -75.83292, 38.21893 ], [ -75.82876, 38.21604 ], [ -75.82639, 38.21688 ], [ -75.82627, 38.21874 ], [ -75.82341, 38.22183 ], [ -75.82163, 38.2222 ], [ -75.81866, 38.22612 ], [ -75.81914, 38.23004 ], [ -75.82032, 38.23079 ], [ -75.82318, 38.22957 ], [ -75.82543, 38.22911 ], [ -75.82734, 38.22976 ], [ -75.83161, 38.22976 ], [ -75.83542, 38.23088 ], [ -75.83815, 38.23041 ], [ -75.84148, 38.23125 ], [ -75.84528, 38.23125 ], [ -75.84789, 38.22976 ], [ -75.8514, 38.22643 ], [ -75.85543, 38.22901 ], [ -75.86061, 38.2292 ], [ -75.86061, 38.23098 ], [ -75.86132, 38.23266 ], [ -75.85693, 38.23592 ], [ -75.85146, 38.23779 ], [ -75.84932, 38.23984 ], [ -75.83696, 38.24712 ], [ -75.8353, 38.24908 ], [ -75.829, 38.24983 ], [ -75.82634, 38.25189 ], [ -75.82341, 38.25282 ], [ -75.82258, 38.2517 ], [ -75.82116, 38.25132 ], [ -75.81747, 38.25216 ], [ -75.81391, 38.25254 ], [ -75.81212, 38.25151 ], [ -75.80987, 38.25142 ], [ -75.80821, 38.25259 ], [ -75.80321, 38.25263 ], [ -75.80131, 38.25366 ], [ -75.80072, 38.25534 ], [ -75.80226, 38.25664 ], [ -75.80476, 38.25543 ], [ -75.81094, 38.25636 ], [ -75.81391, 38.25767 ], [ -75.81605, 38.26028 ], [ -75.82187, 38.26187 ], [ -75.82472, 38.26093 ], [ -75.82674, 38.25935 ], [ -75.83423, 38.25739 ], [ -75.84564, 38.25729 ], [ -75.85158, 38.24796 ], [ -75.85633, 38.2474 ], [ -75.86382, 38.2474 ], [ -75.86727, 38.24488 ], [ -75.86962, 38.2436 ], [ -75.87273, 38.24403 ], [ -75.87309, 38.2461 ], [ -75.87143, 38.24871 ], [ -75.87, 38.25002 ], [ -75.87, 38.2517 ], [ -75.87404, 38.25459 ], [ -75.87665, 38.25478 ], [ -75.88022, 38.25235 ], [ -75.88188, 38.24992 ], [ -75.88105, 38.24787 ], [ -75.88344, 38.24444 ], [ -75.88851, 38.24142 ], [ -75.88936, 38.2395 ], [ -75.88913, 38.23658 ], [ -75.88799, 38.23547 ], [ -75.88676, 38.23181 ], [ -75.88383, 38.22901 ], [ -75.88669, 38.2294 ], [ -75.89143, 38.22756 ], [ -75.89569, 38.22856 ], [ -75.89971, 38.23284 ], [ -75.90215, 38.23626 ], [ -75.90404, 38.23994 ], [ -75.90647, 38.2418 ], [ -75.90576, 38.24304 ], [ -75.90739, 38.24588 ], [ -75.90788, 38.24747 ], [ -75.90712, 38.24888 ], [ -75.90921, 38.25584 ], [ -75.9126, 38.26004 ], [ -75.91702, 38.26325 ], [ -75.92033, 38.26438 ], [ -75.91504, 38.26644 ], [ -75.90767, 38.2726 ], [ -75.90613, 38.27717 ], [ -75.90256, 38.28333 ], [ -75.90137, 38.28603 ], [ -75.90232, 38.28855 ], [ -75.90446, 38.2893 ], [ -75.90827, 38.29228 ], [ -75.90518, 38.2948 ], [ -75.90316, 38.29788 ], [ -75.89959, 38.30105 ], [ -75.89849, 38.30353 ], [ -75.89306, 38.30916 ], [ -75.89222, 38.31177 ], [ -75.88248, 38.32911 ], [ -75.88069, 38.32863 ], [ -75.8782, 38.32734 ], [ -75.87547, 38.32762 ], [ -75.8725, 38.32902 ], [ -75.87131, 38.33126 ], [ -75.87226, 38.33256 ], [ -75.87567, 38.33272 ], [ -75.87275, 38.33885 ], [ -75.87, 38.34235 ], [ -75.86532, 38.34491 ], [ -75.8618, 38.34757 ], [ -75.85633, 38.34953 ], [ -75.85538, 38.35307 ], [ -75.85194, 38.36136 ], [ -75.84932, 38.365 ], [ -75.85027, 38.36639 ], [ -75.85312, 38.36854 ], [ -75.85645, 38.37226 ], [ -75.86287, 38.37627 ], [ -75.86394, 38.37785 ], [ -75.86536, 38.38121 ], [ -75.86905, 38.37981 ], [ -75.87119, 38.37739 ], [ -75.87107, 38.37534 ], [ -75.86941, 38.37459 ], [ -75.86929, 38.37264 ], [ -75.86869, 38.37068 ], [ -75.86655, 38.36938 ], [ -75.86441, 38.36537 ], [ -75.86323, 38.36257 ], [ -75.86358, 38.3595 ], [ -75.87261, 38.35568 ], [ -75.882, 38.35307 ], [ -75.88438, 38.35204 ], [ -75.88985, 38.35167 ], [ -75.89353, 38.3499 ], [ -75.90007, 38.34953 ], [ -75.90114, 38.34785 ], [ -75.90316, 38.34645 ], [ -75.90696, 38.34571 ], [ -75.90791, 38.34421 ], [ -75.91219, 38.34319 ], [ -75.91456, 38.33928 ], [ -75.91349, 38.33303 ], [ -75.91356, 38.32706 ], [ -75.9167, 38.32613 ], [ -75.91967, 38.32594 ], [ -75.92336, 38.3224 ], [ -75.92728, 38.32138 ], [ -75.9299, 38.31541 ], [ -75.93215, 38.31224 ], [ -75.93572, 38.3114 ], [ -75.93833, 38.30683 ], [ -75.93685, 38.30363 ], [ -75.94083, 38.29844 ], [ -75.94095, 38.29396 ], [ -75.93599, 38.28776 ], [ -75.93691, 38.28603 ], [ -75.93881, 38.28444 ], [ -75.93905, 38.27978 ], [ -75.93793, 38.27619 ], [ -75.93858, 38.27233 ], [ -75.94023, 38.27092 ], [ -75.94546, 38.26886 ], [ -75.94711, 38.26731 ], [ -75.94924, 38.26789 ], [ -75.9515, 38.26695 ], [ -75.95351, 38.26586 ], [ -75.95491, 38.264 ], [ -75.95224, 38.25899 ], [ -75.95162, 38.25614 ], [ -75.95259, 38.25505 ], [ -75.9546, 38.25458 ], [ -75.95454, 38.25289 ], [ -75.9488, 38.2488 ], [ -75.9445, 38.24914 ], [ -75.9407, 38.2469 ], [ -75.94242, 38.24403 ], [ -75.94528, 38.24186 ], [ -75.94923, 38.23751 ], [ -75.95203, 38.2379 ], [ -75.95566, 38.23672 ], [ -75.97026, 38.23381 ], [ -75.96993, 38.23516 ], [ -75.9671, 38.23746 ], [ -75.96412, 38.24108 ], [ -75.96205, 38.24873 ], [ -75.96128, 38.24928 ], [ -75.96195, 38.25139 ], [ -75.96555, 38.25394 ], [ -75.96635, 38.25499 ], [ -75.98253, 38.26446 ], [ -75.98377, 38.26582 ], [ -75.98394, 38.26898 ], [ -75.98112, 38.26859 ], [ -75.98135, 38.27045 ], [ -75.98218, 38.27204 ], [ -75.9823, 38.27362 ], [ -75.981, 38.27512 ], [ -75.9829, 38.27698 ], [ -75.98582, 38.27647 ], [ -75.99039, 38.28292 ], [ -76.00193, 38.29528 ], [ -76.00038, 38.29781 ], [ -76.00292, 38.2995 ], [ -76.006, 38.30072 ], [ -76.00713, 38.30236 ], [ -76.00737, 38.30432 ], [ -76.01629, 38.30721 ], [ -76.01736, 38.30911 ], [ -76.00865, 38.31226 ], [ -75.98135, 38.31515 ], [ -75.97601, 38.31653 ], [ -75.96531, 38.3225 ], [ -75.96353, 38.32445 ], [ -75.96273, 38.32797 ], [ -75.96151, 38.33098 ], [ -75.96195, 38.33611 ], [ -75.96198, 38.34338 ], [ -75.95818, 38.34617 ], [ -75.95735, 38.34757 ], [ -75.95901, 38.34832 ], [ -75.96329, 38.34897 ], [ -75.96662, 38.34766 ], [ -75.96694, 38.35165 ], [ -75.97388, 38.36585 ], [ -75.97589, 38.36751 ], [ -75.97979, 38.36765 ], [ -75.98825, 38.36947 ], [ -75.993, 38.36956 ], [ -75.99502, 38.37059 ], [ -75.99551, 38.37242 ], [ -75.99763, 38.37422 ], [ -76.00228, 38.37448 ], [ -76.0075, 38.37422 ], [ -76.00987, 38.37655 ], [ -76.01142, 38.37683 ], [ -76.01296, 38.37487 ], [ -76.01249, 38.3732 ], [ -76.01082, 38.37105 ], [ -76.00857, 38.37077 ], [ -76.00695, 38.37022 ], [ -76.00512, 38.36844 ], [ -76.01035, 38.36356 ], [ -76.01187, 38.36058 ], [ -76.01215, 38.35708 ], [ -76.01273, 38.35596 ], [ -76.01092, 38.35462 ], [ -76.00869, 38.35531 ], [ -76.00678, 38.35465 ], [ -76.01022, 38.35321 ], [ -76.01225, 38.35148 ], [ -76.01267, 38.34878 ], [ -76.01368, 38.34701 ], [ -76.01403, 38.34515 ], [ -76.01342, 38.34397 ], [ -76.01441, 38.34112 ], [ -76.01593, 38.33918 ], [ -76.01724, 38.33294 ], [ -76.02497, 38.33042 ], [ -76.02841, 38.32734 ], [ -76.03395, 38.32321 ], [ -76.03645, 38.32335 ], [ -76.04162, 38.32214 ], [ -76.0456, 38.31825 ], [ -76.04721, 38.31327 ], [ -76.04958, 38.30959 ], [ -76.06204, 38.30543 ], [ -76.06276, 38.30459 ], [ -76.06157, 38.30422 ], [ -76.05022, 38.3041 ], [ -76.04767, 38.30185 ], [ -76.0448, 38.30122 ], [ -76.04105, 38.29805 ], [ -76.03918, 38.29417 ], [ -76.03701, 38.29212 ], [ -76.03542, 38.2897 ], [ -76.03053, 38.28796 ], [ -76.03078, 38.28519 ], [ -76.02962, 38.28298 ], [ -76.02696, 38.28141 ], [ -76.02749, 38.28011 ], [ -76.02987, 38.27887 ], [ -76.03014, 38.27761 ], [ -76.03276, 38.27515 ], [ -76.03344, 38.27136 ], [ -76.0328, 38.26893 ], [ -76.03769, 38.25964 ], [ -76.03893, 38.25493 ], [ -76.0406, 38.25026 ], [ -76.04356, 38.2501 ], [ -76.04423, 38.24834 ], [ -76.04578, 38.24958 ], [ -76.04671, 38.25104 ], [ -76.0504, 38.2502 ], [ -76.05289, 38.25142 ], [ -76.05551, 38.25216 ], [ -76.05848, 38.2502 ], [ -76.05277, 38.24778 ], [ -76.04992, 38.246 ], [ -76.04778, 38.24404 ], [ -76.04415, 38.24367 ], [ -76.04411, 38.24168 ], [ -76.0424, 38.23882 ], [ -76.03965, 38.2349 ], [ -76.03771, 38.23382 ], [ -76.03635, 38.23216 ], [ -76.0357, 38.23056 ], [ -76.03653, 38.22476 ], [ -76.03287, 38.22174 ], [ -76.03336, 38.22018 ], [ -76.03204, 38.21668 ], [ -76.04114, 38.22211 ], [ -76.04077, 38.225 ], [ -76.04469, 38.22612 ], [ -76.04624, 38.22705 ], [ -76.04838, 38.22621 ], [ -76.04872, 38.22411 ], [ -76.04997, 38.22445 ], [ -76.05256, 38.22693 ], [ -76.05559, 38.22657 ], [ -76.05817, 38.22839 ], [ -76.05973, 38.23067 ], [ -76.06274, 38.23383 ], [ -76.06431, 38.23439 ], [ -76.0666, 38.23674 ], [ -76.06692, 38.23774 ], [ -76.06795, 38.23898 ], [ -76.06913, 38.23892 ], [ -76.06945, 38.24025 ], [ -76.07122, 38.24282 ], [ -76.07126, 38.24662 ], [ -76.0736, 38.24888 ], [ -76.0749, 38.25218 ], [ -76.07524, 38.25319 ], [ -76.07488, 38.25487 ], [ -76.07845, 38.25543 ], [ -76.08035, 38.2544 ], [ -76.08088, 38.25265 ], [ -76.08272, 38.25265 ], [ -76.0866, 38.25444 ], [ -76.08858, 38.25463 ], [ -76.09012, 38.25265 ], [ -76.0944, 38.25246 ], [ -76.09515, 38.25388 ], [ -76.09734, 38.25454 ], [ -76.09972, 38.25365 ], [ -76.09993, 38.25563 ], [ -76.10208, 38.25686 ], [ -76.10759, 38.26252 ], [ -76.10376, 38.26177 ], [ -76.10007, 38.25748 ], [ -76.09651, 38.25702 ], [ -76.09377, 38.2586 ], [ -76.09294, 38.26065 ], [ -76.09407, 38.26281 ], [ -76.08653, 38.26233 ], [ -76.08296, 38.26551 ], [ -76.08148, 38.26633 ], [ -76.07773, 38.26737 ], [ -76.07702, 38.26924 ], [ -76.07904, 38.27092 ], [ -76.08546, 38.27232 ], [ -76.08831, 38.2725 ], [ -76.08629, 38.27409 ], [ -76.08605, 38.2768 ], [ -76.08665, 38.27931 ], [ -76.09009, 38.27941 ], [ -76.09514, 38.27867 ], [ -76.09888, 38.28081 ], [ -76.09945, 38.28257 ], [ -76.09865, 38.28398 ], [ -76.09722, 38.28482 ], [ -76.09782, 38.28668 ], [ -76.09946, 38.28883 ], [ -76.09877, 38.29144 ], [ -76.10221, 38.29228 ], [ -76.10388, 38.29153 ], [ -76.10518, 38.28911 ], [ -76.10875, 38.28883 ], [ -76.11006, 38.28706 ], [ -76.1113, 38.28695 ], [ -76.11136, 38.28902 ], [ -76.11588, 38.29153 ], [ -76.11493, 38.29275 ], [ -76.11089, 38.29359 ], [ -76.10566, 38.29545 ], [ -76.10542, 38.29806 ], [ -76.10673, 38.29928 ], [ -76.10578, 38.30161 ], [ -76.10804, 38.30263 ], [ -76.10934, 38.30067 ], [ -76.10958, 38.29853 ], [ -76.11219, 38.29806 ], [ -76.11469, 38.30067 ], [ -76.11505, 38.30291 ], [ -76.11445, 38.30487 ], [ -76.11778, 38.30543 ], [ -76.11838, 38.30301 ], [ -76.11861, 38.30021 ], [ -76.12063, 38.3003 ], [ -76.12194, 38.2989 ], [ -76.12586, 38.30226 ], [ -76.12883, 38.30263 ], [ -76.13073, 38.30133 ], [ -76.12919, 38.29778 ], [ -76.12978, 38.2961 ], [ -76.13014, 38.29209 ], [ -76.13228, 38.28948 ], [ -76.13073, 38.28696 ], [ -76.12836, 38.285 ], [ -76.12705, 38.28342 ], [ -76.12354, 38.28109 ], [ -76.12463, 38.2798 ], [ -76.12788, 38.28194 ], [ -76.13299, 38.2828 ], [ -76.13852, 38.28139 ], [ -76.14109, 38.27729 ], [ -76.14722, 38.27477 ], [ -76.14822, 38.27192 ], [ -76.14919, 38.27191 ], [ -76.14987, 38.27334 ], [ -76.14856, 38.27885 ], [ -76.14975, 38.28202 ], [ -76.14988, 38.28466 ], [ -76.14333, 38.28911 ], [ -76.13941, 38.29275 ], [ -76.14, 38.29676 ], [ -76.13893, 38.29984 ], [ -76.13644, 38.29909 ], [ -76.1324, 38.30179 ], [ -76.13406, 38.30599 ], [ -76.13204, 38.30776 ], [ -76.13394, 38.30972 ], [ -76.13751, 38.30953 ], [ -76.13834, 38.31131 ], [ -76.14155, 38.31242 ], [ -76.1425, 38.31364 ], [ -76.14416, 38.31382 ], [ -76.14428, 38.31242 ], [ -76.14511, 38.31019 ], [ -76.15424, 38.31284 ], [ -76.15605, 38.31448 ], [ -76.15961, 38.31578 ], [ -76.16204, 38.31511 ], [ -76.16437, 38.31578 ], [ -76.16676, 38.31763 ], [ -76.169, 38.31998 ], [ -76.17292, 38.3224 ], [ -76.17471, 38.32464 ], [ -76.17863, 38.32473 ], [ -76.18457, 38.32352 ], [ -76.18552, 38.31998 ], [ -76.19003, 38.31914 ], [ -76.19324, 38.31643 ], [ -76.19717, 38.3169 ], [ -76.19621, 38.31914 ], [ -76.19681, 38.32184 ], [ -76.19728, 38.32389 ], [ -76.19895, 38.32473 ], [ -76.19614, 38.3271 ], [ -76.19467, 38.3265 ], [ -76.19336, 38.32511 ], [ -76.19027, 38.32436 ], [ -76.18778, 38.32492 ], [ -76.18647, 38.32669 ], [ -76.18493, 38.328 ], [ -76.18576, 38.3307 ], [ -76.1898, 38.33172 ], [ -76.1892, 38.33294 ], [ -76.18409, 38.33471 ], [ -76.18267, 38.33676 ], [ -76.17791, 38.33415 ], [ -76.17554, 38.33126 ], [ -76.17459, 38.32865 ], [ -76.17245, 38.32734 ], [ -76.16746, 38.32175 ], [ -76.16425, 38.32259 ], [ -76.16187, 38.32016 ], [ -76.16056, 38.32044 ], [ -76.15914, 38.32203 ], [ -76.15985, 38.32613 ], [ -76.15949, 38.32744 ], [ -76.16175, 38.33042 ], [ -76.16841, 38.33228 ], [ -76.17197, 38.33517 ], [ -76.17233, 38.33722 ], [ -76.17173, 38.33918 ], [ -76.17043, 38.34105 ], [ -76.1715, 38.34226 ], [ -76.17209, 38.34599 ], [ -76.17601, 38.35009 ], [ -76.17756, 38.35242 ], [ -76.18184, 38.35558 ], [ -76.18267, 38.35819 ], [ -76.18243, 38.35959 ], [ -76.18635, 38.36071 ], [ -76.18956, 38.36062 ], [ -76.19586, 38.36276 ], [ -76.19717, 38.36379 ], [ -76.19586, 38.365 ], [ -76.19574, 38.36649 ], [ -76.19907, 38.36742 ], [ -76.19895, 38.36872 ], [ -76.20465, 38.37105 ], [ -76.2062, 38.37012 ], [ -76.20643, 38.36798 ], [ -76.20881, 38.36639 ], [ -76.21713, 38.36481 ], [ -76.21868, 38.36506 ], [ -76.21773, 38.36677 ], [ -76.21856, 38.36779 ], [ -76.2188, 38.36984 ], [ -76.21844, 38.37208 ], [ -76.21642, 38.37245 ], [ -76.21464, 38.37394 ], [ -76.21547, 38.37674 ], [ -76.2138, 38.37832 ], [ -76.21392, 38.38112 ], [ -76.21487, 38.38335 ], [ -76.21475, 38.3854 ], [ -76.2138, 38.38689 ], [ -76.21559, 38.38959 ], [ -76.22093, 38.39239 ], [ -76.22379, 38.39471 ], [ -76.22533, 38.39509 ], [ -76.22818, 38.39453 ], [ -76.23104, 38.39332 ], [ -76.23211, 38.39117 ], [ -76.23234, 38.38903 ], [ -76.23127, 38.38614 ], [ -76.22913, 38.38493 ], [ -76.22711, 38.38093 ], [ -76.23056, 38.38018 ], [ -76.23199, 38.37748 ], [ -76.23282, 38.37487 ], [ -76.23163, 38.37143 ], [ -76.23127, 38.36807 ], [ -76.23151, 38.36714 ], [ -76.23365, 38.36649 ], [ -76.23389, 38.36528 ], [ -76.23092, 38.35931 ], [ -76.22902, 38.35624 ], [ -76.22913, 38.35363 ], [ -76.22723, 38.35102 ], [ -76.22723, 38.34869 ], [ -76.22509, 38.34785 ], [ -76.22046, 38.34235 ], [ -76.2119, 38.33806 ], [ -76.21214, 38.332 ], [ -76.21071, 38.32921 ], [ -76.2188, 38.32706 ], [ -76.22141, 38.32399 ], [ -76.22105, 38.32203 ], [ -76.21951, 38.32026 ], [ -76.2201, 38.31718 ], [ -76.222, 38.31364 ], [ -76.22034, 38.31019 ], [ -76.21773, 38.30776 ], [ -76.21024, 38.30375 ], [ -76.20608, 38.3003 ], [ -76.20109, 38.29163 ], [ -76.19883, 38.28986 ], [ -76.19621, 38.29107 ], [ -76.19693, 38.29312 ], [ -76.19455, 38.29433 ], [ -76.18718, 38.29471 ], [ -76.18464, 38.29376 ], [ -76.18314, 38.29275 ], [ -76.18017, 38.29209 ], [ -76.17756, 38.29265 ], [ -76.1772, 38.29396 ], [ -76.17554, 38.29583 ], [ -76.17209, 38.29722 ], [ -76.16639, 38.29265 ], [ -76.16344, 38.29258 ], [ -76.16047, 38.29098 ], [ -76.16615, 38.29043 ], [ -76.16888, 38.29153 ], [ -76.17019, 38.2934 ], [ -76.17221, 38.29368 ], [ -76.17304, 38.29247 ], [ -76.1778, 38.29051 ], [ -76.1778, 38.28883 ], [ -76.17355, 38.28523 ], [ -76.17504, 38.28337 ], [ -76.18029, 38.28239 ], [ -76.18207, 38.28034 ], [ -76.18017, 38.27696 ], [ -76.18029, 38.2739 ], [ -76.17471, 38.27027 ], [ -76.17756, 38.26998 ], [ -76.1791, 38.27092 ], [ -76.181, 38.27064 ], [ -76.17958, 38.26681 ], [ -76.17791, 38.26541 ], [ -76.17578, 38.26155 ], [ -76.16576, 38.25412 ], [ -76.16412, 38.25152 ], [ -76.16325, 38.24891 ], [ -76.15211, 38.24865 ], [ -76.1463, 38.24968 ], [ -76.13882, 38.24658 ], [ -76.13382, 38.246 ], [ -76.12977, 38.24341 ], [ -76.12662, 38.24295 ], [ -76.12572, 38.23902 ], [ -76.12997, 38.23461 ], [ -76.13287, 38.23315 ], [ -76.13551, 38.23219 ], [ -76.14056, 38.23184 ], [ -76.14391, 38.23363 ], [ -76.14623, 38.23332 ], [ -76.14979, 38.23449 ], [ -76.14987, 38.23648 ], [ -76.15452, 38.2403 ], [ -76.15674, 38.24302 ], [ -76.15866, 38.24386 ], [ -76.15937, 38.24516 ], [ -76.16246, 38.24526 ], [ -76.16401, 38.24432 ], [ -76.16549, 38.2428 ], [ -76.16699, 38.24493 ], [ -76.16698, 38.24722 ], [ -76.16983, 38.24824 ], [ -76.17173, 38.24787 ], [ -76.17532, 38.25191 ], [ -76.17562, 38.25436 ], [ -76.1786, 38.25701 ], [ -76.17922, 38.25878 ], [ -76.18254, 38.26107 ], [ -76.18574, 38.26398 ], [ -76.18774, 38.26779 ], [ -76.19053, 38.27714 ], [ -76.19366, 38.28158 ], [ -76.19476, 38.2837 ], [ -76.19784, 38.28607 ], [ -76.19974, 38.28622 ], [ -76.20092, 38.28738 ], [ -76.201, 38.28863 ], [ -76.20357, 38.29258 ], [ -76.20647, 38.29843 ], [ -76.20966, 38.30048 ], [ -76.21145, 38.30266 ], [ -76.21761, 38.30568 ], [ -76.22427, 38.30767 ], [ -76.22638, 38.30999 ], [ -76.22633, 38.31137 ], [ -76.22733, 38.31302 ], [ -76.22899, 38.31365 ], [ -76.22964, 38.31438 ], [ -76.22932, 38.31739 ], [ -76.23011, 38.31978 ], [ -76.23003, 38.32131 ], [ -76.23117, 38.3225 ], [ -76.2334, 38.32312 ], [ -76.2302, 38.32921 ], [ -76.23247, 38.33142 ], [ -76.23377, 38.33601 ], [ -76.23294, 38.34524 ], [ -76.23845, 38.34799 ], [ -76.23861, 38.35023 ], [ -76.24059, 38.35234 ], [ -76.24409, 38.3586 ], [ -76.24656, 38.3604 ], [ -76.24921, 38.36114 ], [ -76.25, 38.3623 ], [ -76.24958, 38.36298 ], [ -76.24967, 38.36421 ], [ -76.25684, 38.36717 ], [ -76.26056, 38.37075 ], [ -76.26358, 38.37276 ], [ -76.2702, 38.37459 ], [ -76.27108, 38.37962 ], [ -76.27429, 38.38214 ], [ -76.27807, 38.38239 ], [ -76.27866, 38.38335 ], [ -76.27788, 38.38503 ], [ -76.27846, 38.38643 ], [ -76.27973, 38.38714 ], [ -76.28187, 38.38923 ], [ -76.28138, 38.39131 ], [ -76.2825, 38.39231 ], [ -76.28049, 38.3956 ], [ -76.27925, 38.40324 ], [ -76.28004, 38.40774 ], [ -76.2815, 38.41121 ], [ -76.28284, 38.41578 ], [ -76.28501, 38.41701 ], [ -76.28802, 38.423 ], [ -76.29321, 38.42562 ], [ -76.29608, 38.42904 ], [ -76.29633, 38.43156 ], [ -76.29813, 38.43398 ], [ -76.30036, 38.4361 ], [ -76.30024, 38.43774 ], [ -76.30361, 38.44311 ], [ -76.30388, 38.44509 ], [ -76.3059, 38.44816 ], [ -76.30943, 38.45013 ], [ -76.31175, 38.45038 ], [ -76.31196, 38.45267 ], [ -76.31329, 38.45523 ], [ -76.31315, 38.45681 ], [ -76.31791, 38.45905 ], [ -76.32165, 38.46191 ], [ -76.32575, 38.46737 ], [ -76.32599, 38.46919 ], [ -76.32978, 38.47297 ], [ -76.33156, 38.47355 ], [ -76.33212, 38.47597 ], [ -76.33104, 38.47794 ], [ -76.33143, 38.47935 ], [ -76.33241, 38.48023 ], [ -76.33355, 38.48209 ], [ -76.33264, 38.48445 ], [ -76.33312, 38.48705 ], [ -76.32967, 38.48612 ], [ -76.3267, 38.48677 ], [ -76.32492, 38.48752 ], [ -76.32706, 38.48873 ], [ -76.3267, 38.48984 ], [ -76.32397, 38.49114 ], [ -76.32349, 38.49319 ], [ -76.3267, 38.49505 ], [ -76.32834, 38.49802 ], [ -76.32232, 38.49892 ], [ -76.32193, 38.49776 ], [ -76.31983, 38.49741 ], [ -76.31746, 38.49773 ], [ -76.31588, 38.49679 ], [ -76.31081, 38.49637 ], [ -76.29966, 38.5013 ], [ -76.29385, 38.50167 ], [ -76.29168, 38.50281 ], [ -76.28755, 38.50354 ], [ -76.28599, 38.50316 ], [ -76.28618, 38.5023 ], [ -76.28855, 38.50128 ], [ -76.2882, 38.49868 ], [ -76.28523, 38.49784 ], [ -76.28166, 38.49607 ], [ -76.2737, 38.49486 ], [ -76.26823, 38.49719 ], [ -76.26752, 38.49812 ], [ -76.26538, 38.49747 ], [ -76.26312, 38.50268 ], [ -76.25864, 38.5098 ], [ -76.25198, 38.51911 ], [ -76.2473, 38.52382 ], [ -76.24446, 38.52397 ], [ -76.23234, 38.52676 ], [ -76.22676, 38.52546 ], [ -76.22022, 38.53187 ], [ -76.22141, 38.53624 ], [ -76.22272, 38.53689 ], [ -76.22284, 38.53978 ], [ -76.23496, 38.54126 ], [ -76.2444, 38.53697 ], [ -76.24889, 38.53902 ], [ -76.25045, 38.53897 ], [ -76.25516, 38.54154 ], [ -76.2674, 38.54256 ], [ -76.27227, 38.53847 ], [ -76.27453, 38.53513 ], [ -76.27382, 38.53392 ], [ -76.27406, 38.53121 ], [ -76.27797, 38.53347 ], [ -76.27927, 38.53558 ], [ -76.27746, 38.54185 ], [ -76.27534, 38.54715 ], [ -76.27591, 38.54881 ], [ -76.27556, 38.55247 ], [ -76.27823, 38.55596 ], [ -76.27887, 38.55767 ], [ -76.2813, 38.56112 ], [ -76.28422, 38.561 ], [ -76.28374, 38.56216 ], [ -76.29004, 38.56916 ], [ -76.2963, 38.57008 ], [ -76.29923, 38.56951 ], [ -76.29977, 38.57195 ], [ -76.30169, 38.57295 ], [ -76.30501, 38.57249 ], [ -76.30329, 38.57468 ], [ -76.29971, 38.57504 ], [ -76.2946, 38.57993 ], [ -76.29257, 38.58142 ], [ -76.29185, 38.58366 ], [ -76.29014, 38.58258 ], [ -76.28848, 38.58279 ], [ -76.28986, 38.57732 ], [ -76.28095, 38.57472 ], [ -76.27738, 38.57778 ], [ -76.2756, 38.58094 ], [ -76.2699, 38.58299 ], [ -76.26621, 38.58605 ], [ -76.26586, 38.5881 ], [ -76.26693, 38.58986 ], [ -76.2718, 38.59079 ], [ -76.27213, 38.59208 ], [ -76.26863, 38.59775 ], [ -76.26669, 38.59664 ], [ -76.26538, 38.5971 ], [ -76.26312, 38.59878 ], [ -76.26384, 38.60147 ], [ -76.26229, 38.60231 ], [ -76.26407, 38.60398 ], [ -76.26978, 38.60388 ], [ -76.27148, 38.60188 ], [ -76.27323, 38.60204 ], [ -76.27489, 38.60358 ], [ -76.27554, 38.60468 ], [ -76.27513, 38.60731 ], [ -76.27886, 38.61152 ], [ -76.28034, 38.61558 ], [ -76.28083, 38.61949 ], [ -76.28249, 38.62255 ], [ -76.2861, 38.62566 ], [ -76.28456, 38.62641 ], [ -76.27984, 38.62398 ], [ -76.27893, 38.62271 ], [ -76.27643, 38.62116 ], [ -76.2761, 38.61901 ], [ -76.27322, 38.61781 ], [ -76.27183, 38.61566 ], [ -76.27429, 38.61178 ], [ -76.2699, 38.61001 ], [ -76.26752, 38.61122 ], [ -76.26514, 38.61122 ], [ -76.26416, 38.61511 ], [ -76.26088, 38.61754 ], [ -76.25944, 38.61484 ], [ -76.25706, 38.61447 ], [ -76.25409, 38.61549 ], [ -76.25136, 38.61391 ], [ -76.24993, 38.61531 ], [ -76.25088, 38.61856 ], [ -76.25278, 38.61995 ], [ -76.25454, 38.62225 ], [ -76.25296, 38.62342 ], [ -76.24972, 38.62476 ], [ -76.24927, 38.62615 ], [ -76.24625, 38.62462 ], [ -76.24003, 38.62655 ], [ -76.23847, 38.62737 ], [ -76.23543, 38.62703 ], [ -76.23457, 38.62569 ], [ -76.2348, 38.62431 ], [ -76.23781, 38.62227 ], [ -76.23604, 38.61944 ], [ -76.23816, 38.6167 ], [ -76.23722, 38.61512 ], [ -76.23626, 38.61243 ], [ -76.23508, 38.61178 ], [ -76.23104, 38.61169 ], [ -76.23199, 38.61299 ], [ -76.23119, 38.61401 ], [ -76.22047, 38.61045 ], [ -76.21539, 38.60941 ], [ -76.21243, 38.60674 ], [ -76.20621, 38.60895 ], [ -76.20306, 38.61074 ], [ -76.2026, 38.61301 ], [ -76.19814, 38.61485 ], [ -76.19685, 38.61629 ], [ -76.1919, 38.6197 ], [ -76.19009, 38.62038 ], [ -76.18649, 38.62107 ], [ -76.17661, 38.62765 ], [ -76.17017, 38.62867 ], [ -76.16855, 38.6279 ], [ -76.16472, 38.6219 ], [ -76.16437, 38.61494 ], [ -76.16544, 38.6102 ], [ -76.16674, 38.60909 ], [ -76.16686, 38.60602 ], [ -76.16864, 38.60221 ], [ -76.16591, 38.59868 ], [ -76.16375, 38.59668 ], [ -76.16128, 38.59512 ], [ -76.1526, 38.5958 ], [ -76.1469, 38.60026 ], [ -76.14621, 38.60252 ], [ -76.14131, 38.60602 ], [ -76.13891, 38.60373 ], [ -76.1387, 38.60175 ], [ -76.13299, 38.59562 ], [ -76.12943, 38.59367 ], [ -76.12051, 38.58624 ], [ -76.11778, 38.58512 ], [ -76.11433, 38.58299 ], [ -76.10162, 38.58754 ], [ -76.09009, 38.59293 ], [ -76.08831, 38.59274 ], [ -76.0889, 38.59023 ], [ -76.08653, 38.58587 ], [ -76.08201, 38.58466 ], [ -76.07785, 38.58503 ], [ -76.07845, 38.58299 ], [ -76.07785, 38.57946 ], [ -76.07488, 38.57732 ], [ -76.07262, 38.57871 ], [ -76.06965, 38.57658 ], [ -76.07096, 38.57481 ], [ -76.06383, 38.5724 ], [ -76.06193, 38.57109 ], [ -76.06157, 38.56979 ], [ -76.05682, 38.56803 ], [ -76.05373, 38.56747 ], [ -76.04719, 38.56282 ], [ -76.04315, 38.56208 ], [ -76.03768, 38.5632 ], [ -76.02651, 38.56682 ], [ -76.03162, 38.58131 ], [ -76.03471, 38.58391 ], [ -76.03923, 38.58494 ], [ -76.04422, 38.5894 ], [ -76.04766, 38.59181 ], [ -76.05289, 38.59413 ], [ -76.05218, 38.59794 ], [ -76.05396, 38.59961 ], [ -76.05277, 38.6024 ], [ -76.05337, 38.60379 ], [ -76.058, 38.60676 ], [ -76.06383, 38.60806 ], [ -76.07298, 38.61289 ], [ -76.08035, 38.61466 ], [ -76.08367, 38.61661 ], [ -76.08403, 38.61781 ], [ -76.08225, 38.61874 ], [ -76.08213, 38.62097 ], [ -76.08308, 38.62348 ], [ -76.08855, 38.62589 ], [ -76.09247, 38.62515 ], [ -76.0996, 38.62487 ], [ -76.10625, 38.62301 ], [ -76.10922, 38.62013 ], [ -76.10982, 38.61707 ], [ -76.10933, 38.61428 ], [ -76.11077, 38.61271 ], [ -76.11255, 38.61401 ], [ -76.11315, 38.61531 ], [ -76.1135, 38.61911 ], [ -76.11338, 38.62134 ], [ -76.11529, 38.62338 ], [ -76.12349, 38.62896 ], [ -76.12764, 38.63527 ], [ -76.13097, 38.63787 ], [ -76.13466, 38.63889 ], [ -76.13965, 38.63852 ], [ -76.14274, 38.63759 ], [ -76.1444, 38.63777 ], [ -76.14716, 38.63684 ], [ -76.15156, 38.64614 ], [ -76.15237, 38.64993 ], [ -76.15561, 38.65808 ], [ -76.15961, 38.66237 ], [ -76.16257, 38.66208 ], [ -76.16473, 38.6656 ], [ -76.16669, 38.66774 ], [ -76.16868, 38.66811 ], [ -76.17314, 38.67097 ], [ -76.17732, 38.67601 ], [ -76.17661, 38.67833 ], [ -76.17447, 38.67861 ], [ -76.1728, 38.68009 ], [ -76.17257, 38.68176 ], [ -76.17387, 38.68185 ], [ -76.17364, 38.6864 ], [ -76.17304, 38.68742 ], [ -76.1772, 38.69299 ], [ -76.18457, 38.69503 ], [ -76.18535, 38.69398 ], [ -76.18706, 38.69354 ], [ -76.1896, 38.68833 ], [ -76.19265, 38.68491 ], [ -76.19348, 38.68315 ], [ -76.19538, 38.68232 ], [ -76.19859, 38.67675 ], [ -76.19954, 38.6735 ], [ -76.20026, 38.67295 ], [ -76.19772, 38.67108 ], [ -76.20033, 38.67077 ], [ -76.20415, 38.6755 ], [ -76.20595, 38.6762 ], [ -76.20958, 38.6797 ], [ -76.21003, 38.68116 ], [ -76.21281, 38.68189 ], [ -76.21242, 38.68405 ], [ -76.21395, 38.68676 ], [ -76.21564, 38.68722 ], [ -76.21501, 38.6897 ], [ -76.21343, 38.69237 ], [ -76.21964, 38.69721 ], [ -76.22693, 38.69809 ], [ -76.23188, 38.70377 ], [ -76.23873, 38.71285 ], [ -76.23935, 38.7173 ], [ -76.23907, 38.71944 ], [ -76.23674, 38.72404 ], [ -76.23163, 38.72377 ], [ -76.22949, 38.72618 ], [ -76.22925, 38.72795 ], [ -76.23104, 38.72906 ], [ -76.23181, 38.73155 ], [ -76.2346, 38.73193 ], [ -76.23698, 38.73323 ], [ -76.23869, 38.73543 ], [ -76.23816, 38.73694 ], [ -76.23211, 38.73712 ], [ -76.22925, 38.73916 ], [ -76.22248, 38.73629 ], [ -76.21868, 38.73082 ], [ -76.21535, 38.7285 ], [ -76.2125, 38.73101 ], [ -76.20893, 38.73323 ], [ -76.20548, 38.73916 ], [ -76.21345, 38.74278 ], [ -76.22462, 38.75131 ], [ -76.22355, 38.75557 ], [ -76.2226, 38.75761 ], [ -76.22462, 38.76039 ], [ -76.2283, 38.7615 ], [ -76.23353, 38.76178 ], [ -76.23614, 38.76344 ], [ -76.24256, 38.75983 ], [ -76.24232, 38.75344 ], [ -76.24434, 38.74954 ], [ -76.24708, 38.74908 ], [ -76.25183, 38.74982 ], [ -76.2548, 38.74917 ], [ -76.2573, 38.74259 ], [ -76.2548, 38.73953 ], [ -76.25509, 38.73648 ], [ -76.26409, 38.72981 ], [ -76.26728, 38.72823 ], [ -76.26818, 38.72605 ], [ -76.27028, 38.72438 ], [ -76.2716, 38.71322 ], [ -76.27129, 38.71064 ], [ -76.27187, 38.71024 ], [ -76.27266, 38.71035 ], [ -76.27714, 38.71374 ], [ -76.28235, 38.7162 ], [ -76.28202, 38.71812 ], [ -76.28416, 38.72071 ], [ -76.2857, 38.7209 ], [ -76.28653, 38.71997 ], [ -76.28879, 38.71979 ], [ -76.28867, 38.72201 ], [ -76.29224, 38.72275 ], [ -76.29366, 38.72081 ], [ -76.29377, 38.71735 ], [ -76.29547, 38.71853 ], [ -76.29917, 38.71929 ], [ -76.29596, 38.72416 ], [ -76.2965, 38.7258 ], [ -76.29939, 38.72689 ], [ -76.29901, 38.72782 ], [ -76.2955, 38.73002 ], [ -76.29473, 38.73101 ], [ -76.29438, 38.73342 ], [ -76.2945, 38.73573 ], [ -76.29663, 38.73694 ], [ -76.29663, 38.73898 ], [ -76.29568, 38.74102 ], [ -76.29723, 38.74445 ], [ -76.29663, 38.74593 ], [ -76.29865, 38.74973 ], [ -76.30317, 38.75019 ], [ -76.31339, 38.74908 ], [ -76.31387, 38.74741 ], [ -76.3128, 38.74584 ], [ -76.31993, 38.74306 ], [ -76.3204, 38.74204 ], [ -76.32266, 38.74157 ], [ -76.32492, 38.74009 ], [ -76.32361, 38.73833 ], [ -76.32112, 38.73777 ], [ -76.31803, 38.73861 ], [ -76.3147, 38.73759 ], [ -76.31303, 38.73342 ], [ -76.31276, 38.73071 ], [ -76.31615, 38.72959 ], [ -76.31933, 38.72915 ], [ -76.32005, 38.72637 ], [ -76.32294, 38.72243 ], [ -76.3245, 38.71846 ], [ -76.32713, 38.71704 ], [ -76.32895, 38.71497 ], [ -76.33148, 38.71327 ], [ -76.33218, 38.71048 ], [ -76.32963, 38.70924 ], [ -76.3298, 38.70816 ], [ -76.33287, 38.70803 ], [ -76.33402, 38.70313 ], [ -76.3274, 38.69391 ], [ -76.3267, 38.69146 ], [ -76.32386, 38.69175 ], [ -76.32187, 38.68951 ], [ -76.32367, 38.68378 ], [ -76.32316, 38.67967 ], [ -76.32594, 38.67802 ], [ -76.33336, 38.6787 ], [ -76.33823, 38.67759 ], [ -76.34013, 38.67601 ], [ -76.33942, 38.67378 ], [ -76.33797, 38.67231 ], [ -76.33971, 38.67064 ], [ -76.34423, 38.67878 ], [ -76.34372, 38.68169 ], [ -76.34531, 38.68801 ], [ -76.34642, 38.68896 ], [ -76.34565, 38.69054 ], [ -76.34647, 38.69205 ], [ -76.3438, 38.69548 ], [ -76.34297, 38.69846 ], [ -76.34346, 38.70155 ], [ -76.34503, 38.70384 ], [ -76.34253, 38.71406 ], [ -76.34129, 38.71442 ], [ -76.34, 38.72056 ], [ -76.3385, 38.72229 ], [ -76.3389, 38.72772 ], [ -76.34054, 38.73034 ], [ -76.34072, 38.73665 ], [ -76.33912, 38.73824 ], [ -76.34023, 38.74386 ], [ -76.34253, 38.74902 ], [ -76.34245, 38.7509 ], [ -76.3413, 38.7519 ], [ -76.33958, 38.75567 ], [ -76.33766, 38.75778 ], [ -76.33726, 38.76073 ], [ -76.33003, 38.76344 ], [ -76.32872, 38.76641 ], [ -76.32944, 38.76882 ], [ -76.33462, 38.77291 ], [ -76.3302, 38.77691 ], [ -76.32933, 38.77548 ], [ -76.32727, 38.77419 ], [ -76.32435, 38.7751 ], [ -76.32296, 38.77835 ], [ -76.32377, 38.77929 ], [ -76.31884, 38.78776 ], [ -76.31327, 38.79276 ], [ -76.31008, 38.79685 ], [ -76.30892, 38.81335 ], [ -76.30326, 38.8209 ], [ -76.30223, 38.82516 ], [ -76.2978, 38.82831 ], [ -76.29448, 38.82727 ], [ -76.29235, 38.82775 ], [ -76.28845, 38.82735 ], [ -76.28463, 38.82939 ], [ -76.28142, 38.8317 ], [ -76.27741, 38.83142 ], [ -76.27815, 38.83549 ], [ -76.27976, 38.83624 ], [ -76.28155, 38.83796 ], [ -76.27986, 38.83943 ], [ -76.27943, 38.84115 ], [ -76.27763, 38.84308 ], [ -76.27479, 38.84448 ], [ -76.26912, 38.8498 ], [ -76.26651, 38.85285 ], [ -76.25637, 38.8604 ], [ -76.25502, 38.86227 ], [ -76.25277, 38.86269 ], [ -76.25117, 38.85954 ], [ -76.25132, 38.85761 ], [ -76.25357, 38.85644 ], [ -76.25583, 38.85694 ], [ -76.26261, 38.85199 ], [ -76.26422, 38.85157 ], [ -76.26581, 38.84751 ], [ -76.26507, 38.84535 ], [ -76.25948, 38.84312 ], [ -76.25697, 38.83963 ], [ -76.25643, 38.83619 ], [ -76.2552, 38.83286 ], [ -76.25011, 38.83016 ], [ -76.24943, 38.82894 ], [ -76.25036, 38.82544 ], [ -76.24924, 38.82389 ], [ -76.24589, 38.82223 ], [ -76.24494, 38.81921 ], [ -76.24209, 38.81735 ], [ -76.23938, 38.8201 ], [ -76.23381, 38.82042 ], [ -76.23345, 38.82111 ], [ -76.22937, 38.82137 ], [ -76.2259, 38.81913 ], [ -76.22513, 38.81686 ], [ -76.21933, 38.81237 ], [ -76.21155, 38.8055 ], [ -76.21214, 38.80365 ], [ -76.21559, 38.80115 ], [ -76.21784, 38.80013 ], [ -76.21713, 38.79689 ], [ -76.21452, 38.79485 ], [ -76.21796, 38.78985 ], [ -76.21642, 38.7867 ], [ -76.20727, 38.78077 ], [ -76.20572, 38.77836 ], [ -76.20228, 38.77623 ], [ -76.19871, 38.77558 ], [ -76.1955, 38.77317 ], [ -76.19645, 38.76947 ], [ -76.19384, 38.76984 ], [ -76.1873, 38.76761 ], [ -76.18326, 38.76187 ], [ -76.18398, 38.75853 ], [ -76.18195, 38.7565 ], [ -76.17851, 38.75575 ], [ -76.17518, 38.75436 ], [ -76.17055, 38.75371 ], [ -76.16567, 38.75863 ], [ -76.16562, 38.76185 ], [ -76.16258, 38.76687 ], [ -76.15937, 38.76761 ], [ -76.15652, 38.76891 ], [ -76.15627, 38.77119 ], [ -76.15533, 38.77234 ], [ -76.16021, 38.77503 ], [ -76.1652, 38.77429 ], [ -76.1709, 38.77058 ], [ -76.17304, 38.7703 ], [ -76.17387, 38.77104 ], [ -76.17542, 38.77354 ], [ -76.17934, 38.77577 ], [ -76.18017, 38.77697 ], [ -76.17875, 38.78049 ], [ -76.18207, 38.78485 ], [ -76.18635, 38.78605 ], [ -76.18754, 38.7879 ], [ -76.18742, 38.7904 ], [ -76.18813, 38.79207 ], [ -76.1917, 38.79291 ], [ -76.19217, 38.79596 ], [ -76.1974, 38.79837 ], [ -76.20026, 38.803 ], [ -76.19823, 38.80828 ], [ -76.1993, 38.81208 ], [ -76.19814, 38.81444 ], [ -76.19343, 38.82179 ], [ -76.19298, 38.82516 ], [ -76.19109, 38.82966 ], [ -76.1954, 38.83549 ], [ -76.1977, 38.84371 ], [ -76.20608, 38.853 ], [ -76.20633, 38.85558 ], [ -76.2026, 38.86262 ], [ -76.20008, 38.88289 ], [ -76.19823, 38.88714 ], [ -76.19764, 38.89287 ], [ -76.19681, 38.89509 ], [ -76.19859, 38.89639 ], [ -76.20132, 38.8962 ], [ -76.20334, 38.89444 ], [ -76.20374, 38.89585 ], [ -76.20353, 38.89892 ], [ -76.20523, 38.9088 ], [ -76.20399, 38.92404 ], [ -76.20249, 38.92513 ], [ -76.20364, 38.92838 ], [ -76.20505, 38.93086 ], [ -76.20853, 38.93132 ], [ -76.21048, 38.93273 ], [ -76.213, 38.93356 ], [ -76.21384, 38.93737 ], [ -76.21226, 38.93901 ], [ -76.20941, 38.93883 ], [ -76.20834, 38.94132 ], [ -76.20857, 38.944 ], [ -76.21, 38.94631 ], [ -76.21119, 38.94576 ], [ -76.21131, 38.94391 ], [ -76.21297, 38.94317 ], [ -76.21428, 38.94474 ], [ -76.21868, 38.94668 ], [ -76.22105, 38.94752 ], [ -76.2245, 38.94724 ], [ -76.22616, 38.94465 ], [ -76.22751, 38.94159 ], [ -76.23204, 38.94252 ], [ -76.23484, 38.94252 ], [ -76.23733, 38.94936 ], [ -76.23626, 38.95186 ], [ -76.2365, 38.95417 ], [ -76.23828, 38.95787 ], [ -76.24351, 38.96563 ], [ -76.24862, 38.96674 ], [ -76.25338, 38.96489 ], [ -76.25207, 38.96091 ], [ -76.25188, 38.95871 ], [ -76.2535, 38.95611 ], [ -76.25207, 38.95399 ], [ -76.25231, 38.94973 ], [ -76.25176, 38.94691 ], [ -76.25361, 38.94493 ], [ -76.25112, 38.94317 ], [ -76.25112, 38.94021 ], [ -76.25433, 38.93864 ], [ -76.25884, 38.93485 ], [ -76.26086, 38.93273 ], [ -76.2592, 38.92995 ], [ -76.25611, 38.92709 ], [ -76.25243, 38.92625 ], [ -76.25087, 38.92825 ], [ -76.24802, 38.92379 ], [ -76.24967, 38.92091 ], [ -76.25136, 38.92135 ], [ -76.25278, 38.92108 ], [ -76.25388, 38.91961 ], [ -76.2564, 38.91883 ], [ -76.26223, 38.91998 ], [ -76.26235, 38.92219 ], [ -76.26468, 38.92458 ], [ -76.26573, 38.92803 ], [ -76.26494, 38.9303 ], [ -76.26834, 38.93345 ], [ -76.26954, 38.93809 ], [ -76.27168, 38.93993 ], [ -76.27073, 38.94206 ], [ -76.27308, 38.94193 ], [ -76.27673, 38.93981 ], [ -76.28102, 38.93647 ], [ -76.28815, 38.93317 ], [ -76.2887, 38.93059 ], [ -76.29187, 38.93001 ], [ -76.29591, 38.92866 ], [ -76.29593, 38.92461 ], [ -76.29931, 38.9209 ], [ -76.29943, 38.91854 ], [ -76.29387, 38.91012 ], [ -76.2961, 38.90818 ], [ -76.29445, 38.90686 ], [ -76.2935, 38.90565 ], [ -76.29331, 38.90324 ], [ -76.29961, 38.90268 ], [ -76.29949, 38.90684 ], [ -76.30198, 38.9147 ], [ -76.30281, 38.922 ], [ -76.30507, 38.92431 ], [ -76.30899, 38.92468 ], [ -76.3166, 38.92302 ], [ -76.31755, 38.91775 ], [ -76.31577, 38.91525 ], [ -76.31731, 38.91442 ], [ -76.31802, 38.91129 ], [ -76.3241, 38.91117 ], [ -76.32409, 38.91359 ], [ -76.32468, 38.91544 ], [ -76.32718, 38.91812 ], [ -76.32979, 38.91849 ], [ -76.33395, 38.91812 ], [ -76.33775, 38.91497 ], [ -76.34025, 38.91183 ], [ -76.33823, 38.90748 ], [ -76.33459, 38.90663 ], [ -76.3361, 38.90598 ], [ -76.33725, 38.90006 ], [ -76.33618, 38.89669 ], [ -76.3385, 38.89247 ], [ -76.33536, 38.88602 ], [ -76.33364, 38.88055 ], [ -76.33393, 38.87702 ], [ -76.33103, 38.86432 ], [ -76.33402, 38.86024 ], [ -76.34059, 38.85574 ], [ -76.3462, 38.85643 ], [ -76.35039, 38.8574 ], [ -76.35649, 38.8539 ], [ -76.36114, 38.85199 ], [ -76.36348, 38.84998 ], [ -76.3639, 38.84727 ], [ -76.36567, 38.84425 ], [ -76.36528, 38.84179 ], [ -76.3665, 38.83877 ], [ -76.3682, 38.83613 ], [ -76.37269, 38.83754 ], [ -76.37509, 38.83947 ], [ -76.37541, 38.84264 ], [ -76.37461, 38.84515 ], [ -76.37486, 38.84759 ], [ -76.37599, 38.84835 ], [ -76.3762, 38.85046 ], [ -76.37468, 38.85532 ], [ -76.37151, 38.8591 ], [ -76.36916, 38.86295 ], [ -76.36816, 38.86678 ], [ -76.36468, 38.87383 ], [ -76.36387, 38.8841 ], [ -76.36522, 38.89241 ], [ -76.36566, 38.90748 ], [ -76.36231, 38.92929 ], [ -76.36173, 38.93917 ], [ -76.35383, 38.95723 ], [ -76.347, 38.96715 ], [ -76.34085, 38.97458 ], [ -76.33599, 38.97548 ], [ -76.33453, 38.97764 ], [ -76.33507, 38.98009 ], [ -76.3346, 38.98239 ], [ -76.33299, 38.9868 ], [ -76.32453, 38.99569 ], [ -76.32268, 38.9996 ], [ -76.32135, 39.00341 ], [ -76.32159, 39.00655 ], [ -76.32356, 39.00896 ], [ -76.32027, 39.02301 ], [ -76.31177, 39.03526 ], [ -76.30531, 39.03887 ], [ -76.30257, 39.03944 ], [ -76.30161, 39.03818 ], [ -76.30185, 39.03521 ], [ -76.30285, 39.03211 ], [ -76.30532, 39.03192 ], [ -76.30595, 39.02877 ], [ -76.30528, 39.02634 ], [ -76.30358, 39.02587 ], [ -76.30157, 39.02244 ], [ -76.29793, 39.01919 ], [ -76.29735, 39.01357 ], [ -76.29487, 39.00715 ], [ -76.29396, 39.00395 ], [ -76.28923, 38.99807 ], [ -76.28899, 38.99669 ], [ -76.28107, 38.9888 ], [ -76.28132, 38.9875 ], [ -76.27748, 38.98249 ], [ -76.27096, 38.98342 ], [ -76.25991, 38.98376 ], [ -76.26015, 38.98207 ], [ -76.26253, 38.98041 ], [ -76.26181, 38.97801 ], [ -76.25659, 38.97542 ], [ -76.25278, 38.97579 ], [ -76.25124, 38.97681 ], [ -76.25278, 38.9805 ], [ -76.24993, 38.98096 ], [ -76.24409, 38.98069 ], [ -76.24232, 38.97588 ], [ -76.23864, 38.97348 ], [ -76.23092, 38.97394 ], [ -76.23211, 38.97912 ], [ -76.22943, 38.9799 ], [ -76.22618, 38.97457 ], [ -76.21893, 38.97054 ], [ -76.20812, 38.97348 ], [ -76.20236, 38.97308 ], [ -76.19143, 38.97963 ], [ -76.18954, 38.98187 ], [ -76.18098, 38.98774 ], [ -76.17887, 38.99029 ], [ -76.17201, 38.99531 ], [ -76.16399, 38.99954 ], [ -76.16287, 39.00611 ], [ -76.16362, 39.01006 ], [ -76.16757, 39.01827 ], [ -76.16777, 39.02021 ], [ -76.16923, 39.02144 ], [ -76.17043, 39.02372 ], [ -76.17438, 39.02595 ], [ -76.17544, 39.02874 ], [ -76.17828, 39.03166 ], [ -76.17541, 39.03917 ], [ -76.17549, 39.04226 ], [ -76.17714, 39.04417 ], [ -76.17993, 39.04464 ], [ -76.18421, 39.04626 ], [ -76.18056, 39.05064 ], [ -76.17987, 39.05341 ], [ -76.17528, 39.0588 ], [ -76.16906, 39.06279 ], [ -76.16634, 39.06283 ], [ -76.15896, 39.06549 ], [ -76.15415, 39.0743 ], [ -76.15023, 39.07882 ], [ -76.14062, 39.07965 ], [ -76.139, 39.08247 ], [ -76.14491, 39.09013 ], [ -76.14479, 39.09304 ], [ -76.13626, 39.09835 ], [ -76.13434, 39.10433 ], [ -76.14122, 39.10747 ], [ -76.14483, 39.10561 ], [ -76.15126, 39.1081 ], [ -76.16251, 39.10381 ], [ -76.16402, 39.09992 ], [ -76.16484, 39.09598 ], [ -76.1682, 39.09492 ], [ -76.1696, 39.09635 ], [ -76.17002, 39.10068 ], [ -76.16578, 39.10942 ], [ -76.16902, 39.11176 ], [ -76.17383, 39.11068 ], [ -76.17772, 39.11048 ], [ -76.18135, 39.11158 ], [ -76.18428, 39.10959 ], [ -76.18372, 39.1059 ], [ -76.18439, 39.09642 ], [ -76.19308, 39.09057 ], [ -76.19552, 39.09029 ], [ -76.20182, 39.0967 ], [ -76.20776, 39.09633 ], [ -76.20783, 39.092 ], [ -76.20338, 39.08563 ], [ -76.20501, 39.08304 ], [ -76.20462, 39.07702 ], [ -76.20529, 39.07496 ], [ -76.20743, 39.07239 ], [ -76.21174, 39.06973 ], [ -76.21219, 39.06562 ], [ -76.21089, 39.06466 ], [ -76.20935, 39.05912 ], [ -76.20931, 39.05779 ], [ -76.21029, 39.05561 ], [ -76.21321, 39.05506 ], [ -76.21528, 39.0532 ], [ -76.21436, 39.05109 ], [ -76.2128, 39.05003 ], [ -76.21016, 39.04574 ], [ -76.21185, 39.04456 ], [ -76.21145, 39.04272 ], [ -76.21262, 39.04116 ], [ -76.21117, 39.03973 ], [ -76.21103, 39.0373 ], [ -76.20956, 39.0365 ], [ -76.20725, 39.03299 ], [ -76.20888, 39.02968 ], [ -76.20958, 39.02709 ], [ -76.2085, 39.02482 ], [ -76.20427, 39.01937 ], [ -76.20236, 39.01591 ], [ -76.20149, 39.01351 ], [ -76.20499, 39.01297 ], [ -76.20647, 39.0131 ], [ -76.20984, 39.00877 ], [ -76.21154, 39.00863 ], [ -76.21596, 39.00997 ], [ -76.21563, 39.01089 ], [ -76.2173, 39.0134 ], [ -76.22034, 39.01466 ], [ -76.22213, 39.01458 ], [ -76.22377, 39.01515 ], [ -76.22519, 39.01702 ], [ -76.22802, 39.01855 ], [ -76.22937, 39.01762 ], [ -76.23176, 39.01852 ], [ -76.23444, 39.0216 ], [ -76.23509, 39.02346 ], [ -76.23665, 39.02477 ], [ -76.24027, 39.02662 ], [ -76.24269, 39.02893 ], [ -76.24088, 39.0349 ], [ -76.2409, 39.0398 ], [ -76.23707, 39.04552 ], [ -76.23432, 39.04604 ], [ -76.2325, 39.04511 ], [ -76.2304, 39.04554 ], [ -76.23037, 39.04731 ], [ -76.22667, 39.0487 ], [ -76.22503, 39.05023 ], [ -76.22614, 39.05248 ], [ -76.22789, 39.05364 ], [ -76.23032, 39.05828 ], [ -76.23112, 39.06102 ], [ -76.23175, 39.08283 ], [ -76.23346, 39.09139 ], [ -76.236, 39.09987 ], [ -76.23771, 39.10144 ], [ -76.23875, 39.1039 ], [ -76.24281, 39.10892 ], [ -76.24658, 39.116 ], [ -76.24729, 39.11871 ], [ -76.24442, 39.12201 ], [ -76.24542, 39.12543 ], [ -76.24397, 39.12752 ], [ -76.24486, 39.13064 ], [ -76.2491, 39.13157 ], [ -76.25704, 39.13573 ], [ -76.25869, 39.13831 ], [ -76.26229, 39.14047 ], [ -76.26538, 39.14399 ], [ -76.26913, 39.14449 ], [ -76.27608, 39.14623 ], [ -76.27737, 39.15165 ], [ -76.27464, 39.16549 ], [ -76.2666, 39.18052 ], [ -76.25583, 39.19159 ], [ -76.25103, 39.19921 ], [ -76.24136, 39.22107 ], [ -76.23788, 39.2264 ], [ -76.23205, 39.23334 ], [ -76.22912, 39.23835 ], [ -76.2267, 39.24431 ], [ -76.22563, 39.2497 ], [ -76.22248, 39.25775 ], [ -76.21934, 39.262 ], [ -76.21387, 39.26811 ], [ -76.21125, 39.26981 ], [ -76.20739, 39.26861 ], [ -76.20422, 39.26864 ], [ -76.20169, 39.27184 ], [ -76.20251, 39.27643 ], [ -76.20009, 39.28003 ], [ -76.19825, 39.2807 ], [ -76.19492, 39.28019 ], [ -76.19348, 39.28121 ], [ -76.19018, 39.28134 ], [ -76.18567, 39.28537 ], [ -76.18313, 39.291 ], [ -76.1815, 39.2918 ], [ -76.17886, 39.29151 ], [ -76.1753, 39.29004 ], [ -76.17269, 39.2882 ], [ -76.16888, 39.29031 ], [ -76.16829, 39.29464 ], [ -76.1701, 39.29542 ], [ -76.1715, 39.29666 ], [ -76.17269, 39.29832 ], [ -76.17506, 39.29924 ], [ -76.1777, 39.2987 ], [ -76.17909, 39.30007 ], [ -76.17663, 39.304 ], [ -76.17678, 39.30645 ], [ -76.17909, 39.3101 ], [ -76.18326, 39.31097 ], [ -76.18602, 39.31246 ], [ -76.1867, 39.31445 ], [ -76.18558, 39.31933 ], [ -76.18278, 39.32107 ], [ -76.17814, 39.32302 ], [ -76.17563, 39.32353 ], [ -76.17255, 39.32718 ], [ -76.17206, 39.32898 ], [ -76.17042, 39.33209 ], [ -76.15967, 39.33591 ], [ -76.15327, 39.33552 ], [ -76.15099, 39.33498 ], [ -76.14552, 39.3344 ], [ -76.14428, 39.33178 ], [ -76.14321, 39.32829 ], [ -76.1419, 39.32746 ], [ -76.14072, 39.32774 ], [ -76.13989, 39.32921 ], [ -76.13929, 39.33142 ], [ -76.1362, 39.33279 ], [ -76.13347, 39.33289 ], [ -76.13287, 39.33546 ], [ -76.13276, 39.33767 ], [ -76.13322, 39.34049 ], [ -76.13697, 39.34441 ], [ -76.13664, 39.34824 ], [ -76.13495, 39.35107 ], [ -76.13232, 39.35274 ], [ -76.12135, 39.35765 ], [ -76.11636, 39.36093 ], [ -76.11431, 39.36428 ], [ -76.11209, 39.37038 ], [ -76.11053, 39.37226 ], [ -76.09987, 39.37182 ], [ -76.08585, 39.37037 ], [ -76.07984, 39.37066 ], [ -76.07341, 39.37152 ], [ -76.06231, 39.37199 ], [ -76.04985, 39.37064 ], [ -76.03292, 39.36741 ], [ -76.02813, 39.36502 ], [ -76.02299, 39.3619 ], [ -76.01154, 39.36661 ], [ -76.00876, 39.36577 ], [ -76.00241, 39.3675 ], [ -75.99775, 39.37047 ], [ -75.99324, 39.37203 ], [ -75.98611, 39.37947 ], [ -75.98872, 39.38159 ], [ -75.99074, 39.38186 ], [ -75.99395, 39.38343 ], [ -75.99514, 39.38471 ], [ -75.99799, 39.38554 ], [ -76.00252, 39.38502 ], [ -76.00522, 39.38512 ], [ -76.00892, 39.38591 ], [ -76.01277, 39.38564 ], [ -76.02017, 39.38588 ], [ -76.02663, 39.3854 ], [ -76.03082, 39.38546 ], [ -76.03803, 39.38673 ], [ -76.03993, 39.38808 ], [ -76.04131, 39.39064 ], [ -76.04096, 39.39424 ], [ -76.0376, 39.39945 ], [ -76.035, 39.40199 ], [ -76.03306, 39.40314 ], [ -76.02211, 39.40712 ], [ -76.01653, 39.40846 ], [ -76.00688, 39.41453 ], [ -76.00347, 39.41902 ], [ -76.00251, 39.42351 ], [ -75.9974, 39.43031 ], [ -75.99098, 39.43337 ], [ -75.98706, 39.43374 ], [ -75.98259, 39.43529 ], [ -75.97675, 39.44463 ], [ -75.9766, 39.44781 ], [ -75.97494, 39.44889 ], [ -75.97427, 39.45215 ], [ -75.97173, 39.45687 ], [ -75.96947, 39.45788 ], [ -75.96662, 39.46283 ], [ -75.97826, 39.47054 ], [ -75.98218, 39.47017 ], [ -75.98373, 39.47072 ], [ -75.98551, 39.4699 ], [ -75.98516, 39.46769 ], [ -75.9867, 39.46127 ], [ -75.99, 39.45865 ], [ -75.99716, 39.45687 ], [ -75.99752, 39.45513 ], [ -75.99597, 39.45384 ], [ -76.00251, 39.4502 ], [ -76.00517, 39.44945 ], [ -76.00945, 39.4492 ], [ -76.01098, 39.45037 ], [ -76.01231, 39.45311 ], [ -76.01155, 39.4554 ], [ -76.00959, 39.45754 ], [ -75.99939, 39.46594 ], [ -75.9979, 39.46626 ], [ -75.99489, 39.4719 ], [ -75.99399, 39.47619 ], [ -75.99579, 39.48439 ], [ -75.99534, 39.48888 ], [ -75.99483, 39.48968 ], [ -75.9903, 39.4926 ], [ -75.98812, 39.49701 ], [ -75.9863, 39.5104 ], [ -75.98429, 39.51424 ], [ -75.98149, 39.51624 ], [ -75.98027, 39.52061 ], [ -75.98091, 39.52777 ], [ -75.9805, 39.52909 ], [ -75.97886, 39.52969 ], [ -75.97606, 39.52997 ], [ -75.97482, 39.53169 ], [ -75.97322, 39.53268 ], [ -75.97137, 39.53179 ], [ -75.96959, 39.53152 ], [ -75.96626, 39.53216 ], [ -75.96341, 39.53418 ], [ -75.96234, 39.5361 ], [ -75.96305, 39.5383 ], [ -75.96471, 39.53922 ], [ -75.96695, 39.53865 ], [ -75.96924, 39.54162 ], [ -75.96904, 39.5438 ], [ -75.96655, 39.54611 ], [ -75.96734, 39.54843 ], [ -75.96722, 39.55014 ], [ -75.97001, 39.55732 ], [ -75.96896, 39.56126 ], [ -75.96809, 39.56157 ], [ -75.96543, 39.56044 ], [ -75.96337, 39.56059 ], [ -75.96188, 39.56283 ], [ -75.9575, 39.56498 ], [ -75.95703, 39.56679 ], [ -75.95613, 39.56728 ], [ -75.95597, 39.57106 ], [ -75.95475, 39.5725 ], [ -75.9543, 39.57522 ], [ -75.95285, 39.57689 ], [ -75.95161, 39.5774 ], [ -75.95069, 39.57868 ], [ -75.94946, 39.57862 ], [ -75.94776, 39.58058 ], [ -75.94825, 39.58235 ], [ -75.94964, 39.58394 ], [ -75.9487, 39.58512 ], [ -75.9488, 39.58936 ], [ -75.94742, 39.59078 ], [ -75.94466, 39.59199 ], [ -75.94492, 39.59296 ], [ -75.95426, 39.59363 ], [ -75.9577, 39.59254 ], [ -75.96483, 39.58649 ], [ -75.96388, 39.5832 ], [ -75.96527, 39.57887 ], [ -75.96828, 39.57623 ], [ -75.97303, 39.57046 ], [ -75.99263, 39.5631 ], [ -75.99754, 39.56204 ], [ -75.99967, 39.56049 ], [ -76.00474, 39.55092 ], [ -76.00634, 39.55035 ], [ -76.00695, 39.54888 ], [ -76.00637, 39.54621 ], [ -76.00244, 39.54177 ], [ -76.00435, 39.53987 ], [ -76.00666, 39.53887 ], [ -76.01208, 39.53933 ], [ -76.01291, 39.54008 ], [ -76.01536, 39.54479 ], [ -76.01769, 39.54656 ], [ -76.0285, 39.5485 ], [ -76.03034, 39.54858 ], [ -76.03103, 39.5504 ], [ -76.03626, 39.55186 ], [ -76.03685, 39.55287 ], [ -76.04553, 39.5526 ], [ -76.04647, 39.54734 ], [ -76.04708, 39.54644 ], [ -76.05016, 39.54627 ], [ -76.05388, 39.54672 ], [ -76.05602, 39.5461 ], [ -76.06381, 39.54661 ], [ -76.08356, 39.54187 ], [ -76.08521, 39.53978 ], [ -76.08858, 39.53822 ], [ -76.09239, 39.53802 ], [ -76.09607, 39.53691 ], [ -76.09774, 39.53281 ], [ -76.0982, 39.52948 ], [ -76.10094, 39.5258 ], [ -76.10484, 39.52164 ], [ -76.10564, 39.51869 ], [ -76.11107, 39.50946 ], [ -76.11123, 39.50599 ], [ -76.11322, 39.50193 ], [ -76.11725, 39.49607 ], [ -76.11992, 39.49439 ], [ -76.12099, 39.4909 ], [ -76.12313, 39.48889 ], [ -76.12812, 39.48668 ], [ -76.12598, 39.48467 ], [ -76.12491, 39.48311 ], [ -76.12242, 39.48136 ], [ -76.11873, 39.48118 ], [ -76.11647, 39.48136 ], [ -76.11576, 39.48286 ], [ -76.11457, 39.48356 ], [ -76.1154, 39.48531 ], [ -76.1154, 39.48687 ], [ -76.11206, 39.48622 ], [ -76.10466, 39.47879 ], [ -76.09831, 39.47612 ], [ -76.09792, 39.47518 ], [ -76.09456, 39.47554 ], [ -76.09283, 39.47653 ], [ -76.0816, 39.47789 ], [ -76.08136, 39.47636 ], [ -76.07959, 39.47499 ], [ -76.07596, 39.47441 ], [ -76.07345, 39.47541 ], [ -76.07197, 39.47505 ], [ -76.07081, 39.47369 ], [ -76.07, 39.47188 ], [ -76.06932, 39.46767 ], [ -76.06677, 39.46239 ], [ -76.06412, 39.45881 ], [ -76.06093, 39.45221 ], [ -76.06002, 39.44989 ], [ -76.06046, 39.44834 ], [ -76.06612, 39.44677 ], [ -76.07105, 39.44363 ], [ -76.07564, 39.44011 ], [ -76.08118, 39.43671 ], [ -76.08327, 39.43832 ], [ -76.0851, 39.44136 ], [ -76.08451, 39.44347 ], [ -76.08926, 39.44512 ], [ -76.09401, 39.44512 ], [ -76.10031, 39.4432 ], [ -76.10186, 39.44008 ], [ -76.10223, 39.43566 ], [ -76.10481, 39.43322 ], [ -76.11682, 39.42761 ], [ -76.12189, 39.42123 ], [ -76.13153, 39.41518 ], [ -76.13633, 39.41101 ], [ -76.14538, 39.40698 ], [ -76.14637, 39.40531 ], [ -76.15024, 39.40498 ], [ -76.15212, 39.40618 ], [ -76.15877, 39.40631 ], [ -76.16206, 39.4042 ], [ -76.16495, 39.39946 ], [ -76.17411, 39.38924 ], [ -76.17595, 39.38224 ], [ -76.18007, 39.37761 ], [ -76.18671, 39.38094 ], [ -76.19401, 39.37192 ], [ -76.19506, 39.36954 ], [ -76.19693, 39.36784 ], [ -76.20361, 39.36397 ], [ -76.2076, 39.36264 ], [ -76.21193, 39.36028 ], [ -76.21572, 39.3593 ], [ -76.21875, 39.35707 ], [ -76.22168, 39.35636 ], [ -76.22416, 39.35278 ], [ -76.22698, 39.34991 ], [ -76.23378, 39.35201 ], [ -76.23988, 39.36141 ], [ -76.24672, 39.3622 ], [ -76.25011, 39.36132 ], [ -76.25029, 39.36386 ], [ -76.25148, 39.36606 ], [ -76.25338, 39.36671 ], [ -76.25326, 39.36827 ], [ -76.25266, 39.37001 ], [ -76.2485, 39.36882 ], [ -76.24625, 39.37029 ], [ -76.24577, 39.37213 ], [ -76.24636, 39.37277 ], [ -76.24815, 39.37259 ], [ -76.24969, 39.37488 ], [ -76.25171, 39.37681 ], [ -76.25382, 39.37717 ], [ -76.25339, 39.37875 ], [ -76.24983, 39.37912 ], [ -76.24474, 39.3836 ], [ -76.24659, 39.38742 ], [ -76.24978, 39.38889 ], [ -76.24702, 39.39231 ], [ -76.24161, 39.404 ], [ -76.24268, 39.40749 ], [ -76.23781, 39.41052 ], [ -76.23638, 39.41355 ], [ -76.23377, 39.41575 ], [ -76.23008, 39.41814 ], [ -76.22462, 39.42567 ], [ -76.22509, 39.42759 ], [ -76.22854, 39.43016 ], [ -76.22997, 39.43016 ], [ -76.23368, 39.43346 ], [ -76.23365, 39.43503 ], [ -76.2357, 39.43629 ], [ -76.23698, 39.43806 ], [ -76.23947, 39.43861 ], [ -76.23757, 39.44118 ], [ -76.23638, 39.44549 ], [ -76.2327, 39.45164 ], [ -76.23104, 39.45641 ], [ -76.23294, 39.45944 ], [ -76.24149, 39.46127 ], [ -76.24399, 39.45788 ], [ -76.24434, 39.4554 ], [ -76.24316, 39.45412 ], [ -76.24684, 39.45329 ], [ -76.25159, 39.44962 ], [ -76.25361, 39.44255 ], [ -76.25148, 39.44072 ], [ -76.24743, 39.43503 ], [ -76.25052, 39.43108 ], [ -76.24981, 39.42741 ], [ -76.25171, 39.42181 ], [ -76.251, 39.41942 ], [ -76.25183, 39.41777 ], [ -76.25421, 39.41667 ], [ -76.2548, 39.41189 ], [ -76.26348, 39.40813 ], [ -76.26906, 39.40308 ], [ -76.26895, 39.39986 ], [ -76.2674, 39.3961 ], [ -76.26514, 39.39233 ], [ -76.26847, 39.39114 ], [ -76.26883, 39.38866 ], [ -76.27239, 39.38425 ], [ -76.27429, 39.38333 ], [ -76.2756, 39.38085 ], [ -76.2722, 39.3781 ], [ -76.27215, 39.37644 ], [ -76.27548, 39.37479 ], [ -76.27774, 39.37148 ], [ -76.27964, 39.37231 ], [ -76.28119, 39.37194 ], [ -76.28249, 39.3702 ], [ -76.28523, 39.37084 ], [ -76.28689, 39.369 ], [ -76.28356, 39.36505 ], [ -76.28, 39.36606 ], [ -76.2756, 39.36441 ], [ -76.27346, 39.36147 ], [ -76.2655, 39.35917 ], [ -76.26693, 39.35614 ], [ -76.26528, 39.35001 ], [ -76.26163, 39.34779 ], [ -76.25849, 39.34695 ], [ -76.25884, 39.34125 ], [ -76.25659, 39.33886 ], [ -76.25706, 39.33785 ], [ -76.26358, 39.33431 ], [ -76.26635, 39.33191 ], [ -76.26684, 39.32968 ], [ -76.27238, 39.32628 ], [ -76.27608, 39.32291 ], [ -76.27774, 39.32213 ], [ -76.27822, 39.31945 ], [ -76.27772, 39.31555 ], [ -76.2785, 39.31393 ], [ -76.28126, 39.31036 ], [ -76.28059, 39.3061 ], [ -76.28158, 39.30211 ], [ -76.28175, 39.29966 ], [ -76.28725, 39.29989 ], [ -76.29662, 39.30203 ], [ -76.29651, 39.3026 ], [ -76.29189, 39.30681 ], [ -76.29039, 39.30978 ], [ -76.29056, 39.31193 ], [ -76.28962, 39.31717 ], [ -76.29108, 39.31811 ], [ -76.2926, 39.32127 ], [ -76.29352, 39.32505 ], [ -76.29576, 39.32773 ], [ -76.29878, 39.32921 ], [ -76.29925, 39.33643 ], [ -76.29878, 39.34021 ], [ -76.29498, 39.34661 ], [ -76.29438, 39.34894 ], [ -76.29691, 39.35131 ], [ -76.29998, 39.3523 ], [ -76.30207, 39.35199 ], [ -76.30942, 39.35415 ], [ -76.31168, 39.35581 ], [ -76.32064, 39.3563 ], [ -76.3225, 39.35735 ], [ -76.32088, 39.35817 ], [ -76.31339, 39.35779 ], [ -76.30935, 39.35963 ], [ -76.3059, 39.36441 ], [ -76.30305, 39.37066 ], [ -76.30246, 39.37396 ], [ -76.30246, 39.37727 ], [ -76.304, 39.3815 ], [ -76.30709, 39.38545 ], [ -76.31137, 39.38848 ], [ -76.31529, 39.3893 ], [ -76.31684, 39.38884 ], [ -76.31874, 39.38884 ], [ -76.32302, 39.38995 ], [ -76.3292, 39.38765 ], [ -76.33389, 39.3889 ], [ -76.33538, 39.39041 ], [ -76.33894, 39.3905 ], [ -76.34227, 39.39197 ], [ -76.34441, 39.39169 ], [ -76.34595, 39.39408 ], [ -76.3488, 39.39445 ], [ -76.35094, 39.39261 ], [ -76.35344, 39.39518 ], [ -76.35487, 39.39527 ], [ -76.35712, 39.39408 ], [ -76.35772, 39.39059 ], [ -76.35724, 39.38793 ], [ -76.35736, 39.38563 ], [ -76.35926, 39.3814 ], [ -76.35617, 39.3803 ], [ -76.35368, 39.38039 ], [ -76.35237, 39.37755 ], [ -76.35011, 39.37516 ], [ -76.34798, 39.375 ], [ -76.34393, 39.37562 ], [ -76.34179, 39.37415 ], [ -76.33918, 39.37433 ], [ -76.33775, 39.37332 ], [ -76.33942, 39.37157 ], [ -76.34001, 39.36863 ], [ -76.33882, 39.36606 ], [ -76.33942, 39.3622 ], [ -76.34096, 39.35991 ], [ -76.3455, 39.3583 ], [ -76.33732, 39.34635 ], [ -76.33424, 39.33971 ], [ -76.33161, 39.33711 ], [ -76.33061, 39.33542 ], [ -76.33392, 39.33393 ], [ -76.33692, 39.33877 ], [ -76.33965, 39.33978 ], [ -76.345, 39.34033 ], [ -76.34714, 39.34015 ], [ -76.3494, 39.33923 ], [ -76.34935, 39.33691 ], [ -76.35435, 39.33449 ], [ -76.35541, 39.33529 ], [ -76.35361, 39.34058 ], [ -76.35271, 39.34598 ], [ -76.35326, 39.34605 ], [ -76.35486, 39.34445 ], [ -76.35672, 39.34507 ], [ -76.35897, 39.34841 ], [ -76.35806, 39.35119 ], [ -76.35641, 39.35157 ], [ -76.35963, 39.35181 ], [ -76.35883, 39.35397 ], [ -76.36203, 39.35834 ], [ -76.36228, 39.35653 ], [ -76.36421, 39.35623 ], [ -76.36105, 39.35576 ], [ -76.36101, 39.35439 ], [ -76.36006, 39.35359 ], [ -76.3617, 39.35118 ], [ -76.36341, 39.35231 ], [ -76.36753, 39.35325 ], [ -76.36688, 39.35482 ], [ -76.37064, 39.35611 ], [ -76.37315, 39.35817 ], [ -76.37709, 39.35509 ], [ -76.3833, 39.35109 ], [ -76.38748, 39.34895 ], [ -76.39419, 39.34618 ], [ -76.4093, 39.34155 ], [ -76.41659, 39.34132 ], [ -76.41652, 39.34233 ], [ -76.41888, 39.34318 ], [ -76.42377, 39.34396 ], [ -76.42813, 39.34382 ], [ -76.42679, 39.34595 ], [ -76.42987, 39.34916 ], [ -76.43567, 39.3535 ], [ -76.43268, 39.35603 ], [ -76.42514, 39.36123 ], [ -76.42283, 39.36563 ], [ -76.42239, 39.36595 ], [ -76.41359, 39.36648 ], [ -76.41154, 39.36728 ], [ -76.40617, 39.3677 ], [ -76.40791, 39.36889 ], [ -76.40974, 39.37076 ], [ -76.41654, 39.37544 ], [ -76.42281, 39.37607 ], [ -76.42346, 39.37645 ], [ -76.42578, 39.37933 ], [ -76.42812, 39.38059 ], [ -76.42902, 39.38175 ], [ -76.43799, 39.38771 ], [ -76.4389, 39.38877 ], [ -76.44577, 39.38233 ], [ -76.46237, 39.38601 ], [ -76.46253, 39.39011 ], [ -76.46365, 39.39083 ], [ -76.46221, 39.39323 ], [ -76.46663, 39.39472 ], [ -76.46559, 39.39649 ], [ -76.46425, 39.39996 ], [ -76.46331, 39.40117 ], [ -76.45567, 39.40736 ], [ -76.46385, 39.41281 ], [ -76.46867, 39.41542 ], [ -76.46962, 39.41441 ], [ -76.47045, 39.41145 ], [ -76.47796, 39.41264 ], [ -76.47648, 39.4162 ], [ -76.47302, 39.41955 ], [ -76.47445, 39.41994 ], [ -76.47601, 39.4209 ], [ -76.47844, 39.41994 ], [ -76.48713, 39.42029 ], [ -76.49334, 39.424 ], [ -76.49545, 39.42148 ], [ -76.49764, 39.42062 ], [ -76.50555, 39.42302 ], [ -76.50732, 39.42312 ], [ -76.5122, 39.42477 ], [ -76.51377, 39.42647 ], [ -76.51511, 39.42908 ], [ -76.51671, 39.43083 ], [ -76.51861, 39.4317 ], [ -76.52137, 39.43116 ], [ -76.52542, 39.42939 ], [ -76.5293, 39.42684 ], [ -76.52932, 39.42566 ], [ -76.53035, 39.42426 ], [ -76.53651, 39.42155 ], [ -76.5381, 39.42213 ], [ -76.54199, 39.4252 ], [ -76.5438, 39.42516 ], [ -76.54488, 39.4268 ], [ -76.54488, 39.43134 ], [ -76.54551, 39.43253 ], [ -76.54719, 39.43285 ], [ -76.54666, 39.43382 ], [ -76.54863, 39.43613 ], [ -76.55091, 39.43774 ], [ -76.55794, 39.43971 ], [ -76.55804, 39.44553 ], [ -76.55646, 39.44718 ], [ -76.55729, 39.44931 ], [ -76.55639, 39.45081 ], [ -76.55219, 39.45501 ], [ -76.54819, 39.46361 ], [ -76.54654, 39.46382 ], [ -76.54558, 39.46556 ], [ -76.54571, 39.46704 ], [ -76.54408, 39.47104 ], [ -76.54077, 39.47448 ], [ -76.54079, 39.47597 ], [ -76.53921, 39.47795 ], [ -76.53989, 39.4786 ], [ -76.53838, 39.48012 ], [ -76.54149, 39.48161 ], [ -76.54144, 39.48356 ], [ -76.54636, 39.48966 ], [ -76.55111, 39.48713 ], [ -76.5533, 39.48749 ], [ -76.55805, 39.49069 ], [ -76.55879, 39.49236 ], [ -76.55834, 39.49364 ], [ -76.56018, 39.49493 ], [ -76.55917, 39.49618 ], [ -76.56363, 39.49639 ], [ -76.56442, 39.49582 ], [ -76.56615, 39.49658 ], [ -76.56874, 39.4957 ], [ -76.56984, 39.49657 ], [ -76.57165, 39.50466 ], [ -76.57247, 39.5061 ], [ -76.57161, 39.50672 ], [ -76.56886, 39.50666 ], [ -76.56847, 39.50698 ], [ -76.569, 39.50943 ], [ -76.57381, 39.51243 ], [ -76.58155, 39.51096 ], [ -76.58798, 39.51095 ], [ -76.58958, 39.51239 ], [ -76.5957, 39.50966 ], [ -76.59991, 39.50919 ], [ -76.60523, 39.5071 ], [ -76.60981, 39.50719 ], [ -76.61321, 39.50591 ], [ -76.61596, 39.51102 ], [ -76.61514, 39.51579 ], [ -76.61809, 39.51869 ], [ -76.61716, 39.52152 ], [ -76.61474, 39.52454 ], [ -76.61372, 39.52774 ], [ -76.61391, 39.52924 ], [ -76.61524, 39.53217 ], [ -76.6166, 39.53392 ], [ -76.61599, 39.53478 ], [ -76.61587, 39.53716 ], [ -76.61318, 39.54126 ], [ -76.61001, 39.54833 ], [ -76.60793, 39.54976 ], [ -76.60319, 39.55161 ], [ -76.60237, 39.55363 ], [ -76.59924, 39.55599 ], [ -76.60148, 39.55741 ], [ -76.60363, 39.55769 ], [ -76.60489, 39.5592 ], [ -76.60819, 39.56126 ], [ -76.61109, 39.5656 ], [ -76.61117, 39.56755 ], [ -76.61004, 39.56801 ], [ -76.60989, 39.57086 ], [ -76.61127, 39.57204 ], [ -76.61534, 39.57278 ], [ -76.61892, 39.57188 ], [ -76.62188, 39.57249 ], [ -76.62319, 39.57337 ], [ -76.62381, 39.57554 ], [ -76.61665, 39.57675 ], [ -76.6179, 39.57877 ], [ -76.62117, 39.58184 ], [ -76.62175, 39.58328 ], [ -76.62044, 39.58447 ], [ -76.61928, 39.58426 ], [ -76.61822, 39.58295 ], [ -76.61522, 39.58272 ], [ -76.61424, 39.58214 ], [ -76.61266, 39.58253 ], [ -76.61117, 39.58419 ], [ -76.61134, 39.58548 ], [ -76.61307, 39.58723 ], [ -76.61647, 39.58841 ], [ -76.61795, 39.59073 ], [ -76.62138, 39.59301 ], [ -76.62399, 39.59684 ], [ -76.62603, 39.59873 ], [ -76.62651, 39.60107 ], [ -76.6277, 39.60235 ], [ -76.6309, 39.60435 ], [ -76.63167, 39.60611 ], [ -76.63492, 39.60909 ], [ -76.63568, 39.60889 ], [ -76.63968, 39.60578 ], [ -76.64159, 39.6061 ], [ -76.64433, 39.60826 ], [ -76.64453, 39.61047 ], [ -76.64756, 39.61444 ], [ -76.64891, 39.61754 ], [ -76.651, 39.6182 ], [ -76.65234, 39.61686 ], [ -76.65148, 39.61521 ], [ -76.6525, 39.61432 ], [ -76.65528, 39.61611 ], [ -76.65646, 39.61409 ], [ -76.65933, 39.61467 ], [ -76.65851, 39.61766 ], [ -76.65667, 39.61926 ], [ -76.65909, 39.62571 ], [ -76.65969, 39.63054 ], [ -76.66129, 39.63239 ], [ -76.66125, 39.63483 ], [ -76.66177, 39.63631 ], [ -76.66072, 39.63939 ], [ -76.66079, 39.64047 ], [ -76.65792, 39.642 ], [ -76.65841, 39.64305 ], [ -76.65792, 39.64473 ], [ -76.65565, 39.6473 ], [ -76.65815, 39.64741 ], [ -76.66177, 39.64601 ], [ -76.66149, 39.64688 ], [ -76.66278, 39.65231 ], [ -76.66248, 39.65422 ], [ -76.66375, 39.65542 ], [ -76.66315, 39.65613 ], [ -76.6648, 39.66032 ], [ -76.66693, 39.65911 ], [ -76.66665, 39.65832 ], [ -76.66869, 39.65774 ], [ -76.67142, 39.65877 ], [ -76.67358, 39.65862 ], [ -76.67544, 39.66012 ], [ -76.67387, 39.66267 ], [ -76.67178, 39.66335 ], [ -76.67091, 39.66441 ], [ -76.67399, 39.66823 ], [ -76.67377, 39.669 ], [ -76.67503, 39.67305 ], [ -76.6737, 39.67405 ], [ -76.67177, 39.67366 ], [ -76.67122, 39.67522 ], [ -76.66703, 39.67608 ], [ -76.66598, 39.68149 ], [ -76.66585, 39.68403 ], [ -76.66707, 39.68472 ], [ -76.67107, 39.68583 ], [ -76.67115, 39.68769 ], [ -76.66805, 39.68865 ], [ -76.66682, 39.69103 ], [ -76.66741, 39.69336 ], [ -76.6702, 39.69531 ], [ -76.67165, 39.6952 ], [ -76.67391, 39.6962 ], [ -76.67546, 39.69828 ], [ -76.67754, 39.6987 ], [ -76.67755, 39.70111 ], [ -76.67634, 39.70189 ], [ -76.67889, 39.70401 ], [ -76.68024, 39.70385 ], [ -76.68351, 39.70533 ], [ -76.68496, 39.70716 ], [ -76.68949, 39.71042 ], [ -76.69006, 39.71184 ], [ -76.6894, 39.71327 ], [ -76.69014, 39.71415 ], [ -76.6952, 39.71756 ], [ -76.69599, 39.71734 ], [ -76.69876, 39.71838 ], [ -76.69716, 39.71956 ] ] ] ] } },
{ "type": "Feature", "properties": { "id": "MD-02", "state": "MD", "number": "02", "metro": false, "business_count": 0, "has_data": false }, "geometry": { "type": "MultiPolygon", "coordinates": [ [ [ [ -76.3257, 39.31397 ], [ -76.32452, 39.3138 ], [ -76.32143, 39.31285 ], [ -76.32167, 39.31258 ], [ -76.32407, 39.31263 ], [ -76.32576, 39.31349 ], [ -76.3257, 39.31397 ] ] ], [ [ [ -76.38547, 39.24756 ], [ -76.37884, 39.24903 ], [ -76.35685, 39.26095 ], [ -76.35336, 39.261 ], [ -76.34383, 39.25726 ], [ -76.34797, 39.25011 ], [ -76.34999, 39.24882 ], [ -76.37148, 39.23795 ], [ -76.37543, 39.23786 ], [ -76.38116, 39.23963 ], [ -76.3847, 39.24224 ], [ -76.38547, 39.24756 ] ] ], [ [ [ -77.31116, 39.63973 ], [ -77.30717, 39.64111 ], [ -77.3026, 39.64021 ], [ -77.29998, 39.63929 ], [ -77.29843, 39.63814 ], [ -77.29833, 39.63619 ], [ -77.29754, 39.63494 ], [ -77.29548, 39.63361 ], [ -77.29481, 39.63209 ], [ -77.29359, 39.63119 ], [ -77.29146, 39.63058 ], [ -77.28384, 39.63092 ], [ -77.27997, 39.63078 ], [ -77.2772, 39.63129 ], [ -77.27585, 39.63266 ], [ -77.27922, 39.63628 ], [ -77.27726, 39.63889 ], [ -77.27608, 39.63963 ], [ -77.27203, 39.64094 ], [ -77.27127, 39.642 ], [ -77.27237, 39.64354 ], [ -77.27547, 39.64634 ], [ -77.27562, 39.64713 ], [ -77.27247, 39.65154 ], [ -77.26988, 39.65355 ], [ -77.26614, 39.65507 ], [ -77.26536, 39.65615 ], [ -77.26522, 39.65815 ], [ -77.2666, 39.66141 ], [ -77.26642, 39.66202 ], [ -77.26469, 39.66376 ], [ -77.26215, 39.66517 ], [ -77.25584, 39.66321 ], [ -77.25525, 39.66371 ], [ -77.2549, 39.66728 ], [ -77.25423, 39.66782 ], [ -77.24928, 39.66748 ], [ -77.24507, 39.66958 ], [ -77.24319, 39.66993 ], [ -77.24072, 39.6721 ], [ -77.23679, 39.67457 ], [ -77.23447, 39.6776 ], [ -77.23438, 39.67901 ], [ -77.23637, 39.68118 ], [ -77.23596, 39.68521 ], [ -77.23681, 39.68625 ], [ -77.23866, 39.68693 ], [ -77.24238, 39.69038 ], [ -77.244, 39.69087 ], [ -77.24444, 39.69228 ], [ -77.24299, 39.69501 ], [ -77.23966, 39.69567 ], [ -77.23702, 39.69472 ], [ -77.22936, 39.69432 ], [ -77.22597, 39.69384 ], [ -77.21778, 39.69634 ], [ -77.21626, 39.69741 ], [ -77.21519, 39.69922 ], [ -77.21616, 39.70135 ], [ -77.21864, 39.70296 ], [ -77.22432, 39.70453 ], [ -77.22664, 39.70664 ], [ -77.22656, 39.70847 ], [ -77.22574, 39.70985 ], [ -77.2237, 39.71073 ], [ -77.21854, 39.7114 ], [ -77.21544, 39.71301 ], [ -77.21544, 39.71467 ], [ -77.21459, 39.71686 ], [ -77.21571, 39.71924 ], [ -77.21702, 39.72 ], [ -77.0582, 39.7202 ], [ -76.9909, 39.7198 ], [ -76.9366, 39.7207 ], [ -76.8901, 39.7204 ], [ -76.69766, 39.72111 ], [ -76.69716, 39.71956 ], [ -76.69876, 39.71838 ], [ -76.69599, 39.71734 ], [ -76.6952, 39.71756 ], [ -76.69014, 39.71415 ], [ -76.6894, 39.71327 ], [ -76.69006, 39.71184 ], [ -76.68949, 39.71042 ], [ -76.68496, 39.70716 ], [ -76.68351, 39.70533 ], [ -76.68024, 39.70385 ], [ -76.67889, 39.70401 ], [ -76.67634, 39.70189 ], [ -76.67755, 39.70111 ], [ -76.67754, 39.6987 ], [ -76.67546, 39.69828 ], [ -76.67391, 39.6962 ], [ -76.67165, 39.6952 ], [ -76.6702, 39.69531 ], [ -76.66741, 39.69336 ], [ -76.66682, 39.69103 ], [ -76.66805, 39.68865 ], [ -76.67115, 39.68769 ], [ -76.67107, 39.68583 ], [ -76.66707, 39.68472 ], [ -76.66585, 39.68403 ], [ -76.66598, 39.68149 ], [ -76.66703, 39.67608 ], [ -76.67122, 39.67522 ], [ -76.67177, 39.67366 ], [ -76.6737, 39.67405 ], [ -76.67503, 39.67305 ], [ -76.67377, 39.669 ], [ -76.67399, 39.66823 ], [ -76.67091, 39.66441 ], [ -76.67178, 39.66335 ], [ -76.67387, 39.66267 ], [ -76.67544, 39.66012 ], [ -76.67358, 39.65862 ], [ -76.67142, 39.65877 ], [ -76.66869, 39.65774 ], [ -76.66665, 39.65832 ], [ -76.66693, 39.65911 ], [ -76.6648, 39.66032 ], [ -76.66315, 39.65613 ], [ -76.66375, 39.65542 ], [ -76.66248, 39.65422 ], [ -76.66278, 39.65231 ], [ -76.66149, 39.64688 ], [ -76.66177, 39.64601 ], [ -76.65815, 39.64741 ], [ -76.65565, 39.6473 ], [ -76.65792, 39.64473 ], [ -76.65841, 39.64305 ], [ -76.65792, 39.642 ], [ -76.66079, 39.64047 ], [ -76.66072, 39.63939 ], [ -76.66177, 39.63631 ], [ -76.66125, 39.63483 ], [ -76.66129, 39.63239 ], [ -76.65969, 39.63054 ], [ -76.65909, 39.62571 ], [ -76.65667, 39.61926 ], [ -76.65851, 39.61766 ], [ -76.65933, 39.61467 ], [ -76.65646, 39.61409 ], [ -76.65528, 39.61611 ], [ -76.6525, 39.61432 ], [ -76.65148, 39.61521 ], [ -76.65234, 39.61686 ], [ -76.651, 39.6182 ], [ -76.64891, 39.61754 ], [ -76.64756, 39.61444 ], [ -76.64453, 39.61047 ], [ -76.64433, 39.60826 ], [ -76.64159, 39.6061 ], [ -76.63968, 39.60578 ], [ -76.63568, 39.60889 ], [ -76.63492, 39.60909 ], [ -76.63167, 39.60611 ], [ -76.6309, 39.60435 ], [ -76.6277, 39.60235 ], [ -76.62651, 39.60107 ], [ -76.62603, 39.59873 ], [ -76.62399, 39.59684 ], [ -76.62138, 39.59301 ], [ -76.61795, 39.59073 ], [ -76.61647, 39.58841 ], [ -76.61307, 39.58723 ], [ -76.61134, 39.58548 ], [ -76.61117, 39.58419 ], [ -76.61266, 39.58253 ], [ -76.61424, 39.58214 ], [ -76.61522, 39.58272 ], [ -76.61822, 39.58295 ], [ -76.61928, 39.58426 ], [ -76.62044, 39.58447 ], [ -76.62175, 39.58328 ], [ -76.62117, 39.58184 ], [ -76.6179, 39.57877 ], [ -76.61665, 39.57675 ], [ -76.62381, 39.57554 ], [ -76.62319, 39.57337 ], [ -76.62188, 39.57249 ], [ -76.61892, 39.57188 ], [ -76.61534, 39.57278 ], [ -76.61127, 39.57204 ], [ -76.60989, 39.57086 ], [ -76.61004, 39.56801 ], [ -76.61117, 39.56755 ], [ -76.61109, 39.5656 ], [ -76.60819, 39.56126 ], [ -76.60489, 39.5592 ], [ -76.60363, 39.55769 ], [ -76.60148, 39.55741 ], [ -76.59924, 39.55599 ], [ -76.60237, 39.55363 ], [ -76.60319, 39.55161 ], [ -76.60793, 39.54976 ], [ -76.61001, 39.54833 ], [ -76.61318, 39.54126 ], [ -76.61587, 39.53716 ], [ -76.61599, 39.53478 ], [ -76.6166, 39.53392 ], [ -76.61524, 39.53217 ], [ -76.61391, 39.52924 ], [ -76.61372, 39.52774 ], [ -76.61474, 39.52454 ], [ -76.61716, 39.52152 ], [ -76.61809, 39.51869 ], [ -76.61514, 39.51579 ], [ -76.61596, 39.51102 ], [ -76.61321, 39.50591 ], [ -76.60981, 39.50719 ], [ -76.60523, 39.5071 ], [ -76.59991, 39.50919 ], [ -76.5957, 39.50966 ], [ -76.58958, 39.51239 ], [ -76.58798, 39.51095 ], [ -76.58155, 39.51096 ], [ -76.57381, 39.51243 ], [ -76.569, 39.50943 ], [ -76.56847, 39.50698 ], [ -76.56886, 39.50666 ], [ -76.57161, 39.50672 ], [ -76.57247, 39.5061 ], [ -76.57165, 39.50466 ], [ -76.56984, 39.49657 ], [ -76.56874, 39.4957 ], [ -76.56615, 39.49658 ], [ -76.56442, 39.49582 ], [ -76.56363, 39.49639 ], [ -76.55917, 39.49618 ], [ -76.56018, 39.49493 ], [ -76.55834, 39.49364 ], [ -76.55879, 39.49236 ], [ -76.55805, 39.49069 ], [ -76.5533, 39.48749 ], [ -76.55111, 39.48713 ], [ -76.54636, 39.48966 ], [ -76.54144, 39.48356 ], [ -76.54149, 39.48161 ], [ -76.53838, 39.48012 ], [ -76.53989, 39.4786 ], [ -76.53921, 39.47795 ], [ -76.54079, 39.47597 ], [ -76.54077, 39.47448 ], [ -76.54408, 39.47104 ], [ -76.54571, 39.46704 ], [ -76.54558, 39.46556 ], [ -76.54654, 39.46382 ], [ -76.54819, 39.46361 ], [ -76.55219, 39.45501 ], [ -76.55639, 39.45081 ], [ -76.55729, 39.44931 ], [ -76.55646, 39.44718 ], [ -76.55804, 39.44553 ], [ -76.55794, 39.43971 ], [ -76.55091, 39.43774 ], [ -76.54863, 39.43613 ], [ -76.54666, 39.43382 ], [ -76.54719, 39.43285 ], [ -76.54551, 39.43253 ], [ -76.54488, 39.43134 ], [ -76.54488, 39.4268 ], [ -76.5438, 39.42516 ], [ -76.54199, 39.4252 ], [ -76.5381, 39.42213 ], [ -76.53651, 39.42155 ], [ -76.53035, 39.42426 ], [ -76.52932, 39.42566 ], [ -76.5293, 39.42684 ], [ -76.52542, 39.42939 ], [ -76.52137, 39.43116 ], [ -76.51861, 39.4317 ], [ -76.51671, 39.43083 ], [ -76.51511, 39.42908 ], [ -76.51377, 39.42647 ], [ -76.5122, 39.42477 ], [ -76.50732, 39.42312 ], [ -76.50555, 39.42302 ], [ -76.49764, 39.42062 ], [ -76.49545, 39.42148 ], [ -76.49334, 39.424 ], [ -76.48713, 39.42029 ], [ -76.47844, 39.41994 ], [ -76.47601, 39.4209 ], [ -76.47445, 39.41994 ], [ -76.47302, 39.41955 ], [ -76.47648, 39.4162 ], [ -76.47796, 39.41264 ], [ -76.47045, 39.41145 ], [ -76.46962, 39.41441 ], [ -76.46867, 39.41542 ], [ -76.46385, 39.41281 ], [ -76.45567, 39.40736 ], [ -76.46331, 39.40117 ], [ -76.46425, 39.39996 ], [ -76.46559, 39.39649 ], [ -76.46663, 39.39472 ], [ -76.46221, 39.39323 ], [ -76.46365, 39.39083 ], [ -76.46253, 39.39011 ], [ -76.46237, 39.38601 ], [ -76.44577, 39.38233 ], [ -76.4389, 39.38877 ], [ -76.43799, 39.38771 ], [ -76.42902, 39.38175 ], [ -76.42812, 39.38059 ], [ -76.42578, 39.37933 ], [ -76.42346, 39.37645 ], [ -76.42281, 39.37607 ], [ -76.41654, 39.37544 ], [ -76.40974, 39.37076 ], [ -76.40791, 39.36889 ], [ -76.40617, 39.3677 ], [ -76.41154, 39.36728 ], [ -76.41359, 39.36648 ], [ -76.42239, 39.36595 ], [ -76.42283, 39.36563 ], [ -76.42514, 39.36123 ], [ -76.43268, 39.35603 ], [ -76.43567, 39.3535 ], [ -76.42987, 39.34916 ], [ -76.42679, 39.34595 ], [ -76.42813, 39.34382 ], [ -76.42377, 39.34396 ], [ -76.41888, 39.34318 ], [ -76.41652, 39.34233 ], [ -76.41659, 39.34132 ], [ -76.4093, 39.34155 ], [ -76.39419, 39.34618 ], [ -76.38748, 39.34895 ], [ -76.3833, 39.35109 ], [ -76.37709, 39.35509 ], [ -76.37315, 39.35817 ], [ -76.37064, 39.35611 ], [ -76.36688, 39.35482 ], [ -76.36753, 39.35325 ], [ -76.36341, 39.35231 ], [ -76.3617, 39.35118 ], [ -76.36006, 39.35359 ], [ -76.36101, 39.35439 ], [ -76.36105, 39.35576 ], [ -76.36421, 39.35623 ], [ -76.36228, 39.35653 ], [ -76.36203, 39.35834 ], [ -76.35883, 39.35397 ], [ -76.35963, 39.35181 ], [ -76.35641, 39.35157 ], [ -76.35806, 39.35119 ], [ -76.35897, 39.34841 ], [ -76.35672, 39.34507 ], [ -76.35486, 39.34445 ], [ -76.35326, 39.34605 ], [ -76.35271, 39.34598 ], [ -76.35361, 39.34058 ], [ -76.35541, 39.33529 ], [ -76.35435, 39.33449 ], [ -76.34935, 39.33691 ], [ -76.34928, 39.33408 ], [ -76.35083, 39.33289 ], [ -76.35094, 39.33114 ], [ -76.35261, 39.32939 ], [ -76.35178, 39.32645 ], [ -76.34916, 39.32636 ], [ -76.34536, 39.32802 ], [ -76.34215, 39.3259 ], [ -76.33892, 39.32575 ], [ -76.33339, 39.32408 ], [ -76.33426, 39.32233 ], [ -76.33395, 39.32014 ], [ -76.33163, 39.3173 ], [ -76.32918, 39.31504 ], [ -76.33264, 39.31514 ], [ -76.33609, 39.31441 ], [ -76.3387, 39.31275 ], [ -76.34001, 39.31128 ], [ -76.33965, 39.30889 ], [ -76.33835, 39.3065 ], [ -76.33658, 39.30511 ], [ -76.33826, 39.30442 ], [ -76.34004, 39.30453 ], [ -76.34405, 39.31082 ], [ -76.34619, 39.31358 ], [ -76.34729, 39.3141 ], [ -76.34714, 39.31662 ], [ -76.34821, 39.31763 ], [ -76.35011, 39.31698 ], [ -76.35106, 39.31588 ], [ -76.35094, 39.3134 ], [ -76.35142, 39.31202 ], [ -76.35352, 39.31041 ], [ -76.3555, 39.31215 ], [ -76.35498, 39.31321 ], [ -76.3557, 39.31588 ], [ -76.3595, 39.31763 ], [ -76.36081, 39.31965 ], [ -76.36532, 39.32167 ], [ -76.36818, 39.32176 ], [ -76.37091, 39.32066 ], [ -76.36865, 39.31763 ], [ -76.36628, 39.31579 ], [ -76.36439, 39.31184 ], [ -76.36741, 39.30795 ], [ -76.37108, 39.30416 ], [ -76.37495, 39.30125 ], [ -76.38018, 39.29859 ], [ -76.38327, 39.29832 ], [ -76.38458, 39.29997 ], [ -76.38493, 39.3019 ], [ -76.38149, 39.30586 ], [ -76.38386, 39.30843 ], [ -76.39147, 39.30806 ], [ -76.39337, 39.30595 ], [ -76.39325, 39.30411 ], [ -76.39456, 39.30356 ], [ -76.39575, 39.30402 ], [ -76.39575, 39.30604 ], [ -76.39884, 39.30926 ], [ -76.40133, 39.30806 ], [ -76.40288, 39.30833 ], [ -76.40288, 39.31137 ], [ -76.40882, 39.31174 ], [ -76.41096, 39.30825 ], [ -76.4106, 39.3042 ], [ -76.4087, 39.30154 ], [ -76.40811, 39.30006 ], [ -76.40561, 39.30006 ], [ -76.4024, 39.29951 ], [ -76.39896, 39.29703 ], [ -76.39872, 39.29473 ], [ -76.39919, 39.29234 ], [ -76.39575, 39.28958 ], [ -76.39515, 39.28746 ], [ -76.39325, 39.28627 ], [ -76.38695, 39.287 ], [ -76.38256, 39.28645 ], [ -76.38162, 39.28428 ], [ -76.38351, 39.28129 ], [ -76.38263, 39.27946 ], [ -76.38282, 39.27755 ], [ -76.3849, 39.27593 ], [ -76.3866, 39.27643 ], [ -76.38743, 39.27725 ], [ -76.38885, 39.27799 ], [ -76.39325, 39.27771 ], [ -76.39385, 39.27643 ], [ -76.39539, 39.2756 ], [ -76.39789, 39.27247 ], [ -76.39919, 39.27026 ], [ -76.39514, 39.26929 ], [ -76.39543, 39.26682 ], [ -76.39931, 39.26152 ], [ -76.40236, 39.25832 ], [ -76.40288, 39.25674 ], [ -76.4049, 39.25554 ], [ -76.40407, 39.25241 ], [ -76.40094, 39.24904 ], [ -76.40193, 39.24836 ], [ -76.40454, 39.24928 ], [ -76.4062, 39.24799 ], [ -76.40811, 39.24707 ], [ -76.4106, 39.24901 ], [ -76.41369, 39.2491 ], [ -76.41571, 39.24781 ], [ -76.41904, 39.24937 ], [ -76.42272, 39.25287 ], [ -76.427, 39.2549 ], [ -76.43663, 39.25342 ], [ -76.43892, 39.2551 ], [ -76.44336, 39.25591 ], [ -76.44618, 39.26401 ], [ -76.44588, 39.27481 ], [ -76.44348, 39.28081 ], [ -76.45588, 39.28191 ], [ -76.48928, 39.30195 ], [ -76.49259, 39.30301 ], [ -76.5008, 39.30468 ], [ -76.50157, 39.30559 ], [ -76.50539, 39.30631 ], [ -76.50541, 39.30666 ], [ -76.50978, 39.30822 ], [ -76.50901, 39.30737 ], [ -76.51096, 39.30729 ], [ -76.51414, 39.30834 ], [ -76.51537, 39.31043 ], [ -76.51661, 39.31418 ], [ -76.51592, 39.31511 ], [ -76.51592, 39.31704 ], [ -76.52109, 39.32099 ], [ -76.522, 39.32222 ], [ -76.52306, 39.32559 ], [ -76.52298, 39.32845 ], [ -76.52161, 39.32997 ], [ -76.52493, 39.33178 ], [ -76.52693, 39.33161 ], [ -76.52667, 39.33084 ], [ -76.52969, 39.33028 ], [ -76.52978, 39.34215 ], [ -76.52945, 39.35072 ], [ -76.52977, 39.35371 ], [ -76.52979, 39.37206 ], [ -76.58346, 39.37211 ], [ -76.5877, 39.37178 ], [ -76.6098, 39.3722 ], [ -76.60998, 39.35682 ], [ -76.61319, 39.35725 ], [ -76.61639, 39.35612 ], [ -76.61619, 39.35181 ], [ -76.61518, 39.35152 ], [ -76.61551, 39.35136 ], [ -76.61531, 39.34968 ], [ -76.61489, 39.34972 ], [ -76.61518, 39.34729 ], [ -76.6148, 39.34579 ], [ -76.61713, 39.34533 ], [ -76.62013, 39.34551 ], [ -76.62522, 39.34512 ], [ -76.62533, 39.3416 ], [ -76.62578, 39.34159 ], [ -76.62574, 39.3396 ], [ -76.62402, 39.33648 ], [ -76.62376, 39.33393 ], [ -76.62443, 39.33188 ], [ -76.62592, 39.33116 ], [ -76.63496, 39.33105 ], [ -76.6401, 39.32991 ], [ -76.6408, 39.33208 ], [ -76.64363, 39.33182 ], [ -76.64592, 39.3342 ], [ -76.64799, 39.33816 ], [ -76.64837, 39.33954 ], [ -76.6477, 39.34316 ], [ -76.64814, 39.34513 ], [ -76.64677, 39.3503 ], [ -76.6484, 39.3542 ], [ -76.65012, 39.35628 ], [ -76.65116, 39.3604 ], [ -76.6548, 39.3575 ], [ -76.66041, 39.35519 ], [ -76.66349, 39.3554 ], [ -76.66596, 39.35761 ], [ -76.6664, 39.36011 ], [ -76.66814, 39.36248 ], [ -76.67124, 39.36451 ], [ -76.67297, 39.36408 ], [ -76.6742, 39.36638 ], [ -76.67754, 39.36969 ], [ -76.67819, 39.37199 ], [ -76.68234, 39.3722 ], [ -76.71131, 39.37193 ], [ -76.71152, 39.36576 ], [ -76.71119, 39.3628 ], [ -76.71119, 39.35438 ], [ -76.71793, 39.35639 ], [ -76.71912, 39.35714 ], [ -76.71992, 39.35832 ], [ -76.7208, 39.36184 ], [ -76.72153, 39.36312 ], [ -76.72776, 39.36844 ], [ -76.74456, 39.37709 ], [ -76.74832, 39.3695 ], [ -76.74896, 39.36954 ], [ -76.75311, 39.36736 ], [ -76.75609, 39.36671 ], [ -76.75922, 39.36646 ], [ -76.76446, 39.36757 ], [ -76.76732, 39.36731 ], [ -76.76972, 39.3663 ], [ -76.77456, 39.36583 ], [ -76.77561, 39.36541 ], [ -76.77872, 39.36138 ], [ -76.78015, 39.36051 ], [ -76.78332, 39.35911 ], [ -76.78542, 39.35854 ], [ -76.78925, 39.35889 ], [ -76.79464, 39.35667 ], [ -76.79536, 39.35497 ], [ -76.78518, 39.3506 ], [ -76.78362, 39.35029 ], [ -76.7712, 39.34442 ], [ -76.76276, 39.34148 ], [ -76.76091, 39.33897 ], [ -76.75975, 39.33375 ], [ -76.7527, 39.33317 ], [ -76.7519, 39.32937 ], [ -76.75007, 39.32947 ], [ -76.74597, 39.32594 ], [ -76.7453, 39.32199 ], [ -76.74947, 39.32242 ], [ -76.74944, 39.32125 ], [ -76.75246, 39.31497 ], [ -76.75238, 39.313 ], [ -76.74475, 39.31254 ], [ -76.74296, 39.29722 ], [ -76.74177, 39.29022 ], [ -76.73885, 39.28634 ], [ -76.74431, 39.28499 ], [ -76.74541, 39.28087 ], [ -76.73739, 39.27152 ], [ -76.73594, 39.27235 ], [ -76.73506, 39.27127 ], [ -76.73395, 39.27151 ], [ -76.73137, 39.26523 ], [ -76.73316, 39.26499 ], [ -76.7365, 39.26194 ], [ -76.73361, 39.25991 ], [ -76.7323, 39.25832 ], [ -76.72707, 39.25423 ], [ -76.72457, 39.25053 ], [ -76.72337, 39.24978 ], [ -76.72872, 39.24522 ], [ -76.72721, 39.24231 ], [ -76.72735, 39.23896 ], [ -76.72967, 39.23738 ], [ -76.72817, 39.23595 ], [ -76.7259, 39.23551 ], [ -76.72622, 39.2334 ], [ -76.72738, 39.23279 ], [ -76.72862, 39.23076 ], [ -76.72839, 39.22939 ], [ -76.7299, 39.22899 ], [ -76.73345, 39.23087 ], [ -76.74007, 39.2324 ], [ -76.7432, 39.23639 ], [ -76.74613, 39.23826 ], [ -76.74809, 39.24061 ], [ -76.7499, 39.24157 ], [ -76.75181, 39.24448 ], [ -76.7553, 39.24685 ], [ -76.75718, 39.2475 ], [ -76.7611, 39.24716 ], [ -76.76325, 39.24634 ], [ -76.76473, 39.2476 ], [ -76.76457, 39.24908 ], [ -76.76366, 39.25071 ], [ -76.76383, 39.25131 ], [ -76.76893, 39.25265 ], [ -76.77174, 39.25517 ], [ -76.77529, 39.25663 ], [ -76.77853, 39.25672 ], [ -76.78196, 39.25833 ], [ -76.78471, 39.26103 ], [ -76.78679, 39.26199 ], [ -76.78897, 39.26389 ], [ -76.79379, 39.26586 ], [ -76.79449, 39.26662 ], [ -76.79439, 39.27032 ], [ -76.7906, 39.27223 ], [ -76.78969, 39.2734 ], [ -76.78881, 39.27735 ], [ -76.78517, 39.28285 ], [ -76.7854, 39.29109 ], [ -76.78457, 39.29263 ], [ -76.77859, 39.29499 ], [ -76.77914, 39.29714 ], [ -76.78076, 39.29745 ], [ -76.78339, 39.29898 ], [ -76.78753, 39.30021 ], [ -76.78902, 39.30261 ], [ -76.79133, 39.30378 ], [ -76.79413, 39.30328 ], [ -76.79651, 39.30504 ], [ -76.79572, 39.30651 ], [ -76.79403, 39.3068 ], [ -76.79248, 39.31148 ], [ -76.79472, 39.31428 ], [ -76.79772, 39.31521 ], [ -76.79911, 39.31501 ], [ -76.80452, 39.31673 ], [ -76.81013, 39.31524 ], [ -76.81176, 39.31619 ], [ -76.81234, 39.3179 ], [ -76.81469, 39.31788 ], [ -76.8162, 39.3154 ], [ -76.81645, 39.31318 ], [ -76.81884, 39.31353 ], [ -76.81985, 39.31437 ], [ -76.82151, 39.31714 ], [ -76.82333, 39.31901 ], [ -76.82521, 39.31935 ], [ -76.82717, 39.31869 ], [ -76.82933, 39.3172 ], [ -76.83142, 39.3132 ], [ -76.83269, 39.31188 ], [ -76.83552, 39.31197 ], [ -76.83556, 39.31584 ], [ -76.83974, 39.31527 ], [ -76.84122, 39.31575 ], [ -76.84401, 39.31818 ], [ -76.84692, 39.31811 ], [ -76.84936, 39.31589 ], [ -76.85219, 39.31665 ], [ -76.85392, 39.31766 ], [ -76.85525, 39.32045 ], [ -76.85544, 39.32322 ], [ -76.85899, 39.3267 ], [ -76.86009, 39.32733 ], [ -76.86244, 39.32981 ], [ -76.86661, 39.33171 ], [ -76.87012, 39.3316 ], [ -76.87504, 39.33215 ], [ -76.87598, 39.33417 ], [ -76.87836, 39.33629 ], [ -76.87736, 39.33715 ], [ -76.87515, 39.33772 ], [ -76.87513, 39.33975 ], [ -76.87632, 39.34122 ], [ -76.87811, 39.34227 ], [ -76.87922, 39.34528 ], [ -76.88191, 39.34855 ], [ -76.88227, 39.35019 ], [ -76.88402, 39.35211 ], [ -76.88575, 39.35263 ], [ -76.88653, 39.35056 ], [ -76.88841, 39.35174 ], [ -76.88903, 39.35381 ], [ -76.89052, 39.35317 ], [ -76.8979, 39.35163 ], [ -76.8996, 39.35233 ], [ -76.90132, 39.35418 ], [ -76.90278, 39.35438 ], [ -76.9058, 39.35415 ], [ -76.90888, 39.35265 ], [ -76.90881, 39.35038 ], [ -76.908, 39.34938 ], [ -76.91015, 39.34866 ], [ -76.91291, 39.35097 ], [ -76.91397, 39.35089 ], [ -76.91514, 39.35131 ], [ -76.91676, 39.35064 ], [ -76.92328, 39.35207 ], [ -76.92572, 39.35376 ], [ -76.92762, 39.35342 ], [ -76.92931, 39.35395 ], [ -76.93381, 39.35774 ], [ -76.93858, 39.35886 ], [ -76.93976, 39.35778 ], [ -76.94137, 39.35747 ], [ -76.94485, 39.35892 ], [ -76.94643, 39.36104 ], [ -76.94903, 39.36037 ], [ -76.95118, 39.35889 ], [ -76.95037, 39.35798 ], [ -76.95781, 39.35758 ], [ -76.95921, 39.35668 ], [ -76.96235, 39.35809 ], [ -76.96437, 39.36114 ], [ -76.96706, 39.3623 ], [ -76.969, 39.36382 ], [ -76.97239, 39.36331 ], [ -76.97442, 39.36139 ], [ -76.97695, 39.36188 ], [ -76.98161, 39.36167 ], [ -76.98232, 39.3626 ], [ -76.983, 39.36286 ], [ -76.98535, 39.36149 ], [ -76.9894, 39.36134 ], [ -76.99215, 39.35981 ], [ -76.99494, 39.36563 ], [ -76.99482, 39.3661 ], [ -76.99118, 39.37137 ], [ -76.989, 39.37307 ], [ -76.9861, 39.377 ], [ -76.98618, 39.3795 ], [ -76.98256, 39.38752 ], [ -76.97923, 39.39668 ], [ -76.9726, 39.41083 ], [ -76.97765, 39.41231 ], [ -76.98064, 39.4138 ], [ -76.98175, 39.41483 ], [ -76.97788, 39.41745 ], [ -76.97752, 39.41942 ], [ -76.97615, 39.42148 ], [ -76.97835, 39.42233 ], [ -76.98313, 39.42264 ], [ -76.98781, 39.42434 ], [ -76.99362, 39.42754 ], [ -76.99629, 39.42446 ], [ -76.99614, 39.42287 ], [ -77.00469, 39.43051 ], [ -77.00614, 39.43161 ], [ -77.01034, 39.43381 ], [ -77.01569, 39.43523 ], [ -77.02541, 39.43702 ], [ -77.03079, 39.43836 ], [ -77.04774, 39.44372 ], [ -77.07143, 39.42495 ], [ -77.07137, 39.42318 ], [ -77.07222, 39.41975 ], [ -77.07169, 39.41843 ], [ -77.0731, 39.41645 ], [ -77.07383, 39.41218 ], [ -77.07486, 39.40962 ], [ -77.0745, 39.40787 ], [ -77.07532, 39.40515 ], [ -77.08057, 39.40738 ], [ -77.08265, 39.40792 ], [ -77.08538, 39.41003 ], [ -77.09048, 39.41236 ], [ -77.09544, 39.41317 ], [ -77.10161, 39.41573 ], [ -77.10361, 39.41728 ], [ -77.10406, 39.41843 ], [ -77.13419, 39.43169 ], [ -77.13345, 39.4324 ], [ -77.13021, 39.43917 ], [ -77.12671, 39.44383 ], [ -77.12657, 39.44482 ], [ -77.12383, 39.45146 ], [ -77.11605, 39.46034 ], [ -77.11894, 39.4631 ], [ -77.11995, 39.46558 ], [ -77.11925, 39.46869 ], [ -77.11868, 39.47369 ], [ -77.11707, 39.47547 ], [ -77.11769, 39.47862 ], [ -77.1102, 39.486 ], [ -77.10849, 39.48948 ], [ -77.10684, 39.49166 ], [ -77.10771, 39.49456 ], [ -77.10893, 39.49535 ], [ -77.11, 39.49748 ], [ -77.11243, 39.49749 ], [ -77.11529, 39.49937 ], [ -77.12165, 39.50439 ], [ -77.1249, 39.50537 ], [ -77.12976, 39.50956 ], [ -77.13355, 39.50855 ], [ -77.13431, 39.50955 ], [ -77.13468, 39.5119 ], [ -77.13627, 39.51281 ], [ -77.13806, 39.51604 ], [ -77.13695, 39.5174 ], [ -77.13849, 39.52052 ], [ -77.14067, 39.52133 ], [ -77.14382, 39.52179 ], [ -77.14656, 39.52167 ], [ -77.14734, 39.5222 ], [ -77.14991, 39.52194 ], [ -77.15093, 39.52328 ], [ -77.15026, 39.52441 ], [ -77.15032, 39.52627 ], [ -77.15115, 39.52728 ], [ -77.15167, 39.52959 ], [ -77.15114, 39.53077 ], [ -77.15234, 39.5325 ], [ -77.15388, 39.53332 ], [ -77.15596, 39.53369 ], [ -77.16209, 39.53245 ], [ -77.16525, 39.53301 ], [ -77.16532, 39.534 ], [ -77.16867, 39.53374 ], [ -77.17075, 39.53475 ], [ -77.17041, 39.53659 ], [ -77.17146, 39.53923 ], [ -77.169, 39.54229 ], [ -77.16947, 39.54338 ], [ -77.1716, 39.54382 ], [ -77.17175, 39.54664 ], [ -77.16962, 39.54985 ], [ -77.16915, 39.55175 ], [ -77.16944, 39.55412 ], [ -77.17149, 39.55464 ], [ -77.17327, 39.55655 ], [ -77.17317, 39.55781 ], [ -77.17461, 39.55951 ], [ -77.17783, 39.56087 ], [ -77.18273, 39.55934 ], [ -77.18332, 39.56043 ], [ -77.18723, 39.56304 ], [ -77.18689, 39.56468 ], [ -77.18713, 39.56643 ], [ -77.19113, 39.57099 ], [ -77.19447, 39.57224 ], [ -77.19696, 39.57445 ], [ -77.19717, 39.575 ], [ -77.19958, 39.57667 ], [ -77.20012, 39.57859 ], [ -77.20699, 39.57946 ], [ -77.21109, 39.57887 ], [ -77.21257, 39.57788 ], [ -77.21564, 39.57451 ], [ -77.21753, 39.57455 ], [ -77.2221, 39.5764 ], [ -77.2226, 39.57793 ], [ -77.2205, 39.57832 ], [ -77.21911, 39.57996 ], [ -77.22003, 39.58187 ], [ -77.22251, 39.5831 ], [ -77.22999, 39.58343 ], [ -77.23226, 39.58435 ], [ -77.23263, 39.58553 ], [ -77.23049, 39.58677 ], [ -77.22776, 39.58697 ], [ -77.22727, 39.5878 ], [ -77.23073, 39.58902 ], [ -77.23443, 39.58806 ], [ -77.23801, 39.5844 ], [ -77.23905, 39.58492 ], [ -77.23878, 39.58897 ], [ -77.24625, 39.59304 ], [ -77.2484, 39.59507 ], [ -77.25023, 39.59878 ], [ -77.25, 39.60027 ], [ -77.25085, 39.60159 ], [ -77.25348, 39.60283 ], [ -77.25651, 39.60377 ], [ -77.25801, 39.60375 ], [ -77.26016, 39.60251 ], [ -77.26203, 39.59943 ], [ -77.26119, 39.59678 ], [ -77.2596, 39.59498 ], [ -77.26009, 39.59401 ], [ -77.26276, 39.59406 ], [ -77.2637, 39.59477 ], [ -77.26642, 39.59873 ], [ -77.27001, 39.60004 ], [ -77.27092, 39.60122 ], [ -77.26979, 39.60352 ], [ -77.27007, 39.60497 ], [ -77.27157, 39.60622 ], [ -77.27624, 39.60625 ], [ -77.27986, 39.60706 ], [ -77.28321, 39.60724 ], [ -77.28582, 39.60775 ], [ -77.28735, 39.60649 ], [ -77.28775, 39.60452 ], [ -77.29051, 39.60451 ], [ -77.2903, 39.60664 ], [ -77.29401, 39.61033 ], [ -77.29573, 39.6114 ], [ -77.29977, 39.61228 ], [ -77.30163, 39.61355 ], [ -77.3035, 39.61581 ], [ -77.30518, 39.61685 ], [ -77.30742, 39.6191 ], [ -77.30568, 39.62047 ], [ -77.30179, 39.6212 ], [ -77.29949, 39.62358 ], [ -77.30055, 39.62516 ], [ -77.30178, 39.62574 ], [ -77.30535, 39.62642 ], [ -77.30778, 39.62818 ], [ -77.30956, 39.63076 ], [ -77.30978, 39.63614 ], [ -77.31136, 39.63803 ], [ -77.31116, 39.63973 ] ] ] ] } },
{ "type": "Feature", "properties": { "id": "MD-03", "state": "MD", "number": "03", "metro": false, "business_count": 0, "has_data": false }, "geometry": { "type": "Polygon", "coordinates": [ [ [ -77.18711, 39.3406 ], [ -77.18381, 39.34546 ], [ -77.18022, 39.34655 ], [ -77.16808, 39.35396 ], [ -77.16973, 39.3551 ], [ -77.16728, 39.35907 ], [ -77.1658, 39.36544 ], [ -77.16438, 39.36814 ], [ -77.15819, 39.37345 ], [ -77.15919, 39.37409 ], [ -77.15612, 39.37894 ], [ -77.15582, 39.3802 ], [ -77.1562, 39.3829 ], [ -77.15383, 39.38849 ], [ -77.15381, 39.38968 ], [ -77.15438, 39.3913 ], [ -77.14835, 39.40529 ], [ -77.14727, 39.40987 ], [ -77.14698, 39.41237 ], [ -77.14815, 39.41643 ], [ -77.14804, 39.41775 ], [ -77.14717, 39.419 ], [ -77.14475, 39.42054 ], [ -77.14045, 39.42414 ], [ -77.13785, 39.42717 ], [ -77.13594, 39.43022 ], [ -77.13419, 39.43169 ], [ -77.10406, 39.41843 ], [ -77.10361, 39.41728 ], [ -77.10161, 39.41573 ], [ -77.09544, 39.41317 ], [ -77.09048, 39.41236 ], [ -77.08538, 39.41003 ], [ -77.08265, 39.40792 ], [ -77.08057, 39.40738 ], [ -77.07532, 39.40515 ], [ -77.0745, 39.40787 ], [ -77.07486, 39.40962 ], [ -77.07383, 39.41218 ], [ -77.0731, 39.41645 ], [ -77.07169, 39.41843 ], [ -77.07222, 39.41975 ], [ -77.07137, 39.42318 ], [ -77.07143, 39.42495 ], [ -77.04774, 39.44372 ], [ -77.03079, 39.43836 ], [ -77.02541, 39.43702 ], [ -77.01569, 39.43523 ], [ -77.01034, 39.43381 ], [ -77.00614, 39.43161 ], [ -77.00469, 39.43051 ], [ -76.99614, 39.42287 ], [ -76.99629, 39.42446 ], [ -76.99362, 39.42754 ], [ -76.98781, 39.42434 ], [ -76.98313, 39.42264 ], [ -76.97835, 39.42233 ], [ -76.97615, 39.42148 ], [ -76.97752, 39.41942 ], [ -76.97788, 39.41745 ], [ -76.98175, 39.41483 ], [ -76.98064, 39.4138 ], [ -76.97765, 39.41231 ], [ -76.9726, 39.41083 ], [ -76.97923, 39.39668 ], [ -76.98256, 39.38752 ], [ -76.98618, 39.3795 ], [ -76.9861, 39.377 ], [ -76.989, 39.37307 ], [ -76.99118, 39.37137 ], [ -76.99482, 39.3661 ], [ -76.99494, 39.36563 ], [ -76.99215, 39.35981 ], [ -76.9894, 39.36134 ], [ -76.98535, 39.36149 ], [ -76.983, 39.36286 ], [ -76.98232, 39.3626 ], [ -76.98161, 39.36167 ], [ -76.97695, 39.36188 ], [ -76.97442, 39.36139 ], [ -76.97239, 39.36331 ], [ -76.969, 39.36382 ], [ -76.96706, 39.3623 ], [ -76.96437, 39.36114 ], [ -76.96235, 39.35809 ], [ -76.95921, 39.35668 ], [ -76.95781, 39.35758 ], [ -76.95037, 39.35798 ], [ -76.95118, 39.35889 ], [ -76.94903, 39.36037 ], [ -76.94643, 39.36104 ], [ -76.94485, 39.35892 ], [ -76.94137, 39.35747 ], [ -76.93976, 39.35778 ], [ -76.93858, 39.35886 ], [ -76.93381, 39.35774 ], [ -76.92931, 39.35395 ], [ -76.92762, 39.35342 ], [ -76.92572, 39.35376 ], [ -76.92328, 39.35207 ], [ -76.91676, 39.35064 ], [ -76.91514, 39.35131 ], [ -76.91397, 39.35089 ], [ -76.91291, 39.35097 ], [ -76.91015, 39.34866 ], [ -76.908, 39.34938 ], [ -76.90881, 39.35038 ], [ -76.90888, 39.35265 ], [ -76.9058, 39.35415 ], [ -76.90278, 39.35438 ], [ -76.90132, 39.35418 ], [ -76.8996, 39.35233 ], [ -76.8979, 39.35163 ], [ -76.89052, 39.35317 ], [ -76.88903, 39.35381 ], [ -76.88841, 39.35174 ], [ -76.88653, 39.35056 ], [ -76.88575, 39.35263 ], [ -76.88402, 39.35211 ], [ -76.88227, 39.35019 ], [ -76.88191, 39.34855 ], [ -76.87922, 39.34528 ], [ -76.87811, 39.34227 ], [ -76.87632, 39.34122 ], [ -76.87513, 39.33975 ], [ -76.87515, 39.33772 ], [ -76.87736, 39.33715 ], [ -76.87836, 39.33629 ], [ -76.87598, 39.33417 ], [ -76.87504, 39.33215 ], [ -76.87012, 39.3316 ], [ -76.86661, 39.33171 ], [ -76.86244, 39.32981 ], [ -76.86009, 39.32733 ], [ -76.85899, 39.3267 ], [ -76.85544, 39.32322 ], [ -76.85525, 39.32045 ], [ -76.85392, 39.31766 ], [ -76.85219, 39.31665 ], [ -76.84936, 39.31589 ], [ -76.84692, 39.31811 ], [ -76.84401, 39.31818 ], [ -76.84122, 39.31575 ], [ -76.83974, 39.31527 ], [ -76.83556, 39.31584 ], [ -76.83552, 39.31197 ], [ -76.83269, 39.31188 ], [ -76.83142, 39.3132 ], [ -76.82933, 39.3172 ], [ -76.82717, 39.31869 ], [ -76.82521, 39.31935 ], [ -76.82333, 39.31901 ], [ -76.82151, 39.31714 ], [ -76.81985, 39.31437 ], [ -76.81884, 39.31353 ], [ -76.81645, 39.31318 ], [ -76.8162, 39.3154 ], [ -76.81469, 39.31788 ], [ -76.81234, 39.3179 ], [ -76.81176, 39.31619 ], [ -76.81013, 39.31524 ], [ -76.80452, 39.31673 ], [ -76.79911, 39.31501 ], [ -76.79772, 39.31521 ], [ -76.79472, 39.31428 ], [ -76.79248, 39.31148 ], [ -76.79403, 39.3068 ], [ -76.79572, 39.30651 ], [ -76.79651, 39.30504 ], [ -76.79413, 39.30328 ], [ -76.79133, 39.30378 ], [ -76.78902, 39.30261 ], [ -76.78753, 39.30021 ], [ -76.78339, 39.29898 ], [ -76.78076, 39.29745 ], [ -76.77914, 39.29714 ], [ -76.77859, 39.29499 ], [ -76.78457, 39.29263 ], [ -76.7854, 39.29109 ], [ -76.78517, 39.28285 ], [ -76.78881, 39.27735 ], [ -76.78969, 39.2734 ], [ -76.7906, 39.27223 ], [ -76.79439, 39.27032 ], [ -76.79449, 39.26662 ], [ -76.79379, 39.26586 ], [ -76.78897, 39.26389 ], [ -76.78679, 39.26199 ], [ -76.78471, 39.26103 ], [ -76.78196, 39.25833 ], [ -76.77853, 39.25672 ], [ -76.77529, 39.25663 ], [ -76.77174, 39.25517 ], [ -76.76893, 39.25265 ], [ -76.76383, 39.25131 ], [ -76.76366, 39.25071 ], [ -76.76457, 39.24908 ], [ -76.76473, 39.2476 ], [ -76.76325, 39.24634 ], [ -76.7611, 39.24716 ], [ -76.75718, 39.2475 ], [ -76.7553, 39.24685 ], [ -76.75181, 39.24448 ], [ -76.7499, 39.24157 ], [ -76.74809, 39.24061 ], [ -76.74613, 39.23826 ], [ -76.7432, 39.23639 ], [ -76.74007, 39.2324 ], [ -76.73345, 39.23087 ], [ -76.7299, 39.22899 ], [ -76.72839, 39.22939 ], [ -76.72457, 39.22861 ], [ -76.72219, 39.22642 ], [ -76.71726, 39.22548 ], [ -76.71309, 39.22172 ], [ -76.70667, 39.22125 ], [ -76.70608, 39.21811 ], [ -76.70523, 39.21567 ], [ -76.70042, 39.21301 ], [ -76.69913, 39.21299 ], [ -76.69709, 39.21409 ], [ -76.697, 39.21706 ], [ -76.69283, 39.21977 ], [ -76.68918, 39.2212 ], [ -76.68775, 39.22129 ], [ -76.68469, 39.22016 ], [ -76.68095, 39.22 ], [ -76.67749, 39.22181 ], [ -76.67444, 39.22516 ], [ -76.66992, 39.22843 ], [ -76.66454, 39.23065 ], [ -76.66173, 39.23114 ], [ -76.65866, 39.23101 ], [ -76.64555, 39.22857 ], [ -76.64368, 39.22771 ], [ -76.63994, 39.22436 ], [ -76.63714, 39.2235 ], [ -76.63153, 39.22386 ], [ -76.63012, 39.22459 ], [ -76.62692, 39.22852 ], [ -76.62469, 39.23055 ], [ -76.61861, 39.2374 ], [ -76.61168, 39.23439 ], [ -76.58328, 39.2074 ], [ -76.57111, 39.20382 ], [ -76.5674, 39.20212 ], [ -76.56379, 39.20141 ], [ -76.55009, 39.19721 ], [ -76.53307, 39.20765 ], [ -76.53539, 39.20381 ], [ -76.5338, 39.20279 ], [ -76.53213, 39.20223 ], [ -76.53087, 39.20098 ], [ -76.52786, 39.19552 ], [ -76.52824, 39.19433 ], [ -76.53382, 39.1932 ], [ -76.53341, 39.19041 ], [ -76.52996, 39.18698 ], [ -76.52802, 39.18436 ], [ -76.52612, 39.181 ], [ -76.52578, 39.17791 ], [ -76.51915, 39.17453 ], [ -76.51768, 39.17323 ], [ -76.51239, 39.1725 ], [ -76.50368, 39.16597 ], [ -76.50056, 39.16208 ], [ -76.50068, 39.1594 ], [ -76.50175, 39.15811 ], [ -76.50306, 39.15747 ], [ -76.50092, 39.15544 ], [ -76.49831, 39.15507 ], [ -76.49391, 39.15516 ], [ -76.49046, 39.15609 ], [ -76.48856, 39.15738 ], [ -76.48618, 39.16244 ], [ -76.48402, 39.16441 ], [ -76.48026, 39.16664 ], [ -76.4783, 39.16707 ], [ -76.47692, 39.1663 ], [ -76.47689, 39.16418 ], [ -76.47598, 39.16111 ], [ -76.47148, 39.15471 ], [ -76.45278, 39.14351 ], [ -76.44013, 39.13745 ], [ -76.43104, 39.13212 ], [ -76.43248, 39.12671 ], [ -76.43328, 39.12177 ], [ -76.43198, 39.11955 ], [ -76.43314, 39.11123 ], [ -76.43193, 39.10716 ], [ -76.42933, 39.10194 ], [ -76.42216, 39.08385 ], [ -76.42194, 39.07699 ], [ -76.42446, 39.07113 ], [ -76.42994, 39.06285 ], [ -76.43893, 39.05279 ], [ -76.43122, 39.04696 ], [ -76.42423, 39.04399 ], [ -76.41373, 39.03887 ], [ -76.40508, 39.03321 ], [ -76.39778, 39.02261 ], [ -76.3945, 39.01268 ], [ -76.39523, 39.0115 ], [ -76.40038, 39.00987 ], [ -76.40277, 39.00774 ], [ -76.40612, 39.0067 ], [ -76.4097, 39.00356 ], [ -76.41397, 39.00144 ], [ -76.41401, 38.99945 ], [ -76.41325, 38.99697 ], [ -76.41513, 38.99556 ], [ -76.41924, 38.99467 ], [ -76.42191, 38.9946 ], [ -76.4225, 38.9932 ], [ -76.421, 38.98919 ], [ -76.42266, 38.98657 ], [ -76.42473, 38.98651 ], [ -76.42687, 38.98705 ], [ -76.42724, 38.98965 ], [ -76.42415, 38.99417 ], [ -76.42344, 38.99704 ], [ -76.42391, 38.99953 ], [ -76.42581, 39.00046 ], [ -76.43128, 39.00147 ], [ -76.43223, 38.99925 ], [ -76.43449, 38.99667 ], [ -76.43603, 38.99611 ], [ -76.43972, 38.99621 ], [ -76.44661, 38.99491 ], [ -76.4497, 38.99353 ], [ -76.45041, 38.99103 ], [ -76.44875, 38.98697 ], [ -76.44898, 38.98281 ], [ -76.45048, 38.97761 ], [ -76.45458, 38.97451 ], [ -76.45572, 38.98077 ], [ -76.45445, 38.98235 ], [ -76.45671, 38.98392 ], [ -76.45849, 38.98466 ], [ -76.46087, 38.98309 ], [ -76.46313, 38.98106 ], [ -76.46919, 38.98263 ], [ -76.4762, 38.98152 ], [ -76.48024, 38.97773 ], [ -76.47858, 38.97561 ], [ -76.47632, 38.97487 ], [ -76.4742, 38.97265 ], [ -76.47488, 38.96731 ], [ -76.47128, 38.95651 ], [ -76.46308, 38.94861 ], [ -76.45778, 38.94841 ], [ -76.45393, 38.94407 ], [ -76.45028, 38.94111 ], [ -76.45966, 38.93393 ], [ -76.46237, 38.93071 ], [ -76.46362, 38.92748 ], [ -76.46317, 38.92481 ], [ -76.46188, 38.92401 ], [ -76.45878, 38.91521 ], [ -76.46026, 38.90714 ], [ -76.46938, 38.90761 ], [ -76.46948, 38.91151 ], [ -76.47576, 38.91447 ], [ -76.47822, 38.91645 ], [ -76.47786, 38.91756 ], [ -76.47834, 38.91895 ], [ -76.48084, 38.92025 ], [ -76.48345, 38.92357 ], [ -76.48583, 38.92459 ], [ -76.48951, 38.92736 ], [ -76.49724, 38.92551 ], [ -76.50622, 38.92124 ], [ -76.51838, 38.92921 ], [ -76.52772, 38.93641 ], [ -76.54427, 38.94729 ], [ -76.55502, 38.95145 ], [ -76.56739, 38.9543 ], [ -76.57073, 38.95447 ], [ -76.57568, 38.95619 ], [ -76.58125, 38.95908 ], [ -76.58558, 38.96077 ], [ -76.58639, 38.96216 ], [ -76.58773, 38.96267 ], [ -76.59373, 38.96198 ], [ -76.59489, 38.96302 ], [ -76.59906, 38.9694 ], [ -76.60098, 38.97058 ], [ -76.60167, 38.97175 ], [ -76.60405, 38.98039 ], [ -76.60486, 38.98134 ], [ -76.60772, 38.98295 ], [ -76.60891, 38.98611 ], [ -76.61132, 38.98349 ], [ -76.61607, 38.98544 ], [ -76.62137, 38.98642 ], [ -76.62502, 38.98837 ], [ -76.6269, 38.99045 ], [ -76.62931, 38.99427 ], [ -76.63179, 38.99575 ], [ -76.63403, 38.99784 ], [ -76.63535, 39.00056 ], [ -76.63872, 39.00361 ], [ -76.64015, 39.0083 ], [ -76.64287, 39.0131 ], [ -76.64404, 39.01355 ], [ -76.645, 39.01593 ], [ -76.64638, 39.01677 ], [ -76.64781, 39.01914 ], [ -76.64924, 39.01964 ], [ -76.65144, 39.02193 ], [ -76.65404, 39.02318 ], [ -76.6568, 39.02298 ], [ -76.65807, 39.02327 ], [ -76.65791, 39.0238 ], [ -76.65493, 39.02483 ], [ -76.65061, 39.02753 ], [ -76.6504, 39.028 ], [ -76.65104, 39.03105 ], [ -76.65429, 39.03635 ], [ -76.65588, 39.03784 ], [ -76.65725, 39.03775 ], [ -76.65995, 39.03879 ], [ -76.66169, 39.03897 ], [ -76.66954, 39.04353 ], [ -76.66613, 39.04671 ], [ -76.65703, 39.05722 ], [ -76.65487, 39.05915 ], [ -76.65696, 39.06065 ], [ -76.65491, 39.06154 ], [ -76.65366, 39.06065 ], [ -76.65081, 39.06478 ], [ -76.65112, 39.06708 ], [ -76.64848, 39.06674 ], [ -76.65199, 39.06952 ], [ -76.6559, 39.06859 ], [ -76.65819, 39.07018 ], [ -76.66258, 39.06993 ], [ -76.66559, 39.07071 ], [ -76.6635, 39.07211 ], [ -76.66175, 39.07528 ], [ -76.66625, 39.07726 ], [ -76.67539, 39.07972 ], [ -76.67594, 39.0814 ], [ -76.67704, 39.08775 ], [ -76.67805, 39.08958 ], [ -76.6818, 39.09295 ], [ -76.68172, 39.0953 ], [ -76.68474, 39.09999 ], [ -76.68554, 39.10198 ], [ -76.68635, 39.10161 ], [ -76.68802, 39.0976 ], [ -76.68931, 39.09647 ], [ -76.69139, 39.0988 ], [ -76.69409, 39.10061 ], [ -76.69675, 39.10132 ], [ -76.70129, 39.10158 ], [ -76.6997, 39.10768 ], [ -76.70132, 39.10812 ], [ -76.70343, 39.10973 ], [ -76.70469, 39.11195 ], [ -76.70832, 39.10811 ], [ -76.70761, 39.10985 ], [ -76.71196, 39.11203 ], [ -76.71399, 39.11219 ], [ -76.7196, 39.11092 ], [ -76.715, 39.11421 ], [ -76.71777, 39.11683 ], [ -76.71659, 39.11771 ], [ -76.71916, 39.12039 ], [ -76.71712, 39.12083 ], [ -76.72071, 39.12309 ], [ -76.72641, 39.12535 ], [ -76.72858, 39.12469 ], [ -76.73263, 39.12863 ], [ -76.73575, 39.12816 ], [ -76.73829, 39.1305 ], [ -76.73834, 39.13005 ], [ -76.73981, 39.12875 ], [ -76.74004, 39.12616 ], [ -76.74543, 39.12593 ], [ -76.74403, 39.12889 ], [ -76.74922, 39.12977 ], [ -76.75207, 39.12703 ], [ -76.75435, 39.12781 ], [ -76.75742, 39.12669 ], [ -76.75727, 39.13094 ], [ -76.75851, 39.13282 ], [ -76.75931, 39.13256 ], [ -76.75544, 39.14005 ], [ -76.7581, 39.14156 ], [ -76.76358, 39.14284 ], [ -76.76274, 39.14612 ], [ -76.76454, 39.14724 ], [ -76.76533, 39.14925 ], [ -76.76721, 39.1503 ], [ -76.76987, 39.14655 ], [ -76.77543, 39.1493 ], [ -76.77696, 39.15088 ], [ -76.78262, 39.14381 ], [ -76.7842, 39.1396 ], [ -76.78518, 39.13208 ], [ -76.78646, 39.12951 ], [ -76.7905, 39.1255 ], [ -76.795, 39.12325 ], [ -76.7974, 39.12258 ], [ -76.80118, 39.12219 ], [ -76.80705, 39.12293 ], [ -76.81203, 39.12273 ], [ -76.81615, 39.12143 ], [ -76.82272, 39.11867 ], [ -76.82461, 39.11722 ], [ -76.82572, 39.11555 ], [ -76.82667, 39.10995 ], [ -76.82871, 39.10758 ], [ -76.83047, 39.10662 ], [ -76.83849, 39.10421 ], [ -76.84036, 39.10314 ], [ -76.84159, 39.10586 ], [ -76.84319, 39.10683 ], [ -76.84908, 39.1091 ], [ -76.85191, 39.10923 ], [ -76.85672, 39.11073 ], [ -76.86222, 39.11035 ], [ -76.869, 39.11221 ], [ -76.87037, 39.11292 ], [ -76.8709, 39.11412 ], [ -76.87281, 39.11459 ], [ -76.87535, 39.11683 ], [ -76.8779, 39.12051 ], [ -76.88436, 39.12696 ], [ -76.88566, 39.13129 ], [ -76.88943, 39.13103 ], [ -76.89366, 39.12838 ], [ -76.89724, 39.12699 ], [ -76.90283, 39.12556 ], [ -76.9073, 39.12549 ], [ -76.91002, 39.12646 ], [ -76.91565, 39.127 ], [ -76.91631, 39.12885 ], [ -76.91764, 39.13014 ], [ -76.91847, 39.13172 ], [ -76.92644, 39.13531 ], [ -76.92776, 39.13807 ], [ -76.9291, 39.13839 ], [ -76.93341, 39.1366 ], [ -76.93569, 39.13427 ], [ -76.93828, 39.13278 ], [ -76.94193, 39.13266 ], [ -76.94369, 39.13211 ], [ -76.94522, 39.13022 ], [ -76.94675, 39.12941 ], [ -76.94858, 39.1296 ], [ -76.95852, 39.13402 ], [ -76.95807, 39.13545 ], [ -76.95547, 39.13809 ], [ -76.95307, 39.13897 ], [ -76.95261, 39.14299 ], [ -76.95001, 39.14435 ], [ -76.95169, 39.14621 ], [ -76.95554, 39.14487 ], [ -76.96297, 39.14584 ], [ -76.96407, 39.1482 ], [ -76.96691, 39.14876 ], [ -76.97039, 39.14872 ], [ -76.9729, 39.14947 ], [ -76.97561, 39.14975 ], [ -76.9767, 39.15199 ], [ -76.9767, 39.15416 ], [ -76.97389, 39.15865 ], [ -76.973, 39.1614 ], [ -76.97367, 39.16221 ], [ -76.97557, 39.1632 ], [ -76.9779, 39.16289 ], [ -76.97871, 39.16366 ], [ -76.98206, 39.16429 ], [ -76.98335, 39.16531 ], [ -76.98714, 39.16629 ], [ -76.99441, 39.16681 ], [ -76.99732, 39.16647 ], [ -77.00097, 39.16954 ], [ -77.0014, 39.17088 ], [ -76.99743, 39.1741 ], [ -76.99835, 39.17509 ], [ -77.003, 39.17417 ], [ -77.00442, 39.1743 ], [ -77.00536, 39.17629 ], [ -77.00285, 39.17614 ], [ -76.99958, 39.17709 ], [ -76.99888, 39.1778 ], [ -76.99991, 39.17863 ], [ -77.0045, 39.17912 ], [ -77.00726, 39.18032 ], [ -77.00842, 39.18157 ], [ -77.00772, 39.18265 ], [ -77.00755, 39.1849 ], [ -77.00639, 39.18562 ], [ -77.00433, 39.18926 ], [ -77.00417, 39.19233 ], [ -77.00491, 39.19326 ], [ -77.01216, 39.19518 ], [ -77.00942, 39.20673 ], [ -77.01757, 39.20975 ], [ -77.01929, 39.21292 ], [ -77.02229, 39.21399 ], [ -77.03233, 39.22032 ], [ -77.03207, 39.2244 ], [ -77.03452, 39.22614 ], [ -77.03588, 39.22967 ], [ -77.03849, 39.23145 ], [ -77.04481, 39.23767 ], [ -77.05025, 39.23758 ], [ -77.05376, 39.23882 ], [ -77.05591, 39.23833 ], [ -77.05773, 39.24024 ], [ -77.05977, 39.24017 ], [ -77.06153, 39.24127 ], [ -77.06075, 39.24315 ], [ -77.06219, 39.24732 ], [ -77.06438, 39.24881 ], [ -77.06557, 39.25096 ], [ -77.06731, 39.25157 ], [ -77.07011, 39.2541 ], [ -77.07433, 39.25601 ], [ -77.07778, 39.25651 ], [ -77.07881, 39.2583 ], [ -77.0821, 39.26003 ], [ -77.08616, 39.26057 ], [ -77.08918, 39.26227 ], [ -77.0932, 39.26247 ], [ -77.09749, 39.26481 ], [ -77.10181, 39.26529 ], [ -77.10362, 39.266 ], [ -77.10524, 39.2645 ], [ -77.11081, 39.26414 ], [ -77.115, 39.26517 ], [ -77.11539, 39.2663 ], [ -77.11699, 39.26754 ], [ -77.12139, 39.26719 ], [ -77.1235, 39.26809 ], [ -77.12618, 39.26863 ], [ -77.13059, 39.26841 ], [ -77.13143, 39.27007 ], [ -77.13324, 39.27036 ], [ -77.13429, 39.27138 ], [ -77.13459, 39.27307 ], [ -77.134, 39.27618 ], [ -77.13646, 39.27829 ], [ -77.13647, 39.27924 ], [ -77.13835, 39.28097 ], [ -77.14001, 39.28344 ], [ -77.13976, 39.28562 ], [ -77.13789, 39.28815 ], [ -77.1402, 39.28928 ], [ -77.14006, 39.2921 ], [ -77.14359, 39.29303 ], [ -77.14557, 39.29608 ], [ -77.14713, 39.2972 ], [ -77.14912, 39.29929 ], [ -77.15147, 39.29999 ], [ -77.15341, 39.30203 ], [ -77.15741, 39.30416 ], [ -77.15977, 39.3049 ], [ -77.16094, 39.30672 ], [ -77.16243, 39.30793 ], [ -77.16459, 39.30744 ], [ -77.16494, 39.30899 ], [ -77.16678, 39.31214 ], [ -77.17035, 39.31311 ], [ -77.17193, 39.31533 ], [ -77.17286, 39.31947 ], [ -77.17476, 39.32225 ], [ -77.17855, 39.32546 ], [ -77.1802, 39.32824 ], [ -77.18149, 39.32929 ], [ -77.18262, 39.33221 ], [ -77.1868, 39.3382 ], [ -77.18711, 39.3406 ] ] ] } },
{ "type": "Feature", "properties": { "id": "MD-04", "state": "MD", "number": "04", "metro": true, "business_count": 834, "has_data": true }, "geometry": { "type": "Polygon", "coordinates": [ [ [ -77.03981, 38.70987 ], [ -77.034, 38.72557 ], [ -77.03353, 38.74654 ], [ -77.04208, 38.74672 ], [ -77.0411, 38.77331 ], [ -77.0401, 38.78991 ], [ -77.0395, 38.79111 ], [ -77.0014, 38.82151 ], [ -77.0, 38.82191 ], [ -76.9927, 38.82821 ], [ -76.9795, 38.83781 ], [ -76.9537, 38.85851 ], [ -76.9497, 38.86131 ], [ -76.9094, 38.89281 ], [ -76.9351, 38.91331 ], [ -77.00369, 38.96638 ], [ -77.00135, 38.96872 ], [ -77.00016, 38.96874 ], [ -76.99726, 38.97241 ], [ -76.99418, 38.97529 ], [ -76.99054, 38.97564 ], [ -76.98687, 38.97688 ], [ -76.98604, 38.97761 ], [ -76.98666, 38.97918 ], [ -76.98494, 38.9853 ], [ -76.98479, 38.98718 ], [ -76.9878, 38.9891 ], [ -76.9911, 38.9924 ], [ -76.98906, 38.99558 ], [ -76.98569, 38.99998 ], [ -76.98415, 39.00144 ], [ -76.97961, 39.00816 ], [ -76.9781, 39.00981 ], [ -76.96849, 39.02283 ], [ -76.96762, 39.02345 ], [ -76.96687, 39.02356 ], [ -76.96675, 39.0248 ], [ -76.96733, 39.02466 ], [ -76.9621, 39.03121 ], [ -76.94631, 39.05242 ], [ -76.94564, 39.05458 ], [ -76.94752, 39.05594 ], [ -76.95122, 39.05691 ], [ -76.95222, 39.05864 ], [ -76.95586, 39.06076 ], [ -76.95653, 39.06013 ], [ -76.95879, 39.06155 ], [ -76.9627, 39.06262 ], [ -76.95232, 39.07808 ], [ -76.94825, 39.08297 ], [ -76.95479, 39.08637 ], [ -76.96098, 39.08727 ], [ -76.96443, 39.08833 ], [ -76.96923, 39.09522 ], [ -76.96502, 39.09798 ], [ -76.96459, 39.09947 ], [ -76.96328, 39.1011 ], [ -76.9636, 39.10368 ], [ -76.96246, 39.11533 ], [ -76.96215, 39.11608 ], [ -76.96696, 39.1166 ], [ -76.97238, 39.11798 ], [ -76.98064, 39.11816 ], [ -76.9872, 39.12082 ], [ -76.98886, 39.12115 ], [ -76.98886, 39.12305 ], [ -76.98989, 39.1263 ], [ -76.98762, 39.1273 ], [ -76.9874, 39.12792 ], [ -76.98821, 39.12805 ], [ -76.99052, 39.12739 ], [ -76.99229, 39.13026 ], [ -76.99489, 39.13602 ], [ -76.996, 39.13963 ], [ -76.9921, 39.13969 ], [ -76.99177, 39.13738 ], [ -76.98862, 39.13871 ], [ -76.98354, 39.13863 ], [ -76.9812, 39.13762 ], [ -76.97845, 39.13808 ], [ -76.97649, 39.13887 ], [ -76.97159, 39.14207 ], [ -76.9687, 39.14231 ], [ -76.96644, 39.14298 ], [ -76.96407, 39.1454 ], [ -76.96297, 39.14584 ], [ -76.95554, 39.14487 ], [ -76.95169, 39.14621 ], [ -76.95001, 39.14435 ], [ -76.95261, 39.14299 ], [ -76.95307, 39.13897 ], [ -76.95547, 39.13809 ], [ -76.95807, 39.13545 ], [ -76.95852, 39.13402 ], [ -76.94858, 39.1296 ], [ -76.94675, 39.12941 ], [ -76.94522, 39.13022 ], [ -76.94369, 39.13211 ], [ -76.94193, 39.13266 ], [ -76.93828, 39.13278 ], [ -76.93569, 39.13427 ], [ -76.93341, 39.1366 ], [ -76.9291, 39.13839 ], [ -76.92776, 39.13807 ], [ -76.92644, 39.13531 ], [ -76.91847, 39.13172 ], [ -76.91764, 39.13014 ], [ -76.91631, 39.12885 ], [ -76.91565, 39.127 ], [ -76.91002, 39.12646 ], [ -76.9073, 39.12549 ], [ -76.90283, 39.12556 ], [ -76.89724, 39.12699 ], [ -76.89366, 39.12838 ], [ -76.88943, 39.13103 ], [ -76.88566, 39.13129 ], [ -76.88436, 39.12696 ], [ -76.8779, 39.12051 ], [ -76.87535, 39.11683 ], [ -76.87281, 39.11459 ], [ -76.8709, 39.11412 ], [ -76.87037, 39.11292 ], [ -76.869, 39.11221 ], [ -76.86222, 39.11035 ], [ -76.85672, 39.11073 ], [ -76.85191, 39.10923 ], [ -76.84908, 39.1091 ], [ -76.84319, 39.10683 ], [ -76.84159, 39.10586 ], [ -76.84036, 39.10314 ], [ -76.8378, 39.10095 ], [ -76.83756, 39.09685 ], [ -76.83561, 39.09664 ], [ -76.83252, 39.09532 ], [ -76.82852, 39.095 ], [ -76.82748, 39.09297 ], [ -76.82712, 39.08983 ], [ -76.83237, 39.08577 ], [ -76.83491, 39.08287 ], [ -76.83272, 39.07594 ], [ -76.83672, 39.0736 ], [ -76.83808, 39.07359 ], [ -76.83739, 39.07015 ], [ -76.83562, 39.06792 ], [ -76.8333, 39.06938 ], [ -76.83153, 39.06916 ], [ -76.82916, 39.06572 ], [ -76.82897, 39.06444 ], [ -76.8275, 39.06572 ], [ -76.82649, 39.06569 ], [ -76.82233, 39.06334 ], [ -76.8212, 39.06354 ], [ -76.81959, 39.06247 ], [ -76.81726, 39.06177 ], [ -76.8162, 39.06262 ], [ -76.81499, 39.06177 ], [ -76.81317, 39.06228 ], [ -76.81054, 39.06092 ], [ -76.80807, 39.06123 ], [ -76.80394, 39.06245 ], [ -76.80203, 39.05935 ], [ -76.80169, 39.0564 ], [ -76.80075, 39.05539 ], [ -76.79571, 39.05457 ], [ -76.79385, 39.05207 ], [ -76.79262, 39.04618 ], [ -76.78759, 39.04463 ], [ -76.78508, 39.04492 ], [ -76.78372, 39.04625 ], [ -76.77653, 39.04531 ], [ -76.77662, 39.04454 ], [ -76.77462, 39.04476 ], [ -76.77379, 39.0437 ], [ -76.77504, 39.04234 ], [ -76.77319, 39.04071 ], [ -76.77029, 39.04087 ], [ -76.76915, 39.03896 ], [ -76.76711, 39.03907 ], [ -76.76539, 39.04044 ], [ -76.76418, 39.03908 ], [ -76.76445, 39.03762 ], [ -76.76131, 39.03538 ], [ -76.757, 39.03776 ], [ -76.75402, 39.03711 ], [ -76.75126, 39.03471 ], [ -76.75343, 39.03234 ], [ -76.76215, 39.02116 ], [ -76.76508, 39.01911 ], [ -76.76693, 39.01834 ], [ -76.76915, 39.02082 ], [ -76.77021, 39.02419 ], [ -76.77113, 39.02578 ], [ -76.77216, 39.02656 ], [ -76.77381, 39.0272 ], [ -76.77436, 39.02668 ], [ -76.77402, 39.02591 ], [ -76.77739, 39.02352 ], [ -76.78481, 39.01949 ], [ -76.78212, 39.01377 ], [ -76.78189, 39.01071 ], [ -76.78342, 39.01066 ], [ -76.78424, 39.00917 ], [ -76.78446, 39.00971 ], [ -76.78386, 39.01064 ], [ -76.78946, 39.01036 ], [ -76.78939, 39.00862 ], [ -76.79308, 39.00899 ], [ -76.79659, 39.00643 ], [ -76.79502, 39.0057 ], [ -76.79362, 39.00133 ], [ -76.80146, 38.99692 ], [ -76.79701, 38.98833 ], [ -76.79438, 38.98472 ], [ -76.79196, 38.98221 ], [ -76.79027, 38.9828 ], [ -76.78835, 38.98267 ], [ -76.78872, 38.98141 ], [ -76.78915, 38.98103 ], [ -76.79018, 38.98037 ], [ -76.79113, 38.98022 ], [ -76.79021, 38.9772 ], [ -76.7888, 38.97564 ], [ -76.78803, 38.97628 ], [ -76.7836, 38.97402 ], [ -76.78749, 38.97391 ], [ -76.78713, 38.97324 ], [ -76.78527, 38.97166 ], [ -76.78301, 38.97261 ], [ -76.78082, 38.97304 ], [ -76.77834, 38.97306 ], [ -76.77356, 38.97229 ], [ -76.77333, 38.96316 ], [ -76.77097, 38.96006 ], [ -76.7704, 38.95708 ], [ -76.77133, 38.94836 ], [ -76.7702, 38.94541 ], [ -76.79043, 38.94376 ], [ -76.7953, 38.94383 ], [ -76.79853, 38.94433 ], [ -76.79856, 38.9441 ], [ -76.81149, 38.94634 ], [ -76.83493, 38.94711 ], [ -76.83908, 38.94686 ], [ -76.83995, 38.94501 ], [ -76.8385, 38.94358 ], [ -76.83588, 38.93871 ], [ -76.83322, 38.93587 ], [ -76.83047, 38.93361 ], [ -76.83202, 38.93301 ], [ -76.83603, 38.92765 ], [ -76.83777, 38.92621 ], [ -76.83921, 38.9217 ], [ -76.84124, 38.91906 ], [ -76.8449, 38.91625 ], [ -76.83867, 38.91283 ], [ -76.83591, 38.90993 ], [ -76.83167, 38.89845 ], [ -76.83931, 38.89475 ], [ -76.84734, 38.89216 ], [ -76.8442, 38.88374 ], [ -76.84387, 38.87207 ], [ -76.84466, 38.86891 ], [ -76.85071, 38.85943 ], [ -76.8529, 38.85715 ], [ -76.85888, 38.85199 ], [ -76.86281, 38.84558 ], [ -76.867, 38.83975 ], [ -76.87423, 38.84096 ], [ -76.87586, 38.83857 ], [ -76.87614, 38.8312 ], [ -76.87386, 38.8307 ], [ -76.87444, 38.8302 ], [ -76.87372, 38.83005 ], [ -76.87766, 38.8268 ], [ -76.87459, 38.82817 ], [ -76.87237, 38.82876 ], [ -76.87794, 38.82637 ], [ -76.88585, 38.82152 ], [ -76.89242, 38.81686 ], [ -76.89366, 38.81542 ], [ -76.89551, 38.81161 ], [ -76.89704, 38.80944 ], [ -76.8997, 38.80741 ], [ -76.90353, 38.8065 ], [ -76.90579, 38.80496 ], [ -76.89974, 38.79579 ], [ -76.89763, 38.79061 ], [ -76.89693, 38.78632 ], [ -76.89592, 38.78437 ], [ -76.88979, 38.77893 ], [ -76.88753, 38.77574 ], [ -76.8848, 38.76831 ], [ -76.87967, 38.75887 ], [ -76.87905, 38.7571 ], [ -76.87946, 38.75045 ], [ -76.87873, 38.74057 ], [ -76.87919, 38.73912 ], [ -76.88163, 38.73499 ], [ -76.88151, 38.73125 ], [ -76.88773, 38.73145 ], [ -76.88787, 38.73109 ], [ -76.89193, 38.72991 ], [ -76.89375, 38.7274 ], [ -76.89615, 38.72801 ], [ -76.89756, 38.72882 ], [ -76.9008, 38.72797 ], [ -76.91009, 38.72091 ], [ -76.91769, 38.72021 ], [ -76.9196, 38.71791 ], [ -76.92087, 38.71517 ], [ -76.92695, 38.71497 ], [ -76.92996, 38.71401 ], [ -76.9329, 38.71167 ], [ -76.93657, 38.7103 ], [ -76.93783, 38.71045 ], [ -76.94147, 38.70826 ], [ -76.94613, 38.70733 ], [ -76.94777, 38.70799 ], [ -76.94881, 38.70614 ], [ -76.95001, 38.7058 ], [ -76.95099, 38.70588 ], [ -76.95245, 38.70753 ], [ -76.95391, 38.7082 ], [ -76.95706, 38.7073 ], [ -76.95986, 38.70793 ], [ -76.9638, 38.70672 ], [ -76.96602, 38.70556 ], [ -76.96985, 38.7068 ], [ -76.97154, 38.70673 ], [ -76.97094, 38.70437 ], [ -76.97182, 38.70374 ], [ -76.97523, 38.70336 ], [ -76.97696, 38.70173 ], [ -76.97745, 38.69925 ], [ -76.97992, 38.69797 ], [ -76.9821, 38.6981 ], [ -76.98551, 38.69941 ], [ -76.98656, 38.69866 ], [ -76.98685, 38.69621 ], [ -76.9882, 38.69316 ], [ -76.99106, 38.68915 ], [ -76.99513, 38.6853 ], [ -77.00206, 38.68621 ], [ -77.00277, 38.69291 ], [ -76.99441, 38.69666 ], [ -76.99266, 38.69619 ], [ -76.99389, 38.69764 ], [ -76.99572, 38.69661 ], [ -76.99658, 38.69738 ], [ -76.99873, 38.69718 ], [ -77.00026, 38.69644 ], [ -77.00136, 38.69702 ], [ -77.00413, 38.69635 ], [ -77.0291, 38.69811 ], [ -77.0434, 38.70361 ], [ -77.03981, 38.70987 ] ] ] } },
{ "type": "Feature", "properties": { "id": "MD-05", "state": "MD", "number": "05", "metro": true, "business_count": 942, "has_data": true }, "geometry": { "type": "MultiPolygon", "coordinates": [ [ [ [ -76.74729, 38.21562 ], [ -76.74461, 38.21303 ], [ -76.74308, 38.21086 ], [ -76.74234, 38.20905 ], [ -76.74291, 38.20815 ], [ -76.74503, 38.20724 ], [ -76.74754, 38.21215 ], [ -76.74729, 38.21562 ] ] ], [ [ [ -76.79636, 38.23816 ], [ -76.79407, 38.23919 ], [ -76.79122, 38.23891 ], [ -76.78979, 38.23844 ], [ -76.79169, 38.23592 ], [ -76.79312, 38.23517 ], [ -76.79653, 38.23648 ], [ -76.79636, 38.23816 ] ] ], [ [ [ -76.81219, 38.25231 ], [ -76.81087, 38.25293 ], [ -76.80881, 38.25188 ], [ -76.80892, 38.25086 ], [ -76.80999, 38.25039 ], [ -76.8119, 38.25142 ], [ -76.81219, 38.25231 ] ] ], [ [ [ -77.2724, 38.48994 ], [ -77.26986, 38.49243 ], [ -77.26701, 38.49857 ], [ -77.26741, 38.50138 ], [ -77.2636, 38.51234 ], [ -77.25673, 38.51896 ], [ -77.25756, 38.52179 ], [ -77.23772, 38.55187 ], [ -77.23491, 38.55332 ], [ -77.22987, 38.55441 ], [ -77.22642, 38.55414 ], [ -77.22112, 38.55522 ], [ -77.21035, 38.56767 ], [ -77.20871, 38.57113 ], [ -77.20662, 38.57355 ], [ -77.19954, 38.57835 ], [ -77.19174, 38.58542 ], [ -77.19195, 38.58619 ], [ -77.19137, 38.5881 ], [ -77.18812, 38.59269 ], [ -77.18666, 38.59627 ], [ -77.18321, 38.60038 ], [ -77.16967, 38.60687 ], [ -77.14865, 38.6056 ], [ -77.14084, 38.61048 ], [ -77.12908, 38.61436 ], [ -77.12463, 38.61978 ], [ -77.11565, 38.62348 ], [ -77.11054, 38.62682 ], [ -77.10709, 38.63072 ], [ -77.10614, 38.63425 ], [ -77.11006, 38.63341 ], [ -77.1302, 38.63502 ], [ -77.1322, 38.64122 ], [ -77.1319, 38.64422 ], [ -77.1359, 38.64982 ], [ -77.1325, 38.67382 ], [ -77.122, 38.68582 ], [ -77.1059, 38.69682 ], [ -77.1027, 38.69832 ], [ -77.099, 38.69861 ], [ -77.0918, 38.70341 ], [ -77.07995, 38.70901 ], [ -77.0808, 38.71031 ], [ -77.08072, 38.71128 ], [ -77.07987, 38.71208 ], [ -77.07956, 38.71283 ], [ -77.07806, 38.71343 ], [ -77.07421, 38.71261 ], [ -77.0735, 38.71131 ], [ -77.07183, 38.71008 ], [ -77.06532, 38.70956 ], [ -77.0532, 38.70992 ], [ -77.0462, 38.71443 ], [ -77.04325, 38.71901 ], [ -77.04149, 38.72591 ], [ -77.04164, 38.73671 ], [ -77.04347, 38.73915 ], [ -77.04228, 38.74128 ], [ -77.04208, 38.74672 ], [ -77.03353, 38.74654 ], [ -77.034, 38.72557 ], [ -77.03981, 38.70987 ], [ -77.0434, 38.70361 ], [ -77.0291, 38.69811 ], [ -77.00413, 38.69635 ], [ -77.00136, 38.69702 ], [ -77.00026, 38.69644 ], [ -76.99873, 38.69718 ], [ -76.99658, 38.69738 ], [ -76.99572, 38.69661 ], [ -76.99389, 38.69764 ], [ -76.99266, 38.69619 ], [ -76.99441, 38.69666 ], [ -77.00277, 38.69291 ], [ -77.00206, 38.68621 ], [ -76.99513, 38.6853 ], [ -76.99106, 38.68915 ], [ -76.9882, 38.69316 ], [ -76.98685, 38.69621 ], [ -76.98656, 38.69866 ], [ -76.98551, 38.69941 ], [ -76.9821, 38.6981 ], [ -76.97992, 38.69797 ], [ -76.97745, 38.69925 ], [ -76.97696, 38.70173 ], [ -76.97523, 38.70336 ], [ -76.97182, 38.70374 ], [ -76.97094, 38.70437 ], [ -76.97154, 38.70673 ], [ -76.96985, 38.7068 ], [ -76.96602, 38.70556 ], [ -76.9638, 38.70672 ], [ -76.95986, 38.70793 ], [ -76.95706, 38.7073 ], [ -76.95391, 38.7082 ], [ -76.95245, 38.70753 ], [ -76.95099, 38.70588 ], [ -76.95001, 38.7058 ], [ -76.94881, 38.70614 ], [ -76.94777, 38.70799 ], [ -76.94613, 38.70733 ], [ -76.94147, 38.70826 ], [ -76.93783, 38.71045 ], [ -76.93657, 38.7103 ], [ -76.9329, 38.71167 ], [ -76.92996, 38.71401 ], [ -76.92695, 38.71497 ], [ -76.92087, 38.71517 ], [ -76.9196, 38.71791 ], [ -76.91769, 38.72021 ], [ -76.91009, 38.72091 ], [ -76.9008, 38.72797 ], [ -76.89756, 38.72882 ], [ -76.89615, 38.72801 ], [ -76.89375, 38.7274 ], [ -76.89193, 38.72991 ], [ -76.88787, 38.73109 ], [ -76.88773, 38.73145 ], [ -76.88151, 38.73125 ], [ -76.88163, 38.73499 ], [ -76.87919, 38.73912 ], [ -76.87873, 38.74057 ], [ -76.87946, 38.75045 ], [ -76.87905, 38.7571 ], [ -76.87967, 38.75887 ], [ -76.8848, 38.76831 ], [ -76.88753, 38.77574 ], [ -76.88979, 38.77893 ], [ -76.89592, 38.78437 ], [ -76.89693, 38.78632 ], [ -76.89763, 38.79061 ], [ -76.89974, 38.79579 ], [ -76.90579, 38.80496 ], [ -76.90353, 38.8065 ], [ -76.8997, 38.80741 ], [ -76.89704, 38.80944 ], [ -76.89551, 38.81161 ], [ -76.89366, 38.81542 ], [ -76.89242, 38.81686 ], [ -76.88585, 38.82152 ], [ -76.87794, 38.82637 ], [ -76.87237, 38.82876 ], [ -76.87459, 38.82817 ], [ -76.87766, 38.8268 ], [ -76.87372, 38.83005 ], [ -76.87444, 38.8302 ], [ -76.87386, 38.8307 ], [ -76.87614, 38.8312 ], [ -76.87586, 38.83857 ], [ -76.87423, 38.84096 ], [ -76.867, 38.83975 ], [ -76.86281, 38.84558 ], [ -76.85888, 38.85199 ], [ -76.8529, 38.85715 ], [ -76.85071, 38.85943 ], [ -76.84466, 38.86891 ], [ -76.84387, 38.87207 ], [ -76.8442, 38.88374 ], [ -76.84734, 38.89216 ], [ -76.83931, 38.89475 ], [ -76.83167, 38.89845 ], [ -76.83591, 38.90993 ], [ -76.83867, 38.91283 ], [ -76.8449, 38.91625 ], [ -76.84124, 38.91906 ], [ -76.83921, 38.9217 ], [ -76.83777, 38.92621 ], [ -76.83603, 38.92765 ], [ -76.83202, 38.93301 ], [ -76.83047, 38.93361 ], [ -76.83322, 38.93587 ], [ -76.83588, 38.93871 ], [ -76.8385, 38.94358 ], [ -76.83995, 38.94501 ], [ -76.83908, 38.94686 ], [ -76.83493, 38.94711 ], [ -76.81149, 38.94634 ], [ -76.79856, 38.9441 ], [ -76.79853, 38.94433 ], [ -76.7953, 38.94383 ], [ -76.79043, 38.94376 ], [ -76.7702, 38.94541 ], [ -76.77133, 38.94836 ], [ -76.7704, 38.95708 ], [ -76.77097, 38.96006 ], [ -76.77333, 38.96316 ], [ -76.77356, 38.97229 ], [ -76.77834, 38.97306 ], [ -76.78082, 38.97304 ], [ -76.78301, 38.97261 ], [ -76.78527, 38.97166 ], [ -76.78713, 38.97324 ], [ -76.78749, 38.97391 ], [ -76.7836, 38.97402 ], [ -76.78803, 38.97628 ], [ -76.7888, 38.97564 ], [ -76.79021, 38.9772 ], [ -76.79113, 38.98022 ], [ -76.79018, 38.98037 ], [ -76.78915, 38.98103 ], [ -76.78872, 38.98141 ], [ -76.78835, 38.98267 ], [ -76.79027, 38.9828 ], [ -76.79196, 38.98221 ], [ -76.79438, 38.98472 ], [ -76.79701, 38.98833 ], [ -76.80146, 38.99692 ], [ -76.79362, 39.00133 ], [ -76.79502, 39.0057 ], [ -76.79659, 39.00643 ], [ -76.79308, 39.00899 ], [ -76.78939, 39.00862 ], [ -76.78946, 39.01036 ], [ -76.78386, 39.01064 ], [ -76.78446, 39.00971 ], [ -76.78424, 39.00917 ], [ -76.78342, 39.01066 ], [ -76.78189, 39.01071 ], [ -76.78212, 39.01377 ], [ -76.78481, 39.01949 ], [ -76.77739, 39.02352 ], [ -76.77402, 39.02591 ], [ -76.77436, 39.02668 ], [ -76.77381, 39.0272 ], [ -76.77216, 39.02656 ], [ -76.77113, 39.02578 ], [ -76.77021, 39.02419 ], [ -76.76915, 39.02082 ], [ -76.76693, 39.01834 ], [ -76.76508, 39.01911 ], [ -76.76215, 39.02116 ], [ -76.75343, 39.03234 ], [ -76.75126, 39.03471 ], [ -76.75402, 39.03711 ], [ -76.757, 39.03776 ], [ -76.76131, 39.03538 ], [ -76.76445, 39.03762 ], [ -76.76418, 39.03908 ], [ -76.76539, 39.04044 ], [ -76.76711, 39.03907 ], [ -76.76915, 39.03896 ], [ -76.77029, 39.04087 ], [ -76.77319, 39.04071 ], [ -76.77504, 39.04234 ], [ -76.77379, 39.0437 ], [ -76.77462, 39.04476 ], [ -76.77662, 39.04454 ], [ -76.77653, 39.04531 ], [ -76.78372, 39.04625 ], [ -76.78508, 39.04492 ], [ -76.78759, 39.04463 ], [ -76.79262, 39.04618 ], [ -76.79385, 39.05207 ], [ -76.79571, 39.05457 ], [ -76.80075, 39.05539 ], [ -76.80169, 39.0564 ], [ -76.80203, 39.05935 ], [ -76.80394, 39.06245 ], [ -76.80807, 39.06123 ], [ -76.81054, 39.06092 ], [ -76.81317, 39.06228 ], [ -76.81499, 39.06177 ], [ -76.8162, 39.06262 ], [ -76.81726, 39.06177 ], [ -76.81959, 39.06247 ], [ -76.8212, 39.06354 ], [ -76.82233, 39.06334 ], [ -76.82649, 39.06569 ], [ -76.8275, 39.06572 ], [ -76.82897, 39.06444 ], [ -76.82916, 39.06572 ], [ -76.83153, 39.06916 ], [ -76.8333, 39.06938 ], [ -76.83562, 39.06792 ], [ -76.83739, 39.07015 ], [ -76.83808, 39.07359 ], [ -76.83672, 39.0736 ], [ -76.83272, 39.07594 ], [ -76.83491, 39.08287 ], [ -76.83237, 39.08577 ], [ -76.82712, 39.08983 ], [ -76.82748, 39.09297 ], [ -76.82852, 39.095 ], [ -76.83252, 39.09532 ], [ -76.83561, 39.09664 ], [ -76.83756, 39.09685 ], [ -76.8378, 39.10095 ], [ -76.84036, 39.10314 ], [ -76.83849, 39.10421 ], [ -76.83047, 39.10662 ], [ -76.82871, 39.10758 ], [ -76.82667, 39.10995 ], [ -76.82572, 39.11555 ], [ -76.82461, 39.11722 ], [ -76.82272, 39.11867 ], [ -76.81615, 39.12143 ], [ -76.81203, 39.12273 ], [ -76.80705, 39.12293 ], [ -76.80118, 39.12219 ], [ -76.7974, 39.12258 ], [ -76.795, 39.12325 ], [ -76.7905, 39.1255 ], [ -76.78646, 39.12951 ], [ -76.78518, 39.13208 ], [ -76.7842, 39.1396 ], [ -76.78262, 39.14381 ], [ -76.77696, 39.15088 ], [ -76.77543, 39.1493 ], [ -76.76987, 39.14655 ], [ -76.76721, 39.1503 ], [ -76.76533, 39.14925 ], [ -76.76454, 39.14724 ], [ -76.76274, 39.14612 ], [ -76.76358, 39.14284 ], [ -76.7581, 39.14156 ], [ -76.75544, 39.14005 ], [ -76.75931, 39.13256 ], [ -76.75851, 39.13282 ], [ -76.75727, 39.13094 ], [ -76.75742, 39.12669 ], [ -76.75435, 39.12781 ], [ -76.75207, 39.12703 ], [ -76.74922, 39.12977 ], [ -76.74403, 39.12889 ], [ -76.74543, 39.12593 ], [ -76.74004, 39.12616 ], [ -76.73981, 39.12875 ], [ -76.73834, 39.13005 ], [ -76.73829, 39.1305 ], [ -76.73575, 39.12816 ], [ -76.73263, 39.12863 ], [ -76.72858, 39.12469 ], [ -76.72641, 39.12535 ], [ -76.72071, 39.12309 ], [ -76.71712, 39.12083 ], [ -76.71916, 39.12039 ], [ -76.71659, 39.11771 ], [ -76.71777, 39.11683 ], [ -76.715, 39.11421 ], [ -76.7196, 39.11092 ], [ -76.71399, 39.11219 ], [ -76.71196, 39.11203 ], [ -76.70761, 39.10985 ], [ -76.70832, 39.10811 ], [ -76.70469, 39.11195 ], [ -76.70343, 39.10973 ], [ -76.70132, 39.10812 ], [ -76.6997, 39.10768 ], [ -76.70129, 39.10158 ], [ -76.69675, 39.10132 ], [ -76.69409, 39.10061 ], [ -76.69139, 39.0988 ], [ -76.68931, 39.09647 ], [ -76.68802, 39.0976 ], [ -76.68635, 39.10161 ], [ -76.68554, 39.10198 ], [ -76.68474, 39.09999 ], [ -76.68172, 39.0953 ], [ -76.6818, 39.09295 ], [ -76.67805, 39.08958 ], [ -76.67704, 39.08775 ], [ -76.67594, 39.0814 ], [ -76.67539, 39.07972 ], [ -76.66625, 39.07726 ], [ -76.66175, 39.07528 ], [ -76.6635, 39.07211 ], [ -76.66559, 39.07071 ], [ -76.66258, 39.06993 ], [ -76.65819, 39.07018 ], [ -76.6559, 39.06859 ], [ -76.65199, 39.06952 ], [ -76.64848, 39.06674 ], [ -76.65112, 39.06708 ], [ -76.65081, 39.06478 ], [ -76.65366, 39.06065 ], [ -76.65491, 39.06154 ], [ -76.65696, 39.06065 ], [ -76.65487, 39.05915 ], [ -76.65703, 39.05722 ], [ -76.66613, 39.04671 ], [ -76.66954, 39.04353 ], [ -76.66169, 39.03897 ], [ -76.65995, 39.03879 ], [ -76.65725, 39.03775 ], [ -76.65588, 39.03784 ], [ -76.65429, 39.03635 ], [ -76.65104, 39.03105 ], [ -76.6504, 39.028 ], [ -76.65061, 39.02753 ], [ -76.65493, 39.02483 ], [ -76.65791, 39.0238 ], [ -76.65807, 39.02327 ], [ -76.6568, 39.02298 ], [ -76.65404, 39.02318 ], [ -76.65144, 39.02193 ], [ -76.64924, 39.01964 ], [ -76.64781, 39.01914 ], [ -76.64638, 39.01677 ], [ -76.645, 39.01593 ], [ -76.64404, 39.01355 ], [ -76.64287, 39.0131 ], [ -76.64015, 39.0083 ], [ -76.63872, 39.00361 ], [ -76.63535, 39.00056 ], [ -76.63403, 38.99784 ], [ -76.63179, 38.99575 ], [ -76.62931, 38.99427 ], [ -76.6269, 38.99045 ], [ -76.62502, 38.98837 ], [ -76.62137, 38.98642 ], [ -76.61607, 38.98544 ], [ -76.61132, 38.98349 ], [ -76.60891, 38.98611 ], [ -76.60772, 38.98295 ], [ -76.60486, 38.98134 ], [ -76.60405, 38.98039 ], [ -76.60167, 38.97175 ], [ -76.60098, 38.97058 ], [ -76.59906, 38.9694 ], [ -76.59489, 38.96302 ], [ -76.59373, 38.96198 ], [ -76.58773, 38.96267 ], [ -76.58639, 38.96216 ], [ -76.58558, 38.96077 ], [ -76.58125, 38.95908 ], [ -76.57568, 38.95619 ], [ -76.57073, 38.95447 ], [ -76.56739, 38.9543 ], [ -76.55502, 38.95145 ], [ -76.54427, 38.94729 ], [ -76.52772, 38.93641 ], [ -76.51838, 38.92921 ], [ -76.50622, 38.92124 ], [ -76.50912, 38.91987 ], [ -76.50888, 38.91581 ], [ -76.50734, 38.91294 ], [ -76.49973, 38.90859 ], [ -76.4945, 38.90933 ], [ -76.49522, 38.90526 ], [ -76.49318, 38.90379 ], [ -76.49388, 38.89961 ], [ -76.49278, 38.89561 ], [ -76.49088, 38.89451 ], [ -76.48938, 38.88741 ], [ -76.49068, 38.88481 ], [ -76.51944, 38.86313 ], [ -76.52207, 38.86243 ], [ -76.52825, 38.86294 ], [ -76.53443, 38.8628 ], [ -76.53847, 38.86142 ], [ -76.53752, 38.85855 ], [ -76.53645, 38.85179 ], [ -76.53764, 38.84855 ], [ -76.5254, 38.85151 ], [ -76.52314, 38.85142 ], [ -76.52196, 38.8505 ], [ -76.51994, 38.85012 ], [ -76.51494, 38.85216 ], [ -76.50746, 38.848 ], [ -76.50651, 38.84605 ], [ -76.5033, 38.8455 ], [ -76.50187, 38.84864 ], [ -76.50009, 38.84985 ], [ -76.49977, 38.85221 ], [ -76.49658, 38.85312 ], [ -76.49444, 38.85072 ], [ -76.49346, 38.84825 ], [ -76.49308, 38.8443 ], [ -76.49104, 38.84294 ], [ -76.48988, 38.83872 ], [ -76.49139, 38.83471 ], [ -76.49422, 38.83231 ], [ -76.49576, 38.83007 ], [ -76.49572, 38.82778 ], [ -76.49692, 38.82171 ], [ -76.49888, 38.81752 ], [ -76.49794, 38.8148 ], [ -76.50038, 38.81394 ], [ -76.50146, 38.81159 ], [ -76.50441, 38.81116 ], [ -76.50666, 38.80979 ], [ -76.50581, 38.80805 ], [ -76.50627, 38.80555 ], [ -76.50811, 38.80549 ], [ -76.51008, 38.80122 ], [ -76.52468, 38.79502 ], [ -76.52748, 38.79182 ], [ -76.52698, 38.78702 ], [ -76.53538, 38.77812 ], [ -76.53937, 38.77469 ], [ -76.5439, 38.77442 ], [ -76.54958, 38.77285 ], [ -76.55487, 38.7703 ], [ -76.55988, 38.76736 ], [ -76.56001, 38.76263 ], [ -76.55917, 38.75868 ], [ -76.55423, 38.75395 ], [ -76.55393, 38.75277 ], [ -76.55432, 38.75044 ], [ -76.55586, 38.74836 ], [ -76.55683, 38.7476 ], [ -76.55754, 38.74469 ], [ -76.55274, 38.73535 ], [ -76.54943, 38.73139 ], [ -76.54448, 38.72771 ], [ -76.54134, 38.7285 ], [ -76.53714, 38.72694 ], [ -76.53552, 38.72815 ], [ -76.52987, 38.72843 ], [ -76.52718, 38.72706 ], [ -76.5262, 38.72429 ], [ -76.5275, 38.71569 ], [ -76.52882, 38.71089 ], [ -76.53131, 38.70653 ], [ -76.53254, 38.69967 ], [ -76.5324, 38.67836 ], [ -76.52462, 38.64596 ], [ -76.51555, 38.62936 ], [ -76.51513, 38.62376 ], [ -76.51285, 38.6195 ], [ -76.51225, 38.61657 ], [ -76.51128, 38.61574 ], [ -76.51634, 38.59023 ], [ -76.51721, 38.57311 ], [ -76.51613, 38.56886 ], [ -76.51609, 38.56572 ], [ -76.51511, 38.55576 ], [ -76.51751, 38.53915 ], [ -76.51749, 38.53566 ], [ -76.51571, 38.52899 ], [ -76.51103, 38.51604 ], [ -76.50602, 38.50461 ], [ -76.4927, 38.48285 ], [ -76.48399, 38.47411 ], [ -76.47354, 38.46644 ], [ -76.4558, 38.45123 ], [ -76.4543, 38.44964 ], [ -76.45398, 38.44853 ], [ -76.45459, 38.44679 ], [ -76.45094, 38.44242 ], [ -76.43627, 38.43343 ], [ -76.41538, 38.41468 ], [ -76.41373, 38.41221 ], [ -76.41353, 38.40933 ], [ -76.40757, 38.40297 ], [ -76.4049, 38.39824 ], [ -76.40271, 38.396 ], [ -76.40252, 38.3944 ], [ -76.39484, 38.3894 ], [ -76.38187, 38.38638 ], [ -76.38148, 38.38525 ], [ -76.38623, 38.38201 ], [ -76.38917, 38.37859 ], [ -76.39091, 38.37506 ], [ -76.3904, 38.372 ], [ -76.38692, 38.36351 ], [ -76.387, 38.36127 ], [ -76.40494, 38.34109 ], [ -76.4121, 38.33138 ], [ -76.41922, 38.32292 ], [ -76.42138, 38.31893 ], [ -76.42688, 38.32277 ], [ -76.43294, 38.32455 ], [ -76.43805, 38.32529 ], [ -76.44637, 38.3238 ], [ -76.45136, 38.32324 ], [ -76.45184, 38.3211 ], [ -76.4541, 38.31737 ], [ -76.45576, 38.31653 ], [ -76.46206, 38.32501 ], [ -76.46498, 38.32569 ], [ -76.46824, 38.32893 ], [ -76.47478, 38.32212 ], [ -76.47501, 38.32063 ], [ -76.47692, 38.31709 ], [ -76.47632, 38.31354 ], [ -76.47359, 38.31065 ], [ -76.47085, 38.30907 ], [ -76.46815, 38.30566 ], [ -76.46384, 38.29928 ], [ -76.45921, 38.29443 ], [ -76.44186, 38.29163 ], [ -76.43758, 38.29265 ], [ -76.43508, 38.29275 ], [ -76.42926, 38.29443 ], [ -76.42653, 38.29694 ], [ -76.42391, 38.30067 ], [ -76.42272, 38.30478 ], [ -76.40894, 38.3045 ], [ -76.40727, 38.30562 ], [ -76.40311, 38.30608 ], [ -76.40181, 38.30655 ], [ -76.40121, 38.30851 ], [ -76.40008, 38.30948 ], [ -76.39573, 38.30863 ], [ -76.38149, 38.30313 ], [ -76.37502, 38.29942 ], [ -76.37531, 38.29732 ], [ -76.37662, 38.29453 ], [ -76.38711, 38.2856 ], [ -76.39417, 38.27823 ], [ -76.39635, 38.27448 ], [ -76.39885, 38.267 ], [ -76.39839, 38.26567 ], [ -76.39932, 38.25928 ], [ -76.39633, 38.24869 ], [ -76.39318, 38.24117 ], [ -76.38524, 38.21775 ], [ -76.36188, 38.19205 ], [ -76.35722, 38.18278 ], [ -76.35352, 38.17813 ], [ -76.33436, 38.15968 ], [ -76.33288, 38.1571 ], [ -76.33276, 38.15541 ], [ -76.32837, 38.14897 ], [ -76.32566, 38.14761 ], [ -76.32014, 38.13834 ], [ -76.33383, 38.1256 ], [ -76.33853, 38.11947 ], [ -76.33977, 38.12055 ], [ -76.34132, 38.11933 ], [ -76.34084, 38.11644 ], [ -76.3374, 38.11082 ], [ -76.33193, 38.0996 ], [ -76.33098, 38.09483 ], [ -76.33089, 38.08447 ], [ -76.32976, 38.07241 ], [ -76.3218, 38.04966 ], [ -76.32085, 38.04359 ], [ -76.32153, 38.03903 ], [ -76.32216, 38.0379 ], [ -76.32315, 38.04151 ], [ -76.32664, 38.0486 ], [ -76.33018, 38.05119 ], [ -76.33745, 38.0535 ], [ -76.3414, 38.0537 ], [ -76.35275, 38.05318 ], [ -76.3551, 38.05685 ], [ -76.35684, 38.057 ], [ -76.36124, 38.05954 ], [ -76.3657, 38.06694 ], [ -76.37179, 38.07957 ], [ -76.37162, 38.08174 ], [ -76.37602, 38.08567 ], [ -76.38205, 38.08978 ], [ -76.38422, 38.09193 ], [ -76.39066, 38.09407 ], [ -76.38987, 38.09782 ], [ -76.39033, 38.10012 ], [ -76.39234, 38.1029 ], [ -76.40537, 38.10697 ], [ -76.41316, 38.10688 ], [ -76.41655, 38.10446 ], [ -76.42121, 38.10604 ], [ -76.42226, 38.10966 ], [ -76.42546, 38.11466 ], [ -76.43042, 38.11938 ], [ -76.42905, 38.12232 ], [ -76.42924, 38.12374 ], [ -76.4302, 38.126 ], [ -76.43438, 38.13085 ], [ -76.43757, 38.13611 ], [ -76.43782, 38.13784 ], [ -76.43651, 38.14093 ], [ -76.43544, 38.14663 ], [ -76.43699, 38.14794 ], [ -76.43949, 38.14913 ], [ -76.4415, 38.15102 ], [ -76.43817, 38.15242 ], [ -76.43508, 38.15495 ], [ -76.43793, 38.15981 ], [ -76.43889, 38.16083 ], [ -76.45006, 38.15924 ], [ -76.45826, 38.15626 ], [ -76.46158, 38.15467 ], [ -76.46705, 38.15345 ], [ -76.46967, 38.15336 ], [ -76.46883, 38.14906 ], [ -76.46527, 38.14541 ], [ -76.46432, 38.14093 ], [ -76.46123, 38.13934 ], [ -76.46099, 38.13541 ], [ -76.46187, 38.13139 ], [ -76.46415, 38.129 ], [ -76.4698, 38.11926 ], [ -76.46974, 38.11553 ], [ -76.4664, 38.11139 ], [ -76.46548, 38.1066 ], [ -76.47031, 38.10368 ], [ -76.47327, 38.10303 ], [ -76.4754, 38.10422 ], [ -76.47561, 38.10596 ], [ -76.47782, 38.10886 ], [ -76.48104, 38.11587 ], [ -76.49832, 38.13417 ], [ -76.50212, 38.13888 ], [ -76.50883, 38.14071 ], [ -76.51482, 38.14122 ], [ -76.51849, 38.14095 ], [ -76.52242, 38.13939 ], [ -76.52987, 38.13408 ], [ -76.53297, 38.14662 ], [ -76.5354, 38.14643 ], [ -76.53767, 38.15028 ], [ -76.54038, 38.15299 ], [ -76.54533, 38.16537 ], [ -76.54733, 38.17567 ], [ -76.54964, 38.17728 ], [ -76.55031, 38.18314 ], [ -76.55296, 38.18721 ], [ -76.56013, 38.19398 ], [ -76.5663, 38.19849 ], [ -76.57258, 38.20362 ], [ -76.58062, 38.2071 ], [ -76.59064, 38.21421 ], [ -76.59433, 38.21581 ], [ -76.60574, 38.21851 ], [ -76.61963, 38.22281 ], [ -76.63254, 38.22566 ], [ -76.6473, 38.22513 ], [ -76.65279, 38.22639 ], [ -76.65861, 38.2291 ], [ -76.65991, 38.23054 ], [ -76.66584, 38.23281 ], [ -76.67346, 38.2344 ], [ -76.68393, 38.23412 ], [ -76.68598, 38.23277 ], [ -76.68726, 38.23555 ], [ -76.68762, 38.23938 ], [ -76.68714, 38.24134 ], [ -76.69903, 38.24068 ], [ -76.70247, 38.23844 ], [ -76.70489, 38.23363 ], [ -76.70797, 38.23437 ], [ -76.71457, 38.23268 ], [ -76.71638, 38.23323 ], [ -76.71986, 38.23315 ], [ -76.71923, 38.23788 ], [ -76.72065, 38.23984 ], [ -76.7222, 38.24106 ], [ -76.73206, 38.246 ], [ -76.73599, 38.24274 ], [ -76.73646, 38.24003 ], [ -76.74005, 38.23523 ], [ -76.74466, 38.23256 ], [ -76.74479, 38.22777 ], [ -76.74935, 38.22527 ], [ -76.75229, 38.22212 ], [ -76.75928, 38.22419 ], [ -76.76391, 38.226 ], [ -76.77271, 38.22704 ], [ -76.77863, 38.22847 ], [ -76.78016, 38.23097 ], [ -76.77886, 38.23443 ], [ -76.77696, 38.23443 ], [ -76.77577, 38.23564 ], [ -76.776, 38.23807 ], [ -76.77791, 38.24134 ], [ -76.77779, 38.24292 ], [ -76.77981, 38.24451 ], [ -76.78159, 38.24535 ], [ -76.78361, 38.24507 ], [ -76.78551, 38.24554 ], [ -76.78634, 38.24694 ], [ -76.78516, 38.2475 ], [ -76.78551, 38.24936 ], [ -76.78884, 38.25123 ], [ -76.79062, 38.25132 ], [ -76.79918, 38.24983 ], [ -76.80084, 38.24992 ], [ -76.80595, 38.25227 ], [ -76.80522, 38.25365 ], [ -76.80572, 38.26234 ], [ -76.80661, 38.26591 ], [ -76.809, 38.26897 ], [ -76.80405, 38.27362 ], [ -76.80215, 38.2767 ], [ -76.80235, 38.28074 ], [ -76.80705, 38.28541 ], [ -76.8132, 38.28678 ], [ -76.81403, 38.29135 ], [ -76.81843, 38.29592 ], [ -76.82069, 38.29769 ], [ -76.82157, 38.29983 ], [ -76.82489, 38.30115 ], [ -76.82544, 38.30296 ], [ -76.82295, 38.30627 ], [ -76.82307, 38.30907 ], [ -76.8252, 38.3114 ], [ -76.82865, 38.31354 ], [ -76.83317, 38.32669 ], [ -76.83269, 38.33014 ], [ -76.83507, 38.33387 ], [ -76.83816, 38.33592 ], [ -76.84161, 38.33676 ], [ -76.834, 38.34151 ], [ -76.82984, 38.34188 ], [ -76.82711, 38.34738 ], [ -76.8561, 38.35857 ], [ -76.85895, 38.35764 ], [ -76.85991, 38.35447 ], [ -76.85848, 38.3526 ], [ -76.86383, 38.34384 ], [ -76.86668, 38.34235 ], [ -76.86929, 38.33872 ], [ -76.86929, 38.33368 ], [ -76.86989, 38.33182 ], [ -76.86609, 38.32744 ], [ -76.86216, 38.32529 ], [ -76.85872, 38.32482 ], [ -76.85664, 38.32224 ], [ -76.85539, 38.31932 ], [ -76.85159, 38.31597 ], [ -76.85385, 38.31429 ], [ -76.85444, 38.31298 ], [ -76.85373, 38.31149 ], [ -76.85301, 38.30786 ], [ -76.85301, 38.30478 ], [ -76.84672, 38.3003 ], [ -76.84576, 38.299 ], [ -76.84625, 38.29772 ], [ -76.84622, 38.29177 ], [ -76.84038, 38.28918 ], [ -76.83818, 38.28195 ], [ -76.83741, 38.2771 ], [ -76.8348, 38.27401 ], [ -76.83371, 38.27327 ], [ -76.83574, 38.27211 ], [ -76.84055, 38.26431 ], [ -76.83779, 38.26161 ], [ -76.83964, 38.25718 ], [ -76.84214, 38.25449 ], [ -76.84707, 38.25616 ], [ -76.85308, 38.26147 ], [ -76.86429, 38.26895 ], [ -76.88878, 38.27855 ], [ -76.89403, 38.2817 ], [ -76.90476, 38.28686 ], [ -76.90741, 38.28847 ], [ -76.91807, 38.2915 ], [ -76.92093, 38.29157 ], [ -76.92299, 38.29116 ], [ -76.92394, 38.28972 ], [ -76.92492, 38.29071 ], [ -76.92486, 38.29237 ], [ -76.92611, 38.29443 ], [ -76.92445, 38.29879 ], [ -76.9239, 38.30171 ], [ -76.92372, 38.30672 ], [ -76.92218, 38.31134 ], [ -76.92363, 38.31493 ], [ -76.9255, 38.31636 ], [ -76.92955, 38.32109 ], [ -76.93026, 38.32309 ], [ -76.93553, 38.32645 ], [ -76.94213, 38.3296 ], [ -76.94601, 38.33187 ], [ -76.95246, 38.33323 ], [ -76.95703, 38.33559 ], [ -76.961, 38.33855 ], [ -76.96715, 38.34157 ], [ -76.97247, 38.34278 ], [ -76.97825, 38.34228 ], [ -76.9755, 38.34605 ], [ -76.9751, 38.34875 ], [ -76.97698, 38.35374 ], [ -76.97608, 38.35594 ], [ -76.98015, 38.36049 ], [ -76.98191, 38.3612 ], [ -76.98358, 38.363 ], [ -76.98449, 38.37255 ], [ -76.9843, 38.37469 ], [ -76.98627, 38.38215 ], [ -76.9868, 38.38588 ], [ -76.98813, 38.38857 ], [ -76.98806, 38.39118 ], [ -76.98757, 38.39304 ], [ -76.98828, 38.39498 ], [ -76.99211, 38.39893 ], [ -76.99367, 38.40231 ], [ -76.99859, 38.40929 ], [ -77.00164, 38.42195 ], [ -77.00748, 38.43132 ], [ -77.01246, 38.43671 ], [ -77.01637, 38.44557 ], [ -77.04064, 38.44462 ], [ -77.05063, 38.43979 ], [ -77.05182, 38.43856 ], [ -77.06473, 38.431 ], [ -77.06601, 38.42921 ], [ -77.06989, 38.42613 ], [ -77.07312, 38.42563 ], [ -77.07549, 38.42471 ], [ -77.07911, 38.42178 ], [ -77.08639, 38.41475 ], [ -77.09107, 38.40755 ], [ -77.09985, 38.40781 ], [ -77.1014, 38.40705 ], [ -77.10657, 38.40624 ], [ -77.11059, 38.40921 ], [ -77.12332, 38.41065 ], [ -77.12501, 38.40851 ], [ -77.12542, 38.40599 ], [ -77.12774, 38.40083 ], [ -77.13291, 38.39664 ], [ -77.13673, 38.3918 ], [ -77.14731, 38.3862 ], [ -77.15116, 38.38537 ], [ -77.15646, 38.383 ], [ -77.16605, 38.376 ], [ -77.16856, 38.37508 ], [ -77.17157, 38.37456 ], [ -77.17531, 38.37241 ], [ -77.17947, 38.36854 ], [ -77.18668, 38.36564 ], [ -77.20033, 38.36182 ], [ -77.20354, 38.36158 ], [ -77.20731, 38.35987 ], [ -77.21673, 38.36316 ], [ -77.22398, 38.36861 ], [ -77.23383, 38.37411 ], [ -77.23637, 38.37425 ], [ -77.24694, 38.38022 ], [ -77.25017, 38.38278 ], [ -77.253, 38.38808 ], [ -77.25365, 38.39354 ], [ -77.25558, 38.39635 ], [ -77.25726, 38.39739 ], [ -77.25757, 38.40226 ], [ -77.26141, 38.40845 ], [ -77.26382, 38.41126 ], [ -77.26512, 38.4135 ], [ -77.26561, 38.41584 ], [ -77.26335, 38.42084 ], [ -77.25799, 38.4278 ], [ -77.25672, 38.43045 ], [ -77.25751, 38.43398 ], [ -77.26116, 38.4387 ], [ -77.26399, 38.44074 ], [ -77.26588, 38.4438 ], [ -77.26293, 38.44936 ], [ -77.26266, 38.45267 ], [ -77.26467, 38.45605 ], [ -77.26941, 38.46029 ], [ -77.27087, 38.46407 ], [ -77.26954, 38.46645 ], [ -77.26729, 38.4675 ], [ -77.26573, 38.47124 ], [ -77.26616, 38.47387 ], [ -77.26933, 38.47537 ], [ -77.27177, 38.47774 ], [ -77.27235, 38.47977 ], [ -77.27422, 38.48177 ], [ -77.2724, 38.48994 ] ] ] ] } },
{ "type": "Feature", "properties": { "id": "MD-06", "state": "MD", "number": "06", "metro": true, "business_count": 1815, "has_data": true }, "geometry": { "type": "Polygon", "coordinates": [ [ [ -79.48765, 39.27995 ], [ -79.48681, 39.29637 ], [ -79.48607, 39.3443 ], [ -79.48437, 39.3443 ], [ -79.48237, 39.53169 ], [ -79.47887, 39.53169 ], [ -79.47776, 39.64228 ], [ -79.47697, 39.64299 ], [ -79.47657, 39.64421 ], [ -79.47666, 39.72108 ], [ -79.04555, 39.72288 ], [ -78.72353, 39.72304 ], [ -78.57589, 39.72256 ], [ -78.54641, 39.72287 ], [ -78.5377, 39.72249 ], [ -78.46142, 39.72287 ], [ -78.43884, 39.72248 ], [ -78.33711, 39.72246 ], [ -78.33071, 39.72269 ], [ -77.87472, 39.72222 ], [ -77.72411, 39.72089 ], [ -77.53476, 39.72013 ], [ -77.21702, 39.72 ], [ -77.21571, 39.71924 ], [ -77.21459, 39.71686 ], [ -77.21544, 39.71467 ], [ -77.21544, 39.71301 ], [ -77.21854, 39.7114 ], [ -77.2237, 39.71073 ], [ -77.22574, 39.70985 ], [ -77.22656, 39.70847 ], [ -77.22664, 39.70664 ], [ -77.22432, 39.70453 ], [ -77.21864, 39.70296 ], [ -77.21616, 39.70135 ], [ -77.21519, 39.69922 ], [ -77.21626, 39.69741 ], [ -77.21778, 39.69634 ], [ -77.22597, 39.69384 ], [ -77.22936, 39.69432 ], [ -77.23702, 39.69472 ], [ -77.23966, 39.69567 ], [ -77.24299, 39.69501 ], [ -77.24444, 39.69228 ], [ -77.244, 39.69087 ], [ -77.24238, 39.69038 ], [ -77.23866, 39.68693 ], [ -77.23681, 39.68625 ], [ -77.23596, 39.68521 ], [ -77.23637, 39.68118 ], [ -77.23438, 39.67901 ], [ -77.23447, 39.6776 ], [ -77.23679, 39.67457 ], [ -77.24072, 39.6721 ], [ -77.24319, 39.66993 ], [ -77.24507, 39.66958 ], [ -77.24928, 39.66748 ], [ -77.25423, 39.66782 ], [ -77.2549, 39.66728 ], [ -77.25525, 39.66371 ], [ -77.25584, 39.66321 ], [ -77.26215, 39.66517 ], [ -77.26469, 39.66376 ], [ -77.26642, 39.66202 ], [ -77.2666, 39.66141 ], [ -77.26522, 39.65815 ], [ -77.26536, 39.65615 ], [ -77.26614, 39.65507 ], [ -77.26988, 39.65355 ], [ -77.27247, 39.65154 ], [ -77.27562, 39.64713 ], [ -77.27547, 39.64634 ], [ -77.27237, 39.64354 ], [ -77.27127, 39.642 ], [ -77.27203, 39.64094 ], [ -77.27608, 39.63963 ], [ -77.27726, 39.63889 ], [ -77.27922, 39.63628 ], [ -77.27585, 39.63266 ], [ -77.2772, 39.63129 ], [ -77.27997, 39.63078 ], [ -77.28384, 39.63092 ], [ -77.29146, 39.63058 ], [ -77.29359, 39.63119 ], [ -77.29481, 39.63209 ], [ -77.29548, 39.63361 ], [ -77.29754, 39.63494 ], [ -77.29833, 39.63619 ], [ -77.29843, 39.63814 ], [ -77.29998, 39.63929 ], [ -77.3026, 39.64021 ], [ -77.30717, 39.64111 ], [ -77.31116, 39.63973 ], [ -77.31136, 39.63803 ], [ -77.30978, 39.63614 ], [ -77.30956, 39.63076 ], [ -77.30778, 39.62818 ], [ -77.30535, 39.62642 ], [ -77.30178, 39.62574 ], [ -77.30055, 39.62516 ], [ -77.29949, 39.62358 ], [ -77.30179, 39.6212 ], [ -77.30568, 39.62047 ], [ -77.30742, 39.6191 ], [ -77.30518, 39.61685 ], [ -77.3035, 39.61581 ], [ -77.30163, 39.61355 ], [ -77.29977, 39.61228 ], [ -77.29573, 39.6114 ], [ -77.29401, 39.61033 ], [ -77.2903, 39.60664 ], [ -77.29051, 39.60451 ], [ -77.28775, 39.60452 ], [ -77.28735, 39.60649 ], [ -77.28582, 39.60775 ], [ -77.28321, 39.60724 ], [ -77.27986, 39.60706 ], [ -77.27624, 39.60625 ], [ -77.27157, 39.60622 ], [ -77.27007, 39.60497 ], [ -77.26979, 39.60352 ], [ -77.27092, 39.60122 ], [ -77.27001, 39.60004 ], [ -77.26642, 39.59873 ], [ -77.2637, 39.59477 ], [ -77.26276, 39.59406 ], [ -77.26009, 39.59401 ], [ -77.2596, 39.59498 ], [ -77.26119, 39.59678 ], [ -77.26203, 39.59943 ], [ -77.26016, 39.60251 ], [ -77.25801, 39.60375 ], [ -77.25651, 39.60377 ], [ -77.25348, 39.60283 ], [ -77.25085, 39.60159 ], [ -77.25, 39.60027 ], [ -77.25023, 39.59878 ], [ -77.2484, 39.59507 ], [ -77.24625, 39.59304 ], [ -77.23878, 39.58897 ], [ -77.23905, 39.58492 ], [ -77.23801, 39.5844 ], [ -77.23443, 39.58806 ], [ -77.23073, 39.58902 ], [ -77.22727, 39.5878 ], [ -77.22776, 39.58697 ], [ -77.23049, 39.58677 ], [ -77.23263, 39.58553 ], [ -77.23226, 39.58435 ], [ -77.22999, 39.58343 ], [ -77.22251, 39.5831 ], [ -77.22003, 39.58187 ], [ -77.21911, 39.57996 ], [ -77.2205, 39.57832 ], [ -77.2226, 39.57793 ], [ -77.2221, 39.5764 ], [ -77.22024, 39.57543 ], [ -77.21753, 39.57455 ], [ -77.21564, 39.57451 ], [ -77.21257, 39.57788 ], [ -77.21109, 39.57887 ], [ -77.20699, 39.57946 ], [ -77.20012, 39.57859 ], [ -77.19958, 39.57667 ], [ -77.19717, 39.575 ], [ -77.19696, 39.57445 ], [ -77.19447, 39.57224 ], [ -77.19113, 39.57099 ], [ -77.18713, 39.56643 ], [ -77.18689, 39.56468 ], [ -77.18723, 39.56304 ], [ -77.18332, 39.56043 ], [ -77.18273, 39.55934 ], [ -77.17783, 39.56087 ], [ -77.17461, 39.55951 ], [ -77.17317, 39.55781 ], [ -77.17327, 39.55655 ], [ -77.17149, 39.55464 ], [ -77.16944, 39.55412 ], [ -77.16915, 39.55175 ], [ -77.16962, 39.54985 ], [ -77.17175, 39.54664 ], [ -77.1716, 39.54382 ], [ -77.16947, 39.54338 ], [ -77.169, 39.54229 ], [ -77.17146, 39.53923 ], [ -77.17041, 39.53659 ], [ -77.17075, 39.53475 ], [ -77.16867, 39.53374 ], [ -77.16532, 39.534 ], [ -77.16525, 39.53301 ], [ -77.16209, 39.53245 ], [ -77.15596, 39.53369 ], [ -77.15388, 39.53332 ], [ -77.15234, 39.5325 ], [ -77.15114, 39.53077 ], [ -77.15167, 39.52959 ], [ -77.15115, 39.52728 ], [ -77.15032, 39.52627 ], [ -77.15026, 39.52441 ], [ -77.15093, 39.52328 ], [ -77.14991, 39.52194 ], [ -77.14734, 39.5222 ], [ -77.14656, 39.52167 ], [ -77.14382, 39.52179 ], [ -77.14067, 39.52133 ], [ -77.13849, 39.52052 ], [ -77.13695, 39.5174 ], [ -77.13806, 39.51604 ], [ -77.13627, 39.51281 ], [ -77.13468, 39.5119 ], [ -77.13431, 39.50955 ], [ -77.13355, 39.50855 ], [ -77.12976, 39.50956 ], [ -77.1249, 39.50537 ], [ -77.12165, 39.50439 ], [ -77.11529, 39.49937 ], [ -77.11243, 39.49749 ], [ -77.11, 39.49748 ], [ -77.10893, 39.49535 ], [ -77.10771, 39.49456 ], [ -77.10684, 39.49166 ], [ -77.10849, 39.48948 ], [ -77.1102, 39.486 ], [ -77.11769, 39.47862 ], [ -77.11707, 39.47547 ], [ -77.11868, 39.47369 ], [ -77.11925, 39.46869 ], [ -77.11995, 39.46558 ], [ -77.11894, 39.4631 ], [ -77.11605, 39.46034 ], [ -77.12383, 39.45146 ], [ -77.12657, 39.44482 ], [ -77.12671, 39.44383 ], [ -77.13021, 39.43917 ], [ -77.13345, 39.4324 ], [ -77.13594, 39.43022 ], [ -77.13785, 39.42717 ], [ -77.14045, 39.42414 ], [ -77.14475, 39.42054 ], [ -77.14717, 39.419 ], [ -77.14804, 39.41775 ], [ -77.14815, 39.41643 ], [ -77.14698, 39.41237 ], [ -77.14727, 39.40987 ], [ -77.14835, 39.40529 ], [ -77.15438, 39.3913 ], [ -77.15381, 39.38968 ], [ -77.15383, 39.38849 ], [ -77.1562, 39.3829 ], [ -77.15582, 39.3802 ], [ -77.15612, 39.37894 ], [ -77.15919, 39.37409 ], [ -77.15819, 39.37345 ], [ -77.16438, 39.36814 ], [ -77.1658, 39.36544 ], [ -77.16728, 39.35907 ], [ -77.16973, 39.3551 ], [ -77.16808, 39.35396 ], [ -77.18022, 39.34655 ], [ -77.18381, 39.34546 ], [ -77.18711, 39.3406 ], [ -77.1868, 39.3382 ], [ -77.18262, 39.33221 ], [ -77.18149, 39.32929 ], [ -77.1802, 39.32824 ], [ -77.17855, 39.32546 ], [ -77.17476, 39.32225 ], [ -77.17286, 39.31947 ], [ -77.17193, 39.31533 ], [ -77.17035, 39.31311 ], [ -77.16678, 39.31214 ], [ -77.16494, 39.30899 ], [ -77.16459, 39.30744 ], [ -77.16243, 39.30793 ], [ -77.16094, 39.30672 ], [ -77.15977, 39.3049 ], [ -77.15741, 39.30416 ], [ -77.15341, 39.30203 ], [ -77.15147, 39.29999 ], [ -77.14912, 39.29929 ], [ -77.14713, 39.2972 ], [ -77.14557, 39.29608 ], [ -77.14467, 39.29471 ], [ -77.14711, 39.29474 ], [ -77.15514, 39.29058 ], [ -77.15745, 39.2897 ], [ -77.16275, 39.28975 ], [ -77.16496, 39.28743 ], [ -77.16813, 39.28656 ], [ -77.17017, 39.28446 ], [ -77.17191, 39.28475 ], [ -77.17568, 39.27832 ], [ -77.17524, 39.27596 ], [ -77.17653, 39.27487 ], [ -77.17297, 39.27296 ], [ -77.1707, 39.27118 ], [ -77.17269, 39.26906 ], [ -77.16833, 39.2662 ], [ -77.16707, 39.26737 ], [ -77.16303, 39.26587 ], [ -77.16275, 39.26433 ], [ -77.1641, 39.26273 ], [ -77.16409, 39.26153 ], [ -77.16246, 39.26046 ], [ -77.16273, 39.25946 ], [ -77.16505, 39.25722 ], [ -77.16363, 39.25521 ], [ -77.16382, 39.25394 ], [ -77.16678, 39.25044 ], [ -77.1681, 39.25012 ], [ -77.16869, 39.24752 ], [ -77.17035, 39.24685 ], [ -77.17293, 39.24403 ], [ -77.17245, 39.24108 ], [ -77.174, 39.23918 ], [ -77.17658, 39.23771 ], [ -77.17893, 39.23739 ], [ -77.18069, 39.23568 ], [ -77.18209, 39.23318 ], [ -77.18694, 39.22923 ], [ -77.18893, 39.22857 ], [ -77.19107, 39.22869 ], [ -77.19416, 39.22746 ], [ -77.19639, 39.22707 ], [ -77.19666, 39.22528 ], [ -77.19923, 39.22317 ], [ -77.20253, 39.22332 ], [ -77.20324, 39.22228 ], [ -77.20225, 39.22111 ], [ -77.20385, 39.22025 ], [ -77.20594, 39.22028 ], [ -77.20531, 39.21766 ], [ -77.20969, 39.21791 ], [ -77.21046, 39.21702 ], [ -77.20739, 39.21386 ], [ -77.2037, 39.21264 ], [ -77.2046, 39.21073 ], [ -77.20683, 39.21008 ], [ -77.20528, 39.20564 ], [ -77.20301, 39.20221 ], [ -77.20398, 39.20137 ], [ -77.20343, 39.19964 ], [ -77.19695, 39.19651 ], [ -77.19282, 39.19197 ], [ -77.19196, 39.19062 ], [ -77.19386, 39.18992 ], [ -77.19724, 39.18788 ], [ -77.19826, 39.18676 ], [ -77.19905, 39.18332 ], [ -77.19892, 39.18555 ], [ -77.19845, 39.18683 ], [ -77.20051, 39.18724 ], [ -77.20431, 39.18503 ], [ -77.20776, 39.18518 ], [ -77.21097, 39.18433 ], [ -77.20999, 39.18036 ], [ -77.20983, 39.17844 ], [ -77.21012, 39.17659 ], [ -77.2083, 39.1741 ], [ -77.20368, 39.17453 ], [ -77.2036, 39.1726 ], [ -77.2011, 39.17245 ], [ -77.19405, 39.16959 ], [ -77.19064, 39.16945 ], [ -77.19147, 39.16756 ], [ -77.19178, 39.16591 ], [ -77.19394, 39.16602 ], [ -77.19479, 39.16472 ], [ -77.19643, 39.16827 ], [ -77.19776, 39.1675 ], [ -77.19843, 39.16621 ], [ -77.19677, 39.16051 ], [ -77.19209, 39.16014 ], [ -77.18973, 39.15963 ], [ -77.18569, 39.1595 ], [ -77.18331, 39.15897 ], [ -77.18045, 39.1566 ], [ -77.18147, 39.15488 ], [ -77.18097, 39.15396 ], [ -77.17804, 39.15349 ], [ -77.17778, 39.15382 ], [ -77.17663, 39.15348 ], [ -77.17424, 39.15379 ], [ -77.1721, 39.15188 ], [ -77.17248, 39.14999 ], [ -77.17405, 39.1506 ], [ -77.17115, 39.14859 ], [ -77.17113, 39.14804 ], [ -77.17836, 39.14675 ], [ -77.17976, 39.14072 ], [ -77.17882, 39.14044 ], [ -77.18029, 39.13841 ], [ -77.17722, 39.13591 ], [ -77.1709, 39.12809 ], [ -77.17301, 39.12736 ], [ -77.17421, 39.12622 ], [ -77.172, 39.12515 ], [ -77.17382, 39.12309 ], [ -77.176, 39.12432 ], [ -77.17931, 39.12099 ], [ -77.18251, 39.1193 ], [ -77.18639, 39.11388 ], [ -77.18796, 39.11016 ], [ -77.18976, 39.11183 ], [ -77.19047, 39.11101 ], [ -77.19176, 39.11099 ], [ -77.19179, 39.11024 ], [ -77.19523, 39.10704 ], [ -77.19765, 39.10864 ], [ -77.20352, 39.11004 ], [ -77.20269, 39.10873 ], [ -77.2035, 39.10672 ], [ -77.20832, 39.10595 ], [ -77.20636, 39.10337 ], [ -77.2142, 39.10062 ], [ -77.22226, 39.10309 ], [ -77.22798, 39.10371 ], [ -77.2351, 39.10748 ], [ -77.24058, 39.11227 ], [ -77.24642, 39.11585 ], [ -77.25068, 39.11729 ], [ -77.2512, 39.11609 ], [ -77.25305, 39.11656 ], [ -77.25313, 39.118 ], [ -77.25253, 39.11823 ], [ -77.2554, 39.12101 ], [ -77.25741, 39.12142 ], [ -77.25827, 39.12069 ], [ -77.25723, 39.11835 ], [ -77.26153, 39.11776 ], [ -77.26387, 39.11623 ], [ -77.27086, 39.12089 ], [ -77.27421, 39.12413 ], [ -77.28903, 39.13345 ], [ -77.30701, 39.14571 ], [ -77.30792, 39.14622 ], [ -77.31068, 39.14565 ], [ -77.31438, 39.14697 ], [ -77.31809, 39.14478 ], [ -77.31901, 39.14324 ], [ -77.32116, 39.14192 ], [ -77.32486, 39.14047 ], [ -77.32645, 39.13909 ], [ -77.32924, 39.1357 ], [ -77.33334, 39.13507 ], [ -77.33509, 39.13171 ], [ -77.33418, 39.13147 ], [ -77.33565, 39.13012 ], [ -77.33449, 39.12223 ], [ -77.33214, 39.11465 ], [ -77.33208, 39.11049 ], [ -77.33389, 39.11041 ], [ -77.33511, 39.10901 ], [ -77.33643, 39.10574 ], [ -77.34102, 39.10547 ], [ -77.34277, 39.10482 ], [ -77.34378, 39.10237 ], [ -77.34352, 39.1 ], [ -77.34203, 39.09693 ], [ -77.34184, 39.09542 ], [ -77.33914, 39.09162 ], [ -77.33765, 39.0906 ], [ -77.33615, 39.0884 ], [ -77.3317, 39.09072 ], [ -77.32955, 39.09141 ], [ -77.32938, 39.08775 ], [ -77.33179, 39.087 ], [ -77.3342, 39.08516 ], [ -77.33593, 39.08112 ], [ -77.33763, 39.07993 ], [ -77.34048, 39.07904 ], [ -77.34138, 39.07822 ], [ -77.34209, 39.07278 ], [ -77.34126, 39.06826 ], [ -77.3421, 39.06284 ], [ -77.35031, 39.06213 ], [ -77.3597, 39.062 ], [ -77.36753, 39.06109 ], [ -77.37508, 39.0613 ], [ -77.38011, 39.06281 ], [ -77.38568, 39.06199 ], [ -77.3992, 39.06478 ], [ -77.40459, 39.0645 ], [ -77.41543, 39.06643 ], [ -77.42318, 39.06688 ], [ -77.4374, 39.07061 ], [ -77.45283, 39.07247 ], [ -77.4582, 39.07372 ], [ -77.46145, 39.07515 ], [ -77.46262, 39.07625 ], [ -77.46944, 39.08639 ], [ -77.47241, 39.09252 ], [ -77.47701, 39.10033 ], [ -77.48128, 39.10566 ], [ -77.4858, 39.1093 ], [ -77.49496, 39.11304 ], [ -77.49971, 39.11395 ], [ -77.51532, 39.11859 ], [ -77.51993, 39.12092 ], [ -77.52456, 39.12782 ], [ -77.52673, 39.13732 ], [ -77.52728, 39.14624 ], [ -77.52487, 39.14845 ], [ -77.52122, 39.16106 ], [ -77.51643, 39.17089 ], [ -77.51063, 39.17848 ], [ -77.50516, 39.18205 ], [ -77.48597, 39.18567 ], [ -77.4786, 39.18917 ], [ -77.47736, 39.19049 ], [ -77.47501, 39.19493 ], [ -77.47593, 39.20202 ], [ -77.47361, 39.20841 ], [ -77.47011, 39.21184 ], [ -77.45988, 39.21868 ], [ -77.45794, 39.22202 ], [ -77.45768, 39.22502 ], [ -77.45812, 39.22614 ], [ -77.46021, 39.22836 ], [ -77.47121, 39.23451 ], [ -77.48081, 39.24166 ], [ -77.48466, 39.24612 ], [ -77.48681, 39.24759 ], [ -77.49661, 39.25104 ], [ -77.50843, 39.25263 ], [ -77.51963, 39.25723 ], [ -77.52099, 39.25849 ], [ -77.52249, 39.25909 ], [ -77.53446, 39.26236 ], [ -77.54058, 39.26495 ], [ -77.54323, 39.26694 ], [ -77.54426, 39.26966 ], [ -77.54585, 39.27154 ], [ -77.55105, 39.27588 ], [ -77.55311, 39.27927 ], [ -77.56085, 39.28615 ], [ -77.56277, 39.2945 ], [ -77.56183, 39.30191 ], [ -77.56321, 39.3039 ], [ -77.5666, 39.30612 ], [ -77.57004, 39.30635 ], [ -77.57849, 39.30523 ], [ -77.58823, 39.30195 ], [ -77.59274, 39.30129 ], [ -77.59889, 39.30188 ], [ -77.6059, 39.30369 ], [ -77.61594, 39.30272 ], [ -77.6361, 39.30778 ], [ -77.64028, 39.30824 ], [ -77.651, 39.31078 ], [ -77.66613, 39.31701 ], [ -77.67134, 39.32167 ], [ -77.67585, 39.32419 ], [ -77.68171, 39.32367 ], [ -77.68712, 39.31991 ], [ -77.69298, 39.31845 ], [ -77.69746, 39.31863 ], [ -77.70771, 39.32156 ], [ -77.71586, 39.32064 ], [ -77.71952, 39.32131 ], [ -77.72738, 39.32167 ], [ -77.73091, 39.32468 ], [ -77.73501, 39.32702 ], [ -77.75579, 39.3339 ], [ -77.75961, 39.33733 ], [ -77.76112, 39.33976 ], [ -77.76108, 39.34252 ], [ -77.76044, 39.34417 ], [ -77.75932, 39.34531 ], [ -77.75039, 39.34945 ], [ -77.74593, 39.35322 ], [ -77.74387, 39.35995 ], [ -77.74414, 39.36514 ], [ -77.75327, 39.37832 ], [ -77.7538, 39.37962 ], [ -77.75339, 39.38209 ], [ -77.75221, 39.38333 ], [ -77.74971, 39.38417 ], [ -77.74076, 39.38541 ], [ -77.73808, 39.38621 ], [ -77.73632, 39.38774 ], [ -77.73591, 39.38967 ], [ -77.73641, 39.39268 ], [ -77.74001, 39.40169 ], [ -77.74748, 39.41093 ], [ -77.75268, 39.42017 ], [ -77.75309, 39.42326 ], [ -77.75468, 39.42466 ], [ -77.75872, 39.42681 ], [ -77.76332, 39.42844 ], [ -77.77485, 39.42784 ], [ -77.78727, 39.42934 ], [ -77.79275, 39.43059 ], [ -77.79886, 39.43334 ], [ -77.80254, 39.43597 ], [ -77.80325, 39.43714 ], [ -77.80287, 39.43928 ], [ -77.80086, 39.44084 ], [ -77.78856, 39.44283 ], [ -77.78605, 39.44422 ], [ -77.78558, 39.44537 ], [ -77.78611, 39.4472 ], [ -77.7931, 39.45141 ], [ -77.79814, 39.45598 ], [ -77.79929, 39.45838 ], [ -77.79847, 39.46067 ], [ -77.7962, 39.46172 ], [ -77.79316, 39.46204 ], [ -77.78354, 39.46007 ], [ -77.78047, 39.45987 ], [ -77.7792, 39.46039 ], [ -77.77782, 39.46192 ], [ -77.77782, 39.46282 ], [ -77.77852, 39.46366 ], [ -77.78964, 39.46783 ], [ -77.79563, 39.47126 ], [ -77.79676, 39.47245 ], [ -77.7982, 39.47572 ], [ -77.79779, 39.47876 ], [ -77.79669, 39.4805 ], [ -77.79548, 39.48182 ], [ -77.78852, 39.48505 ], [ -77.78176, 39.48713 ], [ -77.77172, 39.48921 ], [ -77.76913, 39.49028 ], [ -77.76709, 39.49133 ], [ -77.76555, 39.49303 ], [ -77.7654, 39.4944 ], [ -77.76599, 39.49572 ], [ -77.76844, 39.49778 ], [ -77.77095, 39.49909 ], [ -77.77437, 39.4995 ], [ -77.78161, 39.49907 ], [ -77.78444, 39.49806 ], [ -77.78654, 39.4966 ], [ -77.78976, 39.49221 ], [ -77.79176, 39.49079 ], [ -77.79563, 39.48962 ], [ -77.80183, 39.4894 ], [ -77.80782, 39.49024 ], [ -77.82078, 39.4939 ], [ -77.83191, 39.49474 ], [ -77.84567, 39.49863 ], [ -77.84764, 39.5007 ], [ -77.84811, 39.50209 ], [ -77.84761, 39.50335 ], [ -77.8451, 39.50585 ], [ -77.82904, 39.51443 ], [ -77.82565, 39.51689 ], [ -77.82355, 39.52408 ], [ -77.82376, 39.52591 ], [ -77.82536, 39.52918 ], [ -77.82719, 39.53046 ], [ -77.83351, 39.53263 ], [ -77.83693, 39.53217 ], [ -77.83906, 39.53112 ], [ -77.84054, 39.5292 ], [ -77.84065, 39.52094 ], [ -77.84192, 39.51847 ], [ -77.85075, 39.5154 ], [ -77.8602, 39.51432 ], [ -77.86368, 39.51503 ], [ -77.86613, 39.51766 ], [ -77.86652, 39.52004 ], [ -77.86614, 39.52473 ], [ -77.86508, 39.52823 ], [ -77.86432, 39.53481 ], [ -77.86443, 39.53648 ], [ -77.86535, 39.53838 ], [ -77.87153, 39.54428 ], [ -77.88644, 39.55195 ], [ -77.88895, 39.55595 ], [ -77.88865, 39.55805 ], [ -77.88797, 39.5592 ], [ -77.88613, 39.56043 ], [ -77.87845, 39.56349 ], [ -77.87272, 39.5639 ], [ -77.86573, 39.56355 ], [ -77.85585, 39.56461 ], [ -77.84217, 39.56433 ], [ -77.83633, 39.56637 ], [ -77.83322, 39.57102 ], [ -77.83078, 39.58118 ], [ -77.82981, 39.58729 ], [ -77.82975, 39.59105 ], [ -77.83181, 39.6011 ], [ -77.83357, 39.60294 ], [ -77.83801, 39.60612 ], [ -77.84279, 39.60726 ], [ -77.85344, 39.60712 ], [ -77.8578, 39.60788 ], [ -77.86868, 39.61114 ], [ -77.87472, 39.61429 ], [ -77.88512, 39.61577 ], [ -77.88702, 39.61452 ], [ -77.88696, 39.61333 ], [ -77.88194, 39.60811 ], [ -77.88111, 39.60621 ], [ -77.88099, 39.60285 ], [ -77.88182, 39.60004 ], [ -77.88298, 39.59883 ], [ -77.88508, 39.59794 ], [ -77.88848, 39.59734 ], [ -77.91641, 39.60282 ], [ -77.9233, 39.60485 ], [ -77.92599, 39.60764 ], [ -77.92874, 39.61391 ], [ -77.93286, 39.61768 ], [ -77.93749, 39.61915 ], [ -77.94194, 39.61879 ], [ -77.94462, 39.61677 ], [ -77.94413, 39.61462 ], [ -77.93836, 39.61258 ], [ -77.93545, 39.60808 ], [ -77.93637, 39.59451 ], [ -77.93905, 39.58714 ], [ -77.94215, 39.58493 ], [ -77.94618, 39.58481 ], [ -77.94984, 39.58711 ], [ -77.95195, 39.59271 ], [ -77.95215, 39.59727 ], [ -77.95092, 39.60116 ], [ -77.9506, 39.60394 ], [ -77.9521, 39.60636 ], [ -77.95764, 39.60861 ], [ -77.96209, 39.6087 ], [ -77.96622, 39.60744 ], [ -77.97015, 39.60509 ], [ -77.97397, 39.60107 ], [ -77.97669, 39.59974 ], [ -77.98481, 39.59942 ], [ -77.99144, 39.60019 ], [ -78.00233, 39.60049 ], [ -78.00673, 39.60134 ], [ -78.00999, 39.60289 ], [ -78.01134, 39.60408 ], [ -78.0239, 39.6217 ], [ -78.03014, 39.62746 ], [ -78.03599, 39.63572 ], [ -78.03886, 39.63812 ], [ -78.04767, 39.64311 ], [ -78.04995, 39.64535 ], [ -78.05193, 39.64821 ], [ -78.06829, 39.66106 ], [ -78.0746, 39.66669 ], [ -78.07752, 39.66888 ], [ -78.08226, 39.67117 ], [ -78.08859, 39.67121 ], [ -78.08983, 39.67167 ], [ -78.09712, 39.67816 ], [ -78.10174, 39.68029 ], [ -78.10783, 39.68214 ], [ -78.11183, 39.68259 ], [ -78.12394, 39.68565 ], [ -78.13271, 39.68698 ], [ -78.13522, 39.6883 ], [ -78.14348, 39.69041 ], [ -78.15416, 39.69053 ], [ -78.16213, 39.69364 ], [ -78.17136, 39.69561 ], [ -78.17663, 39.69597 ], [ -78.18276, 39.69511 ], [ -78.19111, 39.69026 ], [ -78.19244, 39.68912 ], [ -78.1967, 39.68207 ], [ -78.20108, 39.67787 ], [ -78.20294, 39.67665 ], [ -78.20676, 39.67599 ], [ -78.22733, 39.67612 ], [ -78.23156, 39.67438 ], [ -78.23314, 39.67287 ], [ -78.23301, 39.67047 ], [ -78.22386, 39.66261 ], [ -78.2236, 39.6611 ], [ -78.22508, 39.65888 ], [ -78.22768, 39.6568 ], [ -78.23806, 39.65208 ], [ -78.24672, 39.64476 ], [ -78.25408, 39.64009 ], [ -78.26219, 39.63046 ], [ -78.26334, 39.62642 ], [ -78.26337, 39.62168 ], [ -78.26509, 39.61927 ], [ -78.26683, 39.61882 ], [ -78.27112, 39.61964 ], [ -78.28304, 39.62047 ], [ -78.30815, 39.62961 ], [ -78.31303, 39.631 ], [ -78.33193, 39.63605 ], [ -78.35191, 39.64049 ], [ -78.35522, 39.64058 ], [ -78.35826, 39.63966 ], [ -78.35951, 39.63808 ], [ -78.35873, 39.63559 ], [ -78.35557, 39.63346 ], [ -78.35367, 39.63079 ], [ -78.35346, 39.62891 ], [ -78.35388, 39.62772 ], [ -78.35577, 39.62626 ], [ -78.35834, 39.62558 ], [ -78.36249, 39.62605 ], [ -78.36621, 39.62753 ], [ -78.36796, 39.62893 ], [ -78.37317, 39.63046 ], [ -78.3805, 39.62936 ], [ -78.38249, 39.62822 ], [ -78.38345, 39.62509 ], [ -78.38346, 39.62332 ], [ -78.38296, 39.62225 ], [ -78.37912, 39.61813 ], [ -78.3724, 39.6123 ], [ -78.37225, 39.6112 ], [ -78.3732, 39.60953 ], [ -78.37473, 39.60863 ], [ -78.37818, 39.60818 ], [ -78.38359, 39.60891 ], [ -78.39077, 39.61212 ], [ -78.39583, 39.61608 ], [ -78.41286, 39.62109 ], [ -78.42055, 39.62402 ], [ -78.4259, 39.62455 ], [ -78.43025, 39.62329 ], [ -78.4333, 39.62057 ], [ -78.43362, 39.61826 ], [ -78.433, 39.61652 ], [ -78.43152, 39.61448 ], [ -78.42558, 39.6076 ], [ -78.42064, 39.60318 ], [ -78.41287, 39.59831 ], [ -78.4027, 39.5936 ], [ -78.39747, 39.59023 ], [ -78.39546, 39.58737 ], [ -78.39532, 39.58422 ], [ -78.39745, 39.58195 ], [ -78.40094, 39.58021 ], [ -78.40803, 39.57859 ], [ -78.41867, 39.58111 ], [ -78.42006, 39.58171 ], [ -78.42298, 39.58411 ], [ -78.42825, 39.58672 ], [ -78.44317, 39.59116 ], [ -78.44598, 39.59122 ], [ -78.45119, 39.59019 ], [ -78.45453, 39.58896 ], [ -78.45719, 39.58738 ], [ -78.45805, 39.58524 ], [ -78.45834, 39.58043 ], [ -78.45438, 39.57432 ], [ -78.45021, 39.57089 ], [ -78.44271, 39.56692 ], [ -78.43818, 39.56352 ], [ -78.42654, 39.55915 ], [ -78.42329, 39.55632 ], [ -78.41729, 39.5496 ], [ -78.41759, 39.54715 ], [ -78.41998, 39.54541 ], [ -78.42397, 39.5451 ], [ -78.42695, 39.5466 ], [ -78.42878, 39.54886 ], [ -78.43015, 39.55123 ], [ -78.43187, 39.55246 ], [ -78.43512, 39.5534 ], [ -78.4374, 39.55347 ], [ -78.439, 39.55194 ], [ -78.43851, 39.54959 ], [ -78.43656, 39.54827 ], [ -78.43476, 39.54399 ], [ -78.43511, 39.54166 ], [ -78.43638, 39.5393 ], [ -78.43836, 39.53875 ], [ -78.44196, 39.54122 ], [ -78.44785, 39.54822 ], [ -78.45108, 39.55019 ], [ -78.45757, 39.55139 ], [ -78.46022, 39.55118 ], [ -78.46176, 39.54981 ], [ -78.46182, 39.54804 ], [ -78.46012, 39.54585 ], [ -78.4562, 39.54449 ], [ -78.4506, 39.54399 ], [ -78.44857, 39.54209 ], [ -78.44864, 39.53996 ], [ -78.45041, 39.53795 ], [ -78.45747, 39.53838 ], [ -78.4609, 39.53744 ], [ -78.46285, 39.53576 ], [ -78.463, 39.53365 ], [ -78.46107, 39.5293 ], [ -78.46095, 39.52599 ], [ -78.4629, 39.52084 ], [ -78.46864, 39.51679 ], [ -78.47117, 39.5161 ], [ -78.47418, 39.51624 ], [ -78.48068, 39.51896 ], [ -78.48404, 39.51951 ], [ -78.4857, 39.51939 ], [ -78.48974, 39.51779 ], [ -78.49902, 39.51891 ], [ -78.5032, 39.51865 ], [ -78.51362, 39.52255 ], [ -78.52139, 39.52479 ], [ -78.52789, 39.52465 ], [ -78.54658, 39.521 ], [ -78.55013, 39.5207 ], [ -78.55276, 39.52139 ], [ -78.55713, 39.52153 ], [ -78.56593, 39.51944 ], [ -78.56794, 39.5199 ], [ -78.57269, 39.52237 ], [ -78.57824, 39.52657 ], [ -78.58274, 39.52764 ], [ -78.58779, 39.52791 ], [ -78.59065, 39.53019 ], [ -78.59213, 39.53182 ], [ -78.59006, 39.53543 ], [ -78.59026, 39.53639 ], [ -78.59163, 39.53689 ], [ -78.59449, 39.53652 ], [ -78.59764, 39.53529 ], [ -78.60226, 39.53211 ], [ -78.60488, 39.53256 ], [ -78.60587, 39.5343 ], [ -78.60687, 39.53508 ], [ -78.61453, 39.5376 ], [ -78.62304, 39.53951 ], [ -78.62857, 39.53919 ], [ -78.62874, 39.53786 ], [ -78.63084, 39.53711 ], [ -78.65598, 39.53469 ], [ -78.66399, 39.53678 ], [ -78.66875, 39.54016 ], [ -78.67563, 39.54037 ], [ -78.68242, 39.54385 ], [ -78.68945, 39.54577 ], [ -78.69149, 39.54765 ], [ -78.692, 39.55078 ], [ -78.69282, 39.55197 ], [ -78.69463, 39.55325 ], [ -78.7071, 39.55586 ], [ -78.70866, 39.5568 ], [ -78.71334, 39.56203 ], [ -78.71478, 39.56256 ], [ -78.72501, 39.56397 ], [ -78.72634, 39.56759 ], [ -78.73199, 39.57536 ], [ -78.73315, 39.58369 ], [ -78.73398, 39.58662 ], [ -78.7385, 39.58632 ], [ -78.74025, 39.58566 ], [ -78.74332, 39.58071 ], [ -78.74642, 39.57954 ], [ -78.75183, 39.58183 ], [ -78.75675, 39.58069 ], [ -78.7602, 39.58215 ], [ -78.76749, 39.58749 ], [ -78.76831, 39.58939 ], [ -78.76848, 39.59158 ], [ -78.77051, 39.59499 ], [ -78.77213, 39.5965 ], [ -78.77428, 39.59733 ], [ -78.77814, 39.60136 ], [ -78.7781, 39.6021 ], [ -78.77686, 39.60403 ], [ -78.76811, 39.6087 ], [ -78.7605, 39.60998 ], [ -78.75151, 39.60995 ], [ -78.74935, 39.60857 ], [ -78.74922, 39.60654 ], [ -78.74706, 39.60569 ], [ -78.74228, 39.60939 ], [ -78.73905, 39.6097 ], [ -78.73376, 39.61393 ], [ -78.73355, 39.61553 ], [ -78.73619, 39.62171 ], [ -78.74288, 39.62509 ], [ -78.7485, 39.62626 ], [ -78.75669, 39.62297 ], [ -78.76317, 39.6189 ], [ -78.76957, 39.61943 ], [ -78.77752, 39.62171 ], [ -78.77848, 39.62265 ], [ -78.77848, 39.62441 ], [ -78.77264, 39.63689 ], [ -78.77114, 39.63839 ], [ -78.76814, 39.63929 ], [ -78.76534, 39.64399 ], [ -78.76504, 39.64609 ], [ -78.76584, 39.64849 ], [ -78.77524, 39.64569 ], [ -78.78134, 39.63679 ], [ -78.78404, 39.63669 ], [ -78.79094, 39.63829 ], [ -78.79528, 39.63677 ], [ -78.7941, 39.63456 ], [ -78.79675, 39.6321 ], [ -78.7974, 39.62946 ], [ -78.79865, 39.62871 ], [ -78.80082, 39.6289 ], [ -78.80174, 39.62749 ], [ -78.79596, 39.6142 ], [ -78.79537, 39.61071 ], [ -78.79586, 39.60693 ], [ -78.79784, 39.6049 ], [ -78.80043, 39.60523 ], [ -78.80179, 39.60681 ], [ -78.80935, 39.60806 ], [ -78.81215, 39.60054 ], [ -78.81221, 39.59772 ], [ -78.81748, 39.59459 ], [ -78.8189, 39.59037 ], [ -78.82479, 39.59023 ], [ -78.82601, 39.58883 ], [ -78.82636, 39.57733 ], [ -78.8201, 39.57629 ], [ -78.81511, 39.57135 ], [ -78.81351, 39.56772 ], [ -78.81676, 39.56169 ], [ -78.8214, 39.56062 ], [ -78.82641, 39.56259 ], [ -78.8303, 39.56535 ], [ -78.83855, 39.5673 ], [ -78.84032, 39.5661 ], [ -78.84186, 39.56407 ], [ -78.84418, 39.5624 ], [ -78.84618, 39.56285 ], [ -78.8512, 39.55992 ], [ -78.85102, 39.55404 ], [ -78.85193, 39.55185 ], [ -78.85442, 39.5483 ], [ -78.86143, 39.54096 ], [ -78.8632, 39.54088 ], [ -78.86917, 39.53944 ], [ -78.87069, 39.53877 ], [ -78.87101, 39.53583 ], [ -78.87, 39.53411 ], [ -78.86936, 39.53179 ], [ -78.87474, 39.52261 ], [ -78.87681, 39.52125 ], [ -78.87908, 39.52121 ], [ -78.886, 39.52258 ], [ -78.8886, 39.5246 ], [ -78.89043, 39.52505 ], [ -78.89332, 39.52376 ], [ -78.89343, 39.52203 ], [ -78.8912, 39.5189 ], [ -78.89154, 39.51531 ], [ -78.89294, 39.51275 ], [ -78.90382, 39.51258 ], [ -78.90551, 39.51154 ], [ -78.90455, 39.50918 ], [ -78.90389, 39.50472 ], [ -78.90872, 39.4967 ], [ -78.91221, 39.49526 ], [ -78.91381, 39.49375 ], [ -78.91413, 39.49128 ], [ -78.91649, 39.48654 ], [ -78.91814, 39.48586 ], [ -78.927, 39.487 ], [ -78.93361, 39.48618 ], [ -78.93875, 39.48373 ], [ -78.94229, 39.48099 ], [ -78.94262, 39.47961 ], [ -78.94153, 39.47687 ], [ -78.93916, 39.47527 ], [ -78.93887, 39.4741 ], [ -78.94095, 39.47054 ], [ -78.9466, 39.46614 ], [ -78.95333, 39.46364 ], [ -78.95771, 39.46384 ], [ -78.95921, 39.46189 ], [ -78.95852, 39.45905 ], [ -78.95429, 39.4547 ], [ -78.95506, 39.45342 ], [ -78.95996, 39.45164 ], [ -78.96008, 39.45039 ], [ -78.956, 39.44793 ], [ -78.95548, 39.44228 ], [ -78.95675, 39.44026 ], [ -78.96548, 39.43845 ], [ -78.96746, 39.4398 ], [ -78.97012, 39.44333 ], [ -78.97883, 39.44868 ], [ -78.99695, 39.45496 ], [ -79.0101, 39.46105 ], [ -79.01715, 39.46698 ], [ -79.02054, 39.467 ], [ -79.02816, 39.46506 ], [ -79.03034, 39.4654 ], [ -79.03388, 39.46776 ], [ -79.03571, 39.47133 ], [ -79.03562, 39.47334 ], [ -79.03691, 39.4768 ], [ -79.04443, 39.4798 ], [ -79.04705, 39.48335 ], [ -79.05053, 39.4833 ], [ -79.05245, 39.48231 ], [ -79.05388, 39.48009 ], [ -79.05542, 39.47149 ], [ -79.05809, 39.47081 ], [ -79.06078, 39.47174 ], [ -79.06422, 39.47844 ], [ -79.06623, 39.47994 ], [ -79.06793, 39.47919 ], [ -79.06782, 39.47677 ], [ -79.06863, 39.47451 ], [ -79.08327, 39.47138 ], [ -79.09133, 39.47241 ], [ -79.09486, 39.47467 ], [ -79.10048, 39.477 ], [ -79.10319, 39.476 ], [ -79.10521, 39.47424 ], [ -79.10526, 39.47213 ], [ -79.1036, 39.47003 ], [ -79.10054, 39.46877 ], [ -79.09696, 39.46824 ], [ -79.09455, 39.46518 ], [ -79.09543, 39.46255 ], [ -79.10384, 39.46307 ], [ -79.10719, 39.46201 ], [ -79.10857, 39.45875 ], [ -79.10791, 39.45709 ], [ -79.10526, 39.45761 ], [ -79.10186, 39.45728 ], [ -79.10301, 39.45485 ], [ -79.10247, 39.45118 ], [ -79.10422, 39.44836 ], [ -79.10793, 39.44575 ], [ -79.11407, 39.44332 ], [ -79.11637, 39.44048 ], [ -79.11657, 39.43806 ], [ -79.11346, 39.43672 ], [ -79.1106, 39.4327 ], [ -79.11223, 39.43088 ], [ -79.12404, 39.4332 ], [ -79.12905, 39.42954 ], [ -79.1294, 39.42664 ], [ -79.12734, 39.42261 ], [ -79.12838, 39.41748 ], [ -79.13065, 39.41753 ], [ -79.1365, 39.41889 ], [ -79.1396, 39.41803 ], [ -79.14231, 39.41669 ], [ -79.14244, 39.41436 ], [ -79.14109, 39.41035 ], [ -79.1416, 39.40752 ], [ -79.14375, 39.4052 ], [ -79.14756, 39.40467 ], [ -79.14975, 39.40573 ], [ -79.14965, 39.41445 ], [ -79.15124, 39.41697 ], [ -79.15535, 39.4183 ], [ -79.16015, 39.41638 ], [ -79.15921, 39.41302 ], [ -79.15901, 39.4108 ], [ -79.16035, 39.40805 ], [ -79.16451, 39.40568 ], [ -79.1665, 39.40089 ], [ -79.16559, 39.39713 ], [ -79.16193, 39.39186 ], [ -79.16205, 39.38832 ], [ -79.16519, 39.38715 ], [ -79.17136, 39.39121 ], [ -79.17441, 39.39524 ], [ -79.17864, 39.39663 ], [ -79.18116, 39.3946 ], [ -79.17696, 39.38903 ], [ -79.18097, 39.38664 ], [ -79.18495, 39.38525 ], [ -79.18946, 39.3865 ], [ -79.19351, 39.38867 ], [ -79.19713, 39.3886 ], [ -79.19891, 39.38627 ], [ -79.20294, 39.37787 ], [ -79.21207, 39.37077 ], [ -79.21428, 39.36348 ], [ -79.22036, 39.36316 ], [ -79.2288, 39.36446 ], [ -79.22925, 39.36366 ], [ -79.23165, 39.36457 ], [ -79.23292, 39.35962 ], [ -79.23745, 39.35851 ], [ -79.23933, 39.35931 ], [ -79.24229, 39.35943 ], [ -79.248, 39.35734 ], [ -79.24943, 39.35564 ], [ -79.25257, 39.35592 ], [ -79.25631, 39.35723 ], [ -79.25672, 39.35502 ], [ -79.25371, 39.35114 ], [ -79.25358, 39.3462 ], [ -79.25587, 39.34445 ], [ -79.25736, 39.34252 ], [ -79.25664, 39.34054 ], [ -79.25389, 39.33908 ], [ -79.25389, 39.33722 ], [ -79.25531, 39.33587 ], [ -79.25978, 39.33424 ], [ -79.26756, 39.33629 ], [ -79.26947, 39.33526 ], [ -79.26936, 39.33073 ], [ -79.27084, 39.32854 ], [ -79.27433, 39.32772 ], [ -79.28204, 39.32305 ], [ -79.28421, 39.31478 ], [ -79.28372, 39.30964 ], [ -79.29016, 39.30352 ], [ -79.29024, 39.29932 ], [ -79.29271, 39.29873 ], [ -79.29895, 39.30007 ], [ -79.30231, 39.29955 ], [ -79.31477, 39.30438 ], [ -79.31705, 39.30404 ], [ -79.32181, 39.2999 ], [ -79.32625, 39.30108 ], [ -79.33238, 39.29992 ], [ -79.33809, 39.29677 ], [ -79.34005, 39.29384 ], [ -79.34434, 39.29353 ], [ -79.34601, 39.29396 ], [ -79.34722, 39.29236 ], [ -79.34703, 39.29058 ], [ -79.3456, 39.28973 ], [ -79.34363, 39.28715 ], [ -79.3438, 39.2861 ], [ -79.34616, 39.28452 ], [ -79.35098, 39.28524 ], [ -79.35206, 39.28061 ], [ -79.35375, 39.27804 ], [ -79.35609, 39.278 ], [ -79.3571, 39.27667 ], [ -79.36134, 39.27492 ], [ -79.3726, 39.27403 ], [ -79.37615, 39.27315 ], [ -79.37881, 39.27182 ], [ -79.38186, 39.26687 ], [ -79.38449, 39.2674 ], [ -79.38564, 39.2685 ], [ -79.38775, 39.26746 ], [ -79.38702, 39.26554 ], [ -79.38738, 39.26355 ], [ -79.39092, 39.26116 ], [ -79.39286, 39.26182 ], [ -79.3943, 39.25788 ], [ -79.39574, 39.25638 ], [ -79.39799, 39.25637 ], [ -79.39943, 39.25516 ], [ -79.39836, 39.25294 ], [ -79.40024, 39.25086 ], [ -79.40335, 39.25055 ], [ -79.40765, 39.24661 ], [ -79.40914, 39.24346 ], [ -79.41205, 39.24055 ], [ -79.42035, 39.23888 ], [ -79.42047, 39.23572 ], [ -79.42506, 39.23369 ], [ -79.42441, 39.22817 ], [ -79.42563, 39.22572 ], [ -79.4291, 39.22372 ], [ -79.43072, 39.22445 ], [ -79.43263, 39.22407 ], [ -79.43692, 39.21917 ], [ -79.43983, 39.21707 ], [ -79.44599, 39.21598 ], [ -79.45047, 39.21403 ], [ -79.45456, 39.2102 ], [ -79.45712, 39.21122 ], [ -79.46106, 39.21144 ], [ -79.46545, 39.2094 ], [ -79.46916, 39.2073 ], [ -79.46979, 39.20373 ], [ -79.47321, 39.20211 ], [ -79.47604, 39.20373 ], [ -79.48687, 39.20596 ], [ -79.48587, 39.2649 ], [ -79.48727, 39.26521 ], [ -79.48674, 39.27815 ], [ -79.48765, 39.27995 ] ] ] } },
{ "type": "Feature", "properties": { "id": "MD-07", "state": "MD", "number": "07", "metro": false, "business_count": 0, "has_data": false }, "geometry": { "type": "MultiPolygon", "coordinates": [ [ [ [ -76.39527, 39.2333 ], [ -76.39442, 39.23397 ], [ -76.39141, 39.23482 ], [ -76.39033, 39.23474 ], [ -76.39063, 39.23371 ], [ -76.39343, 39.23186 ], [ -76.39551, 39.23217 ], [ -76.39527, 39.2333 ] ] ], [ [ [ -76.79489, 39.35643 ], [ -76.78925, 39.35889 ], [ -76.78542, 39.35854 ], [ -76.78332, 39.35911 ], [ -76.78015, 39.36051 ], [ -76.77872, 39.36138 ], [ -76.77561, 39.36541 ], [ -76.77456, 39.36583 ], [ -76.76972, 39.3663 ], [ -76.76732, 39.36731 ], [ -76.76446, 39.36757 ], [ -76.75922, 39.36646 ], [ -76.75609, 39.36671 ], [ -76.75311, 39.36736 ], [ -76.74896, 39.36954 ], [ -76.74832, 39.3695 ], [ -76.74456, 39.37709 ], [ -76.72776, 39.36844 ], [ -76.72153, 39.36312 ], [ -76.7208, 39.36184 ], [ -76.71992, 39.35832 ], [ -76.71912, 39.35714 ], [ -76.71793, 39.35639 ], [ -76.71119, 39.35438 ], [ -76.71119, 39.3628 ], [ -76.71152, 39.36576 ], [ -76.71131, 39.37193 ], [ -76.67877, 39.37215 ], [ -76.67819, 39.37199 ], [ -76.67754, 39.36969 ], [ -76.6742, 39.36638 ], [ -76.67297, 39.36408 ], [ -76.67124, 39.36451 ], [ -76.66814, 39.36248 ], [ -76.6664, 39.36011 ], [ -76.66596, 39.35761 ], [ -76.66349, 39.3554 ], [ -76.66041, 39.35519 ], [ -76.6548, 39.3575 ], [ -76.65116, 39.3604 ], [ -76.65012, 39.35628 ], [ -76.6484, 39.3542 ], [ -76.64677, 39.3503 ], [ -76.64814, 39.34513 ], [ -76.6477, 39.34316 ], [ -76.64837, 39.33954 ], [ -76.64799, 39.33816 ], [ -76.64592, 39.3342 ], [ -76.64363, 39.33182 ], [ -76.6408, 39.33208 ], [ -76.6401, 39.32991 ], [ -76.63496, 39.33105 ], [ -76.62592, 39.33116 ], [ -76.62443, 39.33188 ], [ -76.62376, 39.33393 ], [ -76.62402, 39.33648 ], [ -76.62574, 39.3396 ], [ -76.62578, 39.34159 ], [ -76.62533, 39.3416 ], [ -76.62522, 39.34512 ], [ -76.62013, 39.34551 ], [ -76.61713, 39.34533 ], [ -76.6148, 39.34579 ], [ -76.61518, 39.34729 ], [ -76.61489, 39.34972 ], [ -76.61531, 39.34968 ], [ -76.61551, 39.35136 ], [ -76.61518, 39.35152 ], [ -76.61619, 39.35181 ], [ -76.61639, 39.35612 ], [ -76.61319, 39.35725 ], [ -76.60998, 39.35682 ], [ -76.6098, 39.3722 ], [ -76.5877, 39.37178 ], [ -76.58346, 39.37211 ], [ -76.52979, 39.37206 ], [ -76.52977, 39.35371 ], [ -76.52945, 39.35072 ], [ -76.52978, 39.34215 ], [ -76.52969, 39.33028 ], [ -76.52667, 39.33084 ], [ -76.52693, 39.33161 ], [ -76.52493, 39.33178 ], [ -76.52161, 39.32997 ], [ -76.52298, 39.32845 ], [ -76.52306, 39.32559 ], [ -76.522, 39.32222 ], [ -76.52109, 39.32099 ], [ -76.51592, 39.31704 ], [ -76.51592, 39.31511 ], [ -76.51661, 39.31418 ], [ -76.51537, 39.31043 ], [ -76.51414, 39.30834 ], [ -76.51096, 39.30729 ], [ -76.50901, 39.30737 ], [ -76.50978, 39.30822 ], [ -76.50541, 39.30666 ], [ -76.50539, 39.30631 ], [ -76.50157, 39.30559 ], [ -76.5008, 39.30468 ], [ -76.49259, 39.30301 ], [ -76.48928, 39.30195 ], [ -76.45588, 39.28191 ], [ -76.44348, 39.28081 ], [ -76.44588, 39.27481 ], [ -76.44618, 39.26401 ], [ -76.44336, 39.25591 ], [ -76.4471, 39.25282 ], [ -76.4463, 39.25104 ], [ -76.45084, 39.24908 ], [ -76.45113, 39.24668 ], [ -76.44656, 39.24556 ], [ -76.44464, 39.2476 ], [ -76.441, 39.24668 ], [ -76.4407, 39.24531 ], [ -76.4443, 39.24304 ], [ -76.44313, 39.24111 ], [ -76.44004, 39.24157 ], [ -76.43354, 39.23934 ], [ -76.43009, 39.23907 ], [ -76.42403, 39.2352 ], [ -76.42249, 39.23253 ], [ -76.41025, 39.23152 ], [ -76.40597, 39.23308 ], [ -76.40442, 39.2352 ], [ -76.40145, 39.23778 ], [ -76.39931, 39.2387 ], [ -76.39812, 39.23704 ], [ -76.4005, 39.23483 ], [ -76.40109, 39.23271 ], [ -76.39979, 39.23078 ], [ -76.39912, 39.22905 ], [ -76.4097, 39.22512 ], [ -76.41542, 39.22177 ], [ -76.41768, 39.21981 ], [ -76.4219, 39.21063 ], [ -76.42528, 39.20571 ], [ -76.42896, 39.20414 ], [ -76.43654, 39.20217 ], [ -76.44017, 39.19752 ], [ -76.44248, 39.19541 ], [ -76.44532, 39.19596 ], [ -76.44767, 39.19774 ], [ -76.44946, 39.20159 ], [ -76.44958, 39.20381 ], [ -76.44744, 39.2074 ], [ -76.44411, 39.21043 ], [ -76.44483, 39.21541 ], [ -76.44685, 39.21826 ], [ -76.45338, 39.21817 ], [ -76.4579, 39.21909 ], [ -76.46254, 39.21578 ], [ -76.4617, 39.20942 ], [ -76.46149, 39.20407 ], [ -76.46201, 39.20416 ], [ -76.46348, 39.20591 ], [ -76.48008, 39.20511 ], [ -76.49205, 39.20144 ], [ -76.49571, 39.20188 ], [ -76.49838, 39.20481 ], [ -76.50098, 39.20938 ], [ -76.50092, 39.21421 ], [ -76.49688, 39.21504 ], [ -76.49735, 39.2167 ], [ -76.49605, 39.21918 ], [ -76.49629, 39.22167 ], [ -76.49914, 39.22305 ], [ -76.4989, 39.22526 ], [ -76.49735, 39.22691 ], [ -76.50318, 39.23207 ], [ -76.50686, 39.23216 ], [ -76.51257, 39.22848 ], [ -76.51661, 39.23226 ], [ -76.5172, 39.24155 ], [ -76.51827, 39.24201 ], [ -76.52089, 39.24109 ], [ -76.52231, 39.24238 ], [ -76.53324, 39.23925 ], [ -76.53895, 39.24551 ], [ -76.54026, 39.25039 ], [ -76.55273, 39.25747 ], [ -76.56331, 39.25692 ], [ -76.56628, 39.25959 ], [ -76.56902, 39.25922 ], [ -76.57151, 39.26069 ], [ -76.57222, 39.26474 ], [ -76.57745, 39.26456 ], [ -76.57947, 39.26152 ], [ -76.58648, 39.26134 ], [ -76.58446, 39.25379 ], [ -76.57852, 39.25122 ], [ -76.57852, 39.24882 ], [ -76.57175, 39.2456 ], [ -76.56557, 39.24118 ], [ -76.56343, 39.23787 ], [ -76.56224, 39.23529 ], [ -76.5601, 39.23548 ], [ -76.55844, 39.23373 ], [ -76.55891, 39.23226 ], [ -76.55999, 39.23117 ], [ -76.56248, 39.23041 ], [ -76.56284, 39.22968 ], [ -76.562, 39.22756 ], [ -76.5645, 39.22461 ], [ -76.55535, 39.21697 ], [ -76.55024, 39.21734 ], [ -76.54905, 39.21375 ], [ -76.5418, 39.21228 ], [ -76.53428, 39.21321 ], [ -76.53284, 39.21111 ], [ -76.5324, 39.20999 ], [ -76.53307, 39.20765 ], [ -76.55009, 39.19721 ], [ -76.56379, 39.20141 ], [ -76.5674, 39.20212 ], [ -76.57111, 39.20382 ], [ -76.58328, 39.2074 ], [ -76.61168, 39.23439 ], [ -76.61861, 39.2374 ], [ -76.62469, 39.23055 ], [ -76.62692, 39.22852 ], [ -76.63012, 39.22459 ], [ -76.63153, 39.22386 ], [ -76.63714, 39.2235 ], [ -76.63994, 39.22436 ], [ -76.64368, 39.22771 ], [ -76.64555, 39.22857 ], [ -76.65866, 39.23101 ], [ -76.66173, 39.23114 ], [ -76.66454, 39.23065 ], [ -76.66992, 39.22843 ], [ -76.67444, 39.22516 ], [ -76.67749, 39.22181 ], [ -76.68095, 39.22 ], [ -76.68469, 39.22016 ], [ -76.68775, 39.22129 ], [ -76.68918, 39.2212 ], [ -76.69283, 39.21977 ], [ -76.697, 39.21706 ], [ -76.69709, 39.21409 ], [ -76.69913, 39.21299 ], [ -76.70042, 39.21301 ], [ -76.70523, 39.21567 ], [ -76.70608, 39.21811 ], [ -76.70667, 39.22125 ], [ -76.71309, 39.22172 ], [ -76.71726, 39.22548 ], [ -76.72219, 39.22642 ], [ -76.72457, 39.22861 ], [ -76.72839, 39.22939 ], [ -76.72862, 39.23076 ], [ -76.72738, 39.23279 ], [ -76.72622, 39.2334 ], [ -76.7259, 39.23551 ], [ -76.72817, 39.23595 ], [ -76.72967, 39.23738 ], [ -76.72735, 39.23896 ], [ -76.72721, 39.24231 ], [ -76.72872, 39.24522 ], [ -76.72337, 39.24978 ], [ -76.72457, 39.25053 ], [ -76.72707, 39.25423 ], [ -76.7323, 39.25832 ], [ -76.73361, 39.25991 ], [ -76.7365, 39.26194 ], [ -76.73316, 39.26499 ], [ -76.73137, 39.26523 ], [ -76.73395, 39.27151 ], [ -76.73506, 39.27127 ], [ -76.73594, 39.27235 ], [ -76.73739, 39.27152 ], [ -76.74541, 39.28087 ], [ -76.74431, 39.28499 ], [ -76.73885, 39.28634 ], [ -76.74177, 39.29022 ], [ -76.74296, 39.29722 ], [ -76.74475, 39.31254 ], [ -76.75238, 39.313 ], [ -76.75246, 39.31497 ], [ -76.74944, 39.32125 ], [ -76.74947, 39.32242 ], [ -76.7453, 39.32199 ], [ -76.74597, 39.32594 ], [ -76.75007, 39.32947 ], [ -76.7519, 39.32937 ], [ -76.7527, 39.33317 ], [ -76.75975, 39.33375 ], [ -76.76091, 39.33897 ], [ -76.76276, 39.34148 ], [ -76.7712, 39.34442 ], [ -76.78362, 39.35029 ], [ -76.78518, 39.3506 ], [ -76.79536, 39.35497 ], [ -76.79489, 39.35643 ] ] ] ] } },
{ "type": "Feature", "properties": { "id": "MD-08", "state": "MD", "number": "08", "metro": true, "business_count": 1642, "has_data": true }, "geometry": { "type": "Polygon", "coordinates": [ [ [ -77.34378, 39.10237 ], [ -77.34277, 39.10482 ], [ -77.34102, 39.10547 ], [ -77.33643, 39.10574 ], [ -77.33511, 39.10901 ], [ -77.33389, 39.11041 ], [ -77.33208, 39.11049 ], [ -77.33214, 39.11465 ], [ -77.33449, 39.12223 ], [ -77.33565, 39.13012 ], [ -77.33418, 39.13147 ], [ -77.33509, 39.13171 ], [ -77.33334, 39.13507 ], [ -77.32924, 39.1357 ], [ -77.32645, 39.13909 ], [ -77.32486, 39.14047 ], [ -77.32116, 39.14192 ], [ -77.31901, 39.14324 ], [ -77.31809, 39.14478 ], [ -77.31438, 39.14697 ], [ -77.31068, 39.14565 ], [ -77.30792, 39.14622 ], [ -77.30701, 39.14571 ], [ -77.28903, 39.13345 ], [ -77.27421, 39.12413 ], [ -77.27086, 39.12089 ], [ -77.26387, 39.11623 ], [ -77.26153, 39.11776 ], [ -77.25723, 39.11835 ], [ -77.25827, 39.12069 ], [ -77.25741, 39.12142 ], [ -77.2554, 39.12101 ], [ -77.25253, 39.11823 ], [ -77.25313, 39.118 ], [ -77.25305, 39.11656 ], [ -77.2512, 39.11609 ], [ -77.25068, 39.11729 ], [ -77.24642, 39.11585 ], [ -77.24058, 39.11227 ], [ -77.2351, 39.10748 ], [ -77.22798, 39.10371 ], [ -77.22226, 39.10309 ], [ -77.2142, 39.10062 ], [ -77.20636, 39.10337 ], [ -77.20832, 39.10595 ], [ -77.2035, 39.10672 ], [ -77.20269, 39.10873 ], [ -77.20352, 39.11004 ], [ -77.19765, 39.10864 ], [ -77.19523, 39.10704 ], [ -77.19179, 39.11024 ], [ -77.19176, 39.11099 ], [ -77.19047, 39.11101 ], [ -77.18976, 39.11183 ], [ -77.18796, 39.11016 ], [ -77.18639, 39.11388 ], [ -77.18251, 39.1193 ], [ -77.17931, 39.12099 ], [ -77.176, 39.12432 ], [ -77.17382, 39.12309 ], [ -77.172, 39.12515 ], [ -77.17421, 39.12622 ], [ -77.17301, 39.12736 ], [ -77.1709, 39.12809 ], [ -77.17722, 39.13591 ], [ -77.18029, 39.13841 ], [ -77.17882, 39.14044 ], [ -77.17976, 39.14072 ], [ -77.17836, 39.14675 ], [ -77.17113, 39.14804 ], [ -77.17115, 39.14859 ], [ -77.17405, 39.1506 ], [ -77.17248, 39.14999 ], [ -77.1721, 39.15188 ], [ -77.17424, 39.15379 ], [ -77.17663, 39.15348 ], [ -77.17778, 39.15382 ], [ -77.17804, 39.15349 ], [ -77.18097, 39.15396 ], [ -77.18147, 39.15488 ], [ -77.18045, 39.1566 ], [ -77.18331, 39.15897 ], [ -77.18569, 39.1595 ], [ -77.18973, 39.15963 ], [ -77.19209, 39.16014 ], [ -77.19677, 39.16051 ], [ -77.19843, 39.16621 ], [ -77.19776, 39.1675 ], [ -77.19643, 39.16827 ], [ -77.19479, 39.16472 ], [ -77.19394, 39.16602 ], [ -77.19178, 39.16591 ], [ -77.19147, 39.16756 ], [ -77.19064, 39.16945 ], [ -77.19405, 39.16959 ], [ -77.2011, 39.17245 ], [ -77.2036, 39.1726 ], [ -77.20368, 39.17453 ], [ -77.2083, 39.1741 ], [ -77.21012, 39.17659 ], [ -77.20983, 39.17844 ], [ -77.20999, 39.18036 ], [ -77.21097, 39.18433 ], [ -77.20776, 39.18518 ], [ -77.20431, 39.18503 ], [ -77.20051, 39.18724 ], [ -77.19845, 39.18683 ], [ -77.19892, 39.18555 ], [ -77.19905, 39.18332 ], [ -77.19826, 39.18676 ], [ -77.19724, 39.18788 ], [ -77.19386, 39.18992 ], [ -77.19196, 39.19062 ], [ -77.19282, 39.19197 ], [ -77.19695, 39.19651 ], [ -77.20343, 39.19964 ], [ -77.20398, 39.20137 ], [ -77.20301, 39.20221 ], [ -77.20528, 39.20564 ], [ -77.20683, 39.21008 ], [ -77.2046, 39.21073 ], [ -77.2037, 39.21264 ], [ -77.20739, 39.21386 ], [ -77.21046, 39.21702 ], [ -77.20969, 39.21791 ], [ -77.20531, 39.21766 ], [ -77.20594, 39.22028 ], [ -77.20385, 39.22025 ], [ -77.20225, 39.22111 ], [ -77.20324, 39.22228 ], [ -77.20253, 39.22332 ], [ -77.19923, 39.22317 ], [ -77.19666, 39.22528 ], [ -77.19639, 39.22707 ], [ -77.19416, 39.22746 ], [ -77.19107, 39.22869 ], [ -77.18893, 39.22857 ], [ -77.18694, 39.22923 ], [ -77.18209, 39.23318 ], [ -77.18069, 39.23568 ], [ -77.17893, 39.23739 ], [ -77.17658, 39.23771 ], [ -77.174, 39.23918 ], [ -77.17245, 39.24108 ], [ -77.17293, 39.24403 ], [ -77.17035, 39.24685 ], [ -77.16869, 39.24752 ], [ -77.1681, 39.25012 ], [ -77.16678, 39.25044 ], [ -77.16382, 39.25394 ], [ -77.16363, 39.25521 ], [ -77.16505, 39.25722 ], [ -77.16273, 39.25946 ], [ -77.16246, 39.26046 ], [ -77.16409, 39.26153 ], [ -77.1641, 39.26273 ], [ -77.16275, 39.26433 ], [ -77.16303, 39.26587 ], [ -77.16707, 39.26737 ], [ -77.16833, 39.2662 ], [ -77.17269, 39.26906 ], [ -77.1707, 39.27118 ], [ -77.17297, 39.27296 ], [ -77.17653, 39.27487 ], [ -77.17524, 39.27596 ], [ -77.17568, 39.27832 ], [ -77.17191, 39.28475 ], [ -77.17017, 39.28446 ], [ -77.16813, 39.28656 ], [ -77.16496, 39.28743 ], [ -77.16275, 39.28975 ], [ -77.15745, 39.2897 ], [ -77.15514, 39.29058 ], [ -77.14711, 39.29474 ], [ -77.14467, 39.29471 ], [ -77.14359, 39.29303 ], [ -77.14006, 39.2921 ], [ -77.1402, 39.28928 ], [ -77.13789, 39.28815 ], [ -77.13976, 39.28562 ], [ -77.14001, 39.28344 ], [ -77.13835, 39.28097 ], [ -77.13647, 39.27924 ], [ -77.13646, 39.27829 ], [ -77.134, 39.27618 ], [ -77.13459, 39.27307 ], [ -77.13429, 39.27138 ], [ -77.13324, 39.27036 ], [ -77.13143, 39.27007 ], [ -77.13059, 39.26841 ], [ -77.12618, 39.26863 ], [ -77.1235, 39.26809 ], [ -77.12139, 39.26719 ], [ -77.11699, 39.26754 ], [ -77.11539, 39.2663 ], [ -77.115, 39.26517 ], [ -77.11081, 39.26414 ], [ -77.10524, 39.2645 ], [ -77.10362, 39.266 ], [ -77.10181, 39.26529 ], [ -77.09749, 39.26481 ], [ -77.0932, 39.26247 ], [ -77.08918, 39.26227 ], [ -77.08616, 39.26057 ], [ -77.0821, 39.26003 ], [ -77.07881, 39.2583 ], [ -77.07778, 39.25651 ], [ -77.07433, 39.25601 ], [ -77.07011, 39.2541 ], [ -77.06731, 39.25157 ], [ -77.06557, 39.25096 ], [ -77.06438, 39.24881 ], [ -77.06219, 39.24732 ], [ -77.06075, 39.24315 ], [ -77.06153, 39.24127 ], [ -77.05977, 39.24017 ], [ -77.05773, 39.24024 ], [ -77.05591, 39.23833 ], [ -77.05376, 39.23882 ], [ -77.05025, 39.23758 ], [ -77.04481, 39.23767 ], [ -77.03849, 39.23145 ], [ -77.03588, 39.22967 ], [ -77.03452, 39.22614 ], [ -77.03207, 39.2244 ], [ -77.03233, 39.22032 ], [ -77.02229, 39.21399 ], [ -77.01929, 39.21292 ], [ -77.01757, 39.20975 ], [ -77.00942, 39.20673 ], [ -77.01216, 39.19518 ], [ -77.00491, 39.19326 ], [ -77.00417, 39.19233 ], [ -77.00433, 39.18926 ], [ -77.00639, 39.18562 ], [ -77.00755, 39.1849 ], [ -77.00772, 39.18265 ], [ -77.00842, 39.18157 ], [ -77.00726, 39.18032 ], [ -77.0045, 39.17912 ], [ -76.99991, 39.17863 ], [ -76.99888, 39.1778 ], [ -76.99958, 39.17709 ], [ -77.00285, 39.17614 ], [ -77.00536, 39.17629 ], [ -77.00442, 39.1743 ], [ -77.003, 39.17417 ], [ -76.99835, 39.17509 ], [ -76.99743, 39.1741 ], [ -77.0014, 39.17088 ], [ -77.00097, 39.16954 ], [ -76.99732, 39.16647 ], [ -76.99441, 39.16681 ], [ -76.98714, 39.16629 ], [ -76.98335, 39.16531 ], [ -76.98206, 39.16429 ], [ -76.97871, 39.16366 ], [ -76.9779, 39.16289 ], [ -76.97557, 39.1632 ], [ -76.97367, 39.16221 ], [ -76.973, 39.1614 ], [ -76.97389, 39.15865 ], [ -76.9767, 39.15416 ], [ -76.9767, 39.15199 ], [ -76.97561, 39.14975 ], [ -76.9729, 39.14947 ], [ -76.97039, 39.14872 ], [ -76.96691, 39.14876 ], [ -76.96407, 39.1482 ], [ -76.96297, 39.14584 ], [ -76.96407, 39.1454 ], [ -76.96644, 39.14298 ], [ -76.9687, 39.14231 ], [ -76.97159, 39.14207 ], [ -76.97649, 39.13887 ], [ -76.97845, 39.13808 ], [ -76.9812, 39.13762 ], [ -76.98354, 39.13863 ], [ -76.98862, 39.13871 ], [ -76.99177, 39.13738 ], [ -76.9921, 39.13969 ], [ -76.996, 39.13963 ], [ -76.99489, 39.13602 ], [ -76.99229, 39.13026 ], [ -76.99052, 39.12739 ], [ -76.98821, 39.12805 ], [ -76.9874, 39.12792 ], [ -76.98762, 39.1273 ], [ -76.98989, 39.1263 ], [ -76.98886, 39.12305 ], [ -76.98886, 39.12115 ], [ -76.9872, 39.12082 ], [ -76.98064, 39.11816 ], [ -76.97238, 39.11798 ], [ -76.96696, 39.1166 ], [ -76.96215, 39.11608 ], [ -76.96246, 39.11533 ], [ -76.9636, 39.10368 ], [ -76.96328, 39.1011 ], [ -76.96459, 39.09947 ], [ -76.96502, 39.09798 ], [ -76.96923, 39.09522 ], [ -76.96443, 39.08833 ], [ -76.96098, 39.08727 ], [ -76.95479, 39.08637 ], [ -76.94825, 39.08297 ], [ -76.95232, 39.07808 ], [ -76.9627, 39.06262 ], [ -76.95879, 39.06155 ], [ -76.95653, 39.06013 ], [ -76.95586, 39.06076 ], [ -76.95222, 39.05864 ], [ -76.95122, 39.05691 ], [ -76.94752, 39.05594 ], [ -76.94564, 39.05458 ], [ -76.94631, 39.05242 ], [ -76.9621, 39.03121 ], [ -76.96733, 39.02466 ], [ -76.96675, 39.0248 ], [ -76.96687, 39.02356 ], [ -76.96762, 39.02345 ], [ -76.96849, 39.02283 ], [ -76.9781, 39.00981 ], [ -76.97961, 39.00816 ], [ -76.98415, 39.00144 ], [ -76.98569, 38.99998 ], [ -76.98906, 38.99558 ], [ -76.9911, 38.9924 ], [ -76.9878, 38.9891 ], [ -76.98479, 38.98718 ], [ -76.98494, 38.9853 ], [ -76.98666, 38.97918 ], [ -76.98604, 38.97761 ], [ -76.98687, 38.97688 ], [ -76.99054, 38.97564 ], [ -76.99418, 38.97529 ], [ -76.99726, 38.97241 ], [ -77.00016, 38.96874 ], [ -77.00135, 38.96872 ], [ -77.00369, 38.96638 ], [ -77.0156, 38.97591 ], [ -77.041, 38.99511 ], [ -77.0915, 38.95651 ], [ -77.1007, 38.94891 ], [ -77.1045, 38.94641 ], [ -77.11976, 38.93434 ], [ -77.1276, 38.94001 ], [ -77.1319, 38.94741 ], [ -77.1377, 38.95531 ], [ -77.1466, 38.96421 ], [ -77.14818, 38.965 ], [ -77.15108, 38.96583 ], [ -77.1653, 38.96801 ], [ -77.1669, 38.96811 ], [ -77.168, 38.96741 ], [ -77.1719, 38.96751 ], [ -77.183, 38.96881 ], [ -77.1883, 38.96751 ], [ -77.1975, 38.96681 ], [ -77.2025, 38.96791 ], [ -77.2036, 38.96891 ], [ -77.2093, 38.97041 ], [ -77.2115, 38.96941 ], [ -77.2215, 38.97131 ], [ -77.22497, 38.97335 ], [ -77.2284, 38.9784 ], [ -77.22999, 38.97986 ], [ -77.2316, 38.97992 ], [ -77.23227, 38.9795 ], [ -77.2348, 38.97631 ], [ -77.24108, 38.98121 ], [ -77.24462, 38.98253 ], [ -77.24617, 38.98575 ], [ -77.2483, 38.99231 ], [ -77.2492, 38.99371 ], [ -77.253, 38.99571 ], [ -77.2557, 39.00241 ], [ -77.2518, 39.01141 ], [ -77.2469, 39.01481 ], [ -77.2446, 39.02011 ], [ -77.246, 39.02491 ], [ -77.2484, 39.02691 ], [ -77.2553, 39.03001 ], [ -77.266, 39.03191 ], [ -77.27471, 39.03409 ], [ -77.2931, 39.04651 ], [ -77.30101, 39.04951 ], [ -77.3107, 39.05201 ], [ -77.3149, 39.05221 ], [ -77.32421, 39.05651 ], [ -77.33371, 39.05951 ], [ -77.33401, 39.06099 ], [ -77.33551, 39.06177 ], [ -77.34029, 39.06299 ], [ -77.3421, 39.06284 ], [ -77.34126, 39.06826 ], [ -77.34209, 39.07278 ], [ -77.34138, 39.07822 ], [ -77.34048, 39.07904 ], [ -77.33763, 39.07993 ], [ -77.33593, 39.08112 ], [ -77.3342, 39.08516 ], [ -77.33179, 39.087 ], [ -77.32938, 39.08775 ], [ -77.32955, 39.09141 ], [ -77.3317, 39.09072 ], [ -77.33615, 39.0884 ], [ -77.33765, 39.0906 ], [ -77.33914, 39.09162 ], [ -77.34184, 39.09542 ], [ -77.34203, 39.09693 ], [ -77.34352, 39.1 ], [ -77.34378, 39.10237 ] ] ] } },
{ "type": "Feature", "properties": { "id": "VA-01", "state": "VA", "number": "01", "metro": false, "business_count": 0, "has_data": false }, "geometry": { "type": "MultiPolygon", "coordinates": [ [ [ [ -76.42074, 37.5976 ], [ -76.41951, 37.59867 ], [ -76.41781, 37.59832 ], [ -76.41629, 37.59358 ], [ -76.41728, 37.59203 ], [ -76.41929, 37.59261 ], [ -76.41964, 37.59541 ], [ -76.42074, 37.5976 ] ] ], [ [ [ -77.87823, 37.38351 ], [ -77.87627, 37.38583 ], [ -77.87464, 37.38663 ], [ -77.87298, 37.39205 ], [ -77.86937, 37.39125 ], [ -77.86801, 37.39175 ], [ -77.86739, 37.39382 ], [ -77.8712, 37.39832 ], [ -77.87181, 37.39943 ], [ -77.87172, 37.40207 ], [ -77.87246, 37.40564 ], [ -77.87353, 37.40733 ], [ -77.87488, 37.41168 ], [ -77.87549, 37.41602 ], [ -77.87509, 37.41714 ], [ -77.87259, 37.41849 ], [ -77.86885, 37.41727 ], [ -77.86691, 37.4172 ], [ -77.8632, 37.41569 ], [ -77.85874, 37.41454 ], [ -77.85699, 37.41541 ], [ -77.85515, 37.41836 ], [ -77.85338, 37.41855 ], [ -77.85099, 37.41693 ], [ -77.84891, 37.41483 ], [ -77.84673, 37.41512 ], [ -77.84394, 37.41843 ], [ -77.84299, 37.41895 ], [ -77.84035, 37.4182 ], [ -77.83791, 37.42025 ], [ -77.83468, 37.42232 ], [ -77.83316, 37.4228 ], [ -77.83033, 37.4224 ], [ -77.8267, 37.42245 ], [ -77.81709, 37.42418 ], [ -77.81553, 37.42505 ], [ -77.80919, 37.42611 ], [ -77.80827, 37.42679 ], [ -77.80798, 37.42953 ], [ -77.80854, 37.43019 ], [ -77.80641, 37.4317 ], [ -77.8049, 37.43477 ], [ -77.80561, 37.43571 ], [ -77.80499, 37.43763 ], [ -77.7988, 37.44489 ], [ -77.79885, 37.4475 ], [ -77.79751, 37.45104 ], [ -77.79751, 37.45442 ], [ -77.79799, 37.45672 ], [ -77.7978, 37.45889 ], [ -77.74972, 37.49379 ], [ -77.74787, 37.49468 ], [ -77.73274, 37.50602 ], [ -77.65624, 37.56085 ], [ -77.6554, 37.56399 ], [ -77.65285, 37.56541 ], [ -77.64711, 37.56638 ], [ -77.64408, 37.56625 ], [ -77.64159, 37.56675 ], [ -77.63871, 37.56674 ], [ -77.63724, 37.56609 ], [ -77.63471, 37.56598 ], [ -77.63394, 37.56733 ], [ -77.63626, 37.5687 ], [ -77.63569, 37.57138 ], [ -77.63238, 37.57554 ], [ -77.63055, 37.57672 ], [ -77.62799, 37.57683 ], [ -77.62392, 37.57576 ], [ -77.62006, 37.57706 ], [ -77.61799, 37.57689 ], [ -77.61643, 37.57755 ], [ -77.61714, 37.58061 ], [ -77.61806, 37.58126 ], [ -77.61889, 37.58488 ], [ -77.61832, 37.58897 ], [ -77.62038, 37.58992 ], [ -77.62447, 37.58996 ], [ -77.62642, 37.59135 ], [ -77.62833, 37.59459 ], [ -77.62604, 37.59661 ], [ -77.62635, 37.59881 ], [ -77.62833, 37.59991 ], [ -77.63158, 37.60055 ], [ -77.6341, 37.60202 ], [ -77.63582, 37.60166 ], [ -77.64024, 37.60269 ], [ -77.64173, 37.60663 ], [ -77.64071, 37.6079 ], [ -77.64175, 37.61178 ], [ -77.64317, 37.6138 ], [ -77.64632, 37.61382 ], [ -77.6518, 37.61666 ], [ -77.65208, 37.61919 ], [ -77.65062, 37.62419 ], [ -77.65205, 37.6309 ], [ -77.652, 37.63211 ], [ -77.65371, 37.63454 ], [ -77.65394, 37.63955 ], [ -77.65445, 37.64073 ], [ -77.65275, 37.64544 ], [ -77.65052, 37.64869 ], [ -77.64953, 37.65158 ], [ -77.64971, 37.65377 ], [ -77.64856, 37.6569 ], [ -77.64991, 37.65702 ], [ -77.64936, 37.65937 ], [ -77.64619, 37.65922 ], [ -77.64605, 37.6622 ], [ -77.64436, 37.66936 ], [ -77.64092, 37.67807 ], [ -77.64284, 37.67931 ], [ -77.64191, 37.68034 ], [ -77.64159, 37.68459 ], [ -77.64191, 37.68789 ], [ -77.63775, 37.68667 ], [ -77.63082, 37.7057 ], [ -77.63617, 37.70654 ], [ -77.63677, 37.70995 ], [ -77.63852, 37.71261 ], [ -77.63993, 37.71588 ], [ -77.63975, 37.72054 ], [ -77.63925, 37.72255 ], [ -77.64046, 37.72579 ], [ -77.63432, 37.72697 ], [ -77.62346, 37.72362 ], [ -77.62055, 37.72586 ], [ -77.62458, 37.72642 ], [ -77.64132, 37.73128 ], [ -77.6447, 37.72888 ], [ -77.64544, 37.73911 ], [ -77.65269, 37.74519 ], [ -77.65365, 37.74659 ], [ -77.65402, 37.74793 ], [ -77.65121, 37.74907 ], [ -77.65083, 37.75138 ], [ -77.64867, 37.75674 ], [ -77.64651, 37.75709 ], [ -77.64601, 37.7548 ], [ -77.64305, 37.75008 ], [ -77.63993, 37.74789 ], [ -77.63797, 37.74746 ], [ -77.63671, 37.74971 ], [ -77.6337, 37.75209 ], [ -77.63134, 37.75227 ], [ -77.63436, 37.75388 ], [ -77.63357, 37.75468 ], [ -77.63501, 37.75715 ], [ -77.63356, 37.75714 ], [ -77.63399, 37.7609 ], [ -77.63638, 37.76226 ], [ -77.63852, 37.7627 ], [ -77.64125, 37.76461 ], [ -77.64117, 37.76482 ], [ -77.63815, 37.76273 ], [ -77.63626, 37.7624 ], [ -77.63397, 37.76125 ], [ -77.63322, 37.75848 ], [ -77.63338, 37.7571 ], [ -77.63184, 37.75609 ], [ -77.63016, 37.75591 ], [ -77.62878, 37.75844 ], [ -77.62413, 37.76091 ], [ -77.62237, 37.76049 ], [ -77.61968, 37.76107 ], [ -77.61766, 37.75919 ], [ -77.61471, 37.75897 ], [ -77.61233, 37.75986 ], [ -77.60776, 37.76581 ], [ -77.60519, 37.76731 ], [ -77.60331, 37.76925 ], [ -77.59818, 37.76767 ], [ -77.59664, 37.76826 ], [ -77.5968, 37.77083 ], [ -77.59873, 37.7718 ], [ -77.601, 37.77373 ], [ -77.60009, 37.77452 ], [ -77.5967, 37.77391 ], [ -77.59465, 37.77519 ], [ -77.59225, 37.77831 ], [ -77.58877, 37.77861 ], [ -77.58754, 37.77961 ], [ -77.58549, 37.78251 ], [ -77.58471, 37.78476 ], [ -77.58185, 37.78697 ], [ -77.57989, 37.78965 ], [ -77.57875, 37.79028 ], [ -77.57448, 37.79459 ], [ -77.57411, 37.7956 ], [ -77.576, 37.79801 ], [ -77.57631, 37.79972 ], [ -77.57557, 37.80369 ], [ -77.57439, 37.80487 ], [ -77.56977, 37.80273 ], [ -77.56649, 37.79718 ], [ -77.56431, 37.79581 ], [ -77.56057, 37.79485 ], [ -77.55947, 37.79316 ], [ -77.55598, 37.79373 ], [ -77.55314, 37.79336 ], [ -77.55142, 37.7939 ], [ -77.54926, 37.79685 ], [ -77.54428, 37.79503 ], [ -77.53975, 37.79171 ], [ -77.55244, 37.77823 ], [ -77.55461, 37.77774 ], [ -77.55363, 37.77562 ], [ -77.54854, 37.77719 ], [ -77.54668, 37.7781 ], [ -77.53507, 37.77466 ], [ -77.53132, 37.7753 ], [ -77.53048, 37.77629 ], [ -77.52546, 37.77787 ], [ -77.51981, 37.77866 ], [ -77.51664, 37.77669 ], [ -77.5129, 37.77586 ], [ -77.50963, 37.77657 ], [ -77.50782, 37.77526 ], [ -77.50868, 37.7773 ], [ -77.50707, 37.77506 ], [ -77.50286, 37.77484 ], [ -77.50087, 37.77388 ], [ -77.49963, 37.77219 ], [ -77.49292, 37.77409 ], [ -77.49126, 37.77558 ], [ -77.48414, 37.77554 ], [ -77.48432, 37.77951 ], [ -77.47653, 37.77706 ], [ -77.47226, 37.79174 ], [ -77.47184, 37.79173 ], [ -77.47124, 37.78962 ], [ -77.47041, 37.78944 ], [ -77.47033, 37.7882 ], [ -77.46236, 37.7905 ], [ -77.4603, 37.79191 ], [ -77.46106, 37.79902 ], [ -77.45721, 37.79744 ], [ -77.45295, 37.7946 ], [ -77.45115, 37.79715 ], [ -77.45023, 37.79797 ], [ -77.44885, 37.79739 ], [ -77.44948, 37.79392 ], [ -77.44728, 37.7941 ], [ -77.44604, 37.80333 ], [ -77.44363, 37.80386 ], [ -77.44224, 37.80362 ], [ -77.4411, 37.80242 ], [ -77.43613, 37.80188 ], [ -77.43479, 37.80051 ], [ -77.43006, 37.7983 ], [ -77.4267, 37.79738 ], [ -77.42454, 37.79988 ], [ -77.42272, 37.79973 ], [ -77.42024, 37.79859 ], [ -77.41564, 37.79897 ], [ -77.41254, 37.79981 ], [ -77.40919, 37.80291 ], [ -77.40781, 37.80333 ], [ -77.40522, 37.80307 ], [ -77.40356, 37.80523 ], [ -77.40204, 37.80573 ], [ -77.39947, 37.80476 ], [ -77.39684, 37.80443 ], [ -77.39524, 37.80244 ], [ -77.39581, 37.79939 ], [ -77.39835, 37.7908 ], [ -77.39723, 37.78924 ], [ -77.39154, 37.78725 ], [ -77.39085, 37.78675 ], [ -77.39306, 37.78455 ], [ -77.39612, 37.78454 ], [ -77.39952, 37.78582 ], [ -77.40272, 37.78627 ], [ -77.40369, 37.78592 ], [ -77.40562, 37.78325 ], [ -77.40573, 37.78135 ], [ -77.40475, 37.77991 ], [ -77.40348, 37.77936 ], [ -77.39992, 37.77971 ], [ -77.39837, 37.77863 ], [ -77.39802, 37.77746 ], [ -77.39633, 37.77721 ], [ -77.39029, 37.77857 ], [ -77.38752, 37.77875 ], [ -77.38548, 37.77742 ], [ -77.38087, 37.77779 ], [ -77.37837, 37.77631 ], [ -77.3747, 37.77636 ], [ -77.37206, 37.7794 ], [ -77.37074, 37.7836 ], [ -77.37134, 37.78721 ], [ -77.36991, 37.78865 ], [ -77.36859, 37.78895 ], [ -77.36304, 37.78859 ], [ -77.36294, 37.79012 ], [ -77.3637, 37.79078 ], [ -77.36636, 37.79101 ], [ -77.36662, 37.79258 ], [ -77.36585, 37.79379 ], [ -77.36239, 37.79543 ], [ -77.36226, 37.79765 ], [ -77.35747, 37.797 ], [ -77.35307, 37.79505 ], [ -77.35174, 37.79346 ], [ -77.35117, 37.79048 ], [ -77.35027, 37.78943 ], [ -77.34849, 37.78881 ], [ -77.34522, 37.78928 ], [ -77.34557, 37.7922 ], [ -77.33306, 37.80148 ], [ -77.33012, 37.80574 ], [ -77.30637, 37.8224 ], [ -77.29073, 37.83626 ], [ -77.28888, 37.84179 ], [ -77.28758, 37.84388 ], [ -77.28029, 37.84361 ], [ -77.27385, 37.84955 ], [ -77.26218, 37.86395 ], [ -77.25455, 37.8687 ], [ -77.25027, 37.87243 ], [ -77.24934, 37.87485 ], [ -77.24764, 37.87624 ], [ -77.24809, 37.87747 ], [ -77.24705, 37.88022 ], [ -77.24746, 37.88266 ], [ -77.24822, 37.88329 ], [ -77.2485, 37.88609 ], [ -77.24376, 37.89617 ], [ -77.24316, 37.90024 ], [ -77.24412, 37.90322 ], [ -77.24556, 37.90435 ], [ -77.24278, 37.90716 ], [ -77.24142, 37.90971 ], [ -77.23959, 37.91027 ], [ -77.2358, 37.91004 ], [ -77.23345, 37.9092 ], [ -77.23079, 37.90733 ], [ -77.22911, 37.9055 ], [ -77.22778, 37.90177 ], [ -77.2283, 37.89992 ], [ -77.22652, 37.89866 ], [ -77.22503, 37.89916 ], [ -77.22327, 37.90161 ], [ -77.22321, 37.90268 ], [ -77.22081, 37.90243 ], [ -77.22035, 37.90367 ], [ -77.21814, 37.90383 ], [ -77.2139, 37.90128 ], [ -77.21149, 37.90116 ], [ -77.2106, 37.89789 ], [ -77.21228, 37.89448 ], [ -77.21591, 37.89239 ], [ -77.21632, 37.89132 ], [ -77.21461, 37.88882 ], [ -77.2102, 37.88618 ], [ -77.20828, 37.88563 ], [ -77.20632, 37.88671 ], [ -77.2046, 37.88682 ], [ -77.20513, 37.88867 ], [ -77.20872, 37.88907 ], [ -77.2069, 37.89099 ], [ -77.20509, 37.89037 ], [ -77.20545, 37.89189 ], [ -77.20295, 37.89179 ], [ -77.20083, 37.89109 ], [ -77.19914, 37.88858 ], [ -77.19784, 37.88837 ], [ -77.19578, 37.8893 ], [ -77.19209, 37.89177 ], [ -77.19023, 37.89101 ], [ -77.18797, 37.89178 ], [ -77.18625, 37.89046 ], [ -77.1864, 37.8895 ], [ -77.18374, 37.89072 ], [ -77.18249, 37.89213 ], [ -77.18142, 37.89165 ], [ -77.17974, 37.89425 ], [ -77.18016, 37.89479 ], [ -77.17971, 37.89745 ], [ -77.1808, 37.8974 ], [ -77.18156, 37.89883 ], [ -77.18319, 37.89806 ], [ -77.18689, 37.89842 ], [ -77.18696, 37.90104 ], [ -77.18449, 37.90207 ], [ -77.18207, 37.90453 ], [ -77.18055, 37.90367 ], [ -77.18055, 37.90179 ], [ -77.17919, 37.90081 ], [ -77.17701, 37.90128 ], [ -77.17484, 37.90324 ], [ -77.17536, 37.90544 ], [ -77.17839, 37.90693 ], [ -77.18148, 37.90797 ], [ -77.18641, 37.91125 ], [ -77.18481, 37.91413 ], [ -77.18297, 37.91424 ], [ -77.18288, 37.91689 ], [ -77.18121, 37.91917 ], [ -77.18156, 37.92167 ], [ -77.18101, 37.92438 ], [ -77.18015, 37.92626 ], [ -77.17902, 37.92717 ], [ -77.17879, 37.92896 ], [ -77.17978, 37.93041 ], [ -77.17972, 37.93189 ], [ -77.18072, 37.93375 ], [ -77.18153, 37.93663 ], [ -77.1834, 37.93848 ], [ -77.18316, 37.9397 ], [ -77.18396, 37.94143 ], [ -77.18265, 37.94226 ], [ -77.18198, 37.94477 ], [ -77.17936, 37.94593 ], [ -77.17877, 37.94674 ], [ -77.18196, 37.94958 ], [ -77.17639, 37.9558 ], [ -77.17589, 37.95688 ], [ -77.17432, 37.95711 ], [ -77.17229, 37.95837 ], [ -77.17229, 37.95932 ], [ -77.16701, 37.96413 ], [ -77.16363, 37.96573 ], [ -77.15971, 37.96551 ], [ -77.15688, 37.96612 ], [ -77.15387, 37.96761 ], [ -77.15203, 37.97023 ], [ -77.14863, 37.972 ], [ -77.14422, 37.97217 ], [ -77.14263, 37.9718 ], [ -77.14082, 37.97044 ], [ -77.13922, 37.97172 ], [ -77.13667, 37.9718 ], [ -77.13579, 37.97122 ], [ -77.1318, 37.97107 ], [ -77.13012, 37.97185 ], [ -77.1221, 37.97044 ], [ -77.11481, 37.97129 ], [ -77.10931, 37.97103 ], [ -77.1065, 37.97165 ], [ -77.1036, 37.97021 ], [ -77.0997, 37.96445 ], [ -77.09683, 37.96387 ], [ -77.08982, 37.96379 ], [ -77.08435, 37.96548 ], [ -77.08053, 37.9687 ], [ -77.0767, 37.96784 ], [ -77.07572, 37.96848 ], [ -77.0723, 37.96831 ], [ -77.07012, 37.96477 ], [ -77.06872, 37.97153 ], [ -77.07005, 37.97474 ], [ -77.07047, 37.97706 ], [ -77.07357, 37.98347 ], [ -77.07325, 37.98586 ], [ -77.07614, 37.98872 ], [ -77.07712, 37.99083 ], [ -77.07266, 37.99474 ], [ -77.07499, 37.99666 ], [ -77.07662, 38.00077 ], [ -77.0778, 38.00167 ], [ -77.08234, 38.00289 ], [ -77.0842, 38.00625 ], [ -77.08467, 38.00877 ], [ -77.08897, 38.01364 ], [ -77.0931, 38.01293 ], [ -77.09659, 38.01303 ], [ -77.0981, 38.01133 ], [ -77.10009, 38.01093 ], [ -77.1033, 38.01133 ], [ -77.1048, 38.01313 ], [ -77.107, 38.01343 ], [ -77.1081, 38.01433 ], [ -77.1104, 38.01403 ], [ -77.114, 38.01623 ], [ -77.11826, 38.01466 ], [ -77.11862, 38.01332 ], [ -77.12008, 38.01313 ], [ -77.1221, 38.01561 ], [ -77.12409, 38.01475 ], [ -77.12559, 38.01565 ], [ -77.12943, 38.01609 ], [ -77.13069, 38.01773 ], [ -77.13079, 38.02056 ], [ -77.12931, 38.02277 ], [ -77.12731, 38.02766 ], [ -77.12719, 38.02926 ], [ -77.12512, 38.02951 ], [ -77.12419, 38.03142 ], [ -77.12259, 38.03173 ], [ -77.12179, 38.03363 ], [ -77.12329, 38.03523 ], [ -77.12631, 38.03953 ], [ -77.12783, 38.03968 ], [ -77.12824, 38.04199 ], [ -77.12944, 38.04499 ], [ -77.13148, 38.04632 ], [ -77.13578, 38.04772 ], [ -77.14066, 38.04729 ], [ -77.14549, 38.04636 ], [ -77.14569, 38.04831 ], [ -77.14785, 38.04788 ], [ -77.14923, 38.0491 ], [ -77.15008, 38.05014 ], [ -77.14676, 38.05475 ], [ -77.14688, 38.0559 ], [ -77.1449, 38.05739 ], [ -77.14658, 38.05802 ], [ -77.14878, 38.06134 ], [ -77.15085, 38.06141 ], [ -77.15187, 38.0623 ], [ -77.15389, 38.06254 ], [ -77.15459, 38.06352 ], [ -77.15954, 38.06422 ], [ -77.1602, 38.06642 ], [ -77.16145, 38.06649 ], [ -77.1645, 38.06998 ], [ -77.16372, 38.07161 ], [ -77.16767, 38.07435 ], [ -77.1701, 38.07954 ], [ -77.16901, 38.08104 ], [ -77.16382, 38.08375 ], [ -77.16053, 38.08729 ], [ -77.1571, 38.0885 ], [ -77.1536, 38.08782 ], [ -77.15188, 38.09072 ], [ -77.15229, 38.09316 ], [ -77.14848, 38.09433 ], [ -77.14526, 38.09426 ], [ -77.14379, 38.09551 ], [ -77.1442, 38.09782 ], [ -77.14205, 38.10196 ], [ -77.14342, 38.10314 ], [ -77.14414, 38.10603 ], [ -77.14546, 38.1084 ], [ -77.14272, 38.11245 ], [ -77.14206, 38.11511 ], [ -77.14441, 38.12085 ], [ -77.14224, 38.12313 ], [ -77.14096, 38.12339 ], [ -77.13675, 38.12112 ], [ -77.1321, 38.12348 ], [ -77.12344, 38.12253 ], [ -77.12047, 38.12249 ], [ -77.12007, 38.12102 ], [ -77.1182, 38.12164 ], [ -77.1168, 38.12065 ], [ -77.11358, 38.12197 ], [ -77.11295, 38.12452 ], [ -77.11198, 38.12383 ], [ -77.10782, 38.12538 ], [ -77.1052, 38.12777 ], [ -77.10605, 38.12891 ], [ -77.10507, 38.12993 ], [ -77.10605, 38.13297 ], [ -77.10694, 38.13197 ], [ -77.10908, 38.13265 ], [ -77.10944, 38.13382 ], [ -77.11105, 38.13302 ], [ -77.11266, 38.1339 ], [ -77.11435, 38.13369 ], [ -77.11399, 38.13451 ], [ -77.116, 38.14993 ], [ -77.1123, 38.15113 ], [ -77.1016, 38.15873 ], [ -77.0979, 38.16053 ], [ -77.0948, 38.16163 ], [ -77.0897, 38.16163 ], [ -77.0846, 38.16023 ], [ -77.084, 38.15953 ], [ -77.0832, 38.15453 ], [ -77.0831, 38.14873 ], [ -77.0826, 38.14683 ], [ -77.0806, 38.14433 ], [ -77.0778, 38.14183 ], [ -77.0755, 38.14113 ], [ -77.0738, 38.14133 ], [ -77.0711, 38.14243 ], [ -77.0693, 38.14373 ], [ -77.06749, 38.14613 ], [ -77.0669, 38.14763 ], [ -77.0677, 38.15303 ], [ -77.0693, 38.15773 ], [ -77.0673, 38.16103 ], [ -77.06339, 38.16203 ], [ -77.0617, 38.16163 ], [ -77.06186, 38.16352 ], [ -77.06452, 38.16546 ], [ -77.06466, 38.16674 ], [ -77.06379, 38.16843 ], [ -77.06429, 38.17167 ], [ -77.0623, 38.17379 ], [ -77.06235, 38.17442 ], [ -77.05974, 38.17467 ], [ -77.05566, 38.17629 ], [ -77.05246, 38.17598 ], [ -77.05021, 38.17792 ], [ -77.05183, 38.17928 ], [ -77.05163, 38.18068 ], [ -77.04848, 38.18244 ], [ -77.04454, 38.26045 ], [ -77.03887, 38.26093 ], [ -77.03656, 38.25886 ], [ -77.03493, 38.25863 ], [ -77.03379, 38.26039 ], [ -77.03471, 38.26134 ], [ -77.03271, 38.26122 ], [ -77.03247, 38.2638 ], [ -77.03364, 38.26443 ], [ -77.02936, 38.26614 ], [ -77.0288, 38.26813 ], [ -77.02479, 38.26883 ], [ -77.0229, 38.26863 ], [ -77.02129, 38.26963 ], [ -77.0178, 38.26973 ], [ -77.01629, 38.26923 ], [ -77.01399, 38.26973 ], [ -77.0134, 38.27193 ], [ -77.0088, 38.27333 ], [ -77.00769, 38.27463 ], [ -77.00759, 38.27713 ], [ -77.0057, 38.27743 ], [ -77.00369, 38.27593 ], [ -77.001, 38.27613 ], [ -77.00087, 38.27486 ], [ -76.99861, 38.27393 ], [ -76.99552, 38.27327 ], [ -76.99195, 38.27327 ], [ -76.99026, 38.27394 ], [ -76.98322, 38.27465 ], [ -76.98137, 38.27421 ], [ -76.9711, 38.26587 ], [ -76.96215, 38.25649 ], [ -76.96111, 38.2533 ], [ -76.96082, 38.25027 ], [ -76.9578, 38.24318 ], [ -76.95702, 38.2402 ], [ -76.95695, 38.23682 ], [ -76.95781, 38.23458 ], [ -76.95936, 38.23277 ], [ -76.96237, 38.23009 ], [ -76.96655, 38.22954 ], [ -76.96734, 38.22718 ], [ -76.96468, 38.22025 ], [ -76.96282, 38.21822 ], [ -76.96231, 38.21408 ], [ -76.95145, 38.20903 ], [ -76.94902, 38.20842 ], [ -76.93713, 38.20238 ], [ -76.93067, 38.20122 ], [ -76.92231, 38.20089 ], [ -76.91692, 38.19975 ], [ -76.91083, 38.19707 ], [ -76.90479, 38.19285 ], [ -76.90241, 38.19048 ], [ -76.89674, 38.18666 ], [ -76.89341, 38.18498 ], [ -76.88457, 38.17876 ], [ -76.88277, 38.17646 ], [ -76.87527, 38.17221 ], [ -76.86886, 38.17137 ], [ -76.86357, 38.17149 ], [ -76.86159, 38.17085 ], [ -76.85904, 38.17103 ], [ -76.85669, 38.16843 ], [ -76.85406, 38.16725 ], [ -76.84941, 38.16691 ], [ -76.84536, 38.16586 ], [ -76.84344, 38.16488 ], [ -76.8388, 38.16348 ], [ -76.83045, 38.16331 ], [ -76.82427, 38.16364 ], [ -76.81745, 38.16503 ], [ -76.81319, 38.1665 ], [ -76.81, 38.1667 ], [ -76.79989, 38.16893 ], [ -76.79675, 38.16827 ], [ -76.78844, 38.1692 ], [ -76.77409, 38.16717 ], [ -76.76024, 38.16658 ], [ -76.75491, 38.16433 ], [ -76.74429, 38.15563 ], [ -76.74104, 38.1522 ], [ -76.73835, 38.14768 ], [ -76.73835, 38.13422 ], [ -76.73668, 38.13273 ], [ -76.73276, 38.13179 ], [ -76.7286, 38.1317 ], [ -76.72172, 38.13764 ], [ -76.7159, 38.14026 ], [ -76.70858, 38.14507 ], [ -76.70405, 38.14926 ], [ -76.7013, 38.15572 ], [ -76.70198, 38.1578 ], [ -76.70206, 38.15971 ], [ -76.70065, 38.16016 ], [ -76.68968, 38.16015 ], [ -76.68828, 38.15952 ], [ -76.68755, 38.15847 ], [ -76.68489, 38.1565 ], [ -76.67886, 38.15428 ], [ -76.67681, 38.15316 ], [ -76.67351, 38.15243 ], [ -76.66513, 38.14764 ], [ -76.663, 38.14497 ], [ -76.66027, 38.13965 ], [ -76.65659, 38.13535 ], [ -76.65183, 38.13394 ], [ -76.64803, 38.12955 ], [ -76.64423, 38.12787 ], [ -76.6428, 38.12516 ], [ -76.63971, 38.12198 ], [ -76.63425, 38.12534 ], [ -76.63258, 38.12731 ], [ -76.63234, 38.12871 ], [ -76.6327, 38.13067 ], [ -76.63439, 38.13313 ], [ -76.63686, 38.13535 ], [ -76.63579, 38.13936 ], [ -76.63591, 38.14133 ], [ -76.63698, 38.14245 ], [ -76.639, 38.14169 ], [ -76.64066, 38.14189 ], [ -76.64114, 38.14394 ], [ -76.6434, 38.14628 ], [ -76.64345, 38.14825 ], [ -76.63898, 38.15148 ], [ -76.63465, 38.15175 ], [ -76.63253, 38.15264 ], [ -76.62948, 38.15305 ], [ -76.62468, 38.15074 ], [ -76.61975, 38.14999 ], [ -76.61542, 38.14881 ], [ -76.61206, 38.14866 ], [ -76.61154, 38.14799 ], [ -76.61277, 38.14641 ], [ -76.61377, 38.1433 ], [ -76.61313, 38.14018 ], [ -76.61135, 38.13727 ], [ -76.60432, 38.13026 ], [ -76.60085, 38.11459 ], [ -76.60094, 38.11008 ], [ -76.59328, 38.10465 ], [ -76.58819, 38.10227 ], [ -76.5795, 38.09487 ], [ -76.57416, 38.09297 ], [ -76.56628, 38.0889 ], [ -76.55759, 38.08615 ], [ -76.54885, 38.08059 ], [ -76.5414, 38.0766 ], [ -76.5374, 38.07553 ], [ -76.5354, 38.07363 ], [ -76.53531, 38.06596 ], [ -76.53336, 38.06244 ], [ -76.52646, 38.05325 ], [ -76.52278, 38.04899 ], [ -76.52139, 38.0464 ], [ -76.5225, 38.04505 ], [ -76.52681, 38.04649 ], [ -76.5289, 38.04628 ], [ -76.53691, 38.04134 ], [ -76.53969, 38.0412 ], [ -76.54029, 38.03913 ], [ -76.54321, 38.03863 ], [ -76.54773, 38.03947 ], [ -76.55046, 38.04059 ], [ -76.55153, 38.03938 ], [ -76.55141, 38.03676 ], [ -76.55106, 38.03357 ], [ -76.54963, 38.03042 ], [ -76.55011, 38.02946 ], [ -76.55367, 38.02936 ], [ -76.556, 38.02778 ], [ -76.5551, 38.02459 ], [ -76.55207, 38.02299 ], [ -76.54797, 38.02412 ], [ -76.54378, 38.02194 ], [ -76.53656, 38.02094 ], [ -76.53573, 38.02178 ], [ -76.53511, 38.02438 ], [ -76.53598, 38.02543 ], [ -76.53552, 38.02625 ], [ -76.53281, 38.02601 ], [ -76.52842, 38.02436 ], [ -76.52342, 38.02352 ], [ -76.5183, 38.02424 ], [ -76.51624, 38.0262 ], [ -76.50105, 38.0206 ], [ -76.49568, 38.01796 ], [ -76.48907, 38.01676 ], [ -76.48387, 38.01533 ], [ -76.47673, 38.01426 ], [ -76.47696, 38.01302 ], [ -76.47969, 38.01147 ], [ -76.47924, 38.01026 ], [ -76.47425, 38.00999 ], [ -76.47132, 38.00699 ], [ -76.46787, 38.00502 ], [ -76.46597, 38.00474 ], [ -76.46322, 38.0051 ], [ -76.46289, 38.0016 ], [ -76.46308, 37.99632 ], [ -76.46421, 37.99614 ], [ -76.46975, 37.99793 ], [ -76.4725, 37.99406 ], [ -76.47462, 37.99365 ], [ -76.47541, 37.99221 ], [ -76.47406, 37.99077 ], [ -76.47227, 37.99022 ], [ -76.47175, 37.98875 ], [ -76.47384, 37.98803 ], [ -76.47427, 37.98701 ], [ -76.47285, 37.9842 ], [ -76.46713, 37.98295 ], [ -76.46471, 37.98403 ], [ -76.46277, 37.98602 ], [ -76.46065, 37.98643 ], [ -76.45135, 37.98441 ], [ -76.45056, 37.98227 ], [ -76.44942, 37.98234 ], [ -76.44564, 37.98553 ], [ -76.44297, 37.98522 ], [ -76.44086, 37.98348 ], [ -76.44272, 37.98004 ], [ -76.44043, 37.9768 ], [ -76.43655, 37.97786 ], [ -76.4323, 37.97647 ], [ -76.43089, 37.97821 ], [ -76.42905, 37.97755 ], [ -76.4163, 37.96683 ], [ -76.40796, 37.96278 ], [ -76.39144, 37.95874 ], [ -76.38504, 37.9564 ], [ -76.37903, 37.95614 ], [ -76.36021, 37.95233 ], [ -76.34385, 37.94734 ], [ -76.33795, 37.94495 ], [ -76.3172, 37.93527 ], [ -76.31043, 37.93149 ], [ -76.28922, 37.92149 ], [ -76.266, 37.91138 ], [ -76.25992, 37.90709 ], [ -76.26014, 37.90597 ], [ -76.25859, 37.90466 ], [ -76.25625, 37.90426 ], [ -76.25527, 37.90322 ], [ -76.25574, 37.90232 ], [ -76.25287, 37.90062 ], [ -76.25324, 37.89922 ], [ -76.25146, 37.89782 ], [ -76.25039, 37.89575 ], [ -76.2442, 37.89277 ], [ -76.23696, 37.8905 ], [ -76.23673, 37.88917 ], [ -76.23875, 37.88166 ], [ -76.24481, 37.86902 ], [ -76.24429, 37.86575 ], [ -76.24702, 37.853 ], [ -76.24956, 37.85185 ], [ -76.24998, 37.84752 ], [ -76.25087, 37.84369 ], [ -76.24901, 37.84219 ], [ -76.25051, 37.83501 ], [ -76.25241, 37.83242 ], [ -76.25681, 37.82922 ], [ -76.26606, 37.8174 ], [ -76.27518, 37.81266 ], [ -76.28054, 37.8126 ], [ -76.28259, 37.81411 ], [ -76.28199, 37.81807 ], [ -76.2849, 37.82231 ], [ -76.2883, 37.82154 ], [ -76.29032, 37.82154 ], [ -76.29353, 37.82272 ], [ -76.3066, 37.82191 ], [ -76.31219, 37.81412 ], [ -76.30748, 37.81235 ], [ -76.30699, 37.80764 ], [ -76.30756, 37.80025 ], [ -76.30911, 37.7972 ], [ -76.31148, 37.7959 ], [ -76.31195, 37.79234 ], [ -76.31397, 37.79299 ], [ -76.31647, 37.79281 ], [ -76.31682, 37.79017 ], [ -76.31647, 37.78726 ], [ -76.3154, 37.78473 ], [ -76.31528, 37.782 ], [ -76.31302, 37.78191 ], [ -76.31194, 37.78303 ], [ -76.30946, 37.78304 ], [ -76.30706, 37.78478 ], [ -76.30767, 37.78689 ], [ -76.30666, 37.78746 ], [ -76.30175, 37.78591 ], [ -76.29852, 37.78351 ], [ -76.29662, 37.78382 ], [ -76.29541, 37.78513 ], [ -76.29264, 37.78608 ], [ -76.28985, 37.78595 ], [ -76.28759, 37.7852 ], [ -76.28555, 37.78409 ], [ -76.28679, 37.77798 ], [ -76.28789, 37.77754 ], [ -76.28973, 37.77853 ], [ -76.28973, 37.78172 ], [ -76.29187, 37.78294 ], [ -76.29484, 37.7821 ], [ -76.29781, 37.78069 ], [ -76.30126, 37.78078 ], [ -76.30316, 37.78135 ], [ -76.30577, 37.78013 ], [ -76.30482, 37.77909 ], [ -76.30549, 37.77646 ], [ -76.30732, 37.77618 ], [ -76.30981, 37.77496 ], [ -76.31, 37.773 ], [ -76.30922, 37.76801 ], [ -76.30743, 37.76632 ], [ -76.30809, 37.76423 ], [ -76.30991, 37.76346 ], [ -76.31183, 37.76425 ], [ -76.31599, 37.76359 ], [ -76.31599, 37.76162 ], [ -76.31421, 37.75918 ], [ -76.31367, 37.75697 ], [ -76.31151, 37.75686 ], [ -76.31088, 37.75598 ], [ -76.31017, 37.7527 ], [ -76.31211, 37.75052 ], [ -76.31457, 37.75044 ], [ -76.31564, 37.74969 ], [ -76.31587, 37.74649 ], [ -76.31421, 37.74245 ], [ -76.311, 37.74245 ], [ -76.30863, 37.74057 ], [ -76.3072, 37.73127 ], [ -76.30874, 37.73127 ], [ -76.30969, 37.73221 ], [ -76.31278, 37.73296 ], [ -76.31323, 37.73465 ], [ -76.31659, 37.73653 ], [ -76.32027, 37.73785 ], [ -76.32205, 37.737 ], [ -76.32193, 37.73371 ], [ -76.32288, 37.73061 ], [ -76.32277, 37.72817 ], [ -76.3192, 37.7277 ], [ -76.31956, 37.72328 ], [ -76.32122, 37.72196 ], [ -76.32027, 37.71989 ], [ -76.31766, 37.71783 ], [ -76.31659, 37.71623 ], [ -76.3148, 37.71717 ], [ -76.31397, 37.71877 ], [ -76.31266, 37.71839 ], [ -76.31165, 37.71697 ], [ -76.31017, 37.71256 ], [ -76.31088, 37.71115 ], [ -76.30946, 37.71002 ], [ -76.30886, 37.70833 ], [ -76.30316, 37.70231 ], [ -76.30173, 37.69827 ], [ -76.30114, 37.69545 ], [ -76.30292, 37.6947 ], [ -76.30244, 37.69094 ], [ -76.30363, 37.68943 ], [ -76.30684, 37.68934 ], [ -76.30732, 37.69235 ], [ -76.31159, 37.69451 ], [ -76.3135, 37.69441 ], [ -76.31361, 37.693 ], [ -76.31457, 37.69178 ], [ -76.31516, 37.68981 ], [ -76.31254, 37.68457 ], [ -76.31516, 37.68539 ], [ -76.31861, 37.68548 ], [ -76.32027, 37.68793 ], [ -76.32419, 37.68793 ], [ -76.32954, 37.68586 ], [ -76.33441, 37.68454 ], [ -76.33417, 37.68228 ], [ -76.33125, 37.68063 ], [ -76.32621, 37.67626 ], [ -76.32514, 37.67485 ], [ -76.32502, 37.67194 ], [ -76.32752, 37.67118 ], [ -76.33073, 37.67241 ], [ -76.33287, 37.67081 ], [ -76.33715, 37.66422 ], [ -76.33762, 37.66262 ], [ -76.33628, 37.66101 ], [ -76.33634, 37.6586 ], [ -76.33819, 37.6575 ], [ -76.33989, 37.65597 ], [ -76.33256, 37.64582 ], [ -76.33275, 37.64437 ], [ -76.33417, 37.64343 ], [ -76.33275, 37.63976 ], [ -76.3318, 37.62978 ], [ -76.3293, 37.62847 ], [ -76.32609, 37.62743 ], [ -76.32277, 37.62696 ], [ -76.31979, 37.62696 ], [ -76.31825, 37.62941 ], [ -76.31801, 37.6311 ], [ -76.31314, 37.63138 ], [ -76.31088, 37.63289 ], [ -76.31136, 37.63487 ], [ -76.31338, 37.63656 ], [ -76.31587, 37.63797 ], [ -76.31433, 37.64089 ], [ -76.31294, 37.64219 ], [ -76.3085, 37.64173 ], [ -76.30589, 37.64108 ], [ -76.29733, 37.63694 ], [ -76.29253, 37.6361 ], [ -76.29151, 37.63411 ], [ -76.28902, 37.63185 ], [ -76.28532, 37.62659 ], [ -76.28391, 37.6232 ], [ -76.27945, 37.61823 ], [ -76.28008, 37.61514 ], [ -76.28195, 37.61416 ], [ -76.28653, 37.61479 ], [ -76.29218, 37.61504 ], [ -76.29443, 37.61597 ], [ -76.29516, 37.6172 ], [ -76.29912, 37.61962 ], [ -76.30684, 37.62022 ], [ -76.30637, 37.62272 ], [ -76.30862, 37.62461 ], [ -76.31076, 37.62404 ], [ -76.31266, 37.62479 ], [ -76.31433, 37.62395 ], [ -76.31597, 37.62222 ], [ -76.32205, 37.62009 ], [ -76.32574, 37.62075 ], [ -76.32681, 37.62216 ], [ -76.33251, 37.62451 ], [ -76.33929, 37.62376 ], [ -76.34368, 37.62376 ], [ -76.34582, 37.62272 ], [ -76.35461, 37.62037 ], [ -76.35711, 37.61849 ], [ -76.35794, 37.61566 ], [ -76.35996, 37.61444 ], [ -76.36074, 37.61228 ], [ -76.35875, 37.61094 ], [ -76.35904, 37.60904 ], [ -76.36189, 37.60902 ], [ -76.36232, 37.61037 ], [ -76.36905, 37.61626 ], [ -76.37467, 37.62222 ], [ -76.38111, 37.627 ], [ -76.38574, 37.62911 ], [ -76.39005, 37.63033 ], [ -76.3955, 37.62997 ], [ -76.40185, 37.62738 ], [ -76.40329, 37.62736 ], [ -76.40402, 37.62869 ], [ -76.41495, 37.63823 ], [ -76.41839, 37.63995 ], [ -76.42505, 37.63952 ], [ -76.42915, 37.64125 ], [ -76.43685, 37.64993 ], [ -76.43976, 37.65243 ], [ -76.44325, 37.65235 ], [ -76.44529, 37.65264 ], [ -76.4465, 37.64999 ], [ -76.44831, 37.64924 ], [ -76.44955, 37.64945 ], [ -76.45211, 37.64878 ], [ -76.45548, 37.65107 ], [ -76.4583, 37.65453 ], [ -76.45919, 37.65671 ], [ -76.45882, 37.65838 ], [ -76.45968, 37.65961 ], [ -76.46294, 37.66048 ], [ -76.46878, 37.66341 ], [ -76.47239, 37.66577 ], [ -76.47072, 37.66742 ], [ -76.46989, 37.67024 ], [ -76.45812, 37.67504 ], [ -76.45432, 37.6772 ], [ -76.45539, 37.68125 ], [ -76.45634, 37.68313 ], [ -76.45991, 37.6835 ], [ -76.46264, 37.69018 ], [ -76.4687, 37.69573 ], [ -76.47738, 37.69451 ], [ -76.48023, 37.69291 ], [ -76.48237, 37.68943 ], [ -76.48712, 37.68539 ], [ -76.48558, 37.68256 ], [ -76.4813, 37.67946 ], [ -76.47785, 37.67777 ], [ -76.48308, 37.67504 ], [ -76.48617, 37.67222 ], [ -76.48688, 37.66977 ], [ -76.4918, 37.66361 ], [ -76.49429, 37.66143 ], [ -76.499, 37.6583 ], [ -76.50186, 37.6582 ], [ -76.50293, 37.65416 ], [ -76.49675, 37.65293 ], [ -76.49486, 37.65307 ], [ -76.49601, 37.65099 ], [ -76.49756, 37.64706 ], [ -76.50152, 37.64376 ], [ -76.51019, 37.64232 ], [ -76.51181, 37.64364 ], [ -76.51191, 37.645 ], [ -76.5147, 37.64596 ], [ -76.51991, 37.64968 ], [ -76.52201, 37.6529 ], [ -76.52495, 37.65353 ], [ -76.53027, 37.66021 ], [ -76.53419, 37.66094 ], [ -76.53596, 37.66441 ], [ -76.5377, 37.66893 ], [ -76.53613, 37.67457 ], [ -76.5353, 37.68752 ], [ -76.53723, 37.69889 ], [ -76.53947, 37.70194 ], [ -76.54005, 37.70443 ], [ -76.54198, 37.70796 ], [ -76.54676, 37.71146 ], [ -76.55154, 37.71377 ], [ -76.55276, 37.71569 ], [ -76.55584, 37.7167 ], [ -76.55846, 37.72094 ], [ -76.56048, 37.72783 ], [ -76.56399, 37.73195 ], [ -76.56661, 37.73371 ], [ -76.56955, 37.7344 ], [ -76.56941, 37.73669 ], [ -76.57146, 37.74197 ], [ -76.57142, 37.74672 ], [ -76.57639, 37.75749 ], [ -76.58429, 37.76889 ], [ -76.58429, 37.77086 ], [ -76.58582, 37.77157 ], [ -76.5901, 37.7713 ], [ -76.59101, 37.77235 ], [ -76.59383, 37.77285 ], [ -76.59594, 37.77168 ], [ -76.60202, 37.77273 ], [ -76.61535, 37.78076 ], [ -76.61899, 37.78362 ], [ -76.61832, 37.78517 ], [ -76.62058, 37.78783 ], [ -76.62395, 37.7886 ], [ -76.62776, 37.78849 ], [ -76.6295, 37.78774 ], [ -76.63103, 37.78641 ], [ -76.63227, 37.78701 ], [ -76.63273, 37.78797 ], [ -76.63578, 37.78953 ], [ -76.63423, 37.79053 ], [ -76.63246, 37.79046 ], [ -76.62771, 37.79346 ], [ -76.62545, 37.79619 ], [ -76.627, 37.80041 ], [ -76.63246, 37.8006 ], [ -76.63436, 37.80107 ], [ -76.63745, 37.80351 ], [ -76.6384, 37.80492 ], [ -76.64244, 37.80548 ], [ -76.64304, 37.80389 ], [ -76.64577, 37.80304 ], [ -76.64874, 37.80041 ], [ -76.64874, 37.79863 ], [ -76.65029, 37.79806 ], [ -76.65141, 37.79624 ], [ -76.65337, 37.798 ], [ -76.65485, 37.8018 ], [ -76.6583, 37.80682 ], [ -76.66093, 37.80875 ], [ -76.66942, 37.81216 ], [ -76.67296, 37.81529 ], [ -76.67554, 37.81852 ], [ -76.67566, 37.81942 ], [ -76.6802, 37.82565 ], [ -76.68873, 37.82422 ], [ -76.69275, 37.82277 ], [ -76.69721, 37.82245 ], [ -76.70161, 37.82268 ], [ -76.70844, 37.82745 ], [ -76.71338, 37.83262 ], [ -76.7189, 37.83564 ], [ -76.72216, 37.83668 ], [ -76.72614, 37.83623 ], [ -76.72701, 37.83842 ], [ -76.72718, 37.84226 ], [ -76.73034, 37.84622 ], [ -76.73119, 37.84981 ], [ -76.73305, 37.85201 ], [ -76.73618, 37.85376 ], [ -76.74025, 37.85455 ], [ -76.74118, 37.85525 ], [ -76.74012, 37.8634 ], [ -76.73839, 37.86537 ], [ -76.74187, 37.86873 ], [ -76.74524, 37.87127 ], [ -76.74755, 37.87586 ], [ -76.75734, 37.87732 ], [ -76.76049, 37.87854 ], [ -76.76571, 37.87927 ], [ -76.76485, 37.88197 ], [ -76.76485, 37.88356 ], [ -76.76663, 37.88534 ], [ -76.76533, 37.88919 ], [ -76.76604, 37.89322 ], [ -76.76816, 37.89623 ], [ -76.76877, 37.89913 ], [ -76.77305, 37.90316 ], [ -76.77709, 37.90813 ], [ -76.77923, 37.91151 ], [ -76.79254, 37.9206 ], [ -76.79848, 37.92519 ], [ -76.80074, 37.92398 ], [ -76.81013, 37.92426 ], [ -76.8131, 37.92641 ], [ -76.81548, 37.93044 ], [ -76.82071, 37.93316 ], [ -76.82368, 37.93401 ], [ -76.82498, 37.93316 ], [ -76.83045, 37.93241 ], [ -76.83283, 37.93166 ], [ -76.83544, 37.93213 ], [ -76.83663, 37.93419 ], [ -76.84364, 37.94169 ], [ -76.84619, 37.94546 ], [ -76.84625, 37.94872 ], [ -76.85006, 37.95116 ], [ -76.85043, 37.95242 ], [ -76.8478, 37.95416 ], [ -76.84673, 37.95612 ], [ -76.84828, 37.96203 ], [ -76.84994, 37.96531 ], [ -76.8503, 37.96765 ], [ -76.8503, 37.97074 ], [ -76.85301, 37.97463 ], [ -76.85552, 37.97473 ], [ -76.85616, 37.97349 ], [ -76.85764, 37.97346 ], [ -76.86337, 37.97748 ], [ -76.868, 37.98367 ], [ -76.87121, 37.98591 ], [ -76.87561, 37.98657 ], [ -76.87918, 37.98606 ], [ -76.89213, 37.98629 ], [ -76.89569, 37.9891 ], [ -76.89819, 37.99238 ], [ -76.89807, 37.99603 ], [ -76.90006, 37.99853 ], [ -76.89792, 38.00523 ], [ -76.90082, 38.01455 ], [ -76.90584, 38.01903 ], [ -76.90503, 38.0277 ], [ -76.90912, 38.03444 ], [ -76.91287, 38.04745 ], [ -76.91228, 38.05168 ], [ -76.91469, 38.05364 ], [ -76.92265, 38.07109 ], [ -76.92688, 38.0716 ], [ -76.92854, 38.06861 ], [ -76.92734, 38.05926 ], [ -76.91966, 38.03901 ], [ -76.91865, 38.03259 ], [ -76.9172, 38.02961 ], [ -76.91888, 38.02558 ], [ -76.92218, 38.02563 ], [ -76.92306, 38.02835 ], [ -76.92575, 38.03013 ], [ -76.92845, 38.02866 ], [ -76.92896, 38.02511 ], [ -76.93059, 38.02427 ], [ -76.92963, 38.01971 ], [ -76.92668, 38.01769 ], [ -76.9179, 38.00276 ], [ -76.91827, 37.99903 ], [ -76.91994, 37.99575 ], [ -76.92184, 37.99088 ], [ -76.9254, 37.98807 ], [ -76.92718, 37.98498 ], [ -76.92742, 37.98179 ], [ -76.92101, 37.97608 ], [ -76.91601, 37.97364 ], [ -76.91138, 37.9728 ], [ -76.90496, 37.97252 ], [ -76.89177, 37.97505 ], [ -76.88821, 37.97346 ], [ -76.88523, 37.97346 ], [ -76.87739, 37.97046 ], [ -76.87917, 37.96858 ], [ -76.88013, 37.96456 ], [ -76.88619, 37.95631 ], [ -76.88642, 37.95509 ], [ -76.88797, 37.955 ], [ -76.88927, 37.95425 ], [ -76.88963, 37.95284 ], [ -76.88821, 37.95191 ], [ -76.88535, 37.95191 ], [ -76.88345, 37.95125 ], [ -76.88072, 37.95106 ], [ -76.87002, 37.94169 ], [ -76.86384, 37.93841 ], [ -76.86254, 37.93672 ], [ -76.85992, 37.93532 ], [ -76.86028, 37.93326 ], [ -76.856, 37.93026 ], [ -76.85636, 37.92829 ], [ -76.85303, 37.92313 ], [ -76.8522, 37.92079 ], [ -76.84887, 37.91873 ], [ -76.84744, 37.91648 ], [ -76.84435, 37.91563 ], [ -76.84079, 37.91535 ], [ -76.83262, 37.91623 ], [ -76.82641, 37.91413 ], [ -76.82712, 37.91301 ], [ -76.82677, 37.91132 ], [ -76.82558, 37.91029 ], [ -76.82415, 37.90776 ], [ -76.8238, 37.90391 ], [ -76.82201, 37.9025 ], [ -76.81916, 37.90269 ], [ -76.81583, 37.90194 ], [ -76.81215, 37.89885 ], [ -76.80633, 37.8966 ], [ -76.80193, 37.89585 ], [ -76.79456, 37.89519 ], [ -76.79527, 37.89247 ], [ -76.7942, 37.88515 ], [ -76.7923, 37.88365 ], [ -76.78886, 37.87681 ], [ -76.78422, 37.87399 ], [ -76.78493, 37.87155 ], [ -76.78283, 37.86318 ], [ -76.77885, 37.85961 ], [ -76.77357, 37.85654 ], [ -76.77279, 37.85548 ], [ -76.77097, 37.85479 ], [ -76.76936, 37.85202 ], [ -76.76778, 37.84767 ], [ -76.76485, 37.84594 ], [ -76.76619, 37.84246 ], [ -76.76633, 37.84044 ], [ -76.76396, 37.83533 ], [ -76.76183, 37.83407 ], [ -76.76191, 37.83297 ], [ -76.76076, 37.83094 ], [ -76.7588, 37.82995 ], [ -76.75638, 37.82668 ], [ -76.75425, 37.82532 ], [ -76.7512, 37.82414 ], [ -76.74969, 37.8224 ], [ -76.74868, 37.81938 ], [ -76.74732, 37.81844 ], [ -76.74603, 37.81648 ], [ -76.74497, 37.81259 ], [ -76.74318, 37.81133 ], [ -76.73431, 37.79866 ], [ -76.72781, 37.79336 ], [ -76.72386, 37.7885 ], [ -76.72188, 37.78738 ], [ -76.7155, 37.78587 ], [ -76.70901, 37.7857 ], [ -76.69792, 37.7864 ], [ -76.69449, 37.78589 ], [ -76.69308, 37.78524 ], [ -76.68977, 37.78519 ], [ -76.68377, 37.78139 ], [ -76.68249, 37.78121 ], [ -76.6805, 37.78014 ], [ -76.68053, 37.77899 ], [ -76.6819, 37.77812 ], [ -76.68334, 37.77578 ], [ -76.68246, 37.77299 ], [ -76.68313, 37.76922 ], [ -76.68337, 37.76551 ], [ -76.68092, 37.75965 ], [ -76.677, 37.7561 ], [ -76.67022, 37.7532 ], [ -76.66389, 37.75189 ], [ -76.63996, 37.75094 ], [ -76.63614, 37.75042 ], [ -76.62881, 37.74856 ], [ -76.62466, 37.7464 ], [ -76.61971, 37.7448 ], [ -76.61666, 37.74189 ], [ -76.61897, 37.74063 ], [ -76.62177, 37.74029 ], [ -76.62319, 37.73935 ], [ -76.62072, 37.73751 ], [ -76.61912, 37.73411 ], [ -76.61895, 37.73246 ], [ -76.61923, 37.73092 ], [ -76.60647, 37.72482 ], [ -76.60002, 37.7204 ], [ -76.59721, 37.71727 ], [ -76.59594, 37.71299 ], [ -76.59807, 37.70912 ], [ -76.59787, 37.70292 ], [ -76.59639, 37.69971 ], [ -76.59046, 37.69607 ], [ -76.58879, 37.69376 ], [ -76.58981, 37.69141 ], [ -76.58974, 37.68854 ], [ -76.58805, 37.68476 ], [ -76.57935, 37.67329 ], [ -76.57959, 37.67151 ], [ -76.58552, 37.66855 ], [ -76.59004, 37.66752 ], [ -76.58968, 37.66582 ], [ -76.58314, 37.66199 ], [ -76.57746, 37.6591 ], [ -76.57384, 37.65644 ], [ -76.57458, 37.65496 ], [ -76.57433, 37.65084 ], [ -76.5772, 37.64936 ], [ -76.57673, 37.64748 ], [ -76.57405, 37.64678 ], [ -76.5695, 37.64294 ], [ -76.56708, 37.64204 ], [ -76.56754, 37.63959 ], [ -76.56553, 37.63772 ], [ -76.55716, 37.63361 ], [ -76.55539, 37.63157 ], [ -76.55368, 37.62887 ], [ -76.55279, 37.62672 ], [ -76.55008, 37.62402 ], [ -76.54925, 37.62141 ], [ -76.54267, 37.61686 ], [ -76.53378, 37.61253 ], [ -76.52719, 37.61131 ], [ -76.51991, 37.61189 ], [ -76.51041, 37.61159 ], [ -76.5075, 37.61092 ], [ -76.50458, 37.61183 ], [ -76.49232, 37.61309 ], [ -76.47569, 37.61088 ], [ -76.46347, 37.61147 ], [ -76.4565, 37.61316 ], [ -76.45432, 37.61105 ], [ -76.45135, 37.61096 ], [ -76.44864, 37.61238 ], [ -76.44433, 37.61191 ], [ -76.44071, 37.61305 ], [ -76.43339, 37.61288 ], [ -76.43083, 37.61113 ], [ -76.43198, 37.60634 ], [ -76.43436, 37.60569 ], [ -76.43459, 37.60201 ], [ -76.43174, 37.60154 ], [ -76.43067, 37.59947 ], [ -76.4315, 37.5974 ], [ -76.43566, 37.59862 ], [ -76.43745, 37.59693 ], [ -76.42948, 37.5909 ], [ -76.42628, 37.5926 ], [ -76.42342, 37.59222 ], [ -76.42353, 37.59049 ], [ -76.4286, 37.58746 ], [ -76.42509, 37.5844 ], [ -76.42295, 37.58544 ], [ -76.4151, 37.58054 ], [ -76.41332, 37.58064 ], [ -76.41078, 37.58181 ], [ -76.40837, 37.58171 ], [ -76.38512, 37.57301 ], [ -76.36995, 37.57303 ], [ -76.36652, 37.57269 ], [ -76.35783, 37.5737 ], [ -76.34943, 37.57281 ], [ -76.34337, 37.5714 ], [ -76.33941, 37.5712 ], [ -76.33264, 37.57004 ], [ -76.32092, 37.56542 ], [ -76.31925, 37.56354 ], [ -76.31554, 37.56085 ], [ -76.31329, 37.56104 ], [ -76.31275, 37.56253 ], [ -76.30666, 37.56329 ], [ -76.30014, 37.56173 ], [ -76.29887, 37.56117 ], [ -76.29803, 37.55987 ], [ -76.29796, 37.55764 ], [ -76.30276, 37.5513 ], [ -76.31191, 37.5464 ], [ -76.31528, 37.54583 ], [ -76.32018, 37.54626 ], [ -76.32299, 37.54774 ], [ -76.32563, 37.54749 ], [ -76.32867, 37.54812 ], [ -76.33065, 37.54711 ], [ -76.3308, 37.54547 ], [ -76.32786, 37.54395 ], [ -76.32834, 37.54192 ], [ -76.32847, 37.53069 ], [ -76.32985, 37.52604 ], [ -76.33113, 37.52546 ], [ -76.33187, 37.52625 ], [ -76.33133, 37.53872 ], [ -76.33239, 37.54135 ], [ -76.33501, 37.54248 ], [ -76.33833, 37.54305 ], [ -76.34024, 37.5422 ], [ -76.34059, 37.54041 ], [ -76.33976, 37.539 ], [ -76.33999, 37.53833 ], [ -76.34899, 37.53655 ], [ -76.35533, 37.53758 ], [ -76.35877, 37.53664 ], [ -76.36163, 37.53466 ], [ -76.35966, 37.52046 ], [ -76.36047, 37.51924 ], [ -76.35938, 37.51343 ], [ -76.3564, 37.50808 ], [ -76.35268, 37.50491 ], [ -76.3457, 37.50403 ], [ -76.34344, 37.50478 ], [ -76.34059, 37.50516 ], [ -76.33616, 37.5044 ], [ -76.33363, 37.5028 ], [ -76.33173, 37.49993 ], [ -76.32947, 37.49492 ], [ -76.32871, 37.49196 ], [ -76.32764, 37.48979 ], [ -76.32776, 37.48819 ], [ -76.32526, 37.48611 ], [ -76.32329, 37.48534 ], [ -76.31733, 37.48509 ], [ -76.31255, 37.48621 ], [ -76.31091, 37.4871 ], [ -76.31159, 37.48866 ], [ -76.31552, 37.48875 ], [ -76.31555, 37.48995 ], [ -76.3135, 37.49102 ], [ -76.31338, 37.49234 ], [ -76.31041, 37.49413 ], [ -76.29774, 37.50686 ], [ -76.29645, 37.51123 ], [ -76.29765, 37.51542 ], [ -76.2936, 37.5165 ], [ -76.28817, 37.51412 ], [ -76.28104, 37.50782 ], [ -76.27335, 37.49349 ], [ -76.27229, 37.48983 ], [ -76.27309, 37.48894 ], [ -76.2719, 37.4864 ], [ -76.27302, 37.48477 ], [ -76.27559, 37.48479 ], [ -76.27662, 37.48577 ], [ -76.28117, 37.48555 ], [ -76.28295, 37.48678 ], [ -76.28569, 37.48762 ], [ -76.28676, 37.48687 ], [ -76.28997, 37.48979 ], [ -76.29377, 37.4913 ], [ -76.29234, 37.49328 ], [ -76.29258, 37.49498 ], [ -76.30304, 37.49422 ], [ -76.30696, 37.49488 ], [ -76.31029, 37.49111 ], [ -76.30898, 37.48857 ], [ -76.30482, 37.48875 ], [ -76.30197, 37.48762 ], [ -76.30232, 37.48517 ], [ -76.29983, 37.48357 ], [ -76.29424, 37.48263 ], [ -76.29306, 37.48187 ], [ -76.29267, 37.48067 ], [ -76.29151, 37.4798 ], [ -76.28866, 37.47933 ], [ -76.2864, 37.47838 ], [ -76.28569, 37.47669 ], [ -76.28367, 37.47584 ], [ -76.28109, 37.47555 ], [ -76.27951, 37.4747 ], [ -76.27963, 37.47338 ], [ -76.28046, 37.47159 ], [ -76.2807, 37.46584 ], [ -76.27868, 37.46565 ], [ -76.27155, 37.46216 ], [ -76.27095, 37.45952 ], [ -76.26727, 37.45678 ], [ -76.26133, 37.45659 ], [ -76.26026, 37.45697 ], [ -76.2561, 37.45263 ], [ -76.2555, 37.44942 ], [ -76.25705, 37.44357 ], [ -76.25526, 37.44169 ], [ -76.25241, 37.43659 ], [ -76.25265, 37.43017 ], [ -76.25134, 37.42376 ], [ -76.2517, 37.42168 ], [ -76.25087, 37.41866 ], [ -76.24947, 37.4172 ], [ -76.24922, 37.41581 ], [ -76.25039, 37.413 ], [ -76.24897, 37.40611 ], [ -76.2479, 37.3944 ], [ -76.24775, 37.37882 ], [ -76.24908, 37.3758 ], [ -76.25348, 37.37145 ], [ -76.25929, 37.36222 ], [ -76.26241, 37.36079 ], [ -76.26485, 37.3574 ], [ -76.27207, 37.35557 ], [ -76.2729, 37.35397 ], [ -76.27468, 37.34962 ], [ -76.27408, 37.34481 ], [ -76.27338, 37.34244 ], [ -76.27093, 37.34103 ], [ -76.27114, 37.34018 ], [ -76.27254, 37.3397 ], [ -76.2729, 37.33772 ], [ -76.27214, 37.33666 ], [ -76.27289, 37.33517 ], [ -76.27397, 37.33582 ], [ -76.27599, 37.33545 ], [ -76.2748, 37.33101 ], [ -76.27146, 37.32954 ], [ -76.27223, 37.32147 ], [ -76.27455, 37.31343 ], [ -76.27621, 37.31083 ], [ -76.27801, 37.3105 ], [ -76.28039, 37.31698 ], [ -76.28256, 37.31911 ], [ -76.28814, 37.32232 ], [ -76.29131, 37.32413 ], [ -76.29478, 37.32335 ], [ -76.29636, 37.32463 ], [ -76.29724, 37.32711 ], [ -76.29906, 37.32747 ], [ -76.30343, 37.32762 ], [ -76.30667, 37.32819 ], [ -76.30858, 37.32937 ], [ -76.31205, 37.33809 ], [ -76.31414, 37.33953 ], [ -76.31378, 37.34546 ], [ -76.32065, 37.34411 ], [ -76.3205, 37.34578 ], [ -76.32113, 37.34669 ], [ -76.32091, 37.34858 ], [ -76.32228, 37.34986 ], [ -76.32512, 37.34933 ], [ -76.32624, 37.35067 ], [ -76.32626, 37.35247 ], [ -76.32964, 37.354 ], [ -76.33408, 37.35968 ], [ -76.33632, 37.36117 ], [ -76.33748, 37.36401 ], [ -76.33779, 37.36577 ], [ -76.3486, 37.37153 ], [ -76.35169, 37.36983 ], [ -76.35514, 37.36955 ], [ -76.35989, 37.37087 ], [ -76.36262, 37.37399 ], [ -76.36675, 37.3745 ], [ -76.36726, 37.37588 ], [ -76.36726, 37.37748 ], [ -76.37071, 37.3805 ], [ -76.37383, 37.38031 ], [ -76.37795, 37.38209 ], [ -76.38525, 37.38434 ], [ -76.39144, 37.39028 ], [ -76.39685, 37.40203 ], [ -76.39723, 37.40731 ], [ -76.39567, 37.4091 ], [ -76.39804, 37.41213 ], [ -76.39899, 37.41676 ], [ -76.40386, 37.41865 ], [ -76.41289, 37.41808 ], [ -76.4161, 37.4093 ], [ -76.41503, 37.4059 ], [ -76.41517, 37.40213 ], [ -76.41872, 37.3978 ], [ -76.41634, 37.39401 ], [ -76.41574, 37.39039 ], [ -76.41603, 37.38635 ], [ -76.41566, 37.38312 ], [ -76.41474, 37.38168 ], [ -76.41491, 37.3798 ], [ -76.41732, 37.37955 ], [ -76.41652, 37.37767 ], [ -76.41231, 37.37492 ], [ -76.40972, 37.37479 ], [ -76.40933, 37.37012 ], [ -76.40986, 37.36868 ], [ -76.41453, 37.36835 ], [ -76.41565, 37.36991 ], [ -76.41822, 37.37202 ], [ -76.42062, 37.37293 ], [ -76.4235, 37.37568 ], [ -76.42395, 37.37805 ], [ -76.4287, 37.38154 ], [ -76.43752, 37.37975 ], [ -76.44831, 37.38117 ], [ -76.45104, 37.38126 ], [ -76.45068, 37.38513 ], [ -76.45092, 37.38683 ], [ -76.45484, 37.38815 ], [ -76.46102, 37.3874 ], [ -76.46364, 37.38523 ], [ -76.46506, 37.38183 ], [ -76.4672, 37.37984 ], [ -76.46804, 37.37654 ], [ -76.46732, 37.37323 ], [ -76.46958, 37.37059 ], [ -76.46732, 37.36672 ], [ -76.46506, 37.36606 ], [ -76.4615, 37.36388 ], [ -76.45972, 37.36247 ], [ -76.45865, 37.35973 ], [ -76.45651, 37.35935 ], [ -76.45306, 37.35982 ], [ -76.44902, 37.36086 ], [ -76.44688, 37.36199 ], [ -76.44641, 37.36492 ], [ -76.44533, 37.36646 ], [ -76.44415, 37.36653 ], [ -76.43497, 37.35452 ], [ -76.42542, 37.35063 ], [ -76.42648, 37.34857 ], [ -76.42378, 37.34544 ], [ -76.42089, 37.34336 ], [ -76.41705, 37.34159 ], [ -76.4147, 37.33968 ], [ -76.41349, 37.34055 ], [ -76.41277, 37.34244 ], [ -76.41234, 37.34496 ], [ -76.41013, 37.34416 ], [ -76.41147, 37.34102 ], [ -76.40885, 37.33932 ], [ -76.40541, 37.33857 ], [ -76.40368, 37.33866 ], [ -76.40267, 37.3361 ], [ -76.40469, 37.33498 ], [ -76.40639, 37.33292 ], [ -76.40469, 37.33167 ], [ -76.40505, 37.33077 ], [ -76.4059, 37.32992 ], [ -76.41242, 37.33356 ], [ -76.41527, 37.33167 ], [ -76.41634, 37.3293 ], [ -76.41337, 37.32562 ], [ -76.41135, 37.32449 ], [ -76.41289, 37.32259 ], [ -76.41693, 37.32052 ], [ -76.4186, 37.32165 ], [ -76.42002, 37.32174 ], [ -76.42145, 37.32061 ], [ -76.42549, 37.32326 ], [ -76.4331, 37.32241 ], [ -76.43464, 37.32382 ], [ -76.43714, 37.32411 ], [ -76.43821, 37.32193 ], [ -76.43856, 37.31381 ], [ -76.42739, 37.31069 ], [ -76.42608, 37.30917 ], [ -76.42288, 37.30814 ], [ -76.42121, 37.30898 ], [ -76.41919, 37.30766 ], [ -76.41159, 37.30757 ], [ -76.41016, 37.30936 ], [ -76.40315, 37.31088 ], [ -76.40079, 37.3128 ], [ -76.39934, 37.31333 ], [ -76.39471, 37.31286 ], [ -76.3934, 37.31154 ], [ -76.38859, 37.30848 ], [ -76.38984, 37.30738 ], [ -76.3915, 37.30473 ], [ -76.39305, 37.30454 ], [ -76.39554, 37.30492 ], [ -76.39685, 37.30303 ], [ -76.39459, 37.30086 ], [ -76.39317, 37.29859 ], [ -76.39257, 37.29613 ], [ -76.38901, 37.29622 ], [ -76.3863, 37.29831 ], [ -76.38489, 37.29577 ], [ -76.3856, 37.29411 ], [ -76.38208, 37.29275 ], [ -76.38211, 37.28951 ], [ -76.38295, 37.2863 ], [ -76.38107, 37.28534 ], [ -76.37867, 37.28573 ], [ -76.37747, 37.28403 ], [ -76.37629, 37.28062 ], [ -76.36892, 37.27835 ], [ -76.36693, 37.27961 ], [ -76.35256, 37.27833 ], [ -76.35455, 37.27233 ], [ -76.36, 37.27085 ], [ -76.36239, 37.26861 ], [ -76.3709, 37.26874 ], [ -76.37902, 37.26823 ], [ -76.38306, 37.26615 ], [ -76.39008, 37.26351 ], [ -76.39169, 37.26383 ], [ -76.39279, 37.26497 ], [ -76.39586, 37.26533 ], [ -76.40303, 37.26449 ], [ -76.41717, 37.26511 ], [ -76.42074, 37.26389 ], [ -76.42347, 37.26228 ], [ -76.42454, 37.25868 ], [ -76.42288, 37.25491 ], [ -76.42914, 37.25331 ], [ -76.43393, 37.25698 ], [ -76.43962, 37.25467 ], [ -76.44515, 37.2546 ], [ -76.45258, 37.25279 ], [ -76.45841, 37.25223 ], [ -76.46456, 37.24991 ], [ -76.46891, 37.25108 ], [ -76.47332, 37.2511 ], [ -76.47719, 37.25017 ], [ -76.48284, 37.25483 ], [ -76.48603, 37.25269 ], [ -76.4933, 37.24947 ], [ -76.49881, 37.24866 ], [ -76.50392, 37.24535 ], [ -76.50499, 37.24525 ], [ -76.50903, 37.23948 ], [ -76.50559, 37.23664 ], [ -76.50364, 37.23386 ], [ -76.50053, 37.23242 ], [ -76.49742, 37.22999 ], [ -76.49401, 37.22541 ], [ -76.4904, 37.22424 ], [ -76.48856, 37.22404 ], [ -76.48369, 37.22232 ], [ -76.4718, 37.21602 ], [ -76.46291, 37.21706 ], [ -76.45598, 37.21851 ], [ -76.4473, 37.21915 ], [ -76.43725, 37.21904 ], [ -76.43378, 37.22024 ], [ -76.4254, 37.22173 ], [ -76.42139, 37.22324 ], [ -76.4154, 37.22366 ], [ -76.41068, 37.22248 ], [ -76.39734, 37.22423 ], [ -76.39413, 37.22515 ], [ -76.38998, 37.22681 ], [ -76.38865, 37.22765 ], [ -76.38663, 37.22784 ], [ -76.38687, 37.22614 ], [ -76.39507, 37.21705 ], [ -76.39459, 37.21431 ], [ -76.39567, 37.21214 ], [ -76.40208, 37.20655 ], [ -76.39804, 37.20248 ], [ -76.39307, 37.19862 ], [ -76.39115, 37.19462 ], [ -76.39079, 37.19301 ], [ -76.39233, 37.18875 ], [ -76.39162, 37.18402 ], [ -76.39174, 37.18118 ], [ -76.3928, 37.17836 ], [ -76.39251, 37.17563 ], [ -76.394, 37.17445 ], [ -76.39792, 37.17786 ], [ -76.40053, 37.179 ], [ -76.40802, 37.17502 ], [ -76.40802, 37.17199 ], [ -76.40897, 37.16972 ], [ -76.40838, 37.16688 ], [ -76.41123, 37.16451 ], [ -76.4123, 37.16148 ], [ -76.40196, 37.15911 ], [ -76.39981, 37.16045 ], [ -76.39476, 37.15757 ], [ -76.38138, 37.15571 ], [ -76.37846, 37.15078 ], [ -76.37068, 37.15026 ], [ -76.36738, 37.15396 ], [ -76.36911, 37.15551 ], [ -76.37288, 37.15667 ], [ -76.37401, 37.16036 ], [ -76.36696, 37.16558 ], [ -76.36215, 37.16593 ], [ -76.35968, 37.16836 ], [ -76.35543, 37.16916 ], [ -76.35217, 37.16915 ], [ -76.34866, 37.1687 ], [ -76.34572, 37.16652 ], [ -76.3453, 37.16459 ], [ -76.34229, 37.16077 ], [ -76.34155, 37.15882 ], [ -76.34237, 37.15637 ], [ -76.3407, 37.15084 ], [ -76.33252, 37.14448 ], [ -76.32705, 37.14243 ], [ -76.32127, 37.14131 ], [ -76.31625, 37.1377 ], [ -76.3114, 37.13749 ], [ -76.30178, 37.13012 ], [ -76.29928, 37.13012 ], [ -76.29576, 37.12326 ], [ -76.30059, 37.11866 ], [ -76.30178, 37.11411 ], [ -76.29602, 37.10976 ], [ -76.29746, 37.10714 ], [ -76.30156, 37.10324 ], [ -76.31174, 37.102 ], [ -76.31736, 37.10304 ], [ -76.34467, 37.09684 ], [ -76.35097, 37.10674 ], [ -76.36747, 37.11304 ], [ -76.37621, 37.10833 ], [ -76.38176, 37.11214 ], [ -76.38345, 37.11198 ], [ -76.38435, 37.11026 ], [ -76.38648, 37.1101 ], [ -76.38773, 37.10918 ], [ -76.38693, 37.10794 ], [ -76.38426, 37.10738 ], [ -76.38437, 37.1054 ], [ -76.38518, 37.10512 ], [ -76.38683, 37.10516 ], [ -76.38717, 37.10652 ], [ -76.39054, 37.10706 ], [ -76.3934, 37.10832 ], [ -76.39499, 37.10626 ], [ -76.3958, 37.10717 ], [ -76.39782, 37.10744 ], [ -76.40118, 37.10556 ], [ -76.40201, 37.10405 ], [ -76.40137, 37.10297 ], [ -76.39911, 37.10318 ], [ -76.39782, 37.10387 ], [ -76.39878, 37.10209 ], [ -76.39665, 37.10009 ], [ -76.39937, 37.10023 ], [ -76.39806, 37.09914 ], [ -76.3997, 37.09796 ], [ -76.39739, 37.09815 ], [ -76.39835, 37.09667 ], [ -76.39957, 37.09693 ], [ -76.40029, 37.09585 ], [ -76.40383, 37.09491 ], [ -76.40798, 37.09212 ], [ -76.40961, 37.0919 ], [ -76.41217, 37.09295 ], [ -76.41285, 37.09354 ], [ -76.41675, 37.09329 ], [ -76.41872, 37.09213 ], [ -76.42374, 37.09178 ], [ -76.42545, 37.0923 ], [ -76.42966, 37.09593 ], [ -76.43247, 37.09495 ], [ -76.43463, 37.09491 ], [ -76.43706, 37.09398 ], [ -76.43775, 37.09405 ], [ -76.43937, 37.09504 ], [ -76.44156, 37.09464 ], [ -76.4448, 37.09467 ], [ -76.44959, 37.09659 ], [ -76.45147, 37.09844 ], [ -76.45391, 37.09824 ], [ -76.4591, 37.10097 ], [ -76.50614, 37.15409 ], [ -76.50449, 37.15621 ], [ -76.50562, 37.15721 ], [ -76.50445, 37.15851 ], [ -76.5151, 37.17318 ], [ -76.51485, 37.17606 ], [ -76.51683, 37.17864 ], [ -76.51719, 37.17875 ], [ -76.52499, 37.17639 ], [ -76.52657, 37.17707 ], [ -76.56519, 37.22054 ], [ -76.56743, 37.21769 ], [ -76.57048, 37.21721 ], [ -76.57089, 37.21534 ], [ -76.57467, 37.21574 ], [ -76.57518, 37.21299 ], [ -76.57675, 37.21321 ], [ -76.58313, 37.21299 ], [ -76.5913, 37.21321 ], [ -76.59186, 37.20978 ], [ -76.59128, 37.20717 ], [ -76.58955, 37.2045 ], [ -76.58547, 37.20082 ], [ -76.58338, 37.19514 ], [ -76.58217, 37.19488 ], [ -76.58318, 37.19297 ], [ -76.57998, 37.19266 ], [ -76.58017, 37.19074 ], [ -76.57799, 37.19048 ], [ -76.57827, 37.18885 ], [ -76.57991, 37.18809 ], [ -76.57797, 37.18707 ], [ -76.58107, 37.18527 ], [ -76.58122, 37.18251 ], [ -76.58305, 37.18205 ], [ -76.58457, 37.18258 ], [ -76.58435, 37.18106 ], [ -76.58699, 37.18021 ], [ -76.5903, 37.18151 ], [ -76.5954, 37.17842 ], [ -76.59788, 37.17825 ], [ -76.6007, 37.17521 ], [ -76.60136, 37.17504 ], [ -76.60478, 37.17064 ], [ -76.60744, 37.16884 ], [ -76.60772, 37.16966 ], [ -76.61111, 37.16985 ], [ -76.61282, 37.17116 ], [ -76.61627, 37.17896 ], [ -76.61934, 37.19215 ], [ -76.62329, 37.19874 ], [ -76.62987, 37.20674 ], [ -76.63465, 37.20996 ], [ -76.64109, 37.216 ], [ -76.64987, 37.22091 ], [ -76.65984, 37.22321 ], [ -76.68409, 37.22311 ], [ -76.693, 37.22368 ], [ -76.69894, 37.21906 ], [ -76.70262, 37.21715 ], [ -76.73151, 37.21223 ], [ -76.74291, 37.21336 ], [ -76.74814, 37.21507 ], [ -76.75337, 37.21507 ], [ -76.75824, 37.21554 ], [ -76.75967, 37.2144 ], [ -76.75979, 37.21242 ], [ -76.75836, 37.21156 ], [ -76.75563, 37.211 ], [ -76.75159, 37.21081 ], [ -76.75135, 37.2092 ], [ -76.74588, 37.20778 ], [ -76.74351, 37.20664 ], [ -76.73816, 37.20636 ], [ -76.73499, 37.20316 ], [ -76.73567, 37.20211 ], [ -76.73792, 37.20106 ], [ -76.74065, 37.19831 ], [ -76.74, 37.19538 ], [ -76.74304, 37.19261 ], [ -76.75047, 37.1901 ], [ -76.75777, 37.19166 ], [ -76.76035, 37.19399 ], [ -76.76442, 37.19888 ], [ -76.76626, 37.19931 ], [ -76.77375, 37.20606 ], [ -76.78053, 37.20934 ], [ -76.78527, 37.2176 ], [ -76.78629, 37.22084 ], [ -76.78778, 37.22086 ], [ -76.79354, 37.23125 ], [ -76.79888, 37.23475 ], [ -76.81006, 37.23863 ], [ -76.81659, 37.24175 ], [ -76.82218, 37.24364 ], [ -76.82681, 37.24364 ], [ -76.8324, 37.24203 ], [ -76.85046, 37.2408 ], [ -76.85842, 37.24139 ], [ -76.86199, 37.24241 ], [ -76.86952, 37.24216 ], [ -76.87193, 37.24598 ], [ -76.87363, 37.25008 ], [ -76.87328, 37.25149 ], [ -76.86769, 37.25197 ], [ -76.86674, 37.25357 ], [ -76.86615, 37.25547 ], [ -76.86627, 37.25849 ], [ -76.86758, 37.26067 ], [ -76.86983, 37.26218 ], [ -76.87221, 37.26275 ], [ -76.87519, 37.2608 ], [ -76.8789, 37.26601 ], [ -76.88205, 37.27168 ], [ -76.88308, 37.27592 ], [ -76.88261, 37.27854 ], [ -76.88146, 37.28135 ], [ -76.88156, 37.28551 ], [ -76.88083, 37.28726 ], [ -76.8779, 37.29004 ], [ -76.87468, 37.29196 ], [ -76.87281, 37.29371 ], [ -76.87168, 37.2956 ], [ -76.87199, 37.2984 ], [ -76.87468, 37.30105 ], [ -76.87693, 37.30271 ], [ -76.87837, 37.30486 ], [ -76.87944, 37.30741 ], [ -76.88, 37.30987 ], [ -76.87935, 37.31172 ], [ -76.87526, 37.31771 ], [ -76.87468, 37.32043 ], [ -76.87608, 37.32553 ], [ -76.87563, 37.32956 ], [ -76.87662, 37.33322 ], [ -76.87553, 37.3383 ], [ -76.87468, 37.33918 ], [ -76.87363, 37.34256 ], [ -76.87468, 37.34601 ], [ -76.87745, 37.34759 ], [ -76.88014, 37.34868 ], [ -76.8806, 37.35024 ], [ -76.87981, 37.35279 ], [ -76.87834, 37.35529 ], [ -76.87362, 37.36204 ], [ -76.87351, 37.36342 ], [ -76.87444, 37.36543 ], [ -76.8771, 37.36919 ], [ -76.87845, 37.36944 ], [ -76.88146, 37.36925 ], [ -76.88477, 37.36857 ], [ -76.88747, 37.36642 ], [ -76.88886, 37.36397 ], [ -76.89116, 37.3621 ], [ -76.8964, 37.36085 ], [ -76.89952, 37.35903 ], [ -76.90198, 37.35622 ], [ -76.90535, 37.35064 ], [ -76.90798, 37.34902 ], [ -76.90965, 37.34864 ], [ -76.9133, 37.34999 ], [ -76.91586, 37.35262 ], [ -76.91423, 37.35679 ], [ -76.91214, 37.35963 ], [ -76.91044, 37.36409 ], [ -76.9085, 37.36635 ], [ -76.90114, 37.36998 ], [ -76.89895, 37.37179 ], [ -76.89779, 37.3738 ], [ -76.8981, 37.37515 ], [ -76.90447, 37.37767 ], [ -76.91525, 37.38264 ], [ -76.91793, 37.38426 ], [ -76.91885, 37.38552 ], [ -76.91876, 37.3874 ], [ -76.91732, 37.3892 ], [ -76.90822, 37.39086 ], [ -76.90637, 37.39261 ], [ -76.90504, 37.3971 ], [ -76.90412, 37.40382 ], [ -76.90492, 37.40491 ], [ -76.90806, 37.40508 ], [ -76.90981, 37.40323 ], [ -76.91101, 37.39952 ], [ -76.91532, 37.39581 ], [ -76.91674, 37.39538 ], [ -76.92577, 37.39941 ], [ -76.92761, 37.39957 ], [ -76.93021, 37.39782 ], [ -76.93118, 37.39631 ], [ -76.93159, 37.39154 ], [ -76.93329, 37.38799 ], [ -76.93643, 37.38654 ], [ -76.94099, 37.38373 ], [ -76.94252, 37.38324 ], [ -76.94485, 37.38394 ], [ -76.9456, 37.386 ], [ -76.94611, 37.39108 ], [ -76.94533, 37.39411 ], [ -76.94286, 37.39644 ], [ -76.93802, 37.39953 ], [ -76.93703, 37.40117 ], [ -76.93685, 37.40342 ], [ -76.93847, 37.40735 ], [ -76.94083, 37.40988 ], [ -76.94308, 37.41039 ], [ -76.94536, 37.40884 ], [ -76.94855, 37.40589 ], [ -76.95192, 37.40397 ], [ -76.954, 37.40349 ], [ -76.96882, 37.40651 ], [ -76.97104, 37.40799 ], [ -76.97273, 37.41021 ], [ -76.9712, 37.41333 ], [ -76.96948, 37.41524 ], [ -76.96962, 37.41674 ], [ -76.97167, 37.41835 ], [ -76.97519, 37.419 ], [ -76.97677, 37.41873 ], [ -76.98013, 37.41951 ], [ -76.982, 37.42086 ], [ -76.98324, 37.42027 ], [ -76.98364, 37.41811 ], [ -76.98576, 37.41754 ], [ -76.98678, 37.41587 ], [ -76.98891, 37.41496 ], [ -76.99148, 37.41492 ], [ -76.99212, 37.41579 ], [ -76.99637, 37.41794 ], [ -76.99826, 37.4182 ], [ -77.00329, 37.41494 ], [ -77.00765, 37.41375 ], [ -77.0113, 37.41608 ], [ -77.01117, 37.41741 ], [ -77.01307, 37.41667 ], [ -77.01332, 37.41535 ], [ -77.01611, 37.41401 ], [ -77.01777, 37.4145 ], [ -77.01827, 37.41529 ], [ -77.02132, 37.41601 ], [ -77.0236, 37.41782 ], [ -77.02472, 37.42016 ], [ -77.02235, 37.42054 ], [ -77.02202, 37.42134 ], [ -77.02407, 37.4209 ], [ -77.02373, 37.42283 ], [ -77.02599, 37.42713 ], [ -77.02557, 37.4282 ], [ -77.02668, 37.42901 ], [ -77.02757, 37.42805 ], [ -77.02911, 37.42933 ], [ -77.02911, 37.42728 ], [ -77.03123, 37.42943 ], [ -77.036, 37.42688 ], [ -77.03838, 37.42918 ], [ -77.0436, 37.43013 ], [ -77.04477, 37.42946 ], [ -77.04691, 37.43179 ], [ -77.04762, 37.43143 ], [ -77.0508, 37.43216 ], [ -77.05221, 37.43147 ], [ -77.0534, 37.43193 ], [ -77.05343, 37.43077 ], [ -77.05478, 37.43187 ], [ -77.05748, 37.43049 ], [ -77.05786, 37.42912 ], [ -77.06004, 37.42929 ], [ -77.05952, 37.4308 ], [ -77.06099, 37.43142 ], [ -77.06154, 37.43296 ], [ -77.06039, 37.43312 ], [ -77.05968, 37.43489 ], [ -77.06169, 37.43646 ], [ -77.06545, 37.43717 ], [ -77.06649, 37.43662 ], [ -77.0689, 37.4379 ], [ -77.06912, 37.43943 ], [ -77.07014, 37.43993 ], [ -77.07315, 37.43965 ], [ -77.0735, 37.44057 ], [ -77.07562, 37.44048 ], [ -77.07629, 37.44129 ], [ -77.07855, 37.44008 ], [ -77.07975, 37.44075 ], [ -77.08077, 37.43997 ], [ -77.08234, 37.44054 ], [ -77.08354, 37.43986 ], [ -77.08639, 37.43989 ], [ -77.0864, 37.44139 ], [ -77.09311, 37.44047 ], [ -77.09422, 37.44102 ], [ -77.09595, 37.44027 ], [ -77.09834, 37.44295 ], [ -77.10128, 37.4448 ], [ -77.10065, 37.44709 ], [ -77.10548, 37.44853 ], [ -77.10781, 37.45024 ], [ -77.10739, 37.45113 ], [ -77.10964, 37.45283 ], [ -77.11178, 37.4535 ], [ -77.11531, 37.45276 ], [ -77.11619, 37.45452 ], [ -77.11768, 37.45442 ], [ -77.11907, 37.45582 ], [ -77.11901, 37.45694 ], [ -77.11762, 37.45822 ], [ -77.11855, 37.4603 ], [ -77.1185, 37.46156 ], [ -77.11958, 37.46139 ], [ -77.12274, 37.46314 ], [ -77.12411, 37.4679 ], [ -77.12687, 37.47158 ], [ -77.12874, 37.47105 ], [ -77.13137, 37.47156 ], [ -77.13303, 37.47066 ], [ -77.13818, 37.46981 ], [ -77.14175, 37.46838 ], [ -77.1433, 37.47053 ], [ -77.14108, 37.47341 ], [ -77.14198, 37.47635 ], [ -77.14739, 37.47574 ], [ -77.15032, 37.47729 ], [ -77.15478, 37.47628 ], [ -77.15786, 37.47453 ], [ -77.1608, 37.4753 ], [ -77.16164, 37.47652 ], [ -77.16043, 37.47916 ], [ -77.15951, 37.48229 ], [ -77.15773, 37.48369 ], [ -77.15778, 37.48604 ], [ -77.16104, 37.48614 ], [ -77.16348, 37.48552 ], [ -77.16465, 37.48471 ], [ -77.16665, 37.48192 ], [ -77.16881, 37.4809 ], [ -77.17038, 37.48142 ], [ -77.17007, 37.48264 ], [ -77.17111, 37.48416 ], [ -77.17063, 37.48594 ], [ -77.17126, 37.48724 ], [ -77.17476, 37.48861 ], [ -77.17678, 37.48869 ], [ -77.17751, 37.49134 ], [ -77.17929, 37.49176 ], [ -77.17994, 37.49333 ], [ -77.1812, 37.49315 ], [ -77.18484, 37.49572 ], [ -77.18605, 37.49798 ], [ -77.18744, 37.49756 ], [ -77.18863, 37.4987 ], [ -77.18816, 37.50022 ], [ -77.18986, 37.50014 ], [ -77.19194, 37.50124 ], [ -77.19196, 37.50287 ], [ -77.19296, 37.5066 ], [ -77.19398, 37.50754 ], [ -77.19818, 37.50897 ], [ -77.20132, 37.5111 ], [ -77.20317, 37.51304 ], [ -77.20454, 37.5127 ], [ -77.20701, 37.51345 ], [ -77.20624, 37.51598 ], [ -77.2087, 37.5163 ], [ -77.21029, 37.52044 ], [ -77.21239, 37.52136 ], [ -77.21251, 37.52323 ], [ -77.21443, 37.52433 ], [ -77.21485, 37.52537 ], [ -77.21861, 37.52688 ], [ -77.22025, 37.52722 ], [ -77.22082, 37.5293 ], [ -77.22015, 37.53107 ], [ -77.22124, 37.53323 ], [ -77.22335, 37.53399 ], [ -77.22651, 37.53387 ], [ -77.22898, 37.53683 ], [ -77.23056, 37.53724 ], [ -77.23185, 37.53964 ], [ -77.23513, 37.53857 ], [ -77.23774, 37.53909 ], [ -77.2399, 37.53793 ], [ -77.24099, 37.53809 ], [ -77.24323, 37.53938 ], [ -77.24681, 37.53931 ], [ -77.24771, 37.54047 ], [ -77.24923, 37.54075 ], [ -77.25031, 37.54183 ], [ -77.25372, 37.54273 ], [ -77.25472, 37.54461 ], [ -77.25923, 37.54697 ], [ -77.25929, 37.54837 ], [ -77.26137, 37.5497 ], [ -77.26346, 37.54965 ], [ -77.26591, 37.55186 ], [ -77.2699, 37.55154 ], [ -77.2757, 37.55293 ], [ -77.27702, 37.55407 ], [ -77.27896, 37.55409 ], [ -77.28211, 37.55573 ], [ -77.284, 37.55535 ], [ -77.28691, 37.55631 ], [ -77.29123, 37.56062 ], [ -77.29352, 37.56101 ], [ -77.29914, 37.55972 ], [ -77.30221, 37.55977 ], [ -77.30594, 37.56101 ], [ -77.30806, 37.56293 ], [ -77.31106, 37.56492 ], [ -77.31341, 37.56461 ], [ -77.31671, 37.56747 ], [ -77.32125, 37.56778 ], [ -77.32623, 37.57 ], [ -77.32721, 37.57182 ], [ -77.33151, 37.57374 ], [ -77.33576, 37.57478 ], [ -77.33697, 37.57574 ], [ -77.3381, 37.57721 ], [ -77.34277, 37.57853 ], [ -77.34457, 37.5782 ], [ -77.34691, 37.57931 ], [ -77.35022, 37.58006 ], [ -77.35081, 37.58081 ], [ -77.35295, 37.58106 ], [ -77.35479, 37.58265 ], [ -77.35789, 37.58309 ], [ -77.35841, 37.58473 ], [ -77.36071, 37.58676 ], [ -77.36267, 37.58729 ], [ -77.36267, 37.58869 ], [ -77.36663, 37.59073 ], [ -77.36875, 37.59055 ], [ -77.37286, 37.59326 ], [ -77.37529, 37.59384 ], [ -77.38175, 37.59451 ], [ -77.38723, 37.59805 ], [ -77.38866, 37.59843 ], [ -77.39113, 37.59809 ], [ -77.39202, 37.59999 ], [ -77.39383, 37.60157 ], [ -77.39604, 37.60191 ], [ -77.39704, 37.60262 ], [ -77.39985, 37.60607 ], [ -77.4036, 37.60511 ], [ -77.40496, 37.60641 ], [ -77.40527, 37.6077 ], [ -77.40458, 37.60992 ], [ -77.40719, 37.61252 ], [ -77.40871, 37.61466 ], [ -77.40729, 37.61736 ], [ -77.40597, 37.61877 ], [ -77.40626, 37.61975 ], [ -77.40467, 37.62261 ], [ -77.40538, 37.62603 ], [ -77.40683, 37.62728 ], [ -77.40939, 37.62748 ], [ -77.41102, 37.62926 ], [ -77.41378, 37.63027 ], [ -77.41825, 37.63317 ], [ -77.41929, 37.63568 ], [ -77.42068, 37.6365 ], [ -77.41994, 37.63816 ], [ -77.42143, 37.64168 ], [ -77.42431, 37.64033 ], [ -77.42485, 37.64309 ], [ -77.42805, 37.64502 ], [ -77.43342, 37.64505 ], [ -77.43551, 37.64441 ], [ -77.44435, 37.6403 ], [ -77.4497, 37.63676 ], [ -77.45189, 37.63615 ], [ -77.4526, 37.64025 ], [ -77.45675, 37.63822 ], [ -77.45943, 37.63799 ], [ -77.45988, 37.64005 ], [ -77.45879, 37.64205 ], [ -77.46139, 37.64224 ], [ -77.46663, 37.64758 ], [ -77.47217, 37.64622 ], [ -77.47499, 37.64453 ], [ -77.47696, 37.64519 ], [ -77.47676, 37.6457 ], [ -77.4817, 37.65266 ], [ -77.48359, 37.65287 ], [ -77.48324, 37.65371 ], [ -77.48973, 37.65947 ], [ -77.49358, 37.65572 ], [ -77.49539, 37.65243 ], [ -77.49911, 37.65349 ], [ -77.49783, 37.65844 ], [ -77.50426, 37.65914 ], [ -77.50344, 37.66524 ], [ -77.50484, 37.66553 ], [ -77.50731, 37.64785 ], [ -77.50901, 37.6485 ], [ -77.51235, 37.64395 ], [ -77.51342, 37.64448 ], [ -77.52364, 37.64616 ], [ -77.53144, 37.64923 ], [ -77.53339, 37.64323 ], [ -77.53337, 37.64209 ], [ -77.53371, 37.64124 ], [ -77.54072, 37.63284 ], [ -77.53692, 37.63126 ], [ -77.53545, 37.63009 ], [ -77.5242, 37.61972 ], [ -77.51815, 37.60846 ], [ -77.51565, 37.60471 ], [ -77.51439, 37.59974 ], [ -77.51384, 37.5986 ], [ -77.51067, 37.59578 ], [ -77.51921, 37.59461 ], [ -77.51894, 37.59394 ], [ -77.51639, 37.59113 ], [ -77.51817, 37.58861 ], [ -77.50994, 37.58371 ], [ -77.51181, 37.58175 ], [ -77.51325, 37.58253 ], [ -77.51509, 37.5818 ], [ -77.51646, 37.58167 ], [ -77.53165, 37.59195 ], [ -77.53256, 37.59178 ], [ -77.53303, 37.58708 ], [ -77.53203, 37.58257 ], [ -77.53287, 37.58213 ], [ -77.5342, 37.58418 ], [ -77.53783, 37.58136 ], [ -77.53862, 37.58289 ], [ -77.54388, 37.58133 ], [ -77.54137, 37.58029 ], [ -77.54307, 37.57909 ], [ -77.54677, 37.57548 ], [ -77.54747, 37.57254 ], [ -77.54223, 37.57075 ], [ -77.53902, 37.57286 ], [ -77.53716, 37.57252 ], [ -77.53615, 37.56864 ], [ -77.53486, 37.56822 ], [ -77.52586, 37.56824 ], [ -77.52983, 37.55922 ], [ -77.53684, 37.55924 ], [ -77.54134, 37.5602 ], [ -77.54416, 37.5604 ], [ -77.54779, 37.56012 ], [ -77.55089, 37.55864 ], [ -77.55529, 37.55767 ], [ -77.55814, 37.55608 ], [ -77.56014, 37.55557 ], [ -77.56396, 37.55611 ], [ -77.57057, 37.55794 ], [ -77.57459, 37.55859 ], [ -77.57805, 37.55898 ], [ -77.58476, 37.55848 ], [ -77.59059, 37.5564 ], [ -77.59546, 37.55575 ], [ -77.59585, 37.54586 ], [ -77.60117, 37.54516 ], [ -77.59899, 37.54283 ], [ -77.59911, 37.54071 ], [ -77.59759, 37.53907 ], [ -77.59636, 37.53594 ], [ -77.59685, 37.53465 ], [ -77.59277, 37.53366 ], [ -77.59245, 37.53295 ], [ -77.59011, 37.53347 ], [ -77.57955, 37.53218 ], [ -77.56638, 37.53531 ], [ -77.55733, 37.54036 ], [ -77.55452, 37.54303 ], [ -77.55247, 37.54177 ], [ -77.54504, 37.5281 ], [ -77.52865, 37.53186 ], [ -77.52847, 37.52548 ], [ -77.53294, 37.52151 ], [ -77.53722, 37.51309 ], [ -77.53998, 37.51065 ], [ -77.54596, 37.50687 ], [ -77.55435, 37.50382 ], [ -77.55705, 37.50157 ], [ -77.56105, 37.4954 ], [ -77.5614, 37.49542 ], [ -77.56332, 37.49263 ], [ -77.56865, 37.48644 ], [ -77.57313, 37.48185 ], [ -77.57689, 37.47597 ], [ -77.58397, 37.46793 ], [ -77.58566, 37.46692 ], [ -77.58914, 37.46598 ], [ -77.62188, 37.46261 ], [ -77.61851, 37.45785 ], [ -77.61271, 37.45895 ], [ -77.61171, 37.45795 ], [ -77.60831, 37.45785 ], [ -77.60301, 37.45385 ], [ -77.60036, 37.45227 ], [ -77.60053, 37.44879 ], [ -77.60144, 37.44828 ], [ -77.60077, 37.44556 ], [ -77.59638, 37.44504 ], [ -77.59641, 37.4441 ], [ -77.59384, 37.43966 ], [ -77.60072, 37.43727 ], [ -77.6018, 37.43799 ], [ -77.60385, 37.4384 ], [ -77.60398, 37.4368 ], [ -77.60456, 37.43592 ], [ -77.61872, 37.43061 ], [ -77.62384, 37.42839 ], [ -77.62806, 37.4248 ], [ -77.63033, 37.42378 ], [ -77.62858, 37.42173 ], [ -77.62078, 37.41503 ], [ -77.61659, 37.41159 ], [ -77.61483, 37.41067 ], [ -77.61244, 37.41001 ], [ -77.60984, 37.40989 ], [ -77.59128, 37.41144 ], [ -77.5927, 37.40864 ], [ -77.59287, 37.40599 ], [ -77.59453, 37.40165 ], [ -77.59542, 37.39802 ], [ -77.59692, 37.39558 ], [ -77.59497, 37.39689 ], [ -77.59099, 37.39591 ], [ -77.58817, 37.39453 ], [ -77.5866, 37.39487 ], [ -77.58291, 37.39271 ], [ -77.58321, 37.39152 ], [ -77.5816, 37.39072 ], [ -77.58106, 37.39341 ], [ -77.57687, 37.39251 ], [ -77.57671, 37.39186 ], [ -77.57791, 37.39048 ], [ -77.57732, 37.38941 ], [ -77.57597, 37.38973 ], [ -77.57504, 37.38682 ], [ -77.57935, 37.38609 ], [ -77.57981, 37.3844 ], [ -77.5834, 37.38475 ], [ -77.5845, 37.38633 ], [ -77.5858, 37.38674 ], [ -77.58663, 37.38577 ], [ -77.58954, 37.38513 ], [ -77.58905, 37.38337 ], [ -77.59097, 37.38293 ], [ -77.59277, 37.38154 ], [ -77.59088, 37.38061 ], [ -77.59212, 37.37914 ], [ -77.59337, 37.37885 ], [ -77.59401, 37.37734 ], [ -77.5932, 37.3758 ], [ -77.5939, 37.37448 ], [ -77.59601, 37.37335 ], [ -77.59723, 37.37134 ], [ -77.59879, 37.37219 ], [ -77.59955, 37.37503 ], [ -77.60371, 37.37628 ], [ -77.60609, 37.37828 ], [ -77.60637, 37.38026 ], [ -77.60842, 37.3811 ], [ -77.6132, 37.37748 ], [ -77.6141, 37.37513 ], [ -77.61662, 37.37085 ], [ -77.61675, 37.36947 ], [ -77.61534, 37.36713 ], [ -77.61359, 37.36598 ], [ -77.61342, 37.36466 ], [ -77.61419, 37.36253 ], [ -77.61779, 37.35577 ], [ -77.61858, 37.35214 ], [ -77.61863, 37.35008 ], [ -77.62404, 37.35004 ], [ -77.62901, 37.34382 ], [ -77.62988, 37.34111 ], [ -77.63167, 37.33957 ], [ -77.63044, 37.33707 ], [ -77.6258, 37.33742 ], [ -77.62222, 37.33585 ], [ -77.61025, 37.33588 ], [ -77.60846, 37.33518 ], [ -77.60483, 37.3349 ], [ -77.60431, 37.33396 ], [ -77.60203, 37.33366 ], [ -77.60019, 37.33033 ], [ -77.59851, 37.33028 ], [ -77.59676, 37.32699 ], [ -77.59463, 37.32799 ], [ -77.59263, 37.32515 ], [ -77.59089, 37.32414 ], [ -77.5885, 37.32072 ], [ -77.58696, 37.32081 ], [ -77.58227, 37.31884 ], [ -77.58146, 37.3201 ], [ -77.5804, 37.31887 ], [ -77.57796, 37.31752 ], [ -77.57628, 37.31589 ], [ -77.57097, 37.31656 ], [ -77.5696, 37.31787 ], [ -77.56538, 37.31982 ], [ -77.56231, 37.32037 ], [ -77.56277, 37.32201 ], [ -77.56069, 37.32188 ], [ -77.5596, 37.32274 ], [ -77.55834, 37.32133 ], [ -77.553, 37.32457 ], [ -77.55307, 37.32095 ], [ -77.55343, 37.31993 ], [ -77.55664, 37.31712 ], [ -77.55886, 37.3117 ], [ -77.5624, 37.30771 ], [ -77.56329, 37.30629 ], [ -77.56304, 37.304 ], [ -77.56341, 37.30174 ], [ -77.56484, 37.29834 ], [ -77.56504, 37.29554 ], [ -77.56567, 37.29362 ], [ -77.56555, 37.29153 ], [ -77.56894, 37.28089 ], [ -77.56526, 37.27271 ], [ -77.56456, 37.26799 ], [ -77.56331, 37.26348 ], [ -77.56289, 37.25983 ], [ -77.5613, 37.25667 ], [ -77.55843, 37.2531 ], [ -77.55702, 37.25015 ], [ -77.5599, 37.24679 ], [ -77.5639, 37.2465 ], [ -77.5638, 37.24878 ], [ -77.56935, 37.24734 ], [ -77.57149, 37.24574 ], [ -77.57212, 37.23712 ], [ -77.57547, 37.23643 ], [ -77.57891, 37.23793 ], [ -77.58044, 37.24294 ], [ -77.58398, 37.2461 ], [ -77.58973, 37.24649 ], [ -77.59144, 37.2494 ], [ -77.60051, 37.25374 ], [ -77.60223, 37.25761 ], [ -77.60301, 37.26089 ], [ -77.60283, 37.26304 ], [ -77.60328, 37.26391 ], [ -77.60771, 37.26779 ], [ -77.61075, 37.26909 ], [ -77.61335, 37.27088 ], [ -77.6152, 37.27084 ], [ -77.61734, 37.26996 ], [ -77.61895, 37.26779 ], [ -77.6203, 37.26678 ], [ -77.62471, 37.26687 ], [ -77.62761, 37.26798 ], [ -77.6294, 37.26955 ], [ -77.63261, 37.26966 ], [ -77.63797, 37.26714 ], [ -77.64237, 37.26398 ], [ -77.64351, 37.26369 ], [ -77.64638, 37.2647 ], [ -77.65061, 37.26511 ], [ -77.65427, 37.26728 ], [ -77.65536, 37.2687 ], [ -77.65712, 37.27235 ], [ -77.66081, 37.27565 ], [ -77.66254, 37.27871 ], [ -77.66477, 37.28778 ], [ -77.66674, 37.29167 ], [ -77.66747, 37.29247 ], [ -77.66984, 37.29277 ], [ -77.67202, 37.29249 ], [ -77.67581, 37.29275 ], [ -77.68053, 37.2924 ], [ -77.68241, 37.29175 ], [ -77.6833, 37.28958 ], [ -77.68391, 37.286 ], [ -77.68703, 37.28243 ], [ -77.69256, 37.28145 ], [ -77.6981, 37.2877 ], [ -77.69949, 37.29199 ], [ -77.70149, 37.29613 ], [ -77.70345, 37.29821 ], [ -77.70583, 37.29947 ], [ -77.7088, 37.30008 ], [ -77.71169, 37.29983 ], [ -77.71378, 37.29903 ], [ -77.71621, 37.29688 ], [ -77.71742, 37.29409 ], [ -77.71759, 37.29099 ], [ -77.71586, 37.28821 ], [ -77.71588, 37.28665 ], [ -77.71744, 37.28486 ], [ -77.72001, 37.28332 ], [ -77.72123, 37.28325 ], [ -77.72784, 37.28579 ], [ -77.73034, 37.2858 ], [ -77.73552, 37.28419 ], [ -77.73597, 37.28328 ], [ -77.73649, 37.27729 ], [ -77.73831, 37.27426 ], [ -77.73802, 37.27036 ], [ -77.73979, 37.26866 ], [ -77.74212, 37.26749 ], [ -77.74451, 37.26684 ], [ -77.7508, 37.26789 ], [ -77.75358, 37.26791 ], [ -77.75862, 37.26872 ], [ -77.76355, 37.27074 ], [ -77.76799, 37.27509 ], [ -77.76841, 37.27734 ], [ -77.76849, 37.28244 ], [ -77.76943, 37.28498 ], [ -77.77259, 37.28761 ], [ -77.77514, 37.28909 ], [ -77.78486, 37.29649 ], [ -77.78919, 37.29831 ], [ -77.79391, 37.29932 ], [ -77.79714, 37.29938 ], [ -77.80205, 37.30168 ], [ -77.80675, 37.30453 ], [ -77.8078, 37.30958 ], [ -77.80879, 37.31231 ], [ -77.80901, 37.31536 ], [ -77.80716, 37.31722 ], [ -77.80448, 37.31831 ], [ -77.80124, 37.31862 ], [ -77.79958, 37.3216 ], [ -77.79813, 37.32312 ], [ -77.79625, 37.32397 ], [ -77.79653, 37.32595 ], [ -77.79869, 37.32764 ], [ -77.79693, 37.33025 ], [ -77.79651, 37.33269 ], [ -77.79861, 37.33432 ], [ -77.80234, 37.3354 ], [ -77.80523, 37.33533 ], [ -77.80672, 37.33624 ], [ -77.81262, 37.33663 ], [ -77.8175, 37.3381 ], [ -77.82098, 37.33848 ], [ -77.82764, 37.33858 ], [ -77.83258, 37.33795 ], [ -77.83735, 37.33838 ], [ -77.84465, 37.34247 ], [ -77.85054, 37.3451 ], [ -77.85238, 37.34764 ], [ -77.85256, 37.35104 ], [ -77.8518, 37.35487 ], [ -77.85284, 37.35665 ], [ -77.85732, 37.35922 ], [ -77.86095, 37.3622 ], [ -77.86376, 37.3629 ], [ -77.86728, 37.363 ], [ -77.87379, 37.36238 ], [ -77.87489, 37.36256 ], [ -77.8766, 37.36429 ], [ -77.87756, 37.36625 ], [ -77.87657, 37.36948 ], [ -77.87721, 37.37445 ], [ -77.87683, 37.37807 ], [ -77.87827, 37.38185 ], [ -77.87823, 37.38351 ] ] ] ] } },
{ "type": "Feature", "properties": { "id": "VA-02", "state": "VA", "number": "02", "metro": false, "business_count": 0, "has_data": false }, "geometry": { "type": "MultiPolygon", "coordinates": [ [ [ [ -75.74241, 37.80835 ], [ -75.74151, 37.80998 ], [ -75.73871, 37.80904 ], [ -75.73515, 37.80641 ], [ -75.73313, 37.80284 ], [ -75.73515, 37.8004 ], [ -75.73717, 37.80096 ], [ -75.7405, 37.80124 ], [ -75.7405, 37.80209 ], [ -75.73871, 37.805 ], [ -75.74228, 37.80631 ], [ -75.74241, 37.80835 ] ] ], [ [ [ -75.85649, 37.70286 ], [ -75.85423, 37.70474 ], [ -75.85078, 37.70549 ], [ -75.84912, 37.70418 ], [ -75.849, 37.70183 ], [ -75.85019, 37.69995 ], [ -75.85411, 37.70014 ], [ -75.85637, 37.70126 ], [ -75.85649, 37.70286 ] ] ], [ [ [ -75.8667, 37.68321 ], [ -75.86575, 37.68584 ], [ -75.86409, 37.68791 ], [ -75.86314, 37.69083 ], [ -75.86053, 37.69308 ], [ -75.85839, 37.69139 ], [ -75.85696, 37.6896 ], [ -75.85494, 37.68885 ], [ -75.85696, 37.6865 ], [ -75.85779, 37.6834 ], [ -75.85958, 37.68217 ], [ -75.86682, 37.68067 ], [ -75.8667, 37.68321 ] ] ], [ [ [ -75.89511, 37.8034 ], [ -75.89416, 37.80566 ], [ -75.89178, 37.79618 ], [ -75.89463, 37.79899 ], [ -75.89642, 37.80209 ], [ -75.89511, 37.8034 ] ] ], [ [ [ -75.90366, 37.89752 ], [ -75.90105, 37.89912 ], [ -75.89879, 37.89761 ], [ -75.89867, 37.89555 ], [ -75.90058, 37.89377 ], [ -75.90319, 37.89555 ], [ -75.90366, 37.89752 ] ] ], [ [ [ -75.98103, 37.09714 ], [ -75.97802, 37.10332 ], [ -75.97478, 37.10486 ], [ -75.96205, 37.1075 ], [ -75.95298, 37.10572 ], [ -75.94716, 37.10308 ], [ -75.94289, 37.09804 ], [ -75.9449, 37.08803 ], [ -75.94971, 37.08556 ], [ -75.9672, 37.0846 ], [ -75.97156, 37.08543 ], [ -75.97872, 37.09097 ], [ -75.98103, 37.09714 ] ] ], [ [ [ -75.99905, 37.8186 ], [ -75.99921, 37.83917 ], [ -75.99874, 37.84536 ], [ -75.9979, 37.84874 ], [ -75.99686, 37.85042 ], [ -75.99256, 37.84889 ], [ -75.99042, 37.84635 ], [ -75.98987, 37.84461 ], [ -75.98802, 37.84108 ], [ -75.97901, 37.83504 ], [ -75.97354, 37.83354 ], [ -75.9739, 37.8311 ], [ -75.97585, 37.82807 ], [ -75.98412, 37.8218 ], [ -75.98768, 37.81767 ], [ -75.99066, 37.81636 ], [ -75.99351, 37.81401 ], [ -75.98852, 37.80951 ], [ -75.98828, 37.80744 ], [ -75.99577, 37.8126 ], [ -75.99905, 37.8186 ] ] ], [ [ [ -76.0081, 37.87281 ], [ -76.00658, 37.87257 ], [ -76.0042, 37.87051 ], [ -76.00016, 37.86375 ], [ -75.99909, 37.86094 ], [ -75.99981, 37.86028 ], [ -76.0023, 37.86197 ], [ -76.00557, 37.86794 ], [ -76.00822, 37.87098 ], [ -76.0081, 37.87281 ] ] ], [ [ [ -76.02575, 37.25741 ], [ -76.02366, 37.26897 ], [ -76.02225, 37.27183 ], [ -76.02015, 37.2741 ], [ -76.013, 37.27944 ], [ -76.01442, 37.28199 ], [ -76.01621, 37.28719 ], [ -76.01632, 37.28937 ], [ -76.0111, 37.29485 ], [ -76.01181, 37.29741 ], [ -76.01953, 37.29712 ], [ -76.02138, 37.2982 ], [ -76.02155, 37.30051 ], [ -76.01865, 37.31782 ], [ -76.0149, 37.32822 ], [ -76.01216, 37.33379 ], [ -76.00064, 37.34693 ], [ -75.9985, 37.35004 ], [ -75.99553, 37.35528 ], [ -75.99184, 37.36081 ], [ -75.98882, 37.36702 ], [ -75.98712, 37.36855 ], [ -75.98483, 37.36837 ], [ -75.98403, 37.36985 ], [ -75.98615, 37.37347 ], [ -75.98615, 37.38212 ], [ -75.98377, 37.38548 ], [ -75.9815, 37.38414 ], [ -75.9802, 37.38291 ], [ -75.97711, 37.38367 ], [ -75.97437, 37.38546 ], [ -75.97544, 37.38688 ], [ -75.97509, 37.38924 ], [ -75.97057, 37.39103 ], [ -75.96831, 37.39547 ], [ -75.96843, 37.39708 ], [ -75.96748, 37.39981 ], [ -75.97295, 37.40321 ], [ -75.97473, 37.40482 ], [ -75.98034, 37.40274 ], [ -75.97997, 37.40461 ], [ -75.9831, 37.4158 ], [ -75.98162, 37.42738 ], [ -75.98011, 37.43453 ], [ -75.97963, 37.43829 ], [ -75.97649, 37.44488 ], [ -75.97255, 37.45009 ], [ -75.97046, 37.45166 ], [ -75.96997, 37.45408 ], [ -75.96843, 37.45757 ], [ -75.96446, 37.46236 ], [ -75.96088, 37.46756 ], [ -75.95845, 37.46946 ], [ -75.962, 37.47402 ], [ -75.9635, 37.47535 ], [ -75.96238, 37.4853 ], [ -75.96005, 37.49234 ], [ -75.95897, 37.50013 ], [ -75.94997, 37.52188 ], [ -75.94032, 37.53458 ], [ -75.93933, 37.53856 ], [ -75.93777, 37.54261 ], [ -75.9323, 37.55062 ], [ -75.9367, 37.55514 ], [ -75.93881, 37.55503 ], [ -75.94115, 37.55844 ], [ -75.94118, 37.56384 ], [ -75.93575, 37.57464 ], [ -75.932, 37.57956 ], [ -75.92815, 37.58199 ], [ -75.92327, 37.58425 ], [ -75.91757, 37.58585 ], [ -75.92292, 37.59216 ], [ -75.92541, 37.5963 ], [ -75.92315, 37.59979 ], [ -75.92358, 37.60176 ], [ -75.92162, 37.60511 ], [ -75.91639, 37.61007 ], [ -75.91339, 37.61519 ], [ -75.90959, 37.62267 ], [ -75.90545, 37.62615 ], [ -75.90224, 37.62539 ], [ -75.89986, 37.62031 ], [ -75.90069, 37.61551 ], [ -75.89903, 37.61203 ], [ -75.89891, 37.60977 ], [ -75.8976, 37.60779 ], [ -75.89285, 37.6044 ], [ -75.88917, 37.60468 ], [ -75.88204, 37.60722 ], [ -75.87728, 37.61165 ], [ -75.8774, 37.61287 ], [ -75.87609, 37.61494 ], [ -75.87883, 37.62022 ], [ -75.88192, 37.61975 ], [ -75.88299, 37.62059 ], [ -75.88251, 37.62248 ], [ -75.88251, 37.6268 ], [ -75.88417, 37.62953 ], [ -75.88453, 37.63198 ], [ -75.88762, 37.63236 ], [ -75.89107, 37.63462 ], [ -75.89239, 37.63748 ], [ -75.89169, 37.63968 ], [ -75.89154, 37.64261 ], [ -75.89, 37.64553 ], [ -75.8905, 37.64955 ], [ -75.8894, 37.65108 ], [ -75.88726, 37.65315 ], [ -75.88453, 37.6525 ], [ -75.87681, 37.65362 ], [ -75.87253, 37.6525 ], [ -75.87039, 37.65042 ], [ -75.86896, 37.65165 ], [ -75.86813, 37.65344 ], [ -75.87039, 37.65522 ], [ -75.87312, 37.65616 ], [ -75.87538, 37.6556 ], [ -75.87728, 37.65711 ], [ -75.87706, 37.66064 ], [ -75.86848, 37.66822 ], [ -75.8654, 37.66872 ], [ -75.86314, 37.66788 ], [ -75.86041, 37.66581 ], [ -75.85625, 37.66468 ], [ -75.85304, 37.66487 ], [ -75.85007, 37.66618 ], [ -75.84591, 37.66976 ], [ -75.8471, 37.67625 ], [ -75.85233, 37.67719 ], [ -75.85256, 37.67822 ], [ -75.85221, 37.68057 ], [ -75.85328, 37.68255 ], [ -75.85233, 37.68537 ], [ -75.84888, 37.68725 ], [ -75.84508, 37.68697 ], [ -75.84389, 37.68895 ], [ -75.84567, 37.69036 ], [ -75.8484, 37.6912 ], [ -75.84971, 37.69318 ], [ -75.84793, 37.6944 ], [ -75.84508, 37.69374 ], [ -75.84341, 37.69562 ], [ -75.84508, 37.69722 ], [ -75.84543, 37.69891 ], [ -75.84329, 37.70023 ], [ -75.84044, 37.70061 ], [ -75.83735, 37.70173 ], [ -75.8364, 37.70305 ], [ -75.83771, 37.70644 ], [ -75.83593, 37.70982 ], [ -75.83768, 37.71299 ], [ -75.83141, 37.71245 ], [ -75.82856, 37.71349 ], [ -75.82285, 37.71875 ], [ -75.82143, 37.71744 ], [ -75.81964, 37.71744 ], [ -75.81667, 37.72007 ], [ -75.81192, 37.72261 ], [ -75.80942, 37.72176 ], [ -75.80954, 37.71753 ], [ -75.80622, 37.71791 ], [ -75.80325, 37.71894 ], [ -75.80372, 37.72129 ], [ -75.80027, 37.7243 ], [ -75.79754, 37.72439 ], [ -75.79505, 37.72674 ], [ -75.796, 37.72919 ], [ -75.80075, 37.73304 ], [ -75.8036, 37.73182 ], [ -75.80717, 37.73154 ], [ -75.81061, 37.73172 ], [ -75.81263, 37.73088 ], [ -75.82594, 37.72815 ], [ -75.82963, 37.72561 ], [ -75.83077, 37.72549 ], [ -75.83198, 37.72812 ], [ -75.83144, 37.73169 ], [ -75.82968, 37.73499 ], [ -75.82689, 37.73802 ], [ -75.8225, 37.74187 ], [ -75.81216, 37.7495 ], [ -75.81026, 37.74948 ], [ -75.80847, 37.74601 ], [ -75.80396, 37.74789 ], [ -75.7954, 37.75046 ], [ -75.79267, 37.75061 ], [ -75.78732, 37.75709 ], [ -75.78708, 37.76301 ], [ -75.79029, 37.76517 ], [ -75.79326, 37.76471 ], [ -75.80063, 37.76161 ], [ -75.80304, 37.76246 ], [ -75.80051, 37.76471 ], [ -75.79992, 37.76922 ], [ -75.7992, 37.77119 ], [ -75.80111, 37.77325 ], [ -75.80194, 37.77823 ], [ -75.80431, 37.78143 ], [ -75.80859, 37.78265 ], [ -75.8118, 37.7787 ], [ -75.81365, 37.78243 ], [ -75.81454, 37.78584 ], [ -75.8164, 37.78934 ], [ -75.81382, 37.79138 ], [ -75.81231, 37.79471 ], [ -75.80871, 37.7942 ], [ -75.7998, 37.79889 ], [ -75.79837, 37.80087 ], [ -75.7934, 37.80449 ], [ -75.7846, 37.80683 ], [ -75.77061, 37.8046 ], [ -75.76438, 37.79918 ], [ -75.75725, 37.79495 ], [ -75.75452, 37.79185 ], [ -75.75238, 37.78866 ], [ -75.74418, 37.78603 ], [ -75.74074, 37.78791 ], [ -75.73788, 37.78631 ], [ -75.73586, 37.78687 ], [ -75.73337, 37.78593 ], [ -75.72849, 37.78791 ], [ -75.72826, 37.7911 ], [ -75.72683, 37.79345 ], [ -75.72766, 37.79476 ], [ -75.72588, 37.79636 ], [ -75.72445, 37.79579 ], [ -75.72362, 37.7942 ], [ -75.71887, 37.79326 ], [ -75.71815, 37.79974 ], [ -75.71911, 37.80293 ], [ -75.71792, 37.80528 ], [ -75.71982, 37.80641 ], [ -75.72243, 37.80584 ], [ -75.7241, 37.80622 ], [ -75.72279, 37.80885 ], [ -75.72006, 37.81223 ], [ -75.71958, 37.81486 ], [ -75.71994, 37.81692 ], [ -75.72315, 37.81889 ], [ -75.72322, 37.82012 ], [ -75.71946, 37.82058 ], [ -75.7178, 37.81974 ], [ -75.71613, 37.81993 ], [ -75.7159, 37.82359 ], [ -75.71705, 37.82773 ], [ -75.71415, 37.82887 ], [ -75.71103, 37.82819 ], [ -75.70639, 37.828 ], [ -75.70532, 37.82894 ], [ -75.70698, 37.83053 ], [ -75.71007, 37.8325 ], [ -75.70984, 37.83457 ], [ -75.71067, 37.83588 ], [ -75.71293, 37.83673 ], [ -75.70865, 37.83823 ], [ -75.70639, 37.84095 ], [ -75.70924, 37.84283 ], [ -75.70938, 37.84584 ], [ -75.70675, 37.84546 ], [ -75.70401, 37.84733 ], [ -75.70291, 37.84966 ], [ -75.69736, 37.84883 ], [ -75.69772, 37.84499 ], [ -75.69617, 37.84058 ], [ -75.69261, 37.83785 ], [ -75.68916, 37.83645 ], [ -75.685, 37.83607 ], [ -75.67822, 37.83748 ], [ -75.67811, 37.83973 ], [ -75.67906, 37.84123 ], [ -75.68179, 37.84236 ], [ -75.68131, 37.84405 ], [ -75.67716, 37.84818 ], [ -75.67264, 37.84696 ], [ -75.67228, 37.84865 ], [ -75.67228, 37.8509 ], [ -75.67882, 37.85381 ], [ -75.68048, 37.85578 ], [ -75.68322, 37.85719 ], [ -75.68702, 37.85784 ], [ -75.68928, 37.85953 ], [ -75.68984, 37.86182 ], [ -75.6929, 37.86779 ], [ -75.68799, 37.86946 ], [ -75.68857, 37.87143 ], [ -75.68529, 37.87334 ], [ -75.68215, 37.87332 ], [ -75.68013, 37.87529 ], [ -75.6812, 37.88008 ], [ -75.68072, 37.88214 ], [ -75.67929, 37.88289 ], [ -75.67882, 37.88561 ], [ -75.67894, 37.88833 ], [ -75.68227, 37.88908 ], [ -75.68571, 37.88908 ], [ -75.68848, 37.88712 ], [ -75.69819, 37.89189 ], [ -75.697, 37.89405 ], [ -75.69379, 37.89349 ], [ -75.68975, 37.89536 ], [ -75.68845, 37.89902 ], [ -75.69688, 37.90183 ], [ -75.69999, 37.90044 ], [ -75.70449, 37.90099 ], [ -75.70782, 37.90033 ], [ -75.72049, 37.90193 ], [ -75.7245, 37.90018 ], [ -75.7267, 37.8973 ], [ -75.72933, 37.89836 ], [ -75.73669, 37.89702 ], [ -75.73941, 37.89771 ], [ -75.74201, 37.89681 ], [ -75.7424, 37.89865 ], [ -75.74525, 37.89986 ], [ -75.74761, 37.89818 ], [ -75.75607, 37.89799 ], [ -75.75725, 37.89921 ], [ -75.7569, 37.90155 ], [ -75.75476, 37.9024 ], [ -75.75298, 37.90221 ], [ -75.75048, 37.9008 ], [ -75.74727, 37.90155 ], [ -75.74359, 37.90193 ], [ -75.74121, 37.89996 ], [ -75.73836, 37.90043 ], [ -75.73622, 37.90221 ], [ -75.73491, 37.90446 ], [ -75.73432, 37.90624 ], [ -75.73753, 37.90624 ], [ -75.74121, 37.90709 ], [ -75.74133, 37.90887 ], [ -75.74347, 37.91206 ], [ -75.74285, 37.9132 ], [ -75.73973, 37.91423 ], [ -75.73681, 37.91697 ], [ -75.72897, 37.92134 ], [ -75.72505, 37.92537 ], [ -75.71934, 37.93446 ], [ -75.71495, 37.93736 ], [ -75.71223, 37.93814 ], [ -75.70972, 37.93671 ], [ -75.70995, 37.93502 ], [ -75.71067, 37.9338 ], [ -75.70758, 37.93052 ], [ -75.70432, 37.92901 ], [ -75.70033, 37.92902 ], [ -75.69394, 37.93036 ], [ -75.6787, 37.94271 ], [ -75.67669, 37.94235 ], [ -75.67549, 37.94055 ], [ -75.67359, 37.94083 ], [ -75.66896, 37.93905 ], [ -75.66812, 37.93755 ], [ -75.66563, 37.93699 ], [ -75.66289, 37.93816 ], [ -75.66113, 37.93789 ], [ -75.66028, 37.93643 ], [ -75.65672, 37.93559 ], [ -75.65303, 37.93568 ], [ -75.65065, 37.93512 ], [ -75.64843, 37.93578 ], [ -75.64673, 37.9354 ], [ -75.64483, 37.93662 ], [ -75.64305, 37.93633 ], [ -75.63675, 37.94561 ], [ -75.63604, 37.95058 ], [ -75.63687, 37.95564 ], [ -75.63901, 37.96023 ], [ -75.64127, 37.96323 ], [ -75.64352, 37.96417 ], [ -75.64543, 37.96445 ], [ -75.64823, 37.96677 ], [ -75.64472, 37.96978 ], [ -75.64182, 37.97597 ], [ -75.63822, 37.9794 ], [ -75.63574, 37.97954 ], [ -75.63421, 37.97767 ], [ -75.63201, 37.97602 ], [ -75.63099, 37.97567 ], [ -75.62953, 37.97597 ], [ -75.62884, 37.97679 ], [ -75.62886, 37.9778 ], [ -75.63371, 37.98306 ], [ -75.63383, 37.98452 ], [ -75.63253, 37.98669 ], [ -75.63087, 37.98782 ], [ -75.62935, 37.98835 ], [ -75.62761, 37.98852 ], [ -75.62561, 37.9898 ], [ -75.62508, 37.99058 ], [ -75.62445, 37.99419 ], [ -75.3985, 38.01326 ], [ -75.27436, 38.02459 ], [ -75.25037, 38.02665 ], [ -75.24247, 38.02703 ], [ -75.24814, 38.0206 ], [ -75.25848, 38.00767 ], [ -75.29828, 37.95676 ], [ -75.30756, 37.94313 ], [ -75.32277, 37.9182 ], [ -75.33564, 37.89556 ], [ -75.34098, 37.88744 ], [ -75.34645, 37.8783 ], [ -75.35113, 37.87212 ], [ -75.35864, 37.865 ], [ -75.36968, 37.85944 ], [ -75.3816, 37.85123 ], [ -75.38479, 37.85147 ], [ -75.38684, 37.85302 ], [ -75.38906, 37.85617 ], [ -75.39037, 37.86412 ], [ -75.39412, 37.86934 ], [ -75.39457, 37.87218 ], [ -75.3887, 37.87626 ], [ -75.38411, 37.87569 ], [ -75.37316, 37.86924 ], [ -75.37019, 37.86633 ], [ -75.36639, 37.86577 ], [ -75.36249, 37.86715 ], [ -75.34992, 37.87832 ], [ -75.34872, 37.88518 ], [ -75.34576, 37.88727 ], [ -75.34616, 37.89135 ], [ -75.35131, 37.89275 ], [ -75.35499, 37.89087 ], [ -75.36722, 37.89297 ], [ -75.37613, 37.89344 ], [ -75.38148, 37.89297 ], [ -75.38303, 37.89438 ], [ -75.38635, 37.89944 ], [ -75.39289, 37.89954 ], [ -75.39966, 37.89822 ], [ -75.40371, 37.89832 ], [ -75.40644, 37.89944 ], [ -75.41167, 37.89682 ], [ -75.41642, 37.89063 ], [ -75.4315, 37.87523 ], [ -75.43941, 37.8726 ], [ -75.45356, 37.86364 ], [ -75.48927, 37.83246 ], [ -75.51221, 37.80739 ], [ -75.52088, 37.79669 ], [ -75.52682, 37.78871 ], [ -75.54061, 37.7671 ], [ -75.54429, 37.75968 ], [ -75.5519, 37.74812 ], [ -75.55808, 37.74192 ], [ -75.56295, 37.73647 ], [ -75.56758, 37.72688 ], [ -75.57602, 37.70488 ], [ -75.5805, 37.69669 ], [ -75.58513, 37.69499 ], [ -75.58935, 37.6912 ], [ -75.58838, 37.68504 ], [ -75.591, 37.67592 ], [ -75.59076, 37.66736 ], [ -75.59932, 37.63688 ], [ -75.60383, 37.62803 ], [ -75.6087, 37.62182 ], [ -75.61203, 37.61833 ], [ -75.61453, 37.6093 ], [ -75.61477, 37.59423 ], [ -75.61334, 37.58594 ], [ -75.6137, 37.58227 ], [ -75.61286, 37.57728 ], [ -75.60918, 37.57672 ], [ -75.60454, 37.57737 ], [ -75.603, 37.57719 ], [ -75.6005, 37.57389 ], [ -75.60015, 37.57135 ], [ -75.60217, 37.56711 ], [ -75.60704, 37.56343 ], [ -75.62416, 37.54152 ], [ -75.64524, 37.51564 ], [ -75.66242, 37.49067 ], [ -75.66955, 37.48436 ], [ -75.67288, 37.4837 ], [ -75.67787, 37.48737 ], [ -75.68146, 37.48882 ], [ -75.68484, 37.48735 ], [ -75.68451, 37.4827 ], [ -75.68631, 37.4786 ], [ -75.69106, 37.4736 ], [ -75.68802, 37.47015 ], [ -75.6869, 37.4654 ], [ -75.67838, 37.45978 ], [ -75.67203, 37.46083 ], [ -75.66667, 37.46281 ], [ -75.66334, 37.46112 ], [ -75.66101, 37.45484 ], [ -75.66278, 37.44638 ], [ -75.66206, 37.44342 ], [ -75.67525, 37.43172 ], [ -75.6957, 37.40472 ], [ -75.70544, 37.39028 ], [ -75.71043, 37.38206 ], [ -75.7178, 37.37205 ], [ -75.72255, 37.36865 ], [ -75.72733, 37.36035 ], [ -75.72933, 37.35467 ], [ -75.7323, 37.34447 ], [ -75.74359, 37.3285 ], [ -75.75717, 37.31404 ], [ -75.76272, 37.31017 ], [ -75.76925, 37.30308 ], [ -75.77588, 37.29866 ], [ -75.77914, 37.29859 ], [ -75.78209, 37.30156 ], [ -75.78411, 37.30232 ], [ -75.79291, 37.30166 ], [ -75.7976, 37.29611 ], [ -75.7959, 37.28982 ], [ -75.79202, 37.28198 ], [ -75.79455, 37.26235 ], [ -75.79715, 37.25437 ], [ -75.79969, 37.25091 ], [ -75.81262, 37.24842 ], [ -75.81854, 37.24421 ], [ -75.81713, 37.23978 ], [ -75.81369, 37.2366 ], [ -75.80371, 37.23863 ], [ -75.79984, 37.231 ], [ -75.80138, 37.22046 ], [ -75.8076, 37.21605 ], [ -75.82063, 37.21306 ], [ -75.82928, 37.2071 ], [ -75.82943, 37.20415 ], [ -75.82583, 37.20291 ], [ -75.82067, 37.20326 ], [ -75.81886, 37.20179 ], [ -75.81862, 37.19905 ], [ -75.81933, 37.19611 ], [ -75.82064, 37.19299 ], [ -75.83556, 37.18117 ], [ -75.83429, 37.17794 ], [ -75.83546, 37.17454 ], [ -75.84486, 37.16894 ], [ -75.85971, 37.15688 ], [ -75.87652, 37.13838 ], [ -75.89837, 37.11855 ], [ -75.90652, 37.11463 ], [ -75.91579, 37.11217 ], [ -75.92101, 37.11179 ], [ -75.92351, 37.11279 ], [ -75.92303, 37.11473 ], [ -75.92038, 37.11545 ], [ -75.91828, 37.11511 ], [ -75.91322, 37.11985 ], [ -75.91151, 37.12288 ], [ -75.92779, 37.13027 ], [ -75.93694, 37.12581 ], [ -75.9386, 37.12657 ], [ -75.94254, 37.12514 ], [ -75.94572, 37.12279 ], [ -75.95512, 37.11975 ], [ -75.96537, 37.11898 ], [ -75.9683, 37.11679 ], [ -75.97007, 37.11719 ], [ -75.96928, 37.12425 ], [ -75.97, 37.12886 ], [ -75.97651, 37.15442 ], [ -75.97818, 37.15878 ], [ -75.98166, 37.16307 ], [ -75.98716, 37.16648 ], [ -75.98638, 37.16759 ], [ -75.98829, 37.17293 ], [ -75.99865, 37.18874 ], [ -76.00679, 37.19586 ], [ -76.01032, 37.20009 ], [ -76.01306, 37.20603 ], [ -76.01347, 37.2101 ], [ -76.01216, 37.21776 ], [ -76.01276, 37.22174 ], [ -76.01054, 37.23158 ], [ -76.00907, 37.23224 ], [ -76.00979, 37.23413 ], [ -76.01181, 37.23574 ], [ -76.0149, 37.2365 ], [ -76.02368, 37.25257 ], [ -76.02575, 37.25741 ] ] ], [ [ [ -76.04653, 37.95359 ], [ -76.0414, 37.95401 ], [ -76.03012, 37.95365 ], [ -76.02171, 37.95389 ], [ -75.9939, 37.95349 ], [ -75.9966, 37.95124 ], [ -75.99769, 37.94569 ], [ -75.99981, 37.94702 ], [ -76.00313, 37.948 ], [ -76.00349, 37.95039 ], [ -76.0168, 37.94646 ], [ -76.02072, 37.94036 ], [ -76.02001, 37.93746 ], [ -76.01606, 37.9298 ], [ -76.01641, 37.92866 ], [ -76.01962, 37.92765 ], [ -76.02477, 37.92719 ], [ -76.02557, 37.92504 ], [ -76.02607, 37.92218 ], [ -76.02843, 37.9205 ], [ -76.0294, 37.92171 ], [ -76.03023, 37.92837 ], [ -76.03237, 37.93333 ], [ -76.03166, 37.93512 ], [ -76.02892, 37.93755 ], [ -76.02901, 37.93908 ], [ -76.02726, 37.94168 ], [ -76.02512, 37.94374 ], [ -76.02892, 37.95105 ], [ -76.03712, 37.9517 ], [ -76.03807, 37.95049 ], [ -76.04188, 37.94955 ], [ -76.04283, 37.94702 ], [ -76.04449, 37.95161 ], [ -76.04653, 37.95359 ] ] ], [ [ [ -77.10722, 36.56356 ], [ -77.10453, 36.5661 ], [ -77.09914, 36.57216 ], [ -77.09716, 36.57051 ], [ -77.08875, 36.56686 ], [ -77.08885, 36.56395 ], [ -77.08348, 36.55786 ], [ -77.08398, 36.55278 ], [ -77.08281, 36.54983 ], [ -77.07714, 36.54832 ], [ -77.07189, 36.54588 ], [ -77.06738, 36.55011 ], [ -77.05976, 36.55507 ], [ -77.05801, 36.55719 ], [ -77.05132, 36.55971 ], [ -77.04692, 36.55993 ], [ -77.04619, 36.56273 ], [ -77.04491, 36.56452 ], [ -77.04082, 36.5678 ], [ -77.03951, 36.56921 ], [ -77.03843, 36.57179 ], [ -77.04068, 36.57253 ], [ -77.04255, 36.57223 ], [ -77.047, 36.56937 ], [ -77.04848, 36.56983 ], [ -77.0495, 36.56887 ], [ -77.05041, 36.57084 ], [ -77.0514, 36.56976 ], [ -77.05333, 36.56972 ], [ -77.05418, 36.56802 ], [ -77.05901, 36.56821 ], [ -77.06145, 36.56917 ], [ -77.06429, 36.56885 ], [ -77.06653, 36.56997 ], [ -77.06902, 36.57299 ], [ -77.07164, 36.57702 ], [ -77.07442, 36.57954 ], [ -77.07655, 36.58089 ], [ -77.07643, 36.58281 ], [ -77.07712, 36.5856 ], [ -77.0801, 36.58794 ], [ -77.08092, 36.58993 ], [ -77.08367, 36.59041 ], [ -77.08643, 36.59027 ], [ -77.08921, 36.59176 ], [ -77.09006, 36.59315 ], [ -77.09222, 36.59427 ], [ -77.09149, 36.59736 ], [ -77.09533, 36.60073 ], [ -77.09935, 36.60223 ], [ -77.10006, 36.60428 ], [ -77.09945, 36.60661 ], [ -77.09741, 36.6087 ], [ -77.09466, 36.60802 ], [ -77.08884, 36.60296 ], [ -77.07695, 36.59529 ], [ -77.07663, 36.60389 ], [ -77.07761, 36.60527 ], [ -77.07717, 36.60809 ], [ -77.07854, 36.61257 ], [ -77.07295, 36.61211 ], [ -77.07105, 36.61069 ], [ -77.07042, 36.6116 ], [ -77.07, 36.61513 ], [ -77.06689, 36.61543 ], [ -77.05047, 36.61559 ], [ -77.04574, 36.61652 ], [ -77.04558, 36.61856 ], [ -77.04678, 36.62188 ], [ -77.04666, 36.62651 ], [ -77.04951, 36.63256 ], [ -77.05115, 36.63535 ], [ -77.05289, 36.64142 ], [ -77.05665, 36.64117 ], [ -77.08269, 36.63501 ], [ -77.08102, 36.63963 ], [ -77.07931, 36.64216 ], [ -77.07698, 36.64911 ], [ -77.0711, 36.65692 ], [ -77.07455, 36.65886 ], [ -77.07679, 36.6594 ], [ -77.07842, 36.66559 ], [ -77.07962, 36.66774 ], [ -77.08198, 36.67013 ], [ -77.08274, 36.6724 ], [ -77.08099, 36.67651 ], [ -77.08007, 36.68083 ], [ -77.08408, 36.68384 ], [ -77.08736, 36.68684 ], [ -77.09116, 36.69179 ], [ -77.09115, 36.69387 ], [ -77.09309, 36.69698 ], [ -77.09341, 36.69884 ], [ -77.09551, 36.6995 ], [ -77.09846, 36.69947 ], [ -77.10174, 36.69814 ], [ -77.10227, 36.6988 ], [ -77.09956, 36.70068 ], [ -77.09318, 36.69921 ], [ -77.07886, 36.6947 ], [ -77.07594, 36.69406 ], [ -77.06719, 36.69367 ], [ -77.06933, 36.69619 ], [ -77.07453, 36.69936 ], [ -77.0766, 36.69984 ], [ -77.07712, 36.70077 ], [ -77.07521, 36.70237 ], [ -77.07663, 36.70588 ], [ -77.0764, 36.70693 ], [ -77.07023, 36.7063 ], [ -77.06881, 36.70728 ], [ -77.06796, 36.71345 ], [ -77.06913, 36.71532 ], [ -77.07191, 36.71492 ], [ -77.07561, 36.71829 ], [ -77.08021, 36.7195 ], [ -77.08106, 36.72127 ], [ -77.08112, 36.72287 ], [ -77.07703, 36.72617 ], [ -77.07469, 36.72508 ], [ -77.07164, 36.72595 ], [ -77.07202, 36.72699 ], [ -77.07027, 36.72847 ], [ -77.06626, 36.731 ], [ -77.06379, 36.73381 ], [ -77.06482, 36.73628 ], [ -77.06558, 36.73933 ], [ -77.06239, 36.74922 ], [ -77.05922, 36.7518 ], [ -77.05397, 36.75797 ], [ -77.05177, 36.76138 ], [ -77.05107, 36.76454 ], [ -77.04885, 36.76966 ], [ -77.04592, 36.77432 ], [ -77.04295, 36.77402 ], [ -77.02049, 36.77446 ], [ -77.01639, 36.77847 ], [ -77.01502, 36.7809 ], [ -77.01338, 36.78149 ], [ -77.00849, 36.78154 ], [ -77.01217, 36.78929 ], [ -77.01144, 36.79282 ], [ -77.0115, 36.79512 ], [ -77.00768, 36.79452 ], [ -77.00307, 36.79228 ], [ -77.00032, 36.79145 ], [ -76.98518, 36.78944 ], [ -76.97866, 36.78688 ], [ -76.97077, 36.78513 ], [ -76.9663, 36.78256 ], [ -76.96462, 36.78121 ], [ -76.96358, 36.78597 ], [ -76.96395, 36.79016 ], [ -76.96361, 36.79367 ], [ -76.96418, 36.79621 ], [ -76.96365, 36.80373 ], [ -76.95758, 36.80364 ], [ -76.95556, 36.80324 ], [ -76.95237, 36.80388 ], [ -76.95268, 36.80618 ], [ -76.95065, 36.81154 ], [ -76.95012, 36.81846 ], [ -76.94887, 36.82111 ], [ -76.94774, 36.82535 ], [ -76.94558, 36.83133 ], [ -76.94976, 36.83123 ], [ -76.95892, 36.83474 ], [ -76.96236, 36.83856 ], [ -76.96337, 36.84038 ], [ -76.97144, 36.83312 ], [ -76.97266, 36.83536 ], [ -76.97657, 36.83876 ], [ -76.9784, 36.84228 ], [ -76.97842, 36.84353 ], [ -76.97987, 36.84409 ], [ -76.98356, 36.8464 ], [ -76.98176, 36.84938 ], [ -76.98086, 36.85352 ], [ -76.97753, 36.85763 ], [ -76.98611, 36.86009 ], [ -76.99778, 36.85762 ], [ -77.00051, 36.85556 ], [ -77.004, 36.85454 ], [ -77.0117, 36.85565 ], [ -77.01454, 36.85895 ], [ -77.01647, 36.86349 ], [ -77.01663, 36.86653 ], [ -77.01467, 36.87097 ], [ -77.01313, 36.87327 ], [ -77.01053, 36.88136 ], [ -77.00962, 36.88284 ], [ -77.00961, 36.8856 ], [ -77.00663, 36.88572 ], [ -77.00292, 36.88753 ], [ -76.99434, 36.8858 ], [ -76.98324, 36.88535 ], [ -76.9809, 36.88402 ], [ -76.97931, 36.88392 ], [ -76.97646, 36.88458 ], [ -76.97465, 36.88441 ], [ -76.97253, 36.88294 ], [ -76.97022, 36.88555 ], [ -76.97007, 36.88847 ], [ -76.97294, 36.89272 ], [ -76.97593, 36.89627 ], [ -76.97934, 36.89885 ], [ -76.9801, 36.90096 ], [ -76.9818, 36.9038 ], [ -76.98525, 36.90612 ], [ -76.98891, 36.91262 ], [ -76.98888, 36.91445 ], [ -76.99615, 36.91507 ], [ -76.9993, 36.91613 ], [ -77.00003, 36.91831 ], [ -77.0021, 36.92075 ], [ -76.98259, 36.92961 ], [ -76.96481, 36.93856 ], [ -76.96119, 36.94066 ], [ -76.83758, 37.00224 ], [ -76.77159, 37.03091 ], [ -76.71178, 37.05538 ], [ -76.7104, 37.05548 ], [ -76.70954, 37.05645 ], [ -76.70623, 37.05575 ], [ -76.70413, 37.05688 ], [ -76.70288, 37.05677 ], [ -76.69931, 37.05842 ], [ -76.69763, 37.0598 ], [ -76.69797, 37.06127 ], [ -76.69997, 37.06285 ], [ -76.70099, 37.06432 ], [ -76.70118, 37.0662 ], [ -76.69616, 37.07256 ], [ -76.69446, 37.07288 ], [ -76.69339, 37.07356 ], [ -76.69332, 37.07484 ], [ -76.69501, 37.07666 ], [ -76.69341, 37.08045 ], [ -76.69376, 37.08216 ], [ -76.69565, 37.08328 ], [ -76.69373, 37.08463 ], [ -76.69109, 37.08546 ], [ -76.68977, 37.08512 ], [ -76.68778, 37.08602 ], [ -76.68787, 37.08732 ], [ -76.68448, 37.08816 ], [ -76.68382, 37.09084 ], [ -76.68384, 37.09263 ], [ -76.68169, 37.09378 ], [ -76.68414, 37.09701 ], [ -76.68208, 37.09866 ], [ -76.68297, 37.10197 ], [ -76.68419, 37.10389 ], [ -76.68262, 37.10503 ], [ -76.68141, 37.10674 ], [ -76.67945, 37.10591 ], [ -76.67901, 37.1044 ], [ -76.67797, 37.10418 ], [ -76.67517, 37.10864 ], [ -76.67779, 37.10981 ], [ -76.67936, 37.11143 ], [ -76.6791, 37.11263 ], [ -76.67713, 37.11392 ], [ -76.67861, 37.11543 ], [ -76.67997, 37.11768 ], [ -76.67979, 37.12112 ], [ -76.68029, 37.12629 ], [ -76.67981, 37.12792 ], [ -76.67822, 37.1304 ], [ -76.67582, 37.13215 ], [ -76.67265, 37.13277 ], [ -76.67261, 37.13388 ], [ -76.67465, 37.13504 ], [ -76.67574, 37.1365 ], [ -76.67542, 37.13904 ], [ -76.67379, 37.14098 ], [ -76.67159, 37.14206 ], [ -76.66709, 37.14045 ], [ -76.66537, 37.13473 ], [ -76.66436, 37.13287 ], [ -76.66412, 37.12956 ], [ -76.66507, 37.12539 ], [ -76.66448, 37.12188 ], [ -76.66293, 37.11828 ], [ -76.65949, 37.11478 ], [ -76.65689, 37.10984 ], [ -76.65717, 37.10689 ], [ -76.65842, 37.10331 ], [ -76.65711, 37.0998 ], [ -76.65811, 37.09679 ], [ -76.66765, 37.07623 ], [ -76.66982, 37.06426 ], [ -76.66994, 37.05989 ], [ -76.66835, 37.05506 ], [ -76.66626, 37.05021 ], [ -76.66256, 37.04575 ], [ -76.65913, 37.04243 ], [ -76.654, 37.03917 ], [ -76.64601, 37.03623 ], [ -76.63845, 37.03541 ], [ -76.61212, 37.0356 ], [ -76.60356, 37.03331 ], [ -76.60007, 37.03304 ], [ -76.58649, 37.02874 ], [ -76.58099, 37.02494 ], [ -76.57796, 37.02194 ], [ -76.57725, 37.02033 ], [ -76.57606, 37.01539 ], [ -76.57749, 37.01302 ], [ -76.57998, 37.01198 ], [ -76.58485, 37.00614 ], [ -76.58423, 37.00361 ], [ -76.5802, 36.99704 ], [ -76.57815, 36.99626 ], [ -76.57493, 36.99763 ], [ -76.57087, 36.99817 ], [ -76.5699, 37.00128 ], [ -76.56788, 37.00318 ], [ -76.56292, 37.0038 ], [ -76.55693, 37.00201 ], [ -76.55125, 36.99895 ], [ -76.5454, 36.99357 ], [ -76.5435, 36.99081 ], [ -76.54065, 36.98825 ], [ -76.53411, 36.98521 ], [ -76.52485, 36.98383 ], [ -76.52297, 36.98109 ], [ -76.52414, 36.97832 ], [ -76.52101, 36.97319 ], [ -76.51759, 36.97183 ], [ -76.51336, 36.96806 ], [ -76.50035, 36.96521 ], [ -76.49596, 36.96499 ], [ -76.49299, 36.963 ], [ -76.48919, 36.95967 ], [ -76.48646, 36.95654 ], [ -76.48756, 36.95237 ], [ -76.48553, 36.93858 ], [ -76.48705, 36.9385 ], [ -76.48943, 36.94049 ], [ -76.49525, 36.94144 ], [ -76.49917, 36.93755 ], [ -76.49988, 36.93365 ], [ -76.49976, 36.92938 ], [ -76.49881, 36.92862 ], [ -76.49774, 36.92681 ], [ -76.49691, 36.92415 ], [ -76.4937, 36.92111 ], [ -76.48931, 36.92177 ], [ -76.48241, 36.91736 ], [ -76.48016, 36.91427 ], [ -76.48158, 36.91018 ], [ -76.48087, 36.90857 ], [ -76.48213, 36.90111 ], [ -76.48337, 36.89624 ], [ -76.4855, 36.89441 ], [ -76.48943, 36.89422 ], [ -76.49311, 36.89184 ], [ -76.49156, 36.8811 ], [ -76.48717, 36.88063 ], [ -76.48337, 36.87815 ], [ -76.48146, 36.87834 ], [ -76.47826, 36.88148 ], [ -76.47362, 36.88262 ], [ -76.45469, 36.88408 ], [ -76.45329, 36.88703 ], [ -76.45394, 36.89274 ], [ -76.44741, 36.90322 ], [ -76.4416, 36.90612 ], [ -76.43122, 36.90453 ], [ -76.40751, 36.89744 ], [ -76.40691, 36.89751 ], [ -76.40439, 36.89452 ], [ -76.40456, 36.89149 ], [ -76.4073, 36.89094 ], [ -76.40569, 36.88711 ], [ -76.40576, 36.88584 ], [ -76.40414, 36.88504 ], [ -76.40523, 36.88319 ], [ -76.40495, 36.88154 ], [ -76.4071, 36.87795 ], [ -76.41107, 36.87615 ], [ -76.41343, 36.87426 ], [ -76.42197, 36.86485 ], [ -76.44107, 36.84255 ], [ -76.44067, 36.84155 ], [ -76.45069, 36.82671 ], [ -76.45747, 36.81484 ], [ -76.46178, 36.78257 ], [ -76.4585, 36.78192 ], [ -76.45171, 36.78404 ], [ -76.45056, 36.78467 ], [ -76.45015, 36.78677 ], [ -76.44516, 36.78743 ], [ -76.44367, 36.78521 ], [ -76.43887, 36.78086 ], [ -76.4382, 36.77882 ], [ -76.43231, 36.78067 ], [ -76.42785, 36.78305 ], [ -76.42422, 36.78634 ], [ -76.42235, 36.78752 ], [ -76.41795, 36.78827 ], [ -76.41363, 36.78752 ], [ -76.41341, 36.78595 ], [ -76.41282, 36.7859 ], [ -76.41292, 36.78547 ], [ -76.40693, 36.78533 ], [ -76.39984, 36.78742 ], [ -76.39701, 36.78625 ], [ -76.39535, 36.7832 ], [ -76.39446, 36.78334 ], [ -76.39171, 36.78084 ], [ -76.38677, 36.77883 ], [ -76.37137, 36.7759 ], [ -76.36684, 36.77399 ], [ -76.36453, 36.77201 ], [ -76.33965, 36.77244 ], [ -76.33975, 36.77047 ], [ -76.34432, 36.77007 ], [ -76.34419, 36.76908 ], [ -76.34012, 36.76913 ], [ -76.34002, 36.76819 ], [ -76.34429, 36.76747 ], [ -76.34393, 36.76371 ], [ -76.34485, 36.75852 ], [ -76.32209, 36.75957 ], [ -76.29109, 36.75766 ], [ -76.2919, 36.75937 ], [ -76.29143, 36.76245 ], [ -76.28867, 36.76288 ], [ -76.28843, 36.76136 ], [ -76.28517, 36.76095 ], [ -76.28491, 36.76177 ], [ -76.28264, 36.7612 ], [ -76.283, 36.76035 ], [ -76.28821, 36.75983 ], [ -76.28699, 36.75304 ], [ -76.28612, 36.75277 ], [ -76.28241, 36.75414 ], [ -76.28355, 36.75272 ], [ -76.28017, 36.75097 ], [ -76.27164, 36.75417 ], [ -76.2695, 36.74951 ], [ -76.26683, 36.74801 ], [ -76.26368, 36.74703 ], [ -76.25806, 36.7441 ], [ -76.25712, 36.74306 ], [ -76.25621, 36.74431 ], [ -76.25343, 36.74256 ], [ -76.25312, 36.74336 ], [ -76.24928, 36.7484 ], [ -76.24589, 36.74929 ], [ -76.24923, 36.75771 ], [ -76.2447, 36.76026 ], [ -76.24314, 36.75905 ], [ -76.24216, 36.75999 ], [ -76.22583, 36.74526 ], [ -76.22551, 36.75084 ], [ -76.22456, 36.75134 ], [ -76.22488, 36.75309 ], [ -76.2197, 36.75317 ], [ -76.21873, 36.75482 ], [ -76.22042, 36.75518 ], [ -76.22246, 36.75726 ], [ -76.22406, 36.75747 ], [ -76.22395, 36.75899 ], [ -76.22527, 36.76287 ], [ -76.21533, 36.76559 ], [ -76.2142, 36.76695 ], [ -76.21963, 36.76899 ], [ -76.21806, 36.77351 ], [ -76.21552, 36.77401 ], [ -76.21493, 36.77535 ], [ -76.21564, 36.77948 ], [ -76.21538, 36.77931 ], [ -76.21621, 36.78063 ], [ -76.21414, 36.77895 ], [ -76.20645, 36.77705 ], [ -76.21885, 36.8097 ], [ -76.2206, 36.81417 ], [ -76.22157, 36.81566 ], [ -76.22806, 36.83287 ], [ -76.22516, 36.83705 ], [ -76.22606, 36.83995 ], [ -76.21876, 36.83515 ], [ -76.21726, 36.83355 ], [ -76.21396, 36.83235 ], [ -76.21041, 36.83291 ], [ -76.20686, 36.83265 ], [ -76.20456, 36.83049 ], [ -76.20139, 36.82941 ], [ -76.20016, 36.82795 ], [ -76.19726, 36.82815 ], [ -76.19543, 36.82983 ], [ -76.19474, 36.82997 ], [ -76.19495, 36.83312 ], [ -76.19145, 36.83944 ], [ -76.18953, 36.841 ], [ -76.1865, 36.8426 ], [ -76.17947, 36.84968 ], [ -76.17691, 36.85697 ], [ -76.18516, 36.86095 ], [ -76.18696, 36.86255 ], [ -76.18976, 36.86245 ], [ -76.19326, 36.86525 ], [ -76.19146, 36.86705 ], [ -76.19036, 36.86935 ], [ -76.18985, 36.87364 ], [ -76.18844, 36.87411 ], [ -76.19312, 36.87743 ], [ -76.19846, 36.88664 ], [ -76.19396, 36.89385 ], [ -76.19256, 36.89505 ], [ -76.18201, 36.90667 ], [ -76.18311, 36.90719 ], [ -76.18957, 36.91235 ], [ -76.19253, 36.91804 ], [ -76.18915, 36.91898 ], [ -76.18751, 36.92291 ], [ -76.18342, 36.9226 ], [ -76.17677, 36.92103 ], [ -76.17633, 36.92201 ], [ -76.17709, 36.93007 ], [ -76.17546, 36.93015 ], [ -76.16596, 36.92782 ], [ -76.13956, 36.92305 ], [ -76.12367, 36.91735 ], [ -76.09345, 36.908 ], [ -76.09048, 36.90781 ], [ -76.0862, 36.91094 ], [ -76.08262, 36.91218 ], [ -76.07058, 36.91427 ], [ -76.05815, 36.91695 ], [ -76.05057, 36.92227 ], [ -76.04159, 36.92988 ], [ -76.03833, 36.93123 ], [ -76.03345, 36.93195 ], [ -76.02665, 36.93215 ], [ -76.01375, 36.93075 ], [ -76.00755, 36.92905 ], [ -75.99625, 36.92205 ], [ -75.99232, 36.91598 ], [ -75.98997, 36.90535 ], [ -75.97215, 36.84227 ], [ -75.96545, 36.81245 ], [ -75.94955, 36.76115 ], [ -75.92175, 36.69205 ], [ -75.91309, 36.67322 ], [ -75.90565, 36.66003 ], [ -75.89095, 36.63075 ], [ -75.87414, 36.58385 ], [ -75.86765, 36.55041 ], [ -75.90475, 36.55065 ], [ -76.31321, 36.55055 ], [ -76.46527, 36.55095 ], [ -76.54169, 36.55031 ], [ -76.5755, 36.55074 ], [ -76.73833, 36.55098 ], [ -76.74968, 36.55038 ], [ -76.80708, 36.55061 ], [ -76.9159, 36.55209 ], [ -76.91699, 36.55074 ], [ -76.91732, 36.54605 ], [ -76.91605, 36.54382 ], [ -77.10303, 36.54445 ], [ -77.10262, 36.55011 ], [ -77.0993, 36.55332 ], [ -77.0994, 36.55482 ], [ -77.0984, 36.55593 ], [ -77.09839, 36.55817 ], [ -77.10241, 36.56041 ], [ -77.10519, 36.56287 ], [ -77.10722, 36.56356 ] ] ] ] } },
{ "type": "Feature", "properties": { "id": "VA-03", "state": "VA", "number": "03", "metro": false, "business_count": 0, "has_data": false }, "geometry": { "type": "MultiPolygon", "coordinates": [ [ [ [ -76.30528, 36.98514 ], [ -76.30259, 36.98716 ], [ -76.30128, 36.9873 ], [ -76.29986, 36.98692 ], [ -76.30033, 36.98313 ], [ -76.30268, 36.98181 ], [ -76.30528, 36.98514 ] ] ], [ [ [ -76.32036, 37.00293 ], [ -76.31921, 37.0033 ], [ -76.31771, 37.00192 ], [ -76.31656, 37.00011 ], [ -76.31707, 36.99907 ], [ -76.31864, 36.9992 ], [ -76.32065, 37.00169 ], [ -76.32036, 37.00293 ] ] ], [ [ [ -76.46178, 36.78257 ], [ -76.45747, 36.81484 ], [ -76.45069, 36.82671 ], [ -76.44067, 36.84155 ], [ -76.44107, 36.84255 ], [ -76.42197, 36.86485 ], [ -76.41343, 36.87426 ], [ -76.41107, 36.87615 ], [ -76.4071, 36.87795 ], [ -76.40495, 36.88154 ], [ -76.40523, 36.88319 ], [ -76.40414, 36.88504 ], [ -76.40576, 36.88584 ], [ -76.40569, 36.88711 ], [ -76.4073, 36.89094 ], [ -76.40456, 36.89149 ], [ -76.40439, 36.89452 ], [ -76.40691, 36.89751 ], [ -76.40379, 36.89784 ], [ -76.39471, 36.89669 ], [ -76.39067, 36.89574 ], [ -76.38829, 36.89716 ], [ -76.38757, 36.89955 ], [ -76.38587, 36.92325 ], [ -76.38413, 36.92444 ], [ -76.35644, 36.92406 ], [ -76.35453, 36.92276 ], [ -76.35033, 36.89531 ], [ -76.3486, 36.8942 ], [ -76.34022, 36.89367 ], [ -76.33863, 36.88898 ], [ -76.34008, 36.88441 ], [ -76.34442, 36.8837 ], [ -76.35127, 36.87995 ], [ -76.34761, 36.86725 ], [ -76.34313, 36.86473 ], [ -76.34108, 36.86105 ], [ -76.3418, 36.86012 ], [ -76.35724, 36.8568 ], [ -76.3588, 36.85505 ], [ -76.35839, 36.85248 ], [ -76.36702, 36.84211 ], [ -76.3718, 36.83969 ], [ -76.37402, 36.83656 ], [ -76.37052, 36.83427 ], [ -76.36422, 36.83443 ], [ -76.35825, 36.83619 ], [ -76.35892, 36.84087 ], [ -76.34629, 36.85209 ], [ -76.34184, 36.85193 ], [ -76.33976, 36.85455 ], [ -76.3185, 36.85779 ], [ -76.31225, 36.85231 ], [ -76.31264, 36.84992 ], [ -76.30734, 36.84749 ], [ -76.30283, 36.84834 ], [ -76.30163, 36.8503 ], [ -76.30186, 36.85301 ], [ -76.3069, 36.85581 ], [ -76.30781, 36.86059 ], [ -76.32703, 36.87364 ], [ -76.32789, 36.87606 ], [ -76.32169, 36.88518 ], [ -76.31768, 36.88495 ], [ -76.31566, 36.88818 ], [ -76.31414, 36.90249 ], [ -76.31137, 36.90414 ], [ -76.30921, 36.90261 ], [ -76.30676, 36.9026 ], [ -76.30221, 36.90342 ], [ -76.29405, 36.8992 ], [ -76.28961, 36.89951 ], [ -76.28749, 36.90144 ], [ -76.28794, 36.90342 ], [ -76.30285, 36.90971 ], [ -76.30498, 36.90841 ], [ -76.31785, 36.91151 ], [ -76.32084, 36.91066 ], [ -76.32293, 36.90391 ], [ -76.32602, 36.90372 ], [ -76.32783, 36.91473 ], [ -76.32979, 36.93195 ], [ -76.33021, 36.94206 ], [ -76.32567, 36.96319 ], [ -76.32139, 36.96233 ], [ -76.32025, 36.95776 ], [ -76.31587, 36.95535 ], [ -76.30047, 36.95635 ], [ -76.29846, 36.96554 ], [ -76.29615, 36.969 ], [ -76.27994, 36.96837 ], [ -76.2772, 36.96786 ], [ -76.26787, 36.96449 ], [ -76.25879, 36.95974 ], [ -76.2489, 36.95414 ], [ -76.23496, 36.94515 ], [ -76.22856, 36.94195 ], [ -76.22166, 36.93955 ], [ -76.20576, 36.93515 ], [ -76.18996, 36.93145 ], [ -76.18072, 36.92991 ], [ -76.17709, 36.93007 ], [ -76.17633, 36.92201 ], [ -76.17677, 36.92103 ], [ -76.18342, 36.9226 ], [ -76.18751, 36.92291 ], [ -76.18915, 36.91898 ], [ -76.19253, 36.91804 ], [ -76.18957, 36.91235 ], [ -76.18311, 36.90719 ], [ -76.18201, 36.90667 ], [ -76.19256, 36.89505 ], [ -76.19396, 36.89385 ], [ -76.19846, 36.88664 ], [ -76.19312, 36.87743 ], [ -76.18844, 36.87411 ], [ -76.18985, 36.87364 ], [ -76.19036, 36.86935 ], [ -76.19146, 36.86705 ], [ -76.19326, 36.86525 ], [ -76.18976, 36.86245 ], [ -76.18696, 36.86255 ], [ -76.18516, 36.86095 ], [ -76.17691, 36.85697 ], [ -76.17947, 36.84968 ], [ -76.1865, 36.8426 ], [ -76.18953, 36.841 ], [ -76.19145, 36.83944 ], [ -76.19495, 36.83312 ], [ -76.19474, 36.82997 ], [ -76.19543, 36.82983 ], [ -76.19726, 36.82815 ], [ -76.20016, 36.82795 ], [ -76.20139, 36.82941 ], [ -76.20456, 36.83049 ], [ -76.20686, 36.83265 ], [ -76.21041, 36.83291 ], [ -76.21396, 36.83235 ], [ -76.21726, 36.83355 ], [ -76.21876, 36.83515 ], [ -76.22606, 36.83995 ], [ -76.22516, 36.83705 ], [ -76.22806, 36.83287 ], [ -76.22157, 36.81566 ], [ -76.2206, 36.81417 ], [ -76.21885, 36.8097 ], [ -76.20645, 36.77705 ], [ -76.21414, 36.77895 ], [ -76.21621, 36.78063 ], [ -76.21538, 36.77931 ], [ -76.21564, 36.77948 ], [ -76.21493, 36.77535 ], [ -76.21552, 36.77401 ], [ -76.21806, 36.77351 ], [ -76.21963, 36.76899 ], [ -76.2142, 36.76695 ], [ -76.21533, 36.76559 ], [ -76.22527, 36.76287 ], [ -76.22395, 36.75899 ], [ -76.22406, 36.75747 ], [ -76.22246, 36.75726 ], [ -76.22042, 36.75518 ], [ -76.21873, 36.75482 ], [ -76.2197, 36.75317 ], [ -76.22488, 36.75309 ], [ -76.22456, 36.75134 ], [ -76.22551, 36.75084 ], [ -76.22583, 36.74526 ], [ -76.24216, 36.75999 ], [ -76.24314, 36.75905 ], [ -76.2447, 36.76026 ], [ -76.24923, 36.75771 ], [ -76.24589, 36.74929 ], [ -76.24928, 36.7484 ], [ -76.25312, 36.74336 ], [ -76.25343, 36.74256 ], [ -76.25621, 36.74431 ], [ -76.25712, 36.74306 ], [ -76.25806, 36.7441 ], [ -76.26368, 36.74703 ], [ -76.26683, 36.74801 ], [ -76.2695, 36.74951 ], [ -76.27164, 36.75417 ], [ -76.28017, 36.75097 ], [ -76.28355, 36.75272 ], [ -76.28241, 36.75414 ], [ -76.28612, 36.75277 ], [ -76.28699, 36.75304 ], [ -76.28821, 36.75983 ], [ -76.283, 36.76035 ], [ -76.28264, 36.7612 ], [ -76.28491, 36.76177 ], [ -76.28517, 36.76095 ], [ -76.28843, 36.76136 ], [ -76.28867, 36.76288 ], [ -76.29143, 36.76245 ], [ -76.2919, 36.75937 ], [ -76.29109, 36.75766 ], [ -76.32209, 36.75957 ], [ -76.34485, 36.75852 ], [ -76.34393, 36.76371 ], [ -76.34429, 36.76747 ], [ -76.34002, 36.76819 ], [ -76.34012, 36.76913 ], [ -76.34419, 36.76908 ], [ -76.34432, 36.77007 ], [ -76.33975, 36.77047 ], [ -76.33965, 36.77244 ], [ -76.36453, 36.77201 ], [ -76.36684, 36.77399 ], [ -76.37137, 36.7759 ], [ -76.38677, 36.77883 ], [ -76.39171, 36.78084 ], [ -76.39446, 36.78334 ], [ -76.39535, 36.7832 ], [ -76.39701, 36.78625 ], [ -76.39984, 36.78742 ], [ -76.40693, 36.78533 ], [ -76.41292, 36.78547 ], [ -76.41282, 36.7859 ], [ -76.41341, 36.78595 ], [ -76.41363, 36.78752 ], [ -76.41795, 36.78827 ], [ -76.42235, 36.78752 ], [ -76.42422, 36.78634 ], [ -76.42785, 36.78305 ], [ -76.43231, 36.78067 ], [ -76.4382, 36.77882 ], [ -76.43887, 36.78086 ], [ -76.44367, 36.78521 ], [ -76.44516, 36.78743 ], [ -76.45015, 36.78677 ], [ -76.45056, 36.78467 ], [ -76.45171, 36.78404 ], [ -76.4585, 36.78192 ], [ -76.46178, 36.78257 ] ] ], [ [ [ -76.62562, 37.12904 ], [ -76.62349, 37.13124 ], [ -76.62336, 37.13278 ], [ -76.62134, 37.13581 ], [ -76.62358, 37.13822 ], [ -76.62225, 37.14215 ], [ -76.6167, 37.14377 ], [ -76.60437, 37.16006 ], [ -76.60744, 37.16884 ], [ -76.60478, 37.17064 ], [ -76.60136, 37.17504 ], [ -76.6007, 37.17521 ], [ -76.59788, 37.17825 ], [ -76.5954, 37.17842 ], [ -76.5903, 37.18151 ], [ -76.58699, 37.18021 ], [ -76.58435, 37.18106 ], [ -76.58457, 37.18258 ], [ -76.58305, 37.18205 ], [ -76.58122, 37.18251 ], [ -76.58107, 37.18527 ], [ -76.57797, 37.18707 ], [ -76.57991, 37.18809 ], [ -76.57827, 37.18885 ], [ -76.57799, 37.19048 ], [ -76.58017, 37.19074 ], [ -76.57998, 37.19266 ], [ -76.58318, 37.19297 ], [ -76.58217, 37.19488 ], [ -76.58338, 37.19514 ], [ -76.58547, 37.20082 ], [ -76.58955, 37.2045 ], [ -76.59128, 37.20717 ], [ -76.59186, 37.20978 ], [ -76.5913, 37.21321 ], [ -76.58313, 37.21299 ], [ -76.57675, 37.21321 ], [ -76.57518, 37.21299 ], [ -76.57467, 37.21574 ], [ -76.57089, 37.21534 ], [ -76.57048, 37.21721 ], [ -76.56743, 37.21769 ], [ -76.56519, 37.22054 ], [ -76.52657, 37.17707 ], [ -76.52499, 37.17639 ], [ -76.51719, 37.17875 ], [ -76.51683, 37.17864 ], [ -76.51485, 37.17606 ], [ -76.5151, 37.17318 ], [ -76.50445, 37.15851 ], [ -76.50562, 37.15721 ], [ -76.50449, 37.15621 ], [ -76.50614, 37.15409 ], [ -76.4591, 37.10097 ], [ -76.45391, 37.09824 ], [ -76.45147, 37.09844 ], [ -76.44959, 37.09659 ], [ -76.4448, 37.09467 ], [ -76.44156, 37.09464 ], [ -76.43937, 37.09504 ], [ -76.43775, 37.09405 ], [ -76.43706, 37.09398 ], [ -76.43463, 37.09491 ], [ -76.43247, 37.09495 ], [ -76.42966, 37.09593 ], [ -76.42545, 37.0923 ], [ -76.42374, 37.09178 ], [ -76.41872, 37.09213 ], [ -76.41675, 37.09329 ], [ -76.41285, 37.09354 ], [ -76.41217, 37.09295 ], [ -76.40961, 37.0919 ], [ -76.40798, 37.09212 ], [ -76.40672, 37.09273 ], [ -76.40383, 37.09491 ], [ -76.40029, 37.09585 ], [ -76.39957, 37.09693 ], [ -76.39835, 37.09667 ], [ -76.39739, 37.09815 ], [ -76.3997, 37.09796 ], [ -76.39806, 37.09914 ], [ -76.39937, 37.10023 ], [ -76.39665, 37.10009 ], [ -76.39878, 37.10209 ], [ -76.39782, 37.10387 ], [ -76.39911, 37.10318 ], [ -76.40137, 37.10297 ], [ -76.40201, 37.10405 ], [ -76.40118, 37.10556 ], [ -76.39782, 37.10744 ], [ -76.3958, 37.10717 ], [ -76.39499, 37.10626 ], [ -76.3934, 37.10832 ], [ -76.39054, 37.10706 ], [ -76.38717, 37.10652 ], [ -76.38683, 37.10516 ], [ -76.38518, 37.10512 ], [ -76.38437, 37.1054 ], [ -76.38426, 37.10738 ], [ -76.38693, 37.10794 ], [ -76.38773, 37.10918 ], [ -76.38648, 37.1101 ], [ -76.38435, 37.11026 ], [ -76.38345, 37.11198 ], [ -76.38176, 37.11214 ], [ -76.37621, 37.10833 ], [ -76.36747, 37.11304 ], [ -76.35097, 37.10674 ], [ -76.34467, 37.09684 ], [ -76.31736, 37.10304 ], [ -76.31174, 37.102 ], [ -76.30156, 37.10324 ], [ -76.29746, 37.10714 ], [ -76.29602, 37.10976 ], [ -76.29488, 37.1089 ], [ -76.29191, 37.10852 ], [ -76.28538, 37.10227 ], [ -76.28348, 37.10264 ], [ -76.2799, 37.10123 ], [ -76.27446, 37.09454 ], [ -76.27135, 37.08757 ], [ -76.27433, 37.08264 ], [ -76.27354, 37.08074 ], [ -76.27789, 37.07411 ], [ -76.2807, 37.0668 ], [ -76.28087, 37.06446 ], [ -76.28221, 37.0587 ], [ -76.2878, 37.04634 ], [ -76.2898, 37.0404 ], [ -76.29286, 37.03514 ], [ -76.29665, 37.02184 ], [ -76.29731, 37.01855 ], [ -76.30035, 37.00885 ], [ -76.30427, 37.00138 ], [ -76.31205, 37.00037 ], [ -76.31456, 37.00146 ], [ -76.31424, 37.00276 ], [ -76.31334, 37.00385 ], [ -76.31468, 37.01075 ], [ -76.31695, 37.01268 ], [ -76.31937, 37.01312 ], [ -76.32193, 37.01251 ], [ -76.32292, 37.01152 ], [ -76.32578, 37.01179 ], [ -76.32982, 37.01331 ], [ -76.33132, 37.01307 ], [ -76.33422, 37.01416 ], [ -76.34067, 37.01525 ], [ -76.34807, 37.00675 ], [ -76.35637, 37.00295 ], [ -76.36215, 37.00239 ], [ -76.37748, 36.99698 ], [ -76.38337, 36.99335 ], [ -76.39637, 36.98235 ], [ -76.40051, 36.97787 ], [ -76.40148, 36.97487 ], [ -76.40857, 36.96915 ], [ -76.41036, 36.96563 ], [ -76.41099, 36.963 ], [ -76.41254, 36.96233 ], [ -76.42026, 36.96395 ], [ -76.42525, 36.96641 ], [ -76.435, 36.97639 ], [ -76.45212, 36.99816 ], [ -76.45282, 37.00002 ], [ -76.44783, 37.00201 ], [ -76.4489, 37.0041 ], [ -76.44823, 37.00771 ], [ -76.4552, 37.01416 ], [ -76.45596, 37.01714 ], [ -76.46126, 37.0245 ], [ -76.46447, 37.02755 ], [ -76.46966, 37.03051 ], [ -76.47944, 37.03541 ], [ -76.49135, 37.04247 ], [ -76.49561, 37.04452 ], [ -76.51229, 37.05486 ], [ -76.51605, 37.05581 ], [ -76.51864, 37.05573 ], [ -76.52627, 37.06295 ], [ -76.52797, 37.06825 ], [ -76.52657, 37.07005 ], [ -76.52656, 37.07853 ], [ -76.54314, 37.08909 ], [ -76.54255, 37.09061 ], [ -76.54374, 37.09373 ], [ -76.54671, 37.09629 ], [ -76.55241, 37.09866 ], [ -76.55348, 37.10151 ], [ -76.55562, 37.10492 ], [ -76.55669, 37.10805 ], [ -76.56025, 37.11127 ], [ -76.56287, 37.11146 ], [ -76.56691, 37.11345 ], [ -76.56917, 37.11098 ], [ -76.57, 37.10842 ], [ -76.56299, 37.10501 ], [ -76.56311, 37.10065 ], [ -76.56204, 37.09724 ], [ -76.55705, 37.09383 ], [ -76.55051, 37.0815 ], [ -76.55146, 37.08075 ], [ -76.55895, 37.08198 ], [ -76.55847, 37.07942 ], [ -76.55562, 37.07657 ], [ -76.55712, 37.07623 ], [ -76.56346, 37.07819 ], [ -76.56774, 37.0815 ], [ -76.56715, 37.08378 ], [ -76.57076, 37.08754 ], [ -76.57403, 37.08899 ], [ -76.5795, 37.09663 ], [ -76.59631, 37.10648 ], [ -76.59638, 37.10947 ], [ -76.59828, 37.11136 ], [ -76.60426, 37.11408 ], [ -76.60932, 37.11402 ], [ -76.61813, 37.1204 ], [ -76.61731, 37.12256 ], [ -76.62058, 37.1266 ], [ -76.6255, 37.12725 ], [ -76.62562, 37.12904 ] ] ] ] } },
{ "type": "Feature", "properties": { "id": "VA-04", "state": "VA", "number": "04", "metro": false, "business_count": 0, "has_data": false }, "geometry": { "type": "Polygon", "coordinates": [ [ [ -78.04621, 36.54417 ], [ -78.03756, 36.64661 ], [ -78.03763, 36.64934 ], [ -78.03344, 36.70845 ], [ -78.02741, 36.77786 ], [ -78.02346, 36.81859 ], [ -78.02356, 36.8197 ], [ -78.02297, 36.82288 ], [ -78.02188, 36.83465 ], [ -78.02195, 36.8388 ], [ -78.02151, 36.8396 ], [ -78.00364, 37.02276 ], [ -78.00071, 37.02454 ], [ -77.99879, 37.02335 ], [ -77.99611, 37.02252 ], [ -77.99594, 37.01925 ], [ -77.9973, 37.01588 ], [ -77.99597, 37.01416 ], [ -77.99285, 37.0138 ], [ -77.99123, 37.01298 ], [ -77.99043, 37.01036 ], [ -77.98067, 37.00291 ], [ -77.98019, 37.00015 ], [ -77.97692, 36.99713 ], [ -77.9746, 36.99331 ], [ -77.97007, 36.99049 ], [ -77.96811, 36.98729 ], [ -77.9651, 36.98808 ], [ -77.96375, 36.9898 ], [ -77.95508, 36.99129 ], [ -77.95388, 36.99117 ], [ -77.95348, 36.98932 ], [ -77.95029, 36.98932 ], [ -77.94721, 36.98827 ], [ -77.94532, 36.98671 ], [ -77.94364, 36.98699 ], [ -77.94002, 36.98859 ], [ -77.93617, 36.98816 ], [ -77.9348, 36.98576 ], [ -77.93275, 36.98425 ], [ -77.92462, 36.98406 ], [ -77.9224, 36.98486 ], [ -77.9224, 36.98367 ], [ -77.92054, 36.98273 ], [ -77.91932, 36.98397 ], [ -77.91755, 36.98367 ], [ -77.91766, 36.9864 ], [ -77.91686, 36.98662 ], [ -77.91373, 36.98548 ], [ -77.91145, 36.9858 ], [ -77.90939, 36.9853 ], [ -77.90674, 36.98628 ], [ -77.90432, 36.98646 ], [ -77.90135, 36.98925 ], [ -77.8969, 36.9885 ], [ -77.89425, 36.989 ], [ -77.89294, 36.98833 ], [ -77.88981, 36.98882 ], [ -77.89043, 36.99726 ], [ -77.89134, 37.00015 ], [ -77.89889, 37.11709 ], [ -77.90034, 37.14388 ], [ -77.89661, 37.14481 ], [ -77.89496, 37.14584 ], [ -77.89263, 37.14618 ], [ -77.88809, 37.14463 ], [ -77.88451, 37.14549 ], [ -77.87749, 37.14808 ], [ -77.87589, 37.14793 ], [ -77.87415, 37.14939 ], [ -77.87061, 37.15035 ], [ -77.86843, 37.15211 ], [ -77.86652, 37.15288 ], [ -77.86519, 37.15528 ], [ -77.86372, 37.15665 ], [ -77.86116, 37.15765 ], [ -77.86045, 37.1586 ], [ -77.85751, 37.16043 ], [ -77.85703, 37.16232 ], [ -77.8554, 37.16418 ], [ -77.85287, 37.16488 ], [ -77.84925, 37.16443 ], [ -77.8451, 37.16547 ], [ -77.8446, 37.16773 ], [ -77.84172, 37.16984 ], [ -77.8393, 37.16893 ], [ -77.83197, 37.17031 ], [ -77.83115, 37.16952 ], [ -77.82742, 37.1693 ], [ -77.82499, 37.1672 ], [ -77.82103, 37.16715 ], [ -77.81913, 37.16823 ], [ -77.81763, 37.16797 ], [ -77.81386, 37.16968 ], [ -77.81072, 37.17312 ], [ -77.80838, 37.17399 ], [ -77.80636, 37.17566 ], [ -77.80528, 37.17783 ], [ -77.80416, 37.184 ], [ -77.79945, 37.1853 ], [ -77.79864, 37.18701 ], [ -77.79908, 37.18976 ], [ -77.79705, 37.19096 ], [ -77.79593, 37.19259 ], [ -77.7952, 37.19505 ], [ -77.79291, 37.19583 ], [ -77.78664, 37.1964 ], [ -77.78453, 37.19703 ], [ -77.77616, 37.19644 ], [ -77.77196, 37.1956 ], [ -77.76637, 37.19505 ], [ -77.76371, 37.1945 ], [ -77.7574, 37.19224 ], [ -77.74769, 37.19273 ], [ -77.73651, 37.20058 ], [ -77.72893, 37.20259 ], [ -77.72653, 37.2044 ], [ -77.72557, 37.20666 ], [ -77.72597, 37.20774 ], [ -77.72434, 37.20893 ], [ -77.72364, 37.20832 ], [ -77.72306, 37.2109 ], [ -77.72102, 37.21128 ], [ -77.72071, 37.21335 ], [ -77.71886, 37.21341 ], [ -77.7184, 37.21563 ], [ -77.71652, 37.21621 ], [ -77.71509, 37.21471 ], [ -77.71285, 37.21584 ], [ -77.7111, 37.21832 ], [ -77.70957, 37.2179 ], [ -77.70869, 37.21878 ], [ -77.70607, 37.21875 ], [ -77.7045, 37.22059 ], [ -77.70261, 37.22075 ], [ -77.70083, 37.22291 ], [ -77.68975, 37.22148 ], [ -77.68661, 37.2229 ], [ -77.68542, 37.22428 ], [ -77.68494, 37.22593 ], [ -77.68317, 37.22651 ], [ -77.68097, 37.22818 ], [ -77.68068, 37.2289 ], [ -77.6839, 37.22844 ], [ -77.68654, 37.22747 ], [ -77.68602, 37.22816 ], [ -77.68871, 37.22822 ], [ -77.68839, 37.23096 ], [ -77.68736, 37.23088 ], [ -77.68814, 37.23248 ], [ -77.68681, 37.23507 ], [ -77.68521, 37.23579 ], [ -77.68333, 37.23537 ], [ -77.68285, 37.23591 ], [ -77.68116, 37.2344 ], [ -77.68049, 37.23533 ], [ -77.67823, 37.2352 ], [ -77.67509, 37.23694 ], [ -77.67499, 37.24075 ], [ -77.67385, 37.24061 ], [ -77.67301, 37.24184 ], [ -77.67116, 37.242 ], [ -77.66863, 37.24098 ], [ -77.66605, 37.24117 ], [ -77.66556, 37.24038 ], [ -77.66401, 37.24096 ], [ -77.66335, 37.24019 ], [ -77.66133, 37.24074 ], [ -77.66069, 37.24182 ], [ -77.66179, 37.24378 ], [ -77.66138, 37.24593 ], [ -77.65975, 37.24558 ], [ -77.65965, 37.2463 ], [ -77.65771, 37.2469 ], [ -77.65636, 37.24658 ], [ -77.65712, 37.25127 ], [ -77.65597, 37.25371 ], [ -77.65336, 37.25501 ], [ -77.65053, 37.25496 ], [ -77.64894, 37.25538 ], [ -77.64986, 37.25786 ], [ -77.65187, 37.26077 ], [ -77.65055, 37.26302 ], [ -77.65061, 37.26511 ], [ -77.64638, 37.2647 ], [ -77.64351, 37.26369 ], [ -77.64237, 37.26398 ], [ -77.63797, 37.26714 ], [ -77.63261, 37.26966 ], [ -77.6294, 37.26955 ], [ -77.62761, 37.26798 ], [ -77.62471, 37.26687 ], [ -77.6203, 37.26678 ], [ -77.61895, 37.26779 ], [ -77.61734, 37.26996 ], [ -77.6152, 37.27084 ], [ -77.61335, 37.27088 ], [ -77.61075, 37.26909 ], [ -77.60771, 37.26779 ], [ -77.60328, 37.26391 ], [ -77.60283, 37.26304 ], [ -77.60301, 37.26089 ], [ -77.60223, 37.25761 ], [ -77.60051, 37.25374 ], [ -77.59144, 37.2494 ], [ -77.58973, 37.24649 ], [ -77.58398, 37.2461 ], [ -77.58044, 37.24294 ], [ -77.57891, 37.23793 ], [ -77.57547, 37.23643 ], [ -77.57212, 37.23712 ], [ -77.57149, 37.24574 ], [ -77.56935, 37.24734 ], [ -77.5638, 37.24878 ], [ -77.5639, 37.2465 ], [ -77.5599, 37.24679 ], [ -77.55702, 37.25015 ], [ -77.55843, 37.2531 ], [ -77.5613, 37.25667 ], [ -77.56289, 37.25983 ], [ -77.56331, 37.26348 ], [ -77.56456, 37.26799 ], [ -77.56526, 37.27271 ], [ -77.56894, 37.28089 ], [ -77.56555, 37.29153 ], [ -77.56567, 37.29362 ], [ -77.56504, 37.29554 ], [ -77.56484, 37.29834 ], [ -77.56341, 37.30174 ], [ -77.56304, 37.304 ], [ -77.56329, 37.30629 ], [ -77.5624, 37.30771 ], [ -77.55886, 37.3117 ], [ -77.55664, 37.31712 ], [ -77.55343, 37.31993 ], [ -77.55307, 37.32095 ], [ -77.553, 37.32457 ], [ -77.55834, 37.32133 ], [ -77.5596, 37.32274 ], [ -77.56069, 37.32188 ], [ -77.56277, 37.32201 ], [ -77.56231, 37.32037 ], [ -77.56538, 37.31982 ], [ -77.5696, 37.31787 ], [ -77.57097, 37.31656 ], [ -77.57628, 37.31589 ], [ -77.57796, 37.31752 ], [ -77.5804, 37.31887 ], [ -77.58146, 37.3201 ], [ -77.58227, 37.31884 ], [ -77.58696, 37.32081 ], [ -77.5885, 37.32072 ], [ -77.59089, 37.32414 ], [ -77.59263, 37.32515 ], [ -77.59463, 37.32799 ], [ -77.59676, 37.32699 ], [ -77.59851, 37.33028 ], [ -77.60019, 37.33033 ], [ -77.60203, 37.33366 ], [ -77.60431, 37.33396 ], [ -77.60483, 37.3349 ], [ -77.60846, 37.33518 ], [ -77.61025, 37.33588 ], [ -77.62222, 37.33585 ], [ -77.6258, 37.33742 ], [ -77.63044, 37.33707 ], [ -77.63167, 37.33957 ], [ -77.62988, 37.34111 ], [ -77.62901, 37.34382 ], [ -77.62404, 37.35004 ], [ -77.61863, 37.35008 ], [ -77.61858, 37.35214 ], [ -77.61779, 37.35577 ], [ -77.61419, 37.36253 ], [ -77.61342, 37.36466 ], [ -77.61359, 37.36598 ], [ -77.61534, 37.36713 ], [ -77.61675, 37.36947 ], [ -77.61662, 37.37085 ], [ -77.6141, 37.37513 ], [ -77.6132, 37.37748 ], [ -77.60842, 37.3811 ], [ -77.60637, 37.38026 ], [ -77.60609, 37.37828 ], [ -77.60371, 37.37628 ], [ -77.59955, 37.37503 ], [ -77.59879, 37.37219 ], [ -77.59723, 37.37134 ], [ -77.59601, 37.37335 ], [ -77.5939, 37.37448 ], [ -77.5932, 37.3758 ], [ -77.59401, 37.37734 ], [ -77.59337, 37.37885 ], [ -77.59212, 37.37914 ], [ -77.59088, 37.38061 ], [ -77.59277, 37.38154 ], [ -77.59097, 37.38293 ], [ -77.58905, 37.38337 ], [ -77.58954, 37.38513 ], [ -77.58663, 37.38577 ], [ -77.5858, 37.38674 ], [ -77.5845, 37.38633 ], [ -77.5834, 37.38475 ], [ -77.57981, 37.3844 ], [ -77.57935, 37.38609 ], [ -77.57504, 37.38682 ], [ -77.57597, 37.38973 ], [ -77.57732, 37.38941 ], [ -77.57791, 37.39048 ], [ -77.57671, 37.39186 ], [ -77.57687, 37.39251 ], [ -77.58106, 37.39341 ], [ -77.5816, 37.39072 ], [ -77.58321, 37.39152 ], [ -77.58291, 37.39271 ], [ -77.5866, 37.39487 ], [ -77.58817, 37.39453 ], [ -77.59099, 37.39591 ], [ -77.59497, 37.39689 ], [ -77.59692, 37.39558 ], [ -77.59542, 37.39802 ], [ -77.59453, 37.40165 ], [ -77.59287, 37.40599 ], [ -77.5927, 37.40864 ], [ -77.59128, 37.41144 ], [ -77.60984, 37.40989 ], [ -77.61244, 37.41001 ], [ -77.61483, 37.41067 ], [ -77.61659, 37.41159 ], [ -77.62078, 37.41503 ], [ -77.62858, 37.42173 ], [ -77.63033, 37.42378 ], [ -77.62806, 37.4248 ], [ -77.62384, 37.42839 ], [ -77.61872, 37.43061 ], [ -77.60456, 37.43592 ], [ -77.60398, 37.4368 ], [ -77.60385, 37.4384 ], [ -77.6018, 37.43799 ], [ -77.60072, 37.43727 ], [ -77.59384, 37.43966 ], [ -77.59641, 37.4441 ], [ -77.59638, 37.44504 ], [ -77.60077, 37.44556 ], [ -77.60144, 37.44828 ], [ -77.60053, 37.44879 ], [ -77.60036, 37.45227 ], [ -77.60301, 37.45385 ], [ -77.60831, 37.45785 ], [ -77.61171, 37.45795 ], [ -77.61271, 37.45895 ], [ -77.61851, 37.45785 ], [ -77.62188, 37.46261 ], [ -77.58914, 37.46598 ], [ -77.58566, 37.46692 ], [ -77.58397, 37.46793 ], [ -77.57689, 37.47597 ], [ -77.57313, 37.48185 ], [ -77.56865, 37.48644 ], [ -77.56332, 37.49263 ], [ -77.5614, 37.49542 ], [ -77.56105, 37.4954 ], [ -77.55705, 37.50157 ], [ -77.55435, 37.50382 ], [ -77.54596, 37.50687 ], [ -77.53998, 37.51065 ], [ -77.53722, 37.51309 ], [ -77.53294, 37.52151 ], [ -77.52847, 37.52548 ], [ -77.52865, 37.53186 ], [ -77.54504, 37.5281 ], [ -77.55247, 37.54177 ], [ -77.55452, 37.54303 ], [ -77.55733, 37.54036 ], [ -77.56638, 37.53531 ], [ -77.57955, 37.53218 ], [ -77.59011, 37.53347 ], [ -77.59245, 37.53295 ], [ -77.59277, 37.53366 ], [ -77.59685, 37.53465 ], [ -77.59636, 37.53594 ], [ -77.59759, 37.53907 ], [ -77.59911, 37.54071 ], [ -77.59899, 37.54283 ], [ -77.60117, 37.54516 ], [ -77.59585, 37.54586 ], [ -77.59546, 37.55575 ], [ -77.59059, 37.5564 ], [ -77.58476, 37.55848 ], [ -77.57805, 37.55898 ], [ -77.57459, 37.55859 ], [ -77.57057, 37.55794 ], [ -77.56396, 37.55611 ], [ -77.56014, 37.55557 ], [ -77.55814, 37.55608 ], [ -77.55529, 37.55767 ], [ -77.55089, 37.55864 ], [ -77.54779, 37.56012 ], [ -77.54416, 37.5604 ], [ -77.54134, 37.5602 ], [ -77.53684, 37.55924 ], [ -77.52983, 37.55922 ], [ -77.52586, 37.56824 ], [ -77.53486, 37.56822 ], [ -77.53615, 37.56864 ], [ -77.53716, 37.57252 ], [ -77.53902, 37.57286 ], [ -77.54223, 37.57075 ], [ -77.54747, 37.57254 ], [ -77.54677, 37.57548 ], [ -77.54307, 37.57909 ], [ -77.54137, 37.58029 ], [ -77.54388, 37.58133 ], [ -77.53862, 37.58289 ], [ -77.53783, 37.58136 ], [ -77.5342, 37.58418 ], [ -77.53287, 37.58213 ], [ -77.53203, 37.58257 ], [ -77.53303, 37.58708 ], [ -77.53256, 37.59178 ], [ -77.53165, 37.59195 ], [ -77.51646, 37.58167 ], [ -77.51509, 37.5818 ], [ -77.51325, 37.58253 ], [ -77.51181, 37.58175 ], [ -77.50994, 37.58371 ], [ -77.51817, 37.58861 ], [ -77.51639, 37.59113 ], [ -77.51894, 37.59394 ], [ -77.51921, 37.59461 ], [ -77.51067, 37.59578 ], [ -77.51384, 37.5986 ], [ -77.51439, 37.59974 ], [ -77.51565, 37.60471 ], [ -77.51815, 37.60846 ], [ -77.5242, 37.61972 ], [ -77.53545, 37.63009 ], [ -77.53692, 37.63126 ], [ -77.54072, 37.63284 ], [ -77.53371, 37.64124 ], [ -77.53337, 37.64209 ], [ -77.53339, 37.64323 ], [ -77.53144, 37.64923 ], [ -77.52364, 37.64616 ], [ -77.51342, 37.64448 ], [ -77.51235, 37.64395 ], [ -77.50901, 37.6485 ], [ -77.50731, 37.64785 ], [ -77.50484, 37.66553 ], [ -77.50344, 37.66524 ], [ -77.50426, 37.65914 ], [ -77.49783, 37.65844 ], [ -77.49911, 37.65349 ], [ -77.49539, 37.65243 ], [ -77.49358, 37.65572 ], [ -77.48973, 37.65947 ], [ -77.48324, 37.65371 ], [ -77.48359, 37.65287 ], [ -77.4817, 37.65266 ], [ -77.47676, 37.6457 ], [ -77.47696, 37.64519 ], [ -77.47499, 37.64453 ], [ -77.47217, 37.64622 ], [ -77.46663, 37.64758 ], [ -77.46139, 37.64224 ], [ -77.45879, 37.64205 ], [ -77.45988, 37.64005 ], [ -77.45943, 37.63799 ], [ -77.45675, 37.63822 ], [ -77.4526, 37.64025 ], [ -77.45189, 37.63615 ], [ -77.4497, 37.63676 ], [ -77.44435, 37.6403 ], [ -77.43551, 37.64441 ], [ -77.43342, 37.64505 ], [ -77.42805, 37.64502 ], [ -77.42485, 37.64309 ], [ -77.42431, 37.64033 ], [ -77.42143, 37.64168 ], [ -77.41994, 37.63816 ], [ -77.42068, 37.6365 ], [ -77.41929, 37.63568 ], [ -77.41825, 37.63317 ], [ -77.41378, 37.63027 ], [ -77.41102, 37.62926 ], [ -77.40939, 37.62748 ], [ -77.40683, 37.62728 ], [ -77.40538, 37.62603 ], [ -77.40467, 37.62261 ], [ -77.40626, 37.61975 ], [ -77.40597, 37.61877 ], [ -77.40729, 37.61736 ], [ -77.40871, 37.61466 ], [ -77.40719, 37.61252 ], [ -77.40458, 37.60992 ], [ -77.40527, 37.6077 ], [ -77.40496, 37.60641 ], [ -77.4036, 37.60511 ], [ -77.39985, 37.60607 ], [ -77.39704, 37.60262 ], [ -77.39604, 37.60191 ], [ -77.39383, 37.60157 ], [ -77.39202, 37.59999 ], [ -77.39113, 37.59809 ], [ -77.38866, 37.59843 ], [ -77.38723, 37.59805 ], [ -77.38175, 37.59451 ], [ -77.37529, 37.59384 ], [ -77.37286, 37.59326 ], [ -77.36875, 37.59055 ], [ -77.36663, 37.59073 ], [ -77.36267, 37.58869 ], [ -77.36267, 37.58729 ], [ -77.36071, 37.58676 ], [ -77.35841, 37.58473 ], [ -77.35789, 37.58309 ], [ -77.35479, 37.58265 ], [ -77.35295, 37.58106 ], [ -77.35081, 37.58081 ], [ -77.35022, 37.58006 ], [ -77.34691, 37.57931 ], [ -77.34457, 37.5782 ], [ -77.34277, 37.57853 ], [ -77.3381, 37.57721 ], [ -77.33697, 37.57574 ], [ -77.33576, 37.57478 ], [ -77.33151, 37.57374 ], [ -77.32721, 37.57182 ], [ -77.32623, 37.57 ], [ -77.32125, 37.56778 ], [ -77.31671, 37.56747 ], [ -77.31341, 37.56461 ], [ -77.31106, 37.56492 ], [ -77.30806, 37.56293 ], [ -77.30594, 37.56101 ], [ -77.30221, 37.55977 ], [ -77.29914, 37.55972 ], [ -77.29352, 37.56101 ], [ -77.29123, 37.56062 ], [ -77.28691, 37.55631 ], [ -77.284, 37.55535 ], [ -77.28211, 37.55573 ], [ -77.27896, 37.55409 ], [ -77.27702, 37.55407 ], [ -77.2757, 37.55293 ], [ -77.2699, 37.55154 ], [ -77.26591, 37.55186 ], [ -77.26346, 37.54965 ], [ -77.26137, 37.5497 ], [ -77.25929, 37.54837 ], [ -77.25923, 37.54697 ], [ -77.25472, 37.54461 ], [ -77.25372, 37.54273 ], [ -77.25031, 37.54183 ], [ -77.24923, 37.54075 ], [ -77.24771, 37.54047 ], [ -77.24681, 37.53931 ], [ -77.24323, 37.53938 ], [ -77.24099, 37.53809 ], [ -77.2399, 37.53793 ], [ -77.23774, 37.53909 ], [ -77.23513, 37.53857 ], [ -77.23185, 37.53964 ], [ -77.23056, 37.53724 ], [ -77.22898, 37.53683 ], [ -77.22651, 37.53387 ], [ -77.22335, 37.53399 ], [ -77.22124, 37.53323 ], [ -77.22015, 37.53107 ], [ -77.22082, 37.5293 ], [ -77.22025, 37.52722 ], [ -77.21861, 37.52688 ], [ -77.21485, 37.52537 ], [ -77.21443, 37.52433 ], [ -77.21251, 37.52323 ], [ -77.21239, 37.52136 ], [ -77.21029, 37.52044 ], [ -77.2087, 37.5163 ], [ -77.20624, 37.51598 ], [ -77.20701, 37.51345 ], [ -77.20454, 37.5127 ], [ -77.20317, 37.51304 ], [ -77.20132, 37.5111 ], [ -77.19818, 37.50897 ], [ -77.19398, 37.50754 ], [ -77.19296, 37.5066 ], [ -77.19196, 37.50287 ], [ -77.19194, 37.50124 ], [ -77.18986, 37.50014 ], [ -77.18816, 37.50022 ], [ -77.18863, 37.4987 ], [ -77.18744, 37.49756 ], [ -77.18605, 37.49798 ], [ -77.18484, 37.49572 ], [ -77.1812, 37.49315 ], [ -77.17994, 37.49333 ], [ -77.17929, 37.49176 ], [ -77.17751, 37.49134 ], [ -77.17678, 37.48869 ], [ -77.17476, 37.48861 ], [ -77.17126, 37.48724 ], [ -77.17063, 37.48594 ], [ -77.17111, 37.48416 ], [ -77.17007, 37.48264 ], [ -77.17038, 37.48142 ], [ -77.16881, 37.4809 ], [ -77.16665, 37.48192 ], [ -77.16465, 37.48471 ], [ -77.16348, 37.48552 ], [ -77.16104, 37.48614 ], [ -77.15778, 37.48604 ], [ -77.15773, 37.48369 ], [ -77.15951, 37.48229 ], [ -77.16043, 37.47916 ], [ -77.16164, 37.47652 ], [ -77.1608, 37.4753 ], [ -77.15786, 37.47453 ], [ -77.15478, 37.47628 ], [ -77.15032, 37.47729 ], [ -77.14739, 37.47574 ], [ -77.14198, 37.47635 ], [ -77.14108, 37.47341 ], [ -77.1433, 37.47053 ], [ -77.14175, 37.46838 ], [ -77.13818, 37.46981 ], [ -77.13303, 37.47066 ], [ -77.13137, 37.47156 ], [ -77.12874, 37.47105 ], [ -77.12687, 37.47158 ], [ -77.12411, 37.4679 ], [ -77.12274, 37.46314 ], [ -77.11958, 37.46139 ], [ -77.1185, 37.46156 ], [ -77.11855, 37.4603 ], [ -77.11762, 37.45822 ], [ -77.11901, 37.45694 ], [ -77.11907, 37.45582 ], [ -77.11768, 37.45442 ], [ -77.11619, 37.45452 ], [ -77.11531, 37.45276 ], [ -77.11178, 37.4535 ], [ -77.10964, 37.45283 ], [ -77.10739, 37.45113 ], [ -77.10781, 37.45024 ], [ -77.10548, 37.44853 ], [ -77.10065, 37.44709 ], [ -77.10128, 37.4448 ], [ -77.09834, 37.44295 ], [ -77.09595, 37.44027 ], [ -77.09422, 37.44102 ], [ -77.09311, 37.44047 ], [ -77.0864, 37.44139 ], [ -77.08639, 37.43989 ], [ -77.08354, 37.43986 ], [ -77.08234, 37.44054 ], [ -77.08077, 37.43997 ], [ -77.07975, 37.44075 ], [ -77.07855, 37.44008 ], [ -77.07629, 37.44129 ], [ -77.07562, 37.44048 ], [ -77.0735, 37.44057 ], [ -77.07315, 37.43965 ], [ -77.07014, 37.43993 ], [ -77.06912, 37.43943 ], [ -77.0689, 37.4379 ], [ -77.06649, 37.43662 ], [ -77.06545, 37.43717 ], [ -77.06169, 37.43646 ], [ -77.05968, 37.43489 ], [ -77.06039, 37.43312 ], [ -77.06154, 37.43296 ], [ -77.06099, 37.43142 ], [ -77.05952, 37.4308 ], [ -77.06004, 37.42929 ], [ -77.05786, 37.42912 ], [ -77.05748, 37.43049 ], [ -77.05478, 37.43187 ], [ -77.05343, 37.43077 ], [ -77.0534, 37.43193 ], [ -77.05221, 37.43147 ], [ -77.0508, 37.43216 ], [ -77.04762, 37.43143 ], [ -77.04691, 37.43179 ], [ -77.04477, 37.42946 ], [ -77.0436, 37.43013 ], [ -77.03838, 37.42918 ], [ -77.036, 37.42688 ], [ -77.03123, 37.42943 ], [ -77.02911, 37.42728 ], [ -77.02911, 37.42933 ], [ -77.02757, 37.42805 ], [ -77.02668, 37.42901 ], [ -77.02557, 37.4282 ], [ -77.02599, 37.42713 ], [ -77.02373, 37.42283 ], [ -77.02407, 37.4209 ], [ -77.02202, 37.42134 ], [ -77.02235, 37.42054 ], [ -77.02472, 37.42016 ], [ -77.0236, 37.41782 ], [ -77.02132, 37.41601 ], [ -77.01827, 37.41529 ], [ -77.01777, 37.4145 ], [ -77.01611, 37.41401 ], [ -77.01332, 37.41535 ], [ -77.01307, 37.41667 ], [ -77.01117, 37.41741 ], [ -77.0113, 37.41608 ], [ -77.00765, 37.41375 ], [ -77.00329, 37.41494 ], [ -76.99826, 37.4182 ], [ -76.99637, 37.41794 ], [ -76.99212, 37.41579 ], [ -76.99148, 37.41492 ], [ -76.98891, 37.41496 ], [ -76.98678, 37.41587 ], [ -76.98576, 37.41754 ], [ -76.98364, 37.41811 ], [ -76.98324, 37.42027 ], [ -76.982, 37.42086 ], [ -76.98013, 37.41951 ], [ -76.97677, 37.41873 ], [ -76.97519, 37.419 ], [ -76.97167, 37.41835 ], [ -76.96962, 37.41674 ], [ -76.96948, 37.41524 ], [ -76.9712, 37.41333 ], [ -76.97273, 37.41021 ], [ -76.97104, 37.40799 ], [ -76.96882, 37.40651 ], [ -76.954, 37.40349 ], [ -76.95192, 37.40397 ], [ -76.94855, 37.40589 ], [ -76.94536, 37.40884 ], [ -76.94308, 37.41039 ], [ -76.94083, 37.40988 ], [ -76.93847, 37.40735 ], [ -76.93685, 37.40342 ], [ -76.93703, 37.40117 ], [ -76.93802, 37.39953 ], [ -76.94286, 37.39644 ], [ -76.94533, 37.39411 ], [ -76.94611, 37.39108 ], [ -76.9456, 37.386 ], [ -76.94485, 37.38394 ], [ -76.94252, 37.38324 ], [ -76.94099, 37.38373 ], [ -76.93643, 37.38654 ], [ -76.93329, 37.38799 ], [ -76.93159, 37.39154 ], [ -76.93118, 37.39631 ], [ -76.93021, 37.39782 ], [ -76.92761, 37.39957 ], [ -76.92577, 37.39941 ], [ -76.91674, 37.39538 ], [ -76.91532, 37.39581 ], [ -76.91101, 37.39952 ], [ -76.90981, 37.40323 ], [ -76.90806, 37.40508 ], [ -76.90492, 37.40491 ], [ -76.90412, 37.40382 ], [ -76.90504, 37.3971 ], [ -76.90637, 37.39261 ], [ -76.90822, 37.39086 ], [ -76.91732, 37.3892 ], [ -76.91876, 37.3874 ], [ -76.91885, 37.38552 ], [ -76.91793, 37.38426 ], [ -76.91525, 37.38264 ], [ -76.90447, 37.37767 ], [ -76.8981, 37.37515 ], [ -76.89779, 37.3738 ], [ -76.89895, 37.37179 ], [ -76.90114, 37.36998 ], [ -76.9085, 37.36635 ], [ -76.91044, 37.36409 ], [ -76.91214, 37.35963 ], [ -76.91423, 37.35679 ], [ -76.91586, 37.35262 ], [ -76.9133, 37.34999 ], [ -76.90965, 37.34864 ], [ -76.90798, 37.34902 ], [ -76.90535, 37.35064 ], [ -76.90198, 37.35622 ], [ -76.89952, 37.35903 ], [ -76.8964, 37.36085 ], [ -76.89116, 37.3621 ], [ -76.88886, 37.36397 ], [ -76.88747, 37.36642 ], [ -76.88477, 37.36857 ], [ -76.88146, 37.36925 ], [ -76.87845, 37.36944 ], [ -76.8771, 37.36919 ], [ -76.87444, 37.36543 ], [ -76.87351, 37.36342 ], [ -76.87362, 37.36204 ], [ -76.87834, 37.35529 ], [ -76.87981, 37.35279 ], [ -76.8806, 37.35024 ], [ -76.88014, 37.34868 ], [ -76.87745, 37.34759 ], [ -76.87468, 37.34601 ], [ -76.87363, 37.34256 ], [ -76.87468, 37.33918 ], [ -76.87553, 37.3383 ], [ -76.87662, 37.33322 ], [ -76.87563, 37.32956 ], [ -76.87608, 37.32553 ], [ -76.87468, 37.32043 ], [ -76.87526, 37.31771 ], [ -76.87935, 37.31172 ], [ -76.88, 37.30987 ], [ -76.87944, 37.30741 ], [ -76.87837, 37.30486 ], [ -76.87693, 37.30271 ], [ -76.87468, 37.30105 ], [ -76.87199, 37.2984 ], [ -76.87168, 37.2956 ], [ -76.87281, 37.29371 ], [ -76.87468, 37.29196 ], [ -76.8779, 37.29004 ], [ -76.88083, 37.28726 ], [ -76.88156, 37.28551 ], [ -76.88146, 37.28135 ], [ -76.88261, 37.27854 ], [ -76.88308, 37.27592 ], [ -76.88205, 37.27168 ], [ -76.8789, 37.26601 ], [ -76.87519, 37.2608 ], [ -76.87982, 37.25765 ], [ -76.88172, 37.25745 ], [ -76.88374, 37.25424 ], [ -76.88599, 37.25282 ], [ -76.89003, 37.2531 ], [ -76.89479, 37.25187 ], [ -76.8974, 37.25055 ], [ -76.89847, 37.24866 ], [ -76.8974, 37.24686 ], [ -76.89769, 37.24552 ], [ -76.90037, 37.24374 ], [ -76.90477, 37.24241 ], [ -76.90762, 37.2426 ], [ -76.91107, 37.24355 ], [ -76.91416, 37.24364 ], [ -76.91654, 37.24232 ], [ -76.9182, 37.23948 ], [ -76.91856, 37.2373 ], [ -76.91784, 37.23427 ], [ -76.93317, 37.23882 ], [ -76.93614, 37.23882 ], [ -76.94042, 37.23768 ], [ -76.94839, 37.23087 ], [ -76.94708, 37.22803 ], [ -76.94161, 37.22406 ], [ -76.93365, 37.21932 ], [ -76.93258, 37.21772 ], [ -76.9308, 37.21696 ], [ -76.9283, 37.21686 ], [ -76.92616, 37.21601 ], [ -76.91782, 37.21045 ], [ -76.91333, 37.20598 ], [ -76.90846, 37.20267 ], [ -76.90251, 37.19983 ], [ -76.89835, 37.19917 ], [ -76.89093, 37.19951 ], [ -76.88041, 37.20295 ], [ -76.8657, 37.20902 ], [ -76.83858, 37.20712 ], [ -76.8362, 37.20598 ], [ -76.82051, 37.20601 ], [ -76.81849, 37.20532 ], [ -76.81374, 37.20602 ], [ -76.80863, 37.20603 ], [ -76.80637, 37.20712 ], [ -76.80352, 37.20693 ], [ -76.80102, 37.20604 ], [ -76.8032, 37.20151 ], [ -76.80251, 37.19831 ], [ -76.7969, 37.1894 ], [ -76.79461, 37.18941 ], [ -76.78973, 37.18771 ], [ -76.78539, 37.18426 ], [ -76.78344, 37.18127 ], [ -76.78272, 37.17824 ], [ -76.77939, 37.17644 ], [ -76.77583, 37.17559 ], [ -76.77311, 37.17358 ], [ -76.76193, 37.16811 ], [ -76.7605, 37.16555 ], [ -76.7567, 37.1629 ], [ -76.7569, 37.16158 ], [ -76.75443, 37.15864 ], [ -76.75171, 37.15665 ], [ -76.75089, 37.15443 ], [ -76.74763, 37.15055 ], [ -76.74267, 37.14784 ], [ -76.73728, 37.14616 ], [ -76.73032, 37.1454 ], [ -76.7214, 37.14632 ], [ -76.71529, 37.14804 ], [ -76.70776, 37.15874 ], [ -76.70631, 37.16527 ], [ -76.70393, 37.16811 ], [ -76.70286, 37.17067 ], [ -76.69763, 37.17436 ], [ -76.69541, 37.17849 ], [ -76.69293, 37.18615 ], [ -76.69199, 37.19502 ], [ -76.68658, 37.19727 ], [ -76.68114, 37.1928 ], [ -76.67993, 37.19083 ], [ -76.67767, 37.18856 ], [ -76.66989, 37.18357 ], [ -76.66377, 37.17388 ], [ -76.66427, 37.17103 ], [ -76.66867, 37.16677 ], [ -76.67147, 37.15874 ], [ -76.6703, 37.15163 ], [ -76.67159, 37.14206 ], [ -76.67379, 37.14098 ], [ -76.67542, 37.13904 ], [ -76.67574, 37.1365 ], [ -76.67465, 37.13504 ], [ -76.67261, 37.13388 ], [ -76.67265, 37.13277 ], [ -76.67582, 37.13215 ], [ -76.67822, 37.1304 ], [ -76.67981, 37.12792 ], [ -76.68029, 37.12629 ], [ -76.67979, 37.12112 ], [ -76.67997, 37.11768 ], [ -76.67861, 37.11543 ], [ -76.67713, 37.11392 ], [ -76.6791, 37.11263 ], [ -76.67936, 37.11143 ], [ -76.67779, 37.10981 ], [ -76.67517, 37.10864 ], [ -76.67797, 37.10418 ], [ -76.67901, 37.1044 ], [ -76.67945, 37.10591 ], [ -76.68141, 37.10674 ], [ -76.68262, 37.10503 ], [ -76.68419, 37.10389 ], [ -76.68297, 37.10197 ], [ -76.68208, 37.09866 ], [ -76.68414, 37.09701 ], [ -76.68169, 37.09378 ], [ -76.68384, 37.09263 ], [ -76.68382, 37.09084 ], [ -76.68448, 37.08816 ], [ -76.68787, 37.08732 ], [ -76.68778, 37.08602 ], [ -76.68977, 37.08512 ], [ -76.69109, 37.08546 ], [ -76.69373, 37.08463 ], [ -76.69565, 37.08328 ], [ -76.69376, 37.08216 ], [ -76.69341, 37.08045 ], [ -76.69501, 37.07666 ], [ -76.69332, 37.07484 ], [ -76.69339, 37.07356 ], [ -76.69446, 37.07288 ], [ -76.69616, 37.07256 ], [ -76.70118, 37.0662 ], [ -76.70099, 37.06432 ], [ -76.69997, 37.06285 ], [ -76.69797, 37.06127 ], [ -76.69763, 37.0598 ], [ -76.69931, 37.05842 ], [ -76.70288, 37.05677 ], [ -76.70413, 37.05688 ], [ -76.70623, 37.05575 ], [ -76.70954, 37.05645 ], [ -76.7104, 37.05548 ], [ -76.71178, 37.05538 ], [ -76.77159, 37.03091 ], [ -76.83758, 37.00224 ], [ -76.96119, 36.94066 ], [ -76.96481, 36.93856 ], [ -76.98259, 36.92961 ], [ -77.0021, 36.92075 ], [ -77.00003, 36.91831 ], [ -76.9993, 36.91613 ], [ -76.99615, 36.91507 ], [ -76.98888, 36.91445 ], [ -76.98891, 36.91262 ], [ -76.98525, 36.90612 ], [ -76.9818, 36.9038 ], [ -76.9801, 36.90096 ], [ -76.97934, 36.89885 ], [ -76.97593, 36.89627 ], [ -76.97294, 36.89272 ], [ -76.97007, 36.88847 ], [ -76.97022, 36.88555 ], [ -76.97253, 36.88294 ], [ -76.97465, 36.88441 ], [ -76.97646, 36.88458 ], [ -76.97931, 36.88392 ], [ -76.9809, 36.88402 ], [ -76.98324, 36.88535 ], [ -76.99434, 36.8858 ], [ -77.00292, 36.88753 ], [ -77.00663, 36.88572 ], [ -77.00961, 36.8856 ], [ -77.00962, 36.88284 ], [ -77.01053, 36.88136 ], [ -77.01313, 36.87327 ], [ -77.01467, 36.87097 ], [ -77.01663, 36.86653 ], [ -77.01647, 36.86349 ], [ -77.01454, 36.85895 ], [ -77.0117, 36.85565 ], [ -77.004, 36.85454 ], [ -77.00051, 36.85556 ], [ -76.99778, 36.85762 ], [ -76.98611, 36.86009 ], [ -76.97753, 36.85763 ], [ -76.98086, 36.85352 ], [ -76.98176, 36.84938 ], [ -76.98356, 36.8464 ], [ -76.97987, 36.84409 ], [ -76.97842, 36.84353 ], [ -76.9784, 36.84228 ], [ -76.97657, 36.83876 ], [ -76.97266, 36.83536 ], [ -76.97144, 36.83312 ], [ -76.96337, 36.84038 ], [ -76.96236, 36.83856 ], [ -76.95892, 36.83474 ], [ -76.94976, 36.83123 ], [ -76.94558, 36.83133 ], [ -76.94774, 36.82535 ], [ -76.94887, 36.82111 ], [ -76.95012, 36.81846 ], [ -76.95065, 36.81154 ], [ -76.95268, 36.80618 ], [ -76.95237, 36.80388 ], [ -76.95556, 36.80324 ], [ -76.95758, 36.80364 ], [ -76.96365, 36.80373 ], [ -76.96418, 36.79621 ], [ -76.96361, 36.79367 ], [ -76.96395, 36.79016 ], [ -76.96358, 36.78597 ], [ -76.96462, 36.78121 ], [ -76.9663, 36.78256 ], [ -76.97077, 36.78513 ], [ -76.97866, 36.78688 ], [ -76.98518, 36.78944 ], [ -77.00032, 36.79145 ], [ -77.00307, 36.79228 ], [ -77.00768, 36.79452 ], [ -77.0115, 36.79512 ], [ -77.01144, 36.79282 ], [ -77.01217, 36.78929 ], [ -77.00849, 36.78154 ], [ -77.01338, 36.78149 ], [ -77.01502, 36.7809 ], [ -77.01639, 36.77847 ], [ -77.02049, 36.77446 ], [ -77.04295, 36.77402 ], [ -77.04592, 36.77432 ], [ -77.04885, 36.76966 ], [ -77.05107, 36.76454 ], [ -77.05177, 36.76138 ], [ -77.05397, 36.75797 ], [ -77.05922, 36.7518 ], [ -77.06239, 36.74922 ], [ -77.06558, 36.73933 ], [ -77.06482, 36.73628 ], [ -77.06379, 36.73381 ], [ -77.06626, 36.731 ], [ -77.07027, 36.72847 ], [ -77.07202, 36.72699 ], [ -77.07164, 36.72595 ], [ -77.07469, 36.72508 ], [ -77.07703, 36.72617 ], [ -77.08112, 36.72287 ], [ -77.08106, 36.72127 ], [ -77.08021, 36.7195 ], [ -77.07561, 36.71829 ], [ -77.07191, 36.71492 ], [ -77.06913, 36.71532 ], [ -77.06796, 36.71345 ], [ -77.06881, 36.70728 ], [ -77.07023, 36.7063 ], [ -77.0764, 36.70693 ], [ -77.07663, 36.70588 ], [ -77.07521, 36.70237 ], [ -77.07712, 36.70077 ], [ -77.0766, 36.69984 ], [ -77.07453, 36.69936 ], [ -77.06933, 36.69619 ], [ -77.06719, 36.69367 ], [ -77.07594, 36.69406 ], [ -77.07886, 36.6947 ], [ -77.09318, 36.69921 ], [ -77.09956, 36.70068 ], [ -77.10227, 36.6988 ], [ -77.10174, 36.69814 ], [ -77.09846, 36.69947 ], [ -77.09551, 36.6995 ], [ -77.09341, 36.69884 ], [ -77.09309, 36.69698 ], [ -77.09115, 36.69387 ], [ -77.09116, 36.69179 ], [ -77.08736, 36.68684 ], [ -77.08408, 36.68384 ], [ -77.08007, 36.68083 ], [ -77.08099, 36.67651 ], [ -77.08274, 36.6724 ], [ -77.08198, 36.67013 ], [ -77.07962, 36.66774 ], [ -77.07842, 36.66559 ], [ -77.07679, 36.6594 ], [ -77.07455, 36.65886 ], [ -77.0711, 36.65692 ], [ -77.07698, 36.64911 ], [ -77.07931, 36.64216 ], [ -77.08102, 36.63963 ], [ -77.08269, 36.63501 ], [ -77.05665, 36.64117 ], [ -77.05289, 36.64142 ], [ -77.05115, 36.63535 ], [ -77.04951, 36.63256 ], [ -77.04666, 36.62651 ], [ -77.04678, 36.62188 ], [ -77.04558, 36.61856 ], [ -77.04574, 36.61652 ], [ -77.05047, 36.61559 ], [ -77.06689, 36.61543 ], [ -77.07, 36.61513 ], [ -77.07042, 36.6116 ], [ -77.07105, 36.61069 ], [ -77.07295, 36.61211 ], [ -77.07854, 36.61257 ], [ -77.07717, 36.60809 ], [ -77.07761, 36.60527 ], [ -77.07663, 36.60389 ], [ -77.07695, 36.59529 ], [ -77.08884, 36.60296 ], [ -77.09466, 36.60802 ], [ -77.09741, 36.6087 ], [ -77.09945, 36.60661 ], [ -77.10006, 36.60428 ], [ -77.09935, 36.60223 ], [ -77.09533, 36.60073 ], [ -77.09149, 36.59736 ], [ -77.09222, 36.59427 ], [ -77.09006, 36.59315 ], [ -77.08921, 36.59176 ], [ -77.08643, 36.59027 ], [ -77.08367, 36.59041 ], [ -77.08092, 36.58993 ], [ -77.0801, 36.58794 ], [ -77.07712, 36.5856 ], [ -77.07643, 36.58281 ], [ -77.07655, 36.58089 ], [ -77.07442, 36.57954 ], [ -77.07164, 36.57702 ], [ -77.06902, 36.57299 ], [ -77.06653, 36.56997 ], [ -77.06429, 36.56885 ], [ -77.06145, 36.56917 ], [ -77.05901, 36.56821 ], [ -77.05418, 36.56802 ], [ -77.05333, 36.56972 ], [ -77.0514, 36.56976 ], [ -77.05041, 36.57084 ], [ -77.0495, 36.56887 ], [ -77.04848, 36.56983 ], [ -77.047, 36.56937 ], [ -77.04255, 36.57223 ], [ -77.04068, 36.57253 ], [ -77.03843, 36.57179 ], [ -77.03951, 36.56921 ], [ -77.04082, 36.5678 ], [ -77.04491, 36.56452 ], [ -77.04619, 36.56273 ], [ -77.04692, 36.55993 ], [ -77.05132, 36.55971 ], [ -77.05801, 36.55719 ], [ -77.05976, 36.55507 ], [ -77.06738, 36.55011 ], [ -77.07189, 36.54588 ], [ -77.07714, 36.54832 ], [ -77.08281, 36.54983 ], [ -77.08398, 36.55278 ], [ -77.08348, 36.55786 ], [ -77.08885, 36.56395 ], [ -77.08875, 36.56686 ], [ -77.09716, 36.57051 ], [ -77.09914, 36.57216 ], [ -77.10453, 36.5661 ], [ -77.10722, 36.56356 ], [ -77.10519, 36.56287 ], [ -77.10241, 36.56041 ], [ -77.09839, 36.55817 ], [ -77.0984, 36.55593 ], [ -77.0994, 36.55482 ], [ -77.0993, 36.55332 ], [ -77.10262, 36.55011 ], [ -77.10303, 36.54445 ], [ -77.12481, 36.54399 ], [ -77.15269, 36.54408 ], [ -77.16966, 36.54731 ], [ -77.19017, 36.54616 ], [ -77.20516, 36.54458 ], [ -77.74971, 36.54552 ], [ -78.04621, 36.54417 ] ] ] } },
{ "type": "Feature", "properties": { "id": "VA-05", "state": "VA", "number": "05", "metro": false, "business_count": 0, "has_data": false }, "geometry": { "type": "Polygon", "coordinates": [ [ [ -79.71484, 36.542 ], [ -79.61232, 36.97502 ], [ -79.60623, 37.00014 ], [ -79.59407, 37.04221 ], [ -79.57931, 37.0366 ], [ -79.57637, 37.03594 ], [ -79.5717, 37.03629 ], [ -79.56696, 37.03505 ], [ -79.56431, 37.0347 ], [ -79.56172, 37.03553 ], [ -79.56091, 37.03619 ], [ -79.5606, 37.03829 ], [ -79.56215, 37.04158 ], [ -79.56194, 37.04225 ], [ -79.55948, 37.0439 ], [ -79.55532, 37.04335 ], [ -79.55254, 37.04236 ], [ -79.54926, 37.04199 ], [ -79.54756, 37.0423 ], [ -79.54401, 37.04378 ], [ -79.54264, 37.045 ], [ -79.54285, 37.04761 ], [ -79.54488, 37.04946 ], [ -79.55087, 37.05055 ], [ -79.55166, 37.05165 ], [ -79.55003, 37.05311 ], [ -79.54662, 37.0528 ], [ -79.54255, 37.05163 ], [ -79.53951, 37.05038 ], [ -79.538, 37.04913 ], [ -79.53774, 37.04785 ], [ -79.53856, 37.04461 ], [ -79.53799, 37.04336 ], [ -79.53561, 37.04113 ], [ -79.53019, 37.03769 ], [ -79.52727, 37.03622 ], [ -79.52304, 37.03508 ], [ -79.51806, 37.03468 ], [ -79.51176, 37.03244 ], [ -79.50981, 37.03135 ], [ -79.50495, 37.02739 ], [ -79.50044, 37.02503 ], [ -79.49842, 37.02435 ], [ -79.49518, 37.02197 ], [ -79.4887, 37.01444 ], [ -79.48438, 37.00751 ], [ -79.48173, 37.00593 ], [ -79.47906, 37.0064 ], [ -79.47545, 37.01077 ], [ -79.47175, 37.01402 ], [ -79.46861, 37.01524 ], [ -79.46312, 37.01478 ], [ -79.46102, 37.01515 ], [ -79.45899, 37.01694 ], [ -79.45874, 37.01803 ], [ -79.45949, 37.02026 ], [ -79.4612, 37.02166 ], [ -79.47042, 37.02709 ], [ -79.4745, 37.03024 ], [ -79.48122, 37.03371 ], [ -79.48327, 37.03529 ], [ -79.48405, 37.03695 ], [ -79.48367, 37.03822 ], [ -79.48141, 37.04088 ], [ -79.48018, 37.04351 ], [ -79.4805, 37.04539 ], [ -79.48171, 37.04761 ], [ -79.48742, 37.05276 ], [ -79.49001, 37.05569 ], [ -79.49139, 37.05954 ], [ -79.48952, 37.0625 ], [ -79.48609, 37.06406 ], [ -79.48147, 37.06466 ], [ -79.47785, 37.06424 ], [ -79.46862, 37.06118 ], [ -79.45943, 37.05874 ], [ -79.45458, 37.05619 ], [ -79.4512, 37.05556 ], [ -79.44468, 37.05557 ], [ -79.44286, 37.05587 ], [ -79.34617, 37.21256 ], [ -79.33832, 37.22615 ], [ -79.33048, 37.23842 ], [ -79.33451, 37.24124 ], [ -79.34307, 37.24424 ], [ -79.34768, 37.2448 ], [ -79.34901, 37.24556 ], [ -79.35235, 37.24594 ], [ -79.35492, 37.24668 ], [ -79.35927, 37.24598 ], [ -79.36366, 37.24773 ], [ -79.36876, 37.25092 ], [ -79.37367, 37.2529 ], [ -79.37602, 37.25423 ], [ -79.38319, 37.25943 ], [ -79.38492, 37.25991 ], [ -79.38963, 37.26237 ], [ -79.3972, 37.2682 ], [ -79.39857, 37.27045 ], [ -79.40416, 37.27393 ], [ -79.40612, 37.27653 ], [ -79.40778, 37.27798 ], [ -79.40746, 37.28234 ], [ -79.40488, 37.28182 ], [ -79.40389, 37.28252 ], [ -79.40497, 37.28405 ], [ -79.40451, 37.28551 ], [ -79.40051, 37.28521 ], [ -79.39973, 37.28562 ], [ -79.4011, 37.28782 ], [ -79.39939, 37.28876 ], [ -79.39638, 37.28675 ], [ -79.39468, 37.2867 ], [ -79.39249, 37.28785 ], [ -79.39203, 37.28885 ], [ -79.39486, 37.29059 ], [ -79.3985, 37.29142 ], [ -79.40002, 37.2933 ], [ -79.39936, 37.29664 ], [ -79.39855, 37.29834 ], [ -79.40045, 37.29964 ], [ -79.40122, 37.30154 ], [ -79.40074, 37.30255 ], [ -79.39622, 37.30446 ], [ -79.39874, 37.30792 ], [ -79.39401, 37.30845 ], [ -79.39384, 37.31046 ], [ -79.3924, 37.30935 ], [ -79.39166, 37.31054 ], [ -79.39917, 37.31811 ], [ -79.39954, 37.31933 ], [ -79.39655, 37.31802 ], [ -79.39592, 37.31627 ], [ -79.39376, 37.31598 ], [ -79.39736, 37.32014 ], [ -79.39904, 37.32286 ], [ -79.39784, 37.32491 ], [ -79.3956, 37.32619 ], [ -79.39461, 37.32824 ], [ -79.39482, 37.32977 ], [ -79.39273, 37.32949 ], [ -79.39221, 37.33065 ], [ -79.39024, 37.33066 ], [ -79.38878, 37.33361 ], [ -79.38977, 37.33572 ], [ -79.38858, 37.33621 ], [ -79.38721, 37.33412 ], [ -79.38482, 37.33347 ], [ -79.3848, 37.33447 ], [ -79.38134, 37.33606 ], [ -79.37943, 37.33532 ], [ -79.37619, 37.33264 ], [ -79.3761, 37.33415 ], [ -79.37343, 37.33693 ], [ -79.37342, 37.33536 ], [ -79.37097, 37.33367 ], [ -79.37111, 37.33829 ], [ -79.37001, 37.33855 ], [ -79.36753, 37.33509 ], [ -79.36566, 37.33564 ], [ -79.36768, 37.33767 ], [ -79.36472, 37.33843 ], [ -79.36644, 37.34022 ], [ -79.36664, 37.3426 ], [ -79.36487, 37.34286 ], [ -79.36154, 37.34236 ], [ -79.36052, 37.34089 ], [ -79.35853, 37.34094 ], [ -79.3571, 37.34273 ], [ -79.35537, 37.34116 ], [ -79.35361, 37.34049 ], [ -79.35125, 37.34225 ], [ -79.34977, 37.34257 ], [ -79.35018, 37.34485 ], [ -79.34769, 37.34434 ], [ -79.3467, 37.34503 ], [ -79.34757, 37.34563 ], [ -79.34721, 37.34759 ], [ -79.34408, 37.34743 ], [ -79.34413, 37.3501 ], [ -79.34538, 37.35266 ], [ -79.34032, 37.35029 ], [ -79.33781, 37.34998 ], [ -79.33518, 37.35208 ], [ -79.33476, 37.35292 ], [ -79.33184, 37.35268 ], [ -79.33052, 37.35406 ], [ -79.33235, 37.35578 ], [ -79.33127, 37.35648 ], [ -79.32877, 37.35504 ], [ -79.32641, 37.35557 ], [ -79.3286, 37.35743 ], [ -79.3265, 37.3587 ], [ -79.32643, 37.36031 ], [ -79.32742, 37.36347 ], [ -79.32349, 37.36235 ], [ -79.32287, 37.36267 ], [ -79.32285, 37.36412 ], [ -79.32215, 37.36452 ], [ -79.32079, 37.36681 ], [ -79.32015, 37.36905 ], [ -79.32142, 37.37091 ], [ -79.31937, 37.3723 ], [ -79.31791, 37.37444 ], [ -79.31931, 37.37582 ], [ -79.32111, 37.37489 ], [ -79.32267, 37.3764 ], [ -79.32192, 37.3776 ], [ -79.32452, 37.37981 ], [ -79.32974, 37.37744 ], [ -79.33125, 37.38042 ], [ -79.33235, 37.38055 ], [ -79.33654, 37.37944 ], [ -79.33597, 37.38061 ], [ -79.33765, 37.38474 ], [ -79.33917, 37.38329 ], [ -79.34057, 37.38523 ], [ -79.34234, 37.38602 ], [ -79.34715, 37.38436 ], [ -79.34879, 37.38542 ], [ -79.3485, 37.3873 ], [ -79.34926, 37.38873 ], [ -79.3482, 37.39108 ], [ -79.34905, 37.39288 ], [ -79.35105, 37.39284 ], [ -79.35179, 37.39376 ], [ -79.35425, 37.39354 ], [ -79.3547, 37.39474 ], [ -79.35623, 37.39451 ], [ -79.35703, 37.39583 ], [ -79.35746, 37.39802 ], [ -79.35699, 37.40075 ], [ -79.35808, 37.4037 ], [ -79.35996, 37.40737 ], [ -79.35758, 37.40867 ], [ -79.35681, 37.4106 ], [ -79.3539, 37.41077 ], [ -79.35173, 37.40962 ], [ -79.35135, 37.41217 ], [ -79.35235, 37.41485 ], [ -79.35172, 37.41707 ], [ -79.35282, 37.41741 ], [ -79.35773, 37.4167 ], [ -79.36052, 37.41739 ], [ -79.36276, 37.4168 ], [ -79.36922, 37.4268 ], [ -79.37091, 37.43079 ], [ -79.37155, 37.43648 ], [ -79.37266, 37.44063 ], [ -79.37474, 37.44479 ], [ -79.37713, 37.44705 ], [ -79.37821, 37.44968 ], [ -79.3776, 37.4505 ], [ -79.3814, 37.44918 ], [ -79.38273, 37.44978 ], [ -79.38478, 37.44788 ], [ -79.38643, 37.44831 ], [ -79.38814, 37.44787 ], [ -79.39151, 37.4482 ], [ -79.39115, 37.45049 ], [ -79.3943, 37.45199 ], [ -79.39414, 37.45319 ], [ -79.3991, 37.45381 ], [ -79.40012, 37.45624 ], [ -79.39945, 37.45912 ], [ -79.39848, 37.4601 ], [ -79.39487, 37.4612 ], [ -79.39283, 37.46292 ], [ -79.39267, 37.4652 ], [ -79.39322, 37.46731 ], [ -79.39304, 37.4701 ], [ -79.39076, 37.46968 ], [ -79.38951, 37.47038 ], [ -79.38794, 37.46882 ], [ -79.38633, 37.47058 ], [ -79.38505, 37.47304 ], [ -79.38342, 37.47273 ], [ -79.38295, 37.47426 ], [ -79.38109, 37.47497 ], [ -79.37898, 37.47496 ], [ -79.3784, 37.47614 ], [ -79.37691, 37.47566 ], [ -79.37529, 37.47709 ], [ -79.37448, 37.48012 ], [ -79.37356, 37.48054 ], [ -79.37034, 37.47942 ], [ -79.3689, 37.48114 ], [ -79.36586, 37.48177 ], [ -79.36477, 37.48283 ], [ -79.35885, 37.48348 ], [ -79.35603, 37.48413 ], [ -79.35585, 37.48248 ], [ -79.35452, 37.48235 ], [ -79.35124, 37.48015 ], [ -79.35094, 37.47848 ], [ -79.34944, 37.47832 ], [ -79.3477, 37.48053 ], [ -79.34604, 37.48025 ], [ -79.34404, 37.48096 ], [ -79.34347, 37.4794 ], [ -79.34148, 37.47933 ], [ -79.33897, 37.47767 ], [ -79.33925, 37.47621 ], [ -79.33789, 37.47596 ], [ -79.3385, 37.47465 ], [ -79.33642, 37.47512 ], [ -79.33283, 37.478 ], [ -79.32852, 37.47989 ], [ -79.3274, 37.48216 ], [ -79.32225, 37.48505 ], [ -79.32188, 37.48416 ], [ -79.31419, 37.48704 ], [ -79.31166, 37.48904 ], [ -79.30975, 37.49143 ], [ -79.30537, 37.49307 ], [ -79.30711, 37.49586 ], [ -79.307, 37.49806 ], [ -79.30469, 37.49967 ], [ -79.30157, 37.49907 ], [ -79.30083, 37.50023 ], [ -79.29703, 37.49863 ], [ -79.29637, 37.49712 ], [ -79.29568, 37.49857 ], [ -79.29797, 37.49943 ], [ -79.30086, 37.50146 ], [ -79.30568, 37.506 ], [ -79.31148, 37.50818 ], [ -79.31363, 37.50946 ], [ -79.31651, 37.51026 ], [ -79.32744, 37.51159 ], [ -79.33378, 37.51357 ], [ -79.33801, 37.51532 ], [ -79.34178, 37.51733 ], [ -79.34574, 37.52073 ], [ -79.34531, 37.52104 ], [ -79.34989, 37.52589 ], [ -79.35205, 37.52929 ], [ -79.35329, 37.53254 ], [ -79.36228, 37.54235 ], [ -79.36505, 37.54625 ], [ -79.36734, 37.55115 ], [ -79.36731, 37.55559 ], [ -79.36696, 37.55677 ], [ -79.36764, 37.55957 ], [ -79.36964, 37.56258 ], [ -79.37019, 37.56426 ], [ -79.36953, 37.56577 ], [ -79.37017, 37.56882 ], [ -79.37231, 37.57125 ], [ -79.37304, 37.57357 ], [ -79.37568, 37.57604 ], [ -79.37707, 37.57818 ], [ -79.38046, 37.58149 ], [ -79.38074, 37.58293 ], [ -79.38018, 37.58968 ], [ -79.38034, 37.59055 ], [ -79.38412, 37.59433 ], [ -79.38532, 37.59499 ], [ -79.39111, 37.59558 ], [ -79.39404, 37.59659 ], [ -79.39686, 37.59883 ], [ -79.39813, 37.60151 ], [ -79.4004, 37.60506 ], [ -79.40453, 37.60751 ], [ -79.40854, 37.60777 ], [ -79.41066, 37.60708 ], [ -79.41287, 37.60728 ], [ -79.41639, 37.60631 ], [ -79.42265, 37.60163 ], [ -79.42511, 37.60104 ], [ -79.43114, 37.60182 ], [ -79.43514, 37.60403 ], [ -79.43611, 37.60553 ], [ -79.4352, 37.60833 ], [ -79.43468, 37.61194 ], [ -79.43695, 37.61706 ], [ -79.42637, 37.61551 ], [ -79.42481, 37.61815 ], [ -79.4228, 37.62036 ], [ -79.41963, 37.62566 ], [ -79.41781, 37.62651 ], [ -79.41364, 37.62598 ], [ -79.40654, 37.62683 ], [ -79.4043, 37.62573 ], [ -79.40184, 37.62599 ], [ -79.39912, 37.62817 ], [ -79.39539, 37.62954 ], [ -79.3927, 37.63159 ], [ -79.39179, 37.63343 ], [ -79.38719, 37.636 ], [ -79.38035, 37.64276 ], [ -79.37521, 37.64475 ], [ -79.37019, 37.64462 ], [ -79.36557, 37.6457 ], [ -79.36458, 37.6472 ], [ -79.36087, 37.6501 ], [ -79.36056, 37.65154 ], [ -79.35819, 37.65422 ], [ -79.35852, 37.65579 ], [ -79.34944, 37.65854 ], [ -79.34524, 37.66063 ], [ -79.34489, 37.66157 ], [ -79.3456, 37.6642 ], [ -79.34509, 37.66645 ], [ -79.34316, 37.66922 ], [ -79.3435, 37.67038 ], [ -79.34177, 37.67171 ], [ -79.34221, 37.6757 ], [ -79.34058, 37.67863 ], [ -79.3372, 37.6791 ], [ -79.33652, 37.68009 ], [ -79.3373, 37.68134 ], [ -79.33482, 37.68407 ], [ -79.33265, 37.68558 ], [ -79.33246, 37.6864 ], [ -79.33039, 37.6874 ], [ -79.32797, 37.68964 ], [ -79.32532, 37.69064 ], [ -79.32238, 37.69275 ], [ -79.32008, 37.69677 ], [ -79.3199, 37.70012 ], [ -79.31666, 37.70336 ], [ -79.31646, 37.70501 ], [ -79.31534, 37.70645 ], [ -79.31671, 37.7083 ], [ -79.31666, 37.71085 ], [ -79.3181, 37.71296 ], [ -79.31743, 37.71476 ], [ -79.3157, 37.71715 ], [ -79.31258, 37.7175 ], [ -79.31196, 37.7192 ], [ -79.31311, 37.72103 ], [ -79.31185, 37.72187 ], [ -79.31229, 37.7231 ], [ -79.31, 37.72538 ], [ -79.30964, 37.72649 ], [ -79.30622, 37.72782 ], [ -79.30495, 37.72906 ], [ -79.30506, 37.73059 ], [ -79.30635, 37.73179 ], [ -79.30689, 37.73347 ], [ -79.30827, 37.73409 ], [ -79.30538, 37.73642 ], [ -79.30301, 37.74092 ], [ -79.30144, 37.74223 ], [ -79.29827, 37.75022 ], [ -79.29722, 37.75162 ], [ -79.29445, 37.75415 ], [ -79.29202, 37.75799 ], [ -79.29114, 37.76021 ], [ -79.28976, 37.76206 ], [ -79.28947, 37.76378 ], [ -79.2874, 37.76485 ], [ -79.28239, 37.76949 ], [ -79.27944, 37.77271 ], [ -79.278, 37.7753 ], [ -79.27371, 37.78082 ], [ -79.27204, 37.78541 ], [ -79.27045, 37.7874 ], [ -79.26887, 37.7902 ], [ -79.26467, 37.79469 ], [ -79.26092, 37.79133 ], [ -79.25872, 37.79339 ], [ -79.25585, 37.79343 ], [ -79.25436, 37.79632 ], [ -79.2526, 37.79719 ], [ -79.25186, 37.79887 ], [ -79.24994, 37.80056 ], [ -79.24906, 37.80206 ], [ -79.24569, 37.80548 ], [ -79.24369, 37.80618 ], [ -79.2423, 37.80758 ], [ -79.23877, 37.80838 ], [ -79.23402, 37.81233 ], [ -79.23156, 37.81318 ], [ -79.22859, 37.81238 ], [ -79.22923, 37.8103 ], [ -79.22889, 37.8094 ], [ -79.22322, 37.80723 ], [ -79.22146, 37.80505 ], [ -79.22075, 37.80264 ], [ -79.21629, 37.80126 ], [ -79.21759, 37.8 ], [ -79.21834, 37.79807 ], [ -79.21759, 37.79604 ], [ -79.21571, 37.79489 ], [ -79.21261, 37.79392 ], [ -79.21192, 37.79191 ], [ -79.20937, 37.78916 ], [ -79.206, 37.78968 ], [ -79.20439, 37.7886 ], [ -79.20212, 37.78934 ], [ -79.19882, 37.78798 ], [ -79.1963, 37.78919 ], [ -79.19574, 37.79072 ], [ -79.19222, 37.7931 ], [ -79.18975, 37.79423 ], [ -79.18792, 37.79419 ], [ -79.18576, 37.79504 ], [ -79.18082, 37.79522 ], [ -79.17923, 37.79692 ], [ -79.17634, 37.7983 ], [ -79.1738, 37.79892 ], [ -79.171, 37.80031 ], [ -79.17079, 37.80112 ], [ -79.17213, 37.8031 ], [ -79.17103, 37.80553 ], [ -79.16784, 37.80775 ], [ -79.16685, 37.80904 ], [ -79.1666, 37.81139 ], [ -79.16482, 37.81298 ], [ -79.16518, 37.81413 ], [ -79.16424, 37.81633 ], [ -79.16168, 37.81671 ], [ -79.15803, 37.81988 ], [ -79.1586, 37.82124 ], [ -79.16022, 37.82231 ], [ -79.15811, 37.82551 ], [ -79.16013, 37.82657 ], [ -79.15853, 37.82728 ], [ -79.15711, 37.82904 ], [ -79.15691, 37.83128 ], [ -79.15467, 37.83265 ], [ -79.15522, 37.83473 ], [ -79.15737, 37.83581 ], [ -79.15903, 37.83802 ], [ -79.15887, 37.83879 ], [ -79.15731, 37.83965 ], [ -79.15619, 37.84307 ], [ -79.1546, 37.84385 ], [ -79.15313, 37.84575 ], [ -79.1535, 37.8468 ], [ -79.15275, 37.84913 ], [ -79.15031, 37.85031 ], [ -79.14846, 37.85275 ], [ -79.14552, 37.85452 ], [ -79.14447, 37.85591 ], [ -79.14513, 37.85748 ], [ -79.14396, 37.85928 ], [ -79.14432, 37.86001 ], [ -79.147, 37.86167 ], [ -79.14852, 37.86213 ], [ -79.15, 37.86509 ], [ -79.15154, 37.86598 ], [ -79.15076, 37.86716 ], [ -79.14847, 37.869 ], [ -79.14718, 37.86931 ], [ -79.14658, 37.87048 ], [ -79.14817, 37.87224 ], [ -79.14655, 37.87329 ], [ -79.14648, 37.87522 ], [ -79.14734, 37.87591 ], [ -79.15077, 37.87679 ], [ -79.15183, 37.87879 ], [ -79.15144, 37.88037 ], [ -79.15257, 37.88108 ], [ -79.15134, 37.88457 ], [ -79.15191, 37.88623 ], [ -79.15739, 37.891 ], [ -79.15063, 37.89262 ], [ -79.14888, 37.89024 ], [ -79.14747, 37.8902 ], [ -79.14664, 37.88883 ], [ -79.14224, 37.8908 ], [ -79.13747, 37.89139 ], [ -79.13566, 37.89256 ], [ -79.134, 37.89284 ], [ -79.13049, 37.89446 ], [ -79.12935, 37.89559 ], [ -79.1227, 37.8958 ], [ -79.11828, 37.90108 ], [ -79.11609, 37.90206 ], [ -79.10792, 37.9037 ], [ -79.10595, 37.90243 ], [ -79.1013, 37.90374 ], [ -79.09967, 37.9049 ], [ -79.09974, 37.90634 ], [ -79.0989, 37.90763 ], [ -79.09122, 37.91093 ], [ -79.08771, 37.91191 ], [ -79.08658, 37.91163 ], [ -79.08352, 37.91205 ], [ -79.08191, 37.91299 ], [ -79.07831, 37.91387 ], [ -79.07726, 37.91489 ], [ -79.0764, 37.91513 ], [ -79.07504, 37.91409 ], [ -79.06941, 37.91335 ], [ -79.06691, 37.9145 ], [ -79.06381, 37.91714 ], [ -79.06228, 37.91752 ], [ -79.06, 37.91515 ], [ -79.05681, 37.91263 ], [ -79.05226, 37.91279 ], [ -79.05223, 37.91012 ], [ -79.05034, 37.90704 ], [ -79.04951, 37.90316 ], [ -79.05018, 37.89997 ], [ -79.04569, 37.89775 ], [ -79.04468, 37.89526 ], [ -79.04433, 37.8909 ], [ -79.04299, 37.89147 ], [ -79.03782, 37.89188 ], [ -79.03587, 37.89258 ], [ -79.0334, 37.89205 ], [ -79.02748, 37.8924 ], [ -79.02555, 37.89203 ], [ -79.02237, 37.8921 ], [ -79.01952, 37.89338 ], [ -79.01728, 37.89321 ], [ -79.01762, 37.89229 ], [ -79.01633, 37.88989 ], [ -79.01647, 37.88805 ], [ -79.0123, 37.88467 ], [ -79.00895, 37.88334 ], [ -79.00579, 37.88159 ], [ -79.00513, 37.88169 ], [ -79.003, 37.88415 ], [ -79.00079, 37.88513 ], [ -78.99845, 37.88824 ], [ -78.99608, 37.88887 ], [ -78.99286, 37.89105 ], [ -78.99005, 37.89444 ], [ -78.98747, 37.89587 ], [ -78.98725, 37.89834 ], [ -78.98516, 37.902 ], [ -78.98333, 37.90329 ], [ -78.98112, 37.90596 ], [ -78.97721, 37.9085 ], [ -78.97278, 37.91055 ], [ -78.97081, 37.91238 ], [ -78.96905, 37.91304 ], [ -78.96553, 37.91344 ], [ -78.96275, 37.91504 ], [ -78.95691, 37.91658 ], [ -78.95525, 37.91671 ], [ -78.95814, 37.91893 ], [ -78.95906, 37.92046 ], [ -78.95708, 37.92388 ], [ -78.95695, 37.92588 ], [ -78.95337, 37.92884 ], [ -78.95187, 37.93192 ], [ -78.94711, 37.93547 ], [ -78.94564, 37.93737 ], [ -78.94336, 37.93825 ], [ -78.94207, 37.94024 ], [ -78.9403, 37.94056 ], [ -78.93728, 37.93997 ], [ -78.93323, 37.93989 ], [ -78.93234, 37.94013 ], [ -78.92935, 37.93986 ], [ -78.9255, 37.94042 ], [ -78.9213, 37.94275 ], [ -78.92116, 37.94457 ], [ -78.91983, 37.94627 ], [ -78.91267, 37.94584 ], [ -78.90943, 37.94535 ], [ -78.9054, 37.94698 ], [ -78.90377, 37.94697 ], [ -78.89905, 37.94886 ], [ -78.90052, 37.94937 ], [ -78.90228, 37.9514 ], [ -78.90192, 37.95325 ], [ -78.90112, 37.95464 ], [ -78.90234, 37.95823 ], [ -78.90055, 37.96005 ], [ -78.9006, 37.96161 ], [ -78.89943, 37.96239 ], [ -78.90001, 37.96427 ], [ -78.89469, 37.97055 ], [ -78.89278, 37.97382 ], [ -78.89261, 37.97496 ], [ -78.89361, 37.97715 ], [ -78.90354, 37.97479 ], [ -78.9077, 37.97621 ], [ -78.90795, 37.97882 ], [ -78.90713, 37.98224 ], [ -78.90594, 37.98477 ], [ -78.90694, 37.98754 ], [ -78.90152, 37.99077 ], [ -78.89907, 37.99395 ], [ -78.8962, 37.99539 ], [ -78.89214, 37.99449 ], [ -78.88934, 37.99535 ], [ -78.88793, 37.99662 ], [ -78.88808, 37.99964 ], [ -78.88627, 38.00147 ], [ -78.88524, 38.00388 ], [ -78.88212, 38.008 ], [ -78.88172, 38.00937 ], [ -78.88238, 38.01432 ], [ -78.88195, 38.01818 ], [ -78.87919, 38.02006 ], [ -78.87804, 38.02163 ], [ -78.87753, 38.02412 ], [ -78.87369, 38.02862 ], [ -78.87219, 38.02909 ], [ -78.86962, 38.02796 ], [ -78.8664, 38.02863 ], [ -78.86356, 38.02783 ], [ -78.86188, 38.02873 ], [ -78.85983, 38.02847 ], [ -78.8581, 38.02943 ], [ -78.85746, 38.03263 ], [ -78.85519, 38.03579 ], [ -78.85279, 38.03724 ], [ -78.85033, 38.03779 ], [ -78.84707, 38.04109 ], [ -78.84216, 38.04436 ], [ -78.83887, 38.04737 ], [ -78.83701, 38.04826 ], [ -78.82993, 38.05403 ], [ -78.82651, 38.05443 ], [ -78.8252, 38.05604 ], [ -78.82222, 38.05796 ], [ -78.82169, 38.05923 ], [ -78.81862, 38.05985 ], [ -78.81729, 38.05963 ], [ -78.81186, 38.06173 ], [ -78.8105, 38.06148 ], [ -78.80648, 38.0632 ], [ -78.80507, 38.06465 ], [ -78.80162, 38.06602 ], [ -78.79837, 38.06663 ], [ -78.79279, 38.0695 ], [ -78.79223, 38.0712 ], [ -78.79313, 38.07263 ], [ -78.79284, 38.07601 ], [ -78.79393, 38.07751 ], [ -78.79161, 38.07818 ], [ -78.78884, 38.0797 ], [ -78.78807, 38.08094 ], [ -78.78603, 38.08167 ], [ -78.78108, 38.08076 ], [ -78.78081, 38.08203 ], [ -78.77891, 38.08437 ], [ -78.77925, 38.08892 ], [ -78.77738, 38.09181 ], [ -78.7772, 38.09322 ], [ -78.77789, 38.09448 ], [ -78.77957, 38.09558 ], [ -78.78117, 38.09719 ], [ -78.7807, 38.09895 ], [ -78.78375, 38.09985 ], [ -78.78256, 38.10267 ], [ -78.78015, 38.10424 ], [ -78.77921, 38.10688 ], [ -78.78097, 38.10764 ], [ -78.77999, 38.10956 ], [ -78.78065, 38.11278 ], [ -78.78274, 38.11328 ], [ -78.7838, 38.11432 ], [ -78.78579, 38.11449 ], [ -78.78585, 38.11611 ], [ -78.78754, 38.11729 ], [ -78.7869, 38.11856 ], [ -78.78531, 38.11924 ], [ -78.78536, 38.12074 ], [ -78.78719, 38.12192 ], [ -78.78729, 38.12513 ], [ -78.78807, 38.1264 ], [ -78.78594, 38.12903 ], [ -78.78349, 38.12932 ], [ -78.7795, 38.13209 ], [ -78.77946, 38.13712 ], [ -78.77908, 38.13989 ], [ -78.77543, 38.14101 ], [ -78.77411, 38.14552 ], [ -78.77415, 38.14984 ], [ -78.77211, 38.15336 ], [ -78.77149, 38.15843 ], [ -78.77039, 38.16102 ], [ -78.77046, 38.16286 ], [ -78.77177, 38.1661 ], [ -78.76978, 38.16802 ], [ -78.76817, 38.17106 ], [ -78.76835, 38.17347 ], [ -78.76699, 38.17566 ], [ -78.76603, 38.17596 ], [ -78.7649, 38.17789 ], [ -78.76343, 38.17809 ], [ -78.76196, 38.18027 ], [ -78.76188, 38.18255 ], [ -78.75899, 38.18554 ], [ -78.75682, 38.1872 ], [ -78.75649, 38.19043 ], [ -78.75494, 38.19271 ], [ -78.75261, 38.19424 ], [ -78.75279, 38.19707 ], [ -78.75093, 38.19895 ], [ -78.75229, 38.20128 ], [ -78.74647, 38.21157 ], [ -78.74517, 38.21443 ], [ -78.74214, 38.21772 ], [ -78.74054, 38.21894 ], [ -78.73764, 38.21929 ], [ -78.72644, 38.22997 ], [ -78.72483, 38.23105 ], [ -78.72183, 38.23142 ], [ -78.72292, 38.23024 ], [ -78.72276, 38.22815 ], [ -78.72086, 38.22935 ], [ -78.71432, 38.2294 ], [ -78.71115, 38.22982 ], [ -78.7082, 38.22878 ], [ -78.704, 38.22975 ], [ -78.7013, 38.22955 ], [ -78.69958, 38.23031 ], [ -78.69377, 38.23037 ], [ -78.69016, 38.22664 ], [ -78.68883, 38.22424 ], [ -78.68635, 38.22257 ], [ -78.68626, 38.22465 ], [ -78.68434, 38.22803 ], [ -78.68327, 38.2309 ], [ -78.68042, 38.23328 ], [ -78.67742, 38.23182 ], [ -78.66938, 38.23287 ], [ -78.66849, 38.23272 ], [ -78.66156, 38.23402 ], [ -78.66143, 38.23659 ], [ -78.66297, 38.2397 ], [ -78.65994, 38.23964 ], [ -78.65738, 38.24054 ], [ -78.65437, 38.24496 ], [ -78.65187, 38.242 ], [ -78.65007, 38.24211 ], [ -78.64927, 38.24424 ], [ -78.64596, 38.24291 ], [ -78.64185, 38.24279 ], [ -78.64163, 38.24015 ], [ -78.63948, 38.24016 ], [ -78.63358, 38.23845 ], [ -78.63063, 38.24028 ], [ -78.62774, 38.24127 ], [ -78.62429, 38.24093 ], [ -78.62276, 38.24167 ], [ -78.62079, 38.24093 ], [ -78.61989, 38.2415 ], [ -78.61787, 38.24053 ], [ -78.60535, 38.23844 ], [ -78.60269, 38.23887 ], [ -78.59803, 38.23624 ], [ -78.5963, 38.23743 ], [ -78.59589, 38.24234 ], [ -78.59609, 38.2444 ], [ -78.6037, 38.24931 ], [ -78.60551, 38.25118 ], [ -78.60654, 38.25817 ], [ -78.5937, 38.25352 ], [ -78.52271, 38.2312 ], [ -78.44242, 38.2073 ], [ -78.43838, 38.20581 ], [ -78.41682, 38.1993 ], [ -78.39671, 38.19208 ], [ -78.39031, 38.19069 ], [ -78.36898, 38.18415 ], [ -78.34432, 38.17779 ], [ -78.29946, 38.16284 ], [ -78.20938, 38.13113 ], [ -78.18716, 38.12767 ], [ -78.18376, 38.12885 ], [ -78.1815, 38.13004 ], [ -78.17882, 38.12989 ], [ -78.17526, 38.13043 ], [ -78.17142, 38.12969 ], [ -78.16961, 38.13069 ], [ -78.16823, 38.13346 ], [ -78.165, 38.13599 ], [ -78.16128, 38.13766 ], [ -78.15464, 38.13684 ], [ -78.1513, 38.13782 ], [ -78.14956, 38.13874 ], [ -78.14759, 38.13865 ], [ -78.1466, 38.14127 ], [ -78.14434, 38.143 ], [ -78.14228, 38.14111 ], [ -78.13847, 38.14181 ], [ -78.13704, 38.14136 ], [ -78.13396, 38.1387 ], [ -78.13109, 38.13911 ], [ -78.12779, 38.13871 ], [ -78.12352, 38.13942 ], [ -78.12251, 38.14026 ], [ -78.12129, 38.13968 ], [ -78.11789, 38.14021 ], [ -78.11656, 38.14005 ], [ -78.11634, 38.14128 ], [ -78.11477, 38.1413 ], [ -78.11325, 38.14342 ], [ -78.11168, 38.14487 ], [ -78.11224, 38.14765 ], [ -78.10755, 38.1497 ], [ -78.10532, 38.15131 ], [ -78.10175, 38.15257 ], [ -78.09809, 38.15091 ], [ -78.09504, 38.15079 ], [ -78.09287, 38.15156 ], [ -78.08795, 38.1491 ], [ -78.0876, 38.14735 ], [ -78.08583, 38.14663 ], [ -78.08178, 38.14717 ], [ -78.0805, 38.14662 ], [ -78.08112, 38.14552 ], [ -78.07993, 38.14426 ], [ -78.07819, 38.14391 ], [ -78.0765, 38.14158 ], [ -78.07416, 38.14118 ], [ -78.07082, 38.1427 ], [ -78.06745, 38.14242 ], [ -78.06459, 38.14107 ], [ -78.06447, 38.1402 ], [ -78.06127, 38.1408 ], [ -78.05848, 38.14065 ], [ -78.05601, 38.1388 ], [ -78.05527, 38.13934 ], [ -78.05284, 38.13799 ], [ -78.05196, 38.13805 ], [ -78.04788, 38.13588 ], [ -78.04249, 38.13592 ], [ -78.04213, 38.13667 ], [ -78.03918, 38.13671 ], [ -78.03969, 38.13515 ], [ -78.03891, 38.13485 ], [ -78.03374, 38.13609 ], [ -78.03181, 38.13728 ], [ -78.03016, 38.13967 ], [ -78.02898, 38.13883 ], [ -78.02585, 38.13763 ], [ -78.0246, 38.13659 ], [ -78.0217, 38.14216 ], [ -78.02053, 38.14105 ], [ -78.0188, 38.14191 ], [ -78.01735, 38.14147 ], [ -78.01736, 38.14032 ], [ -78.01253, 38.13914 ], [ -78.01041, 38.1402 ], [ -78.00671, 38.13906 ], [ -78.00539, 38.13928 ], [ -78.0036, 38.13825 ], [ -78.00216, 38.13857 ], [ -78.00195, 38.13758 ], [ -77.99632, 38.13213 ], [ -77.9921, 38.12891 ], [ -77.98991, 38.12788 ], [ -77.99068, 38.12516 ], [ -77.98911, 38.12447 ], [ -77.98735, 38.12472 ], [ -77.98649, 38.12291 ], [ -77.98521, 38.12279 ], [ -77.98401, 38.12086 ], [ -77.98032, 38.1195 ], [ -77.97959, 38.12037 ], [ -77.97707, 38.11995 ], [ -77.97542, 38.12126 ], [ -77.973, 38.12043 ], [ -77.96851, 38.12234 ], [ -77.96543, 38.12035 ], [ -77.96216, 38.11874 ], [ -77.95806, 38.11798 ], [ -77.95223, 38.11861 ], [ -77.95014, 38.11762 ], [ -77.94845, 38.11803 ], [ -77.94825, 38.11943 ], [ -77.94705, 38.12004 ], [ -77.94586, 38.11914 ], [ -77.94437, 38.11955 ], [ -77.94228, 38.11866 ], [ -77.94058, 38.11887 ], [ -77.93979, 38.11767 ], [ -77.93601, 38.1159 ], [ -77.93422, 38.11411 ], [ -77.92974, 38.11373 ], [ -77.92606, 38.11505 ], [ -77.92372, 38.11454 ], [ -77.92272, 38.11494 ], [ -77.92032, 38.11694 ], [ -77.91672, 38.11834 ], [ -77.91412, 38.11714 ], [ -77.91252, 38.11154 ], [ -77.91032, 38.11224 ], [ -77.90772, 38.11184 ], [ -77.90712, 38.11114 ], [ -77.90352, 38.10974 ], [ -77.90182, 38.10814 ], [ -77.90022, 38.10944 ], [ -77.89842, 38.10974 ], [ -77.89832, 38.11124 ], [ -77.89692, 38.11154 ], [ -77.89652, 38.11014 ], [ -77.89192, 38.11154 ], [ -77.88842, 38.11314 ], [ -77.88653, 38.11223 ], [ -77.88545, 38.1107 ], [ -77.88312, 38.11014 ], [ -77.88232, 38.10894 ], [ -77.87902, 38.10844 ], [ -77.87422, 38.10644 ], [ -77.87172, 38.10654 ], [ -77.86912, 38.10564 ], [ -77.86662, 38.10624 ], [ -77.85982, 38.10524 ], [ -77.85822, 38.10304 ], [ -77.85882, 38.10134 ], [ -77.85812, 38.10034 ], [ -77.85612, 38.09984 ], [ -77.85442, 38.10094 ], [ -77.85452, 38.10394 ], [ -77.85122, 38.10434 ], [ -77.85152, 38.10344 ], [ -77.84842, 38.10184 ], [ -77.84702, 38.09844 ], [ -77.84542, 38.09854 ], [ -77.84332, 38.10034 ], [ -77.84292, 38.10144 ], [ -77.84552, 38.10434 ], [ -77.83822, 38.10624 ], [ -77.83632, 38.10444 ], [ -77.83622, 38.10114 ], [ -77.83322, 38.10044 ], [ -77.83092, 38.09924 ], [ -77.83032, 38.09774 ], [ -77.82652, 38.09714 ], [ -77.82432, 38.09594 ], [ -77.82342, 38.09354 ], [ -77.81972, 38.09244 ], [ -77.82031, 38.08923 ], [ -77.81972, 38.08784 ], [ -77.81762, 38.08564 ], [ -77.81532, 38.08684 ], [ -77.81289, 38.0853 ], [ -77.81262, 38.08124 ], [ -77.81112, 38.07969 ], [ -77.80652, 38.07854 ], [ -77.80012, 38.07824 ], [ -77.79882, 38.07874 ], [ -77.79372, 38.07854 ], [ -77.78931, 38.07594 ], [ -77.78661, 38.07604 ], [ -77.78451, 38.07184 ], [ -77.78451, 38.07094 ], [ -77.78291, 38.06944 ], [ -77.78251, 38.06754 ], [ -77.78491, 38.06514 ], [ -77.78421, 38.06314 ], [ -77.78171, 38.06264 ], [ -77.78021, 38.06034 ], [ -77.77851, 38.05874 ], [ -77.77191, 38.05744 ], [ -77.77101, 38.05674 ], [ -77.77141, 38.05374 ], [ -77.76851, 38.05174 ], [ -77.76611, 38.05334 ], [ -77.76402, 38.05314 ], [ -77.76251, 38.05054 ], [ -77.75611, 38.04824 ], [ -77.75141, 38.05194 ], [ -77.74861, 38.05284 ], [ -77.74521, 38.05084 ], [ -77.74781, 38.04794 ], [ -77.74751, 38.04554 ], [ -77.74841, 38.04344 ], [ -77.74821, 38.04214 ], [ -77.74571, 38.04094 ], [ -77.74291, 38.04074 ], [ -77.74161, 38.03964 ], [ -77.74091, 38.03774 ], [ -77.74271, 38.03744 ], [ -77.74341, 38.03924 ], [ -77.74791, 38.03764 ], [ -77.74881, 38.03514 ], [ -77.74771, 38.03334 ], [ -77.74851, 38.02874 ], [ -77.74761, 38.02634 ], [ -77.74767, 38.0243 ], [ -77.74691, 38.02364 ], [ -77.74491, 38.02374 ], [ -77.74451, 38.02514 ], [ -77.74071, 38.02964 ], [ -77.74071, 38.03124 ], [ -77.73951, 38.03304 ], [ -77.73631, 38.03204 ], [ -77.73231, 38.03164 ], [ -77.73101, 38.03104 ], [ -77.72981, 38.02874 ], [ -77.72831, 38.02774 ], [ -77.72831, 38.02604 ], [ -77.73101, 38.02484 ], [ -77.73131, 38.02124 ], [ -77.72971, 38.02104 ], [ -77.72711, 38.02264 ], [ -77.72341, 38.02344 ], [ -77.72221, 38.02324 ], [ -77.71931, 38.02064 ], [ -77.72001, 38.01814 ], [ -77.71931, 38.01664 ], [ -77.71701, 38.01644 ], [ -77.71286, 38.01459 ], [ -77.71189, 38.01272 ], [ -77.71029, 38.0126 ], [ -77.70815, 38.01341 ], [ -77.7053, 38.01351 ], [ -77.70388, 38.01282 ], [ -77.69967, 38.0123 ], [ -77.6982, 38.00995 ], [ -77.69555, 38.0073 ], [ -77.69457, 38.00712 ], [ -77.69206, 38.00794 ], [ -77.68747, 38.00781 ], [ -77.68412, 38.00817 ], [ -77.67749, 38.00659 ], [ -77.67133, 38.00389 ], [ -77.66822, 38.00064 ], [ -77.66799, 37.9977 ], [ -77.66539, 37.99674 ], [ -77.66244, 37.99765 ], [ -77.66097, 37.99759 ], [ -77.66052, 37.993 ], [ -77.65913, 37.99181 ], [ -77.65797, 37.99171 ], [ -77.65401, 37.9935 ], [ -77.64927, 37.9941 ], [ -77.64716, 37.99395 ], [ -77.64288, 37.99262 ], [ -77.64252, 37.99069 ], [ -77.64314, 37.98879 ], [ -77.64307, 37.98614 ], [ -77.6436, 37.98183 ], [ -77.64346, 37.97971 ], [ -77.6421, 37.97831 ], [ -77.63671, 37.97783 ], [ -77.63484, 37.97604 ], [ -77.63281, 37.97301 ], [ -77.63134, 37.9722 ], [ -77.63081, 37.97108 ], [ -77.63311, 37.96948 ], [ -77.63339, 37.96836 ], [ -77.63262, 37.96525 ], [ -77.63061, 37.96448 ], [ -77.62714, 37.96462 ], [ -77.62447, 37.96654 ], [ -77.62239, 37.96691 ], [ -77.62098, 37.96657 ], [ -77.61879, 37.96439 ], [ -77.61867, 37.96177 ], [ -77.61736, 37.96068 ], [ -77.61408, 37.95931 ], [ -77.61812, 37.95263 ], [ -77.61838, 37.95016 ], [ -77.61618, 37.94902 ], [ -77.61148, 37.94979 ], [ -77.61077, 37.95039 ], [ -77.60829, 37.95445 ], [ -77.60486, 37.95534 ], [ -77.6027, 37.95536 ], [ -77.59978, 37.95452 ], [ -77.594, 37.95059 ], [ -77.58989, 37.94927 ], [ -77.58588, 37.94935 ], [ -77.58386, 37.95029 ], [ -77.58124, 37.9506 ], [ -77.57921, 37.9533 ], [ -77.57964, 37.95567 ], [ -77.57673, 37.95807 ], [ -77.57047, 37.95492 ], [ -77.56865, 37.95238 ], [ -77.56785, 37.94978 ], [ -77.56417, 37.94651 ], [ -77.56457, 37.94522 ], [ -77.56625, 37.9438 ], [ -77.56575, 37.94149 ], [ -77.56291, 37.94006 ], [ -77.56303, 37.93745 ], [ -77.56212, 37.93638 ], [ -77.55869, 37.93636 ], [ -77.55627, 37.93584 ], [ -77.55573, 37.93488 ], [ -77.55296, 37.93302 ], [ -77.55254, 37.93147 ], [ -77.55088, 37.93011 ], [ -77.54647, 37.92856 ], [ -77.54668, 37.92697 ], [ -77.54794, 37.9262 ], [ -77.55089, 37.92643 ], [ -77.55468, 37.92618 ], [ -77.55675, 37.92455 ], [ -77.55734, 37.92288 ], [ -77.55481, 37.92072 ], [ -77.54604, 37.91589 ], [ -77.54408, 37.91598 ], [ -77.54285, 37.91689 ], [ -77.5426, 37.91854 ], [ -77.54085, 37.9197 ], [ -77.53663, 37.92119 ], [ -77.52913, 37.92082 ], [ -77.52661, 37.91537 ], [ -77.52482, 37.91358 ], [ -77.52243, 37.91248 ], [ -77.52119, 37.90983 ], [ -77.51889, 37.90682 ], [ -77.51478, 37.90433 ], [ -77.51072, 37.90426 ], [ -77.50897, 37.90353 ], [ -77.50759, 37.90203 ], [ -77.50481, 37.90116 ], [ -77.50314, 37.90178 ], [ -77.4959, 37.89814 ], [ -77.49364, 37.89755 ], [ -77.49283, 37.89497 ], [ -77.49356, 37.89275 ], [ -77.49241, 37.88914 ], [ -77.49084, 37.88834 ], [ -77.48753, 37.88777 ], [ -77.48417, 37.88337 ], [ -77.48144, 37.88308 ], [ -77.47783, 37.88361 ], [ -77.47577, 37.88583 ], [ -77.47081, 37.88899 ], [ -77.46875, 37.88964 ], [ -77.46703, 37.88954 ], [ -77.46512, 37.88845 ], [ -77.46217, 37.88817 ], [ -77.45827, 37.89015 ], [ -77.45567, 37.89011 ], [ -77.45311, 37.89189 ], [ -77.45233, 37.89308 ], [ -77.44901, 37.89408 ], [ -77.44515, 37.8947 ], [ -77.44393, 37.89363 ], [ -77.44276, 37.89113 ], [ -77.44285, 37.88936 ], [ -77.44178, 37.8883 ], [ -77.43639, 37.88534 ], [ -77.43438, 37.88137 ], [ -77.43319, 37.87795 ], [ -77.43311, 37.87506 ], [ -77.42908, 37.87283 ], [ -77.4284, 37.86904 ], [ -77.42769, 37.8683 ], [ -77.42199, 37.86493 ], [ -77.4217, 37.86272 ], [ -77.41903, 37.8612 ], [ -77.41871, 37.86055 ], [ -77.41952, 37.85887 ], [ -77.42137, 37.85907 ], [ -77.4238, 37.86159 ], [ -77.425, 37.8614 ], [ -77.42703, 37.85896 ], [ -77.42817, 37.85646 ], [ -77.42694, 37.85423 ], [ -77.42716, 37.85255 ], [ -77.42825, 37.85121 ], [ -77.42665, 37.848 ], [ -77.42801, 37.84533 ], [ -77.42801, 37.84356 ], [ -77.4292, 37.84195 ], [ -77.42654, 37.84014 ], [ -77.42867, 37.83647 ], [ -77.42825, 37.83444 ], [ -77.42668, 37.83297 ], [ -77.42691, 37.83136 ], [ -77.42827, 37.82957 ], [ -77.42718, 37.82784 ], [ -77.42723, 37.82623 ], [ -77.42489, 37.82489 ], [ -77.4218, 37.82469 ], [ -77.41938, 37.82497 ], [ -77.41602, 37.82334 ], [ -77.41424, 37.82307 ], [ -77.41228, 37.8235 ], [ -77.41123, 37.82299 ], [ -77.40964, 37.81973 ], [ -77.41016, 37.81918 ], [ -77.41334, 37.81881 ], [ -77.41362, 37.81778 ], [ -77.41213, 37.81655 ], [ -77.41304, 37.8157 ], [ -77.41536, 37.81525 ], [ -77.41843, 37.81625 ], [ -77.42031, 37.81586 ], [ -77.42157, 37.81456 ], [ -77.4228, 37.81205 ], [ -77.42303, 37.81048 ], [ -77.42235, 37.80878 ], [ -77.41914, 37.80947 ], [ -77.418, 37.80911 ], [ -77.41302, 37.80524 ], [ -77.40781, 37.80333 ], [ -77.40919, 37.80291 ], [ -77.41254, 37.79981 ], [ -77.41564, 37.79897 ], [ -77.42024, 37.79859 ], [ -77.42272, 37.79973 ], [ -77.42454, 37.79988 ], [ -77.4267, 37.79738 ], [ -77.43006, 37.7983 ], [ -77.43479, 37.80051 ], [ -77.43613, 37.80188 ], [ -77.4411, 37.80242 ], [ -77.44224, 37.80362 ], [ -77.44363, 37.80386 ], [ -77.44604, 37.80333 ], [ -77.44728, 37.7941 ], [ -77.44948, 37.79392 ], [ -77.44885, 37.79739 ], [ -77.45023, 37.79797 ], [ -77.45115, 37.79715 ], [ -77.45295, 37.7946 ], [ -77.45721, 37.79744 ], [ -77.46106, 37.79902 ], [ -77.4603, 37.79191 ], [ -77.46236, 37.7905 ], [ -77.47033, 37.7882 ], [ -77.47041, 37.78944 ], [ -77.47124, 37.78962 ], [ -77.47184, 37.79173 ], [ -77.47226, 37.79174 ], [ -77.47653, 37.77706 ], [ -77.48432, 37.77951 ], [ -77.48414, 37.77554 ], [ -77.49126, 37.77558 ], [ -77.49292, 37.77409 ], [ -77.49963, 37.77219 ], [ -77.50087, 37.77388 ], [ -77.50286, 37.77484 ], [ -77.50707, 37.77506 ], [ -77.50868, 37.7773 ], [ -77.50782, 37.77526 ], [ -77.50963, 37.77657 ], [ -77.5129, 37.77586 ], [ -77.51664, 37.77669 ], [ -77.51981, 37.77866 ], [ -77.52546, 37.77787 ], [ -77.53048, 37.77629 ], [ -77.53132, 37.7753 ], [ -77.53507, 37.77466 ], [ -77.54668, 37.7781 ], [ -77.54854, 37.77719 ], [ -77.55363, 37.77562 ], [ -77.55461, 37.77774 ], [ -77.55244, 37.77823 ], [ -77.53975, 37.79171 ], [ -77.54428, 37.79503 ], [ -77.54926, 37.79685 ], [ -77.55142, 37.7939 ], [ -77.55314, 37.79336 ], [ -77.55598, 37.79373 ], [ -77.55947, 37.79316 ], [ -77.56057, 37.79485 ], [ -77.56431, 37.79581 ], [ -77.56649, 37.79718 ], [ -77.56977, 37.80273 ], [ -77.57439, 37.80487 ], [ -77.57557, 37.80369 ], [ -77.57631, 37.79972 ], [ -77.576, 37.79801 ], [ -77.57411, 37.7956 ], [ -77.57448, 37.79459 ], [ -77.57875, 37.79028 ], [ -77.57989, 37.78965 ], [ -77.58185, 37.78697 ], [ -77.58471, 37.78476 ], [ -77.58549, 37.78251 ], [ -77.58754, 37.77961 ], [ -77.58877, 37.77861 ], [ -77.59225, 37.77831 ], [ -77.59465, 37.77519 ], [ -77.5967, 37.77391 ], [ -77.60009, 37.77452 ], [ -77.601, 37.77373 ], [ -77.59873, 37.7718 ], [ -77.5968, 37.77083 ], [ -77.59664, 37.76826 ], [ -77.59818, 37.76767 ], [ -77.60331, 37.76925 ], [ -77.60519, 37.76731 ], [ -77.60776, 37.76581 ], [ -77.61233, 37.75986 ], [ -77.61471, 37.75897 ], [ -77.61766, 37.75919 ], [ -77.61968, 37.76107 ], [ -77.62237, 37.76049 ], [ -77.62413, 37.76091 ], [ -77.62878, 37.75844 ], [ -77.63016, 37.75591 ], [ -77.63184, 37.75609 ], [ -77.63338, 37.7571 ], [ -77.63322, 37.75848 ], [ -77.63397, 37.76125 ], [ -77.63626, 37.7624 ], [ -77.63815, 37.76273 ], [ -77.64117, 37.76482 ], [ -77.64125, 37.76461 ], [ -77.63852, 37.7627 ], [ -77.63638, 37.76226 ], [ -77.63399, 37.7609 ], [ -77.63356, 37.75714 ], [ -77.63501, 37.75715 ], [ -77.63357, 37.75468 ], [ -77.63436, 37.75388 ], [ -77.63134, 37.75227 ], [ -77.6337, 37.75209 ], [ -77.63671, 37.74971 ], [ -77.63797, 37.74746 ], [ -77.63993, 37.74789 ], [ -77.64305, 37.75008 ], [ -77.64601, 37.7548 ], [ -77.64651, 37.75709 ], [ -77.64867, 37.75674 ], [ -77.65083, 37.75138 ], [ -77.65121, 37.74907 ], [ -77.65402, 37.74793 ], [ -77.65365, 37.74659 ], [ -77.65269, 37.74519 ], [ -77.64544, 37.73911 ], [ -77.6447, 37.72888 ], [ -77.64132, 37.73128 ], [ -77.62458, 37.72642 ], [ -77.62055, 37.72586 ], [ -77.62346, 37.72362 ], [ -77.63432, 37.72697 ], [ -77.64046, 37.72579 ], [ -77.63925, 37.72255 ], [ -77.63975, 37.72054 ], [ -77.63993, 37.71588 ], [ -77.63852, 37.71261 ], [ -77.63677, 37.70995 ], [ -77.63617, 37.70654 ], [ -77.63082, 37.7057 ], [ -77.63775, 37.68667 ], [ -77.64191, 37.68789 ], [ -77.64159, 37.68459 ], [ -77.64191, 37.68034 ], [ -77.64284, 37.67931 ], [ -77.64092, 37.67807 ], [ -77.64436, 37.66936 ], [ -77.64605, 37.6622 ], [ -77.64619, 37.65922 ], [ -77.64936, 37.65937 ], [ -77.64991, 37.65702 ], [ -77.64856, 37.6569 ], [ -77.64971, 37.65377 ], [ -77.64953, 37.65158 ], [ -77.65052, 37.64869 ], [ -77.65275, 37.64544 ], [ -77.65445, 37.64073 ], [ -77.65394, 37.63955 ], [ -77.65371, 37.63454 ], [ -77.652, 37.63211 ], [ -77.65205, 37.6309 ], [ -77.65062, 37.62419 ], [ -77.65208, 37.61919 ], [ -77.6518, 37.61666 ], [ -77.64632, 37.61382 ], [ -77.64317, 37.6138 ], [ -77.64175, 37.61178 ], [ -77.64071, 37.6079 ], [ -77.64173, 37.60663 ], [ -77.64024, 37.60269 ], [ -77.63582, 37.60166 ], [ -77.6341, 37.60202 ], [ -77.63158, 37.60055 ], [ -77.62833, 37.59991 ], [ -77.62635, 37.59881 ], [ -77.62604, 37.59661 ], [ -77.62833, 37.59459 ], [ -77.62642, 37.59135 ], [ -77.62447, 37.58996 ], [ -77.62038, 37.58992 ], [ -77.61832, 37.58897 ], [ -77.61889, 37.58488 ], [ -77.61806, 37.58126 ], [ -77.61714, 37.58061 ], [ -77.61643, 37.57755 ], [ -77.61799, 37.57689 ], [ -77.62006, 37.57706 ], [ -77.62392, 37.57576 ], [ -77.62799, 37.57683 ], [ -77.63055, 37.57672 ], [ -77.63238, 37.57554 ], [ -77.63569, 37.57138 ], [ -77.63626, 37.5687 ], [ -77.63394, 37.56733 ], [ -77.63471, 37.56598 ], [ -77.63724, 37.56609 ], [ -77.63871, 37.56674 ], [ -77.64159, 37.56675 ], [ -77.64408, 37.56625 ], [ -77.64711, 37.56638 ], [ -77.65285, 37.56541 ], [ -77.6554, 37.56399 ], [ -77.65624, 37.56085 ], [ -77.73274, 37.50602 ], [ -77.74787, 37.49468 ], [ -77.74972, 37.49379 ], [ -77.7978, 37.45889 ], [ -77.79799, 37.45672 ], [ -77.79751, 37.45442 ], [ -77.79751, 37.45104 ], [ -77.79885, 37.4475 ], [ -77.7988, 37.44489 ], [ -77.80499, 37.43763 ], [ -77.80561, 37.43571 ], [ -77.8049, 37.43477 ], [ -77.80641, 37.4317 ], [ -77.80854, 37.43019 ], [ -77.80798, 37.42953 ], [ -77.80827, 37.42679 ], [ -77.80919, 37.42611 ], [ -77.81553, 37.42505 ], [ -77.81709, 37.42418 ], [ -77.8267, 37.42245 ], [ -77.83033, 37.4224 ], [ -77.83316, 37.4228 ], [ -77.83468, 37.42232 ], [ -77.83791, 37.42025 ], [ -77.84035, 37.4182 ], [ -77.84299, 37.41895 ], [ -77.84394, 37.41843 ], [ -77.84673, 37.41512 ], [ -77.84891, 37.41483 ], [ -77.85099, 37.41693 ], [ -77.85338, 37.41855 ], [ -77.85515, 37.41836 ], [ -77.85699, 37.41541 ], [ -77.85874, 37.41454 ], [ -77.8632, 37.41569 ], [ -77.86691, 37.4172 ], [ -77.86885, 37.41727 ], [ -77.87259, 37.41849 ], [ -77.87509, 37.41714 ], [ -77.87549, 37.41602 ], [ -77.87488, 37.41168 ], [ -77.87353, 37.40733 ], [ -77.87246, 37.40564 ], [ -77.87172, 37.40207 ], [ -77.87181, 37.39943 ], [ -77.8712, 37.39832 ], [ -77.86739, 37.39382 ], [ -77.86801, 37.39175 ], [ -77.86937, 37.39125 ], [ -77.87298, 37.39205 ], [ -77.87464, 37.38663 ], [ -77.87627, 37.38583 ], [ -77.87823, 37.38351 ], [ -77.87827, 37.38185 ], [ -77.87683, 37.37807 ], [ -77.87721, 37.37445 ], [ -77.87657, 37.36948 ], [ -77.87756, 37.36625 ], [ -77.8766, 37.36429 ], [ -77.87489, 37.36256 ], [ -77.87379, 37.36238 ], [ -77.86728, 37.363 ], [ -77.86376, 37.3629 ], [ -77.86095, 37.3622 ], [ -77.85732, 37.35922 ], [ -77.85284, 37.35665 ], [ -77.8518, 37.35487 ], [ -77.85256, 37.35104 ], [ -77.85238, 37.34764 ], [ -77.85054, 37.3451 ], [ -77.84465, 37.34247 ], [ -77.83735, 37.33838 ], [ -77.83258, 37.33795 ], [ -77.82764, 37.33858 ], [ -77.82098, 37.33848 ], [ -77.8175, 37.3381 ], [ -77.81262, 37.33663 ], [ -77.80672, 37.33624 ], [ -77.80523, 37.33533 ], [ -77.80234, 37.3354 ], [ -77.79861, 37.33432 ], [ -77.79651, 37.33269 ], [ -77.79693, 37.33025 ], [ -77.79869, 37.32764 ], [ -77.79653, 37.32595 ], [ -77.79625, 37.32397 ], [ -77.79813, 37.32312 ], [ -77.79958, 37.3216 ], [ -77.80124, 37.31862 ], [ -77.80448, 37.31831 ], [ -77.80716, 37.31722 ], [ -77.80901, 37.31536 ], [ -77.80879, 37.31231 ], [ -77.8078, 37.30958 ], [ -77.80675, 37.30453 ], [ -77.80205, 37.30168 ], [ -77.79714, 37.29938 ], [ -77.79391, 37.29932 ], [ -77.78919, 37.29831 ], [ -77.78486, 37.29649 ], [ -77.77514, 37.28909 ], [ -77.77259, 37.28761 ], [ -77.76943, 37.28498 ], [ -77.76849, 37.28244 ], [ -77.76841, 37.27734 ], [ -77.76799, 37.27509 ], [ -77.76355, 37.27074 ], [ -77.75862, 37.26872 ], [ -77.75358, 37.26791 ], [ -77.7508, 37.26789 ], [ -77.74451, 37.26684 ], [ -77.74212, 37.26749 ], [ -77.73979, 37.26866 ], [ -77.73802, 37.27036 ], [ -77.73831, 37.27426 ], [ -77.73649, 37.27729 ], [ -77.73597, 37.28328 ], [ -77.73552, 37.28419 ], [ -77.73034, 37.2858 ], [ -77.72784, 37.28579 ], [ -77.72123, 37.28325 ], [ -77.72001, 37.28332 ], [ -77.71744, 37.28486 ], [ -77.71588, 37.28665 ], [ -77.71586, 37.28821 ], [ -77.71759, 37.29099 ], [ -77.71742, 37.29409 ], [ -77.71621, 37.29688 ], [ -77.71378, 37.29903 ], [ -77.71169, 37.29983 ], [ -77.7088, 37.30008 ], [ -77.70583, 37.29947 ], [ -77.70345, 37.29821 ], [ -77.70149, 37.29613 ], [ -77.69949, 37.29199 ], [ -77.6981, 37.2877 ], [ -77.69256, 37.28145 ], [ -77.68703, 37.28243 ], [ -77.68391, 37.286 ], [ -77.6833, 37.28958 ], [ -77.68241, 37.29175 ], [ -77.68053, 37.2924 ], [ -77.67581, 37.29275 ], [ -77.67202, 37.29249 ], [ -77.66984, 37.29277 ], [ -77.66747, 37.29247 ], [ -77.66674, 37.29167 ], [ -77.66477, 37.28778 ], [ -77.66254, 37.27871 ], [ -77.66081, 37.27565 ], [ -77.65712, 37.27235 ], [ -77.65536, 37.2687 ], [ -77.65427, 37.26728 ], [ -77.65061, 37.26511 ], [ -77.65055, 37.26302 ], [ -77.65187, 37.26077 ], [ -77.64986, 37.25786 ], [ -77.64894, 37.25538 ], [ -77.65053, 37.25496 ], [ -77.65336, 37.25501 ], [ -77.65597, 37.25371 ], [ -77.65712, 37.25127 ], [ -77.65636, 37.24658 ], [ -77.65771, 37.2469 ], [ -77.65965, 37.2463 ], [ -77.65975, 37.24558 ], [ -77.66138, 37.24593 ], [ -77.66179, 37.24378 ], [ -77.66069, 37.24182 ], [ -77.66133, 37.24074 ], [ -77.66335, 37.24019 ], [ -77.66401, 37.24096 ], [ -77.66556, 37.24038 ], [ -77.66605, 37.24117 ], [ -77.66863, 37.24098 ], [ -77.67116, 37.242 ], [ -77.67301, 37.24184 ], [ -77.67385, 37.24061 ], [ -77.67499, 37.24075 ], [ -77.67509, 37.23694 ], [ -77.67823, 37.2352 ], [ -77.68049, 37.23533 ], [ -77.68116, 37.2344 ], [ -77.68285, 37.23591 ], [ -77.68333, 37.23537 ], [ -77.68521, 37.23579 ], [ -77.68681, 37.23507 ], [ -77.68814, 37.23248 ], [ -77.68736, 37.23088 ], [ -77.68839, 37.23096 ], [ -77.68871, 37.22822 ], [ -77.68602, 37.22816 ], [ -77.68654, 37.22747 ], [ -77.6839, 37.22844 ], [ -77.68068, 37.2289 ], [ -77.68097, 37.22818 ], [ -77.68317, 37.22651 ], [ -77.68494, 37.22593 ], [ -77.68542, 37.22428 ], [ -77.68661, 37.2229 ], [ -77.68975, 37.22148 ], [ -77.70083, 37.22291 ], [ -77.70261, 37.22075 ], [ -77.7045, 37.22059 ], [ -77.70607, 37.21875 ], [ -77.70869, 37.21878 ], [ -77.70957, 37.2179 ], [ -77.7111, 37.21832 ], [ -77.71285, 37.21584 ], [ -77.71509, 37.21471 ], [ -77.71652, 37.21621 ], [ -77.7184, 37.21563 ], [ -77.71886, 37.21341 ], [ -77.72071, 37.21335 ], [ -77.72102, 37.21128 ], [ -77.72306, 37.2109 ], [ -77.72364, 37.20832 ], [ -77.72434, 37.20893 ], [ -77.72597, 37.20774 ], [ -77.72557, 37.20666 ], [ -77.72653, 37.2044 ], [ -77.72893, 37.20259 ], [ -77.73651, 37.20058 ], [ -77.74769, 37.19273 ], [ -77.7574, 37.19224 ], [ -77.76371, 37.1945 ], [ -77.76637, 37.19505 ], [ -77.77196, 37.1956 ], [ -77.77616, 37.19644 ], [ -77.78453, 37.19703 ], [ -77.78664, 37.1964 ], [ -77.79291, 37.19583 ], [ -77.7952, 37.19505 ], [ -77.79593, 37.19259 ], [ -77.79705, 37.19096 ], [ -77.79908, 37.18976 ], [ -77.79864, 37.18701 ], [ -77.79945, 37.1853 ], [ -77.80416, 37.184 ], [ -77.80528, 37.17783 ], [ -77.80636, 37.17566 ], [ -77.80838, 37.17399 ], [ -77.81072, 37.17312 ], [ -77.81386, 37.16968 ], [ -77.81763, 37.16797 ], [ -77.81913, 37.16823 ], [ -77.82103, 37.16715 ], [ -77.82499, 37.1672 ], [ -77.82742, 37.1693 ], [ -77.83115, 37.16952 ], [ -77.83197, 37.17031 ], [ -77.8393, 37.16893 ], [ -77.84172, 37.16984 ], [ -77.8446, 37.16773 ], [ -77.8451, 37.16547 ], [ -77.84925, 37.16443 ], [ -77.85287, 37.16488 ], [ -77.8554, 37.16418 ], [ -77.85703, 37.16232 ], [ -77.85751, 37.16043 ], [ -77.86045, 37.1586 ], [ -77.86116, 37.15765 ], [ -77.86372, 37.15665 ], [ -77.86519, 37.15528 ], [ -77.86652, 37.15288 ], [ -77.86843, 37.15211 ], [ -77.87061, 37.15035 ], [ -77.87415, 37.14939 ], [ -77.87589, 37.14793 ], [ -77.87749, 37.14808 ], [ -77.88451, 37.14549 ], [ -77.88809, 37.14463 ], [ -77.89263, 37.14618 ], [ -77.89496, 37.14584 ], [ -77.89661, 37.14481 ], [ -77.90034, 37.14388 ], [ -77.89889, 37.11709 ], [ -77.89134, 37.00015 ], [ -77.89043, 36.99726 ], [ -77.88981, 36.98882 ], [ -77.89294, 36.98833 ], [ -77.89425, 36.989 ], [ -77.8969, 36.9885 ], [ -77.90135, 36.98925 ], [ -77.90432, 36.98646 ], [ -77.90674, 36.98628 ], [ -77.90939, 36.9853 ], [ -77.91145, 36.9858 ], [ -77.91373, 36.98548 ], [ -77.91686, 36.98662 ], [ -77.91766, 36.9864 ], [ -77.91755, 36.98367 ], [ -77.91932, 36.98397 ], [ -77.92054, 36.98273 ], [ -77.9224, 36.98367 ], [ -77.9224, 36.98486 ], [ -77.92462, 36.98406 ], [ -77.93275, 36.98425 ], [ -77.9348, 36.98576 ], [ -77.93617, 36.98816 ], [ -77.94002, 36.98859 ], [ -77.94364, 36.98699 ], [ -77.94532, 36.98671 ], [ -77.94721, 36.98827 ], [ -77.95029, 36.98932 ], [ -77.95348, 36.98932 ], [ -77.95388, 36.99117 ], [ -77.95508, 36.99129 ], [ -77.96375, 36.9898 ], [ -77.9651, 36.98808 ], [ -77.96811, 36.98729 ], [ -77.97007, 36.99049 ], [ -77.9746, 36.99331 ], [ -77.97692, 36.99713 ], [ -77.98019, 37.00015 ], [ -77.98067, 37.00291 ], [ -77.99043, 37.01036 ], [ -77.99123, 37.01298 ], [ -77.99285, 37.0138 ], [ -77.99597, 37.01416 ], [ -77.9973, 37.01588 ], [ -77.99594, 37.01925 ], [ -77.99611, 37.02252 ], [ -77.99879, 37.02335 ], [ -78.00071, 37.02454 ], [ -78.00364, 37.02276 ], [ -78.02151, 36.8396 ], [ -78.02195, 36.8388 ], [ -78.02188, 36.83465 ], [ -78.02297, 36.82288 ], [ -78.02356, 36.8197 ], [ -78.02346, 36.81859 ], [ -78.02741, 36.77786 ], [ -78.03344, 36.70845 ], [ -78.03763, 36.64934 ], [ -78.03756, 36.64661 ], [ -78.04621, 36.54417 ], [ -78.13291, 36.54381 ], [ -78.24546, 36.54441 ], [ -78.4412, 36.54269 ], [ -78.47079, 36.54232 ], [ -78.50996, 36.54107 ], [ -78.52972, 36.54098 ], [ -78.6053, 36.54109 ], [ -78.67005, 36.54203 ], [ -78.7963, 36.54171 ], [ -78.97058, 36.54215 ], [ -79.12608, 36.54153 ], [ -79.20948, 36.54159 ], [ -79.24974, 36.54114 ], [ -79.44569, 36.54122 ], [ -79.51065, 36.54074 ], [ -79.71484, 36.542 ] ] ] } },
{ "type": "Feature", "properties": { "id": "VA-06", "state": "VA", "number": "06", "metro": false, "business_count": 0, "has_data": false }, "geometry": { "type": "Polygon", "coordinates": [ [ [ -80.29411, 37.69385 ], [ -80.28711, 37.6964 ], [ -80.27501, 37.70784 ], [ -80.27199, 37.71153 ], [ -80.26441, 37.71879 ], [ -80.25814, 37.72061 ], [ -80.25308, 37.7259 ], [ -80.25223, 37.72726 ], [ -80.25202, 37.72982 ], [ -80.26031, 37.73352 ], [ -80.26277, 37.73834 ], [ -80.25741, 37.75608 ], [ -80.25641, 37.75637 ], [ -80.25162, 37.75587 ], [ -80.24979, 37.75711 ], [ -80.25043, 37.7613 ], [ -80.25132, 37.76296 ], [ -80.2504, 37.76582 ], [ -80.24798, 37.76851 ], [ -80.2469, 37.76831 ], [ -80.24456, 37.767 ], [ -80.24144, 37.76806 ], [ -80.24124, 37.77179 ], [ -80.24027, 37.7727 ], [ -80.23589, 37.77313 ], [ -80.23545, 37.77444 ], [ -80.23401, 37.77448 ], [ -80.23201, 37.77562 ], [ -80.23046, 37.77831 ], [ -80.22679, 37.77881 ], [ -80.22545, 37.77708 ], [ -80.22303, 37.77728 ], [ -80.22183, 37.77829 ], [ -80.21763, 37.77678 ], [ -80.2169, 37.77606 ], [ -80.21566, 37.77748 ], [ -80.21573, 37.77888 ], [ -80.21629, 37.77979 ], [ -80.21589, 37.78199 ], [ -80.21862, 37.78329 ], [ -80.22009, 37.78316 ], [ -80.22101, 37.78223 ], [ -80.22208, 37.78177 ], [ -80.22348, 37.78244 ], [ -80.22433, 37.78358 ], [ -80.22415, 37.78563 ], [ -80.22288, 37.78619 ], [ -80.22342, 37.78718 ], [ -80.22618, 37.78842 ], [ -80.22606, 37.78983 ], [ -80.22796, 37.79171 ], [ -80.22949, 37.79233 ], [ -80.22923, 37.79466 ], [ -80.22709, 37.79889 ], [ -80.21861, 37.80978 ], [ -80.21694, 37.80951 ], [ -80.21623, 37.80982 ], [ -80.21097, 37.8126 ], [ -80.20648, 37.81597 ], [ -80.20584, 37.81892 ], [ -80.20285, 37.82424 ], [ -80.19963, 37.82751 ], [ -80.19465, 37.83176 ], [ -80.18638, 37.83774 ], [ -80.18177, 37.83834 ], [ -80.17939, 37.83975 ], [ -80.18355, 37.84681 ], [ -80.18306, 37.85065 ], [ -80.18182, 37.85272 ], [ -80.17671, 37.85403 ], [ -80.17208, 37.86007 ], [ -80.17203, 37.86214 ], [ -80.16896, 37.86712 ], [ -80.1622, 37.87512 ], [ -80.15383, 37.88182 ], [ -80.14895, 37.88689 ], [ -80.14732, 37.88594 ], [ -80.14613, 37.88445 ], [ -80.14195, 37.88262 ], [ -80.13193, 37.8895 ], [ -80.13104, 37.8907 ], [ -80.13046, 37.89319 ], [ -80.12955, 37.89413 ], [ -80.12362, 37.89794 ], [ -80.12302, 37.89805 ], [ -80.12061, 37.89673 ], [ -80.11775, 37.89772 ], [ -80.11748, 37.90058 ], [ -80.11911, 37.90202 ], [ -80.11897, 37.90361 ], [ -80.11688, 37.90629 ], [ -80.10682, 37.9147 ], [ -80.10293, 37.91891 ], [ -80.09656, 37.91811 ], [ -80.08695, 37.92955 ], [ -80.08082, 37.93553 ], [ -80.07544, 37.93963 ], [ -80.07451, 37.94222 ], [ -80.06657, 37.94717 ], [ -80.06368, 37.94797 ], [ -80.05684, 37.95183 ], [ -80.05104, 37.95685 ], [ -80.04841, 37.95748 ], [ -80.03624, 37.96792 ], [ -80.02417, 37.97691 ], [ -80.01314, 37.98425 ], [ -80.01256, 37.986 ], [ -80.01289, 37.98744 ], [ -80.01219, 37.98863 ], [ -80.00889, 37.99083 ], [ -80.00251, 37.99277 ], [ -79.99938, 37.99584 ], [ -79.99613, 38.001 ], [ -79.9954, 38.00331 ], [ -79.9959, 38.00579 ], [ -79.99498, 38.00785 ], [ -79.99011, 38.01325 ], [ -79.98614, 38.01418 ], [ -79.98484, 38.01661 ], [ -79.98579, 38.01809 ], [ -79.98562, 38.01916 ], [ -79.98029, 38.0276 ], [ -79.97843, 38.02908 ], [ -79.97673, 38.02928 ], [ -79.97527, 38.03007 ], [ -79.9737, 38.03256 ], [ -79.97217, 38.0361 ], [ -79.97378, 38.03874 ], [ -79.97389, 38.04 ], [ -79.97123, 38.04433 ], [ -79.96819, 38.04771 ], [ -79.95984, 38.0637 ], [ -79.96009, 38.06868 ], [ -79.95437, 38.0804 ], [ -79.95351, 38.08148 ], [ -79.94911, 38.08424 ], [ -79.94236, 38.09159 ], [ -79.93827, 38.09474 ], [ -79.9351, 38.09654 ], [ -79.93425, 38.09767 ], [ -79.93391, 38.09917 ], [ -79.93103, 38.1014 ], [ -79.92764, 38.10483 ], [ -79.92633, 38.10715 ], [ -79.92969, 38.1092 ], [ -79.93436, 38.10972 ], [ -79.93805, 38.11076 ], [ -79.93895, 38.11162 ], [ -79.94484, 38.13159 ], [ -79.94275, 38.13433 ], [ -79.93375, 38.13551 ], [ -79.92903, 38.13977 ], [ -79.92868, 38.14493 ], [ -79.92636, 38.14732 ], [ -79.92551, 38.15024 ], [ -79.92312, 38.15087 ], [ -79.91866, 38.15479 ], [ -79.91901, 38.15616 ], [ -79.91857, 38.15806 ], [ -79.91979, 38.15851 ], [ -79.919, 38.15995 ], [ -79.91952, 38.16265 ], [ -79.91872, 38.16315 ], [ -79.91638, 38.16302 ], [ -79.91594, 38.16366 ], [ -79.91623, 38.16499 ], [ -79.91488, 38.16752 ], [ -79.91506, 38.16809 ], [ -79.91607, 38.16843 ], [ -79.91792, 38.1684 ], [ -79.91891, 38.17044 ], [ -79.91863, 38.17267 ], [ -79.91676, 38.1755 ], [ -79.91662, 38.17799 ], [ -79.92103, 38.17995 ], [ -79.9212, 38.18038 ], [ -79.91617, 38.18439 ], [ -79.91634, 38.18628 ], [ -79.91441, 38.18842 ], [ -79.91096, 38.18792 ], [ -79.90609, 38.189 ], [ -79.89843, 38.19304 ], [ -79.89292, 38.19987 ], [ -79.89159, 38.20465 ], [ -79.88805, 38.20736 ], [ -79.88641, 38.20795 ], [ -79.88423, 38.20787 ], [ -79.87909, 38.21102 ], [ -79.86362, 38.22395 ], [ -79.85696, 38.23107 ], [ -79.85032, 38.23333 ], [ -79.84645, 38.24 ], [ -79.84521, 38.24108 ], [ -79.84298, 38.24159 ], [ -79.83749, 38.24128 ], [ -79.83512, 38.24189 ], [ -79.83417, 38.2429 ], [ -79.83403, 38.24496 ], [ -79.83297, 38.24755 ], [ -79.83088, 38.24969 ], [ -79.82528, 38.25049 ], [ -79.82101, 38.24828 ], [ -79.81962, 38.24823 ], [ -79.81715, 38.24951 ], [ -79.81486, 38.25157 ], [ -79.81572, 38.25364 ], [ -79.81571, 38.25507 ], [ -79.8142, 38.25817 ], [ -79.81199, 38.2604 ], [ -79.80633, 38.25919 ], [ -79.80127, 38.26147 ], [ -79.79829, 38.26596 ], [ -79.79013, 38.26765 ], [ -79.78894, 38.2687 ], [ -79.78754, 38.2733 ], [ -79.78979, 38.28117 ], [ -79.79545, 38.29023 ], [ -79.79785, 38.29205 ], [ -79.80278, 38.29207 ], [ -79.80335, 38.29668 ], [ -79.80403, 38.29862 ], [ -79.80754, 38.30169 ], [ -79.81011, 38.30504 ], [ -79.81015, 38.30671 ], [ -79.80871, 38.30943 ], [ -79.80409, 38.31392 ], [ -79.79962, 38.31715 ], [ -79.79816, 38.31916 ], [ -79.79655, 38.32348 ], [ -79.78597, 38.33088 ], [ -79.77927, 38.33161 ], [ -79.77309, 38.33553 ], [ -79.76991, 38.34184 ], [ -79.76765, 38.34408 ], [ -79.76811, 38.34623 ], [ -79.7691, 38.34653 ], [ -79.77035, 38.3478 ], [ -79.7664, 38.35087 ], [ -79.76592, 38.35169 ], [ -79.76622, 38.35248 ], [ -79.76726, 38.35339 ], [ -79.76443, 38.35651 ], [ -79.75763, 38.35757 ], [ -79.75556, 38.35737 ], [ -79.74411, 38.35397 ], [ -79.74062, 38.3541 ], [ -79.7346, 38.35673 ], [ -79.73206, 38.36017 ], [ -79.72934, 38.36183 ], [ -79.72705, 38.36223 ], [ -79.7256, 38.36383 ], [ -79.72679, 38.37083 ], [ -79.72768, 38.3717 ], [ -79.73049, 38.37222 ], [ -79.7317, 38.37338 ], [ -79.72989, 38.38035 ], [ -79.72635, 38.38707 ], [ -79.72265, 38.38952 ], [ -79.71737, 38.40156 ], [ -79.7129, 38.40503 ], [ -79.70897, 38.40955 ], [ -79.70914, 38.41206 ], [ -79.70663, 38.41573 ], [ -79.68967, 38.43144 ], [ -79.68991, 38.43286 ], [ -79.69093, 38.434 ], [ -79.69166, 38.43644 ], [ -79.69138, 38.43956 ], [ -79.68954, 38.44251 ], [ -79.69148, 38.44628 ], [ -79.6882, 38.45048 ], [ -79.68837, 38.45687 ], [ -79.69109, 38.46374 ], [ -79.69559, 38.46906 ], [ -79.69893, 38.46987 ], [ -79.69962, 38.47397 ], [ -79.69901, 38.47515 ], [ -79.69557, 38.47784 ], [ -79.69418, 38.47831 ], [ -79.69342, 38.48101 ], [ -79.69546, 38.48145 ], [ -79.69696, 38.48457 ], [ -79.69757, 38.48722 ], [ -79.69451, 38.49423 ], [ -79.69227, 38.49647 ], [ -79.6913, 38.49677 ], [ -79.68834, 38.49618 ], [ -79.68297, 38.50132 ], [ -79.68161, 38.5045 ], [ -79.68157, 38.50822 ], [ -79.68037, 38.51062 ], [ -79.67407, 38.51042 ], [ -79.67047, 38.50772 ], [ -79.66877, 38.51202 ], [ -79.66567, 38.51382 ], [ -79.66347, 38.51412 ], [ -79.66207, 38.51552 ], [ -79.66297, 38.51872 ], [ -79.66677, 38.52432 ], [ -79.66977, 38.52692 ], [ -79.67157, 38.52752 ], [ -79.67297, 38.52872 ], [ -79.66877, 38.53422 ], [ -79.66687, 38.53832 ], [ -79.66967, 38.54342 ], [ -79.66927, 38.54952 ], [ -79.66508, 38.56092 ], [ -79.66258, 38.56052 ], [ -79.65927, 38.56242 ], [ -79.66067, 38.56622 ], [ -79.66227, 38.56802 ], [ -79.66287, 38.57042 ], [ -79.66038, 38.57252 ], [ -79.65817, 38.57302 ], [ -79.65775, 38.57367 ], [ -79.65784, 38.57479 ], [ -79.65611, 38.5762 ], [ -79.6554, 38.57949 ], [ -79.65587, 38.58142 ], [ -79.65547, 38.58242 ], [ -79.65398, 38.58472 ], [ -79.65188, 38.58651 ], [ -79.65066, 38.58806 ], [ -79.64907, 38.59152 ], [ -79.57177, 38.56312 ], [ -79.56627, 38.56252 ], [ -79.55547, 38.56022 ], [ -79.54257, 38.55322 ], [ -79.53827, 38.55182 ], [ -79.53687, 38.55092 ], [ -79.53337, 38.54622 ], [ -79.53317, 38.54472 ], [ -79.53187, 38.54282 ], [ -79.52147, 38.53392 ], [ -79.49977, 38.49772 ], [ -79.47664, 38.45723 ], [ -79.3703, 38.42724 ], [ -79.31228, 38.41188 ], [ -79.31054, 38.41268 ], [ -79.30914, 38.41265 ], [ -79.30721, 38.41387 ], [ -79.30639, 38.41493 ], [ -79.30458, 38.41551 ], [ -79.30008, 38.41489 ], [ -79.29571, 38.41813 ], [ -79.29181, 38.41963 ], [ -79.29053, 38.42076 ], [ -79.28843, 38.42096 ], [ -79.28687, 38.42056 ], [ -79.28561, 38.41925 ], [ -79.28297, 38.4181 ], [ -79.28015, 38.42076 ], [ -79.27968, 38.42417 ], [ -79.28058, 38.42683 ], [ -79.28247, 38.42917 ], [ -79.28276, 38.43165 ], [ -79.27453, 38.43634 ], [ -79.27206, 38.43738 ], [ -79.26741, 38.43832 ], [ -79.26533, 38.44177 ], [ -79.26338, 38.44376 ], [ -79.26111, 38.44808 ], [ -79.25737, 38.45016 ], [ -79.25599, 38.45302 ], [ -79.25588, 38.45424 ], [ -79.25444, 38.45595 ], [ -79.25307, 38.45582 ], [ -79.24734, 38.45329 ], [ -79.24264, 38.45417 ], [ -79.24185, 38.45705 ], [ -79.24202, 38.46433 ], [ -79.24006, 38.46984 ], [ -79.23441, 38.47301 ], [ -79.22567, 38.47647 ], [ -79.22096, 38.48059 ], [ -79.22141, 38.48484 ], [ -79.21907, 38.48744 ], [ -79.21521, 38.48926 ], [ -79.21059, 38.49291 ], [ -79.20787, 38.50012 ], [ -79.20696, 38.50352 ], [ -79.21096, 38.50742 ], [ -79.20586, 38.52452 ], [ -79.20146, 38.52782 ], [ -79.19696, 38.53672 ], [ -79.19346, 38.54242 ], [ -79.18896, 38.54742 ], [ -79.18406, 38.55152 ], [ -79.18086, 38.55992 ], [ -79.17666, 38.56552 ], [ -79.17096, 38.56812 ], [ -79.17066, 38.56922 ], [ -79.17166, 38.57162 ], [ -79.17086, 38.57412 ], [ -79.16806, 38.57862 ], [ -79.16346, 38.58312 ], [ -79.15866, 38.59232 ], [ -79.15826, 38.59392 ], [ -79.15896, 38.59452 ], [ -79.15916, 38.60122 ], [ -79.15436, 38.60652 ], [ -79.15556, 38.60922 ], [ -79.15536, 38.61122 ], [ -79.15126, 38.62062 ], [ -79.14674, 38.62582 ], [ -79.14266, 38.63442 ], [ -79.13966, 38.63722 ], [ -79.13756, 38.63802 ], [ -79.13637, 38.6424 ], [ -79.13547, 38.64406 ], [ -79.13356, 38.64602 ], [ -79.13106, 38.65322 ], [ -79.12976, 38.65502 ], [ -79.12886, 38.65552 ], [ -79.12586, 38.65522 ], [ -79.12406, 38.65612 ], [ -79.12356, 38.65672 ], [ -79.12366, 38.65792 ], [ -79.12301, 38.65933 ], [ -79.12226, 38.65982 ], [ -79.12026, 38.66022 ], [ -79.11595, 38.65881 ], [ -79.11345, 38.65972 ], [ -79.11156, 38.65972 ], [ -79.10636, 38.65622 ], [ -79.09296, 38.65952 ], [ -79.09225, 38.66811 ], [ -79.09105, 38.66932 ], [ -79.08786, 38.67382 ], [ -79.08436, 38.68652 ], [ -79.08555, 38.68882 ], [ -79.08805, 38.69011 ], [ -79.09076, 38.69252 ], [ -79.09256, 38.70015 ], [ -79.09275, 38.70231 ], [ -79.08656, 38.71601 ], [ -79.08725, 38.72011 ], [ -79.08545, 38.72461 ], [ -79.08195, 38.72971 ], [ -79.07966, 38.73471 ], [ -79.07655, 38.73921 ], [ -79.07385, 38.74211 ], [ -79.07276, 38.74461 ], [ -79.07255, 38.74751 ], [ -79.06485, 38.75441 ], [ -79.06095, 38.75671 ], [ -79.05755, 38.76021 ], [ -79.05675, 38.76651 ], [ -79.05565, 38.77091 ], [ -79.05375, 38.77231 ], [ -79.05155, 38.77261 ], [ -79.05125, 38.77391 ], [ -79.05165, 38.77801 ], [ -79.05245, 38.77921 ], [ -79.05435, 38.78061 ], [ -79.05565, 38.78301 ], [ -79.05495, 38.78571 ], [ -79.04895, 38.79071 ], [ -79.04655, 38.79211 ], [ -79.03315, 38.79101 ], [ -79.02925, 38.79101 ], [ -79.02725, 38.79211 ], [ -79.02305, 38.79861 ], [ -79.02345, 38.80261 ], [ -79.02445, 38.80371 ], [ -79.02405, 38.80921 ], [ -79.01955, 38.81791 ], [ -79.01675, 38.82001 ], [ -79.01195, 38.82041 ], [ -79.00795, 38.82231 ], [ -79.00655, 38.82371 ], [ -79.00615, 38.82451 ], [ -79.00635, 38.82611 ], [ -79.00515, 38.82991 ], [ -79.00235, 38.83651 ], [ -78.99901, 38.84007 ], [ -78.99886, 38.84096 ], [ -79.00025, 38.84541 ], [ -78.99817, 38.84735 ], [ -78.994, 38.8501 ], [ -78.86928, 38.76299 ], [ -78.8659, 38.76703 ], [ -78.86368, 38.7718 ], [ -78.84819, 38.79498 ], [ -78.83519, 38.8115 ], [ -78.83227, 38.81439 ], [ -78.82726, 38.82161 ], [ -78.82117, 38.83098 ], [ -78.81512, 38.84159 ], [ -78.81094, 38.84962 ], [ -78.80818, 38.85618 ], [ -78.79621, 38.87461 ], [ -78.79161, 38.87759 ], [ -78.79008, 38.88008 ], [ -78.78803, 38.88512 ], [ -78.78602, 38.88719 ], [ -78.7792, 38.8923 ], [ -78.77279, 38.89374 ], [ -78.75908, 38.90053 ], [ -78.75728, 38.9032 ], [ -78.75452, 38.90573 ], [ -78.75466, 38.90758 ], [ -78.75052, 38.91603 ], [ -78.73892, 38.92728 ], [ -78.72622, 38.93093 ], [ -78.72406, 38.93085 ], [ -78.72245, 38.9314 ], [ -78.71848, 38.93427 ], [ -78.71708, 38.93603 ], [ -78.7201, 38.92386 ], [ -78.71945, 38.92026 ], [ -78.7209, 38.90984 ], [ -78.71981, 38.90591 ], [ -78.71865, 38.90456 ], [ -78.71718, 38.9043 ], [ -78.71617, 38.90483 ], [ -78.71262, 38.90866 ], [ -78.70432, 38.91523 ], [ -78.69738, 38.9156 ], [ -78.69145, 38.9222 ], [ -78.68827, 38.92478 ], [ -78.68162, 38.92584 ], [ -78.68046, 38.92531 ], [ -78.67068, 38.9338 ], [ -78.66659, 38.9392 ], [ -78.66589, 38.94158 ], [ -78.66208, 38.9457 ], [ -78.65905, 38.94738 ], [ -78.65504, 38.95377 ], [ -78.65235, 38.96068 ], [ -78.64659, 38.96814 ], [ -78.63842, 38.96682 ], [ -78.63247, 38.97474 ], [ -78.63245, 38.97698 ], [ -78.63085, 38.97959 ], [ -78.62955, 38.98087 ], [ -78.62567, 38.98257 ], [ -78.62045, 38.9826 ], [ -78.61991, 38.98129 ], [ -78.61998, 38.97734 ], [ -78.61868, 38.97408 ], [ -78.61431, 38.97585 ], [ -78.61118, 38.97613 ], [ -78.60837, 38.96974 ], [ -78.60165, 38.9646 ], [ -78.6014, 38.96653 ], [ -78.59889, 38.96955 ], [ -78.59601, 38.97019 ], [ -78.59326, 38.97192 ], [ -78.5887, 38.97858 ], [ -78.58293, 38.98542 ], [ -78.58198, 38.9884 ], [ -78.58047, 38.99057 ], [ -78.57046, 39.00155 ], [ -78.56171, 39.00901 ], [ -78.5594, 39.01188 ], [ -78.55492, 39.01512 ], [ -78.55232, 39.01637 ], [ -78.55047, 39.01806 ], [ -78.55738, 39.02139 ], [ -78.55964, 39.02446 ], [ -78.56329, 39.02633 ], [ -78.56507, 39.02593 ], [ -78.56584, 39.0263 ], [ -78.5719, 39.032 ], [ -78.56, 39.04157 ], [ -78.55675, 39.04453 ], [ -78.55426, 39.04806 ], [ -78.54773, 39.05407 ], [ -78.54568, 39.05505 ], [ -78.54022, 39.06063 ], [ -78.53169, 39.06652 ], [ -78.52654, 39.06822 ], [ -78.52271, 39.07106 ], [ -78.51679, 39.07757 ], [ -78.51596, 39.08005 ], [ -78.51648, 39.0818 ], [ -78.5121, 39.08488 ], [ -78.50813, 39.08863 ], [ -78.50438, 39.0914 ], [ -78.49598, 39.09898 ], [ -78.49516, 39.10099 ], [ -78.48428, 39.10737 ], [ -78.47843, 39.10984 ], [ -78.47732, 39.1094 ], [ -78.47538, 39.10747 ], [ -78.47321, 39.10814 ], [ -78.47026, 39.11006 ], [ -78.46953, 39.1112 ], [ -78.46666, 39.11286 ], [ -78.45987, 39.11335 ], [ -78.43943, 39.13215 ], [ -78.43777, 39.13543 ], [ -78.43666, 39.14169 ], [ -78.42729, 39.15273 ], [ -78.41394, 39.15841 ], [ -78.4126, 39.16004 ], [ -78.4037, 39.16745 ], [ -78.40697, 39.1709 ], [ -78.41197, 39.17273 ], [ -78.41313, 39.17364 ], [ -78.41484, 39.17784 ], [ -78.41894, 39.17735 ], [ -78.42333, 39.18135 ], [ -78.42431, 39.18268 ], [ -78.42632, 39.18276 ], [ -78.42711, 39.18425 ], [ -78.42693, 39.18556 ], [ -78.4287, 39.18722 ], [ -78.42429, 39.19216 ], [ -78.4249, 39.1933 ], [ -78.42602, 39.19414 ], [ -78.42868, 39.19263 ], [ -78.43009, 39.19437 ], [ -78.43085, 39.19623 ], [ -78.43666, 39.19666 ], [ -78.43865, 39.19805 ], [ -78.43117, 39.20574 ], [ -78.41789, 39.2175 ], [ -78.40559, 39.23118 ], [ -78.40498, 39.23801 ], [ -78.40421, 39.24121 ], [ -78.39967, 39.24387 ], [ -78.40912, 39.25256 ], [ -78.41463, 39.25573 ], [ -78.41612, 39.25541 ], [ -78.41858, 39.25606 ], [ -78.41942, 39.25748 ], [ -78.4142, 39.26391 ], [ -78.40278, 39.27547 ], [ -78.40181, 39.27675 ], [ -78.403, 39.27759 ], [ -78.40324, 39.27805 ], [ -78.40289, 39.27862 ], [ -78.39989, 39.28135 ], [ -78.39868, 39.28133 ], [ -78.39777, 39.28061 ], [ -78.39703, 39.28175 ], [ -78.39337, 39.28299 ], [ -78.3923, 39.28491 ], [ -78.39147, 39.2853 ], [ -78.38878, 39.28857 ], [ -78.38719, 39.29144 ], [ -78.38724, 39.29343 ], [ -78.38589, 39.29489 ], [ -78.37473, 39.30514 ], [ -78.3716, 39.30769 ], [ -78.36724, 39.31015 ], [ -78.36469, 39.31731 ], [ -78.36157, 39.31804 ], [ -78.36003, 39.31777 ], [ -78.3463, 39.33911 ], [ -78.34546, 39.34102 ], [ -78.34763, 39.34272 ], [ -78.34741, 39.3434 ], [ -78.34368, 39.34671 ], [ -78.34251, 39.34677 ], [ -78.34131, 39.34555 ], [ -78.33928, 39.3486 ], [ -78.33896, 39.34989 ], [ -78.34048, 39.35349 ], [ -78.3487, 39.35474 ], [ -78.36227, 39.35778 ], [ -78.36687, 39.35929 ], [ -78.36263, 39.36289 ], [ -78.35484, 39.37162 ], [ -78.34321, 39.38881 ], [ -78.34467, 39.38911 ], [ -78.34588, 39.39029 ], [ -78.34668, 39.39056 ], [ -78.35003, 39.39066 ], [ -78.35092, 39.39099 ], [ -78.35121, 39.3914 ], [ -78.35001, 39.39286 ], [ -78.34961, 39.39388 ], [ -78.34944, 39.39725 ], [ -78.34988, 39.39794 ], [ -78.35795, 39.40419 ], [ -78.35992, 39.40903 ], [ -78.35935, 39.41253 ], [ -78.35663, 39.4159 ], [ -78.35124, 39.42059 ], [ -78.34835, 39.42443 ], [ -78.34672, 39.42762 ], [ -78.34794, 39.43088 ], [ -78.35323, 39.43679 ], [ -78.34777, 39.44058 ], [ -78.34655, 39.44262 ], [ -78.34606, 39.44561 ], [ -78.34733, 39.44766 ], [ -78.34696, 39.45068 ], [ -78.34582, 39.4535 ], [ -78.34514, 39.45948 ], [ -78.34948, 39.4622 ], [ -78.34709, 39.46601 ], [ -78.28798, 39.42876 ], [ -78.26278, 39.41432 ], [ -78.2054, 39.3751 ], [ -78.18737, 39.36399 ], [ -78.15819, 39.34339 ], [ -78.14092, 39.33375 ], [ -78.10875, 39.31246 ], [ -78.03284, 39.2644 ], [ -77.8283, 39.13242 ], [ -77.83252, 39.12752 ], [ -77.83584, 39.12572 ], [ -77.83894, 39.12182 ], [ -77.8438, 39.11975 ], [ -77.85374, 39.10102 ], [ -77.85579, 39.0928 ], [ -77.86283, 39.08098 ], [ -77.87395, 39.08015 ], [ -77.8776, 39.07804 ], [ -77.88789, 39.06446 ], [ -77.89328, 39.05542 ], [ -77.89909, 39.05292 ], [ -77.90681, 39.04578 ], [ -77.91764, 39.03907 ], [ -77.92682, 39.0353 ], [ -77.92993, 39.03024 ], [ -77.94123, 39.02347 ], [ -77.94788, 39.02201 ], [ -77.9564, 39.02086 ], [ -77.96227, 39.01369 ], [ -77.9655, 39.00874 ], [ -77.969, 39.00667 ], [ -77.97172, 39.0056 ], [ -77.97428, 39.00335 ], [ -77.97669, 39.00255 ], [ -77.97814, 39.00295 ], [ -77.9813, 39.00241 ], [ -77.99027, 38.99649 ], [ -77.99073, 38.99545 ], [ -77.99018, 38.99332 ], [ -77.99186, 38.99249 ], [ -77.99443, 38.9901 ], [ -77.9973, 38.98654 ], [ -78.00205, 38.98333 ], [ -78.0022, 38.98174 ], [ -78.00431, 38.97944 ], [ -78.0055, 38.9791 ], [ -78.00967, 38.97507 ], [ -78.01448, 38.97157 ], [ -78.01703, 38.97119 ], [ -78.01746, 38.96922 ], [ -78.01715, 38.96612 ], [ -78.01816, 38.96481 ], [ -78.01994, 38.96412 ], [ -78.02085, 38.96146 ], [ -78.02321, 38.95862 ], [ -78.02404, 38.95676 ], [ -78.0267, 38.95575 ], [ -78.02738, 38.95208 ], [ -78.02899, 38.95016 ], [ -78.03244, 38.9507 ], [ -78.03464, 38.94982 ], [ -78.03509, 38.94819 ], [ -78.03693, 38.94721 ], [ -78.03907, 38.94311 ], [ -78.03956, 38.93983 ], [ -78.04158, 38.9381 ], [ -78.05148, 38.93571 ], [ -78.05318, 38.93397 ], [ -78.05571, 38.93295 ], [ -78.05909, 38.93259 ], [ -78.0621, 38.93031 ], [ -78.06397, 38.92836 ], [ -78.06465, 38.92709 ], [ -78.06379, 38.92397 ], [ -78.06722, 38.92036 ], [ -78.0685, 38.91947 ], [ -78.06967, 38.91725 ], [ -78.07089, 38.91702 ], [ -78.07528, 38.91187 ], [ -78.07572, 38.90942 ], [ -78.0753, 38.90727 ], [ -78.07179, 38.90506 ], [ -78.07214, 38.9036 ], [ -78.06387, 38.90167 ], [ -78.06419, 38.90069 ], [ -78.06176, 38.90025 ], [ -78.0618, 38.89195 ], [ -78.06622, 38.89134 ], [ -78.06836, 38.89218 ], [ -78.07317, 38.89104 ], [ -78.07367, 38.88658 ], [ -78.07578, 38.88606 ], [ -78.07754, 38.88772 ], [ -78.07957, 38.88624 ], [ -78.09198, 38.88559 ], [ -78.09394, 38.88116 ], [ -78.09492, 38.87984 ], [ -78.10179, 38.87908 ], [ -78.11225, 38.88026 ], [ -78.11421, 38.87689 ], [ -78.11713, 38.87652 ], [ -78.12637, 38.87293 ], [ -78.12796, 38.87101 ], [ -78.13006, 38.87001 ], [ -78.13127, 38.86746 ], [ -78.12987, 38.86281 ], [ -78.13117, 38.8617 ], [ -78.13299, 38.86199 ], [ -78.13829, 38.85963 ], [ -78.14297, 38.8591 ], [ -78.14202, 38.85565 ], [ -78.14955, 38.8544 ], [ -78.15264, 38.85438 ], [ -78.15141, 38.84836 ], [ -78.15275, 38.84685 ], [ -78.1569, 38.845 ], [ -78.15914, 38.84253 ], [ -78.15894, 38.84111 ], [ -78.16098, 38.83926 ], [ -78.15996, 38.83649 ], [ -78.16299, 38.83641 ], [ -78.16472, 38.83566 ], [ -78.16536, 38.83467 ], [ -78.16859, 38.83369 ], [ -78.16971, 38.83049 ], [ -78.17096, 38.82928 ], [ -78.16971, 38.82667 ], [ -78.17094, 38.82385 ], [ -78.17053, 38.82209 ], [ -78.17071, 38.81945 ], [ -78.17145, 38.81894 ], [ -78.17558, 38.81913 ], [ -78.1794, 38.81855 ], [ -78.18019, 38.81775 ], [ -78.17862, 38.81583 ], [ -78.17939, 38.81131 ], [ -78.18036, 38.80934 ], [ -78.18251, 38.80147 ], [ -78.18196, 38.79926 ], [ -78.18332, 38.79857 ], [ -78.1847, 38.79284 ], [ -78.1887, 38.79054 ], [ -78.18864, 38.78926 ], [ -78.19, 38.78837 ], [ -78.19341, 38.78728 ], [ -78.19428, 38.78536 ], [ -78.19516, 38.78151 ], [ -78.19727, 38.77961 ], [ -78.19872, 38.77909 ], [ -78.20088, 38.77666 ], [ -78.20469, 38.77532 ], [ -78.20669, 38.7742 ], [ -78.21037, 38.77504 ], [ -78.21332, 38.77477 ], [ -78.21875, 38.77303 ], [ -78.22469, 38.76814 ], [ -78.22657, 38.7681 ], [ -78.23022, 38.76919 ], [ -78.23464, 38.76747 ], [ -78.23551, 38.76584 ], [ -78.23778, 38.76381 ], [ -78.23845, 38.76208 ], [ -78.23937, 38.7619 ], [ -78.2443, 38.76327 ], [ -78.24682, 38.7615 ], [ -78.24799, 38.75976 ], [ -78.25091, 38.75861 ], [ -78.25327, 38.75705 ], [ -78.25718, 38.75953 ], [ -78.26248, 38.75863 ], [ -78.26497, 38.75864 ], [ -78.26771, 38.76067 ], [ -78.27102, 38.76186 ], [ -78.27934, 38.76221 ], [ -78.28481, 38.75932 ], [ -78.28591, 38.75745 ], [ -78.28966, 38.75324 ], [ -78.29054, 38.75037 ], [ -78.29258, 38.75102 ], [ -78.29602, 38.75113 ], [ -78.29948, 38.74837 ], [ -78.29978, 38.74449 ], [ -78.30276, 38.74147 ], [ -78.30338, 38.73926 ], [ -78.3049, 38.73817 ], [ -78.30874, 38.73809 ], [ -78.31366, 38.73718 ], [ -78.31878, 38.73787 ], [ -78.32025, 38.73494 ], [ -78.32194, 38.72929 ], [ -78.32148, 38.7272 ], [ -78.3235, 38.72353 ], [ -78.32373, 38.72126 ], [ -78.32708, 38.71682 ], [ -78.32972, 38.71148 ], [ -78.33072, 38.70705 ], [ -78.33222, 38.70564 ], [ -78.3317, 38.70264 ], [ -78.3288, 38.70268 ], [ -78.3219, 38.69992 ], [ -78.31992, 38.69824 ], [ -78.31995, 38.69615 ], [ -78.31878, 38.69554 ], [ -78.31636, 38.69056 ], [ -78.31559, 38.68756 ], [ -78.31587, 38.68582 ], [ -78.31439, 38.68251 ], [ -78.31659, 38.68051 ], [ -78.32081, 38.67816 ], [ -78.32276, 38.67574 ], [ -78.32384, 38.67209 ], [ -78.31946, 38.67083 ], [ -78.31755, 38.6695 ], [ -78.31745, 38.66723 ], [ -78.31969, 38.66069 ], [ -78.31986, 38.65778 ], [ -78.318, 38.65645 ], [ -78.31558, 38.65156 ], [ -78.31813, 38.64885 ], [ -78.31962, 38.64643 ], [ -78.32014, 38.64453 ], [ -78.31966, 38.64321 ], [ -78.32213, 38.64021 ], [ -78.32205, 38.63858 ], [ -78.32587, 38.63072 ], [ -78.32761, 38.62878 ], [ -78.33129, 38.62798 ], [ -78.33518, 38.62875 ], [ -78.34098, 38.62568 ], [ -78.34198, 38.62432 ], [ -78.34449, 38.62269 ], [ -78.34447, 38.61979 ], [ -78.34598, 38.61796 ], [ -78.34866, 38.61629 ], [ -78.35222, 38.61555 ], [ -78.3552, 38.61198 ], [ -78.35719, 38.61334 ], [ -78.36002, 38.61378 ], [ -78.36023, 38.61266 ], [ -78.36194, 38.61212 ], [ -78.36275, 38.61064 ], [ -78.36426, 38.60988 ], [ -78.36649, 38.60595 ], [ -78.3678, 38.60225 ], [ -78.37099, 38.59941 ], [ -78.37144, 38.59781 ], [ -78.373, 38.59683 ], [ -78.3741, 38.59449 ], [ -78.37946, 38.59044 ], [ -78.3809, 38.59013 ], [ -78.38319, 38.58832 ], [ -78.38566, 38.58266 ], [ -78.38463, 38.5787 ], [ -78.38318, 38.57807 ], [ -78.38251, 38.57542 ], [ -78.38398, 38.57265 ], [ -78.38398, 38.57057 ], [ -78.38309, 38.569 ], [ -78.38152, 38.56832 ], [ -78.3806, 38.56461 ], [ -78.38078, 38.56151 ], [ -78.38324, 38.55988 ], [ -78.38522, 38.55758 ], [ -78.38895, 38.5549 ], [ -78.39068, 38.55467 ], [ -78.39434, 38.55569 ], [ -78.40402, 38.55222 ], [ -78.40745, 38.5517 ], [ -78.40842, 38.54983 ], [ -78.41016, 38.54863 ], [ -78.41376, 38.5472 ], [ -78.41508, 38.54299 ], [ -78.41738, 38.53882 ], [ -78.41889, 38.53715 ], [ -78.41975, 38.5344 ], [ -78.42239, 38.53342 ], [ -78.42504, 38.53117 ], [ -78.42806, 38.53011 ], [ -78.43021, 38.52689 ], [ -78.43133, 38.52645 ], [ -78.43312, 38.52661 ], [ -78.43846, 38.53081 ], [ -78.44277, 38.52777 ], [ -78.43627, 38.52215 ], [ -78.43681, 38.51915 ], [ -78.43818, 38.51833 ], [ -78.43894, 38.51679 ], [ -78.4411, 38.51611 ], [ -78.44063, 38.51331 ], [ -78.44274, 38.51196 ], [ -78.44236, 38.5057 ], [ -78.44525, 38.50281 ], [ -78.44582, 38.50005 ], [ -78.44677, 38.49929 ], [ -78.44607, 38.49742 ], [ -78.44423, 38.49512 ], [ -78.44216, 38.4944 ], [ -78.44143, 38.49049 ], [ -78.44206, 38.48972 ], [ -78.44438, 38.48944 ], [ -78.44541, 38.48802 ], [ -78.44684, 38.48401 ], [ -78.44876, 38.48271 ], [ -78.45004, 38.48085 ], [ -78.4528, 38.47553 ], [ -78.45549, 38.47253 ], [ -78.45762, 38.46761 ], [ -78.45771, 38.4648 ], [ -78.45944, 38.46371 ], [ -78.46054, 38.46182 ], [ -78.46266, 38.45953 ], [ -78.46186, 38.45628 ], [ -78.46211, 38.45472 ], [ -78.4647, 38.45254 ], [ -78.46546, 38.45028 ], [ -78.46507, 38.447 ], [ -78.46689, 38.44757 ], [ -78.47269, 38.44745 ], [ -78.47433, 38.44559 ], [ -78.47441, 38.44387 ], [ -78.47549, 38.44276 ], [ -78.47591, 38.44078 ], [ -78.47772, 38.43857 ], [ -78.47771, 38.43418 ], [ -78.47657, 38.43215 ], [ -78.47894, 38.4317 ], [ -78.48165, 38.4306 ], [ -78.48358, 38.42706 ], [ -78.48425, 38.42365 ], [ -78.48725, 38.41976 ], [ -78.48672, 38.41611 ], [ -78.48984, 38.4143 ], [ -78.49071, 38.41287 ], [ -78.49435, 38.40905 ], [ -78.49321, 38.40629 ], [ -78.49485, 38.40572 ], [ -78.49882, 38.40267 ], [ -78.4994, 38.3996 ], [ -78.50269, 38.39648 ], [ -78.50661, 38.39401 ], [ -78.51016, 38.39288 ], [ -78.51295, 38.39391 ], [ -78.51514, 38.39372 ], [ -78.51642, 38.39157 ], [ -78.51714, 38.38938 ], [ -78.51705, 38.38572 ], [ -78.51836, 38.3841 ], [ -78.51864, 38.38125 ], [ -78.52195, 38.37979 ], [ -78.52479, 38.37559 ], [ -78.52642, 38.37244 ], [ -78.52617, 38.37127 ], [ -78.52279, 38.36951 ], [ -78.52494, 38.36901 ], [ -78.52632, 38.36785 ], [ -78.53188, 38.3661 ], [ -78.53656, 38.36611 ], [ -78.54065, 38.36534 ], [ -78.54286, 38.3643 ], [ -78.54453, 38.36252 ], [ -78.54468, 38.36113 ], [ -78.54377, 38.3584 ], [ -78.54541, 38.35693 ], [ -78.54631, 38.35544 ], [ -78.5473, 38.35232 ], [ -78.55311, 38.34931 ], [ -78.55381, 38.3485 ], [ -78.55277, 38.34373 ], [ -78.5527, 38.33863 ], [ -78.55158, 38.33632 ], [ -78.557, 38.33198 ], [ -78.55982, 38.33107 ], [ -78.56471, 38.33064 ], [ -78.56544, 38.329 ], [ -78.56723, 38.32824 ], [ -78.57009, 38.32788 ], [ -78.57551, 38.32842 ], [ -78.57981, 38.3275 ], [ -78.5813, 38.32563 ], [ -78.58359, 38.32555 ], [ -78.58751, 38.32483 ], [ -78.58997, 38.32319 ], [ -78.59168, 38.32149 ], [ -78.59539, 38.3201 ], [ -78.59553, 38.31807 ], [ -78.59657, 38.31708 ], [ -78.60031, 38.31555 ], [ -78.60171, 38.31354 ], [ -78.60272, 38.30689 ], [ -78.60378, 38.30648 ], [ -78.60895, 38.30577 ], [ -78.61501, 38.30403 ], [ -78.6193, 38.30342 ], [ -78.62233, 38.30174 ], [ -78.62852, 38.30002 ], [ -78.6326, 38.29366 ], [ -78.63434, 38.29203 ], [ -78.63796, 38.29076 ], [ -78.64024, 38.2907 ], [ -78.64439, 38.29249 ], [ -78.64751, 38.29245 ], [ -78.65121, 38.29346 ], [ -78.6545, 38.29078 ], [ -78.6583, 38.28654 ], [ -78.65845, 38.28474 ], [ -78.65953, 38.28229 ], [ -78.6639, 38.27668 ], [ -78.66205, 38.27181 ], [ -78.66076, 38.27095 ], [ -78.66119, 38.26901 ], [ -78.66374, 38.2672 ], [ -78.6664, 38.26605 ], [ -78.6625, 38.26478 ], [ -78.66216, 38.26364 ], [ -78.65978, 38.26252 ], [ -78.65724, 38.26057 ], [ -78.65535, 38.26026 ], [ -78.65653, 38.25906 ], [ -78.65897, 38.25804 ], [ -78.66008, 38.25538 ], [ -78.66219, 38.25348 ], [ -78.66509, 38.25196 ], [ -78.66872, 38.25068 ], [ -78.66981, 38.24733 ], [ -78.6716, 38.24793 ], [ -78.67448, 38.25043 ], [ -78.67591, 38.25288 ], [ -78.67804, 38.25407 ], [ -78.68103, 38.25491 ], [ -78.68249, 38.25462 ], [ -78.68529, 38.25282 ], [ -78.68635, 38.25141 ], [ -78.6894, 38.24985 ], [ -78.68979, 38.24884 ], [ -78.69286, 38.24729 ], [ -78.69774, 38.24574 ], [ -78.70228, 38.2462 ], [ -78.70434, 38.24699 ], [ -78.70657, 38.24644 ], [ -78.70673, 38.24465 ], [ -78.71001, 38.24244 ], [ -78.71124, 38.23864 ], [ -78.71557, 38.23587 ], [ -78.7211, 38.23434 ], [ -78.72243, 38.23301 ], [ -78.72627, 38.23195 ], [ -78.72644, 38.22997 ], [ -78.7305, 38.22583 ], [ -78.73764, 38.21929 ], [ -78.74054, 38.21894 ], [ -78.74214, 38.21772 ], [ -78.74517, 38.21443 ], [ -78.74647, 38.21157 ], [ -78.75229, 38.20128 ], [ -78.75093, 38.19895 ], [ -78.75279, 38.19707 ], [ -78.75261, 38.19424 ], [ -78.75494, 38.19271 ], [ -78.75649, 38.19043 ], [ -78.75682, 38.1872 ], [ -78.75899, 38.18554 ], [ -78.76188, 38.18255 ], [ -78.76196, 38.18027 ], [ -78.76343, 38.17809 ], [ -78.7649, 38.17789 ], [ -78.76603, 38.17596 ], [ -78.76699, 38.17566 ], [ -78.76835, 38.17347 ], [ -78.76817, 38.17106 ], [ -78.76978, 38.16802 ], [ -78.77177, 38.1661 ], [ -78.77046, 38.16286 ], [ -78.77039, 38.16102 ], [ -78.77149, 38.15843 ], [ -78.77211, 38.15336 ], [ -78.77415, 38.14984 ], [ -78.77411, 38.14552 ], [ -78.77543, 38.14101 ], [ -78.77908, 38.13989 ], [ -78.77946, 38.13712 ], [ -78.7795, 38.13209 ], [ -78.78349, 38.12932 ], [ -78.78594, 38.12903 ], [ -78.78807, 38.1264 ], [ -78.78729, 38.12513 ], [ -78.78719, 38.12192 ], [ -78.78536, 38.12074 ], [ -78.78531, 38.11924 ], [ -78.7869, 38.11856 ], [ -78.78754, 38.11729 ], [ -78.78585, 38.11611 ], [ -78.78579, 38.11449 ], [ -78.7838, 38.11432 ], [ -78.78274, 38.11328 ], [ -78.78065, 38.11278 ], [ -78.77999, 38.10956 ], [ -78.78097, 38.10764 ], [ -78.77921, 38.10688 ], [ -78.78015, 38.10424 ], [ -78.78256, 38.10267 ], [ -78.78375, 38.09985 ], [ -78.7807, 38.09895 ], [ -78.78117, 38.09719 ], [ -78.77957, 38.09558 ], [ -78.77789, 38.09448 ], [ -78.7772, 38.09322 ], [ -78.77738, 38.09181 ], [ -78.77925, 38.08892 ], [ -78.77891, 38.08437 ], [ -78.78081, 38.08203 ], [ -78.78108, 38.08076 ], [ -78.78603, 38.08167 ], [ -78.78807, 38.08094 ], [ -78.78884, 38.0797 ], [ -78.79161, 38.07818 ], [ -78.79393, 38.07751 ], [ -78.79284, 38.07601 ], [ -78.79313, 38.07263 ], [ -78.79223, 38.0712 ], [ -78.79279, 38.0695 ], [ -78.79837, 38.06663 ], [ -78.80162, 38.06602 ], [ -78.80507, 38.06465 ], [ -78.80648, 38.0632 ], [ -78.8105, 38.06148 ], [ -78.81186, 38.06173 ], [ -78.81729, 38.05963 ], [ -78.81862, 38.05985 ], [ -78.82169, 38.05923 ], [ -78.82222, 38.05796 ], [ -78.8252, 38.05604 ], [ -78.82651, 38.05443 ], [ -78.82993, 38.05403 ], [ -78.83701, 38.04826 ], [ -78.83887, 38.04737 ], [ -78.84216, 38.04436 ], [ -78.84707, 38.04109 ], [ -78.85033, 38.03779 ], [ -78.85279, 38.03724 ], [ -78.85519, 38.03579 ], [ -78.85746, 38.03263 ], [ -78.8581, 38.02943 ], [ -78.85983, 38.02847 ], [ -78.86188, 38.02873 ], [ -78.86356, 38.02783 ], [ -78.8664, 38.02863 ], [ -78.86962, 38.02796 ], [ -78.87219, 38.02909 ], [ -78.87369, 38.02862 ], [ -78.87753, 38.02412 ], [ -78.87804, 38.02163 ], [ -78.87919, 38.02006 ], [ -78.88195, 38.01818 ], [ -78.88238, 38.01432 ], [ -78.88172, 38.00937 ], [ -78.88212, 38.008 ], [ -78.88524, 38.00388 ], [ -78.88627, 38.00147 ], [ -78.88808, 37.99964 ], [ -78.88793, 37.99662 ], [ -78.88934, 37.99535 ], [ -78.89214, 37.99449 ], [ -78.8962, 37.99539 ], [ -78.89907, 37.99395 ], [ -78.90152, 37.99077 ], [ -78.90694, 37.98754 ], [ -78.90594, 37.98477 ], [ -78.90713, 37.98224 ], [ -78.90795, 37.97882 ], [ -78.9077, 37.97621 ], [ -78.90354, 37.97479 ], [ -78.89361, 37.97715 ], [ -78.89261, 37.97496 ], [ -78.89278, 37.97382 ], [ -78.89469, 37.97055 ], [ -78.90001, 37.96427 ], [ -78.89943, 37.96239 ], [ -78.9006, 37.96161 ], [ -78.90055, 37.96005 ], [ -78.90234, 37.95823 ], [ -78.90112, 37.95464 ], [ -78.90192, 37.95325 ], [ -78.90228, 37.9514 ], [ -78.90052, 37.94937 ], [ -78.89905, 37.94886 ], [ -78.90377, 37.94697 ], [ -78.9054, 37.94698 ], [ -78.90943, 37.94535 ], [ -78.91267, 37.94584 ], [ -78.91983, 37.94627 ], [ -78.92116, 37.94457 ], [ -78.9213, 37.94275 ], [ -78.9255, 37.94042 ], [ -78.92935, 37.93986 ], [ -78.93234, 37.94013 ], [ -78.93323, 37.93989 ], [ -78.93728, 37.93997 ], [ -78.9403, 37.94056 ], [ -78.94207, 37.94024 ], [ -78.94336, 37.93825 ], [ -78.94564, 37.93737 ], [ -78.94711, 37.93547 ], [ -78.95187, 37.93192 ], [ -78.95337, 37.92884 ], [ -78.95695, 37.92588 ], [ -78.95708, 37.92388 ], [ -78.95906, 37.92046 ], [ -78.95814, 37.91893 ], [ -78.95525, 37.91671 ], [ -78.95691, 37.91658 ], [ -78.96275, 37.91504 ], [ -78.96553, 37.91344 ], [ -78.96905, 37.91304 ], [ -78.97081, 37.91238 ], [ -78.97278, 37.91055 ], [ -78.97721, 37.9085 ], [ -78.98112, 37.90596 ], [ -78.98333, 37.90329 ], [ -78.98516, 37.902 ], [ -78.98725, 37.89834 ], [ -78.98747, 37.89587 ], [ -78.99005, 37.89444 ], [ -78.99286, 37.89105 ], [ -78.99608, 37.88887 ], [ -78.99845, 37.88824 ], [ -79.00079, 37.88513 ], [ -79.003, 37.88415 ], [ -79.00513, 37.88169 ], [ -79.00579, 37.88159 ], [ -79.00895, 37.88334 ], [ -79.0123, 37.88467 ], [ -79.01647, 37.88805 ], [ -79.01633, 37.88989 ], [ -79.01762, 37.89229 ], [ -79.01728, 37.89321 ], [ -79.01952, 37.89338 ], [ -79.02237, 37.8921 ], [ -79.02555, 37.89203 ], [ -79.02748, 37.8924 ], [ -79.0334, 37.89205 ], [ -79.03587, 37.89258 ], [ -79.03782, 37.89188 ], [ -79.04299, 37.89147 ], [ -79.04433, 37.8909 ], [ -79.04468, 37.89526 ], [ -79.04569, 37.89775 ], [ -79.05018, 37.89997 ], [ -79.04951, 37.90316 ], [ -79.05034, 37.90704 ], [ -79.05223, 37.91012 ], [ -79.05226, 37.91279 ], [ -79.05681, 37.91263 ], [ -79.06, 37.91515 ], [ -79.06228, 37.91752 ], [ -79.06381, 37.91714 ], [ -79.06691, 37.9145 ], [ -79.06941, 37.91335 ], [ -79.07504, 37.91409 ], [ -79.0764, 37.91513 ], [ -79.07726, 37.91489 ], [ -79.07831, 37.91387 ], [ -79.08191, 37.91299 ], [ -79.08352, 37.91205 ], [ -79.08658, 37.91163 ], [ -79.08771, 37.91191 ], [ -79.09122, 37.91093 ], [ -79.0989, 37.90763 ], [ -79.09974, 37.90634 ], [ -79.09967, 37.9049 ], [ -79.1013, 37.90374 ], [ -79.10595, 37.90243 ], [ -79.10792, 37.9037 ], [ -79.11609, 37.90206 ], [ -79.11828, 37.90108 ], [ -79.1227, 37.8958 ], [ -79.12935, 37.89559 ], [ -79.13049, 37.89446 ], [ -79.134, 37.89284 ], [ -79.13566, 37.89256 ], [ -79.13747, 37.89139 ], [ -79.14224, 37.8908 ], [ -79.14664, 37.88883 ], [ -79.14747, 37.8902 ], [ -79.14888, 37.89024 ], [ -79.15063, 37.89262 ], [ -79.15739, 37.891 ], [ -79.15191, 37.88623 ], [ -79.15134, 37.88457 ], [ -79.15257, 37.88108 ], [ -79.15144, 37.88037 ], [ -79.15183, 37.87879 ], [ -79.15077, 37.87679 ], [ -79.14734, 37.87591 ], [ -79.14648, 37.87522 ], [ -79.14655, 37.87329 ], [ -79.14817, 37.87224 ], [ -79.14658, 37.87048 ], [ -79.14718, 37.86931 ], [ -79.14847, 37.869 ], [ -79.15076, 37.86716 ], [ -79.15154, 37.86598 ], [ -79.15, 37.86509 ], [ -79.14852, 37.86213 ], [ -79.147, 37.86167 ], [ -79.14432, 37.86001 ], [ -79.14396, 37.85928 ], [ -79.14513, 37.85748 ], [ -79.14447, 37.85591 ], [ -79.14552, 37.85452 ], [ -79.14846, 37.85275 ], [ -79.15031, 37.85031 ], [ -79.15275, 37.84913 ], [ -79.1535, 37.8468 ], [ -79.15313, 37.84575 ], [ -79.1546, 37.84385 ], [ -79.15619, 37.84307 ], [ -79.15731, 37.83965 ], [ -79.15887, 37.83879 ], [ -79.15903, 37.83802 ], [ -79.15737, 37.83581 ], [ -79.15522, 37.83473 ], [ -79.15467, 37.83265 ], [ -79.15691, 37.83128 ], [ -79.15711, 37.82904 ], [ -79.15853, 37.82728 ], [ -79.16013, 37.82657 ], [ -79.15811, 37.82551 ], [ -79.16022, 37.82231 ], [ -79.1586, 37.82124 ], [ -79.15803, 37.81988 ], [ -79.16168, 37.81671 ], [ -79.16424, 37.81633 ], [ -79.16518, 37.81413 ], [ -79.16482, 37.81298 ], [ -79.1666, 37.81139 ], [ -79.16685, 37.80904 ], [ -79.16784, 37.80775 ], [ -79.17103, 37.80553 ], [ -79.17213, 37.8031 ], [ -79.17079, 37.80112 ], [ -79.171, 37.80031 ], [ -79.1738, 37.79892 ], [ -79.17634, 37.7983 ], [ -79.17923, 37.79692 ], [ -79.18082, 37.79522 ], [ -79.18576, 37.79504 ], [ -79.18792, 37.79419 ], [ -79.18975, 37.79423 ], [ -79.19222, 37.7931 ], [ -79.19574, 37.79072 ], [ -79.1963, 37.78919 ], [ -79.19882, 37.78798 ], [ -79.20212, 37.78934 ], [ -79.20439, 37.7886 ], [ -79.206, 37.78968 ], [ -79.20937, 37.78916 ], [ -79.21192, 37.79191 ], [ -79.21261, 37.79392 ], [ -79.21571, 37.79489 ], [ -79.21759, 37.79604 ], [ -79.21834, 37.79807 ], [ -79.21759, 37.8 ], [ -79.21629, 37.80126 ], [ -79.22075, 37.80264 ], [ -79.22146, 37.80505 ], [ -79.22322, 37.80723 ], [ -79.22889, 37.8094 ], [ -79.22923, 37.8103 ], [ -79.22859, 37.81238 ], [ -79.23156, 37.81318 ], [ -79.23402, 37.81233 ], [ -79.23877, 37.80838 ], [ -79.2423, 37.80758 ], [ -79.24369, 37.80618 ], [ -79.24569, 37.80548 ], [ -79.24906, 37.80206 ], [ -79.24994, 37.80056 ], [ -79.25186, 37.79887 ], [ -79.2526, 37.79719 ], [ -79.25436, 37.79632 ], [ -79.25585, 37.79343 ], [ -79.25872, 37.79339 ], [ -79.26092, 37.79133 ], [ -79.26467, 37.79469 ], [ -79.26887, 37.7902 ], [ -79.27045, 37.7874 ], [ -79.27204, 37.78541 ], [ -79.27371, 37.78082 ], [ -79.278, 37.7753 ], [ -79.27944, 37.77271 ], [ -79.28239, 37.76949 ], [ -79.2874, 37.76485 ], [ -79.28947, 37.76378 ], [ -79.28976, 37.76206 ], [ -79.29114, 37.76021 ], [ -79.29202, 37.75799 ], [ -79.29445, 37.75415 ], [ -79.29722, 37.75162 ], [ -79.29827, 37.75022 ], [ -79.30144, 37.74223 ], [ -79.30301, 37.74092 ], [ -79.30538, 37.73642 ], [ -79.30827, 37.73409 ], [ -79.30689, 37.73347 ], [ -79.30635, 37.73179 ], [ -79.30506, 37.73059 ], [ -79.30495, 37.72906 ], [ -79.30622, 37.72782 ], [ -79.30964, 37.72649 ], [ -79.31, 37.72538 ], [ -79.31229, 37.7231 ], [ -79.31185, 37.72187 ], [ -79.31311, 37.72103 ], [ -79.31196, 37.7192 ], [ -79.31258, 37.7175 ], [ -79.3157, 37.71715 ], [ -79.31743, 37.71476 ], [ -79.3181, 37.71296 ], [ -79.31666, 37.71085 ], [ -79.31671, 37.7083 ], [ -79.31534, 37.70645 ], [ -79.31646, 37.70501 ], [ -79.31666, 37.70336 ], [ -79.3199, 37.70012 ], [ -79.32008, 37.69677 ], [ -79.32238, 37.69275 ], [ -79.32532, 37.69064 ], [ -79.32797, 37.68964 ], [ -79.33039, 37.6874 ], [ -79.33246, 37.6864 ], [ -79.33265, 37.68558 ], [ -79.33482, 37.68407 ], [ -79.3373, 37.68134 ], [ -79.33652, 37.68009 ], [ -79.3372, 37.6791 ], [ -79.34058, 37.67863 ], [ -79.34221, 37.6757 ], [ -79.34177, 37.67171 ], [ -79.3435, 37.67038 ], [ -79.34316, 37.66922 ], [ -79.34509, 37.66645 ], [ -79.3456, 37.6642 ], [ -79.34489, 37.66157 ], [ -79.34524, 37.66063 ], [ -79.34944, 37.65854 ], [ -79.35852, 37.65579 ], [ -79.35819, 37.65422 ], [ -79.36056, 37.65154 ], [ -79.36087, 37.6501 ], [ -79.36458, 37.6472 ], [ -79.36557, 37.6457 ], [ -79.37019, 37.64462 ], [ -79.37521, 37.64475 ], [ -79.38035, 37.64276 ], [ -79.38719, 37.636 ], [ -79.39179, 37.63343 ], [ -79.3927, 37.63159 ], [ -79.39539, 37.62954 ], [ -79.39912, 37.62817 ], [ -79.40184, 37.62599 ], [ -79.4043, 37.62573 ], [ -79.40654, 37.62683 ], [ -79.41364, 37.62598 ], [ -79.41781, 37.62651 ], [ -79.41963, 37.62566 ], [ -79.4228, 37.62036 ], [ -79.42481, 37.61815 ], [ -79.42637, 37.61551 ], [ -79.44528, 37.61825 ], [ -79.44581, 37.61658 ], [ -79.45059, 37.6114 ], [ -79.45584, 37.60857 ], [ -79.45788, 37.60601 ], [ -79.45739, 37.60381 ], [ -79.45601, 37.60208 ], [ -79.4575, 37.59932 ], [ -79.45582, 37.59619 ], [ -79.45204, 37.59155 ], [ -79.45097, 37.59077 ], [ -79.45028, 37.58892 ], [ -79.45215, 37.58719 ], [ -79.44907, 37.58608 ], [ -79.44886, 37.58375 ], [ -79.44645, 37.58396 ], [ -79.44822, 37.58247 ], [ -79.44907, 37.57876 ], [ -79.44623, 37.57626 ], [ -79.44395, 37.57668 ], [ -79.44194, 37.5761 ], [ -79.43887, 37.57785 ], [ -79.4367, 37.57567 ], [ -79.43629, 37.57458 ], [ -79.43407, 37.57233 ], [ -79.43667, 37.57118 ], [ -79.43971, 37.56767 ], [ -79.44039, 37.56411 ], [ -79.4411, 37.56345 ], [ -79.44501, 37.56238 ], [ -79.44728, 37.56132 ], [ -79.44928, 37.56102 ], [ -79.45261, 37.56156 ], [ -79.45838, 37.55989 ], [ -79.45813, 37.55799 ], [ -79.45867, 37.55672 ], [ -79.46059, 37.55471 ], [ -79.46267, 37.55098 ], [ -79.46411, 37.54956 ], [ -79.46664, 37.54873 ], [ -79.46892, 37.54848 ], [ -79.47101, 37.54771 ], [ -79.47504, 37.54941 ], [ -79.47675, 37.54851 ], [ -79.47899, 37.54838 ], [ -79.48295, 37.54534 ], [ -79.48391, 37.54424 ], [ -79.49366, 37.53809 ], [ -79.49654, 37.53711 ], [ -79.49766, 37.53599 ], [ -79.4987, 37.5328 ], [ -79.50286, 37.52976 ], [ -79.50493, 37.52934 ], [ -79.50557, 37.52643 ], [ -79.50531, 37.52411 ], [ -79.50442, 37.52171 ], [ -79.50468, 37.52083 ], [ -79.50809, 37.51778 ], [ -79.51223, 37.5172 ], [ -79.51422, 37.51658 ], [ -79.51672, 37.5138 ], [ -79.51733, 37.5115 ], [ -79.51894, 37.50845 ], [ -79.52469, 37.50738 ], [ -79.52752, 37.50593 ], [ -79.53094, 37.50651 ], [ -79.53312, 37.50526 ], [ -79.53432, 37.50181 ], [ -79.53694, 37.5012 ], [ -79.53826, 37.49897 ], [ -79.5379, 37.49716 ], [ -79.53865, 37.49569 ], [ -79.54111, 37.49446 ], [ -79.54555, 37.48951 ], [ -79.54649, 37.48934 ], [ -79.54918, 37.49253 ], [ -79.5502, 37.49518 ], [ -79.55225, 37.49557 ], [ -79.55535, 37.49892 ], [ -79.55896, 37.49642 ], [ -79.56046, 37.49355 ], [ -79.56203, 37.49301 ], [ -79.56314, 37.49039 ], [ -79.56474, 37.489 ], [ -79.56736, 37.48772 ], [ -79.56805, 37.485 ], [ -79.5692, 37.48414 ], [ -79.5693, 37.48284 ], [ -79.57335, 37.48036 ], [ -79.57843, 37.47355 ], [ -79.58008, 37.47329 ], [ -79.58113, 37.47196 ], [ -79.58045, 37.46812 ], [ -79.58265, 37.46545 ], [ -79.5832, 37.46347 ], [ -79.58164, 37.46082 ], [ -79.58228, 37.45844 ], [ -79.5807, 37.4556 ], [ -79.58256, 37.45283 ], [ -79.58275, 37.45188 ], [ -79.58607, 37.45098 ], [ -79.58853, 37.4496 ], [ -79.59202, 37.44953 ], [ -79.59371, 37.44886 ], [ -79.59888, 37.45124 ], [ -79.60069, 37.45287 ], [ -79.60225, 37.45357 ], [ -79.6026, 37.45537 ], [ -79.60865, 37.45524 ], [ -79.6101, 37.45644 ], [ -79.614, 37.45631 ], [ -79.61718, 37.45802 ], [ -79.61885, 37.4578 ], [ -79.62365, 37.45546 ], [ -79.62612, 37.45528 ], [ -79.62752, 37.45373 ], [ -79.62816, 37.4536 ], [ -79.63421, 37.45702 ], [ -79.63652, 37.46009 ], [ -79.63841, 37.46144 ], [ -79.63806, 37.46286 ], [ -79.63899, 37.46484 ], [ -79.6386, 37.4659 ], [ -79.64001, 37.46732 ], [ -79.63941, 37.46843 ], [ -79.63977, 37.4711 ], [ -79.64304, 37.4731 ], [ -79.64354, 37.47438 ], [ -79.6457, 37.47523 ], [ -79.6464, 37.47675 ], [ -79.64839, 37.47731 ], [ -79.6535, 37.48196 ], [ -79.65587, 37.48253 ], [ -79.6588, 37.48501 ], [ -79.65961, 37.48507 ], [ -79.66081, 37.48432 ], [ -79.66488, 37.48305 ], [ -79.67088, 37.48363 ], [ -79.6748, 37.48292 ], [ -79.67747, 37.48347 ], [ -79.6787, 37.48114 ], [ -79.68572, 37.47817 ], [ -79.68624, 37.4776 ], [ -79.69006, 37.47637 ], [ -79.69967, 37.46635 ], [ -79.70459, 37.46242 ], [ -79.70577, 37.46033 ], [ -79.70779, 37.45961 ], [ -79.71015, 37.45969 ], [ -79.71022, 37.45784 ], [ -79.7116, 37.45478 ], [ -79.71425, 37.45262 ], [ -79.71591, 37.45257 ], [ -79.71851, 37.45045 ], [ -79.71908, 37.44896 ], [ -79.72152, 37.44867 ], [ -79.72308, 37.44727 ], [ -79.72623, 37.44582 ], [ -79.72641, 37.44499 ], [ -79.73094, 37.44334 ], [ -79.73207, 37.44195 ], [ -79.7349, 37.4413 ], [ -79.73799, 37.4379 ], [ -79.74097, 37.43694 ], [ -79.74166, 37.43571 ], [ -79.74518, 37.43434 ], [ -79.74686, 37.43257 ], [ -79.74977, 37.43162 ], [ -79.7518, 37.4317 ], [ -79.75231, 37.43012 ], [ -79.75388, 37.42865 ], [ -79.75619, 37.42538 ], [ -79.75875, 37.42394 ], [ -79.76124, 37.4241 ], [ -79.76415, 37.42311 ], [ -79.76716, 37.42077 ], [ -79.76819, 37.41956 ], [ -79.7709, 37.41866 ], [ -79.77532, 37.41622 ], [ -79.77878, 37.41526 ], [ -79.78316, 37.41255 ], [ -79.79049, 37.40879 ], [ -79.79943, 37.40889 ], [ -79.80622, 37.40708 ], [ -79.8075, 37.40557 ], [ -79.81118, 37.40514 ], [ -79.8142, 37.40365 ], [ -79.81345, 37.40189 ], [ -79.80852, 37.39799 ], [ -79.80462, 37.39655 ], [ -79.80473, 37.39249 ], [ -79.80171, 37.39015 ], [ -79.79739, 37.38516 ], [ -79.79281, 37.38301 ], [ -79.7934, 37.38165 ], [ -79.79219, 37.38082 ], [ -79.78607, 37.38226 ], [ -79.77862, 37.38178 ], [ -79.77698, 37.38084 ], [ -79.77535, 37.37732 ], [ -79.77606, 37.37402 ], [ -79.77767, 37.37287 ], [ -79.77921, 37.37082 ], [ -79.78105, 37.37073 ], [ -79.78332, 37.36919 ], [ -79.78347, 37.36775 ], [ -79.78462, 37.36593 ], [ -79.78502, 37.36329 ], [ -79.78457, 37.36218 ], [ -79.7858, 37.36167 ], [ -79.78665, 37.35913 ], [ -79.78621, 37.357 ], [ -79.78635, 37.35457 ], [ -79.78785, 37.35246 ], [ -79.78868, 37.34935 ], [ -79.7949, 37.34513 ], [ -79.79793, 37.34508 ], [ -79.80194, 37.34341 ], [ -79.80469, 37.34113 ], [ -79.8053, 37.33996 ], [ -79.80713, 37.33935 ], [ -79.81076, 37.33527 ], [ -79.8128, 37.33449 ], [ -79.81375, 37.33362 ], [ -79.82021, 37.33103 ], [ -79.8218, 37.32996 ], [ -79.82415, 37.32925 ], [ -79.83031, 37.32535 ], [ -79.83273, 37.32496 ], [ -79.83586, 37.32316 ], [ -79.8362, 37.32193 ], [ -79.83791, 37.32167 ], [ -79.84041, 37.31936 ], [ -79.84185, 37.31911 ], [ -79.8442, 37.31775 ], [ -79.84461, 37.31518 ], [ -79.8453, 37.31388 ], [ -79.8447, 37.31303 ], [ -79.84748, 37.30935 ], [ -79.84385, 37.30542 ], [ -79.84078, 37.30304 ], [ -79.83961, 37.30041 ], [ -79.84073, 37.29816 ], [ -79.84456, 37.29611 ], [ -79.85038, 37.29511 ], [ -79.84931, 37.28764 ], [ -79.85099, 37.28444 ], [ -79.85075, 37.28242 ], [ -79.84777, 37.27847 ], [ -79.85085, 37.27368 ], [ -79.85841, 37.26716 ], [ -79.85712, 37.26541 ], [ -79.85213, 37.26037 ], [ -79.85284, 37.25799 ], [ -79.84647, 37.24739 ], [ -79.8469, 37.2413 ], [ -79.84349, 37.2352 ], [ -79.84249, 37.23028 ], [ -79.84347, 37.22891 ], [ -79.84656, 37.22683 ], [ -79.84722, 37.22541 ], [ -79.8519, 37.22373 ], [ -79.85174, 37.22019 ], [ -79.8529, 37.21849 ], [ -79.85074, 37.21647 ], [ -79.85198, 37.21506 ], [ -79.85717, 37.2134 ], [ -79.85932, 37.21352 ], [ -79.86141, 37.21766 ], [ -79.86293, 37.21698 ], [ -79.86497, 37.21707 ], [ -79.8674, 37.21649 ], [ -79.8696, 37.21668 ], [ -79.87206, 37.21553 ], [ -79.87561, 37.2124 ], [ -79.88257, 37.20971 ], [ -79.88486, 37.20529 ], [ -79.88382, 37.20345 ], [ -79.88731, 37.20028 ], [ -79.88992, 37.20049 ], [ -79.89386, 37.19931 ], [ -79.89417, 37.19719 ], [ -79.89335, 37.19177 ], [ -79.8939, 37.19114 ], [ -79.89244, 37.18935 ], [ -79.89213, 37.18704 ], [ -79.89419, 37.18521 ], [ -79.89512, 37.18183 ], [ -79.89669, 37.18096 ], [ -79.90121, 37.17945 ], [ -79.90736, 37.17941 ], [ -79.91182, 37.17695 ], [ -79.91188, 37.16989 ], [ -79.91357, 37.16824 ], [ -79.91391, 37.16516 ], [ -79.91531, 37.16504 ], [ -79.91844, 37.16215 ], [ -79.92026, 37.16194 ], [ -79.92093, 37.16076 ], [ -79.92316, 37.16097 ], [ -79.92552, 37.1595 ], [ -79.9299, 37.15834 ], [ -79.93349, 37.15507 ], [ -79.93721, 37.15379 ], [ -79.93864, 37.15105 ], [ -79.94059, 37.15068 ], [ -79.94479, 37.15109 ], [ -79.94631, 37.15009 ], [ -79.94771, 37.14804 ], [ -79.94789, 37.14646 ], [ -79.94894, 37.14582 ], [ -79.95081, 37.14317 ], [ -79.95275, 37.14226 ], [ -79.95378, 37.13955 ], [ -79.95619, 37.13954 ], [ -79.96282, 37.13727 ], [ -79.96513, 37.13746 ], [ -79.96669, 37.13931 ], [ -79.96858, 37.13977 ], [ -79.97243, 37.13956 ], [ -79.97498, 37.14325 ], [ -79.97861, 37.14366 ], [ -79.98015, 37.14304 ], [ -79.98327, 37.14358 ], [ -79.98498, 37.14213 ], [ -79.9896, 37.14342 ], [ -79.99158, 37.14659 ], [ -79.99192, 37.14955 ], [ -79.99071, 37.15085 ], [ -79.99128, 37.15276 ], [ -79.99343, 37.15341 ], [ -79.99589, 37.15198 ], [ -79.99774, 37.15264 ], [ -80.00118, 37.15167 ], [ -80.00403, 37.15721 ], [ -80.00527, 37.15746 ], [ -80.00522, 37.15983 ], [ -80.0037, 37.16256 ], [ -80.00085, 37.16554 ], [ -80.00161, 37.1673 ], [ -80.00531, 37.16782 ], [ -80.00311, 37.16976 ], [ -80.00202, 37.17553 ], [ -79.99974, 37.17842 ], [ -80.00109, 37.18171 ], [ -80.00227, 37.19004 ], [ -80.00061, 37.19303 ], [ -79.99846, 37.19086 ], [ -79.99174, 37.1921 ], [ -79.98703, 37.19427 ], [ -79.98409, 37.19647 ], [ -79.98027, 37.19738 ], [ -79.97495, 37.19994 ], [ -79.97029, 37.20165 ], [ -79.96751, 37.20365 ], [ -79.96514, 37.20762 ], [ -79.95963, 37.20785 ], [ -79.95596, 37.21038 ], [ -79.96037, 37.21545 ], [ -79.96561, 37.21899 ], [ -79.96732, 37.22084 ], [ -79.97144, 37.22957 ], [ -79.97407, 37.23135 ], [ -79.97625, 37.23484 ], [ -79.97601, 37.2368 ], [ -79.97755, 37.23526 ], [ -79.98011, 37.23035 ], [ -79.98143, 37.22973 ], [ -79.98131, 37.23295 ], [ -79.98271, 37.2346 ], [ -79.98472, 37.23616 ], [ -79.98263, 37.24043 ], [ -79.98602, 37.23995 ], [ -79.98817, 37.23732 ], [ -79.99164, 37.23939 ], [ -79.99005, 37.24166 ], [ -79.99439, 37.24118 ], [ -79.99412, 37.24138 ], [ -79.99859, 37.24546 ], [ -79.99328, 37.24569 ], [ -79.9954, 37.24799 ], [ -79.99719, 37.24882 ], [ -79.99694, 37.25087 ], [ -79.99819, 37.25216 ], [ -80.00071, 37.25113 ], [ -80.00411, 37.24875 ], [ -80.00418, 37.24642 ], [ -80.00643, 37.24608 ], [ -80.00728, 37.24909 ], [ -80.0153, 37.24783 ], [ -80.01847, 37.24817 ], [ -80.02463, 37.24643 ], [ -80.02883, 37.24365 ], [ -80.03161, 37.24623 ], [ -80.03637, 37.2495 ], [ -80.03715, 37.25075 ], [ -80.03756, 37.25316 ], [ -80.03617, 37.25556 ], [ -80.03445, 37.25752 ], [ -80.03346, 37.26289 ], [ -80.03915, 37.26171 ], [ -80.04065, 37.26179 ], [ -80.04498, 37.25831 ], [ -80.04476, 37.25683 ], [ -80.04645, 37.25385 ], [ -80.0512, 37.2522 ], [ -80.05143, 37.25462 ], [ -80.05499, 37.2537 ], [ -80.06484, 37.26034 ], [ -80.07451, 37.25706 ], [ -80.07484, 37.25822 ], [ -80.07621, 37.25851 ], [ -80.07676, 37.26031 ], [ -80.07554, 37.2607 ], [ -80.07589, 37.26249 ], [ -80.07741, 37.26253 ], [ -80.07748, 37.26388 ], [ -80.08172, 37.26487 ], [ -80.08163, 37.26595 ], [ -80.07876, 37.26899 ], [ -80.07877, 37.27013 ], [ -80.08239, 37.27171 ], [ -80.08312, 37.27453 ], [ -80.08507, 37.27763 ], [ -80.08784, 37.27812 ], [ -80.08846, 37.28227 ], [ -80.09368, 37.2825 ], [ -80.09538, 37.28146 ], [ -80.10504, 37.27812 ], [ -80.1065, 37.27776 ], [ -80.11085, 37.27773 ], [ -80.11397, 37.27569 ], [ -80.11552, 37.27419 ], [ -80.11731, 37.27125 ], [ -80.12109, 37.26843 ], [ -80.1232, 37.26783 ], [ -80.12756, 37.26846 ], [ -80.129, 37.26896 ], [ -80.13137, 37.27043 ], [ -80.1386, 37.27011 ], [ -80.13913, 37.26738 ], [ -80.13837, 37.26467 ], [ -80.14052, 37.26444 ], [ -80.1433, 37.26691 ], [ -80.14597, 37.26533 ], [ -80.15505, 37.26369 ], [ -80.15924, 37.26221 ], [ -80.16791, 37.25993 ], [ -80.17069, 37.25826 ], [ -80.17024, 37.25773 ], [ -80.17065, 37.25742 ], [ -80.1701, 37.25672 ], [ -80.1691, 37.25653 ], [ -80.17324, 37.25575 ], [ -80.17424, 37.25077 ], [ -80.17576, 37.24711 ], [ -80.17893, 37.24843 ], [ -80.18123, 37.25204 ], [ -80.18212, 37.25056 ], [ -80.18173, 37.24717 ], [ -80.17933, 37.24202 ], [ -80.18668, 37.23719 ], [ -80.19254, 37.23438 ], [ -80.19455, 37.23558 ], [ -80.19446, 37.23725 ], [ -80.20257, 37.24149 ], [ -80.20332, 37.24623 ], [ -80.25834, 37.30843 ], [ -80.26218, 37.34153 ], [ -80.25584, 37.3455 ], [ -80.25441, 37.34797 ], [ -80.25231, 37.35016 ], [ -80.25016, 37.35178 ], [ -80.24718, 37.35283 ], [ -80.24651, 37.35394 ], [ -80.24057, 37.35686 ], [ -80.23817, 37.35721 ], [ -80.23715, 37.35824 ], [ -80.23528, 37.35874 ], [ -80.23307, 37.36063 ], [ -80.23102, 37.36185 ], [ -80.22909, 37.36231 ], [ -80.226, 37.36478 ], [ -80.22328, 37.36539 ], [ -80.21932, 37.36567 ], [ -80.21286, 37.36791 ], [ -80.20693, 37.37123 ], [ -80.20461, 37.37315 ], [ -80.20255, 37.37421 ], [ -80.20154, 37.37681 ], [ -80.2003, 37.37836 ], [ -80.14756, 37.38255 ], [ -80.14557, 37.38504 ], [ -80.14396, 37.3856 ], [ -80.13801, 37.38927 ], [ -80.12159, 37.39713 ], [ -80.11527, 37.40071 ], [ -80.11097, 37.40237 ], [ -80.10993, 37.40313 ], [ -80.10415, 37.40564 ], [ -80.10214, 37.40809 ], [ -80.09861, 37.41024 ], [ -80.09562, 37.41156 ], [ -80.09182, 37.4127 ], [ -80.09014, 37.41363 ], [ -80.08832, 37.41547 ], [ -80.07976, 37.41933 ], [ -80.07894, 37.41945 ], [ -80.06737, 37.4264 ], [ -80.06583, 37.42847 ], [ -80.06546, 37.43011 ], [ -80.061, 37.43334 ], [ -80.05921, 37.43548 ], [ -80.05675, 37.43734 ], [ -80.05007, 37.44106 ], [ -80.04759, 37.4431 ], [ -80.04303, 37.44902 ], [ -80.04171, 37.452 ], [ -80.03952, 37.45484 ], [ -80.03681, 37.46092 ], [ -80.0346, 37.46374 ], [ -80.03152, 37.47017 ], [ -80.0308, 37.47236 ], [ -80.03046, 37.4755 ], [ -80.0259, 37.48077 ], [ -80.02579, 37.48198 ], [ -80.02122, 37.48863 ], [ -80.01954, 37.48978 ], [ -80.01677, 37.49372 ], [ -80.01443, 37.49485 ], [ -80.01466, 37.50013 ], [ -80.01273, 37.50152 ], [ -80.0095, 37.51083 ], [ -80.00873, 37.51111 ], [ -80.00245, 37.51608 ], [ -80.00155, 37.51716 ], [ -79.99836, 37.51882 ], [ -79.9974, 37.52047 ], [ -79.99096, 37.52567 ], [ -79.98936, 37.52807 ], [ -79.98683, 37.53024 ], [ -79.98653, 37.53135 ], [ -79.98441, 37.53334 ], [ -79.98316, 37.53373 ], [ -79.98169, 37.53549 ], [ -79.97951, 37.53671 ], [ -79.97931, 37.53773 ], [ -79.97575, 37.53928 ], [ -79.974, 37.54189 ], [ -79.97233, 37.5433 ], [ -79.96907, 37.54441 ], [ -79.98587, 37.56803 ], [ -80.02762, 37.62422 ], [ -80.03203, 37.63856 ], [ -80.02603, 37.64272 ], [ -80.02245, 37.64628 ], [ -80.02055, 37.64744 ], [ -80.03271, 37.66029 ], [ -80.03605, 37.65797 ], [ -80.04059, 37.65344 ], [ -80.04526, 37.65022 ], [ -80.05059, 37.64726 ], [ -80.05649, 37.64519 ], [ -80.05888, 37.64399 ], [ -80.05979, 37.64288 ], [ -80.06572, 37.64037 ], [ -80.0687, 37.63976 ], [ -80.06908, 37.6374 ], [ -80.06991, 37.63608 ], [ -80.07411, 37.63363 ], [ -80.07606, 37.63215 ], [ -80.08457, 37.62941 ], [ -80.08589, 37.62769 ], [ -80.08746, 37.62667 ], [ -80.09287, 37.62587 ], [ -80.09834, 37.62378 ], [ -80.09981, 37.62387 ], [ -80.1048, 37.62269 ], [ -80.11157, 37.61652 ], [ -80.11505, 37.61462 ], [ -80.11724, 37.61258 ], [ -80.12043, 37.61025 ], [ -80.12322, 37.60738 ], [ -80.12811, 37.60601 ], [ -80.13105, 37.60455 ], [ -80.13338, 37.6029 ], [ -80.13701, 37.60213 ], [ -80.13846, 37.60052 ], [ -80.14064, 37.59977 ], [ -80.14439, 37.59663 ], [ -80.14668, 37.59662 ], [ -80.15055, 37.59962 ], [ -80.16062, 37.60328 ], [ -80.16758, 37.60827 ], [ -80.16719, 37.61205 ], [ -80.16854, 37.61333 ], [ -80.16844, 37.61538 ], [ -80.17034, 37.61626 ], [ -80.17295, 37.61583 ], [ -80.1761, 37.6168 ], [ -80.17751, 37.61512 ], [ -80.17817, 37.61513 ], [ -80.18177, 37.61377 ], [ -80.18463, 37.61534 ], [ -80.19668, 37.61569 ], [ -80.2052, 37.61629 ], [ -80.2194, 37.62692 ], [ -80.23929, 37.63767 ], [ -80.26329, 37.6451 ], [ -80.26745, 37.64611 ], [ -80.27937, 37.65708 ], [ -80.29614, 37.69178 ], [ -80.29411, 37.69385 ] ] ] } },
{ "type": "Feature", "properties": { "id": "VA-07", "state": "VA", "number": "07", "metro": true, "business_count": 2136, "has_data": true }, "geometry": { "type": "Polygon", "coordinates": [ [ [ -78.72627, 38.23195 ], [ -78.72243, 38.23301 ], [ -78.7211, 38.23434 ], [ -78.71557, 38.23587 ], [ -78.71124, 38.23864 ], [ -78.71001, 38.24244 ], [ -78.70673, 38.24465 ], [ -78.70657, 38.24644 ], [ -78.70434, 38.24699 ], [ -78.70228, 38.2462 ], [ -78.69774, 38.24574 ], [ -78.69286, 38.24729 ], [ -78.68979, 38.24884 ], [ -78.6894, 38.24985 ], [ -78.68635, 38.25141 ], [ -78.68529, 38.25282 ], [ -78.68249, 38.25462 ], [ -78.68103, 38.25491 ], [ -78.67804, 38.25407 ], [ -78.67591, 38.25288 ], [ -78.67448, 38.25043 ], [ -78.6716, 38.24793 ], [ -78.66981, 38.24733 ], [ -78.66872, 38.25068 ], [ -78.66509, 38.25196 ], [ -78.66219, 38.25348 ], [ -78.66008, 38.25538 ], [ -78.65897, 38.25804 ], [ -78.65653, 38.25906 ], [ -78.65535, 38.26026 ], [ -78.65724, 38.26057 ], [ -78.65978, 38.26252 ], [ -78.66216, 38.26364 ], [ -78.6625, 38.26478 ], [ -78.6664, 38.26605 ], [ -78.66374, 38.2672 ], [ -78.66119, 38.26901 ], [ -78.66076, 38.27095 ], [ -78.66205, 38.27181 ], [ -78.6639, 38.27668 ], [ -78.65953, 38.28229 ], [ -78.65845, 38.28474 ], [ -78.6583, 38.28654 ], [ -78.6545, 38.29078 ], [ -78.65121, 38.29346 ], [ -78.64751, 38.29245 ], [ -78.64439, 38.29249 ], [ -78.64024, 38.2907 ], [ -78.63796, 38.29076 ], [ -78.63434, 38.29203 ], [ -78.6326, 38.29366 ], [ -78.62852, 38.30002 ], [ -78.62233, 38.30174 ], [ -78.6193, 38.30342 ], [ -78.61501, 38.30403 ], [ -78.60895, 38.30577 ], [ -78.60378, 38.30648 ], [ -78.60272, 38.30689 ], [ -78.60171, 38.31354 ], [ -78.60031, 38.31555 ], [ -78.59657, 38.31708 ], [ -78.59553, 38.31807 ], [ -78.59539, 38.3201 ], [ -78.59168, 38.32149 ], [ -78.58997, 38.32319 ], [ -78.58751, 38.32483 ], [ -78.58359, 38.32555 ], [ -78.5813, 38.32563 ], [ -78.57981, 38.3275 ], [ -78.57551, 38.32842 ], [ -78.57009, 38.32788 ], [ -78.56723, 38.32824 ], [ -78.56544, 38.329 ], [ -78.56471, 38.33064 ], [ -78.55982, 38.33107 ], [ -78.557, 38.33198 ], [ -78.55158, 38.33632 ], [ -78.5527, 38.33863 ], [ -78.55277, 38.34373 ], [ -78.55381, 38.3485 ], [ -78.55311, 38.34931 ], [ -78.5473, 38.35232 ], [ -78.54631, 38.35544 ], [ -78.54541, 38.35693 ], [ -78.54377, 38.3584 ], [ -78.54468, 38.36113 ], [ -78.54453, 38.36252 ], [ -78.54286, 38.3643 ], [ -78.54065, 38.36534 ], [ -78.53656, 38.36611 ], [ -78.53188, 38.3661 ], [ -78.52632, 38.36785 ], [ -78.52494, 38.36901 ], [ -78.52279, 38.36951 ], [ -78.52617, 38.37127 ], [ -78.52642, 38.37244 ], [ -78.52479, 38.37559 ], [ -78.52195, 38.37979 ], [ -78.51864, 38.38125 ], [ -78.51836, 38.3841 ], [ -78.51705, 38.38572 ], [ -78.51714, 38.38938 ], [ -78.51642, 38.39157 ], [ -78.51514, 38.39372 ], [ -78.51295, 38.39391 ], [ -78.51016, 38.39288 ], [ -78.50661, 38.39401 ], [ -78.50269, 38.39648 ], [ -78.4994, 38.3996 ], [ -78.49882, 38.40267 ], [ -78.49485, 38.40572 ], [ -78.49321, 38.40629 ], [ -78.49435, 38.40905 ], [ -78.49071, 38.41287 ], [ -78.48984, 38.4143 ], [ -78.48672, 38.41611 ], [ -78.48725, 38.41976 ], [ -78.48425, 38.42365 ], [ -78.48358, 38.42706 ], [ -78.48165, 38.4306 ], [ -78.47894, 38.4317 ], [ -78.47657, 38.43215 ], [ -78.47771, 38.43418 ], [ -78.47772, 38.43857 ], [ -78.47591, 38.44078 ], [ -78.47549, 38.44276 ], [ -78.47441, 38.44387 ], [ -78.47433, 38.44559 ], [ -78.47269, 38.44745 ], [ -78.46689, 38.44757 ], [ -78.46507, 38.447 ], [ -78.46546, 38.45028 ], [ -78.4647, 38.45254 ], [ -78.46211, 38.45472 ], [ -78.46186, 38.45628 ], [ -78.46266, 38.45953 ], [ -78.46054, 38.46182 ], [ -78.45944, 38.46371 ], [ -78.45771, 38.4648 ], [ -78.45762, 38.46761 ], [ -78.45549, 38.47253 ], [ -78.4528, 38.47553 ], [ -78.45004, 38.48085 ], [ -78.44876, 38.48271 ], [ -78.44684, 38.48401 ], [ -78.44541, 38.48802 ], [ -78.44438, 38.48944 ], [ -78.44206, 38.48972 ], [ -78.44143, 38.49049 ], [ -78.44216, 38.4944 ], [ -78.44423, 38.49512 ], [ -78.44607, 38.49742 ], [ -78.44677, 38.49929 ], [ -78.44582, 38.50005 ], [ -78.44525, 38.50281 ], [ -78.44236, 38.5057 ], [ -78.44274, 38.51196 ], [ -78.44063, 38.51331 ], [ -78.4411, 38.51611 ], [ -78.43894, 38.51679 ], [ -78.43818, 38.51833 ], [ -78.43681, 38.51915 ], [ -78.43627, 38.52215 ], [ -78.44277, 38.52777 ], [ -78.43846, 38.53081 ], [ -78.43312, 38.52661 ], [ -78.43133, 38.52645 ], [ -78.43021, 38.52689 ], [ -78.42806, 38.53011 ], [ -78.42504, 38.53117 ], [ -78.42239, 38.53342 ], [ -78.41975, 38.5344 ], [ -78.41889, 38.53715 ], [ -78.41738, 38.53882 ], [ -78.41508, 38.54299 ], [ -78.41376, 38.5472 ], [ -78.41016, 38.54863 ], [ -78.40842, 38.54983 ], [ -78.40745, 38.5517 ], [ -78.40402, 38.55222 ], [ -78.39434, 38.55569 ], [ -78.39068, 38.55467 ], [ -78.38895, 38.5549 ], [ -78.38522, 38.55758 ], [ -78.38324, 38.55988 ], [ -78.38078, 38.56151 ], [ -78.3806, 38.56461 ], [ -78.38152, 38.56832 ], [ -78.38309, 38.569 ], [ -78.38398, 38.57057 ], [ -78.38398, 38.57265 ], [ -78.38251, 38.57542 ], [ -78.38318, 38.57807 ], [ -78.38463, 38.5787 ], [ -78.38566, 38.58266 ], [ -78.38319, 38.58832 ], [ -78.3809, 38.59013 ], [ -78.37946, 38.59044 ], [ -78.3741, 38.59449 ], [ -78.373, 38.59683 ], [ -78.37144, 38.59781 ], [ -78.37099, 38.59941 ], [ -78.3678, 38.60225 ], [ -78.36649, 38.60595 ], [ -78.36426, 38.60988 ], [ -78.36275, 38.61064 ], [ -78.36194, 38.61212 ], [ -78.36023, 38.61266 ], [ -78.36002, 38.61378 ], [ -78.35719, 38.61334 ], [ -78.3552, 38.61198 ], [ -78.35222, 38.61555 ], [ -78.34866, 38.61629 ], [ -78.34598, 38.61796 ], [ -78.34447, 38.61979 ], [ -78.34449, 38.62269 ], [ -78.34198, 38.62432 ], [ -78.34098, 38.62568 ], [ -78.33818, 38.62731 ], [ -78.26653, 38.56369 ], [ -78.26344, 38.56194 ], [ -78.2318, 38.53254 ], [ -78.22915, 38.53328 ], [ -78.22896, 38.53403 ], [ -78.22603, 38.53382 ], [ -78.22114, 38.53457 ], [ -78.21624, 38.53821 ], [ -78.21488, 38.53844 ], [ -78.21251, 38.53732 ], [ -78.21249, 38.53573 ], [ -78.21044, 38.53227 ], [ -78.20829, 38.53057 ], [ -78.20396, 38.53311 ], [ -78.20207, 38.53289 ], [ -78.19988, 38.53101 ], [ -78.19903, 38.52824 ], [ -78.19107, 38.52406 ], [ -78.18978, 38.52627 ], [ -78.18739, 38.52779 ], [ -78.18666, 38.52717 ], [ -78.18314, 38.52648 ], [ -78.18019, 38.52684 ], [ -78.17823, 38.52651 ], [ -78.17714, 38.52191 ], [ -78.17597, 38.52079 ], [ -78.1734, 38.52236 ], [ -78.17177, 38.5222 ], [ -78.16879, 38.52381 ], [ -78.111, 38.57736 ], [ -78.10935, 38.57849 ], [ -78.09013, 38.59679 ], [ -77.93536, 38.69584 ], [ -77.93325, 38.69506 ], [ -77.9308, 38.69573 ], [ -77.93178, 38.69734 ], [ -77.93139, 38.69837 ], [ -77.92766, 38.69902 ], [ -77.92445, 38.69766 ], [ -77.9203, 38.69755 ], [ -77.91878, 38.69805 ], [ -77.91418, 38.6979 ], [ -77.91133, 38.69655 ], [ -77.90946, 38.69732 ], [ -77.90923, 38.6962 ], [ -77.9061, 38.69589 ], [ -77.90491, 38.69316 ], [ -77.90205, 38.69023 ], [ -77.90425, 38.68639 ], [ -77.90291, 38.68418 ], [ -77.89919, 38.68364 ], [ -77.89453, 38.68141 ], [ -77.89186, 38.68108 ], [ -77.89235, 38.67988 ], [ -77.8941, 38.67916 ], [ -77.90088, 38.67472 ], [ -77.9026, 38.67466 ], [ -77.90178, 38.67114 ], [ -77.90347, 38.67005 ], [ -77.90126, 38.6655 ], [ -77.89889, 38.66417 ], [ -77.8973, 38.66232 ], [ -77.89612, 38.66205 ], [ -77.89387, 38.66368 ], [ -77.89035, 38.66414 ], [ -77.88786, 38.66352 ], [ -77.88727, 38.6653 ], [ -77.88574, 38.66651 ], [ -77.88415, 38.66664 ], [ -77.88377, 38.66467 ], [ -77.88063, 38.66201 ], [ -77.87862, 38.65778 ], [ -77.87514, 38.65374 ], [ -77.87403, 38.65127 ], [ -77.8717, 38.64855 ], [ -77.87146, 38.64548 ], [ -77.8739, 38.64363 ], [ -77.87274, 38.64179 ], [ -77.87341, 38.63972 ], [ -77.87829, 38.63876 ], [ -77.88051, 38.63651 ], [ -77.87758, 38.63422 ], [ -77.87771, 38.63157 ], [ -77.87676, 38.6309 ], [ -77.87236, 38.63224 ], [ -77.86962, 38.63209 ], [ -77.86971, 38.63104 ], [ -77.87157, 38.62994 ], [ -77.87018, 38.62629 ], [ -77.86857, 38.62336 ], [ -77.86647, 38.62305 ], [ -77.86482, 38.6219 ], [ -77.86205, 38.62221 ], [ -77.85995, 38.62081 ], [ -77.86128, 38.61646 ], [ -77.86144, 38.61413 ], [ -77.86487, 38.6142 ], [ -77.86643, 38.61345 ], [ -77.86815, 38.61374 ], [ -77.87296, 38.61096 ], [ -77.87401, 38.60713 ], [ -77.87322, 38.60595 ], [ -77.87107, 38.60568 ], [ -77.87052, 38.60334 ], [ -77.86648, 38.60102 ], [ -77.86365, 38.60006 ], [ -77.86238, 38.59853 ], [ -77.86461, 38.59602 ], [ -77.86633, 38.59312 ], [ -77.86836, 38.59349 ], [ -77.87419, 38.59134 ], [ -77.87589, 38.58943 ], [ -77.87628, 38.58618 ], [ -77.87717, 38.58489 ], [ -77.87144, 38.57905 ], [ -77.86835, 38.57775 ], [ -77.86671, 38.5762 ], [ -77.86383, 38.57243 ], [ -77.8629, 38.56974 ], [ -77.86271, 38.56533 ], [ -77.86073, 38.56217 ], [ -77.85912, 38.56038 ], [ -77.85646, 38.56036 ], [ -77.85691, 38.55774 ], [ -77.85617, 38.55679 ], [ -77.85359, 38.55604 ], [ -77.85108, 38.55646 ], [ -77.84901, 38.55467 ], [ -77.84791, 38.55141 ], [ -77.84561, 38.54985 ], [ -77.84455, 38.54808 ], [ -77.8435, 38.54471 ], [ -77.83888, 38.53989 ], [ -77.83645, 38.53831 ], [ -77.83208, 38.53887 ], [ -77.82701, 38.53572 ], [ -77.82279, 38.53198 ], [ -77.8202, 38.52907 ], [ -77.81907, 38.5289 ], [ -77.81373, 38.53028 ], [ -77.81194, 38.52686 ], [ -77.81144, 38.52475 ], [ -77.80831, 38.52127 ], [ -77.80632, 38.51816 ], [ -77.80094, 38.51225 ], [ -77.80058, 38.51071 ], [ -77.80134, 38.50744 ], [ -77.80113, 38.5031 ], [ -77.79692, 38.49847 ], [ -77.79528, 38.49759 ], [ -77.79176, 38.49481 ], [ -77.78785, 38.49303 ], [ -77.78753, 38.49141 ], [ -77.7883, 38.48945 ], [ -77.78763, 38.4881 ], [ -77.78394, 38.48904 ], [ -77.78187, 38.48882 ], [ -77.78147, 38.48806 ], [ -77.78215, 38.48506 ], [ -77.78081, 38.482 ], [ -77.78045, 38.47754 ], [ -77.77946, 38.47639 ], [ -77.77729, 38.47553 ], [ -77.77532, 38.47358 ], [ -77.77532, 38.47178 ], [ -77.77725, 38.47051 ], [ -77.77819, 38.46901 ], [ -77.77673, 38.4656 ], [ -77.77479, 38.46339 ], [ -77.77228, 38.46214 ], [ -77.76998, 38.46196 ], [ -77.76127, 38.45839 ], [ -77.76102, 38.45758 ], [ -77.76184, 38.45258 ], [ -77.76172, 38.45037 ], [ -77.76055, 38.44621 ], [ -77.76193, 38.44107 ], [ -77.76138, 38.43861 ], [ -77.76001, 38.43577 ], [ -77.75683, 38.43275 ], [ -77.75508, 38.4294 ], [ -77.75317, 38.42793 ], [ -77.75028, 38.42666 ], [ -77.74794, 38.42671 ], [ -77.74142, 38.42571 ], [ -77.73972, 38.4247 ], [ -77.73901, 38.42328 ], [ -77.73848, 38.41945 ], [ -77.73704, 38.41733 ], [ -77.7368, 38.41529 ], [ -77.73552, 38.41312 ], [ -77.73072, 38.41299 ], [ -77.72753, 38.41566 ], [ -77.7254, 38.41886 ], [ -77.72096, 38.42042 ], [ -77.71135, 38.42298 ], [ -77.70385, 38.42127 ], [ -77.7012, 38.42157 ], [ -77.69983, 38.42267 ], [ -77.69873, 38.42511 ], [ -77.69741, 38.42583 ], [ -77.69567, 38.42561 ], [ -77.69189, 38.42687 ], [ -77.69036, 38.427 ], [ -77.68526, 38.42623 ], [ -77.68219, 38.42448 ], [ -77.67859, 38.42397 ], [ -77.67497, 38.4239 ], [ -77.6725, 38.42287 ], [ -77.6696, 38.42086 ], [ -77.66727, 38.42001 ], [ -77.65944, 38.4184 ], [ -77.65314, 38.41631 ], [ -77.65, 38.41451 ], [ -77.63914, 38.40973 ], [ -77.63738, 38.40955 ], [ -77.63494, 38.41022 ], [ -77.63381, 38.41227 ], [ -77.63523, 38.41522 ], [ -77.63422, 38.41655 ], [ -77.63452, 38.41805 ], [ -77.63367, 38.41981 ], [ -77.63104, 38.42042 ], [ -77.62978, 38.4228 ], [ -77.63074, 38.42422 ], [ -77.63088, 38.42773 ], [ -77.63149, 38.42862 ], [ -77.62899, 38.43034 ], [ -77.62819, 38.43354 ], [ -77.62904, 38.43514 ], [ -77.62902, 38.43878 ], [ -77.63177, 38.4402 ], [ -77.63407, 38.44223 ], [ -77.63407, 38.44519 ], [ -77.63101, 38.44539 ], [ -77.62983, 38.44633 ], [ -77.63004, 38.4493 ], [ -77.62845, 38.44979 ], [ -77.62855, 38.45207 ], [ -77.63196, 38.4561 ], [ -77.63142, 38.45955 ], [ -77.63398, 38.46128 ], [ -77.63242, 38.46187 ], [ -77.63245, 38.46312 ], [ -77.63429, 38.46417 ], [ -77.63384, 38.46689 ], [ -77.63278, 38.46691 ], [ -77.63284, 38.46882 ], [ -77.63152, 38.4703 ], [ -77.62811, 38.46954 ], [ -77.62615, 38.47543 ], [ -77.62393, 38.47504 ], [ -77.56087, 38.52706 ], [ -77.53133, 38.55655 ], [ -77.53282, 38.55722 ], [ -77.57948, 38.62765 ], [ -77.57349, 38.62736 ], [ -77.57226, 38.62571 ], [ -77.57274, 38.62429 ], [ -77.57129, 38.62007 ], [ -77.5693, 38.61881 ], [ -77.55684, 38.61824 ], [ -77.55408, 38.61544 ], [ -77.55313, 38.61509 ], [ -77.54815, 38.61607 ], [ -77.54736, 38.61754 ], [ -77.53879, 38.62013 ], [ -77.53577, 38.62181 ], [ -77.53405, 38.62107 ], [ -77.53244, 38.62131 ], [ -77.53074, 38.62233 ], [ -77.5208, 38.62354 ], [ -77.51831, 38.62573 ], [ -77.51527, 38.62749 ], [ -77.51293, 38.63229 ], [ -77.51238, 38.63979 ], [ -77.51164, 38.64155 ], [ -77.50828, 38.64217 ], [ -77.5043, 38.6437 ], [ -77.50196, 38.64414 ], [ -77.50058, 38.64386 ], [ -77.49029, 38.63877 ], [ -77.48825, 38.63824 ], [ -77.48287, 38.63982 ], [ -77.47701, 38.63974 ], [ -77.47487, 38.63849 ], [ -77.47298, 38.63629 ], [ -77.46621, 38.63336 ], [ -77.46065, 38.63205 ], [ -77.45785, 38.63215 ], [ -77.45254, 38.63162 ], [ -77.44715, 38.63248 ], [ -77.44281, 38.63096 ], [ -77.44012, 38.63182 ], [ -77.43608, 38.63369 ], [ -77.43512, 38.6346 ], [ -77.42914, 38.63379 ], [ -77.42847, 38.63434 ], [ -77.43704, 38.63954 ], [ -77.4432, 38.64389 ], [ -77.44423, 38.64563 ], [ -77.4439, 38.65121 ], [ -77.44074, 38.65863 ], [ -77.43832, 38.65815 ], [ -77.42702, 38.65942 ], [ -77.42372, 38.65829 ], [ -77.41915, 38.65955 ], [ -77.41478, 38.66262 ], [ -77.41648, 38.66402 ], [ -77.40723, 38.66763 ], [ -77.40255, 38.66902 ], [ -77.39611, 38.67211 ], [ -77.38357, 38.67442 ], [ -77.37333, 38.67459 ], [ -77.36498, 38.67748 ], [ -77.36038, 38.68054 ], [ -77.35985, 38.68117 ], [ -77.3569, 38.67966 ], [ -77.35411, 38.67874 ], [ -77.34907, 38.67817 ], [ -77.3478, 38.68294 ], [ -77.34637, 38.68355 ], [ -77.34683, 38.68445 ], [ -77.34667, 38.68559 ], [ -77.34409, 38.68551 ], [ -77.3441, 38.68776 ], [ -77.34938, 38.68861 ], [ -77.35073, 38.68923 ], [ -77.35002, 38.69211 ], [ -77.34579, 38.69454 ], [ -77.34675, 38.69545 ], [ -77.34642, 38.69844 ], [ -77.34532, 38.70011 ], [ -77.34374, 38.70076 ], [ -77.34135, 38.70055 ], [ -77.341, 38.70106 ], [ -77.34, 38.7097 ], [ -77.34037, 38.71022 ], [ -77.33712, 38.71256 ], [ -77.33606, 38.71518 ], [ -77.33413, 38.71665 ], [ -77.3323, 38.71652 ], [ -77.33296, 38.71279 ], [ -77.33164, 38.7113 ], [ -77.33004, 38.71116 ], [ -77.32552, 38.71257 ], [ -77.32245, 38.71246 ], [ -77.32023, 38.71084 ], [ -77.32049, 38.70941 ], [ -77.32352, 38.70806 ], [ -77.32691, 38.70413 ], [ -77.32696, 38.7031 ], [ -77.32614, 38.70205 ], [ -77.3247, 38.70154 ], [ -77.31635, 38.70117 ], [ -77.31314, 38.70195 ], [ -77.31019, 38.70562 ], [ -77.30687, 38.70754 ], [ -77.30402, 38.70809 ], [ -77.30206, 38.70762 ], [ -77.29876, 38.70433 ], [ -77.29416, 38.70278 ], [ -77.28712, 38.69937 ], [ -77.28114, 38.69584 ], [ -77.27638, 38.69459 ], [ -77.27419, 38.69367 ], [ -77.27217, 38.69173 ], [ -77.26605, 38.68781 ], [ -77.26342, 38.68639 ], [ -77.25791, 38.6847 ], [ -77.25417, 38.68153 ], [ -77.25478, 38.68118 ], [ -77.2521, 38.67784 ], [ -77.25036, 38.67415 ], [ -77.24408, 38.67137 ], [ -77.2395, 38.66653 ], [ -77.2339, 38.66134 ], [ -77.23593, 38.66007 ], [ -77.23332, 38.65664 ], [ -77.22797, 38.65256 ], [ -77.2244, 38.64829 ], [ -77.22393, 38.64597 ], [ -77.2244, 38.64476 ], [ -77.22737, 38.64049 ], [ -77.22833, 38.63789 ], [ -77.23125, 38.63695 ], [ -77.2342, 38.63656 ], [ -77.23721, 38.63777 ], [ -77.23852, 38.63885 ], [ -77.2406, 38.63892 ], [ -77.24422, 38.63731 ], [ -77.2467, 38.63522 ], [ -77.24809, 38.63231 ], [ -77.2489, 38.62862 ], [ -77.2484, 38.62631 ], [ -77.24583, 38.62301 ], [ -77.2451, 38.62072 ], [ -77.24781, 38.61264 ], [ -77.2497, 38.61136 ], [ -77.24995, 38.60614 ], [ -77.25198, 38.60428 ], [ -77.25495, 38.60326 ], [ -77.25637, 38.60084 ], [ -77.25649, 38.59908 ], [ -77.25471, 38.59583 ], [ -77.25121, 38.59346 ], [ -77.24681, 38.59399 ], [ -77.247, 38.59062 ], [ -77.2553, 38.58691 ], [ -77.25795, 38.5834 ], [ -77.26051, 38.58459 ], [ -77.26386, 38.58505 ], [ -77.2653, 38.58032 ], [ -77.26083, 38.56533 ], [ -77.25703, 38.5612 ], [ -77.25704, 38.56045 ], [ -77.26032, 38.55984 ], [ -77.26159, 38.55885 ], [ -77.26163, 38.55669 ], [ -77.27258, 38.55144 ], [ -77.2766, 38.54712 ], [ -77.2763, 38.53962 ], [ -77.27858, 38.53688 ], [ -77.27912, 38.53398 ], [ -77.28311, 38.53301 ], [ -77.28549, 38.53069 ], [ -77.28644, 38.52799 ], [ -77.28394, 38.52788 ], [ -77.28275, 38.52625 ], [ -77.28603, 38.52206 ], [ -77.28656, 38.51944 ], [ -77.28862, 38.51915 ], [ -77.2911, 38.51572 ], [ -77.29393, 38.51609 ], [ -77.29773, 38.51479 ], [ -77.29939, 38.512 ], [ -77.29927, 38.51005 ], [ -77.29642, 38.50921 ], [ -77.29634, 38.50711 ], [ -77.30348, 38.49926 ], [ -77.30845, 38.49663 ], [ -77.31033, 38.49393 ], [ -77.31018, 38.49205 ], [ -77.31574, 38.48092 ], [ -77.31557, 38.47892 ], [ -77.32262, 38.46713 ], [ -77.32426, 38.45871 ], [ -77.3241, 38.45428 ], [ -77.32544, 38.44885 ], [ -77.32505, 38.44553 ], [ -77.32629, 38.4436 ], [ -77.3245, 38.44183 ], [ -77.32331, 38.4385 ], [ -77.32269, 38.43554 ], [ -77.32287, 38.43417 ], [ -77.32246, 38.42971 ], [ -77.32109, 38.42779 ], [ -77.31904, 38.4178 ], [ -77.31244, 38.40183 ], [ -77.31108, 38.40048 ], [ -77.31072, 38.39767 ], [ -77.31125, 38.39702 ], [ -77.31413, 38.39651 ], [ -77.31698, 38.39549 ], [ -77.31686, 38.39008 ], [ -77.31541, 38.38895 ], [ -77.31729, 38.38358 ], [ -77.31213, 38.37962 ], [ -77.30423, 38.37505 ], [ -77.29608, 38.3698 ], [ -77.29344, 38.36503 ], [ -77.28815, 38.35948 ], [ -77.28728, 38.35251 ], [ -77.28835, 38.35129 ], [ -77.2862, 38.34703 ], [ -77.27963, 38.33944 ], [ -77.26455, 38.33244 ], [ -77.25669, 38.33172 ], [ -77.25007, 38.33167 ], [ -77.2401, 38.33099 ], [ -77.22832, 38.33353 ], [ -77.21239, 38.33853 ], [ -77.20449, 38.34041 ], [ -77.2011, 38.34015 ], [ -77.1935, 38.34077 ], [ -77.18018, 38.3411 ], [ -77.16269, 38.34599 ], [ -77.15519, 38.35105 ], [ -77.14577, 38.36146 ], [ -77.13822, 38.36792 ], [ -77.1247, 38.36676 ], [ -77.10967, 38.36942 ], [ -77.10472, 38.36966 ], [ -77.09812, 38.36883 ], [ -77.09467, 38.36771 ], [ -77.09009, 38.36727 ], [ -77.08481, 38.3683 ], [ -77.07817, 38.372 ], [ -77.07071, 38.37764 ], [ -77.05981, 38.39142 ], [ -77.05678, 38.3962 ], [ -77.05342, 38.39881 ], [ -77.04353, 38.40055 ], [ -77.04152, 38.40019 ], [ -77.02487, 38.38679 ], [ -77.02073, 38.38291 ], [ -77.0185, 38.38194 ], [ -77.01183, 38.37455 ], [ -77.01375, 38.37334 ], [ -77.01591, 38.37102 ], [ -77.01447, 38.36222 ], [ -77.01469, 38.35446 ], [ -77.01693, 38.3417 ], [ -77.01612, 38.33954 ], [ -77.01485, 38.33818 ], [ -77.01473, 38.33685 ], [ -77.01553, 38.3345 ], [ -77.01491, 38.33276 ], [ -77.01684, 38.33095 ], [ -77.02095, 38.32927 ], [ -77.02169, 38.3244 ], [ -77.02277, 38.32286 ], [ -77.02512, 38.32171 ], [ -77.02689, 38.32215 ], [ -77.02962, 38.32019 ], [ -77.03188, 38.31935 ], [ -77.03664, 38.31972 ], [ -77.03961, 38.31879 ], [ -77.04234, 38.32252 ], [ -77.04424, 38.32308 ], [ -77.04674, 38.32215 ], [ -77.05434, 38.32289 ], [ -77.05541, 38.32131 ], [ -77.05779, 38.32056 ], [ -77.05648, 38.31711 ], [ -77.05494, 38.31553 ], [ -77.05197, 38.31525 ], [ -77.049, 38.31376 ], [ -77.04721, 38.31189 ], [ -77.04579, 38.3117 ], [ -77.04293, 38.30947 ], [ -77.04044, 38.30937 ], [ -77.03533, 38.31086 ], [ -77.03068, 38.31162 ], [ -77.02884, 38.31088 ], [ -77.02821, 38.30584 ], [ -77.0263, 38.30268 ], [ -77.02316, 38.30051 ], [ -77.02102, 38.30118 ], [ -77.01731, 38.29859 ], [ -77.01441, 38.29438 ], [ -77.01214, 38.29298 ], [ -77.01079, 38.29159 ], [ -77.00994, 38.28883 ], [ -77.00187, 38.28174 ], [ -77.001, 38.27613 ], [ -77.00369, 38.27593 ], [ -77.0057, 38.27743 ], [ -77.00759, 38.27713 ], [ -77.00769, 38.27463 ], [ -77.0088, 38.27333 ], [ -77.0134, 38.27193 ], [ -77.01399, 38.26973 ], [ -77.01629, 38.26923 ], [ -77.0178, 38.26973 ], [ -77.02129, 38.26963 ], [ -77.0229, 38.26863 ], [ -77.02479, 38.26883 ], [ -77.0288, 38.26813 ], [ -77.02936, 38.26614 ], [ -77.03364, 38.26443 ], [ -77.03247, 38.2638 ], [ -77.03271, 38.26122 ], [ -77.03471, 38.26134 ], [ -77.03379, 38.26039 ], [ -77.03493, 38.25863 ], [ -77.03656, 38.25886 ], [ -77.03887, 38.26093 ], [ -77.04454, 38.26045 ], [ -77.04848, 38.18244 ], [ -77.05163, 38.18068 ], [ -77.05183, 38.17928 ], [ -77.05021, 38.17792 ], [ -77.05246, 38.17598 ], [ -77.05566, 38.17629 ], [ -77.05974, 38.17467 ], [ -77.06235, 38.17442 ], [ -77.0623, 38.17379 ], [ -77.06429, 38.17167 ], [ -77.06379, 38.16843 ], [ -77.06466, 38.16674 ], [ -77.06452, 38.16546 ], [ -77.06186, 38.16352 ], [ -77.0617, 38.16163 ], [ -77.06339, 38.16203 ], [ -77.0673, 38.16103 ], [ -77.0693, 38.15773 ], [ -77.0677, 38.15303 ], [ -77.0669, 38.14763 ], [ -77.06749, 38.14613 ], [ -77.0693, 38.14373 ], [ -77.0711, 38.14243 ], [ -77.0738, 38.14133 ], [ -77.0755, 38.14113 ], [ -77.0778, 38.14183 ], [ -77.0806, 38.14433 ], [ -77.0826, 38.14683 ], [ -77.0831, 38.14873 ], [ -77.0832, 38.15453 ], [ -77.084, 38.15953 ], [ -77.0846, 38.16023 ], [ -77.0897, 38.16163 ], [ -77.0948, 38.16163 ], [ -77.0979, 38.16053 ], [ -77.1016, 38.15873 ], [ -77.1123, 38.15113 ], [ -77.116, 38.14993 ], [ -77.11399, 38.13451 ], [ -77.11435, 38.13369 ], [ -77.11266, 38.1339 ], [ -77.11105, 38.13302 ], [ -77.10944, 38.13382 ], [ -77.10908, 38.13265 ], [ -77.10694, 38.13197 ], [ -77.10605, 38.13297 ], [ -77.10507, 38.12993 ], [ -77.10605, 38.12891 ], [ -77.1052, 38.12777 ], [ -77.10782, 38.12538 ], [ -77.11198, 38.12383 ], [ -77.11295, 38.12452 ], [ -77.11358, 38.12197 ], [ -77.1168, 38.12065 ], [ -77.1182, 38.12164 ], [ -77.12007, 38.12102 ], [ -77.12047, 38.12249 ], [ -77.12344, 38.12253 ], [ -77.1321, 38.12348 ], [ -77.13675, 38.12112 ], [ -77.14096, 38.12339 ], [ -77.14224, 38.12313 ], [ -77.14441, 38.12085 ], [ -77.14206, 38.11511 ], [ -77.14272, 38.11245 ], [ -77.14546, 38.1084 ], [ -77.14414, 38.10603 ], [ -77.14342, 38.10314 ], [ -77.14205, 38.10196 ], [ -77.1442, 38.09782 ], [ -77.14379, 38.09551 ], [ -77.14526, 38.09426 ], [ -77.14848, 38.09433 ], [ -77.15229, 38.09316 ], [ -77.15188, 38.09072 ], [ -77.1536, 38.08782 ], [ -77.1571, 38.0885 ], [ -77.16053, 38.08729 ], [ -77.16382, 38.08375 ], [ -77.16901, 38.08104 ], [ -77.1701, 38.07954 ], [ -77.16767, 38.07435 ], [ -77.16372, 38.07161 ], [ -77.1645, 38.06998 ], [ -77.16145, 38.06649 ], [ -77.1602, 38.06642 ], [ -77.15954, 38.06422 ], [ -77.15459, 38.06352 ], [ -77.15389, 38.06254 ], [ -77.15187, 38.0623 ], [ -77.15085, 38.06141 ], [ -77.14878, 38.06134 ], [ -77.14658, 38.05802 ], [ -77.1449, 38.05739 ], [ -77.14688, 38.0559 ], [ -77.14676, 38.05475 ], [ -77.15008, 38.05014 ], [ -77.14923, 38.0491 ], [ -77.14785, 38.04788 ], [ -77.14569, 38.04831 ], [ -77.14549, 38.04636 ], [ -77.14066, 38.04729 ], [ -77.13578, 38.04772 ], [ -77.13148, 38.04632 ], [ -77.12944, 38.04499 ], [ -77.12824, 38.04199 ], [ -77.12783, 38.03968 ], [ -77.12631, 38.03953 ], [ -77.12329, 38.03523 ], [ -77.12179, 38.03363 ], [ -77.12259, 38.03173 ], [ -77.12419, 38.03142 ], [ -77.12512, 38.02951 ], [ -77.12719, 38.02926 ], [ -77.12731, 38.02766 ], [ -77.12931, 38.02277 ], [ -77.13079, 38.02056 ], [ -77.13069, 38.01773 ], [ -77.12943, 38.01609 ], [ -77.12559, 38.01565 ], [ -77.12409, 38.01475 ], [ -77.1221, 38.01561 ], [ -77.12008, 38.01313 ], [ -77.11862, 38.01332 ], [ -77.11826, 38.01466 ], [ -77.114, 38.01623 ], [ -77.1104, 38.01403 ], [ -77.1081, 38.01433 ], [ -77.107, 38.01343 ], [ -77.1048, 38.01313 ], [ -77.1033, 38.01133 ], [ -77.10009, 38.01093 ], [ -77.0981, 38.01133 ], [ -77.09659, 38.01303 ], [ -77.0931, 38.01293 ], [ -77.08897, 38.01364 ], [ -77.08467, 38.00877 ], [ -77.0842, 38.00625 ], [ -77.08234, 38.00289 ], [ -77.0778, 38.00167 ], [ -77.07662, 38.00077 ], [ -77.07499, 37.99666 ], [ -77.07266, 37.99474 ], [ -77.07712, 37.99083 ], [ -77.07614, 37.98872 ], [ -77.07325, 37.98586 ], [ -77.07357, 37.98347 ], [ -77.07047, 37.97706 ], [ -77.07005, 37.97474 ], [ -77.06872, 37.97153 ], [ -77.07012, 37.96477 ], [ -77.0723, 37.96831 ], [ -77.07572, 37.96848 ], [ -77.0767, 37.96784 ], [ -77.08053, 37.9687 ], [ -77.08435, 37.96548 ], [ -77.08982, 37.96379 ], [ -77.09683, 37.96387 ], [ -77.0997, 37.96445 ], [ -77.1036, 37.97021 ], [ -77.1065, 37.97165 ], [ -77.10931, 37.97103 ], [ -77.11481, 37.97129 ], [ -77.1221, 37.97044 ], [ -77.13012, 37.97185 ], [ -77.1318, 37.97107 ], [ -77.13579, 37.97122 ], [ -77.13667, 37.9718 ], [ -77.13922, 37.97172 ], [ -77.14082, 37.97044 ], [ -77.14263, 37.9718 ], [ -77.14422, 37.97217 ], [ -77.14863, 37.972 ], [ -77.15203, 37.97023 ], [ -77.15387, 37.96761 ], [ -77.15688, 37.96612 ], [ -77.15971, 37.96551 ], [ -77.16363, 37.96573 ], [ -77.16701, 37.96413 ], [ -77.17229, 37.95932 ], [ -77.17229, 37.95837 ], [ -77.17432, 37.95711 ], [ -77.17589, 37.95688 ], [ -77.17639, 37.9558 ], [ -77.18196, 37.94958 ], [ -77.17877, 37.94674 ], [ -77.17936, 37.94593 ], [ -77.18198, 37.94477 ], [ -77.18265, 37.94226 ], [ -77.18396, 37.94143 ], [ -77.18316, 37.9397 ], [ -77.1834, 37.93848 ], [ -77.18153, 37.93663 ], [ -77.18072, 37.93375 ], [ -77.17972, 37.93189 ], [ -77.17978, 37.93041 ], [ -77.17879, 37.92896 ], [ -77.17902, 37.92717 ], [ -77.18015, 37.92626 ], [ -77.18101, 37.92438 ], [ -77.18156, 37.92167 ], [ -77.18121, 37.91917 ], [ -77.18288, 37.91689 ], [ -77.18297, 37.91424 ], [ -77.18481, 37.91413 ], [ -77.18641, 37.91125 ], [ -77.18148, 37.90797 ], [ -77.17839, 37.90693 ], [ -77.17536, 37.90544 ], [ -77.17484, 37.90324 ], [ -77.17701, 37.90128 ], [ -77.17919, 37.90081 ], [ -77.18055, 37.90179 ], [ -77.18055, 37.90367 ], [ -77.18207, 37.90453 ], [ -77.18449, 37.90207 ], [ -77.18696, 37.90104 ], [ -77.18689, 37.89842 ], [ -77.18319, 37.89806 ], [ -77.18156, 37.89883 ], [ -77.1808, 37.8974 ], [ -77.17971, 37.89745 ], [ -77.18016, 37.89479 ], [ -77.17974, 37.89425 ], [ -77.18142, 37.89165 ], [ -77.18249, 37.89213 ], [ -77.18374, 37.89072 ], [ -77.1864, 37.8895 ], [ -77.18625, 37.89046 ], [ -77.18797, 37.89178 ], [ -77.19023, 37.89101 ], [ -77.19209, 37.89177 ], [ -77.19578, 37.8893 ], [ -77.19784, 37.88837 ], [ -77.19914, 37.88858 ], [ -77.20083, 37.89109 ], [ -77.20295, 37.89179 ], [ -77.20545, 37.89189 ], [ -77.20509, 37.89037 ], [ -77.2069, 37.89099 ], [ -77.20872, 37.88907 ], [ -77.20513, 37.88867 ], [ -77.2046, 37.88682 ], [ -77.20632, 37.88671 ], [ -77.20828, 37.88563 ], [ -77.2102, 37.88618 ], [ -77.21461, 37.88882 ], [ -77.21632, 37.89132 ], [ -77.21591, 37.89239 ], [ -77.21228, 37.89448 ], [ -77.2106, 37.89789 ], [ -77.21149, 37.90116 ], [ -77.2139, 37.90128 ], [ -77.21814, 37.90383 ], [ -77.22035, 37.90367 ], [ -77.22081, 37.90243 ], [ -77.22321, 37.90268 ], [ -77.22327, 37.90161 ], [ -77.22503, 37.89916 ], [ -77.22652, 37.89866 ], [ -77.2283, 37.89992 ], [ -77.22778, 37.90177 ], [ -77.22911, 37.9055 ], [ -77.23079, 37.90733 ], [ -77.23345, 37.9092 ], [ -77.2358, 37.91004 ], [ -77.23959, 37.91027 ], [ -77.24142, 37.90971 ], [ -77.24278, 37.90716 ], [ -77.24556, 37.90435 ], [ -77.24412, 37.90322 ], [ -77.24316, 37.90024 ], [ -77.24376, 37.89617 ], [ -77.2485, 37.88609 ], [ -77.24822, 37.88329 ], [ -77.24746, 37.88266 ], [ -77.24705, 37.88022 ], [ -77.24809, 37.87747 ], [ -77.24764, 37.87624 ], [ -77.24934, 37.87485 ], [ -77.25027, 37.87243 ], [ -77.25455, 37.8687 ], [ -77.26218, 37.86395 ], [ -77.27385, 37.84955 ], [ -77.28029, 37.84361 ], [ -77.28758, 37.84388 ], [ -77.28888, 37.84179 ], [ -77.29073, 37.83626 ], [ -77.30637, 37.8224 ], [ -77.33012, 37.80574 ], [ -77.33306, 37.80148 ], [ -77.34557, 37.7922 ], [ -77.34522, 37.78928 ], [ -77.34849, 37.78881 ], [ -77.35027, 37.78943 ], [ -77.35117, 37.79048 ], [ -77.35174, 37.79346 ], [ -77.35307, 37.79505 ], [ -77.35747, 37.797 ], [ -77.36226, 37.79765 ], [ -77.36239, 37.79543 ], [ -77.36585, 37.79379 ], [ -77.36662, 37.79258 ], [ -77.36636, 37.79101 ], [ -77.3637, 37.79078 ], [ -77.36294, 37.79012 ], [ -77.36304, 37.78859 ], [ -77.36859, 37.78895 ], [ -77.36991, 37.78865 ], [ -77.37134, 37.78721 ], [ -77.37074, 37.7836 ], [ -77.37206, 37.7794 ], [ -77.3747, 37.77636 ], [ -77.37837, 37.77631 ], [ -77.38087, 37.77779 ], [ -77.38548, 37.77742 ], [ -77.38752, 37.77875 ], [ -77.39029, 37.77857 ], [ -77.39633, 37.77721 ], [ -77.39802, 37.77746 ], [ -77.39837, 37.77863 ], [ -77.39992, 37.77971 ], [ -77.40348, 37.77936 ], [ -77.40475, 37.77991 ], [ -77.40573, 37.78135 ], [ -77.40562, 37.78325 ], [ -77.40369, 37.78592 ], [ -77.40272, 37.78627 ], [ -77.39952, 37.78582 ], [ -77.39612, 37.78454 ], [ -77.39306, 37.78455 ], [ -77.39085, 37.78675 ], [ -77.39154, 37.78725 ], [ -77.39723, 37.78924 ], [ -77.39835, 37.7908 ], [ -77.39581, 37.79939 ], [ -77.39524, 37.80244 ], [ -77.39684, 37.80443 ], [ -77.39947, 37.80476 ], [ -77.40204, 37.80573 ], [ -77.40356, 37.80523 ], [ -77.40522, 37.80307 ], [ -77.40781, 37.80333 ], [ -77.41302, 37.80524 ], [ -77.418, 37.80911 ], [ -77.41914, 37.80947 ], [ -77.42235, 37.80878 ], [ -77.42303, 37.81048 ], [ -77.4228, 37.81205 ], [ -77.42157, 37.81456 ], [ -77.42031, 37.81586 ], [ -77.41843, 37.81625 ], [ -77.41536, 37.81525 ], [ -77.41304, 37.8157 ], [ -77.41213, 37.81655 ], [ -77.41362, 37.81778 ], [ -77.41334, 37.81881 ], [ -77.41016, 37.81918 ], [ -77.40964, 37.81973 ], [ -77.41123, 37.82299 ], [ -77.41228, 37.8235 ], [ -77.41424, 37.82307 ], [ -77.41602, 37.82334 ], [ -77.41938, 37.82497 ], [ -77.4218, 37.82469 ], [ -77.42489, 37.82489 ], [ -77.42723, 37.82623 ], [ -77.42718, 37.82784 ], [ -77.42827, 37.82957 ], [ -77.42691, 37.83136 ], [ -77.42668, 37.83297 ], [ -77.42825, 37.83444 ], [ -77.42867, 37.83647 ], [ -77.42654, 37.84014 ], [ -77.4292, 37.84195 ], [ -77.42801, 37.84356 ], [ -77.42801, 37.84533 ], [ -77.42665, 37.848 ], [ -77.42825, 37.85121 ], [ -77.42716, 37.85255 ], [ -77.42694, 37.85423 ], [ -77.42817, 37.85646 ], [ -77.42703, 37.85896 ], [ -77.425, 37.8614 ], [ -77.4238, 37.86159 ], [ -77.42137, 37.85907 ], [ -77.41952, 37.85887 ], [ -77.41871, 37.86055 ], [ -77.41903, 37.8612 ], [ -77.4217, 37.86272 ], [ -77.42199, 37.86493 ], [ -77.42769, 37.8683 ], [ -77.4284, 37.86904 ], [ -77.42908, 37.87283 ], [ -77.43311, 37.87506 ], [ -77.43319, 37.87795 ], [ -77.43438, 37.88137 ], [ -77.43639, 37.88534 ], [ -77.44178, 37.8883 ], [ -77.44285, 37.88936 ], [ -77.44276, 37.89113 ], [ -77.44393, 37.89363 ], [ -77.44515, 37.8947 ], [ -77.44901, 37.89408 ], [ -77.45233, 37.89308 ], [ -77.45311, 37.89189 ], [ -77.45567, 37.89011 ], [ -77.45827, 37.89015 ], [ -77.46217, 37.88817 ], [ -77.46512, 37.88845 ], [ -77.46703, 37.88954 ], [ -77.46875, 37.88964 ], [ -77.47081, 37.88899 ], [ -77.47577, 37.88583 ], [ -77.47783, 37.88361 ], [ -77.48144, 37.88308 ], [ -77.48377, 37.88322 ], [ -77.48417, 37.88337 ], [ -77.48753, 37.88777 ], [ -77.49084, 37.88834 ], [ -77.49241, 37.88914 ], [ -77.49356, 37.89275 ], [ -77.49283, 37.89497 ], [ -77.49364, 37.89755 ], [ -77.4959, 37.89814 ], [ -77.50314, 37.90178 ], [ -77.50481, 37.90116 ], [ -77.50759, 37.90203 ], [ -77.50897, 37.90353 ], [ -77.51072, 37.90426 ], [ -77.51478, 37.90433 ], [ -77.51889, 37.90682 ], [ -77.52119, 37.90983 ], [ -77.52243, 37.91248 ], [ -77.52482, 37.91358 ], [ -77.52661, 37.91537 ], [ -77.52913, 37.92082 ], [ -77.53663, 37.92119 ], [ -77.54085, 37.9197 ], [ -77.5426, 37.91854 ], [ -77.54285, 37.91689 ], [ -77.54408, 37.91598 ], [ -77.54604, 37.91589 ], [ -77.55481, 37.92072 ], [ -77.55734, 37.92288 ], [ -77.55675, 37.92455 ], [ -77.55468, 37.92618 ], [ -77.55089, 37.92643 ], [ -77.54794, 37.9262 ], [ -77.54668, 37.92697 ], [ -77.54647, 37.92856 ], [ -77.55088, 37.93011 ], [ -77.55254, 37.93147 ], [ -77.55296, 37.93302 ], [ -77.55573, 37.93488 ], [ -77.55627, 37.93584 ], [ -77.55869, 37.93636 ], [ -77.56212, 37.93638 ], [ -77.56303, 37.93745 ], [ -77.56291, 37.94006 ], [ -77.56575, 37.94149 ], [ -77.56625, 37.9438 ], [ -77.56457, 37.94522 ], [ -77.56417, 37.94651 ], [ -77.56785, 37.94978 ], [ -77.56865, 37.95238 ], [ -77.57047, 37.95492 ], [ -77.57673, 37.95807 ], [ -77.57964, 37.95567 ], [ -77.57921, 37.9533 ], [ -77.58124, 37.9506 ], [ -77.58386, 37.95029 ], [ -77.58588, 37.94935 ], [ -77.58989, 37.94927 ], [ -77.594, 37.95059 ], [ -77.59978, 37.95452 ], [ -77.6027, 37.95536 ], [ -77.60486, 37.95534 ], [ -77.60829, 37.95445 ], [ -77.61077, 37.95039 ], [ -77.61148, 37.94979 ], [ -77.61618, 37.94902 ], [ -77.61838, 37.95016 ], [ -77.61812, 37.95263 ], [ -77.61408, 37.95931 ], [ -77.61736, 37.96068 ], [ -77.61867, 37.96177 ], [ -77.61879, 37.96439 ], [ -77.62098, 37.96657 ], [ -77.62239, 37.96691 ], [ -77.62447, 37.96654 ], [ -77.62714, 37.96462 ], [ -77.63061, 37.96448 ], [ -77.63262, 37.96525 ], [ -77.63339, 37.96836 ], [ -77.63311, 37.96948 ], [ -77.63081, 37.97108 ], [ -77.63134, 37.9722 ], [ -77.63281, 37.97301 ], [ -77.63484, 37.97604 ], [ -77.63671, 37.97783 ], [ -77.6421, 37.97831 ], [ -77.64346, 37.97971 ], [ -77.6436, 37.98183 ], [ -77.64307, 37.98614 ], [ -77.64314, 37.98879 ], [ -77.64252, 37.99069 ], [ -77.64288, 37.99262 ], [ -77.64716, 37.99395 ], [ -77.64927, 37.9941 ], [ -77.65401, 37.9935 ], [ -77.65797, 37.99171 ], [ -77.65913, 37.99181 ], [ -77.66052, 37.993 ], [ -77.66097, 37.99759 ], [ -77.66244, 37.99765 ], [ -77.66539, 37.99674 ], [ -77.66799, 37.9977 ], [ -77.66822, 38.00064 ], [ -77.67133, 38.00389 ], [ -77.67749, 38.00659 ], [ -77.68412, 38.00817 ], [ -77.68747, 38.00781 ], [ -77.69206, 38.00794 ], [ -77.69457, 38.00712 ], [ -77.69555, 38.0073 ], [ -77.6982, 38.00995 ], [ -77.69967, 38.0123 ], [ -77.70388, 38.01282 ], [ -77.7053, 38.01351 ], [ -77.70815, 38.01341 ], [ -77.71029, 38.0126 ], [ -77.71189, 38.01272 ], [ -77.71286, 38.01459 ], [ -77.71701, 38.01644 ], [ -77.71931, 38.01664 ], [ -77.72001, 38.01814 ], [ -77.71931, 38.02064 ], [ -77.72221, 38.02324 ], [ -77.72341, 38.02344 ], [ -77.72711, 38.02264 ], [ -77.72971, 38.02104 ], [ -77.73131, 38.02124 ], [ -77.73101, 38.02484 ], [ -77.72831, 38.02604 ], [ -77.72831, 38.02774 ], [ -77.72981, 38.02874 ], [ -77.73101, 38.03104 ], [ -77.73231, 38.03164 ], [ -77.73631, 38.03204 ], [ -77.73951, 38.03304 ], [ -77.74071, 38.03124 ], [ -77.74071, 38.02964 ], [ -77.74451, 38.02514 ], [ -77.74491, 38.02374 ], [ -77.74691, 38.02364 ], [ -77.74767, 38.0243 ], [ -77.74761, 38.02634 ], [ -77.74851, 38.02874 ], [ -77.74771, 38.03334 ], [ -77.74881, 38.03514 ], [ -77.74791, 38.03764 ], [ -77.74341, 38.03924 ], [ -77.74271, 38.03744 ], [ -77.74091, 38.03774 ], [ -77.74161, 38.03964 ], [ -77.74291, 38.04074 ], [ -77.74571, 38.04094 ], [ -77.74821, 38.04214 ], [ -77.74841, 38.04344 ], [ -77.74751, 38.04554 ], [ -77.74781, 38.04794 ], [ -77.74521, 38.05084 ], [ -77.74861, 38.05284 ], [ -77.75141, 38.05194 ], [ -77.75611, 38.04824 ], [ -77.76251, 38.05054 ], [ -77.76402, 38.05314 ], [ -77.76611, 38.05334 ], [ -77.76851, 38.05174 ], [ -77.77141, 38.05374 ], [ -77.77101, 38.05674 ], [ -77.77191, 38.05744 ], [ -77.77851, 38.05874 ], [ -77.78021, 38.06034 ], [ -77.78171, 38.06264 ], [ -77.78421, 38.06314 ], [ -77.78491, 38.06514 ], [ -77.78251, 38.06754 ], [ -77.78291, 38.06944 ], [ -77.78451, 38.07094 ], [ -77.78451, 38.07184 ], [ -77.78661, 38.07604 ], [ -77.78931, 38.07594 ], [ -77.79372, 38.07854 ], [ -77.79882, 38.07874 ], [ -77.80012, 38.07824 ], [ -77.80652, 38.07854 ], [ -77.81112, 38.07969 ], [ -77.81262, 38.08124 ], [ -77.81289, 38.0853 ], [ -77.81532, 38.08684 ], [ -77.81762, 38.08564 ], [ -77.81972, 38.08784 ], [ -77.82031, 38.08923 ], [ -77.81972, 38.09244 ], [ -77.82342, 38.09354 ], [ -77.82432, 38.09594 ], [ -77.82652, 38.09714 ], [ -77.83032, 38.09774 ], [ -77.83092, 38.09924 ], [ -77.83322, 38.10044 ], [ -77.83622, 38.10114 ], [ -77.83632, 38.10444 ], [ -77.83822, 38.10624 ], [ -77.84552, 38.10434 ], [ -77.84292, 38.10144 ], [ -77.84332, 38.10034 ], [ -77.84542, 38.09854 ], [ -77.84702, 38.09844 ], [ -77.84842, 38.10184 ], [ -77.85152, 38.10344 ], [ -77.85122, 38.10434 ], [ -77.85452, 38.10394 ], [ -77.85442, 38.10094 ], [ -77.85612, 38.09984 ], [ -77.85812, 38.10034 ], [ -77.85882, 38.10134 ], [ -77.85822, 38.10304 ], [ -77.85982, 38.10524 ], [ -77.86662, 38.10624 ], [ -77.86912, 38.10564 ], [ -77.87172, 38.10654 ], [ -77.87422, 38.10644 ], [ -77.87902, 38.10844 ], [ -77.88232, 38.10894 ], [ -77.88312, 38.11014 ], [ -77.88545, 38.1107 ], [ -77.88653, 38.11223 ], [ -77.88842, 38.11314 ], [ -77.89192, 38.11154 ], [ -77.89652, 38.11014 ], [ -77.89692, 38.11154 ], [ -77.89832, 38.11124 ], [ -77.89842, 38.10974 ], [ -77.90022, 38.10944 ], [ -77.90182, 38.10814 ], [ -77.90352, 38.10974 ], [ -77.90712, 38.11114 ], [ -77.90772, 38.11184 ], [ -77.91032, 38.11224 ], [ -77.91252, 38.11154 ], [ -77.91412, 38.11714 ], [ -77.91672, 38.11834 ], [ -77.92032, 38.11694 ], [ -77.92272, 38.11494 ], [ -77.92372, 38.11454 ], [ -77.92606, 38.11505 ], [ -77.92974, 38.11373 ], [ -77.93422, 38.11411 ], [ -77.93601, 38.1159 ], [ -77.93979, 38.11767 ], [ -77.94058, 38.11887 ], [ -77.94228, 38.11866 ], [ -77.94437, 38.11955 ], [ -77.94586, 38.11914 ], [ -77.94705, 38.12004 ], [ -77.94825, 38.11943 ], [ -77.94845, 38.11803 ], [ -77.95014, 38.11762 ], [ -77.95223, 38.11861 ], [ -77.95806, 38.11798 ], [ -77.96216, 38.11874 ], [ -77.96543, 38.12035 ], [ -77.96851, 38.12234 ], [ -77.973, 38.12043 ], [ -77.97542, 38.12126 ], [ -77.97707, 38.11995 ], [ -77.97959, 38.12037 ], [ -77.98032, 38.1195 ], [ -77.98401, 38.12086 ], [ -77.98521, 38.12279 ], [ -77.98649, 38.12291 ], [ -77.98735, 38.12472 ], [ -77.98911, 38.12447 ], [ -77.99068, 38.12516 ], [ -77.98991, 38.12788 ], [ -77.9921, 38.12891 ], [ -77.99632, 38.13213 ], [ -78.00195, 38.13758 ], [ -78.00216, 38.13857 ], [ -78.0036, 38.13825 ], [ -78.00539, 38.13928 ], [ -78.00671, 38.13906 ], [ -78.01041, 38.1402 ], [ -78.01253, 38.13914 ], [ -78.01736, 38.14032 ], [ -78.01735, 38.14147 ], [ -78.0188, 38.14191 ], [ -78.02053, 38.14105 ], [ -78.0217, 38.14216 ], [ -78.0246, 38.13659 ], [ -78.02585, 38.13763 ], [ -78.02898, 38.13883 ], [ -78.03016, 38.13967 ], [ -78.03181, 38.13728 ], [ -78.03374, 38.13609 ], [ -78.03891, 38.13485 ], [ -78.03969, 38.13515 ], [ -78.03918, 38.13671 ], [ -78.04213, 38.13667 ], [ -78.04249, 38.13592 ], [ -78.04788, 38.13588 ], [ -78.05196, 38.13805 ], [ -78.05284, 38.13799 ], [ -78.05527, 38.13934 ], [ -78.05601, 38.1388 ], [ -78.05848, 38.14065 ], [ -78.06127, 38.1408 ], [ -78.06447, 38.1402 ], [ -78.06459, 38.14107 ], [ -78.06745, 38.14242 ], [ -78.07082, 38.1427 ], [ -78.07416, 38.14118 ], [ -78.0765, 38.14158 ], [ -78.07819, 38.14391 ], [ -78.07993, 38.14426 ], [ -78.08112, 38.14552 ], [ -78.0805, 38.14662 ], [ -78.08178, 38.14717 ], [ -78.08583, 38.14663 ], [ -78.0876, 38.14735 ], [ -78.08795, 38.1491 ], [ -78.09287, 38.15156 ], [ -78.09504, 38.15079 ], [ -78.09809, 38.15091 ], [ -78.10175, 38.15257 ], [ -78.10532, 38.15131 ], [ -78.10755, 38.1497 ], [ -78.11224, 38.14765 ], [ -78.11168, 38.14487 ], [ -78.11325, 38.14342 ], [ -78.11477, 38.1413 ], [ -78.11634, 38.14128 ], [ -78.11656, 38.14005 ], [ -78.11789, 38.14021 ], [ -78.12129, 38.13968 ], [ -78.12251, 38.14026 ], [ -78.12352, 38.13942 ], [ -78.12779, 38.13871 ], [ -78.13109, 38.13911 ], [ -78.13396, 38.1387 ], [ -78.13704, 38.14136 ], [ -78.13847, 38.14181 ], [ -78.14228, 38.14111 ], [ -78.14434, 38.143 ], [ -78.1466, 38.14127 ], [ -78.14759, 38.13865 ], [ -78.14956, 38.13874 ], [ -78.1513, 38.13782 ], [ -78.15464, 38.13684 ], [ -78.16128, 38.13766 ], [ -78.165, 38.13599 ], [ -78.16823, 38.13346 ], [ -78.16961, 38.13069 ], [ -78.17142, 38.12969 ], [ -78.17526, 38.13043 ], [ -78.17882, 38.12989 ], [ -78.1815, 38.13004 ], [ -78.18376, 38.12885 ], [ -78.18716, 38.12767 ], [ -78.20938, 38.13113 ], [ -78.29946, 38.16284 ], [ -78.34432, 38.17779 ], [ -78.36898, 38.18415 ], [ -78.39031, 38.19069 ], [ -78.39671, 38.19208 ], [ -78.41682, 38.1993 ], [ -78.43838, 38.20581 ], [ -78.44242, 38.2073 ], [ -78.52271, 38.2312 ], [ -78.5937, 38.25352 ], [ -78.60654, 38.25817 ], [ -78.60551, 38.25118 ], [ -78.6037, 38.24931 ], [ -78.59609, 38.2444 ], [ -78.59589, 38.24234 ], [ -78.5963, 38.23743 ], [ -78.59803, 38.23624 ], [ -78.60269, 38.23887 ], [ -78.60535, 38.23844 ], [ -78.61787, 38.24053 ], [ -78.61989, 38.2415 ], [ -78.62079, 38.24093 ], [ -78.62276, 38.24167 ], [ -78.62429, 38.24093 ], [ -78.62774, 38.24127 ], [ -78.63063, 38.24028 ], [ -78.63358, 38.23845 ], [ -78.63948, 38.24016 ], [ -78.64163, 38.24015 ], [ -78.64185, 38.24279 ], [ -78.64596, 38.24291 ], [ -78.64927, 38.24424 ], [ -78.65007, 38.24211 ], [ -78.65187, 38.242 ], [ -78.65437, 38.24496 ], [ -78.65738, 38.24054 ], [ -78.65994, 38.23964 ], [ -78.66297, 38.2397 ], [ -78.66143, 38.23659 ], [ -78.66156, 38.23402 ], [ -78.66849, 38.23272 ], [ -78.66938, 38.23287 ], [ -78.67742, 38.23182 ], [ -78.68042, 38.23328 ], [ -78.68327, 38.2309 ], [ -78.68434, 38.22803 ], [ -78.68626, 38.22465 ], [ -78.68635, 38.22257 ], [ -78.68883, 38.22424 ], [ -78.69016, 38.22664 ], [ -78.69377, 38.23037 ], [ -78.69958, 38.23031 ], [ -78.7013, 38.22955 ], [ -78.704, 38.22975 ], [ -78.7082, 38.22878 ], [ -78.71115, 38.22982 ], [ -78.71432, 38.2294 ], [ -78.72086, 38.22935 ], [ -78.72276, 38.22815 ], [ -78.72292, 38.23024 ], [ -78.72183, 38.23142 ], [ -78.72483, 38.23105 ], [ -78.72644, 38.22997 ], [ -78.72627, 38.23195 ] ] ] } },
{ "type": "Feature", "properties": { "id": "VA-08", "state": "VA", "number": "08", "metro": true, "business_count": 2523, "has_data": true }, "geometry": { "type": "Polygon", "coordinates": [ [ [ -77.2395, 38.66653 ], [ -77.22959, 38.6707 ], [ -77.22594, 38.67468 ], [ -77.22506, 38.67776 ], [ -77.22423, 38.67867 ], [ -77.22004, 38.68039 ], [ -77.21743, 38.68317 ], [ -77.21202, 38.68528 ], [ -77.2067, 38.68866 ], [ -77.20546, 38.69268 ], [ -77.20068, 38.69684 ], [ -77.20138, 38.6982 ], [ -77.20099, 38.69938 ], [ -77.19802, 38.70102 ], [ -77.19773, 38.69908 ], [ -77.19526, 38.7003 ], [ -77.19529, 38.70192 ], [ -77.1974, 38.70152 ], [ -77.19426, 38.70641 ], [ -77.19296, 38.70938 ], [ -77.18541, 38.70746 ], [ -77.18004, 38.70751 ], [ -77.18278, 38.71025 ], [ -77.1884, 38.71362 ], [ -77.18764, 38.71668 ], [ -77.19045, 38.7204 ], [ -77.18877, 38.72193 ], [ -77.18514, 38.72317 ], [ -77.18233, 38.72508 ], [ -77.17937, 38.72306 ], [ -77.17391, 38.72198 ], [ -77.17157, 38.72931 ], [ -77.16759, 38.73202 ], [ -77.17081, 38.73356 ], [ -77.16748, 38.73807 ], [ -77.16325, 38.74004 ], [ -77.16498, 38.74176 ], [ -77.16738, 38.7477 ], [ -77.16735, 38.74947 ], [ -77.16465, 38.75449 ], [ -77.15889, 38.75261 ], [ -77.15539, 38.75866 ], [ -77.15878, 38.76085 ], [ -77.15651, 38.76362 ], [ -77.15575, 38.76542 ], [ -77.15138, 38.76376 ], [ -77.14886, 38.76416 ], [ -77.14335, 38.7672 ], [ -77.14382, 38.7677 ], [ -77.14537, 38.76796 ], [ -77.14678, 38.77041 ], [ -77.15017, 38.77175 ], [ -77.1488, 38.77309 ], [ -77.14951, 38.77531 ], [ -77.14885, 38.77625 ], [ -77.14557, 38.77524 ], [ -77.14376, 38.77814 ], [ -77.14052, 38.7769 ], [ -77.14138, 38.78119 ], [ -77.14063, 38.78323 ], [ -77.13607, 38.78407 ], [ -77.13708, 38.79333 ], [ -77.13539, 38.79651 ], [ -77.15274, 38.79377 ], [ -77.15308, 38.7934 ], [ -77.16086, 38.79143 ], [ -77.16808, 38.79013 ], [ -77.17096, 38.78993 ], [ -77.17376, 38.7902 ], [ -77.17619, 38.79087 ], [ -77.17895, 38.78497 ], [ -77.17999, 38.7818 ], [ -77.18024, 38.78704 ], [ -77.1794, 38.7893 ], [ -77.18066, 38.79111 ], [ -77.18392, 38.79258 ], [ -77.18375, 38.79359 ], [ -77.18624, 38.79433 ], [ -77.18613, 38.79517 ], [ -77.19386, 38.7972 ], [ -77.2036, 38.7935 ], [ -77.21878, 38.79276 ], [ -77.219, 38.79371 ], [ -77.21621, 38.7943 ], [ -77.21328, 38.7976 ], [ -77.21401, 38.79975 ], [ -77.21181, 38.80349 ], [ -77.22074, 38.81562 ], [ -77.22213, 38.82035 ], [ -77.22162, 38.8238 ], [ -77.21869, 38.82981 ], [ -77.21811, 38.83198 ], [ -77.21793, 38.83425 ], [ -77.21975, 38.84377 ], [ -77.22006, 38.87364 ], [ -77.22133, 38.88012 ], [ -77.22121, 38.88312 ], [ -77.21942, 38.88714 ], [ -77.21538, 38.8945 ], [ -77.21467, 38.89896 ], [ -77.21654, 38.90558 ], [ -77.21738, 38.91013 ], [ -77.21468, 38.90868 ], [ -77.21449, 38.90888 ], [ -77.21555, 38.90975 ], [ -77.21318, 38.91342 ], [ -77.19624, 38.92347 ], [ -77.19887, 38.92683 ], [ -77.20332, 38.92897 ], [ -77.21023, 38.93149 ], [ -77.20252, 38.94553 ], [ -77.20111, 38.94747 ], [ -77.19599, 38.95183 ], [ -77.19377, 38.95461 ], [ -77.19179, 38.9588 ], [ -77.18983, 38.96061 ], [ -77.18298, 38.96363 ], [ -77.18012, 38.96625 ], [ -77.1796, 38.96841 ], [ -77.1719, 38.96751 ], [ -77.168, 38.96741 ], [ -77.1669, 38.96811 ], [ -77.1653, 38.96801 ], [ -77.15108, 38.96583 ], [ -77.14818, 38.965 ], [ -77.1466, 38.96421 ], [ -77.1377, 38.95531 ], [ -77.1319, 38.94741 ], [ -77.1276, 38.94001 ], [ -77.11976, 38.93434 ], [ -77.1179, 38.93241 ], [ -77.1166, 38.92891 ], [ -77.1134, 38.92521 ], [ -77.1063, 38.91911 ], [ -77.1034, 38.91291 ], [ -77.1012, 38.91111 ], [ -77.0937, 38.90591 ], [ -77.0902, 38.90421 ], [ -77.0822, 38.90191 ], [ -77.0701, 38.90071 ], [ -77.0673, 38.89921 ], [ -77.0635, 38.88861 ], [ -77.05825, 38.88007 ], [ -77.0552, 38.88001 ], [ -77.0541, 38.87911 ], [ -77.0511, 38.87521 ], [ -77.0513, 38.87321 ], [ -77.0491, 38.87071 ], [ -77.0463, 38.87131 ], [ -77.0456, 38.87301 ], [ -77.0466, 38.87491 ], [ -77.0454, 38.87521 ], [ -77.0433, 38.87401 ], [ -77.0406, 38.87121 ], [ -77.0391, 38.86811 ], [ -77.0389, 38.86581 ], [ -77.0393, 38.86431 ], [ -77.034, 38.85714 ], [ -77.0317, 38.85051 ], [ -77.03454, 38.84047 ], [ -77.03855, 38.83926 ], [ -77.0417, 38.84021 ], [ -77.0442, 38.84021 ], [ -77.045, 38.83851 ], [ -77.0449, 38.83471 ], [ -77.0435, 38.83321 ], [ -77.0426, 38.83381 ], [ -77.0412, 38.83371 ], [ -77.0392, 38.83221 ], [ -77.0381, 38.82861 ], [ -77.0391, 38.82141 ], [ -77.0381, 38.81561 ], [ -77.03736, 38.81419 ], [ -77.0389, 38.80081 ], [ -77.03901, 38.79165 ], [ -77.0401, 38.78991 ], [ -77.0411, 38.77331 ], [ -77.04228, 38.74128 ], [ -77.04347, 38.73915 ], [ -77.04164, 38.73671 ], [ -77.04149, 38.72591 ], [ -77.04325, 38.71901 ], [ -77.0462, 38.71443 ], [ -77.0532, 38.70992 ], [ -77.06532, 38.70956 ], [ -77.07183, 38.71008 ], [ -77.0735, 38.71131 ], [ -77.07421, 38.71261 ], [ -77.07806, 38.71343 ], [ -77.07956, 38.71283 ], [ -77.07987, 38.71208 ], [ -77.08072, 38.71128 ], [ -77.0808, 38.71031 ], [ -77.07995, 38.70901 ], [ -77.0918, 38.70341 ], [ -77.099, 38.69861 ], [ -77.1027, 38.69832 ], [ -77.1059, 38.69682 ], [ -77.122, 38.68582 ], [ -77.1325, 38.67382 ], [ -77.1359, 38.64982 ], [ -77.1319, 38.64422 ], [ -77.1322, 38.64122 ], [ -77.1302, 38.63502 ], [ -77.14407, 38.63573 ], [ -77.14763, 38.63511 ], [ -77.15809, 38.63687 ], [ -77.16094, 38.634 ], [ -77.16308, 38.63121 ], [ -77.16891, 38.62545 ], [ -77.18021, 38.62326 ], [ -77.182, 38.62202 ], [ -77.18432, 38.62147 ], [ -77.1859, 38.62152 ], [ -77.19165, 38.61917 ], [ -77.19789, 38.61941 ], [ -77.20054, 38.6187 ], [ -77.20197, 38.61767 ], [ -77.2037, 38.61817 ], [ -77.20525, 38.62071 ], [ -77.2051, 38.62392 ], [ -77.2056, 38.62599 ], [ -77.21102, 38.63003 ], [ -77.21383, 38.63566 ], [ -77.2157, 38.63707 ], [ -77.2149, 38.63789 ], [ -77.20872, 38.63761 ], [ -77.20337, 38.64012 ], [ -77.19802, 38.6468 ], [ -77.19327, 38.65089 ], [ -77.19434, 38.65274 ], [ -77.19778, 38.65618 ], [ -77.20076, 38.65803 ], [ -77.20349, 38.6585 ], [ -77.2105, 38.65655 ], [ -77.21953, 38.65785 ], [ -77.22476, 38.65766 ], [ -77.22607, 38.66026 ], [ -77.23189, 38.66258 ], [ -77.2339, 38.66134 ], [ -77.2395, 38.66653 ] ] ] } },
{ "type": "Feature", "properties": { "id": "VA-09", "state": "VA", "number": "09", "metro": false, "business_count": 0, "has_data": false }, "geometry": { "type": "Polygon", "coordinates": [ [ [ -83.67461, 36.60308 ], [ -83.67311, 36.60468 ], [ -83.66561, 36.60578 ], [ -83.66361, 36.60678 ], [ -83.65771, 36.61178 ], [ -83.64951, 36.61668 ], [ -83.64831, 36.62268 ], [ -83.64521, 36.62418 ], [ -83.63981, 36.62478 ], [ -83.63501, 36.62288 ], [ -83.62891, 36.62408 ], [ -83.62501, 36.62518 ], [ -83.61991, 36.62798 ], [ -83.61641, 36.63138 ], [ -83.61451, 36.63398 ], [ -83.60791, 36.63708 ], [ -83.60561, 36.63778 ], [ -83.60431, 36.63768 ], [ -83.60301, 36.63688 ], [ -83.5943, 36.64075 ], [ -83.58986, 36.64138 ], [ -83.58596, 36.64376 ], [ -83.58451, 36.64138 ], [ -83.57731, 36.64178 ], [ -83.57475, 36.64422 ], [ -83.56918, 36.64566 ], [ -83.56541, 36.64778 ], [ -83.56261, 36.65128 ], [ -83.55411, 36.65378 ], [ -83.54731, 36.65448 ], [ -83.54181, 36.65658 ], [ -83.53311, 36.66188 ], [ -83.53301, 36.66328 ], [ -83.53191, 36.66498 ], [ -83.52961, 36.66618 ], [ -83.52711, 36.66598 ], [ -83.51601, 36.66759 ], [ -83.51171, 36.66909 ], [ -83.50691, 36.66869 ], [ -83.50141, 36.66909 ], [ -83.49991, 36.67018 ], [ -83.49801, 36.67048 ], [ -83.49391, 36.67009 ], [ -83.48891, 36.66768 ], [ -83.48261, 36.66618 ], [ -83.46648, 36.6647 ], [ -83.46081, 36.66488 ], [ -83.45801, 36.66578 ], [ -83.45471, 36.66479 ], [ -83.44811, 36.66528 ], [ -83.44081, 36.66689 ], [ -83.43651, 36.66618 ], [ -83.42371, 36.66739 ], [ -83.41181, 36.67079 ], [ -83.39581, 36.67679 ], [ -83.39491, 36.67759 ], [ -83.39561, 36.67899 ], [ -83.39531, 36.67949 ], [ -83.38931, 36.68499 ], [ -83.3861, 36.68659 ], [ -83.3675, 36.69269 ], [ -83.36401, 36.69459 ], [ -83.3621, 36.69479 ], [ -83.3602, 36.69359 ], [ -83.35921, 36.69359 ], [ -83.3564, 36.69469 ], [ -83.35361, 36.6967 ], [ -83.3508, 36.69739 ], [ -83.34971, 36.69839 ], [ -83.3428, 36.70129 ], [ -83.3157, 36.70819 ], [ -83.313, 36.70909 ], [ -83.3114, 36.71029 ], [ -83.3071, 36.71139 ], [ -83.2878, 36.71379 ], [ -83.2869, 36.71399 ], [ -83.2857, 36.71519 ], [ -83.2755, 36.71799 ], [ -83.2725, 36.71779 ], [ -83.2693, 36.71849 ], [ -83.2636, 36.72099 ], [ -83.2555, 36.72179 ], [ -83.2463, 36.72529 ], [ -83.2385, 36.72709 ], [ -83.2364, 36.72689 ], [ -83.22, 36.73129 ], [ -83.1997, 36.73749 ], [ -83.1946, 36.73949 ], [ -83.1757, 36.73959 ], [ -83.1674, 36.73919 ], [ -83.1615, 36.73989 ], [ -83.1567, 36.74219 ], [ -83.1461, 36.74179 ], [ -83.13639, 36.74309 ], [ -83.13429, 36.74659 ], [ -83.13099, 36.74979 ], [ -83.12783, 36.75083 ], [ -83.12827, 36.75637 ], [ -83.12881, 36.75786 ], [ -83.12672, 36.761 ], [ -83.12565, 36.76141 ], [ -83.13248, 36.7644 ], [ -83.13229, 36.76561 ], [ -83.13125, 36.76711 ], [ -83.13109, 36.76838 ], [ -83.12889, 36.76989 ], [ -83.13113, 36.77117 ], [ -83.13268, 36.77153 ], [ -83.1317, 36.7736 ], [ -83.13012, 36.77387 ], [ -83.12899, 36.77578 ], [ -83.13118, 36.77884 ], [ -83.13225, 36.78161 ], [ -83.13324, 36.78321 ], [ -83.13323, 36.78458 ], [ -83.13178, 36.78539 ], [ -83.12913, 36.7855 ], [ -83.12334, 36.78665 ], [ -83.11914, 36.78953 ], [ -83.11469, 36.79609 ], [ -83.11079, 36.80039 ], [ -83.10803, 36.80218 ], [ -83.10309, 36.80669 ], [ -83.09849, 36.81429 ], [ -83.09889, 36.82299 ], [ -83.09979, 36.82489 ], [ -83.10169, 36.82669 ], [ -83.10209, 36.82819 ], [ -83.10179, 36.82909 ], [ -83.09889, 36.83179 ], [ -83.09129, 36.83439 ], [ -83.08899, 36.83599 ], [ -83.08699, 36.83819 ], [ -83.07969, 36.84059 ], [ -83.07519, 36.84089 ], [ -83.07379, 36.84489 ], [ -83.07559, 36.85059 ], [ -83.07259, 36.85459 ], [ -83.06929, 36.85359 ], [ -83.06619, 36.85189 ], [ -83.06399, 36.85169 ], [ -83.06049, 36.85379 ], [ -83.05249, 36.85199 ], [ -83.04759, 36.85179 ], [ -83.04429, 36.85299 ], [ -83.04219, 36.85439 ], [ -83.02689, 36.85549 ], [ -83.02589, 36.85529 ], [ -83.02439, 36.85169 ], [ -83.02189, 36.84999 ], [ -83.01259, 36.84729 ], [ -83.00922, 36.8473 ], [ -83.00609, 36.84789 ], [ -83.00379, 36.85179 ], [ -82.99838, 36.85663 ], [ -82.98871, 36.85914 ], [ -82.97923, 36.85969 ], [ -82.97339, 36.8591 ], [ -82.97193, 36.85777 ], [ -82.97025, 36.85769 ], [ -82.96095, 36.86254 ], [ -82.95168, 36.86615 ], [ -82.93757, 36.86727 ], [ -82.92241, 36.87392 ], [ -82.91169, 36.87425 ], [ -82.91031, 36.87405 ], [ -82.90777, 36.87471 ], [ -82.90728, 36.87564 ], [ -82.908, 36.87723 ], [ -82.90798, 36.87875 ], [ -82.90632, 36.87974 ], [ -82.89544, 36.88215 ], [ -82.89003, 36.88429 ], [ -82.88763, 36.88689 ], [ -82.88463, 36.88848 ], [ -82.87949, 36.88909 ], [ -82.87857, 36.88958 ], [ -82.87786, 36.89184 ], [ -82.87864, 36.89398 ], [ -82.87644, 36.89624 ], [ -82.87321, 36.89726 ], [ -82.87007, 36.90174 ], [ -82.87256, 36.90338 ], [ -82.87747, 36.90796 ], [ -82.87622, 36.91022 ], [ -82.86712, 36.91797 ], [ -82.86519, 36.92092 ], [ -82.86347, 36.92231 ], [ -82.86194, 36.92424 ], [ -82.86003, 36.92524 ], [ -82.85796, 36.92953 ], [ -82.85846, 36.93272 ], [ -82.86054, 36.93744 ], [ -82.86168, 36.93932 ], [ -82.86128, 36.94485 ], [ -82.86063, 36.94584 ], [ -82.85997, 36.94907 ], [ -82.8561, 36.95247 ], [ -82.85571, 36.95381 ], [ -82.85844, 36.95404 ], [ -82.86287, 36.95777 ], [ -82.8654, 36.95808 ], [ -82.86736, 36.96318 ], [ -82.87023, 36.9655 ], [ -82.86918, 36.97418 ], [ -82.86845, 36.97648 ], [ -82.86754, 36.97752 ], [ -82.86293, 36.97998 ], [ -82.86056, 36.97827 ], [ -82.85794, 36.97828 ], [ -82.85677, 36.9791 ], [ -82.85642, 36.98222 ], [ -82.85373, 36.98518 ], [ -82.8514, 36.9845 ], [ -82.84943, 36.98348 ], [ -82.845, 36.98381 ], [ -82.84125, 36.98686 ], [ -82.83855, 36.98703 ], [ -82.83601, 36.98884 ], [ -82.83384, 36.99197 ], [ -82.8308, 36.99345 ], [ -82.82913, 36.99754 ], [ -82.83059, 37.00095 ], [ -82.82996, 37.00355 ], [ -82.82859, 37.00571 ], [ -82.82522, 37.00628 ], [ -82.82268, 37.00413 ], [ -82.8218, 37.00438 ], [ -82.81972, 37.00621 ], [ -82.81801, 37.00616 ], [ -82.81575, 37.0072 ], [ -82.81358, 37.00532 ], [ -82.80053, 37.00794 ], [ -82.79749, 37.00965 ], [ -82.79619, 37.0085 ], [ -82.79569, 37.0067 ], [ -82.79482, 37.0059 ], [ -82.79344, 37.00549 ], [ -82.7889, 37.00816 ], [ -82.78214, 37.00824 ], [ -82.77839, 37.01252 ], [ -82.77737, 37.01528 ], [ -82.77179, 37.01572 ], [ -82.76708, 37.02094 ], [ -82.76641, 37.02311 ], [ -82.75917, 37.02733 ], [ -82.75405, 37.02659 ], [ -82.75185, 37.02562 ], [ -82.75071, 37.02411 ], [ -82.74798, 37.02521 ], [ -82.74556, 37.02984 ], [ -82.74368, 37.0414 ], [ -82.74245, 37.04298 ], [ -82.7336, 37.04453 ], [ -82.73172, 37.04345 ], [ -82.72628, 37.0421 ], [ -82.72471, 37.04276 ], [ -82.72247, 37.0451 ], [ -82.72328, 37.04762 ], [ -82.72313, 37.05244 ], [ -82.72225, 37.05795 ], [ -82.7239, 37.06254 ], [ -82.72631, 37.06687 ], [ -82.72702, 37.07302 ], [ -82.72375, 37.07552 ], [ -82.72168, 37.07519 ], [ -82.71835, 37.07571 ], [ -82.71674, 37.07722 ], [ -82.7172, 37.07954 ], [ -82.71818, 37.08068 ], [ -82.7206, 37.08183 ], [ -82.72304, 37.08499 ], [ -82.72495, 37.0919 ], [ -82.72436, 37.09299 ], [ -82.72218, 37.09431 ], [ -82.72162, 37.10128 ], [ -82.72194, 37.10569 ], [ -82.72629, 37.11185 ], [ -82.72645, 37.11498 ], [ -82.7262, 37.11588 ], [ -82.7221, 37.12017 ], [ -82.71833, 37.12227 ], [ -82.71633, 37.12209 ], [ -82.70787, 37.12549 ], [ -82.69567, 37.13151 ], [ -82.6846, 37.13584 ], [ -82.67943, 37.13558 ], [ -82.67677, 37.13497 ], [ -82.67153, 37.13844 ], [ -82.66772, 37.14195 ], [ -82.66245, 37.14386 ], [ -82.65747, 37.14502 ], [ -82.65476, 37.1506 ], [ -82.65327, 37.15131 ], [ -82.65165, 37.15191 ], [ -82.63349, 37.15426 ], [ -82.62488, 37.16293 ], [ -82.61742, 37.16813 ], [ -82.60829, 37.17305 ], [ -82.59745, 37.17709 ], [ -82.59277, 37.18039 ], [ -82.59323, 37.18206 ], [ -82.59245, 37.18285 ], [ -82.58672, 37.18562 ], [ -82.57899, 37.1885 ], [ -82.56533, 37.19612 ], [ -82.55818, 37.19961 ], [ -82.55384, 37.20284 ], [ -82.55037, 37.20446 ], [ -82.5458, 37.20307 ], [ -82.5413, 37.20653 ], [ -82.53663, 37.20692 ], [ -82.53158, 37.20916 ], [ -82.53205, 37.21081 ], [ -82.53179, 37.2121 ], [ -82.52875, 37.21374 ], [ -82.52446, 37.21496 ], [ -82.52012, 37.21291 ], [ -82.50943, 37.21892 ], [ -82.50806, 37.22096 ], [ -82.50834, 37.22239 ], [ -82.5079, 37.22273 ], [ -82.49886, 37.22704 ], [ -82.49631, 37.22756 ], [ -82.49524, 37.22561 ], [ -82.49149, 37.22509 ], [ -82.48722, 37.2278 ], [ -82.48732, 37.23058 ], [ -82.48644, 37.2312 ], [ -82.47328, 37.23557 ], [ -82.46307, 37.23829 ], [ -82.45702, 37.23829 ], [ -82.452, 37.24256 ], [ -82.44916, 37.24391 ], [ -82.43573, 37.24649 ], [ -82.43102, 37.24677 ], [ -82.41809, 37.25133 ], [ -82.38566, 37.25963 ], [ -82.38329, 37.26015 ], [ -82.37659, 37.2599 ], [ -82.36454, 37.26441 ], [ -82.35534, 37.26522 ], [ -82.35095, 37.26708 ], [ -82.34207, 37.27411 ], [ -82.34185, 37.28089 ], [ -82.33694, 37.27974 ], [ -82.33157, 37.28221 ], [ -82.32462, 37.28318 ], [ -82.31896, 37.28752 ], [ -82.3174, 37.29098 ], [ -82.31708, 37.29364 ], [ -82.31603, 37.29488 ], [ -82.30942, 37.30007 ], [ -82.29191, 37.31164 ], [ -82.25435, 37.33774 ], [ -82.20269, 37.37404 ], [ -82.20175, 37.37511 ], [ -82.12485, 37.42727 ], [ -82.06281, 37.47091 ], [ -82.05089, 37.48053 ], [ -81.96801, 37.53804 ], [ -81.96928, 37.53433 ], [ -81.96758, 37.53281 ], [ -81.95936, 37.53522 ], [ -81.95738, 37.5352 ], [ -81.95695, 37.53426 ], [ -81.95744, 37.53321 ], [ -81.95769, 37.52984 ], [ -81.95663, 37.52849 ], [ -81.95352, 37.52806 ], [ -81.94602, 37.53174 ], [ -81.94401, 37.53096 ], [ -81.94398, 37.5303 ], [ -81.94755, 37.52753 ], [ -81.94766, 37.52508 ], [ -81.94709, 37.52391 ], [ -81.94369, 37.52121 ], [ -81.94378, 37.51961 ], [ -81.94548, 37.51661 ], [ -81.94476, 37.51366 ], [ -81.94387, 37.51288 ], [ -81.94197, 37.51231 ], [ -81.93875, 37.5129 ], [ -81.937, 37.51423 ], [ -81.9361, 37.51542 ], [ -81.93598, 37.51704 ], [ -81.935, 37.519 ], [ -81.93406, 37.51947 ], [ -81.93213, 37.51829 ], [ -81.93106, 37.51683 ], [ -81.92719, 37.51533 ], [ -81.92639, 37.51421 ], [ -81.92674, 37.51304 ], [ -81.92787, 37.51212 ], [ -81.93228, 37.51196 ], [ -81.93505, 37.51051 ], [ -81.93654, 37.51047 ], [ -81.94019, 37.50921 ], [ -81.94115, 37.50948 ], [ -81.94304, 37.50861 ], [ -81.94419, 37.50698 ], [ -81.94391, 37.50293 ], [ -81.94596, 37.5019 ], [ -81.94919, 37.50238 ], [ -81.95183, 37.50205 ], [ -81.95315, 37.50131 ], [ -81.95408, 37.49982 ], [ -81.95436, 37.49608 ], [ -81.95417, 37.4953 ], [ -81.95274, 37.49416 ], [ -81.95268, 37.49227 ], [ -81.95326, 37.49176 ], [ -81.95721, 37.4915 ], [ -81.96499, 37.49349 ], [ -81.96664, 37.49246 ], [ -81.96713, 37.49074 ], [ -81.97073, 37.4899 ], [ -81.97066, 37.48847 ], [ -81.97232, 37.48867 ], [ -81.97322, 37.48798 ], [ -81.97576, 37.48769 ], [ -81.97647, 37.48546 ], [ -81.97759, 37.4846 ], [ -81.97917, 37.4846 ], [ -81.98033, 37.48545 ], [ -81.9857, 37.48568 ], [ -81.98985, 37.48488 ], [ -81.99292, 37.48297 ], [ -81.99297, 37.4798 ], [ -81.99658, 37.47671 ], [ -81.99583, 37.47565 ], [ -81.99595, 37.47444 ], [ -81.9953, 37.47247 ], [ -81.99602, 37.47204 ], [ -81.99565, 37.46983 ], [ -81.99297, 37.46845 ], [ -81.99354, 37.46427 ], [ -81.99227, 37.46092 ], [ -81.98952, 37.46067 ], [ -81.98763, 37.45866 ], [ -81.98793, 37.45642 ], [ -81.98701, 37.45488 ], [ -81.98489, 37.45432 ], [ -81.98001, 37.45721 ], [ -81.97618, 37.45719 ], [ -81.9748, 37.45613 ], [ -81.97338, 37.45607 ], [ -81.9733, 37.45443 ], [ -81.97241, 37.45321 ], [ -81.9688, 37.4515 ], [ -81.97047, 37.44857 ], [ -81.97038, 37.44769 ], [ -81.96797, 37.44659 ], [ -81.96632, 37.44672 ], [ -81.96457, 37.44759 ], [ -81.96418, 37.44743 ], [ -81.96302, 37.44785 ], [ -81.96189, 37.44762 ], [ -81.96059, 37.44821 ], [ -81.95952, 37.44791 ], [ -81.95867, 37.44805 ], [ -81.95743, 37.44905 ], [ -81.95533, 37.4472 ], [ -81.94937, 37.44569 ], [ -81.94576, 37.44021 ], [ -81.94286, 37.43993 ], [ -81.94118, 37.44049 ], [ -81.93884, 37.44046 ], [ -81.93562, 37.4384 ], [ -81.93532, 37.43639 ], [ -81.93784, 37.43211 ], [ -81.94055, 37.42906 ], [ -81.93695, 37.41992 ], [ -81.93247, 37.41522 ], [ -81.92348, 37.41138 ], [ -81.92451, 37.40761 ], [ -81.92576, 37.40687 ], [ -81.92734, 37.40684 ], [ -81.93004, 37.40529 ], [ -81.93079, 37.40166 ], [ -81.92828, 37.39806 ], [ -81.92878, 37.39384 ], [ -81.92984, 37.39283 ], [ -81.93272, 37.39204 ], [ -81.93388, 37.39065 ], [ -81.93306, 37.38798 ], [ -81.93173, 37.38719 ], [ -81.93181, 37.38548 ], [ -81.93571, 37.38315 ], [ -81.93674, 37.38073 ], [ -81.93587, 37.37855 ], [ -81.93388, 37.3778 ], [ -81.93314, 37.37784 ], [ -81.93182, 37.37704 ], [ -81.93106, 37.37547 ], [ -81.93176, 37.37455 ], [ -81.93276, 37.37423 ], [ -81.9339, 37.37275 ], [ -81.93294, 37.37208 ], [ -81.93338, 37.36934 ], [ -81.93019, 37.36673 ], [ -81.9267, 37.36462 ], [ -81.9285, 37.36064 ], [ -81.92659, 37.35894 ], [ -81.92564, 37.35732 ], [ -81.92157, 37.35642 ], [ -81.92071, 37.35542 ], [ -81.92028, 37.3534 ], [ -81.91668, 37.34935 ], [ -81.91195, 37.34934 ], [ -81.91149, 37.34884 ], [ -81.91088, 37.34873 ], [ -81.90732, 37.34312 ], [ -81.90637, 37.34276 ], [ -81.9038, 37.34305 ], [ -81.90299, 37.34234 ], [ -81.8995, 37.3411 ], [ -81.89946, 37.34028 ], [ -81.896, 37.33197 ], [ -81.8948, 37.33201 ], [ -81.89477, 37.33138 ], [ -81.89377, 37.33011 ], [ -81.88772, 37.33116 ], [ -81.88695, 37.33073 ], [ -81.88508, 37.33067 ], [ -81.88089, 37.33115 ], [ -81.8796, 37.33207 ], [ -81.87871, 37.33175 ], [ -81.87834, 37.32884 ], [ -81.87321, 37.32507 ], [ -81.87266, 37.32331 ], [ -81.87018, 37.32067 ], [ -81.86742, 37.32084 ], [ -81.86027, 37.31571 ], [ -81.85993, 37.31397 ], [ -81.86371, 37.31223 ], [ -81.86568, 37.30948 ], [ -81.86203, 37.30565 ], [ -81.85962, 37.30477 ], [ -81.85603, 37.30674 ], [ -81.85446, 37.30657 ], [ -81.85365, 37.30078 ], [ -81.85447, 37.29994 ], [ -81.85349, 37.29476 ], [ -81.85406, 37.29135 ], [ -81.85355, 37.2877 ], [ -81.84995, 37.28523 ], [ -81.84681, 37.28465 ], [ -81.83876, 37.28634 ], [ -81.83443, 37.28542 ], [ -81.83341, 37.28453 ], [ -81.83439, 37.28309 ], [ -81.83447, 37.28176 ], [ -81.82506, 37.27954 ], [ -81.81963, 37.27941 ], [ -81.8167, 37.27987 ], [ -81.81322, 37.28109 ], [ -81.81056, 37.28298 ], [ -81.80723, 37.28317 ], [ -81.80538, 37.28562 ], [ -81.80327, 37.28592 ], [ -81.79359, 37.28484 ], [ -81.79312, 37.28354 ], [ -81.79364, 37.28219 ], [ -81.79342, 37.28167 ], [ -81.78929, 37.28442 ], [ -81.78312, 37.28258 ], [ -81.77936, 37.27998 ], [ -81.77935, 37.27739 ], [ -81.77732, 37.27587 ], [ -81.77468, 37.27481 ], [ -81.76784, 37.27422 ], [ -81.7652, 37.2751 ], [ -81.76175, 37.27571 ], [ -81.75763, 37.274 ], [ -81.75753, 37.27001 ], [ -81.75501, 37.26772 ], [ -81.75291, 37.26661 ], [ -81.75212, 37.26557 ], [ -81.74766, 37.26433 ], [ -81.74611, 37.2636 ], [ -81.7455, 37.26133 ], [ -81.74545, 37.25812 ], [ -81.74301, 37.25513 ], [ -81.74166, 37.25478 ], [ -81.74097, 37.25405 ], [ -81.7435, 37.2476 ], [ -81.74342, 37.24586 ], [ -81.74429, 37.24418 ], [ -81.744, 37.24253 ], [ -81.73854, 37.23826 ], [ -81.73332, 37.23813 ], [ -81.72617, 37.24052 ], [ -81.72306, 37.24049 ], [ -81.71955, 37.23779 ], [ -81.71625, 37.23432 ], [ -81.71573, 37.22877 ], [ -81.69895, 37.2182 ], [ -81.69511, 37.21357 ], [ -81.68672, 37.2131 ], [ -81.68354, 37.21145 ], [ -81.68401, 37.2111 ], [ -81.68327, 37.20565 ], [ -81.68138, 37.20363 ], [ -81.6786, 37.20247 ], [ -81.67821, 37.20148 ], [ -81.56063, 37.20666 ], [ -81.55835, 37.20815 ], [ -81.55689, 37.20728 ], [ -81.5536, 37.20844 ], [ -81.54925, 37.21373 ], [ -81.54521, 37.22017 ], [ -81.54444, 37.22076 ], [ -81.53307, 37.22341 ], [ -81.52746, 37.22582 ], [ -81.52073, 37.22691 ], [ -81.50879, 37.23256 ], [ -81.50732, 37.2338 ], [ -81.50626, 37.23927 ], [ -81.50643, 37.24447 ], [ -81.50488, 37.2477 ], [ -81.50319, 37.25258 ], [ -81.49887, 37.25803 ], [ -81.49778, 37.2579 ], [ -81.49777, 37.25719 ], [ -81.49845, 37.25657 ], [ -81.49805, 37.25466 ], [ -81.49574, 37.25239 ], [ -81.49229, 37.25096 ], [ -81.48356, 37.2506 ], [ -81.48014, 37.25112 ], [ -81.47643, 37.25513 ], [ -81.46211, 37.2599 ], [ -81.46, 37.26255 ], [ -81.45987, 37.2639 ], [ -81.46058, 37.26553 ], [ -81.45889, 37.26647 ], [ -81.4542, 37.267 ], [ -81.44907, 37.26958 ], [ -81.44828, 37.27058 ], [ -81.44845, 37.2717 ], [ -81.44765, 37.27224 ], [ -81.44697, 37.27193 ], [ -81.44492, 37.2723 ], [ -81.44424, 37.27148 ], [ -81.44263, 37.27184 ], [ -81.43992, 37.27088 ], [ -81.43716, 37.27407 ], [ -81.43534, 37.27401 ], [ -81.43494, 37.27345 ], [ -81.4335, 37.27381 ], [ -81.43285, 37.2727 ], [ -81.42795, 37.27101 ], [ -81.41666, 37.27321 ], [ -81.41587, 37.27433 ], [ -81.41603, 37.27667 ], [ -81.41674, 37.27722 ], [ -81.41568, 37.27914 ], [ -81.41407, 37.27961 ], [ -81.41287, 37.27947 ], [ -81.41159, 37.28033 ], [ -81.40958, 37.28402 ], [ -81.40973, 37.28484 ], [ -81.4092, 37.28607 ], [ -81.40376, 37.2966 ], [ -81.40506, 37.29879 ], [ -81.4022, 37.30166 ], [ -81.39818, 37.30297 ], [ -81.39682, 37.3045 ], [ -81.39736, 37.30636 ], [ -81.3987, 37.30781 ], [ -81.39855, 37.31063 ], [ -81.39429, 37.31641 ], [ -81.38673, 37.32047 ], [ -81.38581, 37.32008 ], [ -81.38491, 37.31883 ], [ -81.38016, 37.31784 ], [ -81.37735, 37.31845 ], [ -81.37445, 37.31861 ], [ -81.37261, 37.32019 ], [ -81.37131, 37.32411 ], [ -81.3676, 37.32757 ], [ -81.36803, 37.32945 ], [ -81.36926, 37.33057 ], [ -81.36938, 37.33183 ], [ -81.36809, 37.33242 ], [ -81.36632, 37.33593 ], [ -81.36216, 37.33769 ], [ -81.3201, 37.29932 ], [ -81.2251, 37.23487 ], [ -81.20477, 37.24301 ], [ -81.17815, 37.25798 ], [ -81.16703, 37.26288 ], [ -81.15896, 37.26538 ], [ -81.1424, 37.26917 ], [ -81.1126, 37.2785 ], [ -81.09482, 37.28264 ], [ -81.08401, 37.2844 ], [ -81.03719, 37.29025 ], [ -81.02194, 37.29414 ], [ -81.00846, 37.29607 ], [ -81.00058, 37.29787 ], [ -80.99601, 37.29955 ], [ -80.97959, 37.30228 ], [ -80.97911, 37.30058 ], [ -80.98217, 37.29602 ], [ -80.98132, 37.29346 ], [ -80.98015, 37.29274 ], [ -80.97389, 37.29144 ], [ -80.96656, 37.29216 ], [ -80.9479, 37.29587 ], [ -80.93814, 37.30028 ], [ -80.93112, 37.30287 ], [ -80.92704, 37.30368 ], [ -80.91926, 37.30616 ], [ -80.90054, 37.315 ], [ -80.8801, 37.3289 ], [ -80.86899, 37.33857 ], [ -80.86532, 37.34052 ], [ -80.84945, 37.34691 ], [ -80.88325, 37.38393 ], [ -80.86276, 37.41183 ], [ -80.86446, 37.41418 ], [ -80.86517, 37.417 ], [ -80.86515, 37.41993 ], [ -80.86314, 37.42464 ], [ -80.85956, 37.42957 ], [ -80.857, 37.42705 ], [ -80.85316, 37.4269 ], [ -80.85066, 37.42606 ], [ -80.84632, 37.42339 ], [ -80.84421, 37.42356 ], [ -80.84167, 37.42597 ], [ -80.83768, 37.42566 ], [ -80.83645, 37.42435 ], [ -80.81164, 37.40751 ], [ -80.80877, 37.40627 ], [ -80.80636, 37.40412 ], [ -80.80713, 37.40135 ], [ -80.80613, 37.39807 ], [ -80.80045, 37.39574 ], [ -80.79032, 37.39567 ], [ -80.78419, 37.39459 ], [ -80.78332, 37.39279 ], [ -80.78338, 37.39065 ], [ -80.7823, 37.38902 ], [ -80.77677, 37.38413 ], [ -80.77008, 37.37236 ], [ -80.75989, 37.37488 ], [ -80.74872, 37.38005 ], [ -80.74553, 37.38011 ], [ -80.73804, 37.38255 ], [ -80.73159, 37.38471 ], [ -80.7236, 37.38826 ], [ -80.71548, 37.39071 ], [ -80.7052, 37.39462 ], [ -80.69171, 37.40175 ], [ -80.68458, 37.40463 ], [ -80.66497, 37.41421 ], [ -80.66411, 37.41422 ], [ -80.65669, 37.41759 ], [ -80.65359, 37.41951 ], [ -80.64589, 37.42215 ], [ -80.63695, 37.42747 ], [ -80.63755, 37.42856 ], [ -80.63738, 37.42937 ], [ -80.63439, 37.43123 ], [ -80.63236, 37.43212 ], [ -80.62637, 37.43333 ], [ -80.62266, 37.43331 ], [ -80.62212, 37.43597 ], [ -80.6168, 37.43944 ], [ -80.6002, 37.44617 ], [ -80.59138, 37.45144 ], [ -80.59024, 37.4533 ], [ -80.58586, 37.45665 ], [ -80.5663, 37.46657 ], [ -80.56144, 37.46977 ], [ -80.55204, 37.47356 ], [ -80.54745, 37.47368 ], [ -80.54484, 37.47469 ], [ -80.53979, 37.47453 ], [ -80.53689, 37.47401 ], [ -80.53441, 37.47473 ], [ -80.53345, 37.47641 ], [ -80.53237, 37.47712 ], [ -80.52835, 37.47737 ], [ -80.52348, 37.47691 ], [ -80.52234, 37.47718 ], [ -80.51966, 37.4792 ], [ -80.51864, 37.4793 ], [ -80.51637, 37.47847 ], [ -80.51514, 37.47857 ], [ -80.51341, 37.47945 ], [ -80.51139, 37.48167 ], [ -80.49298, 37.45775 ], [ -80.49728, 37.44478 ], [ -80.49487, 37.43507 ], [ -80.4756, 37.42295 ], [ -80.46482, 37.42614 ], [ -80.45731, 37.43227 ], [ -80.45137, 37.43404 ], [ -80.44303, 37.43813 ], [ -80.42566, 37.44988 ], [ -80.40282, 37.46032 ], [ -80.39988, 37.46231 ], [ -80.38254, 37.47037 ], [ -80.37831, 37.47138 ], [ -80.37195, 37.47407 ], [ -80.36945, 37.4766 ], [ -80.36317, 37.48 ], [ -80.36684, 37.48488 ], [ -80.34379, 37.49215 ], [ -80.33204, 37.49374 ], [ -80.3271, 37.49538 ], [ -80.32063, 37.49888 ], [ -80.30933, 37.50288 ], [ -80.30983, 37.50383 ], [ -80.29979, 37.50827 ], [ -80.28239, 37.53352 ], [ -80.29164, 37.5365 ], [ -80.30935, 37.52738 ], [ -80.33031, 37.53624 ], [ -80.32749, 37.54002 ], [ -80.32438, 37.54105 ], [ -80.32125, 37.54142 ], [ -80.31446, 37.54412 ], [ -80.31239, 37.54624 ], [ -80.3285, 37.56432 ], [ -80.29488, 37.57877 ], [ -80.28244, 37.58548 ], [ -80.27034, 37.59115 ], [ -80.26356, 37.59337 ], [ -80.25892, 37.5955 ], [ -80.24978, 37.60212 ], [ -80.24027, 37.60696 ], [ -80.22602, 37.62006 ], [ -80.22339, 37.62318 ], [ -80.22098, 37.62777 ], [ -80.2194, 37.62692 ], [ -80.2052, 37.61629 ], [ -80.19668, 37.61569 ], [ -80.18463, 37.61534 ], [ -80.18177, 37.61377 ], [ -80.17817, 37.61513 ], [ -80.17751, 37.61512 ], [ -80.1761, 37.6168 ], [ -80.17295, 37.61583 ], [ -80.17034, 37.61626 ], [ -80.16844, 37.61538 ], [ -80.16854, 37.61333 ], [ -80.16719, 37.61205 ], [ -80.16758, 37.60827 ], [ -80.16062, 37.60328 ], [ -80.15055, 37.59962 ], [ -80.14668, 37.59662 ], [ -80.14439, 37.59663 ], [ -80.14064, 37.59977 ], [ -80.13846, 37.60052 ], [ -80.13701, 37.60213 ], [ -80.13338, 37.6029 ], [ -80.13105, 37.60455 ], [ -80.12811, 37.60601 ], [ -80.12322, 37.60738 ], [ -80.12043, 37.61025 ], [ -80.11724, 37.61258 ], [ -80.11505, 37.61462 ], [ -80.11157, 37.61652 ], [ -80.1048, 37.62269 ], [ -80.09981, 37.62387 ], [ -80.09834, 37.62378 ], [ -80.09287, 37.62587 ], [ -80.08746, 37.62667 ], [ -80.08589, 37.62769 ], [ -80.08457, 37.62941 ], [ -80.07606, 37.63215 ], [ -80.07411, 37.63363 ], [ -80.06991, 37.63608 ], [ -80.06908, 37.6374 ], [ -80.0687, 37.63976 ], [ -80.06572, 37.64037 ], [ -80.05979, 37.64288 ], [ -80.05888, 37.64399 ], [ -80.05649, 37.64519 ], [ -80.05059, 37.64726 ], [ -80.04526, 37.65022 ], [ -80.04059, 37.65344 ], [ -80.03605, 37.65797 ], [ -80.03271, 37.66029 ], [ -80.02055, 37.64744 ], [ -80.02245, 37.64628 ], [ -80.02603, 37.64272 ], [ -80.03203, 37.63856 ], [ -80.02762, 37.62422 ], [ -79.98587, 37.56803 ], [ -79.96907, 37.54441 ], [ -79.97233, 37.5433 ], [ -79.974, 37.54189 ], [ -79.97575, 37.53928 ], [ -79.97931, 37.53773 ], [ -79.97951, 37.53671 ], [ -79.98169, 37.53549 ], [ -79.98316, 37.53373 ], [ -79.98441, 37.53334 ], [ -79.98653, 37.53135 ], [ -79.98683, 37.53024 ], [ -79.98936, 37.52807 ], [ -79.99096, 37.52567 ], [ -79.9974, 37.52047 ], [ -79.99836, 37.51882 ], [ -80.00155, 37.51716 ], [ -80.00245, 37.51608 ], [ -80.00873, 37.51111 ], [ -80.0095, 37.51083 ], [ -80.01273, 37.50152 ], [ -80.01466, 37.50013 ], [ -80.01443, 37.49485 ], [ -80.01677, 37.49372 ], [ -80.01954, 37.48978 ], [ -80.02122, 37.48863 ], [ -80.02579, 37.48198 ], [ -80.0259, 37.48077 ], [ -80.03046, 37.4755 ], [ -80.0308, 37.47236 ], [ -80.03152, 37.47017 ], [ -80.0346, 37.46374 ], [ -80.03681, 37.46092 ], [ -80.03952, 37.45484 ], [ -80.04171, 37.452 ], [ -80.04303, 37.44902 ], [ -80.04759, 37.4431 ], [ -80.05007, 37.44106 ], [ -80.05675, 37.43734 ], [ -80.05921, 37.43548 ], [ -80.061, 37.43334 ], [ -80.06546, 37.43011 ], [ -80.06583, 37.42847 ], [ -80.06737, 37.4264 ], [ -80.07894, 37.41945 ], [ -80.07976, 37.41933 ], [ -80.08832, 37.41547 ], [ -80.09014, 37.41363 ], [ -80.09182, 37.4127 ], [ -80.09562, 37.41156 ], [ -80.09861, 37.41024 ], [ -80.10214, 37.40809 ], [ -80.10415, 37.40564 ], [ -80.10993, 37.40313 ], [ -80.11097, 37.40237 ], [ -80.11527, 37.40071 ], [ -80.12159, 37.39713 ], [ -80.13801, 37.38927 ], [ -80.14396, 37.3856 ], [ -80.14557, 37.38504 ], [ -80.14756, 37.38255 ], [ -80.2003, 37.37836 ], [ -80.20154, 37.37681 ], [ -80.20255, 37.37421 ], [ -80.20461, 37.37315 ], [ -80.20693, 37.37123 ], [ -80.21286, 37.36791 ], [ -80.21932, 37.36567 ], [ -80.22328, 37.36539 ], [ -80.226, 37.36478 ], [ -80.22909, 37.36231 ], [ -80.23102, 37.36185 ], [ -80.23307, 37.36063 ], [ -80.23528, 37.35874 ], [ -80.23715, 37.35824 ], [ -80.23817, 37.35721 ], [ -80.24057, 37.35686 ], [ -80.24651, 37.35394 ], [ -80.24718, 37.35283 ], [ -80.25016, 37.35178 ], [ -80.25231, 37.35016 ], [ -80.25441, 37.34797 ], [ -80.25584, 37.3455 ], [ -80.26218, 37.34153 ], [ -80.25834, 37.30843 ], [ -80.20332, 37.24623 ], [ -80.20257, 37.24149 ], [ -80.19446, 37.23725 ], [ -80.19455, 37.23558 ], [ -80.19254, 37.23438 ], [ -80.18668, 37.23719 ], [ -80.17933, 37.24202 ], [ -80.18173, 37.24717 ], [ -80.18212, 37.25056 ], [ -80.18123, 37.25204 ], [ -80.17893, 37.24843 ], [ -80.17576, 37.24711 ], [ -80.17424, 37.25077 ], [ -80.17324, 37.25575 ], [ -80.1691, 37.25653 ], [ -80.1701, 37.25672 ], [ -80.17065, 37.25742 ], [ -80.17024, 37.25773 ], [ -80.17069, 37.25826 ], [ -80.16791, 37.25993 ], [ -80.15924, 37.26221 ], [ -80.15505, 37.26369 ], [ -80.14597, 37.26533 ], [ -80.1433, 37.26691 ], [ -80.14052, 37.26444 ], [ -80.13837, 37.26467 ], [ -80.13913, 37.26738 ], [ -80.1386, 37.27011 ], [ -80.13137, 37.27043 ], [ -80.129, 37.26896 ], [ -80.12756, 37.26846 ], [ -80.1232, 37.26783 ], [ -80.12109, 37.26843 ], [ -80.11731, 37.27125 ], [ -80.11552, 37.27419 ], [ -80.11397, 37.27569 ], [ -80.11085, 37.27773 ], [ -80.1065, 37.27776 ], [ -80.10504, 37.27812 ], [ -80.09538, 37.28146 ], [ -80.09368, 37.2825 ], [ -80.08846, 37.28227 ], [ -80.08784, 37.27812 ], [ -80.08507, 37.27763 ], [ -80.08312, 37.27453 ], [ -80.08239, 37.27171 ], [ -80.07877, 37.27013 ], [ -80.07876, 37.26899 ], [ -80.08163, 37.26595 ], [ -80.08172, 37.26487 ], [ -80.07748, 37.26388 ], [ -80.07741, 37.26253 ], [ -80.07589, 37.26249 ], [ -80.07554, 37.2607 ], [ -80.07676, 37.26031 ], [ -80.07621, 37.25851 ], [ -80.07484, 37.25822 ], [ -80.07451, 37.25706 ], [ -80.06484, 37.26034 ], [ -80.05499, 37.2537 ], [ -80.05143, 37.25462 ], [ -80.0512, 37.2522 ], [ -80.04645, 37.25385 ], [ -80.04476, 37.25683 ], [ -80.04498, 37.25831 ], [ -80.04065, 37.26179 ], [ -80.03915, 37.26171 ], [ -80.03346, 37.26289 ], [ -80.03445, 37.25752 ], [ -80.03617, 37.25556 ], [ -80.03756, 37.25316 ], [ -80.03715, 37.25075 ], [ -80.03637, 37.2495 ], [ -80.03161, 37.24623 ], [ -80.02883, 37.24365 ], [ -80.02463, 37.24643 ], [ -80.01847, 37.24817 ], [ -80.0153, 37.24783 ], [ -80.00728, 37.24909 ], [ -80.00643, 37.24608 ], [ -80.00418, 37.24642 ], [ -80.00411, 37.24875 ], [ -80.00071, 37.25113 ], [ -79.99819, 37.25216 ], [ -79.99694, 37.25087 ], [ -79.99719, 37.24882 ], [ -79.9954, 37.24799 ], [ -79.99328, 37.24569 ], [ -79.99859, 37.24546 ], [ -79.99412, 37.24138 ], [ -79.99439, 37.24118 ], [ -79.99005, 37.24166 ], [ -79.99164, 37.23939 ], [ -79.98817, 37.23732 ], [ -79.98602, 37.23995 ], [ -79.98263, 37.24043 ], [ -79.98472, 37.23616 ], [ -79.98271, 37.2346 ], [ -79.98131, 37.23295 ], [ -79.98143, 37.22973 ], [ -79.98011, 37.23035 ], [ -79.97755, 37.23526 ], [ -79.97601, 37.2368 ], [ -79.97625, 37.23484 ], [ -79.97407, 37.23135 ], [ -79.97144, 37.22957 ], [ -79.96732, 37.22084 ], [ -79.96561, 37.21899 ], [ -79.96037, 37.21545 ], [ -79.95596, 37.21038 ], [ -79.95963, 37.20785 ], [ -79.96514, 37.20762 ], [ -79.96751, 37.20365 ], [ -79.97029, 37.20165 ], [ -79.97495, 37.19994 ], [ -79.98027, 37.19738 ], [ -79.98409, 37.19647 ], [ -79.98703, 37.19427 ], [ -79.99174, 37.1921 ], [ -79.99846, 37.19086 ], [ -80.00061, 37.19303 ], [ -80.00227, 37.19004 ], [ -80.00109, 37.18171 ], [ -79.99974, 37.17842 ], [ -80.00202, 37.17553 ], [ -80.00311, 37.16976 ], [ -80.00531, 37.16782 ], [ -80.00161, 37.1673 ], [ -80.00085, 37.16554 ], [ -80.0037, 37.16256 ], [ -80.00522, 37.15983 ], [ -80.00527, 37.15746 ], [ -80.00403, 37.15721 ], [ -80.00118, 37.15167 ], [ -79.99774, 37.15264 ], [ -79.99589, 37.15198 ], [ -79.99343, 37.15341 ], [ -79.99128, 37.15276 ], [ -79.99071, 37.15085 ], [ -79.99192, 37.14955 ], [ -79.99158, 37.14659 ], [ -79.9896, 37.14342 ], [ -79.98498, 37.14213 ], [ -79.98327, 37.14358 ], [ -79.98015, 37.14304 ], [ -79.97861, 37.14366 ], [ -79.97498, 37.14325 ], [ -79.97243, 37.13956 ], [ -79.96858, 37.13977 ], [ -79.96669, 37.13931 ], [ -79.96513, 37.13746 ], [ -79.96282, 37.13727 ], [ -79.95619, 37.13954 ], [ -79.95378, 37.13955 ], [ -79.95275, 37.14226 ], [ -79.95081, 37.14317 ], [ -79.94894, 37.14582 ], [ -79.94789, 37.14646 ], [ -79.94771, 37.14804 ], [ -79.94631, 37.15009 ], [ -79.94479, 37.15109 ], [ -79.94059, 37.15068 ], [ -79.93864, 37.15105 ], [ -79.93721, 37.15379 ], [ -79.93349, 37.15507 ], [ -79.9299, 37.15834 ], [ -79.92552, 37.1595 ], [ -79.92316, 37.16097 ], [ -79.92093, 37.16076 ], [ -79.92026, 37.16194 ], [ -79.91844, 37.16215 ], [ -79.91531, 37.16504 ], [ -79.91391, 37.16516 ], [ -79.91357, 37.16824 ], [ -79.91188, 37.16989 ], [ -79.91182, 37.17695 ], [ -79.90736, 37.17941 ], [ -79.90121, 37.17945 ], [ -79.89669, 37.18096 ], [ -79.89512, 37.18183 ], [ -79.89419, 37.18521 ], [ -79.89213, 37.18704 ], [ -79.89244, 37.18935 ], [ -79.8939, 37.19114 ], [ -79.89335, 37.19177 ], [ -79.89417, 37.19719 ], [ -79.89386, 37.19931 ], [ -79.88992, 37.20049 ], [ -79.88731, 37.20028 ], [ -79.88382, 37.20345 ], [ -79.88486, 37.20529 ], [ -79.88257, 37.20971 ], [ -79.87561, 37.2124 ], [ -79.87206, 37.21553 ], [ -79.8696, 37.21668 ], [ -79.8674, 37.21649 ], [ -79.86497, 37.21707 ], [ -79.86293, 37.21698 ], [ -79.86141, 37.21766 ], [ -79.85932, 37.21352 ], [ -79.85717, 37.2134 ], [ -79.85198, 37.21506 ], [ -79.85074, 37.21647 ], [ -79.8529, 37.21849 ], [ -79.85174, 37.22019 ], [ -79.8519, 37.22373 ], [ -79.84722, 37.22541 ], [ -79.84656, 37.22683 ], [ -79.84347, 37.22891 ], [ -79.84249, 37.23028 ], [ -79.84349, 37.2352 ], [ -79.8469, 37.2413 ], [ -79.84647, 37.24739 ], [ -79.85284, 37.25799 ], [ -79.85213, 37.26037 ], [ -79.85712, 37.26541 ], [ -79.85841, 37.26716 ], [ -79.85085, 37.27368 ], [ -79.84777, 37.27847 ], [ -79.85075, 37.28242 ], [ -79.85099, 37.28444 ], [ -79.84931, 37.28764 ], [ -79.85038, 37.29511 ], [ -79.84456, 37.29611 ], [ -79.84073, 37.29816 ], [ -79.83961, 37.30041 ], [ -79.84078, 37.30304 ], [ -79.84385, 37.30542 ], [ -79.84748, 37.30935 ], [ -79.8447, 37.31303 ], [ -79.8453, 37.31388 ], [ -79.84461, 37.31518 ], [ -79.8442, 37.31775 ], [ -79.84185, 37.31911 ], [ -79.84041, 37.31936 ], [ -79.83791, 37.32167 ], [ -79.8362, 37.32193 ], [ -79.83586, 37.32316 ], [ -79.83273, 37.32496 ], [ -79.83031, 37.32535 ], [ -79.82415, 37.32925 ], [ -79.8218, 37.32996 ], [ -79.82021, 37.33103 ], [ -79.81375, 37.33362 ], [ -79.8128, 37.33449 ], [ -79.81076, 37.33527 ], [ -79.80713, 37.33935 ], [ -79.8053, 37.33996 ], [ -79.80469, 37.34113 ], [ -79.80194, 37.34341 ], [ -79.79793, 37.34508 ], [ -79.7949, 37.34513 ], [ -79.78868, 37.34935 ], [ -79.78785, 37.35246 ], [ -79.78635, 37.35457 ], [ -79.78621, 37.357 ], [ -79.78665, 37.35913 ], [ -79.7858, 37.36167 ], [ -79.78457, 37.36218 ], [ -79.78502, 37.36329 ], [ -79.78462, 37.36593 ], [ -79.78347, 37.36775 ], [ -79.78332, 37.36919 ], [ -79.78105, 37.37073 ], [ -79.77921, 37.37082 ], [ -79.77767, 37.37287 ], [ -79.77606, 37.37402 ], [ -79.77535, 37.37732 ], [ -79.77698, 37.38084 ], [ -79.77862, 37.38178 ], [ -79.78607, 37.38226 ], [ -79.79219, 37.38082 ], [ -79.7934, 37.38165 ], [ -79.79281, 37.38301 ], [ -79.79739, 37.38516 ], [ -79.80171, 37.39015 ], [ -79.80473, 37.39249 ], [ -79.80462, 37.39655 ], [ -79.80852, 37.39799 ], [ -79.81345, 37.40189 ], [ -79.8142, 37.40365 ], [ -79.81118, 37.40514 ], [ -79.8075, 37.40557 ], [ -79.80622, 37.40708 ], [ -79.79943, 37.40889 ], [ -79.79049, 37.40879 ], [ -79.78316, 37.41255 ], [ -79.77878, 37.41526 ], [ -79.77532, 37.41622 ], [ -79.7709, 37.41866 ], [ -79.76819, 37.41956 ], [ -79.76716, 37.42077 ], [ -79.76415, 37.42311 ], [ -79.76124, 37.4241 ], [ -79.75875, 37.42394 ], [ -79.75619, 37.42538 ], [ -79.75388, 37.42865 ], [ -79.75231, 37.43012 ], [ -79.7518, 37.4317 ], [ -79.74977, 37.43162 ], [ -79.74686, 37.43257 ], [ -79.74518, 37.43434 ], [ -79.74166, 37.43571 ], [ -79.74097, 37.43694 ], [ -79.73799, 37.4379 ], [ -79.7349, 37.4413 ], [ -79.73207, 37.44195 ], [ -79.73094, 37.44334 ], [ -79.72641, 37.44499 ], [ -79.72623, 37.44582 ], [ -79.72308, 37.44727 ], [ -79.72152, 37.44867 ], [ -79.71908, 37.44896 ], [ -79.71851, 37.45045 ], [ -79.71591, 37.45257 ], [ -79.71425, 37.45262 ], [ -79.7116, 37.45478 ], [ -79.71022, 37.45784 ], [ -79.71015, 37.45969 ], [ -79.70779, 37.45961 ], [ -79.70577, 37.46033 ], [ -79.70459, 37.46242 ], [ -79.69967, 37.46635 ], [ -79.69006, 37.47637 ], [ -79.68624, 37.4776 ], [ -79.68572, 37.47817 ], [ -79.6787, 37.48114 ], [ -79.67747, 37.48347 ], [ -79.6748, 37.48292 ], [ -79.67088, 37.48363 ], [ -79.66488, 37.48305 ], [ -79.66081, 37.48432 ], [ -79.65961, 37.48507 ], [ -79.6588, 37.48501 ], [ -79.65587, 37.48253 ], [ -79.6535, 37.48196 ], [ -79.64839, 37.47731 ], [ -79.6464, 37.47675 ], [ -79.6457, 37.47523 ], [ -79.64354, 37.47438 ], [ -79.64304, 37.4731 ], [ -79.63977, 37.4711 ], [ -79.63941, 37.46843 ], [ -79.64001, 37.46732 ], [ -79.6386, 37.4659 ], [ -79.63899, 37.46484 ], [ -79.63806, 37.46286 ], [ -79.63841, 37.46144 ], [ -79.63652, 37.46009 ], [ -79.63421, 37.45702 ], [ -79.62816, 37.4536 ], [ -79.62752, 37.45373 ], [ -79.62612, 37.45528 ], [ -79.62365, 37.45546 ], [ -79.61885, 37.4578 ], [ -79.61718, 37.45802 ], [ -79.614, 37.45631 ], [ -79.6101, 37.45644 ], [ -79.60865, 37.45524 ], [ -79.6026, 37.45537 ], [ -79.60225, 37.45357 ], [ -79.60069, 37.45287 ], [ -79.59888, 37.45124 ], [ -79.59371, 37.44886 ], [ -79.59202, 37.44953 ], [ -79.58853, 37.4496 ], [ -79.58607, 37.45098 ], [ -79.58275, 37.45188 ], [ -79.58256, 37.45283 ], [ -79.5807, 37.4556 ], [ -79.58228, 37.45844 ], [ -79.58164, 37.46082 ], [ -79.5832, 37.46347 ], [ -79.58265, 37.46545 ], [ -79.58045, 37.46812 ], [ -79.58113, 37.47196 ], [ -79.58008, 37.47329 ], [ -79.57843, 37.47355 ], [ -79.57335, 37.48036 ], [ -79.5693, 37.48284 ], [ -79.5692, 37.48414 ], [ -79.56805, 37.485 ], [ -79.56736, 37.48772 ], [ -79.56474, 37.489 ], [ -79.56314, 37.49039 ], [ -79.56203, 37.49301 ], [ -79.56046, 37.49355 ], [ -79.55896, 37.49642 ], [ -79.55535, 37.49892 ], [ -79.55225, 37.49557 ], [ -79.5502, 37.49518 ], [ -79.54918, 37.49253 ], [ -79.54649, 37.48934 ], [ -79.54555, 37.48951 ], [ -79.54111, 37.49446 ], [ -79.53865, 37.49569 ], [ -79.5379, 37.49716 ], [ -79.53826, 37.49897 ], [ -79.53694, 37.5012 ], [ -79.53432, 37.50181 ], [ -79.53312, 37.50526 ], [ -79.53094, 37.50651 ], [ -79.52752, 37.50593 ], [ -79.52469, 37.50738 ], [ -79.51894, 37.50845 ], [ -79.51733, 37.5115 ], [ -79.51672, 37.5138 ], [ -79.51422, 37.51658 ], [ -79.51223, 37.5172 ], [ -79.50809, 37.51778 ], [ -79.50468, 37.52083 ], [ -79.50442, 37.52171 ], [ -79.50531, 37.52411 ], [ -79.50557, 37.52643 ], [ -79.50493, 37.52934 ], [ -79.50286, 37.52976 ], [ -79.4987, 37.5328 ], [ -79.49766, 37.53599 ], [ -79.49654, 37.53711 ], [ -79.49366, 37.53809 ], [ -79.48391, 37.54424 ], [ -79.48295, 37.54534 ], [ -79.47899, 37.54838 ], [ -79.47675, 37.54851 ], [ -79.47504, 37.54941 ], [ -79.47101, 37.54771 ], [ -79.46892, 37.54848 ], [ -79.46664, 37.54873 ], [ -79.46411, 37.54956 ], [ -79.46267, 37.55098 ], [ -79.46059, 37.55471 ], [ -79.45867, 37.55672 ], [ -79.45813, 37.55799 ], [ -79.45838, 37.55989 ], [ -79.45261, 37.56156 ], [ -79.44928, 37.56102 ], [ -79.44728, 37.56132 ], [ -79.44501, 37.56238 ], [ -79.4411, 37.56345 ], [ -79.44039, 37.56411 ], [ -79.43971, 37.56767 ], [ -79.43667, 37.57118 ], [ -79.43407, 37.57233 ], [ -79.43629, 37.57458 ], [ -79.4367, 37.57567 ], [ -79.43887, 37.57785 ], [ -79.44194, 37.5761 ], [ -79.44395, 37.57668 ], [ -79.44623, 37.57626 ], [ -79.44907, 37.57876 ], [ -79.44822, 37.58247 ], [ -79.44645, 37.58396 ], [ -79.44886, 37.58375 ], [ -79.44907, 37.58608 ], [ -79.45215, 37.58719 ], [ -79.45028, 37.58892 ], [ -79.45097, 37.59077 ], [ -79.45204, 37.59155 ], [ -79.45582, 37.59619 ], [ -79.4575, 37.59932 ], [ -79.45601, 37.60208 ], [ -79.45739, 37.60381 ], [ -79.45788, 37.60601 ], [ -79.45584, 37.60857 ], [ -79.45059, 37.6114 ], [ -79.44581, 37.61658 ], [ -79.44528, 37.61825 ], [ -79.43695, 37.61706 ], [ -79.43468, 37.61194 ], [ -79.4352, 37.60833 ], [ -79.43611, 37.60553 ], [ -79.43514, 37.60403 ], [ -79.43114, 37.60182 ], [ -79.42511, 37.60104 ], [ -79.42265, 37.60163 ], [ -79.41639, 37.60631 ], [ -79.41287, 37.60728 ], [ -79.41066, 37.60708 ], [ -79.40854, 37.60777 ], [ -79.40453, 37.60751 ], [ -79.4004, 37.60506 ], [ -79.39813, 37.60151 ], [ -79.39686, 37.59883 ], [ -79.39404, 37.59659 ], [ -79.39111, 37.59558 ], [ -79.38532, 37.59499 ], [ -79.38412, 37.59433 ], [ -79.38034, 37.59055 ], [ -79.38018, 37.58968 ], [ -79.38074, 37.58293 ], [ -79.38046, 37.58149 ], [ -79.37707, 37.57818 ], [ -79.37568, 37.57604 ], [ -79.37304, 37.57357 ], [ -79.37231, 37.57125 ], [ -79.37017, 37.56882 ], [ -79.36953, 37.56577 ], [ -79.37019, 37.56426 ], [ -79.36964, 37.56258 ], [ -79.36764, 37.55957 ], [ -79.36696, 37.55677 ], [ -79.36731, 37.55559 ], [ -79.36734, 37.55115 ], [ -79.36505, 37.54625 ], [ -79.36228, 37.54235 ], [ -79.35329, 37.53254 ], [ -79.35205, 37.52929 ], [ -79.34989, 37.52589 ], [ -79.34531, 37.52104 ], [ -79.34574, 37.52073 ], [ -79.34178, 37.51733 ], [ -79.33801, 37.51532 ], [ -79.33378, 37.51357 ], [ -79.32744, 37.51159 ], [ -79.31651, 37.51026 ], [ -79.31363, 37.50946 ], [ -79.31148, 37.50818 ], [ -79.30568, 37.506 ], [ -79.30086, 37.50146 ], [ -79.29797, 37.49943 ], [ -79.29568, 37.49857 ], [ -79.29637, 37.49712 ], [ -79.29703, 37.49863 ], [ -79.30083, 37.50023 ], [ -79.30157, 37.49907 ], [ -79.30469, 37.49967 ], [ -79.307, 37.49806 ], [ -79.30711, 37.49586 ], [ -79.30537, 37.49307 ], [ -79.30975, 37.49143 ], [ -79.31166, 37.48904 ], [ -79.31419, 37.48704 ], [ -79.32188, 37.48416 ], [ -79.32225, 37.48505 ], [ -79.3274, 37.48216 ], [ -79.32852, 37.47989 ], [ -79.33283, 37.478 ], [ -79.33642, 37.47512 ], [ -79.3385, 37.47465 ], [ -79.33789, 37.47596 ], [ -79.33925, 37.47621 ], [ -79.33897, 37.47767 ], [ -79.34148, 37.47933 ], [ -79.34347, 37.4794 ], [ -79.34404, 37.48096 ], [ -79.34604, 37.48025 ], [ -79.3477, 37.48053 ], [ -79.34944, 37.47832 ], [ -79.35094, 37.47848 ], [ -79.35124, 37.48015 ], [ -79.35452, 37.48235 ], [ -79.35585, 37.48248 ], [ -79.35603, 37.48413 ], [ -79.35885, 37.48348 ], [ -79.36477, 37.48283 ], [ -79.36586, 37.48177 ], [ -79.3689, 37.48114 ], [ -79.37034, 37.47942 ], [ -79.37356, 37.48054 ], [ -79.37448, 37.48012 ], [ -79.37529, 37.47709 ], [ -79.37691, 37.47566 ], [ -79.3784, 37.47614 ], [ -79.37898, 37.47496 ], [ -79.38109, 37.47497 ], [ -79.38295, 37.47426 ], [ -79.38342, 37.47273 ], [ -79.38505, 37.47304 ], [ -79.38633, 37.47058 ], [ -79.38794, 37.46882 ], [ -79.38951, 37.47038 ], [ -79.39076, 37.46968 ], [ -79.39304, 37.4701 ], [ -79.39322, 37.46731 ], [ -79.39267, 37.4652 ], [ -79.39283, 37.46292 ], [ -79.39487, 37.4612 ], [ -79.39848, 37.4601 ], [ -79.39945, 37.45912 ], [ -79.40012, 37.45624 ], [ -79.3991, 37.45381 ], [ -79.39414, 37.45319 ], [ -79.3943, 37.45199 ], [ -79.39115, 37.45049 ], [ -79.39151, 37.4482 ], [ -79.38814, 37.44787 ], [ -79.38643, 37.44831 ], [ -79.38478, 37.44788 ], [ -79.38273, 37.44978 ], [ -79.3814, 37.44918 ], [ -79.3776, 37.4505 ], [ -79.37821, 37.44968 ], [ -79.37713, 37.44705 ], [ -79.37474, 37.44479 ], [ -79.37266, 37.44063 ], [ -79.37155, 37.43648 ], [ -79.37091, 37.43079 ], [ -79.36922, 37.4268 ], [ -79.36276, 37.4168 ], [ -79.36052, 37.41739 ], [ -79.35773, 37.4167 ], [ -79.35282, 37.41741 ], [ -79.35172, 37.41707 ], [ -79.35235, 37.41485 ], [ -79.35135, 37.41217 ], [ -79.35173, 37.40962 ], [ -79.3539, 37.41077 ], [ -79.35681, 37.4106 ], [ -79.35758, 37.40867 ], [ -79.35996, 37.40737 ], [ -79.35808, 37.4037 ], [ -79.35699, 37.40075 ], [ -79.35746, 37.39802 ], [ -79.35703, 37.39583 ], [ -79.35623, 37.39451 ], [ -79.3547, 37.39474 ], [ -79.35425, 37.39354 ], [ -79.35179, 37.39376 ], [ -79.35105, 37.39284 ], [ -79.34905, 37.39288 ], [ -79.3482, 37.39108 ], [ -79.34926, 37.38873 ], [ -79.3485, 37.3873 ], [ -79.34879, 37.38542 ], [ -79.34715, 37.38436 ], [ -79.34234, 37.38602 ], [ -79.34057, 37.38523 ], [ -79.33917, 37.38329 ], [ -79.33765, 37.38474 ], [ -79.33597, 37.38061 ], [ -79.33654, 37.37944 ], [ -79.33235, 37.38055 ], [ -79.33125, 37.38042 ], [ -79.32974, 37.37744 ], [ -79.32452, 37.37981 ], [ -79.32192, 37.3776 ], [ -79.32267, 37.3764 ], [ -79.32111, 37.37489 ], [ -79.31931, 37.37582 ], [ -79.31791, 37.37444 ], [ -79.31937, 37.3723 ], [ -79.32142, 37.37091 ], [ -79.32015, 37.36905 ], [ -79.32079, 37.36681 ], [ -79.32215, 37.36452 ], [ -79.32285, 37.36412 ], [ -79.32287, 37.36267 ], [ -79.32349, 37.36235 ], [ -79.32742, 37.36347 ], [ -79.32643, 37.36031 ], [ -79.3265, 37.3587 ], [ -79.3286, 37.35743 ], [ -79.32641, 37.35557 ], [ -79.32877, 37.35504 ], [ -79.33127, 37.35648 ], [ -79.33235, 37.35578 ], [ -79.33052, 37.35406 ], [ -79.33184, 37.35268 ], [ -79.33476, 37.35292 ], [ -79.33518, 37.35208 ], [ -79.33781, 37.34998 ], [ -79.34032, 37.35029 ], [ -79.34538, 37.35266 ], [ -79.34413, 37.3501 ], [ -79.34408, 37.34743 ], [ -79.34721, 37.34759 ], [ -79.34757, 37.34563 ], [ -79.3467, 37.34503 ], [ -79.34769, 37.34434 ], [ -79.35018, 37.34485 ], [ -79.34977, 37.34257 ], [ -79.35125, 37.34225 ], [ -79.35361, 37.34049 ], [ -79.35537, 37.34116 ], [ -79.3571, 37.34273 ], [ -79.35853, 37.34094 ], [ -79.36052, 37.34089 ], [ -79.36154, 37.34236 ], [ -79.36487, 37.34286 ], [ -79.36664, 37.3426 ], [ -79.36644, 37.34022 ], [ -79.36472, 37.33843 ], [ -79.36768, 37.33767 ], [ -79.36566, 37.33564 ], [ -79.36753, 37.33509 ], [ -79.37001, 37.33855 ], [ -79.37111, 37.33829 ], [ -79.37097, 37.33367 ], [ -79.37342, 37.33536 ], [ -79.37343, 37.33693 ], [ -79.3761, 37.33415 ], [ -79.37619, 37.33264 ], [ -79.37943, 37.33532 ], [ -79.38134, 37.33606 ], [ -79.3848, 37.33447 ], [ -79.38482, 37.33347 ], [ -79.38721, 37.33412 ], [ -79.38858, 37.33621 ], [ -79.38977, 37.33572 ], [ -79.38878, 37.33361 ], [ -79.39024, 37.33066 ], [ -79.39221, 37.33065 ], [ -79.39273, 37.32949 ], [ -79.39482, 37.32977 ], [ -79.39461, 37.32824 ], [ -79.3956, 37.32619 ], [ -79.39784, 37.32491 ], [ -79.39904, 37.32286 ], [ -79.39736, 37.32014 ], [ -79.39376, 37.31598 ], [ -79.39592, 37.31627 ], [ -79.39655, 37.31802 ], [ -79.39954, 37.31933 ], [ -79.39917, 37.31811 ], [ -79.39166, 37.31054 ], [ -79.3924, 37.30935 ], [ -79.39384, 37.31046 ], [ -79.39401, 37.30845 ], [ -79.39874, 37.30792 ], [ -79.39622, 37.30446 ], [ -79.40074, 37.30255 ], [ -79.40122, 37.30154 ], [ -79.40045, 37.29964 ], [ -79.39855, 37.29834 ], [ -79.39936, 37.29664 ], [ -79.40002, 37.2933 ], [ -79.3985, 37.29142 ], [ -79.39486, 37.29059 ], [ -79.39203, 37.28885 ], [ -79.39249, 37.28785 ], [ -79.39468, 37.2867 ], [ -79.39638, 37.28675 ], [ -79.39939, 37.28876 ], [ -79.4011, 37.28782 ], [ -79.39973, 37.28562 ], [ -79.40051, 37.28521 ], [ -79.40451, 37.28551 ], [ -79.40497, 37.28405 ], [ -79.40389, 37.28252 ], [ -79.40488, 37.28182 ], [ -79.40746, 37.28234 ], [ -79.40778, 37.27798 ], [ -79.40612, 37.27653 ], [ -79.40416, 37.27393 ], [ -79.39857, 37.27045 ], [ -79.3972, 37.2682 ], [ -79.38963, 37.26237 ], [ -79.38492, 37.25991 ], [ -79.38319, 37.25943 ], [ -79.37602, 37.25423 ], [ -79.37367, 37.2529 ], [ -79.36876, 37.25092 ], [ -79.36366, 37.24773 ], [ -79.35927, 37.24598 ], [ -79.35492, 37.24668 ], [ -79.35235, 37.24594 ], [ -79.34901, 37.24556 ], [ -79.34768, 37.2448 ], [ -79.34307, 37.24424 ], [ -79.33451, 37.24124 ], [ -79.33048, 37.23842 ], [ -79.33832, 37.22615 ], [ -79.34617, 37.21256 ], [ -79.44286, 37.05587 ], [ -79.44468, 37.05557 ], [ -79.4512, 37.05556 ], [ -79.45458, 37.05619 ], [ -79.45943, 37.05874 ], [ -79.46862, 37.06118 ], [ -79.47785, 37.06424 ], [ -79.48147, 37.06466 ], [ -79.48609, 37.06406 ], [ -79.48952, 37.0625 ], [ -79.49139, 37.05954 ], [ -79.49001, 37.05569 ], [ -79.48742, 37.05276 ], [ -79.48171, 37.04761 ], [ -79.4805, 37.04539 ], [ -79.48018, 37.04351 ], [ -79.48141, 37.04088 ], [ -79.48367, 37.03822 ], [ -79.48405, 37.03695 ], [ -79.48327, 37.03529 ], [ -79.48122, 37.03371 ], [ -79.4745, 37.03024 ], [ -79.47042, 37.02709 ], [ -79.4612, 37.02166 ], [ -79.45949, 37.02026 ], [ -79.45874, 37.01803 ], [ -79.45899, 37.01694 ], [ -79.46102, 37.01515 ], [ -79.46312, 37.01478 ], [ -79.46861, 37.01524 ], [ -79.47175, 37.01402 ], [ -79.47545, 37.01077 ], [ -79.47906, 37.0064 ], [ -79.48173, 37.00593 ], [ -79.48438, 37.00751 ], [ -79.4887, 37.01444 ], [ -79.49518, 37.02197 ], [ -79.49842, 37.02435 ], [ -79.50044, 37.02503 ], [ -79.50495, 37.02739 ], [ -79.50981, 37.03135 ], [ -79.51176, 37.03244 ], [ -79.51806, 37.03468 ], [ -79.52304, 37.03508 ], [ -79.52727, 37.03622 ], [ -79.53019, 37.03769 ], [ -79.53561, 37.04113 ], [ -79.53799, 37.04336 ], [ -79.53856, 37.04461 ], [ -79.53774, 37.04785 ], [ -79.538, 37.04913 ], [ -79.53951, 37.05038 ], [ -79.54255, 37.05163 ], [ -79.54662, 37.0528 ], [ -79.55003, 37.05311 ], [ -79.55166, 37.05165 ], [ -79.55087, 37.05055 ], [ -79.54488, 37.04946 ], [ -79.54285, 37.04761 ], [ -79.54264, 37.045 ], [ -79.54401, 37.04378 ], [ -79.54756, 37.0423 ], [ -79.54926, 37.04199 ], [ -79.55254, 37.04236 ], [ -79.55532, 37.04335 ], [ -79.55948, 37.0439 ], [ -79.56194, 37.04225 ], [ -79.56215, 37.04158 ], [ -79.5606, 37.03829 ], [ -79.56091, 37.03619 ], [ -79.56172, 37.03553 ], [ -79.56431, 37.0347 ], [ -79.56696, 37.03505 ], [ -79.5717, 37.03629 ], [ -79.57637, 37.03594 ], [ -79.57931, 37.0366 ], [ -79.59407, 37.04221 ], [ -79.60623, 37.00014 ], [ -79.61232, 36.97502 ], [ -79.65392, 36.8002 ], [ -79.71484, 36.542 ], [ -79.88726, 36.54284 ], [ -79.90466, 36.54244 ], [ -80.12218, 36.54265 ], [ -80.22826, 36.54387 ], [ -80.29524, 36.54397 ], [ -80.4401, 36.55063 ], [ -80.62479, 36.55841 ], [ -80.65335, 36.55922 ], [ -80.70483, 36.56232 ], [ -80.73035, 36.56235 ], [ -80.77366, 36.56031 ], [ -80.80392, 36.56081 ], [ -80.83764, 36.55912 ], [ -80.90173, 36.56175 ], [ -80.94599, 36.5632 ], [ -81.0038, 36.56363 ], [ -81.0114, 36.56443 ], [ -81.05884, 36.56698 ], [ -81.08321, 36.56733 ], [ -81.12481, 36.56923 ], [ -81.14181, 36.56953 ], [ -81.17121, 36.57103 ], [ -81.17671, 36.57193 ], [ -81.24982, 36.57323 ], [ -81.2623, 36.57392 ], [ -81.30751, 36.57502 ], [ -81.37482, 36.57467 ], [ -81.44223, 36.57682 ], [ -81.46234, 36.57815 ], [ -81.48939, 36.57903 ], [ -81.52103, 36.58052 ], [ -81.60093, 36.58702 ], [ -81.67754, 36.58812 ], [ -81.6469, 36.61192 ], [ -81.73694, 36.61238 ], [ -81.92264, 36.61621 ], [ -81.93414, 36.59421 ], [ -82.17398, 36.59461 ], [ -82.21101, 36.59586 ], [ -82.29699, 36.5957 ], [ -82.46661, 36.59448 ], [ -82.48152, 36.59576 ], [ -82.60918, 36.5941 ], [ -82.67988, 36.5937 ], [ -82.83043, 36.59376 ], [ -82.88801, 36.59346 ], [ -83.02836, 36.59389 ], [ -83.2611, 36.59389 ], [ -83.2763, 36.59819 ], [ -83.3749, 36.59739 ], [ -83.47211, 36.59728 ], [ -83.55681, 36.59738 ], [ -83.62262, 36.59806 ], [ -83.64559, 36.6 ], [ -83.67539, 36.60078 ], [ -83.67461, 36.60308 ] ] ] } },
{ "type": "Feature", "properties": { "id": "VA-10", "state": "VA", "number": "10", "metro": true, "business_count": 1877, "has_data": true }, "geometry": { "type": "Polygon", "coordinates": [ [ [ -78.33518, 38.62875 ], [ -78.33129, 38.62798 ], [ -78.32761, 38.62878 ], [ -78.32587, 38.63072 ], [ -78.32205, 38.63858 ], [ -78.32213, 38.64021 ], [ -78.31966, 38.64321 ], [ -78.32014, 38.64453 ], [ -78.31962, 38.64643 ], [ -78.31813, 38.64885 ], [ -78.31558, 38.65156 ], [ -78.318, 38.65645 ], [ -78.31986, 38.65778 ], [ -78.31969, 38.66069 ], [ -78.31745, 38.66723 ], [ -78.31755, 38.6695 ], [ -78.31946, 38.67083 ], [ -78.32384, 38.67209 ], [ -78.32276, 38.67574 ], [ -78.32081, 38.67816 ], [ -78.31659, 38.68051 ], [ -78.31439, 38.68251 ], [ -78.31587, 38.68582 ], [ -78.31559, 38.68756 ], [ -78.31636, 38.69056 ], [ -78.31878, 38.69554 ], [ -78.31995, 38.69615 ], [ -78.31992, 38.69824 ], [ -78.3219, 38.69992 ], [ -78.3288, 38.70268 ], [ -78.3317, 38.70264 ], [ -78.33222, 38.70564 ], [ -78.33072, 38.70705 ], [ -78.32972, 38.71148 ], [ -78.32708, 38.71682 ], [ -78.32373, 38.72126 ], [ -78.3235, 38.72353 ], [ -78.32148, 38.7272 ], [ -78.32194, 38.72929 ], [ -78.32025, 38.73494 ], [ -78.31878, 38.73787 ], [ -78.31366, 38.73718 ], [ -78.30874, 38.73809 ], [ -78.3049, 38.73817 ], [ -78.30338, 38.73926 ], [ -78.30276, 38.74147 ], [ -78.29978, 38.74449 ], [ -78.29948, 38.74837 ], [ -78.29602, 38.75113 ], [ -78.29258, 38.75102 ], [ -78.29054, 38.75037 ], [ -78.28966, 38.75324 ], [ -78.28591, 38.75745 ], [ -78.28481, 38.75932 ], [ -78.27934, 38.76221 ], [ -78.27102, 38.76186 ], [ -78.26771, 38.76067 ], [ -78.26497, 38.75864 ], [ -78.26248, 38.75863 ], [ -78.25718, 38.75953 ], [ -78.25327, 38.75705 ], [ -78.25091, 38.75861 ], [ -78.24799, 38.75976 ], [ -78.24682, 38.7615 ], [ -78.2443, 38.76327 ], [ -78.23937, 38.7619 ], [ -78.23845, 38.76208 ], [ -78.23778, 38.76381 ], [ -78.23551, 38.76584 ], [ -78.23464, 38.76747 ], [ -78.23022, 38.76919 ], [ -78.22657, 38.7681 ], [ -78.22469, 38.76814 ], [ -78.21875, 38.77303 ], [ -78.21332, 38.77477 ], [ -78.21037, 38.77504 ], [ -78.20669, 38.7742 ], [ -78.20469, 38.77532 ], [ -78.20088, 38.77666 ], [ -78.19872, 38.77909 ], [ -78.19727, 38.77961 ], [ -78.19516, 38.78151 ], [ -78.19428, 38.78536 ], [ -78.19341, 38.78728 ], [ -78.19, 38.78837 ], [ -78.18864, 38.78926 ], [ -78.1887, 38.79054 ], [ -78.1847, 38.79284 ], [ -78.18332, 38.79857 ], [ -78.18196, 38.79926 ], [ -78.18251, 38.80147 ], [ -78.18036, 38.80934 ], [ -78.17939, 38.81131 ], [ -78.17862, 38.81583 ], [ -78.18019, 38.81775 ], [ -78.1794, 38.81855 ], [ -78.17558, 38.81913 ], [ -78.17145, 38.81894 ], [ -78.17071, 38.81945 ], [ -78.17053, 38.82209 ], [ -78.17094, 38.82385 ], [ -78.16971, 38.82667 ], [ -78.17096, 38.82928 ], [ -78.16971, 38.83049 ], [ -78.16859, 38.83369 ], [ -78.16536, 38.83467 ], [ -78.16472, 38.83566 ], [ -78.16299, 38.83641 ], [ -78.15996, 38.83649 ], [ -78.16098, 38.83926 ], [ -78.15894, 38.84111 ], [ -78.15914, 38.84253 ], [ -78.1569, 38.845 ], [ -78.15275, 38.84685 ], [ -78.15141, 38.84836 ], [ -78.15264, 38.85438 ], [ -78.14955, 38.8544 ], [ -78.14202, 38.85565 ], [ -78.14297, 38.8591 ], [ -78.13829, 38.85963 ], [ -78.13299, 38.86199 ], [ -78.13117, 38.8617 ], [ -78.12987, 38.86281 ], [ -78.13127, 38.86746 ], [ -78.13006, 38.87001 ], [ -78.12796, 38.87101 ], [ -78.12637, 38.87293 ], [ -78.11713, 38.87652 ], [ -78.11421, 38.87689 ], [ -78.11225, 38.88026 ], [ -78.10179, 38.87908 ], [ -78.09492, 38.87984 ], [ -78.09394, 38.88116 ], [ -78.09198, 38.88559 ], [ -78.07957, 38.88624 ], [ -78.07754, 38.88772 ], [ -78.07578, 38.88606 ], [ -78.07367, 38.88658 ], [ -78.07317, 38.89104 ], [ -78.06836, 38.89218 ], [ -78.06622, 38.89134 ], [ -78.0618, 38.89195 ], [ -78.06176, 38.90025 ], [ -78.06419, 38.90069 ], [ -78.06387, 38.90167 ], [ -78.07214, 38.9036 ], [ -78.07179, 38.90506 ], [ -78.0753, 38.90727 ], [ -78.07572, 38.90942 ], [ -78.07528, 38.91187 ], [ -78.07089, 38.91702 ], [ -78.06967, 38.91725 ], [ -78.0685, 38.91947 ], [ -78.06722, 38.92036 ], [ -78.06379, 38.92397 ], [ -78.06465, 38.92709 ], [ -78.06397, 38.92836 ], [ -78.0621, 38.93031 ], [ -78.05909, 38.93259 ], [ -78.05571, 38.93295 ], [ -78.05318, 38.93397 ], [ -78.05148, 38.93571 ], [ -78.04158, 38.9381 ], [ -78.03956, 38.93983 ], [ -78.03907, 38.94311 ], [ -78.03693, 38.94721 ], [ -78.03509, 38.94819 ], [ -78.03464, 38.94982 ], [ -78.03244, 38.9507 ], [ -78.02899, 38.95016 ], [ -78.02738, 38.95208 ], [ -78.0267, 38.95575 ], [ -78.02404, 38.95676 ], [ -78.02321, 38.95862 ], [ -78.02085, 38.96146 ], [ -78.01994, 38.96412 ], [ -78.01816, 38.96481 ], [ -78.01715, 38.96612 ], [ -78.01746, 38.96922 ], [ -78.01703, 38.97119 ], [ -78.01448, 38.97157 ], [ -78.00967, 38.97507 ], [ -78.0055, 38.9791 ], [ -78.00431, 38.97944 ], [ -78.0022, 38.98174 ], [ -78.00205, 38.98333 ], [ -77.9973, 38.98654 ], [ -77.99443, 38.9901 ], [ -77.99186, 38.99249 ], [ -77.99018, 38.99332 ], [ -77.99073, 38.99545 ], [ -77.99027, 38.99649 ], [ -77.9813, 39.00241 ], [ -77.97814, 39.00295 ], [ -77.97669, 39.00255 ], [ -77.97428, 39.00335 ], [ -77.97172, 39.0056 ], [ -77.969, 39.00667 ], [ -77.9655, 39.00874 ], [ -77.96227, 39.01369 ], [ -77.9564, 39.02086 ], [ -77.94788, 39.02201 ], [ -77.94123, 39.02347 ], [ -77.92993, 39.03024 ], [ -77.92682, 39.0353 ], [ -77.91764, 39.03907 ], [ -77.90681, 39.04578 ], [ -77.89909, 39.05292 ], [ -77.89328, 39.05542 ], [ -77.88789, 39.06446 ], [ -77.8776, 39.07804 ], [ -77.87395, 39.08015 ], [ -77.86283, 39.08098 ], [ -77.85579, 39.0928 ], [ -77.85374, 39.10102 ], [ -77.8438, 39.11975 ], [ -77.83894, 39.12182 ], [ -77.83584, 39.12572 ], [ -77.83252, 39.12752 ], [ -77.82816, 39.13233 ], [ -77.82218, 39.13999 ], [ -77.82223, 39.14273 ], [ -77.82299, 39.14545 ], [ -77.82287, 39.14775 ], [ -77.82141, 39.15241 ], [ -77.81845, 39.15528 ], [ -77.81321, 39.16502 ], [ -77.8113, 39.16756 ], [ -77.80912, 39.16857 ], [ -77.80599, 39.17242 ], [ -77.8051, 39.17422 ], [ -77.80442, 39.17804 ], [ -77.80471, 39.17942 ], [ -77.79794, 39.19283 ], [ -77.79771, 39.19424 ], [ -77.79848, 39.19957 ], [ -77.79819, 39.20066 ], [ -77.7946, 39.2063 ], [ -77.79363, 39.21012 ], [ -77.78876, 39.21524 ], [ -77.78364, 39.22408 ], [ -77.78127, 39.22691 ], [ -77.77807, 39.2293 ], [ -77.77142, 39.23678 ], [ -77.76728, 39.24938 ], [ -77.77059, 39.24939 ], [ -77.77088, 39.24976 ], [ -77.77067, 39.25526 ], [ -77.77028, 39.25598 ], [ -77.76899, 39.25642 ], [ -77.768, 39.25766 ], [ -77.76653, 39.25734 ], [ -77.76284, 39.25845 ], [ -77.76177, 39.26303 ], [ -77.75873, 39.26811 ], [ -77.7557, 39.27457 ], [ -77.75311, 39.27734 ], [ -77.75336, 39.28033 ], [ -77.75273, 39.28337 ], [ -77.75027, 39.28928 ], [ -77.74729, 39.295 ], [ -77.7349, 39.31241 ], [ -77.73005, 39.31567 ], [ -77.72164, 39.31849 ], [ -77.71995, 39.31969 ], [ -77.71952, 39.32131 ], [ -77.71586, 39.32064 ], [ -77.70771, 39.32156 ], [ -77.69746, 39.31863 ], [ -77.69298, 39.31845 ], [ -77.68712, 39.31991 ], [ -77.68171, 39.32367 ], [ -77.67585, 39.32419 ], [ -77.67134, 39.32167 ], [ -77.66613, 39.31701 ], [ -77.651, 39.31078 ], [ -77.64028, 39.30824 ], [ -77.6361, 39.30778 ], [ -77.61594, 39.30272 ], [ -77.6059, 39.30369 ], [ -77.59889, 39.30188 ], [ -77.59274, 39.30129 ], [ -77.58823, 39.30195 ], [ -77.57849, 39.30523 ], [ -77.57004, 39.30635 ], [ -77.5666, 39.30612 ], [ -77.56321, 39.3039 ], [ -77.56183, 39.30191 ], [ -77.56277, 39.2945 ], [ -77.56085, 39.28615 ], [ -77.55311, 39.27927 ], [ -77.55105, 39.27588 ], [ -77.54585, 39.27154 ], [ -77.54426, 39.26966 ], [ -77.54323, 39.26694 ], [ -77.54058, 39.26495 ], [ -77.53446, 39.26236 ], [ -77.52249, 39.25909 ], [ -77.52099, 39.25849 ], [ -77.51963, 39.25723 ], [ -77.50843, 39.25263 ], [ -77.49661, 39.25104 ], [ -77.48681, 39.24759 ], [ -77.48466, 39.24612 ], [ -77.48081, 39.24166 ], [ -77.47121, 39.23451 ], [ -77.46021, 39.22836 ], [ -77.45812, 39.22614 ], [ -77.45768, 39.22502 ], [ -77.45794, 39.22202 ], [ -77.45988, 39.21868 ], [ -77.47011, 39.21184 ], [ -77.47361, 39.20841 ], [ -77.47593, 39.20202 ], [ -77.47501, 39.19493 ], [ -77.47736, 39.19049 ], [ -77.4786, 39.18917 ], [ -77.48597, 39.18567 ], [ -77.50516, 39.18205 ], [ -77.51063, 39.17848 ], [ -77.51643, 39.17089 ], [ -77.52122, 39.16106 ], [ -77.52487, 39.14845 ], [ -77.52728, 39.14624 ], [ -77.52673, 39.13732 ], [ -77.52456, 39.12782 ], [ -77.51993, 39.12092 ], [ -77.51532, 39.11859 ], [ -77.49971, 39.11395 ], [ -77.49496, 39.11304 ], [ -77.4858, 39.1093 ], [ -77.48128, 39.10566 ], [ -77.47701, 39.10033 ], [ -77.47241, 39.09252 ], [ -77.46944, 39.08639 ], [ -77.46262, 39.07625 ], [ -77.46145, 39.07515 ], [ -77.4582, 39.07372 ], [ -77.45283, 39.07247 ], [ -77.4374, 39.07061 ], [ -77.42318, 39.06688 ], [ -77.41543, 39.06643 ], [ -77.40459, 39.0645 ], [ -77.3992, 39.06478 ], [ -77.38568, 39.06199 ], [ -77.38011, 39.06281 ], [ -77.37508, 39.0613 ], [ -77.36753, 39.06109 ], [ -77.3597, 39.062 ], [ -77.35031, 39.06213 ], [ -77.34029, 39.06299 ], [ -77.33551, 39.06177 ], [ -77.33401, 39.06099 ], [ -77.33371, 39.05951 ], [ -77.32828, 39.05779 ], [ -77.49682, 38.88715 ], [ -77.47883, 38.87838 ], [ -77.47713, 38.87827 ], [ -77.47691, 38.87751 ], [ -77.47251, 38.87541 ], [ -77.46872, 38.8731 ], [ -77.46421, 38.86872 ], [ -77.4638, 38.86765 ], [ -77.46996, 38.86438 ], [ -77.47166, 38.86285 ], [ -77.47791, 38.86276 ], [ -77.47947, 38.86122 ], [ -77.47825, 38.85853 ], [ -77.4777, 38.85193 ], [ -77.47784, 38.85223 ], [ -77.47742, 38.85021 ], [ -77.47502, 38.84607 ], [ -77.47341, 38.84615 ], [ -77.47185, 38.84824 ], [ -77.47023, 38.84802 ], [ -77.46585, 38.84564 ], [ -77.46352, 38.84237 ], [ -77.465, 38.84129 ], [ -77.46297, 38.83998 ], [ -77.4648, 38.83868 ], [ -77.46373, 38.83709 ], [ -77.46447, 38.83571 ], [ -77.46595, 38.834 ], [ -77.46364, 38.83323 ], [ -77.46223, 38.8306 ], [ -77.4604, 38.83024 ], [ -77.45826, 38.82845 ], [ -77.45833, 38.82619 ], [ -77.45746, 38.82567 ], [ -77.46486, 38.82042 ], [ -77.46266, 38.81916 ], [ -77.45973, 38.81847 ], [ -77.45571, 38.81165 ], [ -77.45105, 38.81087 ], [ -77.44632, 38.80885 ], [ -77.4442, 38.80945 ], [ -77.44316, 38.80862 ], [ -77.43989, 38.8076 ], [ -77.43529, 38.80503 ], [ -77.43121, 38.80486 ], [ -77.42721, 38.8056 ], [ -77.42143, 38.80214 ], [ -77.42024, 38.80344 ], [ -77.41882, 38.80952 ], [ -77.41774, 38.811 ], [ -77.41617, 38.81235 ], [ -77.41542, 38.81427 ], [ -77.41319, 38.81804 ], [ -77.41331, 38.81985 ], [ -77.41223, 38.81962 ], [ -77.40957, 38.81753 ], [ -77.4069, 38.81679 ], [ -77.40419, 38.81465 ], [ -77.4004, 38.81456 ], [ -77.39937, 38.814 ], [ -77.39801, 38.81179 ], [ -77.39744, 38.82043 ], [ -77.39787, 38.82298 ], [ -77.39866, 38.82446 ], [ -77.40562, 38.83256 ], [ -77.40595, 38.83434 ], [ -77.40483, 38.84011 ], [ -77.39872, 38.84026 ], [ -77.39338, 38.84125 ], [ -77.39308, 38.83999 ], [ -77.39438, 38.83683 ], [ -77.39101, 38.83686 ], [ -77.38989, 38.83629 ], [ -77.38707, 38.83354 ], [ -77.38681, 38.83142 ], [ -77.38244, 38.82968 ], [ -77.38178, 38.82883 ], [ -77.38297, 38.82794 ], [ -77.38552, 38.82872 ], [ -77.3864, 38.82757 ], [ -77.3845, 38.82728 ], [ -77.3844, 38.82543 ], [ -77.38152, 38.82146 ], [ -77.37639, 38.82165 ], [ -77.37627, 38.82018 ], [ -77.38128, 38.82002 ], [ -77.38102, 38.81786 ], [ -77.3771, 38.8146 ], [ -77.37497, 38.81183 ], [ -77.37091, 38.80448 ], [ -77.37017, 38.80192 ], [ -77.36887, 38.80054 ], [ -77.36559, 38.79406 ], [ -77.36283, 38.79119 ], [ -77.36234, 38.78983 ], [ -77.35851, 38.78644 ], [ -77.35442, 38.78773 ], [ -77.34986, 38.78594 ], [ -77.34549, 38.78265 ], [ -77.3412, 38.78337 ], [ -77.33122, 38.78222 ], [ -77.32765, 38.78223 ], [ -77.32666, 38.78823 ], [ -77.32343, 38.78706 ], [ -77.31852, 38.78662 ], [ -77.31254, 38.78524 ], [ -77.30948, 38.78256 ], [ -77.30032, 38.77822 ], [ -77.29726, 38.77635 ], [ -77.29985, 38.77546 ], [ -77.31376, 38.76689 ], [ -77.3125, 38.76569 ], [ -77.30662, 38.75749 ], [ -77.30499, 38.75567 ], [ -77.30142, 38.75323 ], [ -77.30186, 38.75282 ], [ -77.31192, 38.75207 ], [ -77.31724, 38.75129 ], [ -77.31522, 38.74851 ], [ -77.31638, 38.74754 ], [ -77.31681, 38.74539 ], [ -77.31551, 38.74486 ], [ -77.31319, 38.74634 ], [ -77.31045, 38.74426 ], [ -77.30986, 38.74085 ], [ -77.31145, 38.74043 ], [ -77.31139, 38.74148 ], [ -77.31298, 38.74247 ], [ -77.31406, 38.74128 ], [ -77.316, 38.74222 ], [ -77.3173, 38.74363 ], [ -77.32175, 38.74608 ], [ -77.32639, 38.7453 ], [ -77.3293, 38.74216 ], [ -77.33062, 38.74183 ], [ -77.33106, 38.73529 ], [ -77.33215, 38.73126 ], [ -77.33358, 38.731 ], [ -77.33571, 38.73355 ], [ -77.33589, 38.73475 ], [ -77.33779, 38.73587 ], [ -77.33944, 38.73445 ], [ -77.34071, 38.73485 ], [ -77.34277, 38.73358 ], [ -77.3437, 38.73438 ], [ -77.34596, 38.73467 ], [ -77.34628, 38.73582 ], [ -77.34478, 38.7375 ], [ -77.34631, 38.73847 ], [ -77.3469, 38.73722 ], [ -77.35051, 38.7345 ], [ -77.35248, 38.73234 ], [ -77.35714, 38.72962 ], [ -77.35877, 38.72791 ], [ -77.35946, 38.72574 ], [ -77.35912, 38.72376 ], [ -77.35668, 38.72544 ], [ -77.35588, 38.72543 ], [ -77.35234, 38.72223 ], [ -77.34898, 38.72119 ], [ -77.34438, 38.72105 ], [ -77.3419, 38.72008 ], [ -77.33538, 38.71945 ], [ -77.33269, 38.71838 ], [ -77.3323, 38.71652 ], [ -77.33413, 38.71665 ], [ -77.33606, 38.71518 ], [ -77.33712, 38.71256 ], [ -77.34037, 38.71022 ], [ -77.34, 38.7097 ], [ -77.341, 38.70106 ], [ -77.34135, 38.70055 ], [ -77.34374, 38.70076 ], [ -77.34532, 38.70011 ], [ -77.34642, 38.69844 ], [ -77.34675, 38.69545 ], [ -77.34579, 38.69454 ], [ -77.35002, 38.69211 ], [ -77.35073, 38.68923 ], [ -77.34938, 38.68861 ], [ -77.3441, 38.68776 ], [ -77.34409, 38.68551 ], [ -77.34667, 38.68559 ], [ -77.34683, 38.68445 ], [ -77.34637, 38.68355 ], [ -77.3478, 38.68294 ], [ -77.34907, 38.67817 ], [ -77.35411, 38.67874 ], [ -77.3569, 38.67966 ], [ -77.35985, 38.68117 ], [ -77.36038, 38.68054 ], [ -77.36498, 38.67748 ], [ -77.37333, 38.67459 ], [ -77.38357, 38.67442 ], [ -77.39611, 38.67211 ], [ -77.40255, 38.66902 ], [ -77.40723, 38.66763 ], [ -77.41648, 38.66402 ], [ -77.41478, 38.66262 ], [ -77.41915, 38.65955 ], [ -77.42372, 38.65829 ], [ -77.42702, 38.65942 ], [ -77.43832, 38.65815 ], [ -77.44074, 38.65863 ], [ -77.4439, 38.65121 ], [ -77.44423, 38.64563 ], [ -77.4432, 38.64389 ], [ -77.43704, 38.63954 ], [ -77.42847, 38.63434 ], [ -77.42914, 38.63379 ], [ -77.43512, 38.6346 ], [ -77.43608, 38.63369 ], [ -77.44012, 38.63182 ], [ -77.44281, 38.63096 ], [ -77.44715, 38.63248 ], [ -77.45254, 38.63162 ], [ -77.45785, 38.63215 ], [ -77.46065, 38.63205 ], [ -77.46621, 38.63336 ], [ -77.47298, 38.63629 ], [ -77.47487, 38.63849 ], [ -77.47701, 38.63974 ], [ -77.48287, 38.63982 ], [ -77.48825, 38.63824 ], [ -77.49029, 38.63877 ], [ -77.50058, 38.64386 ], [ -77.50196, 38.64414 ], [ -77.5043, 38.6437 ], [ -77.50828, 38.64217 ], [ -77.51164, 38.64155 ], [ -77.51238, 38.63979 ], [ -77.51293, 38.63229 ], [ -77.51527, 38.62749 ], [ -77.51831, 38.62573 ], [ -77.5208, 38.62354 ], [ -77.53074, 38.62233 ], [ -77.53244, 38.62131 ], [ -77.53405, 38.62107 ], [ -77.53577, 38.62181 ], [ -77.53879, 38.62013 ], [ -77.54736, 38.61754 ], [ -77.54815, 38.61607 ], [ -77.55313, 38.61509 ], [ -77.55408, 38.61544 ], [ -77.55684, 38.61824 ], [ -77.5693, 38.61881 ], [ -77.57129, 38.62007 ], [ -77.57274, 38.62429 ], [ -77.57226, 38.62571 ], [ -77.57349, 38.62736 ], [ -77.57948, 38.62765 ], [ -77.53282, 38.55722 ], [ -77.53133, 38.55655 ], [ -77.56087, 38.52706 ], [ -77.62393, 38.47504 ], [ -77.62615, 38.47543 ], [ -77.62811, 38.46954 ], [ -77.63152, 38.4703 ], [ -77.63284, 38.46882 ], [ -77.63278, 38.46691 ], [ -77.63384, 38.46689 ], [ -77.63429, 38.46417 ], [ -77.63245, 38.46312 ], [ -77.63242, 38.46187 ], [ -77.63398, 38.46128 ], [ -77.63142, 38.45955 ], [ -77.63196, 38.4561 ], [ -77.62855, 38.45207 ], [ -77.62845, 38.44979 ], [ -77.63004, 38.4493 ], [ -77.62983, 38.44633 ], [ -77.63101, 38.44539 ], [ -77.63407, 38.44519 ], [ -77.63407, 38.44223 ], [ -77.63177, 38.4402 ], [ -77.62902, 38.43878 ], [ -77.62904, 38.43514 ], [ -77.62819, 38.43354 ], [ -77.62899, 38.43034 ], [ -77.63149, 38.42862 ], [ -77.63088, 38.42773 ], [ -77.63074, 38.42422 ], [ -77.62978, 38.4228 ], [ -77.63104, 38.42042 ], [ -77.63367, 38.41981 ], [ -77.63452, 38.41805 ], [ -77.63422, 38.41655 ], [ -77.63523, 38.41522 ], [ -77.63381, 38.41227 ], [ -77.63494, 38.41022 ], [ -77.63738, 38.40955 ], [ -77.63914, 38.40973 ], [ -77.65, 38.41451 ], [ -77.65314, 38.41631 ], [ -77.65944, 38.4184 ], [ -77.66727, 38.42001 ], [ -77.6696, 38.42086 ], [ -77.6725, 38.42287 ], [ -77.67497, 38.4239 ], [ -77.67859, 38.42397 ], [ -77.68219, 38.42448 ], [ -77.68526, 38.42623 ], [ -77.69036, 38.427 ], [ -77.69189, 38.42687 ], [ -77.69567, 38.42561 ], [ -77.69741, 38.42583 ], [ -77.69873, 38.42511 ], [ -77.69983, 38.42267 ], [ -77.7012, 38.42157 ], [ -77.70385, 38.42127 ], [ -77.71135, 38.42298 ], [ -77.72096, 38.42042 ], [ -77.7254, 38.41886 ], [ -77.72753, 38.41566 ], [ -77.73072, 38.41299 ], [ -77.73552, 38.41312 ], [ -77.7368, 38.41529 ], [ -77.73704, 38.41733 ], [ -77.73848, 38.41945 ], [ -77.73901, 38.42328 ], [ -77.73972, 38.4247 ], [ -77.74142, 38.42571 ], [ -77.74794, 38.42671 ], [ -77.75028, 38.42666 ], [ -77.75317, 38.42793 ], [ -77.75508, 38.4294 ], [ -77.75683, 38.43275 ], [ -77.76001, 38.43577 ], [ -77.76138, 38.43861 ], [ -77.76193, 38.44107 ], [ -77.76055, 38.44621 ], [ -77.76172, 38.45037 ], [ -77.76184, 38.45258 ], [ -77.76102, 38.45758 ], [ -77.76127, 38.45839 ], [ -77.76998, 38.46196 ], [ -77.77228, 38.46214 ], [ -77.77479, 38.46339 ], [ -77.77673, 38.4656 ], [ -77.77819, 38.46901 ], [ -77.77725, 38.47051 ], [ -77.77532, 38.47178 ], [ -77.77532, 38.47358 ], [ -77.77729, 38.47553 ], [ -77.77946, 38.47639 ], [ -77.78045, 38.47754 ], [ -77.78081, 38.482 ], [ -77.78215, 38.48506 ], [ -77.78147, 38.48806 ], [ -77.78187, 38.48882 ], [ -77.78394, 38.48904 ], [ -77.78763, 38.4881 ], [ -77.7883, 38.48945 ], [ -77.78753, 38.49141 ], [ -77.78785, 38.49303 ], [ -77.79176, 38.49481 ], [ -77.79528, 38.49759 ], [ -77.79692, 38.49847 ], [ -77.80113, 38.5031 ], [ -77.80134, 38.50744 ], [ -77.80058, 38.51071 ], [ -77.80094, 38.51225 ], [ -77.80632, 38.51816 ], [ -77.80831, 38.52127 ], [ -77.81144, 38.52475 ], [ -77.81194, 38.52686 ], [ -77.81373, 38.53028 ], [ -77.81907, 38.5289 ], [ -77.8202, 38.52907 ], [ -77.82279, 38.53198 ], [ -77.82701, 38.53572 ], [ -77.83208, 38.53887 ], [ -77.83645, 38.53831 ], [ -77.83888, 38.53989 ], [ -77.8435, 38.54471 ], [ -77.84455, 38.54808 ], [ -77.84561, 38.54985 ], [ -77.84791, 38.55141 ], [ -77.84901, 38.55467 ], [ -77.85108, 38.55646 ], [ -77.85359, 38.55604 ], [ -77.85617, 38.55679 ], [ -77.85691, 38.55774 ], [ -77.85646, 38.56036 ], [ -77.85912, 38.56038 ], [ -77.86073, 38.56217 ], [ -77.86271, 38.56533 ], [ -77.8629, 38.56974 ], [ -77.86383, 38.57243 ], [ -77.86671, 38.5762 ], [ -77.86835, 38.57775 ], [ -77.87144, 38.57905 ], [ -77.87717, 38.58489 ], [ -77.87628, 38.58618 ], [ -77.87589, 38.58943 ], [ -77.87419, 38.59134 ], [ -77.86836, 38.59349 ], [ -77.86633, 38.59312 ], [ -77.86461, 38.59602 ], [ -77.86238, 38.59853 ], [ -77.86365, 38.60006 ], [ -77.86648, 38.60102 ], [ -77.87052, 38.60334 ], [ -77.87107, 38.60568 ], [ -77.87322, 38.60595 ], [ -77.87401, 38.60713 ], [ -77.87296, 38.61096 ], [ -77.86815, 38.61374 ], [ -77.86643, 38.61345 ], [ -77.86487, 38.6142 ], [ -77.86144, 38.61413 ], [ -77.86128, 38.61646 ], [ -77.85995, 38.62081 ], [ -77.86205, 38.62221 ], [ -77.86482, 38.6219 ], [ -77.86647, 38.62305 ], [ -77.86857, 38.62336 ], [ -77.87018, 38.62629 ], [ -77.87157, 38.62994 ], [ -77.86971, 38.63104 ], [ -77.86962, 38.63209 ], [ -77.87236, 38.63224 ], [ -77.87676, 38.6309 ], [ -77.87771, 38.63157 ], [ -77.87758, 38.63422 ], [ -77.88051, 38.63651 ], [ -77.87829, 38.63876 ], [ -77.87341, 38.63972 ], [ -77.87274, 38.64179 ], [ -77.8739, 38.64363 ], [ -77.87146, 38.64548 ], [ -77.8717, 38.64855 ], [ -77.87403, 38.65127 ], [ -77.87514, 38.65374 ], [ -77.87862, 38.65778 ], [ -77.88063, 38.66201 ], [ -77.88377, 38.66467 ], [ -77.88415, 38.66664 ], [ -77.88574, 38.66651 ], [ -77.88727, 38.6653 ], [ -77.88786, 38.66352 ], [ -77.89035, 38.66414 ], [ -77.89387, 38.66368 ], [ -77.89612, 38.66205 ], [ -77.8973, 38.66232 ], [ -77.89889, 38.66417 ], [ -77.90126, 38.6655 ], [ -77.90347, 38.67005 ], [ -77.90178, 38.67114 ], [ -77.9026, 38.67466 ], [ -77.90088, 38.67472 ], [ -77.8941, 38.67916 ], [ -77.89235, 38.67988 ], [ -77.89186, 38.68108 ], [ -77.89453, 38.68141 ], [ -77.89919, 38.68364 ], [ -77.90291, 38.68418 ], [ -77.90425, 38.68639 ], [ -77.90205, 38.69023 ], [ -77.90491, 38.69316 ], [ -77.9061, 38.69589 ], [ -77.90923, 38.6962 ], [ -77.90946, 38.69732 ], [ -77.91133, 38.69655 ], [ -77.91418, 38.6979 ], [ -77.91878, 38.69805 ], [ -77.9203, 38.69755 ], [ -77.92445, 38.69766 ], [ -77.92766, 38.69902 ], [ -77.93139, 38.69837 ], [ -77.93178, 38.69734 ], [ -77.9308, 38.69573 ], [ -77.93325, 38.69506 ], [ -77.93536, 38.69584 ], [ -78.09013, 38.59679 ], [ -78.10935, 38.57849 ], [ -78.111, 38.57736 ], [ -78.16879, 38.52381 ], [ -78.17177, 38.5222 ], [ -78.1734, 38.52236 ], [ -78.17597, 38.52079 ], [ -78.17714, 38.52191 ], [ -78.17823, 38.52651 ], [ -78.18019, 38.52684 ], [ -78.18314, 38.52648 ], [ -78.18666, 38.52717 ], [ -78.18739, 38.52779 ], [ -78.18978, 38.52627 ], [ -78.19107, 38.52406 ], [ -78.19903, 38.52824 ], [ -78.19988, 38.53101 ], [ -78.20207, 38.53289 ], [ -78.20396, 38.53311 ], [ -78.20829, 38.53057 ], [ -78.21044, 38.53227 ], [ -78.21249, 38.53573 ], [ -78.21251, 38.53732 ], [ -78.21488, 38.53844 ], [ -78.21624, 38.53821 ], [ -78.22114, 38.53457 ], [ -78.22603, 38.53382 ], [ -78.22896, 38.53403 ], [ -78.22915, 38.53328 ], [ -78.2318, 38.53254 ], [ -78.26344, 38.56194 ], [ -78.26653, 38.56369 ], [ -78.33818, 38.62731 ], [ -78.33518, 38.62875 ] ] ] } },
{ "type": "Feature", "properties": { "id": "VA-11", "state": "VA", "number": "11", "metro": true, "business_count": 1839, "has_data": true }, "geometry": { "type": "Polygon", "coordinates": [ [ [ -77.49682, 38.88715 ], [ -77.32828, 39.05779 ], [ -77.32421, 39.05651 ], [ -77.3149, 39.05221 ], [ -77.3107, 39.05201 ], [ -77.30101, 39.04951 ], [ -77.2931, 39.04651 ], [ -77.27471, 39.03409 ], [ -77.266, 39.03191 ], [ -77.2553, 39.03001 ], [ -77.2484, 39.02691 ], [ -77.246, 39.02491 ], [ -77.2446, 39.02011 ], [ -77.2469, 39.01481 ], [ -77.2518, 39.01141 ], [ -77.2557, 39.00241 ], [ -77.253, 38.99571 ], [ -77.2492, 38.99371 ], [ -77.2483, 38.99231 ], [ -77.24617, 38.98575 ], [ -77.24462, 38.98253 ], [ -77.24108, 38.98121 ], [ -77.2348, 38.97631 ], [ -77.23227, 38.9795 ], [ -77.2316, 38.97992 ], [ -77.22999, 38.97986 ], [ -77.2284, 38.9784 ], [ -77.22497, 38.97335 ], [ -77.2215, 38.97131 ], [ -77.2115, 38.96941 ], [ -77.2093, 38.97041 ], [ -77.2036, 38.96891 ], [ -77.2025, 38.96791 ], [ -77.1975, 38.96681 ], [ -77.1883, 38.96751 ], [ -77.183, 38.96881 ], [ -77.1796, 38.96841 ], [ -77.18012, 38.96625 ], [ -77.18298, 38.96363 ], [ -77.18983, 38.96061 ], [ -77.19179, 38.9588 ], [ -77.19377, 38.95461 ], [ -77.19599, 38.95183 ], [ -77.20111, 38.94747 ], [ -77.20252, 38.94553 ], [ -77.21023, 38.93149 ], [ -77.20332, 38.92897 ], [ -77.19887, 38.92683 ], [ -77.19624, 38.92347 ], [ -77.21318, 38.91342 ], [ -77.21555, 38.90975 ], [ -77.21449, 38.90888 ], [ -77.21468, 38.90868 ], [ -77.21738, 38.91013 ], [ -77.21654, 38.90558 ], [ -77.21467, 38.89896 ], [ -77.21538, 38.8945 ], [ -77.21942, 38.88714 ], [ -77.22121, 38.88312 ], [ -77.22133, 38.88012 ], [ -77.22006, 38.87364 ], [ -77.21975, 38.84377 ], [ -77.21793, 38.83425 ], [ -77.21811, 38.83198 ], [ -77.21869, 38.82981 ], [ -77.22162, 38.8238 ], [ -77.22213, 38.82035 ], [ -77.22074, 38.81562 ], [ -77.21181, 38.80349 ], [ -77.21401, 38.79975 ], [ -77.21328, 38.7976 ], [ -77.21621, 38.7943 ], [ -77.219, 38.79371 ], [ -77.21878, 38.79276 ], [ -77.2036, 38.7935 ], [ -77.19386, 38.7972 ], [ -77.18613, 38.79517 ], [ -77.18624, 38.79433 ], [ -77.18375, 38.79359 ], [ -77.18392, 38.79258 ], [ -77.18066, 38.79111 ], [ -77.1794, 38.7893 ], [ -77.18024, 38.78704 ], [ -77.17999, 38.7818 ], [ -77.17895, 38.78497 ], [ -77.17619, 38.79087 ], [ -77.17376, 38.7902 ], [ -77.17096, 38.78993 ], [ -77.16808, 38.79013 ], [ -77.16086, 38.79143 ], [ -77.15308, 38.7934 ], [ -77.15274, 38.79377 ], [ -77.13539, 38.79651 ], [ -77.13708, 38.79333 ], [ -77.13607, 38.78407 ], [ -77.14063, 38.78323 ], [ -77.14138, 38.78119 ], [ -77.14052, 38.7769 ], [ -77.14376, 38.77814 ], [ -77.14557, 38.77524 ], [ -77.14885, 38.77625 ], [ -77.14951, 38.77531 ], [ -77.1488, 38.77309 ], [ -77.15017, 38.77175 ], [ -77.14678, 38.77041 ], [ -77.14537, 38.76796 ], [ -77.14382, 38.7677 ], [ -77.14335, 38.7672 ], [ -77.14886, 38.76416 ], [ -77.15138, 38.76376 ], [ -77.15575, 38.76542 ], [ -77.15651, 38.76362 ], [ -77.15878, 38.76085 ], [ -77.15539, 38.75866 ], [ -77.15889, 38.75261 ], [ -77.16465, 38.75449 ], [ -77.16735, 38.74947 ], [ -77.16738, 38.7477 ], [ -77.16498, 38.74176 ], [ -77.16325, 38.74004 ], [ -77.16748, 38.73807 ], [ -77.17081, 38.73356 ], [ -77.16759, 38.73202 ], [ -77.17157, 38.72931 ], [ -77.17391, 38.72198 ], [ -77.17937, 38.72306 ], [ -77.18233, 38.72508 ], [ -77.18514, 38.72317 ], [ -77.18877, 38.72193 ], [ -77.19045, 38.7204 ], [ -77.18764, 38.71668 ], [ -77.1884, 38.71362 ], [ -77.18278, 38.71025 ], [ -77.18004, 38.70751 ], [ -77.18541, 38.70746 ], [ -77.19296, 38.70938 ], [ -77.19426, 38.70641 ], [ -77.1974, 38.70152 ], [ -77.19529, 38.70192 ], [ -77.19526, 38.7003 ], [ -77.19773, 38.69908 ], [ -77.19802, 38.70102 ], [ -77.20099, 38.69938 ], [ -77.20138, 38.6982 ], [ -77.20068, 38.69684 ], [ -77.20546, 38.69268 ], [ -77.2067, 38.68866 ], [ -77.21202, 38.68528 ], [ -77.21743, 38.68317 ], [ -77.22004, 38.68039 ], [ -77.22423, 38.67867 ], [ -77.22506, 38.67776 ], [ -77.22594, 38.67468 ], [ -77.22959, 38.6707 ], [ -77.2395, 38.66653 ], [ -77.24408, 38.67137 ], [ -77.25036, 38.67415 ], [ -77.2521, 38.67784 ], [ -77.25478, 38.68118 ], [ -77.25417, 38.68153 ], [ -77.25791, 38.6847 ], [ -77.26342, 38.68639 ], [ -77.26605, 38.68781 ], [ -77.27217, 38.69173 ], [ -77.27419, 38.69367 ], [ -77.27638, 38.69459 ], [ -77.28114, 38.69584 ], [ -77.28712, 38.69937 ], [ -77.29416, 38.70278 ], [ -77.29876, 38.70433 ], [ -77.30206, 38.70762 ], [ -77.30402, 38.70809 ], [ -77.30687, 38.70754 ], [ -77.30857, 38.70673 ], [ -77.31019, 38.70562 ], [ -77.31314, 38.70195 ], [ -77.31635, 38.70117 ], [ -77.3247, 38.70154 ], [ -77.32614, 38.70205 ], [ -77.32696, 38.7031 ], [ -77.32691, 38.70413 ], [ -77.32352, 38.70806 ], [ -77.32049, 38.70941 ], [ -77.32023, 38.71084 ], [ -77.32245, 38.71246 ], [ -77.32552, 38.71257 ], [ -77.33004, 38.71116 ], [ -77.33164, 38.7113 ], [ -77.33296, 38.71279 ], [ -77.3323, 38.71652 ], [ -77.33269, 38.71838 ], [ -77.33538, 38.71945 ], [ -77.3419, 38.72008 ], [ -77.34438, 38.72105 ], [ -77.34898, 38.72119 ], [ -77.35234, 38.72223 ], [ -77.35588, 38.72543 ], [ -77.35668, 38.72544 ], [ -77.35912, 38.72376 ], [ -77.35946, 38.72574 ], [ -77.35877, 38.72791 ], [ -77.35714, 38.72962 ], [ -77.35248, 38.73234 ], [ -77.35051, 38.7345 ], [ -77.3469, 38.73722 ], [ -77.34631, 38.73847 ], [ -77.34478, 38.7375 ], [ -77.34628, 38.73582 ], [ -77.34596, 38.73467 ], [ -77.3437, 38.73438 ], [ -77.34277, 38.73358 ], [ -77.34071, 38.73485 ], [ -77.33944, 38.73445 ], [ -77.33779, 38.73587 ], [ -77.33589, 38.73475 ], [ -77.33571, 38.73355 ], [ -77.33358, 38.731 ], [ -77.33215, 38.73126 ], [ -77.33106, 38.73529 ], [ -77.33062, 38.74183 ], [ -77.3293, 38.74216 ], [ -77.32639, 38.7453 ], [ -77.32175, 38.74608 ], [ -77.3173, 38.74363 ], [ -77.316, 38.74222 ], [ -77.31406, 38.74128 ], [ -77.31298, 38.74247 ], [ -77.31139, 38.74148 ], [ -77.31145, 38.74043 ], [ -77.30986, 38.74085 ], [ -77.31045, 38.74426 ], [ -77.31319, 38.74634 ], [ -77.31551, 38.74486 ], [ -77.31681, 38.74539 ], [ -77.31638, 38.74754 ], [ -77.31522, 38.74851 ], [ -77.31724, 38.75129 ], [ -77.31192, 38.75207 ], [ -77.30186, 38.75282 ], [ -77.30142, 38.75323 ], [ -77.30499, 38.75567 ], [ -77.30662, 38.75749 ], [ -77.3125, 38.76569 ], [ -77.31376, 38.76689 ], [ -77.29985, 38.77546 ], [ -77.29726, 38.77635 ], [ -77.30032, 38.77822 ], [ -77.30948, 38.78256 ], [ -77.31254, 38.78524 ], [ -77.31852, 38.78662 ], [ -77.32343, 38.78706 ], [ -77.32666, 38.78823 ], [ -77.32765, 38.78223 ], [ -77.33122, 38.78222 ], [ -77.3412, 38.78337 ], [ -77.34549, 38.78265 ], [ -77.34986, 38.78594 ], [ -77.35442, 38.78773 ], [ -77.35851, 38.78644 ], [ -77.36234, 38.78983 ], [ -77.36283, 38.79119 ], [ -77.36559, 38.79406 ], [ -77.36887, 38.80054 ], [ -77.37017, 38.80192 ], [ -77.37091, 38.80448 ], [ -77.37497, 38.81183 ], [ -77.3771, 38.8146 ], [ -77.38102, 38.81786 ], [ -77.38128, 38.82002 ], [ -77.37627, 38.82018 ], [ -77.37639, 38.82165 ], [ -77.38152, 38.82146 ], [ -77.3844, 38.82543 ], [ -77.3845, 38.82728 ], [ -77.3864, 38.82757 ], [ -77.38552, 38.82872 ], [ -77.38297, 38.82794 ], [ -77.38178, 38.82883 ], [ -77.38244, 38.82968 ], [ -77.38681, 38.83142 ], [ -77.38707, 38.83354 ], [ -77.38989, 38.83629 ], [ -77.39101, 38.83686 ], [ -77.39438, 38.83683 ], [ -77.39308, 38.83999 ], [ -77.39338, 38.84125 ], [ -77.39872, 38.84026 ], [ -77.40483, 38.84011 ], [ -77.40595, 38.83434 ], [ -77.40562, 38.83256 ], [ -77.39866, 38.82446 ], [ -77.39787, 38.82298 ], [ -77.39744, 38.82043 ], [ -77.39801, 38.81179 ], [ -77.39937, 38.814 ], [ -77.4004, 38.81456 ], [ -77.40419, 38.81465 ], [ -77.4069, 38.81679 ], [ -77.40957, 38.81753 ], [ -77.41223, 38.81962 ], [ -77.41331, 38.81985 ], [ -77.41319, 38.81804 ], [ -77.41542, 38.81427 ], [ -77.41617, 38.81235 ], [ -77.41774, 38.811 ], [ -77.41882, 38.80952 ], [ -77.42024, 38.80344 ], [ -77.42143, 38.80214 ], [ -77.42721, 38.8056 ], [ -77.43121, 38.80486 ], [ -77.43529, 38.80503 ], [ -77.43989, 38.8076 ], [ -77.44316, 38.80862 ], [ -77.4442, 38.80945 ], [ -77.44632, 38.80885 ], [ -77.45105, 38.81087 ], [ -77.45571, 38.81165 ], [ -77.45973, 38.81847 ], [ -77.46266, 38.81916 ], [ -77.46486, 38.82042 ], [ -77.45746, 38.82567 ], [ -77.45833, 38.82619 ], [ -77.45826, 38.82845 ], [ -77.4604, 38.83024 ], [ -77.46223, 38.8306 ], [ -77.46364, 38.83323 ], [ -77.46595, 38.834 ], [ -77.46447, 38.83571 ], [ -77.46373, 38.83709 ], [ -77.4648, 38.83868 ], [ -77.46297, 38.83998 ], [ -77.465, 38.84129 ], [ -77.46352, 38.84237 ], [ -77.46585, 38.84564 ], [ -77.47023, 38.84802 ], [ -77.47185, 38.84824 ], [ -77.47341, 38.84615 ], [ -77.47502, 38.84607 ], [ -77.47742, 38.85021 ], [ -77.47784, 38.85223 ], [ -77.4777, 38.85193 ], [ -77.47825, 38.85853 ], [ -77.47947, 38.86122 ], [ -77.47791, 38.86276 ], [ -77.47166, 38.86285 ], [ -77.46996, 38.86438 ], [ -77.4638, 38.86765 ], [ -77.46421, 38.86872 ], [ -77.46872, 38.8731 ], [ -77.47251, 38.87541 ], [ -77.47691, 38.87751 ], [ -77.47713, 38.87827 ], [ -77.47883, 38.87838 ], [ -77.49682, 38.88715 ] ] ] } }
]
}
