{"type":"FeatureCollection","features":[{"type":"Feature","geometry":{"type":"Point","coordinates":[-77.09562,38.99182]},"properties":{"id":"node/452659245","name":"Maple Beer and Wine","group":"groceries","category":"shop=alcohol"}},{"type":"Feature","geometry":{"type":"Point","coordinates":[-77.02795,38.98918]},"properties":{"id":"node/459742268","name":"Veridian Market and Wine","group":"groceries","category":"shop=beverages","housenumber":"8010","street":"Blair Mill Way","city":"Silver Spring","postcode":"20910"}},{"type":"Feature","geometry":{"type":"Point","coordinates":[-77.02969,38.99099]},"properties":{"id":"node/460211089","name":"Mamma Lucia","group":"food","category":"amenity=restaurant","cuisine":"italian","hours":"Mo-Th 11:00-21:00; Fr-Sa 11:00-22:00; Su 11:00-21:00","website":"http://www.mammaluciarestaurants.com/","housenumber":"1302","street":"East West Highway","city":"Silver Spring","postcode":"20910"}},{"type":"Feature","geometry":{"type":"Point","coordinates":[-77.03306,38.99351]},"properties":{"id":"node/460273570","name":"Lenox Cleaners","group":"services","category":"shop=dry_cleaning","housenumber":"1400","street":"East West Highway","city":"Silver Spring","postcode":"20910"}},{"type":"Feature","geometry":{"type":"Point","coordinates":[-77.03208,38.99255]},"properties":{"id":"node/460292996","name":"Kessler's Cleaners","group":"services","category":"shop=laundry","housenumber":"1304","street":"East West Highway","city":"Silver Spring","postcode":"20910"}},{"type":"Feature","geometry":{"type":"Point","coordinates":[-77.0322,38.99285]},"properties":{"id":"node/460292998","name":"Crisp & Juicy","group":"food","category":"amenity=fast_food","cuisine":"peruvian;chicken","hours":"Mo-Su 11:00-24:00","phone":"+1 301-563-6666","website":"https://crispjuicy.com/","housenumber":"1314","street":"East West Highway","city":"Silver Spring","postcode":"20910"}},{"type":"Feature","geometry":{"type":"Point","coordinates":[-77.02949,38.99118]},"properties":{"id":"node/460293000","name":"Ikko Sushi","group":"food","category":"amenity=restaurant","cuisine":"sushi","phone":"+1 301-562-9400","website":"http://www.ikkosushi.com/","housenumber":"1215","street":"East West Highway","city":"Silver Spring","postcode":"20910"}},{"type":"Feature","geometry":{"type":"Point","coordinates":[-77.03082,38.99244]},"properties":{"id":"node/460293015","name":"Metro Conv.","group":"groceries","category":"shop=convenience","housenumber":"1315","street":"East West Highway","city":"Silver Spring","postcode":"20910"}},{"type":"Feature","geometry":{"type":"Point","coordinates":[-77.02987,38.99169]},"properties":{"id":"node/460293018","name":"NOAA Gourmet Deli","group":"food","category":"amenity=restaurant","cuisine":"deli"}},{"type":"Feature","geometry":{"type":"Point","coordinates":[-77.03115,38.9933]},"properties":{"id":"node/460293053","name":"TS Grill","group":"food","category":"amenity=restaurant","hours":"Mo-Fr 07:00-14:30","phone":"+1 240-398-3124","website":"http://www.tsgrillus.com","housenumber":"1329","street":"East West Highway","city":"Silver Spring","postcode":"20910"}},{"type":"Feature","geometry":{"type":"Point","coordinates":[-77.03116,38.9932]},"properties":{"id":"node/460293055","name":"News & Valet","group":"groceries","category":"shop=convenience"}},{"type":"Feature","geometry":{"type":"Point","coordinates":[-77.07625,38.99455]},"properties":{"id":"node/479610906","name":"City Bikes","group":"shopping","category":"shop=bicycle"}},{"type":"Feature","geometry":{"type":"Point","coordinates":[-77.02616,38.99473]},"properties":{"id":"node/480598900","name":"Convenience Express","group":"groceries","category":"shop=alcohol","housenumber":"948","street":"Wayne Avenue","city":"Silver Spring","postcode":"20910"}},{"type":"Feature","geometry":{"type":"Point","coordinates":[-77.02571,38.99451]},"properties":{"id":"node/480598902","name":"Selam Garden Grill & Bar","group":"food","category":"amenity=restaurant","cuisine":"ethiopian","housenumber":"944","street":"Wayne Avenue","city":"Silver Spring","postcode":"20910"}},{"type":"Feature","geometry":{"type":"Point","coordinates":[-77.09623,38.98778]},"properties":{"id":"node/498679926","name":"Black's Bar and Kitchen","group":"food","category":"amenity=restaurant","cuisine":"regional"}},{"type":"Feature","geometry":{"type":"Point","coordinates":[-77.09223,38.98475]},"properties":{"id":"node/512948357","name":"Simona Cafe","group":"food","category":"amenity=cafe"}},{"type":"Feature","geometry":{"type":"Point","coordinates":[-77.09245,38.98257]},"properties":{"id":"node/512967010","name":"Jean's Deli","group":"food","category":"amenity=fast_food"}},{"type":"Feature","geometry":{"type":"Point","coordinates":[-77.09993,38.99033]},"properties":{"id":"node/523567347","name":"Cornucopia","group":"groceries","category":"shop=convenience","cuisine":"italian"}},{"type":"Feature","geometry":{"type":"Point","coordinates":[-77.02389,38.9926]},"properties":{"id":"node/565295456","name":"Effoi Restaurant","group":"food","category":"amenity=restaurant","cuisine":"ethiopian","phone":"+1 443-407-0114","website":"https://effoirestaurant.com/","housenumber":"8233","street":"Fenton Street","city":"Silver Spring","postcode":"20910"}},{"type":"Feature","geometry":{"type":"Point","coordinates":[-77.02387,38.99217]},"properties":{"id":"node/565295458","name":"Silver Spring Beer & Wine","group":"groceries","category":"shop=alcohol"}},{"type":"Feature","geometry":{"type":"Point","coordinates":[-77.02361,38.9907]},"properties":{"id":"node/565295460","name":"Manny & Olga's Pizza","group":"food","category":"amenity=fast_food","cuisine":"pizza","phone":"+1 301-608-8050","website":"https://mannyandolgas.com/","housenumber":"8107","street":"Fenton Street","city":"Silver Spring","postcode":"20910"}},{"type":"Feature","geometry":{"type":"Point","coordinates":[-77.02434,38.99008]},"properties":{"id":"node/565295463","name":"Dragon City","group":"food","category":"amenity=restaurant","cuisine":"chinese","phone":"+1 301-565-8850","website":"http://www.dragoncitychineserestaurant.com/","housenumber":"918","street":"Sligo Avenue","city":"Silver Spring","postcode":"20910"}},{"type":"Feature","geometry":{"type":"Point","coordinates":[-77.02495,38.99394]},"properties":{"id":"node/565295467","name":"Ecology Health","group":"personal_care","category":"shop=health"}},{"type":"Feature","geometry":{"type":"Point","coordinates":[-77.09617,38.99224]},"properties":{"id":"node/568116771","name":"Flaxseed Cafe & Gift Shop","group":"food","category":"amenity=cafe"}},{"type":"Feature","geometry":{"type":"Point","coordinates":[-77.09612,38.99202]},"properties":{"id":"node/568116780","name":"Photography Center of Bethesda","group":"services","category":"shop=photo"}},{"type":"Feature","geometry":{"type":"Point","coordinates":[-77.09614,38.99214]},"properties":{"id":"node/568116784","name":"Edmonds Optician","group":"personal_care","category":"shop=optician"}},{"type":"Feature","geometry":{"type":"Point","coordinates":[-77.09653,38.98954]},"properties":{"id":"node/568132311","name":"Tone on Tone","group":"shopping","category":"shop=antiques"}},{"type":"Feature","geometry":{"type":"Point","coordinates":[-77.09734,38.98919]},"properties":{"id":"node/568132356","name":"The Corner Slice","group":"food","category":"amenity=restaurant","website":"https://www.thecornerslice.net/"}},{"type":"Feature","geometry":{"type":"Point","coordinates":[-77.09684,38.99231]},"properties":{"id":"node/568132419","name":"Woodmont Deli","group":"food","category":"amenity=restaurant","housenumber":"8225","street":"Woodmont Avenue"}},{"type":"Feature","geometry":{"type":"Point","coordinates":[-77.09672,38.99179]},"properties":{"id":"node/568132424","name":"Designer Workshop","group":"shopping","category":"shop=furniture","housenumber":"8123","street":"Woodmont Avenue"}},{"type":"Feature","geometry":{"type":"Point","coordinates":[-77.09694,38.98912]},"properties":{"id":"node/568132438","name":"Next Day Sign Express","group":"services","category":"craft=signmaker","hours":"Mo-Fr 09:00-17:00","phone":"+1-301-986-0310","website":"https://www.nextdaysignexpress.com/","housenumber":"4822","street":"Saint Elmo Avenue","city":"Bethesda"}},{"type":"Feature","geometry":{"type":"Point","coordinates":[-77.09687,38.99259]},"properties":{"id":"node/568132451","name":"The Shop Salon","group":"personal_care","category":"shop=beauty"}},{"type":"Feature","geometry":{"type":"Point","coordinates":[-77.09687,38.9925]},"properties":{"id":"node/568132458","name":"Woodmont Market","group":"groceries","category":"shop=convenience"}},{"type":"Feature","geometry":{"type":"Point","coordinates":[-77.09685,38.99237]},"properties":{"id":"node/568132469","name":"Milae Cleaners","group":"services","category":"shop=dry_cleaning"}},{"type":"Feature","geometry":{"type":"Point","coordinates":[-77.09832,38.98833]},"properties":{"id":"node/667503268","name":"Chicken on the Run","group":"food","category":"amenity=restaurant","cuisine":"chicken;peruvian","phone":"+1 301-652-9004","housenumber":"4933","street":"Saint Elmo Avenue"}},{"type":"Feature","geometry":{"type":"Point","coordinates":[-77.09715,38.99015]},"properties":{"id":"node/667512557","name":"Flanagan's Harp and Fiddle","group":"food","category":"amenity=bar"}},{"type":"Feature","geometry":{"type":"Point","coordinates":[-77.02634,38.98412]},"properties":{"id":"node/739653647","name":"Nile Market & Kitchen","group":"food","category":"amenity=restaurant","cuisine":"ethiopian","hours":"Mo 12:00-21:30; Tu 06:00-21:30; We-Su 12:00-21:30","phone":"+1-202-882-1130","website":"https://nilerestaurantandmarket.com/","housenumber":"7815","street":"Georgia Avenue Northwest","city":"Washington"}},{"type":"Feature","geometry":{"type":"Point","coordinates":[-77.02689,38.98558]},"properties":{"id":"node/757577156","name":"Vivanti Hair Studio","group":"personal_care","category":"shop=hairdresser","housenumber":"7892","street":"Georgia Avenue"}},{"type":"Feature","geometry":{"type":"Point","coordinates":[-77.02721,38.99172]},"properties":{"id":"node/757602118","name":"Golden House","group":"food","category":"amenity=restaurant","cuisine":"chinese","phone":"+1 301-495-8888","website":"goldenhouse.us","housenumber":"8200","street":"Georgia Avenue","city":"Silver Spring","postcode":"20910"}},{"type":"Feature","geometry":{"type":"Point","coordinates":[-77.02631,38.99184]},"properties":{"id":"node/757602123","name":"PLA-ZA","group":"shopping","category":"shop=artist_supply"}},{"type":"Feature","geometry":{"type":"Point","coordinates":[-77.0263,38.99208]},"properties":{"id":"node/757602125","name":"Odalis","group":"food","category":"amenity=restaurant","cuisine":"guatemalan","housenumber":"8241","street":"Georgia Avenue","city":"Silver Spring","postcode":"20910"}},{"type":"Feature","geometry":{"type":"Point","coordinates":[-77.02627,38.99176]},"properties":{"id":"node/757602131","name":"Betseb Ethiopian Restaurant","group":"food","category":"amenity=restaurant","cuisine":"latin_american","housenumber":"8251","street":"Georgia Avenue","city":"Silver Spring","postcode":"20910"}},{"type":"Feature","geometry":{"type":"Point","coordinates":[-77.087,38.96027]},"properties":{"id":"node/829534820","name":"Capital Grille","group":"food","category":"amenity=restaurant"}},{"type":"Feature","geometry":{"type":"Point","coordinates":[-77.08714,38.96201]},"properties":{"id":"node/918600775","name":"Lia's","group":"food","category":"amenity=restaurant"}},{"type":"Feature","geometry":{"type":"Point","coordinates":[-77.08568,38.9622]},"properties":{"id":"node/918738585","name":"Luxoptics","group":"personal_care","category":"shop=optician"}},{"type":"Feature","geometry":{"type":"Point","coordinates":[-77.0855,38.96221]},"properties":{"id":"node/918745123","name":"Potomac Pizza","group":"food","category":"amenity=restaurant","cuisine":"pizza"}},{"type":"Feature","geometry":{"type":"Point","coordinates":[-77.08615,38.96229]},"properties":{"id":"node/1064344791","name":"Clyde's","group":"food","category":"amenity=restaurant","cuisine":"american","hours":"Mo-Th 11:00-24:00; Fr-Sa 11:00-01:00; Su 11:00-24:00","phone":"+1-301-951-9600","website":"https://www.clydes.com/location/clydes-chevy-chase/","housenumber":"5441","street":"Wisconsin Avenue","city":"Chevy Chase","postcode":"20815"}},{"type":"Feature","geometry":{"type":"Point","coordinates":[-77.09722,38.98075]},"properties":{"id":"node/1091569179","name":"Georgetown Cupcake","group":"food","category":"shop=bakery","hours":"Mo-Sa 10:00-21:00; Su 10:00-20:00","housenumber":"4834","street":"Bethesda Avenue"}},{"type":"Feature","geometry":{"type":"Point","coordinates":[-77.08813,38.96229]},"properties":{"id":"node/1091704468","name":"MeiWah","group":"food","category":"amenity=restaurant","cuisine":"chinese"}},{"type":"Feature","geometry":{"type":"Point","coordinates":[-77.0887,38.96268]},"properties":{"id":"node/1091709022","name":"Cadeaux & Nina Hair & Nail Spa","group":"personal_care","category":"shop=hairdresser","housenumber":"5423","street":"Friendship Boulevard"}},{"type":"Feature","geometry":{"type":"Point","coordinates":[-77.09861,38.98867]},"properties":{"id":"node/1098256098","name":"Caddies","group":"food","category":"amenity=pub","phone":"+1-301-215-7730","website":"https://www.caddiesoncordell.com/","housenumber":"4922","street":"Cordell Avenue"}},{"type":"Feature","geometry":{"type":"Point","coordinates":[-77.09006,38.96251]},"properties":{"id":"node/1267322563","name":"Alfio's","group":"food","category":"amenity=restaurant","cuisine":"italian","website":"https://alfios.com/","housenumber":"4515"}},{"type":"Feature","geometry":{"type":"Point","coordinates":[-77.08839,38.96219]},"properties":{"id":"node/1267338465","name":"Georgetown Valet","group":"services","category":"shop=dry_cleaning"}},{"type":"Feature","geometry":{"type":"Point","coordinates":[-77.09112,38.96393]},"properties":{"id":"node/1269091119","name":"Elizabeth Deli & Market","group":"groceries","category":"shop=convenience"}},{"type":"Feature","geometry":{"type":"Point","coordinates":[-77.09055,38.96365]},"properties":{"id":"node/1269092460","name":"Friendship Gourmet Market","group":"groceries","category":"shop=convenience"}},{"type":"Feature","geometry":{"type":"Point","coordinates":[-77.08674,38.96193]},"properties":{"id":"node/1269114011","name":"Adam Keshishian Jewelers","group":"shopping","category":"shop=jewelry"}},{"type":"Feature","geometry":{"type":"Point","coordinates":[-77.08829,38.96217]},"properties":{"id":"node/1269969328","name":"Georgetown Running Co","group":"shopping","category":"shop=sports"}},{"type":"Feature","geometry":{"type":"Point","coordinates":[-77.09758,38.98073]},"properties":{"id":"node/1322288349","name":"Faherty","group":"shopping","category":"shop=clothes","housenumber":"4848","street":"Bethesda Avenue"}},{"type":"Feature","geometry":{"type":"Point","coordinates":[-77.09657,38.98077]},"properties":{"id":"node/1322306252","name":"Ernesta","group":"shopping","category":"shop=furniture","hours":"Mo-Sa 10:00-20:00; Su 11:00-19:00","housenumber":"4816","street":"Bethesda Avenue"}},{"type":"Feature","geometry":{"type":"Point","coordinates":[-77.09651,38.98108]},"properties":{"id":"node/1322320148","name":"Quartermaine","group":"food","category":"amenity=cafe","housenumber":"4817","street":"Bethesda Avenue"}},{"type":"Feature","geometry":{"type":"Point","coordinates":[-77.09676,38.98108]},"properties":{"id":"node/1322329102","name":"Reformation","group":"shopping","category":"shop=clothes","housenumber":"4823","street":"Bethesda Avenue"}},{"type":"Feature","geometry":{"type":"Point","coordinates":[-77.0959,38.98136]},"properties":{"id":"node/1322341916","name":"FP Movement","group":"shopping","category":"shop=clothes","website":"https://www.freepeople.com/stores/fp-movement-bethesda-row/","housenumber":"7228","street":"Woodmont Avenue","postcode":"20814"}},{"type":"Feature","geometry":{"type":"Point","coordinates":[-77.09604,38.98153]},"properties":{"id":"node/1322345563","name":"Raku","group":"food","category":"amenity=restaurant","cuisine":"japanese","website":"https://www.rakuasiandining.com/","housenumber":"7240","street":"Woodmont Avenue","postcode":"20814"}},{"type":"Feature","geometry":{"type":"Point","coordinates":[-77.09618,38.98179]},"properties":{"id":"node/1322354906","name":"Foxtrot","group":"food","category":"amenity=cafe","website":"https://foxtrotco.com/","housenumber":"7262","street":"Woodmont Avenue","city":"Bethesda"}},{"type":"Feature","geometry":{"type":"Point","coordinates":[-77.09628,38.98199]},"properties":{"id":"node/1322356821","name":"Matchbox","group":"food","category":"amenity=restaurant","cuisine":"american;pizza","website":"https://www.matchboxrestaurants.com/bethesda","housenumber":"7278","street":"Woodmont Avenue"}},{"type":"Feature","geometry":{"type":"Point","coordinates":[-77.09814,38.98071]},"properties":{"id":"node/1323051820","name":"Uncle Julio's","group":"food","category":"amenity=restaurant","cuisine":"mexican","hours":"11:00-22:00; Nov 24 off"}},{"type":"Feature","geometry":{"type":"Point","coordinates":[-77.09627,38.98288]},"properties":{"id":"node/1323147859","name":"Cannon Upholstery","group":"shopping","category":"shop=upholstery","phone":"+1-301-654-0090","housenumber":"4901","street":"Hampden Lane"}},{"type":"Feature","geometry":{"type":"Point","coordinates":[-77.09675,38.98202]},"properties":{"id":"node/1323149405","name":"PLANTA","group":"food","category":"amenity=restaurant","cuisine":"american","hours":"Mo-Th 11:30-21:30; Fr 11:30-22:00; Sa 11:00-22:00; Su 11:00-21:30","phone":"+1 301-407-2447","website":"https://www.plantarestaurants.com/location/planta-bethesda/","housenumber":"4910","street":"Elm Street","city":"Bethesda","postcode":"20814"}},{"type":"Feature","geometry":{"type":"Point","coordinates":[-77.0973,38.982]},"properties":{"id":"node/1323149407","name":"Yogitopi","group":"food","category":"amenity=ice_cream","cuisine":"frozen_yogurt","hours":"Mo-Th 12:00-22:00; Fr 12:00-23:00; Sa 11:00-23:00; Su 11:00-22:00; Nov 24 off","housenumber":"4924","street":"Elm Street","city":"Bethesda"}},{"type":"Feature","geometry":{"type":"Point","coordinates":[-77.09724,38.98222]},"properties":{"id":"node/1323149408","name":"Pink Chicken","group":"shopping","category":"shop=clothes","housenumber":"4923","street":"Elm Street","city":"Bethesda"}},{"type":"Feature","geometry":{"type":"Point","coordinates":[-77.09706,38.98222]},"properties":{"id":"node/1323149409","name":"OVME Bethesda","group":"personal_care","category":"shop=cosmetics","housenumber":"4921","street":"Elm Street","city":"Bethesda"}},{"type":"Feature","geometry":{"type":"Point","coordinates":[-77.09663,38.98224]},"properties":{"id":"node/1323149410","name":"Quattro Auto Body","group":"services","category":"shop=car_repair","housenumber":"4907","street":"Elm Street","city":"Bethesda"}},{"type":"Feature","geometry":{"type":"Point","coordinates":[-77.09692,38.98202]},"properties":{"id":"node/1323149412","name":"Mamma Lucia","group":"food","category":"amenity=restaurant","cuisine":"italian","housenumber":"4916","street":"Elm Street","city":"Bethesda"}},{"type":"Feature","geometry":{"type":"Point","coordinates":[-77.09823,38.9822]},"properties":{"id":"node/1323149413","name":"Berries & Bowls","group":"food","category":"amenity=restaurant","cuisine":"juice;smoothies;bowls;healthy","hours":"Mo-Su 09:00-20:00","phone":"+1-301-232-9120","website":"https://www.berriesandbowls.com","housenumber":"4961","street":"Elm Street","city":"Bethesda"}},{"type":"Feature","geometry":{"type":"Point","coordinates":[-77.09782,38.9822]},"properties":{"id":"node/1323149414","name":"Teazzi","group":"food","category":"amenity=cafe","cuisine":"bubble_tea","website":"https://teazzi.com/","housenumber":"4941","street":"Elm Street","city":"Bethesda","postcode":"20814"}},{"type":"Feature","geometry":{"type":"Point","coordinates":[-77.09734,38.982]},"properties":{"id":"node/1323149418","name":"Eat Sprout","group":"food","category":"amenity=cafe","hours":"07:00-19:00","website":"https://www.eatsprout.com/pages/bethesda-row","housenumber":"4926","street":"Elm Street"}},{"type":"Feature","geometry":{"type":"Point","coordinates":[-77.09799,38.98221]},"properties":{"id":"node/1323149422","name":"RnJ Sports","group":"shopping","category":"shop=sports","housenumber":"4945","street":"Elm Street","city":"Bethesda"}},{"type":"Feature","geometry":{"type":"Point","coordinates":[-77.09797,38.98185]},"properties":{"id":"node/1323152133","name":"Maman","group":"food","category":"amenity=restaurant","hours":"Mo-Fr 07:00-19:00; Sa-Su 08:00-19:00","housenumber":"7140","street":"Bethesda Lane"}},{"type":"Feature","geometry":{"type":"Point","coordinates":[-77.09795,38.98121]},"properties":{"id":"node/1323152134","name":"Morley","group":"shopping","category":"shop=clothes","housenumber":"7112","street":"Bethesda Lane"}},{"type":"Feature","geometry":{"type":"Point","coordinates":[-77.09773,38.98183]},"properties":{"id":"node/1323152136","name":"Wylie Grey","group":"shopping","category":"shop=clothes","cuisine":"seafood","website":"https://www.lukeslobster.com/","housenumber":"7129","street":"Bethesda Lane"}},{"type":"Feature","geometry":{"type":"Point","coordinates":[-77.09796,38.98114]},"properties":{"id":"node/1323152137","name":"Poke Dojo","group":"food","category":"amenity=restaurant","cuisine":"asian","housenumber":"7110","street":"Bethesda Lane"}},{"type":"Feature","geometry":{"type":"Point","coordinates":[-77.09769,38.98158]},"properties":{"id":"node/1323152138","name":"Serena & Lily","group":"shopping","category":"shop=furniture","website":"https://serenaadlily.com","housenumber":"7121","street":"Bethesda Lane"}},{"type":"Feature","geometry":{"type":"Point","coordinates":[-77.09796,38.98165]},"properties":{"id":"node/1323152140","name":"Sassanova","group":"shopping","category":"shop=clothes","hours":"11:00-18:00","housenumber":"7134","street":"Bethesda Lane"}},{"type":"Feature","geometry":{"type":"Point","coordinates":[-77.09796,38.98141]},"properties":{"id":"node/1323152141","name":"Farrow&Ball","group":"services","category":"craft=handicraft","website":"https://www.farrow-ball.com"}},{"type":"Feature","geometry":{"type":"Point","coordinates":[-77.09774,38.98192]},"properties":{"id":"node/1323152144","name":"Luke's Lobster","group":"food","category":"amenity=restaurant","cuisine":"seafood","website":"https://lukelobster.com","housenumber":"7129","street":"Bethesda Lane"}},{"type":"Feature","geometry":{"type":"Point","coordinates":[-77.09795,38.98126]},"properties":{"id":"node/1323152145","name":"Pampillonia","group":"shopping","category":"shop=jewelry","housenumber":"7114","street":"Bethesda Lane"}},{"type":"Feature","geometry":{"type":"Point","coordinates":[-77.09796,38.98157]},"properties":{"id":"node/1323152147","name":"Simon Pearce","group":"shopping","category":"shop=clothes","housenumber":"7126","street":"Bethesda Lane"}},{"type":"Feature","geometry":{"type":"Point","coordinates":[-77.09608,38.99153]},"properties":{"id":"node/1324379784","name":"Guapo's","group":"food","category":"amenity=restaurant"}},{"type":"Feature","geometry":{"type":"Point","coordinates":[-77.0885,38.98432]},"properties":{"id":"node/1325755066","name":"Design In A Day","group":"shopping","category":"shop=art","housenumber":"4334","street":"Montgomery Avenue"}},{"type":"Feature","geometry":{"type":"Point","coordinates":[-77.08848,38.98426]},"properties":{"id":"node/1325755908","name":"Newtown Auto Body","group":"services","category":"shop=car_repair","housenumber":"4334","street":"Montgomery Avenue"}},{"type":"Feature","geometry":{"type":"Point","coordinates":[-77.09277,38.98466]},"properties":{"id":"node/1325782312","name":"Crescent Printing Copying","group":"services","category":"shop=copyshop","phone":"+1-301-654-5511","housenumber":"4600","street":"East West Highway"}},{"type":"Feature","geometry":{"type":"Point","coordinates":[-77.09381,38.98414]},"properties":{"id":"node/1325789066","name":"L.A. Day Spa","group":"personal_care","category":"shop=hairdresser"}},{"type":"Feature","geometry":{"type":"Point","coordinates":[-77.02454,38.98339]},"properties":{"id":"node/1362229523","name":"Potter Violins","group":"shopping","category":"shop=musical_instrument","hours":"Tu-Fr 10:00-18:00; Sa 10:00-16:00","phone":"+1-301-652-7070","website":"https://potterviolins.com/","housenumber":"7711","street":"Eastern Avenue Northwest","city":"Takoma Park","postcode":"20912"}},{"type":"Feature","geometry":{"type":"Point","coordinates":[-77.0254,38.98394]},"properties":{"id":"node/1363222508","name":"KFC/Taco Bell","group":"food","category":"amenity=fast_food","phone":"+1 301-588-7483","website":"https://locations.tacobell.com/md/silver-spring/7720-blair-road.html","housenumber":"7720","street":"Blair Road","city":"Silver Spring","postcode":"20912"}},{"type":"Feature","geometry":{"type":"Point","coordinates":[-77.02517,38.9938]},"properties":{"id":"node/1417161166","name":"Mandalay Restaurant & Caf\u00e9","group":"food","category":"amenity=restaurant","housenumber":"930","street":"Bonifant Street"}},{"type":"Feature","geometry":{"type":"Point","coordinates":[-77.02525,38.99373]},"properties":{"id":"node/1417180162","name":"Luisa's Hair Salon","group":"personal_care","category":"shop=beauty","housenumber":"934","street":"Bonifant Street"}},{"type":"Feature","geometry":{"type":"Point","coordinates":[-77.02535,38.99411]},"properties":{"id":"node/1419576666","name":"Kook Kais Thai Noodles","group":"food","category":"amenity=restaurant","cuisine":"thai","phone":"+1 301-589-5341","website":"https://www.kookkaisthainoodles.com/","housenumber":"939","street":"Bonifant Street","city":"Silver Spring","postcode":"20910"}},{"type":"Feature","geometry":{"type":"Point","coordinates":[-77.02546,38.99407]},"properties":{"id":"node/1419577333","name":"Roger Miller","group":"food","category":"amenity=restaurant","cuisine":"african","hours":"Su-Th 11:00-23:00; Fr-Sa 11:00-02:00","phone":"+1-301-562-7050","website":"https://www.facebook.com/RogerMillerRestaurant/","housenumber":"941","street":"Bonifant Street","city":"Silver Spring","postcode":"20910"}},{"type":"Feature","geometry":{"type":"Point","coordinates":[-77.02559,38.99403]},"properties":{"id":"node/1419579035","name":"Jaha Hair Studio","group":"personal_care","category":"shop=beauty","housenumber":"941","street":"Bonifant Street"}},{"type":"Feature","geometry":{"type":"Point","coordinates":[-77.0257,38.99393]},"properties":{"id":"node/1419669254","name":"Bonifant Theater Space","group":"shopping","category":"shop=art","housenumber":"949","street":"Bonifant Street"}},{"type":"Feature","geometry":{"type":"Point","coordinates":[-77.0253,38.99371]},"properties":{"id":"node/1420112354","name":"Ebony Barbers","group":"personal_care","category":"shop=hairdresser","housenumber":"936","street":"Bonifant Street"}},{"type":"Feature","geometry":{"type":"Point","coordinates":[-77.02545,38.99365]},"properties":{"id":"node/1420112500","name":"Ambrotos Tattoo","group":"personal_care","category":"shop=tattoo","housenumber":"940","street":"Bonifant Street"}},{"type":"Feature","geometry":{"type":"Point","coordinates":[-77.02477,38.99291]},"properties":{"id":"node/1437389418","name":"Zeke Smoke Shop","group":"shopping","category":"shop=tobacco","housenumber":"902","street":"Thayer Avenue","city":"Silver Spring"}},{"type":"Feature","geometry":{"type":"Point","coordinates":[-76.9885,38.98748]},"properties":{"id":"node/1514343306","name":"Community Clinic, Inc.","group":"groceries","category":"amenity=pharmacy"}},{"type":"Feature","geometry":{"type":"Point","coordinates":[-77.02696,38.99353]},"properties":{"id":"node/1592076833","name":"The Republic Garden","group":"food","category":"amenity=bar","phone":"+1 240-847-7921","website":"https://linasdiner.com/","housenumber":"8402","street":"Georgia Avenue","city":"Silver Spring","postcode":"20910"}},{"type":"Feature","geometry":{"type":"Point","coordinates":[-77.02695,38.99359]},"properties":{"id":"node/1671377421","name":"Charm Thai Restaurant","group":"food","category":"amenity=restaurant","cuisine":"thai","phone":"+1 301-495-6300","website":"https://www.mycharmthai.com/","housenumber":"8408","street":"Georgia Avenue","city":"Silver Spring","postcode":"20910"}},{"type":"Feature","geometry":{"type":"Point","coordinates":[-77.02563,38.99042]},"properties":{"id":"node/1671380853","name":"Vicino Restaurante Italiano","group":"food","category":"amenity=restaurant","cuisine":"italian","phone":"+1 301 588-3372","website":"vicinoitaliano.com","housenumber":"959","street":"Sligo Avenue","city":"Silver Spring","postcode":"20910"}},{"type":"Feature","geometry":{"type":"Point","coordinates":[-77.03281,38.99359]},"properties":{"id":"node/1711361244","name":"Lenox Beer-Wine-Deli","group":"groceries","category":"shop=convenience","housenumber":"1400","street":"East-West Highway","postcode":"20910"}},{"type":"Feature","geometry":{"type":"Point","coordinates":[-77.02775,38.98565]},"properties":{"id":"node/1786882054","name":"Tiramisu Caf\u00e9","group":"food","category":"amenity=cafe","cuisine":"coffee_shop","housenumber":"7847","street":"Eastern Avenue Northwest"}},{"type":"Feature","geometry":{"type":"Point","coordinates":[-77.02691,38.98847]},"properties":{"id":"node/1786883731","name":"Moorenko's Ice Cream & Caf\u00e9","group":"food","category":"amenity=cafe","cuisine":"ice_cream"}},{"type":"Feature","geometry":{"type":"Point","coordinates":[-77.08511,38.96243]},"properties":{"id":"node/1930845328","name":"Sushi-ko","group":"food","category":"amenity=restaurant","cuisine":"japanese","hours":"Tu-Su 16:30-20:30"}},{"type":"Feature","geometry":{"type":"Point","coordinates":[-77.00693,38.97815]},"properties":{"id":"node/2030362519","name":"Roland's Barber Shop","group":"personal_care","category":"shop=hairdresser","hours":"Tu-Sa 07:00-19:00"}},{"type":"Feature","geometry":{"type":"Point","coordinates":[-77.1007,38.98881]},"properties":{"id":"node/2144925476","name":"Lilit Cafe","group":"food","category":"amenity=restaurant","cuisine":"sandwich","website":"https://lilitcafe.com/","housenumber":"7921","street":"Old Georgetown Rd"}},{"type":"Feature","geometry":{"type":"Point","coordinates":[-77.09912,38.97859]},"properties":{"id":"node/2295042815","name":"Bradley Food and Beverage","group":"groceries","category":"shop=convenience","hours":"Mo-We 08:00-20:00; Th-Sa 08:00-21:00; Su 08:00-17:00","housenumber":"6904","street":"Arlington Road","city":"Bethesda","postcode":"20815"}},{"type":"Feature","geometry":{"type":"Point","coordinates":[-77.09804,38.98973]},"properties":{"id":"node/2358153391","name":"Barrel & Crow","group":"food","category":"amenity=restaurant","cuisine":"american","website":"https://barrelandcrow.com/","housenumber":"4867","street":"Cordell Avenue","city":"Bethesda","postcode":"20814"}},{"type":"Feature","geometry":{"type":"Point","coordinates":[-77.09911,38.97886]},"properties":{"id":"node/2363476231","name":"Breads Unlimited","group":"food","category":"shop=bakery"}},{"type":"Feature","geometry":{"type":"Point","coordinates":[-77.09853,38.97919]},"properties":{"id":"node/2363476233","name":"Aji-Nippon","group":"food","category":"amenity=restaurant","cuisine":"japanese"}},{"type":"Feature","geometry":{"type":"Point","coordinates":[-77.01213,38.9749]},"properties":{"id":"node/2446658764","name":"Muoi Tieu","group":"food","category":"amenity=restaurant","cuisine":"vietnamese","website":"https://www.muoi-tieu.com/","housenumber":"7006","street":"Carroll Avenue","city":"Takoma Park","postcode":"20912"}},{"type":"Feature","geometry":{"type":"Point","coordinates":[-77.09734,38.99068]},"properties":{"id":"node/2511414055","name":"Svenler Photography","group":"services","category":"craft=photographer","phone":"+1 202 525 7836","website":"https://www.svenlerphotography.com/","housenumber":"4835","street":"Cordell Avenue","city":"Bethesda","postcode":"20814"}},{"type":"Feature","geometry":{"type":"Point","coordinates":[-77.01215,38.97443]},"properties":{"id":"node/2579933113","name":"Georgie's Barber","group":"personal_care","category":"shop=hairdresser","housenumber":"6929","street":"Laurel Avenue","city":"Takoma Park","postcode":"20912"}},{"type":"Feature","geometry":{"type":"Point","coordinates":[-77.01219,38.97439]},"properties":{"id":"node/2579936804","name":"Tabletop DC","group":"shopping","category":"shop=gift","hours":"Mo-Sa 10:00-18:00; Su 10:00-15:00","housenumber":"6927","street":"Laurel Avenue","city":"Takoma Park","postcode":"20912"}},{"type":"Feature","geometry":{"type":"Point","coordinates":[-77.01065,38.97524]},"properties":{"id":"node/2580285567","name":"Salon Jam","group":"personal_care","category":"shop=hairdresser","housenumber":"7054","street":"Carroll Avenue","postcode":"20912"}},{"type":"Feature","geometry":{"type":"Point","coordinates":[-77.00694,38.97773]},"properties":{"id":"node/2580285587","name":"Cielo Rojo","group":"food","category":"amenity=restaurant","cuisine":"mexican"}},{"type":"Feature","geometry":{"type":"Point","coordinates":[-77.01169,38.97486]},"properties":{"id":"node/2580318840","name":"Scissor and Comb","group":"personal_care","category":"shop=hairdresser","hours":"\"By appointment only at this time\"","housenumber":"7009","street":"Carroll Avenue","city":"Takoma Park","postcode":"20912"}},{"type":"Feature","geometry":{"type":"Point","coordinates":[-77.01198,38.97462]},"properties":{"id":"node/2580318842","name":"Motorkat","group":"food","category":"amenity=restaurant","website":"https://www.motorkat.com/","housenumber":"6939","street":"Carroll Avenue","city":"Takoma Park","postcode":"20912"}},{"type":"Feature","geometry":{"type":"Point","coordinates":[-77.01183,38.97476]},"properties":{"id":"node/2580318845","name":"Solar Nails","group":"personal_care","category":"shop=beauty","housenumber":"7005","street":"Carroll Avenue","city":"Takoma Park","postcode":"20912"}},{"type":"Feature","geometry":{"type":"Point","coordinates":[-77.01231,38.97423]},"properties":{"id":"node/2598575305","name":"Park Florist","group":"shopping","category":"shop=florist","hours":"Mo-Fr 08:00-17:00; Sa 09:00-14:00","housenumber":"6921","street":"Laurel Avenue","city":"Takoma Park","postcode":"20912"}},{"type":"Feature","geometry":{"type":"Point","coordinates":[-77.01227,38.97428]},"properties":{"id":"node/2598575314","name":"Kin Da","group":"food","category":"amenity=restaurant","cuisine":"thai;sushi","hours":"Tu-Fr 11:30-15:00,17:00-20:15; Sa,Su 12:00-15:00,16:30-20:15","website":"https://kindatakoma.com/","housenumber":"6923","street":"Laurel Avenue","city":"Takoma Park","postcode":"20912"}},{"type":"Feature","geometry":{"type":"Point","coordinates":[-77.01222,38.97434]},"properties":{"id":"node/2598575323","name":"The Magic Carpet","group":"shopping","category":"shop=gift","housenumber":"6925","street":"Laurel Avenue","city":"Takoma Park","postcode":"20912"}},{"type":"Feature","geometry":{"type":"Point","coordinates":[-77.01237,38.97415]},"properties":{"id":"node/2598575332","name":"Takoma Beverage Company","group":"food","category":"amenity=cafe","cuisine":"coffee;beer","hours":"Su-Th 07:00-22:00; Fr-Sa 07:00-24:00","phone":"+1 240-641-5323","website":"https://takomabevco.com/","housenumber":"6917","street":"Laurel Avenue","city":"Takoma Park","postcode":"20912"}},{"type":"Feature","geometry":{"type":"Point","coordinates":[-77.01208,38.97495]},"properties":{"id":"node/2598616010","name":"Olive Lounge & Grill","group":"food","category":"amenity=restaurant","housenumber":"7006","street":"Carroll Avenue","city":"Takoma Park","postcode":"20912"}},{"type":"Feature","geometry":{"type":"Point","coordinates":[-77.09674,38.98875]},"properties":{"id":"node/2600045372","name":"Kochfoto photography","group":"services","category":"craft=photographer","phone":"+1-202-674-2428"}},{"type":"Feature","geometry":{"type":"Point","coordinates":[-77.02347,38.99041]},"properties":{"id":"node/2612376412","name":"Ambassador Pet Hospital","group":"shopping","category":"shop=pet"}},{"type":"Feature","geometry":{"type":"Point","coordinates":[-77.04898,38.99248]},"properties":{"id":"node/2648746473","name":"Fiona Nail Lounge","group":"personal_care","category":"shop=beauty","housenumber":"8311","street":"Grubb Road","city":"Silver Spring","postcode":"20910"}},{"type":"Feature","geometry":{"type":"Point","coordinates":[-77.04878,38.99239]},"properties":{"id":"node/2648746489","name":"The Daily Dish","group":"food","category":"amenity=restaurant","phone":"+1-301-588-6300","website":"https://thedailydishrestaurant.com/","housenumber":"8301","street":"Grubb Road","postcode":"20910"}},{"type":"Feature","geometry":{"type":"Point","coordinates":[-76.99209,38.99273]},"properties":{"id":"node/2708072094","name":"Tijuana Mexican Cafe","group":"food","category":"amenity=restaurant","cuisine":"mexican","hours":"Su-Th 11:00-26:00; Fr,Sa 11:00-27:00","phone":"+1 301 408 4700","website":"https://tijuana-mexican-cafe.negocio.site/","housenumber":"949","street":"University Boulevard East","postcode":"20903"}},{"type":"Feature","geometry":{"type":"Point","coordinates":[-76.99221,38.99286]},"properties":{"id":"node/2708072099","name":"Angkor Supermarket","group":"groceries","category":"shop=supermarket"}},{"type":"Feature","geometry":{"type":"Point","coordinates":[-76.9926,38.99281]},"properties":{"id":"node/2708082709","name":"Ritz Unisex Hair Salon","group":"personal_care","category":"shop=hairdresser","housenumber":"8205","street":"Carroll Avenue","postcode":"20903"}},{"type":"Feature","geometry":{"type":"Point","coordinates":[-77.09837,38.98941]},"properties":{"id":"node/2738332460","name":"Tommy Joe's","group":"food","category":"amenity=bar","website":"https://tommy-joes.com/","housenumber":"7940","street":"Norfolk Avenue","city":"Bethesda","postcode":"20814"}},{"type":"Feature","geometry":{"type":"Point","coordinates":[-77.09665,38.98254]},"properties":{"id":"node/2785499434","name":"Super Cleaners USA at Bethesda Row","group":"services","category":"shop=dry_cleaning"}},{"type":"Feature","geometry":{"type":"Point","coordinates":[-77.02397,38.99384]},"properties":{"id":"node/2786896445","name":"Pure Panic Comics and Games","group":"shopping","category":"shop=books","website":"https://www.purepaniccg.com/","housenumber":"8317","street":"Fenton Street","city":"Silver Spring","postcode":"20910"}},{"type":"Feature","geometry":{"type":"Point","coordinates":[-77.02396,38.99376]},"properties":{"id":"node/2786896446","name":"Fenton Cafe","group":"food","category":"amenity=restaurant","cuisine":"french","housenumber":"8311","street":"Fenton Street","city":"Silver Spring","postcode":"20910"}},{"type":"Feature","geometry":{"type":"Point","coordinates":[-77.09675,38.99055]},"properties":{"id":"node/2812475004","name":"Sala Thai","group":"food","category":"amenity=restaurant","cuisine":"thai","hours":"Mo-Fr 11:30-15:00,16:00-21:00; Sa,Su 12:00-21:30","phone":"+1-301-654-4676","website":"https://www.salathaidc.com/","housenumber":"4828","street":"Cordell Avenue","city":"Bethesda","postcode":"20814"}},{"type":"Feature","geometry":{"type":"Point","coordinates":[-77.02692,38.99242]},"properties":{"id":"node/2865573701","name":"Urban Butcher","group":"food","category":"amenity=restaurant","cuisine":"steak_house","phone":"+1 301-585-5800","website":"http://www.urbanbutcher.com","housenumber":"8226","street":"Georgia Avenue","city":"Silver Spring","postcode":"20910"}},{"type":"Feature","geometry":{"type":"Point","coordinates":[-77.02561,38.99455]},"properties":{"id":"node/2902920188","name":"Bonanza Coins - Gold & Jewelry Buyers","group":"shopping","category":"shop=jewelry","phone":"+1-301-585-1480","housenumber":"940","street":"Wayne Avenue","city":"Silver Spring","postcode":"20910"}},{"type":"Feature","geometry":{"type":"Point","coordinates":[-77.09597,38.98541]},"properties":{"id":"node/3224137825","name":"Beer and Wine Store","group":"groceries","category":"shop=alcohol"}},{"type":"Feature","geometry":{"type":"Point","coordinates":[-77.02639,38.99308]},"properties":{"id":"node/3234919918","name":"Lucy Ethiopian Restaurant","group":"food","category":"amenity=restaurant","cuisine":"ethiopian","phone":"+1 301-920-0196","housenumber":"8301","street":"Georgia Avenue","city":"Silver Spring","postcode":"20910-4521"}},{"type":"Feature","geometry":{"type":"Point","coordinates":[-77.01222,38.97481]},"properties":{"id":"node/3243336321","name":"The Covered Market","group":"shopping","category":"shop=gift","hours":"Fr-Tu 11:30-18:30; We,Th 14:00-18:30","website":"https://www.thecoveredmarket.com/","housenumber":"7000","street":"Carroll Avenue","city":"Takoma Park","postcode":"20912"}},{"type":"Feature","geometry":{"type":"Point","coordinates":[-77.08766,38.9941]},"properties":{"id":"node/3327237642","name":"Community message board","group":"groceries","category":"shop=kiosk"}},{"type":"Feature","geometry":{"type":"Point","coordinates":[-77.07114,38.98072]},"properties":{"id":"node/3344441604","name":"Olympia Cafe","group":"food","category":"amenity=cafe","hours":"Mo-Fr 06:00-18:00; Sa 07:00-17:00; Su 08:00-15:00","housenumber":"7021","street":"Brookville Road"}},{"type":"Feature","geometry":{"type":"Point","coordinates":[-77.07115,38.98069]},"properties":{"id":"node/3344441605","name":"Chevy Chase Barber Shop","group":"personal_care","category":"shop=hairdresser","street":"Brookville road"}},{"type":"Feature","geometry":{"type":"Point","coordinates":[-77.07113,38.98082]},"properties":{"id":"node/3344443106","name":"Brookville Pharmacy","group":"groceries","category":"amenity=pharmacy","website":"http://www.brookvillepharmacy.com/","housenumber":"7025","street":"Brookville Road","city":"Chevy Chase","postcode":"20815"}},{"type":"Feature","geometry":{"type":"Point","coordinates":[-77.07115,38.98094]},"properties":{"id":"node/3344443107","name":"Brookville Market","group":"groceries","category":"shop=supermarket","street":"Brookville Road"}},{"type":"Feature","geometry":{"type":"Point","coordinates":[-77.07128,38.9814]},"properties":{"id":"node/3355401779","name":"La Ferme Restaurant","group":"food","category":"amenity=restaurant","cuisine":"french","phone":"+1-301-986-5255","website":"https://lafermerestaurant.com/","housenumber":"7101","street":"Brookville Road","city":"Chevy Chase","postcode":"20815"}},{"type":"Feature","geometry":{"type":"Point","coordinates":[-77.02603,38.99375]},"properties":{"id":"node/3492569211","name":"Kefa Cafe","group":"food","category":"amenity=cafe","phone":"+1 240-641-8023","website":"http://www.kefacafelove.com/","housenumber":"963","street":"Bonifant Street","city":"Silver Spring","postcode":"20910-4515"}},{"type":"Feature","geometry":{"type":"Point","coordinates":[-77.09853,38.98883]},"properties":{"id":"node/3516258970","name":"Pines of Rome","group":"food","category":"amenity=restaurant","cuisine":"italian","hours":"Mo-Th 11:30-21:30; Fr-Sa 11:30-22:00; Su 12:00-21:30","phone":"+1 301-657-8775","website":"https://pinesofrometogo.com","housenumber":"4918","street":"Cordell Avenue","city":"Bethesda","postcode":"20814"}},{"type":"Feature","geometry":{"type":"Point","coordinates":[-77.09767,38.989]},"properties":{"id":"node/3516258971","name":"Rock Bottom","group":"food","category":"amenity=pub","cuisine":"burger;fried_chicken","phone":"+1 301 652-1311","website":"https://www.rockbottom.com/bethesda","housenumber":"7900","street":"Norfolk Avenue","city":"Bethesda","postcode":"20814"}},{"type":"Feature","geometry":{"type":"Point","coordinates":[-77.09606,38.98909]},"properties":{"id":"node/3616718104","name":"Tout de Sweet","group":"food","category":"amenity=cafe","cuisine":"french"}},{"type":"Feature","geometry":{"type":"Point","coordinates":[-77.0967,38.99021]},"properties":{"id":"node/3632310649","name":"Pizzeria da Marco","group":"food","category":"amenity=restaurant","cuisine":"pizza"}},{"type":"Feature","geometry":{"type":"Point","coordinates":[-77.09769,38.9814]},"properties":{"id":"node/3944471882","name":"Hawkers Asian Street Food","group":"food","category":"amenity=restaurant","cuisine":"asian","hours":"Th-Sa 11:00-22:00, Su-We 11:00-21:30","website":"https://eathawkers.com/locations/bethesda/","housenumber":"7117","street":"Bethesda Lane"}},{"type":"Feature","geometry":{"type":"Point","coordinates":[-77.0946,38.98969]},"properties":{"id":"node/4208482894","name":"Besta Pizza","group":"food","category":"amenity=fast_food","cuisine":"italian_pizza;mediterranean;italian","hours":"Mo-Su 10:00-22:00","phone":"+1-301-657-1114","website":"http://www.urbanspoon.com/cities/7-washington-dc/restaurants/100575-besta-pizza","housenumber":"4707","street":"Chase Avenue","postcode":"20814"}},{"type":"Feature","geometry":{"type":"Point","coordinates":[-77.01248,38.97484]},"properties":{"id":"node/4247759661","name":"Gusto Gelateria","group":"food","category":"amenity=ice_cream","cuisine":"gelato","housenumber":"7000","street":"Carroll Avenue","city":"Takoma Park","postcode":"20912"}},{"type":"Feature","geometry":{"type":"Point","coordinates":[-77.02695,38.99366]},"properties":{"id":"node/4312150413","name":"Velatis Caramel Company","group":"food","category":"shop=confectionery","phone":"+1 301-578-8612","website":"https://www.velatis.com/","housenumber":"8408","street":"Georgia Avenue","city":"Silver Spring","postcode":"20910"}},{"type":"Feature","geometry":{"type":"Point","coordinates":[-77.00954,38.99333]},"properties":{"id":"node/4386350394","name":"La Casita","group":"food","category":"amenity=restaurant"}},{"type":"Feature","geometry":{"type":"Point","coordinates":[-77.09671,38.98825]},"properties":{"id":"node/4829089515","name":"Medium Rare","group":"food","category":"amenity=restaurant","cuisine":"steak_house","website":"https://mediumrarerestaurant.com/","housenumber":"4904","street":"Fairmont Avenue","city":"Bethesda","postcode":"20814"}},{"type":"Feature","geometry":{"type":"Point","coordinates":[-77.09738,38.98755]},"properties":{"id":"node/4829089752","name":"Ala","group":"food","category":"amenity=restaurant","cuisine":"turkish;lebanese;mediterranean","hours":"Tu-Th 16:00-22:00; Fr 16:00-23:00; Sa 11:00-23:00; Su 11:00-16:00","website":"https://www.ala-dc.com/bethesda","housenumber":"4948","street":"Fairmont Avenue","city":"Bethesda","postcode":"20814"}},{"type":"Feature","geometry":{"type":"Point","coordinates":[-77.09756,38.98768]},"properties":{"id":"node/4829739070","name":"Bistro Provence","group":"food","category":"amenity=restaurant","cuisine":"french","website":"http://www.bistroprovence.org/","housenumber":"4933","street":"Fairmont Avenue","city":"Bethesda","postcode":"20814"}},{"type":"Feature","geometry":{"type":"Point","coordinates":[-77.0959,38.98789]},"properties":{"id":"node/4829739078","name":"Woodmont Grill","group":"food","category":"amenity=restaurant","cuisine":"american","website":"https://woodmontgrill.com/","housenumber":"7715","street":"Woodmont Avenue","city":"Bethesda","postcode":"20814"}},{"type":"Feature","geometry":{"type":"Point","coordinates":[-77.09588,38.98804]},"properties":{"id":"node/4829739094","name":"Tastee Diner","group":"food","category":"amenity=restaurant","cuisine":"american","website":"https://www.tasteediner.com/","housenumber":"7731","street":"Woodmont Avenue","city":"Bethesda","postcode":"20814"}},{"type":"Feature","geometry":{"type":"Point","coordinates":[-77.10079,38.98886]},"properties":{"id":"node/4829752366","name":"The Organic Butcher of Bethesda","group":"groceries","category":"shop=butcher","hours":"Mo-Fr 11:00-18:00; Sa 10:00-18:00; Su 11:00-17:00","phone":"+1-301-760-7070","website":"https://www.theorganicbutcher.com","housenumber":"7925","street":"Old Georgetown Road","city":"Bethesda","postcode":"20814-2424"}},{"type":"Feature","geometry":{"type":"Point","coordinates":[-77.09173,38.97979]},"properties":{"id":"node/5301383144","name":"Moby Dick House of Kabob","group":"food","category":"amenity=restaurant","cuisine":"middle_eastern","website":"https://www.mobyskabob.com/","housenumber":"7027","street":"Wisconsin Ave","city":"Bethesda","postcode":"20815"}},{"type":"Feature","geometry":{"type":"Point","coordinates":[-77.02776,38.99286]},"properties":{"id":"node/5415556963","name":"Silver Cycles","group":"shopping","category":"shop=bicycle","hours":"Mo-Fr 10:00-19:00; Sa 10:00-17:00; Su 11:00-17:00","phone":"+1-301-585-1889","housenumber":"8307","street":"Dixon Avenue","city":"Silver Spring","postcode":"20910"}},{"type":"Feature","geometry":{"type":"Point","coordinates":[-77.02752,38.98935]},"properties":{"id":"node/5744147021","name":"Bump \u2018n Grind","group":"food","category":"amenity=cafe","hours":"Mo-Su 08:00-21:00","housenumber":"8030","street":"Georgia Avenue","city":"Silver Spring","postcode":"20910"}},{"type":"Feature","geometry":{"type":"Point","coordinates":[-77.08766,38.96411]},"properties":{"id":"node/5802524880","name":"Chevy Chase Design Center","group":"shopping","category":"shop=furniture","website":"https://chevychasedesigncenter.com"}},{"type":"Feature","geometry":{"type":"Point","coordinates":[-77.02574,38.9915]},"properties":{"id":"node/5809054854","name":"Kaldi\u2019s Social House","group":"food","category":"amenity=cafe","cuisine":"coffee_shop;tea","phone":"+1 301-557-9990","website":"https://www.kaldissocial.com/","housenumber":"918","street":"Silver Spring Avenue","city":"Silver Spring","postcode":"20910"}},{"type":"Feature","geometry":{"type":"Point","coordinates":[-77.08719,38.96311]},"properties":{"id":"node/5902464860","name":"Santa Maria Novella","group":"personal_care","category":"shop=cosmetics"}},{"type":"Feature","geometry":{"type":"Point","coordinates":[-77.09907,38.98783]},"properties":{"id":"node/5953878448","name":"Sandy Nails","group":"personal_care","category":"shop=beauty","hours":"Sa 09:00-18:00; Su 10:00-17:00; Mo-Fr 10:00-19:00","phone":"+1-301-652-1362","website":"https://www.sandynailsmd.com","housenumber":"7815","street":"Old Georgetown Road","city":"Bethesda","postcode":"20814"}},{"type":"Feature","geometry":{"type":"Point","coordinates":[-77.09482,38.9837]},"properties":{"id":"node/5985099798","name":"Studio Piazza","group":"personal_care","category":"shop=hairdresser","hours":"Tu,We,Fr 10:00-18:00; Th 10:00-20:00; Sa 09:00-17:00","phone":"+1 301-961-8640","website":"https://www.studiopiazzausa.com/","housenumber":"4711","street":"Montgomery Lane","city":"Bethesda","postcode":"20814"}},{"type":"Feature","geometry":{"type":"Point","coordinates":[-77.09682,38.99108]},"properties":{"id":"node/6006019053","name":"Bethesda Barber & Salon","group":"personal_care","category":"shop=hairdresser","hours":"Mo-Sa 07:00-18:30, 09:00-18:00; Su 08:00-17:00","phone":"+1 301-351-3130","street":"Woodmont Avenue"}},{"type":"Feature","geometry":{"type":"Point","coordinates":[-77.09546,38.98146]},"properties":{"id":"node/6043072685","name":"Mon Ami Gabi","group":"food","category":"amenity=restaurant","cuisine":"french","phone":"+1-301-654-1234","website":"http://monamigabi.com","housenumber":"7239","street":"Woodmont Avenue","postcode":"20814"}},{"type":"Feature","geometry":{"type":"Point","coordinates":[-77.02689,38.98565]},"properties":{"id":"node/6051565991","name":"Capitol Tattoo","group":"personal_care","category":"shop=tattoo","housenumber":"7920","street":"Georgia Avenue","postcode":"20910"}},{"type":"Feature","geometry":{"type":"Point","coordinates":[-77.03123,38.99497]},"properties":{"id":"node/6356743585","name":"Silver Branch Brewing Company","group":"food","category":"amenity=pub","cuisine":"american","hours":"Mo-Th 11:30-22:00; Fr 11:30-23:00; Sa 12:00-23:00; Su 12:00-21:00","phone":"+1-301-264-7111","website":"https://www.silverbranchbrewing.com/","housenumber":"8401","street":"Colesville Road","postcode":"20910"}},{"type":"Feature","geometry":{"type":"Point","coordinates":[-77.09839,38.98981]},"properties":{"id":"node/6507602900","name":"Bethesda Piano Tuning by PianoCraft","group":"shopping","category":"shop=musical_instrument","phone":"+1-240-744-0848","website":"https://bethesdapianotuning.com/","housenumber":"7955","street":"Norfolk Avenue","city":"Bethesda","postcode":"20814"}},{"type":"Feature","geometry":{"type":"Point","coordinates":[-77.02638,38.99359]},"properties":{"id":"node/6515747106","name":"Quarry House Tavern","group":"food","category":"amenity=bar","hours":"Su-Th 16:00-01:00; Fr-Sa 16:00-02:00","phone":"+1 301-844-5504","website":"https://www.quarryhousetavern.com/","housenumber":"8401","street":"Georgia Avenue","city":"Silver Spring","postcode":"20910"}},{"type":"Feature","geometry":{"type":"Point","coordinates":[-77.09209,38.98478]},"properties":{"id":"node/6570875360","name":"Sisters Sandwiches & Such","group":"food","category":"amenity=fast_food","cuisine":"sandwich","housenumber":"4520","street":"East-West Highway","city":"Bethesda"}},{"type":"Feature","geometry":{"type":"Point","coordinates":[-77.09137,38.98479]},"properties":{"id":"node/6572802238","name":"Q By Peter Chang","group":"food","category":"amenity=restaurant","cuisine":"chinese"}},{"type":"Feature","geometry":{"type":"Point","coordinates":[-77.08858,38.98477]},"properties":{"id":"node/6573021575","name":"Sprout Cafe","group":"food","category":"amenity=restaurant"}},{"type":"Feature","geometry":{"type":"Point","coordinates":[-77.09342,38.98321]},"properties":{"id":"node/6584594521","name":"Shangri-la","group":"food","category":"amenity=restaurant","cuisine":"indian","housenumber":"7345","street":"Wisconsin Avenue"}},{"type":"Feature","geometry":{"type":"Point","coordinates":[-77.09339,38.98315]},"properties":{"id":"node/6584594524","name":"ZAO Stamina Ramen","group":"food","category":"amenity=restaurant","cuisine":"japanese","hours":"Mo,We-Su 12:00-20:45, Tu off","phone":"+1-301-312-8399","website":"https://www.zaostaminaramen.com/","housenumber":"7345","street":"Wisconsin Avenue","city":"Bethesda","postcode":"20814"}},{"type":"Feature","geometry":{"type":"Point","coordinates":[-77.09345,38.98327]},"properties":{"id":"node/6584594525","name":"Remix","group":"shopping","category":"shop=clothes"}},{"type":"Feature","geometry":{"type":"Point","coordinates":[-77.09305,38.98278]},"properties":{"id":"node/6584594526","name":"Bethesda Jewelers","group":"shopping","category":"shop=jewelry"}},{"type":"Feature","geometry":{"type":"Point","coordinates":[-77.09107,38.98428]},"properties":{"id":"node/6603463800","name":"Phenix Salon Suites","group":"personal_care","category":"shop=beauty"}},{"type":"Feature","geometry":{"type":"Point","coordinates":[-77.0931,38.98158]},"properties":{"id":"node/6606112494","name":"Current Boutique","group":"shopping","category":"shop=clothes"}},{"type":"Feature","geometry":{"type":"Point","coordinates":[-77.09444,38.98634]},"properties":{"id":"node/6610524277","name":"Bite of Asia","group":"food","category":"amenity=restaurant","cuisine":"sushi","housenumber":"7613","postcode":"20814"}},{"type":"Feature","geometry":{"type":"Point","coordinates":[-77.0944,38.98624]},"properties":{"id":"node/6610524278","name":"VKB Kitchen & Bath","group":"services","category":"craft=carpenter","website":"https://vkbkitchenandbath.com","postcode":"20814"}},{"type":"Feature","geometry":{"type":"Point","coordinates":[-77.09442,38.98629]},"properties":{"id":"node/6610524279","name":"Sachi Nails And Barber","group":"personal_care","category":"shop=hairdresser"}},{"type":"Feature","geometry":{"type":"Point","coordinates":[-77.08722,38.96318]},"properties":{"id":"node/6693435943","name":"Dessange Paris","group":"personal_care","category":"shop=hairdresser"}},{"type":"Feature","geometry":{"type":"Point","coordinates":[-77.09561,38.98159]},"properties":{"id":"node/7590609066","name":"Fish Taco","group":"food","category":"amenity=fast_food","cuisine":"mexican","phone":"+1-301-652-0010","website":"https://fishtacoonline.com/","housenumber":"7251","street":"Woodmont Avenue","city":"Bethesda","postcode":"20814"}},{"type":"Feature","geometry":{"type":"Point","coordinates":[-77.09677,38.98496]},"properties":{"id":"node/7603197424","name":"Bethesda Air Duct and Carpet Cleaning Mavens","group":"services","category":"craft=cleaning","hours":"24/7","housenumber":"7608","street":"Woodmont Avenue","city":"Bethesda","postcode":"20814"}},{"type":"Feature","geometry":{"type":"Point","coordinates":[-77.02522,38.99479]},"properties":{"id":"node/7802068516","name":"Yu Noodles","group":"food","category":"amenity=restaurant","cuisine":"chinese","phone":"+1-301-585-1111","website":"https://www.yunoodles.com/","housenumber":"930","street":"Wayne Avenue","city":"Silver Spring","postcode":"20910"}},{"type":"Feature","geometry":{"type":"Point","coordinates":[-77.02651,38.99399]},"properties":{"id":"node/7802068518","name":"Orchid Nails","group":"personal_care","category":"shop=beauty"}},{"type":"Feature","geometry":{"type":"Point","coordinates":[-77.02651,38.99392]},"properties":{"id":"node/7802068519","name":"Helen Hair Salon","group":"personal_care","category":"shop=hairdresser"}},{"type":"Feature","geometry":{"type":"Point","coordinates":[-77.0264,38.99281]},"properties":{"id":"node/7802068521","name":"Moren","group":"services","category":"shop=repair"}},{"type":"Feature","geometry":{"type":"Point","coordinates":[-77.02628,38.99117]},"properties":{"id":"node/7802068523","name":"Golf Ultra Lounge","group":"food","category":"amenity=bar","phone":"+1 301-448-1515","website":"https://www.gulflounge.com/","housenumber":"8123","street":"Georgia Avenue","city":"Silver Spring","postcode":"20910"}},{"type":"Feature","geometry":{"type":"Point","coordinates":[-77.02701,38.99127]},"properties":{"id":"node/7802068527","name":"Nazret Market","group":"groceries","category":"shop=supermarket"}},{"type":"Feature","geometry":{"type":"Point","coordinates":[-77.02631,38.99215]},"properties":{"id":"node/7802068530","name":"Afrikutz","group":"personal_care","category":"shop=hairdresser"}},{"type":"Feature","geometry":{"type":"Point","coordinates":[-77.0263,38.99197]},"properties":{"id":"node/7802068531","name":"Palisades Lounge","group":"food","category":"amenity=bar","phone":"+1 301-755-6457","website":"http://palisadeslounge.com/","housenumber":"8211","street":"Georgia Avenue","city":"Silver Spring","postcode":"20910-4520"}},{"type":"Feature","geometry":{"type":"Point","coordinates":[-77.03229,38.99284]},"properties":{"id":"node/7802068537","name":"Allure Nail Bar","group":"personal_care","category":"shop=beauty","hours":"Mo-Fr 10:00-20:00; Sa 09:00-20:00; Su 11:00-18:00","city":"Silver Spring","postcode":"20910"}},{"type":"Feature","geometry":{"type":"Point","coordinates":[-77.02636,38.99286]},"properties":{"id":"node/7836144897","name":"Mix Bar and Grille","group":"food","category":"amenity=bar","housenumber":"8241","street":"Georgia Avenue","city":"Silver Spring","postcode":"20910"}},{"type":"Feature","geometry":{"type":"Point","coordinates":[-77.02549,38.99331]},"properties":{"id":"node/7836144898","name":"Takoma Old Town Auto Service Center 2","group":"services","category":"shop=car_repair","housenumber":"915","street":"Thayer Avenue","city":"Silver Spring","postcode":"20910"}},{"type":"Feature","geometry":{"type":"Point","coordinates":[-77.02467,38.99453]},"properties":{"id":"node/7836144903","name":"Lewi Cafe","group":"food","category":"amenity=cafe","phone":"+1 240-531-2924","website":"https://www.lewicafe.com/silver-spring-maryland/","housenumber":"911","street":"Bonifant Street","city":"Silver Spring","postcode":"20910"}},{"type":"Feature","geometry":{"type":"Point","coordinates":[-77.02596,38.99309]},"properties":{"id":"node/7836144909","name":"Negril The Jamaican Eatery","group":"food","category":"amenity=restaurant","cuisine":"caribbean","phone":"+1 301-585-3000","website":"https://www.negrileats.com/","housenumber":"965","street":"Thayer Avenue","city":"Silver Spring","postcode":"20910"}},{"type":"Feature","geometry":{"type":"Point","coordinates":[-77.02608,38.99307]},"properties":{"id":"node/7836144910","name":"Cortez Cigars","group":"shopping","category":"shop=tobacco","website":"https://www.cortezcigarsdc.com/","housenumber":"971","street":"Thayer Avenue","city":"Silver Spring","postcode":"20910"}},{"type":"Feature","geometry":{"type":"Point","coordinates":[-77.02698,38.99281]},"properties":{"id":"node/7836144911","name":"Spice Street","group":"food","category":"amenity=restaurant","cuisine":"indian","phone":"+1-301-755-6144","website":"https://spicestreetmd.com/","housenumber":"8242","street":"Georgia Avenue","city":"Silver Spring","postcode":"20910"}},{"type":"Feature","geometry":{"type":"Point","coordinates":[-77.02468,38.99444]},"properties":{"id":"node/7847716993","name":"Salon Zoma","group":"personal_care","category":"shop=beauty","housenumber":"919","street":"Bonifant Street","city":"Silver Spring","postcode":"20910"}},{"type":"Feature","geometry":{"type":"Point","coordinates":[-77.1041,38.96584]},"properties":{"id":"node/7873121187","name":"Georgetown Bagelry","group":"food","category":"shop=bakery"}},{"type":"Feature","geometry":{"type":"Point","coordinates":[-77.08827,38.96216]},"properties":{"id":"node/8750622530","name":"Shibuya","group":"food","category":"amenity=restaurant","cuisine":"japanese","hours":"Mo-Su 11:00-21:00","website":"https://www.shibuyafood.com/","housenumber":"4461","street":"Willard Avenue","city":"Chevy Chase","postcode":"20815"}},{"type":"Feature","geometry":{"type":"Point","coordinates":[-77.09598,38.98646]},"properties":{"id":"node/8952916971","name":"The Goldsmiths","group":"shopping","category":"shop=jewelry","website":"dealersindreams.com","housenumber":"7700","street":"Wisconsin Avenue","city":"Bethesda","postcode":"20814"}},{"type":"Feature","geometry":{"type":"Point","coordinates":[-77.09573,38.98621]},"properties":{"id":"node/8952916972","name":"Hair by PAABO","group":"personal_care","category":"shop=hairdresser","website":"https://www.hairbypaabo.com/","housenumber":"7700","street":"Wisconsin Avenue","city":"Bethesda","postcode":"20814"}},{"type":"Feature","geometry":{"type":"Point","coordinates":[-77.09838,38.98894]},"properties":{"id":"node/9053907017","name":"Virraaj Indian Cuisine","group":"food","category":"amenity=restaurant","cuisine":"indian","hours":"Su-Sa 11:30-14:30, 17:00-21:30","phone":"+1 301-847-7225","website":"https://www.virraaj.com/","housenumber":"4914","street":"Cordell Avenue","city":"Bethesda","postcode":"20814"}},{"type":"Feature","geometry":{"type":"Point","coordinates":[-77.0109,38.9752]},"properties":{"id":"node/9140696254","name":"Fair Day's Play","group":"shopping","category":"shop=toys"}},{"type":"Feature","geometry":{"type":"Point","coordinates":[-77.01142,38.97447]},"properties":{"id":"node/9140696256","name":"People's Book","group":"shopping","category":"shop=books","hours":"Mo-Su 09:00-20:00","phone":"+1-240-641-8979","website":"https://peoplesbooktakoma.com/"}},{"type":"Feature","geometry":{"type":"Point","coordinates":[-77.01073,38.97521]},"properties":{"id":"node/9140696258","name":"Red Hound Pizza","group":"food","category":"amenity=restaurant","cuisine":"pizza","phone":"+1-240-531-2988","website":"https://www.redhoundpizza.com","housenumber":"7050","street":"Carroll Avenue","postcode":"20912"}},{"type":"Feature","geometry":{"type":"Point","coordinates":[-77.01229,38.97478]},"properties":{"id":"node/9140696261","name":"Carpe Diem Pizzeria","group":"food","category":"amenity=restaurant","cuisine":"pizza","hours":"Tu-Su 16:30-20:30","housenumber":"7000","street":"Carroll Avenue"}},{"type":"Feature","geometry":{"type":"Point","coordinates":[-77.01123,38.9752]},"properties":{"id":"node/9140696267","name":"Roscoe's Neapolitan Pizzeria","group":"food","category":"amenity=restaurant","cuisine":"pizza","hours":"Mo-Th 12:00-21:00; Fr,Sa 12:00-22:00; Su 11:00-21:00","website":"https://www.roscoespizzeria.com","housenumber":"7040","street":"Carroll Avenue","city":"Takoma Park","postcode":"20912"}},{"type":"Feature","geometry":{"type":"Point","coordinates":[-77.0124,38.97479]},"properties":{"id":"node/9140696269","name":"Trattoria Da Lina","group":"food","category":"amenity=restaurant","cuisine":"italian","hours":"Tu-Th,Su 16:30-20:30; Fr,Sa 16:30-21:00; PH off"}},{"type":"Feature","geometry":{"type":"Point","coordinates":[-77.01057,38.97527]},"properties":{"id":"node/9140696270","name":"Kittner Studio","group":"shopping","category":"shop=art"}},{"type":"Feature","geometry":{"type":"Point","coordinates":[-77.00688,38.97815]},"properties":{"id":"node/9140696271","name":"Takoma Bicycle","group":"shopping","category":"shop=bicycle","hours":"Tu,Th 11:00-19:00; We,Fr 10:00-18:00; Sa,Su 10:00-16:00; Mo off","website":"https://takomabicycle.com/"}},{"type":"Feature","geometry":{"type":"Point","coordinates":[-77.01213,38.97494]},"properties":{"id":"node/9142687673","name":"Greenthinker","group":"groceries","category":"shop=chemist","hours":"Mo off; Tu-Th 11:00-18:00; Fr-Sa 11:00-19:00; Su 10:00-16:00","phone":"+1-240-554-5695","website":"https://greenthinkerdc.org/","housenumber":"7006","street":"Carroll Avenue","city":"Takoma Park","postcode":"20912"}},{"type":"Feature","geometry":{"type":"Point","coordinates":[-76.99265,38.97568]},"properties":{"id":"node/9178792019","name":"El Catrachito","group":"food","category":"amenity=restaurant","cuisine":"mexican"}},{"type":"Feature","geometry":{"type":"Point","coordinates":[-76.99329,38.97554]},"properties":{"id":"node/9178792022","name":"Photos Unlimited","group":"services","category":"shop=photo"}},{"type":"Feature","geometry":{"type":"Point","coordinates":[-76.99568,38.97454]},"properties":{"id":"node/9178792029","name":"La Fonda","group":"food","category":"amenity=restaurant","cuisine":"mexican"}},{"type":"Feature","geometry":{"type":"Point","coordinates":[-76.99565,38.97457]},"properties":{"id":"node/9178792038","name":"Lishion Hair Studio","group":"personal_care","category":"shop=hairdresser"}},{"type":"Feature","geometry":{"type":"Point","coordinates":[-76.9951,38.9749]},"properties":{"id":"node/9178792042","name":"Value Furniture and Rugs","group":"shopping","category":"shop=furniture"}},{"type":"Feature","geometry":{"type":"Point","coordinates":[-77.00711,38.98271]},"properties":{"id":"node/9178792046","name":"Zemen Market","group":"groceries","category":"shop=convenience","hours":"Mo-Sa 08:30-21:30; Su 09:00-21:00","phone":"+1-301-326-1794","housenumber":"7605","street":"Maple Avenue","city":"Takoma Park","postcode":"20912"}},{"type":"Feature","geometry":{"type":"Point","coordinates":[-76.99319,38.97555]},"properties":{"id":"node/9178792048","name":"Jason's Sub Shop","group":"food","category":"amenity=restaurant"}},{"type":"Feature","geometry":{"type":"Point","coordinates":[-76.99589,38.97423]},"properties":{"id":"node/9178792050","name":"Best Buy Furniture","group":"shopping","category":"shop=furniture"}},{"type":"Feature","geometry":{"type":"Point","coordinates":[-76.99535,38.97486]},"properties":{"id":"node/9178792051","name":"Best Nails","group":"personal_care","category":"shop=beauty"}},{"type":"Feature","geometry":{"type":"Point","coordinates":[-76.99577,38.97446]},"properties":{"id":"node/9178792055","name":"Congress+","group":"food","category":"amenity=restaurant","cuisine":"african","housenumber":"6834"}},{"type":"Feature","geometry":{"type":"Point","coordinates":[-76.99582,38.97441]},"properties":{"id":"node/9178792059","name":"Hiwot Fashion","group":"shopping","category":"shop=clothes"}},{"type":"Feature","geometry":{"type":"Point","coordinates":[-76.9953,38.9749]},"properties":{"id":"node/9178792060","name":"Mercy Dry Cleaners","group":"services","category":"shop=dry_cleaning","housenumber":"6852","street":"New Hampshire Avenue","city":"Takoma Park","postcode":"20912"}},{"type":"Feature","geometry":{"type":"Point","coordinates":[-76.99553,38.97469]},"properties":{"id":"node/9178792063","name":"Los Pollos","group":"food","category":"amenity=restaurant","cuisine":"mexican"}},{"type":"Feature","geometry":{"type":"Point","coordinates":[-76.99544,38.97477]},"properties":{"id":"node/9178792068","name":"Ibex","group":"food","category":"amenity=restaurant","cuisine":"ethiopian"}},{"type":"Feature","geometry":{"type":"Point","coordinates":[-76.99548,38.97473]},"properties":{"id":"node/9178792077","name":"Arada Market","group":"groceries","category":"shop=alcohol"}},{"type":"Feature","geometry":{"type":"Point","coordinates":[-76.99253,38.97612]},"properties":{"id":"node/9178792086","name":"Denchfield Roofing Corporation","group":"services","category":"craft=roofer"}},{"type":"Feature","geometry":{"type":"Point","coordinates":[-77.00715,38.98266]},"properties":{"id":"node/9178792087","name":"Peter's Sub Shop","group":"food","category":"amenity=restaurant","housenumber":"7603","street":"Maple Avenue"}},{"type":"Feature","geometry":{"type":"Point","coordinates":[-76.99338,38.97551]},"properties":{"id":"node/9178792099","name":"Shegar Mart","group":"groceries","category":"shop=convenience"}},{"type":"Feature","geometry":{"type":"Point","coordinates":[-77.00705,38.98274]},"properties":{"id":"node/9178792102","name":"Sabela Hair Salon","group":"personal_care","category":"shop=hairdresser","hours":"Mo-Th 09:00-19:00; Fr,Sa 08:00-19:00; Su 10:00-18:00","housenumber":"7607","street":"Maple Avenue"}},{"type":"Feature","geometry":{"type":"Point","coordinates":[-76.99963,38.97011]},"properties":{"id":"node/9196413577","name":"New and Used Tires","group":"services","category":"shop=tyres"}},{"type":"Feature","geometry":{"type":"Point","coordinates":[-77.00194,38.98867]},"properties":{"id":"node/9295880274","name":"Affordable Roofing","group":"services","category":"craft=roofer","hours":"Mo-Fr 08:00-16:00; Sa, Su off","phone":"+1-301-495-9274","website":"https://www.affordableroofmd.com/"}},{"type":"Feature","geometry":{"type":"Point","coordinates":[-77.00568,38.97899]},"properties":{"id":"node/9380111048","name":"Heritage Building and Renovation","group":"services","category":"craft=builder","phone":"+1 301-270-4799","website":"https://heritagebr.com/"}},{"type":"Feature","geometry":{"type":"Point","coordinates":[-77.02786,38.98572]},"properties":{"id":"node/9486254339","name":"Kedus Hair Salon","group":"personal_care","category":"shop=hairdresser","housenumber":"7851","street":"Eastern Avenue Northwest"}},{"type":"Feature","geometry":{"type":"Point","coordinates":[-77.02728,38.98529]},"properties":{"id":"node/9486254340","name":"Adulis Store","group":"food","category":"amenity=cafe","housenumber":"7825","street":"Eastern Avenue Northwest"}},{"type":"Feature","geometry":{"type":"Point","coordinates":[-77.02733,38.98533]},"properties":{"id":"node/9486254343","name":"Beauty By Josey","group":"personal_care","category":"shop=beauty","housenumber":"7829","street":"Eastern Avenue Northwest"}},{"type":"Feature","geometry":{"type":"Point","coordinates":[-77.02771,38.9856]},"properties":{"id":"node/9486254345","name":"Woder Ethiopia","group":"food","category":"amenity=restaurant","cuisine":"ethiopian"}},{"type":"Feature","geometry":{"type":"Point","coordinates":[-77.08672,38.9635]},"properties":{"id":"node/9553216194","name":"DePandi","group":"shopping","category":"shop=clothes"}},{"type":"Feature","geometry":{"type":"Point","coordinates":[-77.00133,38.98886]},"properties":{"id":"node/9631770194","name":"Mansa Kunda","group":"food","category":"amenity=restaurant"}},{"type":"Feature","geometry":{"type":"Point","coordinates":[-77.00162,38.9885]},"properties":{"id":"node/9631770195","name":"ADU","group":"shopping","category":"shop=appliance","housenumber":"729","street":"Erie Avenue"}},{"type":"Feature","geometry":{"type":"Point","coordinates":[-76.98912,38.9886]},"properties":{"id":"node/9631979683","name":"Fantasy Nails","group":"personal_care","category":"shop=beauty"}},{"type":"Feature","geometry":{"type":"Point","coordinates":[-76.98736,38.98781]},"properties":{"id":"node/9631979685","name":"Elegant By Ezel","group":"shopping","category":"shop=clothes"}},{"type":"Feature","geometry":{"type":"Point","coordinates":[-76.98733,38.98803]},"properties":{"id":"node/9631979686","name":"Discount Mart","group":"groceries","category":"shop=variety_store"}},{"type":"Feature","geometry":{"type":"Point","coordinates":[-76.98673,38.98568]},"properties":{"id":"node/9631979687","name":"Emma Hair Salon","group":"personal_care","category":"shop=hairdresser"}},{"type":"Feature","geometry":{"type":"Point","coordinates":[-76.98659,38.98567]},"properties":{"id":"node/9631979688","name":"World Fashion Intl","group":"shopping","category":"shop=clothes"}},{"type":"Feature","geometry":{"type":"Point","coordinates":[-76.98741,38.98737]},"properties":{"id":"node/9631979690","name":"Gold Design","group":"shopping","category":"shop=jewelry"}},{"type":"Feature","geometry":{"type":"Point","coordinates":[-76.9902,38.99003]},"properties":{"id":"node/9631979692","name":"Megamart","group":"groceries","category":"shop=supermarket"}},{"type":"Feature","geometry":{"type":"Point","coordinates":[-76.98934,38.98885]},"properties":{"id":"node/9631979694","name":"Ice Pole Jeans","group":"shopping","category":"shop=clothes"}},{"type":"Feature","geometry":{"type":"Point","coordinates":[-76.98864,38.98853]},"properties":{"id":"node/9631979697","name":"Sarah Fabrics","group":"shopping","category":"shop=fabric","housenumber":"1173","street":"University Boulevard East","city":"Takoma Park","postcode":"20912"}},{"type":"Feature","geometry":{"type":"Point","coordinates":[-76.9893,38.98881]},"properties":{"id":"node/9631979700","name":"El Comalito","group":"food","category":"amenity=restaurant","cuisine":"mexican"}},{"type":"Feature","geometry":{"type":"Point","coordinates":[-76.98747,38.98691]},"properties":{"id":"node/9631979702","name":"Town Beauty Supply","group":"personal_care","category":"shop=beauty"}},{"type":"Feature","geometry":{"type":"Point","coordinates":[-76.98735,38.98814]},"properties":{"id":"node/9631979703","name":"Dima Furniture","group":"shopping","category":"shop=furniture"}},{"type":"Feature","geometry":{"type":"Point","coordinates":[-76.99018,38.98969]},"properties":{"id":"node/9631979704","name":"7B Cleaners","group":"services","category":"shop=dry_cleaning"}},{"type":"Feature","geometry":{"type":"Point","coordinates":[-76.9884,38.98838]},"properties":{"id":"node/9631979706","name":"Tonys Villa","group":"food","category":"amenity=fast_food","cuisine":"pizza","housenumber":"7682","street":"New Hampshire Avenue","city":"Takoma Park","postcode":"20912"}},{"type":"Feature","geometry":{"type":"Point","coordinates":[-76.98841,38.9883]},"properties":{"id":"node/9631979707","name":"Caribbean Palace","group":"food","category":"amenity=restaurant","cuisine":"caribbean","housenumber":"7680","street":"New Hampshire Avenue","city":"Takoma Park","postcode":"20912"}},{"type":"Feature","geometry":{"type":"Point","coordinates":[-76.98749,38.98686]},"properties":{"id":"node/9631979708","name":"Brazilian Bakery","group":"food","category":"shop=bakery"}},{"type":"Feature","geometry":{"type":"Point","coordinates":[-76.98745,38.98712]},"properties":{"id":"node/9631979710","name":"Red Apple Farmers Market","group":"groceries","category":"shop=supermarket"}},{"type":"Feature","geometry":{"type":"Point","coordinates":[-76.98669,38.98608]},"properties":{"id":"node/9631979711","name":"JK Mart","group":"groceries","category":"shop=convenience"}},{"type":"Feature","geometry":{"type":"Point","coordinates":[-76.98945,38.98896]},"properties":{"id":"node/9631979713","name":"Sardi's Pollo a la Brasa","group":"food","category":"amenity=restaurant","cuisine":"chicken"}},{"type":"Feature","geometry":{"type":"Point","coordinates":[-76.98749,38.98679]},"properties":{"id":"node/9631979714","name":"McDoris Fabrics","group":"shopping","category":"shop=fabric"}},{"type":"Feature","geometry":{"type":"Point","coordinates":[-76.99247,38.99269]},"properties":{"id":"node/9631979715","name":"Campeon","group":"food","category":"amenity=restaurant","cuisine":"chicken","hours":"Mo-Th 10:00-22:00; Fr-Su 10:00-23:00","housenumber":"902","street":"Merrimac Drive"}},{"type":"Feature","geometry":{"type":"Point","coordinates":[-76.98744,38.9872]},"properties":{"id":"node/9631979716","name":"Envy Nails","group":"personal_care","category":"shop=beauty"}},{"type":"Feature","geometry":{"type":"Point","coordinates":[-76.98986,38.98935]},"properties":{"id":"node/9631998317","name":"Silver Spring Jewelery","group":"shopping","category":"shop=jewelry"}},{"type":"Feature","geometry":{"type":"Point","coordinates":[-76.98918,38.98869]},"properties":{"id":"node/9631998318","name":"Fraccidas Hair Salon","group":"personal_care","category":"shop=hairdresser"}},{"type":"Feature","geometry":{"type":"Point","coordinates":[-76.98926,38.98877]},"properties":{"id":"node/9631998319","name":"Mattress Mike","group":"shopping","category":"shop=bed"}},{"type":"Feature","geometry":{"type":"Point","coordinates":[-76.98901,38.98855]},"properties":{"id":"node/9631998322","name":"Patrick Shoe Repair","group":"services","category":"shop=shoe_repair"}},{"type":"Feature","geometry":{"type":"Point","coordinates":[-76.98647,38.98566]},"properties":{"id":"node/9631998323","name":"El Alazan Western Wear","group":"shopping","category":"shop=clothes"}},{"type":"Feature","geometry":{"type":"Point","coordinates":[-76.98766,38.98562]},"properties":{"id":"node/9631998325","name":"Tire Town","group":"services","category":"shop=tyres"}},{"type":"Feature","geometry":{"type":"Point","coordinates":[-76.98937,38.98889]},"properties":{"id":"node/9631998326","name":"Kobe Japan","group":"food","category":"amenity=restaurant","cuisine":"japanese"}},{"type":"Feature","geometry":{"type":"Point","coordinates":[-76.98949,38.98901]},"properties":{"id":"node/9631998330","name":"Family Shoes","group":"shopping","category":"shop=shoes"}},{"type":"Feature","geometry":{"type":"Point","coordinates":[-76.98671,38.98595]},"properties":{"id":"node/9631998331","name":"Fiesta Laundromat","group":"services","category":"shop=laundry"}},{"type":"Feature","geometry":{"type":"Point","coordinates":[-76.99008,38.98959]},"properties":{"id":"node/9631998332","name":"Beauty Island","group":"personal_care","category":"shop=beauty"}},{"type":"Feature","geometry":{"type":"Point","coordinates":[-76.98691,38.98793]},"properties":{"id":"node/9688737225","name":"Checks Cashed J.B. Cash Corporation","group":"services","category":"shop=money_lender"}},{"type":"Feature","geometry":{"type":"Point","coordinates":[-76.98711,38.98805]},"properties":{"id":"node/9688737240","name":"Capitol Kidz","group":"shopping","category":"shop=clothes"}},{"type":"Feature","geometry":{"type":"Point","coordinates":[-76.98676,38.98784]},"properties":{"id":"node/9688737241","name":"G&G Pawn","group":"services","category":"shop=pawnbroker"}},{"type":"Feature","geometry":{"type":"Point","coordinates":[-77.02685,38.9852]},"properties":{"id":"node/9712618451","name":"Cash Depot","group":"services","category":"shop=money_lender"}},{"type":"Feature","geometry":{"type":"Point","coordinates":[-77.02688,38.98551]},"properties":{"id":"node/9712618452","name":"La Fonda Paisa","group":"groceries","category":"shop=convenience"}},{"type":"Feature","geometry":{"type":"Point","coordinates":[-77.02685,38.9853]},"properties":{"id":"node/9712618455","name":"7 Brothers Cleaners","group":"services","category":"shop=dry_cleaning"}},{"type":"Feature","geometry":{"type":"Point","coordinates":[-77.02688,38.98547]},"properties":{"id":"node/9712618457","name":"Chez Aviole","group":"food","category":"amenity=restaurant","cuisine":"haitian","hours":"Mo off; Tu-We 12:00-21:00; Th 12:00-22:00; Fr-Su 12:00-23:00","website":"https://www.chezaviole1.com/","housenumber":"7912","street":"Georgia Avenue","city":"Silver Spring","postcode":"20910-4837"}},{"type":"Feature","geometry":{"type":"Point","coordinates":[-77.02687,38.98534]},"properties":{"id":"node/9712618460","name":"DMZ Hair Salon","group":"personal_care","category":"shop=hairdresser"}},{"type":"Feature","geometry":{"type":"Point","coordinates":[-77.09303,38.98071]},"properties":{"id":"node/9900677318","name":"Lance's Beer and Wine","group":"groceries","category":"shop=alcohol","housenumber":"4701","street":"Miller Avenue"}},{"type":"Feature","geometry":{"type":"Point","coordinates":[-77.00789,38.9836]},"properties":{"id":"node/9921535955","name":"Beauty and Barber Shop","group":"personal_care","category":"shop=hairdresser"}},{"type":"Feature","geometry":{"type":"Point","coordinates":[-77.00815,38.98378]},"properties":{"id":"node/9921535959","name":"Park Ritchie Market","group":"groceries","category":"shop=convenience"}},{"type":"Feature","geometry":{"type":"Point","coordinates":[-77.03359,38.99476]},"properties":{"id":"node/10023233008","name":"Anagen Hair Restoration","group":"personal_care","category":"shop=hairdresser","hours":"Mo-Fr 09:00-18:00","phone":"+1-301-591-6552","website":"https://anagenhairrestoration.com","housenumber":"8403","street":"Colesville Road","city":"Silver Spring","postcode":"20910"}},{"type":"Feature","geometry":{"type":"Point","coordinates":[-77.09479,38.9881]},"properties":{"id":"node/10215235734","name":"Chevy Chase Acura","group":"shopping","category":"shop=trade"}},{"type":"Feature","geometry":{"type":"Point","coordinates":[-77.09688,38.98853]},"properties":{"id":"node/10215250905","name":"European Wax Center","group":"food","category":"amenity=restaurant"}},{"type":"Feature","geometry":{"type":"Point","coordinates":[-77.09713,38.98867]},"properties":{"id":"node/10215250906","name":"Donburi Dojo","group":"food","category":"amenity=restaurant","housenumber":"7820","street":"Norfolk Avenue","postcode":"20814"}},{"type":"Feature","geometry":{"type":"Point","coordinates":[-77.09726,38.98873]},"properties":{"id":"node/10215250907","name":"Kusshi Bethesda","group":"food","category":"amenity=restaurant","website":"https://www.kusshisushi.com/","housenumber":"7820","street":"Norfolk Avenue","postcode":"20814"}},{"type":"Feature","geometry":{"type":"Point","coordinates":[-77.0974,38.98921]},"properties":{"id":"node/10215251766","name":"Capital Beer & Wine","group":"groceries","category":"shop=alcohol","website":"https://www.capitalbeerwine.com/"}},{"type":"Feature","geometry":{"type":"Point","coordinates":[-77.09626,38.9808]},"properties":{"id":"node/10215319407","name":"Framebridge","group":"shopping","category":"shop=frame","hours":"Mo-Fr 11:00-18:00; Su 10:00-18:00","website":"https://www.framebridge.com/pages/bethesda","housenumber":"4806","street":"Bethesda Avenue","city":"Bethesda","postcode":"20814"}},{"type":"Feature","geometry":{"type":"Point","coordinates":[-77.09768,38.98072]},"properties":{"id":"node/10215347601","name":"Jenny Kayne","group":"shopping","category":"shop=clothes"}},{"type":"Feature","geometry":{"type":"Point","coordinates":[-77.09754,38.98073]},"properties":{"id":"node/10215347603","name":"Levain","group":"food","category":"shop=bakery","housenumber":"4844","street":"Bethesda Avenue"}},{"type":"Feature","geometry":{"type":"Point","coordinates":[-77.09768,38.98123]},"properties":{"id":"node/10215380777","name":"Dolcezza","group":"food","category":"amenity=ice_cream","hours":"Mo-Th,Su 09:30-22:00; Fr-Sa 09:30-23:00","housenumber":"7111","street":"Bethesda Lane"}},{"type":"Feature","geometry":{"type":"Point","coordinates":[-77.09749,38.98199]},"properties":{"id":"node/10215420275","name":"Ideal Image Bethesda Row","group":"personal_care","category":"shop=beauty","housenumber":"4930","street":"Elm Street"}},{"type":"Feature","geometry":{"type":"Point","coordinates":[-77.09724,38.98201]},"properties":{"id":"node/10215420276","name":"Heyday Bethesda Row","group":"personal_care","category":"shop=beauty","phone":"+1 240-207-1285","website":"https://heydayskincare.com","housenumber":"4922","street":"Elm Street"}},{"type":"Feature","geometry":{"type":"Point","coordinates":[-77.09702,38.98201]},"properties":{"id":"node/10215420277","name":"Jeni's Ice Cream","group":"food","category":"amenity=ice_cream","hours":"Mo-We,Su 12:00-20:00; Th-Sa 12:00-22:00","housenumber":"4918","street":"Elm Street"}},{"type":"Feature","geometry":{"type":"Point","coordinates":[-77.0983,38.98156]},"properties":{"id":"node/10215467154","name":"Roosters","group":"personal_care","category":"shop=hairdresser","housenumber":"7135","street":"Arlington Road"}},{"type":"Feature","geometry":{"type":"Point","coordinates":[-77.08832,38.96488]},"properties":{"id":"node/10258003897","name":"The West Institute Chevy Chase","group":"personal_care","category":"shop=beauty","phone":"+13019869378","website":"https://westskinlaser.com/","street":"Wisconsin Avenue","city":"Chevy Chase","postcode":"20815"}},{"type":"Feature","geometry":{"type":"Point","coordinates":[-77.09713,38.98805]},"properties":{"id":"node/10556396843","name":"Once Again Tech","group":"shopping","category":"shop=computer","hours":"Mo-Sa 10:00-20:00","phone":"+1 301 272 2191","website":"https://www.onceagaintech.com","street":"Fairmont Avenue","city":"Bethesda","postcode":"20814"}},{"type":"Feature","geometry":{"type":"Point","coordinates":[-77.09366,38.98121]},"properties":{"id":"node/10599295134","name":"World of Beer","group":"food","category":"amenity=pub","cuisine":"american;bar_and_grill","hours":"Su-Th 11:30-23:00,Fr-Sa 11:30-00:00","phone":"+12403899317","website":"https://worldofbeer.com/Locations/Bethesda","housenumber":"7200","street":"Wisconsin Avenue","city":"Bethesda","postcode":"20814"}},{"type":"Feature","geometry":{"type":"Point","coordinates":[-77.09751,38.9822]},"properties":{"id":"node/10684548365","name":"Tikka Masala","group":"food","category":"amenity=restaurant","cuisine":"indian","website":"https://tikkamasala.us/","housenumber":"4929","street":"Elm Street","city":"Bethesda","postcode":"20814"}},{"type":"Feature","geometry":{"type":"Point","coordinates":[-77.09731,38.98235]},"properties":{"id":"node/10684548366","name":"Montgomery County Liquor","group":"groceries","category":"shop=alcohol","housenumber":"4920","street":"Hampden Lane","city":"Bethesda","postcode":"20814"}},{"type":"Feature","geometry":{"type":"Point","coordinates":[-77.09646,38.98881]},"properties":{"id":"node/10691225138","name":"Jetties","group":"food","category":"amenity=fast_food","cuisine":"sandwich;salad;soup","hours":"Mo-Fr 10:00-20:00; Sa,Su 10:00-16:00","phone":"+1-240-858-4030","housenumber":"4829","street":"Fairmont Avenue","city":"Bethesda","postcode":"20814"}},{"type":"Feature","geometry":{"type":"Point","coordinates":[-77.10431,38.96588]},"properties":{"id":"node/10724627428","name":"Sarah's Handmade Ice Cream","group":"food","category":"amenity=ice_cream","hours":"Mo-Su 11:00-21:00","phone":"+1-301-652-6823","website":"https://sarahshandmadeicecream.com/","housenumber":"5241","street":"River Road","city":"Bethesda","postcode":"20816"}},{"type":"Feature","geometry":{"type":"Point","coordinates":[-77.10438,38.96604]},"properties":{"id":"node/10724627432","name":"MotoPhoto Bethesda","group":"services","category":"shop=photo"}},{"type":"Feature","geometry":{"type":"Point","coordinates":[-77.10437,38.96612]},"properties":{"id":"node/10724627433","name":"Hunan Kitchen","group":"food","category":"amenity=restaurant","cuisine":"chinese"}},{"type":"Feature","geometry":{"type":"Point","coordinates":[-77.03224,38.99244]},"properties":{"id":"node/10736129393","name":"Mamma Lucia","group":"food","category":"amenity=restaurant","cuisine":"italian","phone":"+1 301-562-0693","website":"http://www.mammaluciarestaurants.com","housenumber":"1302","street":"East West Highway","city":"Silver Spring","postcode":"20910-3232"}},{"type":"Feature","geometry":{"type":"Point","coordinates":[-77.09908,38.98853]},"properties":{"id":"node/10771881091","name":"Passage to India","group":"food","category":"amenity=restaurant","cuisine":"indian","hours":"We-Mo 11:30-14:15, 17:00-21:15","phone":"+1-301-656-3373","website":"https://www.passagetoindia.info/","housenumber":"4931","street":"Cordell Avenue","city":"Bethesda","postcode":"20814"}},{"type":"Feature","geometry":{"type":"Point","coordinates":[-77.09731,38.98222]},"properties":{"id":"node/10844295833","name":"Claire de Lune Sleepwear","group":"shopping","category":"shop=clothes","housenumber":"4925","street":"Elm Street"}},{"type":"Feature","geometry":{"type":"Point","coordinates":[-77.09961,38.98098]},"properties":{"id":"node/11137616810","name":"Takumi Sushi","group":"food","category":"amenity=restaurant","cuisine":"sushi","hours":"Fr-Sa 11:00-23:00; Su-Th 11:00-22:00","website":"https://takumisushibar.com/","housenumber":"4929","street":"Bethesda Avenue","postcode":"20814"}},{"type":"Feature","geometry":{"type":"Point","coordinates":[-77.09865,38.98957]},"properties":{"id":"node/11372159917","name":"Bethesda Custom Tailors","group":"services","category":"shop=tailor","hours":"Mo-Sa 11:00-17:00; Su off","phone":"+1 301-656-2077","website":"https://bethesdacustomtailors.com","housenumber":"7946","street":"Norfolk Avenue"}},{"type":"Feature","geometry":{"type":"Point","coordinates":[-77.11615,38.94354]},"properties":{"id":"node/11432889861","name":"Pit Masters Back Alley BBQ","group":"food","category":"amenity=restaurant","cuisine":"barbecue"}},{"type":"Feature","geometry":{"type":"Point","coordinates":[-77.10667,38.96249]},"properties":{"id":"node/11489372396","name":"Westwood Barber Shop","group":"personal_care","category":"shop=hairdresser","housenumber":"5400","street":"Westbard Avenue","city":"Bethesda","postcode":"20816"}},{"type":"Feature","geometry":{"type":"Point","coordinates":[-77.10666,38.96256]},"properties":{"id":"node/11489372397","name":"Silver and Sons Barbecue","group":"food","category":"amenity=restaurant","cuisine":"barbecue","housenumber":"5362","street":"Westbard Avenue","city":"Bethesda","postcode":"20816"}},{"type":"Feature","geometry":{"type":"Point","coordinates":[-77.10666,38.96284]},"properties":{"id":"node/11489372398","name":"Voorthuis Opticians","group":"personal_care","category":"shop=optician","housenumber":"5400","street":"Westbard Avenue","city":"Bethesda","postcode":"20816"}},{"type":"Feature","geometry":{"type":"Point","coordinates":[-77.02828,38.98961]},"properties":{"id":"node/11524221870","name":"Laurence Hair Braiding","group":"personal_care","category":"shop=hairdresser","hours":"Mo-Su 09:00-20:00","phone":"+1-202-299-0211","website":"https://laurashairbraiding.com","housenumber":"1133","street":"East-West Hwy","city":"Silver Spring","postcode":"20910"}},{"type":"Feature","geometry":{"type":"Point","coordinates":[-77.10489,38.96253]},"properties":{"id":"node/11638480977","name":"Wray Brothers Landscaping","group":"services","category":"craft=gardener","housenumber":"5200","street":"River Road","city":"Bethesda","postcode":"20816"}},{"type":"Feature","geometry":{"type":"Point","coordinates":[-77.0333,38.99339]},"properties":{"id":"node/11653134970","name":"Leva Nails","group":"personal_care","category":"shop=beauty","housenumber":"8395","street":"Colesville Road","city":"Silver Spring","postcode":"20910"}},{"type":"Feature","geometry":{"type":"Point","coordinates":[-77.0105,38.97526]},"properties":{"id":"node/11773911512","name":"San Pancho Burritos","group":"food","category":"amenity=restaurant","cuisine":"mexican","hours":"Tu-Th 08:00-21:00; Fr 08:00-22:00; Sa 09:00-22:00; Su 09:00-21:00; Mo 16:00-21:00","phone":"+1-301-270-0876","website":"https://www.sanpanchoburritos.com/","housenumber":"7056","street":"Carroll Avenue","city":"Takoma Park","postcode":"20912"}},{"type":"Feature","geometry":{"type":"Point","coordinates":[-77.09198,38.9816]},"properties":{"id":"node/11829063213","name":"Columbia Care","group":"shopping","category":"shop=cannabis","housenumber":"4609","street":"Willow Lane","city":"Chevy Chase","postcode":"20815"}},{"type":"Feature","geometry":{"type":"Point","coordinates":[-77.02485,38.98971]},"properties":{"id":"node/12243104773","name":"Bump N Grind Analog Market Pop Up","group":"food","category":"shop=coffee","hours":"Th-Su 09:00-16:00","website":"https://bumpngrind.co/","housenumber":"Gist Avenue","street":"923"}},{"type":"Feature","geometry":{"type":"Point","coordinates":[-77.09869,38.98033]},"properties":{"id":"node/12244228433","name":"Euro Motorcars","group":"shopping","category":"shop=car"}},{"type":"Feature","geometry":{"type":"Point","coordinates":[-77.09939,38.98099]},"properties":{"id":"node/12244228437","name":"Delhi Spice","group":"food","category":"amenity=restaurant","cuisine":"indian","phone":"+1 240-223-2101","website":"https://www.delhispice.us/","housenumber":"4925","street":"Bethesda Avenue","postcode":"20814"}},{"type":"Feature","geometry":{"type":"Point","coordinates":[-77.09524,38.9823]},"properties":{"id":"node/12247303930","name":"The Barking Dog","group":"food","category":"amenity=pub"}},{"type":"Feature","geometry":{"type":"Point","coordinates":[-77.09591,38.9811]},"properties":{"id":"node/12247303931","name":"Terrain","group":"shopping","category":"shop=interior_decoration"}},{"type":"Feature","geometry":{"type":"Point","coordinates":[-77.0958,38.98228]},"properties":{"id":"node/12249142125","name":"Dig","group":"food","category":"amenity=restaurant"}},{"type":"Feature","geometry":{"type":"Point","coordinates":[-77.09541,38.98229]},"properties":{"id":"node/12249142126","name":"Tropical Smoothie King","group":"food","category":"amenity=fast_food","cuisine":"juice"}},{"type":"Feature","geometry":{"type":"Point","coordinates":[-77.09064,38.97791]},"properties":{"id":"node/12251597800","name":"Bray & Scarff","group":"shopping","category":"shop=kitchen"}},{"type":"Feature","geometry":{"type":"Point","coordinates":[-77.0989,38.98774]},"properties":{"id":"node/12254691890","name":"Quick Remodels","group":"shopping","category":"shop=kitchen","hours":"Mo-Fr 09:00-17:00","phone":"+1-301-347-6222","website":"https://quickremodels.com/","housenumber":"7801","street":"Old Georgetown Road","city":"Bethesda","postcode":"20814"}},{"type":"Feature","geometry":{"type":"Point","coordinates":[-77.0987,38.98776]},"properties":{"id":"node/12254763823","name":"Bethesda Cabinets","group":"shopping","category":"shop=kitchen","hours":"Mo-Fr 09:00-17:00","phone":"+1-240-444-6161","website":"https://bethesdacabinets.com/","housenumber":"7801","street":"Old Georgetown Road","city":"Bethesda","postcode":"20814"}},{"type":"Feature","geometry":{"type":"Point","coordinates":[-77.09863,38.98782]},"properties":{"id":"node/12259464991","name":"Hinata Sushi and Market","group":"groceries","category":"shop=grocery","housenumber":"4947","street":"Saint Elmo Avenue","city":"Bethesda","postcode":"20814"}},{"type":"Feature","geometry":{"type":"Point","coordinates":[-77.09631,38.98254]},"properties":{"id":"node/12285999555","name":"The Salt Line","group":"food","category":"amenity=restaurant","cuisine":"seafood"}},{"type":"Feature","geometry":{"type":"Point","coordinates":[-77.09937,38.97837]},"properties":{"id":"node/12333458358","name":"Bradley Liberty Automotive Service and Repair","group":"services","category":"shop=car_repair"}},{"type":"Feature","geometry":{"type":"Point","coordinates":[-77.09913,38.97847]},"properties":{"id":"node/12333458359","name":"Wag N' Wash Natural Pet Food & Grooming","group":"shopping","category":"shop=pet"}},{"type":"Feature","geometry":{"type":"Point","coordinates":[-77.09911,38.97874]},"properties":{"id":"node/12333458363","name":"Edith's Pizza","group":"food","category":"amenity=restaurant","cuisine":"pizza"}},{"type":"Feature","geometry":{"type":"Point","coordinates":[-77.09912,38.9788]},"properties":{"id":"node/12333458364","name":"Voorthuis Optician","group":"personal_care","category":"shop=optician"}},{"type":"Feature","geometry":{"type":"Point","coordinates":[-77.09911,38.97892]},"properties":{"id":"node/12333458365","name":"Bradley Barber Shop","group":"personal_care","category":"shop=hairdresser"}},{"type":"Feature","geometry":{"type":"Point","coordinates":[-77.09911,38.97903]},"properties":{"id":"node/12333458366","name":"Bradley Party & Variety","group":"shopping","category":"shop=party"}},{"type":"Feature","geometry":{"type":"Point","coordinates":[-77.09857,38.97859]},"properties":{"id":"node/12333458371","name":"The NOW: Bethesda","group":"personal_care","category":"shop=massage"}},{"type":"Feature","geometry":{"type":"Point","coordinates":[-77.09793,38.97879]},"properties":{"id":"node/12333458377","name":"Marble Systems","group":"services","category":"craft=floorer"}},{"type":"Feature","geometry":{"type":"Point","coordinates":[-77.09915,38.97774]},"properties":{"id":"node/12333458390","name":"Signature Select","group":"food","category":"shop=deli"}},{"type":"Feature","geometry":{"type":"Point","coordinates":[-77.09783,38.9787]},"properties":{"id":"node/12333458394","name":"Pella Windows and Doors Showroom of Bethesda, MD","group":"services","category":"craft=window_construction","website":"https://www.pella.com/"}},{"type":"Feature","geometry":{"type":"Point","coordinates":[-77.0935,38.98355]},"properties":{"id":"node/12342520777","name":"Corella","group":"food","category":"amenity=cafe"}},{"type":"Feature","geometry":{"type":"Point","coordinates":[-77.09346,38.98331]},"properties":{"id":"node/12342520778","name":"24 Hour Massage","group":"personal_care","category":"shop=massage"}},{"type":"Feature","geometry":{"type":"Point","coordinates":[-77.09445,38.98112]},"properties":{"id":"node/12342520793","name":"Aventino Cucina Romana","group":"food","category":"amenity=restaurant","cuisine":"italian","hours":"Tu-Th 11:30-14:30, 17:00-21:00; Fr 11:30-14:30, 17:00-22:00; Sa 10:00-14:00, 17:00-22:00; Su 10:00-14:00, 17:00-21:00","phone":"+1-301-961-6450","website":"https://aventinocucina.com/","housenumber":"4747","street":"Bethesda Avenue","city":"Bethesda","postcode":"20814"}},{"type":"Feature","geometry":{"type":"Point","coordinates":[-77.09305,38.98093]},"properties":{"id":"node/12342520797","name":"Rice Patties Grill","group":"food","category":"amenity=restaurant","cuisine":"vietnamese"}},{"type":"Feature","geometry":{"type":"Point","coordinates":[-77.09586,38.98111]},"properties":{"id":"node/12342537473","name":"Terrain Plants","group":"shopping","category":"shop=garden_centre"}},{"type":"Feature","geometry":{"type":"Point","coordinates":[-77.09067,38.97847]},"properties":{"id":"node/12345219898","name":"Maki Bar","group":"food","category":"amenity=restaurant","cuisine":"sushi"}},{"type":"Feature","geometry":{"type":"Point","coordinates":[-77.09067,38.97825]},"properties":{"id":"node/12345225601","name":"Posh Nails","group":"personal_care","category":"shop=beauty"}},{"type":"Feature","geometry":{"type":"Point","coordinates":[-77.09158,38.97836]},"properties":{"id":"node/12345231205","name":"Vim & Victor - STJ","group":"food","category":"amenity=restaurant","cuisine":"health_food"}},{"type":"Feature","geometry":{"type":"Point","coordinates":[-77.09235,38.97989]},"properties":{"id":"node/12345317733","name":"Marble Systems","group":"services","category":"craft=floorer"}},{"type":"Feature","geometry":{"type":"Point","coordinates":[-77.09233,38.97984]},"properties":{"id":"node/12345317734","name":"Crystal Energy","group":"services","category":"shop=psychic"}},{"type":"Feature","geometry":{"type":"Point","coordinates":[-77.09231,38.9798]},"properties":{"id":"node/12345317735","name":"Town Jewelers","group":"shopping","category":"shop=jewelry"}},{"type":"Feature","geometry":{"type":"Point","coordinates":[-77.09226,38.97972]},"properties":{"id":"node/12345317736","name":"Victor Gallery","group":"shopping","category":"shop=carpet"}},{"type":"Feature","geometry":{"type":"Point","coordinates":[-77.09229,38.97976]},"properties":{"id":"node/12345317737","name":"Sinatra's Gentlemen's Barbershop","group":"personal_care","category":"shop=hairdresser"}},{"type":"Feature","geometry":{"type":"Point","coordinates":[-77.09169,38.97969]},"properties":{"id":"node/12345317741","name":"Thai Kitchen","group":"food","category":"amenity=restaurant","cuisine":"thai"}},{"type":"Feature","geometry":{"type":"Point","coordinates":[-77.0918,38.97991]},"properties":{"id":"node/12345317742","name":"Beer Wine and Co.","group":"groceries","category":"shop=alcohol"}},{"type":"Feature","geometry":{"type":"Point","coordinates":[-77.09163,38.97958]},"properties":{"id":"node/12345317743","name":"Don Pollo of Bethesda","group":"food","category":"amenity=fast_food","cuisine":"peruvian"}},{"type":"Feature","geometry":{"type":"Point","coordinates":[-77.09155,38.97942]},"properties":{"id":"node/12345317744","name":"Kitchen and Bath Studios","group":"shopping","category":"shop=kitchen"}},{"type":"Feature","geometry":{"type":"Point","coordinates":[-77.09159,38.97949]},"properties":{"id":"node/12345317745","name":"Persimmon","group":"food","category":"amenity=restaurant","cuisine":"american"}},{"type":"Feature","geometry":{"type":"Point","coordinates":[-77.09142,38.97994]},"properties":{"id":"node/12345317746","name":"Millers Furs","group":"shopping","category":"shop=fabric"}},{"type":"Feature","geometry":{"type":"Point","coordinates":[-77.02771,38.99406]},"properties":{"id":"node/12405213536","name":"Java Nation","group":"food","category":"amenity=cafe","cuisine":"coffee_shop","hours":"Su-Th 09:00-21:00; Fr-Sa 09:00-22:00","phone":"+1-240-705-7080","website":"https://java-nation.com/pageSilverSpring.html","housenumber":"1010","street":"Wayne Ave","city":"Silver Spring","postcode":"20910"}},{"type":"Feature","geometry":{"type":"Point","coordinates":[-77.08678,38.96367]},"properties":{"id":"node/12405271736","name":"Whyte House Monograms","group":"shopping","category":"shop=clothes"}},{"type":"Feature","geometry":{"type":"Point","coordinates":[-77.09299,38.97195]},"properties":{"id":"node/12507258078","name":"Pruning by Design","group":"services","category":"craft=landscaping","website":"https://www.pruningbydesign.com/"}},{"type":"Feature","geometry":{"type":"Point","coordinates":[-77.09773,38.9822]},"properties":{"id":"node/12507258091","name":"Chip City","group":"food","category":"shop=bakery"}},{"type":"Feature","geometry":{"type":"Point","coordinates":[-77.09771,38.98246]},"properties":{"id":"node/12507258095","name":"Luggage and Leather Depot","group":"shopping","category":"shop=bag"}},{"type":"Feature","geometry":{"type":"Point","coordinates":[-77.09834,38.98239]},"properties":{"id":"node/12507258097","name":"The Red Bloom","group":"personal_care","category":"shop=beauty"}},{"type":"Feature","geometry":{"type":"Point","coordinates":[-77.09834,38.98246]},"properties":{"id":"node/12507258098","name":"Bethesda Barbershop & Styling","group":"personal_care","category":"shop=hairdresser"}},{"type":"Feature","geometry":{"type":"Point","coordinates":[-77.09772,38.98249]},"properties":{"id":"node/12507258099","name":"HoneyFlower Foods","group":"groceries","category":"shop=health_food"}},{"type":"Feature","geometry":{"type":"Point","coordinates":[-77.09702,38.98236]},"properties":{"id":"node/12507258100","name":"Rowan - The Shoppes at Bethesda","group":"personal_care","category":"shop=tattoo"}},{"type":"Feature","geometry":{"type":"Point","coordinates":[-77.09648,38.98225]},"properties":{"id":"node/12507270001","name":"Puree Artisan Juice Bar","group":"food","category":"amenity=fast_food","cuisine":"juice"}},{"type":"Feature","geometry":{"type":"Point","coordinates":[-77.09656,38.98224]},"properties":{"id":"node/12507270002","name":"Auto Glass Experts","group":"services","category":"shop=car_repair"}},{"type":"Feature","geometry":{"type":"Point","coordinates":[-77.09581,38.98101]},"properties":{"id":"node/12507270004","name":"Clayboy's Shave Ice","group":"food","category":"amenity=ice_cream"}},{"type":"Feature","geometry":{"type":"Point","coordinates":[-77.0946,38.98112]},"properties":{"id":"node/12507270006","name":"AP Pizza Shop","group":"food","category":"amenity=restaurant","cuisine":"pizza"}},{"type":"Feature","geometry":{"type":"Point","coordinates":[-77.09246,38.98111]},"properties":{"id":"node/12507270015","name":"Taqueria El Jalape\u00f1o AUT\u00c9NTICA COMIDA MEXICANA","group":"food","category":"amenity=fast_food","cuisine":"mexican"}},{"type":"Feature","geometry":{"type":"Point","coordinates":[-77.09224,38.98069]},"properties":{"id":"node/12507270016","name":"Parvizian Fine Rugs","group":"shopping","category":"shop=carpet"}},{"type":"Feature","geometry":{"type":"Point","coordinates":[-77.0922,38.98063]},"properties":{"id":"node/12507270017","name":"MetroLogo","group":"shopping","category":"shop=clothes"}},{"type":"Feature","geometry":{"type":"Point","coordinates":[-77.10395,38.96641]},"properties":{"id":"node/12528617227","name":"Genji Sushi Bethesda","group":"food","category":"amenity=restaurant","cuisine":"sushi"}},{"type":"Feature","geometry":{"type":"Point","coordinates":[-77.10417,38.96586]},"properties":{"id":"node/12528617228","name":"Shred Nations","group":"shopping","category":"shop=stationery"}},{"type":"Feature","geometry":{"type":"Point","coordinates":[-77.09902,38.9886]},"properties":{"id":"node/12530534762","name":"Bethesda Fine Art","group":"shopping","category":"shop=art","housenumber":"4931","street":"Cordell Avenue"}},{"type":"Feature","geometry":{"type":"Point","coordinates":[-77.09921,38.9884]},"properties":{"id":"node/12530534763","name":"La Catrina","group":"food","category":"amenity=restaurant"}},{"type":"Feature","geometry":{"type":"Point","coordinates":[-77.08667,38.96147]},"properties":{"id":"node/12535179245","name":"Urbano","group":"food","category":"amenity=restaurant","cuisine":"mexican"}},{"type":"Feature","geometry":{"type":"Point","coordinates":[-77.02514,38.98826]},"properties":{"id":"node/12625859579","name":"Hanagan's Auto Body","group":"services","category":"shop=car_repair"}},{"type":"Feature","geometry":{"type":"Point","coordinates":[-77.02397,38.99381]},"properties":{"id":"node/12637047029","name":"Ivania Hair Salon","group":"personal_care","category":"shop=hairdresser","housenumber":"8315","street":"Fenton Street"}},{"type":"Feature","geometry":{"type":"Point","coordinates":[-77.02396,38.99363]},"properties":{"id":"node/12637047031","name":"Anis Hair Studio","group":"personal_care","category":"shop=hairdresser","housenumber":"8307","street":"Fenton Street"}},{"type":"Feature","geometry":{"type":"Point","coordinates":[-77.02395,38.99358]},"properties":{"id":"node/12637047032","name":"Tailoring & Alteration Center","group":"services","category":"shop=tailor","housenumber":"8305","street":"Fenton Street"}},{"type":"Feature","geometry":{"type":"Point","coordinates":[-77.02384,38.9939]},"properties":{"id":"node/12637047033","name":"Arat Kilo Market","group":"groceries","category":"shop=grocery","cuisine":"ethiopian","housenumber":"818","street":"Easley Street"}},{"type":"Feature","geometry":{"type":"Point","coordinates":[-77.02376,38.99389]},"properties":{"id":"node/12637047034","name":"Arat Kilo Restaurant","group":"food","category":"amenity=restaurant","cuisine":"ethiopian","housenumber":"818","street":"Easley Street"}},{"type":"Feature","geometry":{"type":"Point","coordinates":[-77.09209,38.97938]},"properties":{"id":"node/12646717656","name":"KBR Kitchen & Bath","group":"shopping","category":"shop=kitchen"}},{"type":"Feature","geometry":{"type":"Point","coordinates":[-77.09167,38.97965]},"properties":{"id":"node/12646717658","name":"Chevy Chase Valet & Cleaners","group":"services","category":"shop=dry_cleaning"}},{"type":"Feature","geometry":{"type":"Point","coordinates":[-77.096,38.99122]},"properties":{"id":"node/12652608675","name":"Fialova","group":"food","category":"amenity=restaurant","cuisine":"new_american","hours":"Mo-Fr 06:30-10:30, 17:00-23:00; Sa-Su 07:00-11:00, 17:00-23:00","phone":"+1-301-652-2000","website":"https://www.fialovabethesda.com/","housenumber":"8120","street":"Wisconsin Avenue","city":"Bethesda","postcode":"20814"}},{"type":"Feature","geometry":{"type":"Point","coordinates":[-77.09629,38.99011]},"properties":{"id":"node/12753135523","name":"Bethesda Chocolates","group":"food","category":"shop=chocolate"}},{"type":"Feature","geometry":{"type":"Point","coordinates":[-77.09848,38.9784]},"properties":{"id":"node/12796429611","name":"Kristina Sherk Photography","group":"services","category":"craft=photographer","phone":"+1 240 338 2676","website":"https://www.kristinasherk.com/","housenumber":"6917","street":"Arlington Road","city":"Bethesda","postcode":"20814"}},{"type":"Feature","geometry":{"type":"Point","coordinates":[-77.09687,38.98838]},"properties":{"id":"node/12803488401","name":"Oishii Ramen Cafe","group":"food","category":"amenity=restaurant","website":"https://www.oishiibethesda.com/","housenumber":"4901","street":"Fairmont Avenue","postcode":"20814"}},{"type":"Feature","geometry":{"type":"Point","coordinates":[-77.09696,38.9883]},"properties":{"id":"node/12803503001","name":"Casa Oaxaca Bethesda","group":"food","category":"amenity=restaurant","website":"https://www.casaoaxacamd.com/","housenumber":"4905","street":"Fairmont Avenue","postcode":"20814"}},{"type":"Feature","geometry":{"type":"Point","coordinates":[-77.09969,38.98757]},"properties":{"id":"node/12831691940","name":"Grace Street Coffee Roasters","group":"food","category":"amenity=cafe","cuisine":"coffee_shop"}},{"type":"Feature","geometry":{"type":"Point","coordinates":[-77.09959,38.98768]},"properties":{"id":"node/12831691943","name":"Betru Salon","group":"personal_care","category":"shop=beauty"}},{"type":"Feature","geometry":{"type":"Point","coordinates":[-77.09942,38.98769]},"properties":{"id":"node/12831691944","name":"FunkyPiece Smoke Shop & Glass Gallery","group":"shopping","category":"shop=tobacco"}},{"type":"Feature","geometry":{"type":"Point","coordinates":[-77.09936,38.98766]},"properties":{"id":"node/12831691945","name":"Aden Pizza","group":"food","category":"amenity=fast_food","cuisine":"pizza"}},{"type":"Feature","geometry":{"type":"Point","coordinates":[-77.09929,38.98761]},"properties":{"id":"node/12831691946","name":"Tasty Grills & Catering","group":"food","category":"amenity=restaurant","cuisine":"afghan","hours":"Mo-Su 11:00-21:30","website":"https://tastygrillsandcatering.com/","housenumber":"7816","street":"Old Georgetown Road","city":"Bethesda"}},{"type":"Feature","geometry":{"type":"Point","coordinates":[-77.09935,38.98745]},"properties":{"id":"node/12831691947","name":"Teas Me Bubble Tea","group":"food","category":"amenity=cafe","cuisine":"bubble_tea"}},{"type":"Feature","geometry":{"type":"Point","coordinates":[-77.09904,38.98746]},"properties":{"id":"node/12831691948","name":"Citrine Salon Bethesda","group":"personal_care","category":"shop=hairdresser"}},{"type":"Feature","geometry":{"type":"Point","coordinates":[-77.09913,38.98786]},"properties":{"id":"node/12831691949","name":"Guru Groceries and Chaat House","group":"groceries","category":"shop=supermarket","hours":"Tu-Fr 11:00-19:00; Sa,Su 11:00-18:00"}},{"type":"Feature","geometry":{"type":"Point","coordinates":[-77.10052,38.98831]},"properties":{"id":"node/12831691960","name":"Bethesda Custom Framing","group":"shopping","category":"shop=craft"}},{"type":"Feature","geometry":{"type":"Point","coordinates":[-77.09587,38.98359]},"properties":{"id":"node/12831714324","name":"Pisco y Nazca","group":"food","category":"amenity=restaurant","cuisine":"peruvian","website":"https://www.piscoynazca.com","housenumber":"2","street":"Bethesda Metro Center","postcode":"20814"}},{"type":"Feature","geometry":{"type":"Point","coordinates":[-77.09598,38.98143]},"properties":{"id":"node/12901883901","name":"Room & Board","group":"shopping","category":"shop=furniture","website":"https://www.roomandboard.com","housenumber":"7236","postcode":"20814"}},{"type":"Feature","geometry":{"type":"Point","coordinates":[-77.09443,38.9863]},"properties":{"id":"node/12901947901","name":"Blossoms of Bethesda","group":"shopping","category":"shop=florist","website":"https://bethesdablossom.com","housenumber":"7613","postcode":"20814"}},{"type":"Feature","geometry":{"type":"Point","coordinates":[-77.09553,38.98151]},"properties":{"id":"node/12901980901","name":"Mejuri","group":"shopping","category":"shop=jewelry","website":"https://mejuri.com","housenumber":"7247","postcode":"20814"}},{"type":"Feature","geometry":{"type":"Point","coordinates":[-77.03315,38.99345]},"properties":{"id":"node/13058308185","name":"Lenox Beer and Wine","group":"groceries","category":"shop=convenience","phone":"+1-301-587-2727","housenumber":"8395","street":"Colesville Road","city":"Silver Spring","postcode":"20910"}},{"type":"Feature","geometry":{"type":"Point","coordinates":[-77.0263,38.99203]},"properties":{"id":"node/13063944033","name":"The Big Greek Cafe","group":"food","category":"amenity=restaurant","cuisine":"greek","hours":"11:00-21:00","phone":"+1 301-587-4733","website":"https://www.biggreekcafe.com/","housenumber":"8213","street":"Georgia Avenue","city":"Silver Spring","postcode":"20910-4520"}},{"type":"Feature","geometry":{"type":"Point","coordinates":[-77.08711,38.96298]},"properties":{"id":"node/13074917318","name":"Voorthuis Opticians","group":"personal_care","category":"shop=optician"}},{"type":"Feature","geometry":{"type":"Point","coordinates":[-77.08711,38.9629]},"properties":{"id":"node/13074917323","name":"Brookville Pharmacy","group":"groceries","category":"amenity=pharmacy"}},{"type":"Feature","geometry":{"type":"Point","coordinates":[-77.08704,38.96272]},"properties":{"id":"node/13075265475","name":"Charles Schwartz","group":"shopping","category":"shop=jewelry"}},{"type":"Feature","geometry":{"type":"Point","coordinates":[-77.09828,38.98971]},"properties":{"id":"node/13095009442","name":"Big Planet Comics","group":"shopping","category":"shop=books","hours":"Mo-Fr 11:00-19:00; Sa 11:00 - 18:00; Su 12:00-17:00","phone":"+1 301-654-6856","housenumber":"7939","street":"Norfolk Avenue","city":"Bethesda","postcode":"20814"}},{"type":"Feature","geometry":{"type":"Point","coordinates":[-77.10009,38.98096]},"properties":{"id":"node/13103520903","name":"City Lights of China","group":"food","category":"amenity=restaurant","hours":"Mo-Th 11:00-21:30; Fr 11:00-22:00; Sa 12:00-22:00; Su 12:00-21:30","phone":"+1 301-913-9501","website":"https://bethesdacitylights.com/","housenumber":"4953","street":"Bethesda Avenue","postcode":"20814"}},{"type":"Feature","geometry":{"type":"Point","coordinates":[-77.09927,38.98099]},"properties":{"id":"node/13103521202","name":"CherCher Ethiopian Cuisine","group":"food","category":"amenity=restaurant","cuisine":"ethiopian","website":"https://www.chercherbethesda.com/","housenumber":"4921","street":"Bethesda Avenue","postcode":"20814"}},{"type":"Feature","geometry":{"type":"Point","coordinates":[-77.10032,38.98096]},"properties":{"id":"node/13103521402","name":"Butcher's Alley","group":"groceries","category":"shop=butcher","hours":"Mo-Fr 10:00-18:30; Sa 09:00-18:00; Su 10:00-17:00","phone":"+1 240-855-0121","website":"https://www.butchersalley.com/","housenumber":"4961","street":"Bethesda Avenue","postcode":"20814"}},{"type":"Feature","geometry":{"type":"Point","coordinates":[-77.10002,38.98096]},"properties":{"id":"node/13103521403","name":"Chevy Chase Glass Company","group":"shopping","category":"shop=bathroom_furnishing","hours":"Mo-Fr 08:00-17:30; Sa 09:00-14:00; Su off","phone":"+1 301-654-2022","website":"https://www.chevychaseglass.com/","housenumber":"4951","street":"Bethesda Avenue","postcode":"20814"}},{"type":"Feature","geometry":{"type":"Point","coordinates":[-77.09882,38.98069]},"properties":{"id":"node/13103521404","name":"Cork 57 Beer & Wine","group":"groceries","category":"shop=wine","website":"https://cork57.com/","housenumber":"4910","street":"Bethesda Avenue","postcode":"20814"}},{"type":"Feature","geometry":{"type":"Point","coordinates":[-77.10034,38.98063]},"properties":{"id":"node/13103521901","name":"Pescadeli","group":"food","category":"shop=deli","website":"https://www.pescadeli.com/","housenumber":"4960","street":"Bethesda Avenue","postcode":"20814"}},{"type":"Feature","geometry":{"type":"Point","coordinates":[-77.09995,38.98097]},"properties":{"id":"node/13103523301","name":"Smoke Island Bethesda 2","group":"shopping","category":"shop=tobacco","website":"https://www.chamberofcommerce.com/business-directory/maryland/bethesda/tobacco-shop/2023997081-smoke-island-bethesda-2","housenumber":"4949","street":"Bethesda Avenue","postcode":"20814"}},{"type":"Feature","geometry":{"type":"Point","coordinates":[-77.09975,38.98098]},"properties":{"id":"node/13103524401","name":"Griffin Cycle","group":"shopping","category":"shop=bicycle","hours":"Mo-Fr 11:00-19:00; Sa 10:00-18:00; Su 12:00-17:00","phone":"+1 301-656-6188","website":"https://www.griffincycle.com/","housenumber":"4933","street":"Bethesda Avenue","postcode":"20814"}},{"type":"Feature","geometry":{"type":"Point","coordinates":[-77.09922,38.98097]},"properties":{"id":"node/13103524501","name":"Fresh Baguette","group":"food","category":"shop=bakery","website":"https://www.freshbaguette.net/","housenumber":"4919","street":"Bethesda Avenue","postcode":"20814"}},{"type":"Feature","geometry":{"type":"Point","coordinates":[-77.09971,38.98065]},"properties":{"id":"node/13103525601","name":"Euro Motorcars Appearance Center","group":"services","category":"shop=car_repair","website":"https://www.eurobethesdamercedes.com/appearance-center.htm","housenumber":"4932","street":"Bethesda Avenue","postcode":"20814"}},{"type":"Feature","geometry":{"type":"Point","coordinates":[-77.09828,38.98838]},"properties":{"id":"node/13108860359","name":"CoffeeFi Roastery","group":"food","category":"amenity=cafe","hours":"Mo-Th 07:00-16:30; Fr-Sa 07:00-17:00; Su 08:00-13:00","housenumber":"4929","street":"Saint Elmo Avenue"}},{"type":"Feature","geometry":{"type":"Point","coordinates":[-77.02615,38.99426]},"properties":{"id":"node/13123538366","name":"Firepan Korean BBQ","group":"food","category":"amenity=restaurant","cuisine":"korean","hours":"Fr-Sa 11:30-24:00; Su-Th 11:30-23:00","phone":"+1-240-641-5948","website":"https://www.firepankbbq.com/","housenumber":"962","street":"Wayne Avenue","city":"Silver Spring"}},{"type":"Feature","geometry":{"type":"Point","coordinates":[-77.09267,38.98169]},"properties":{"id":"node/13173640809","name":"M&M Appliance","group":"shopping","category":"shop=appliance","hours":"Tu-Fr 10:00-18:00; Sa 10:00-16:00; Su-Mo off","website":"https://www.mandmappliance.com/locations/bethesda","housenumber":"7201","street":"Wisconsin Avenue","city":"Bethesda","postcode":"20814"}},{"type":"Feature","geometry":{"type":"Point","coordinates":[-77.09699,38.98907]},"properties":{"id":"node/13186428656","name":"Brothers Sew & Vac","group":"shopping","category":"shop=vacuum_cleaner","hours":"Mo-Sa 10:00-16:00","phone":"+1-301-657-8227","website":"https://brothersewvac.com/","housenumber":"4826","street":"Saint Elmo Avenue","city":"Bethesda","postcode":"20814"}},{"type":"Feature","geometry":{"type":"Point","coordinates":[-77.0969,38.98888]},"properties":{"id":"node/13186428657","name":"Creative Parties","group":"shopping","category":"shop=stationery","phone":"+1-301-654-9292","website":"https://www.creativeparties.com/","housenumber":"7819","street":"Norfolk Avenue","city":"Bethesda"}},{"type":"Feature","geometry":{"type":"Point","coordinates":[-77.00137,38.98899]},"properties":{"id":"node/13328243668","name":"Koma Coffee","group":"food","category":"amenity=restaurant","cuisine":"coffee_shop","hours":"Mo-Su 07:30-21:00","phone":"+1-240-268-0630","website":"https://koma-cafe.com/","housenumber":"8006","street":"Flower Avenue","city":"Takoma Park","postcode":"20912"}},{"type":"Feature","geometry":{"type":"Point","coordinates":[-77.09557,38.98155]},"properties":{"id":"node/13347856228","name":"Anine Bing","group":"shopping","category":"shop=clothes"}},{"type":"Feature","geometry":{"type":"Point","coordinates":[-77.09836,38.9906]},"properties":{"id":"node/13429424647","name":"BabyCat Brewery","group":"food","category":"craft=brewery","website":"https://babycatbrewery.com/","housenumber":"4850","street":"Rugby Avenue","city":"Bethesda","postcode":"20814"}},{"type":"Feature","geometry":{"type":"Point","coordinates":[-77.0254,38.99289]},"properties":{"id":"node/13607444768","name":"Prime Coffee and Bakery","group":"food","category":"amenity=fast_food","cuisine":"coffee_shop","housenumber":"930","street":"Thayer Avenue","city":"Silver Spring","postcode":"20910"}},{"type":"Feature","geometry":{"type":"Point","coordinates":[-77.02483,38.99291]},"properties":{"id":"node/13607444769","name":"Lamoon Thai","group":"food","category":"amenity=restaurant","phone":"+1-301-328-5159","website":"https://www.lamoonsilverspring.com/","housenumber":"906","street":"Thayer Avenue","city":"Silver Spring","postcode":"20910"}},{"type":"Feature","geometry":{"type":"Point","coordinates":[-77.02489,38.9929]},"properties":{"id":"node/13607444770","name":"AW Beauty Salon","group":"personal_care","category":"shop=hairdresser","phone":"+1-301-588-8882","website":"https://www.awbeautysalon.com/","housenumber":"908","street":"Thayer Avenue","city":"Silver Spring","postcode":"20910"}},{"type":"Feature","geometry":{"type":"Point","coordinates":[-77.02496,38.9929]},"properties":{"id":"node/13607444771","name":"QT Nails","group":"personal_care","category":"shop=beauty","phone":"+1-301-585-7995","housenumber":"910","street":"Thayer Avenue","city":"Silver Spring","postcode":"20910"}},{"type":"Feature","geometry":{"type":"Point","coordinates":[-77.09363,38.98087]},"properties":{"id":"node/13651054254","name":"Fairfax Kitchen and Bath","group":"shopping","category":"shop=kitchen"}},{"type":"Feature","geometry":{"type":"Point","coordinates":[-77.01234,38.9742]},"properties":{"id":"node/13667696877","name":"Laurel Leaf","group":"shopping","category":"shop=books","website":"https://www.laurelleaftakoma.com/","housenumber":"6919","street":"Laurel Avenue","city":"Takoma Park"}},{"type":"Feature","geometry":{"type":"Point","coordinates":[-77.08648,38.96299]},"properties":{"id":"node/13687259187","name":"Giorgetti","group":"shopping","category":"shop=interior_decoration"}},{"type":"Feature","geometry":{"type":"Point","coordinates":[-77.09381,38.9845]},"properties":{"id":"node/13947897349","name":"Ceremony Coffee","group":"food","category":"amenity=cafe","cuisine":"coffee_shop"}},{"type":"Feature","geometry":{"type":"Point","coordinates":[-77.09386,38.98445]},"properties":{"id":"node/13947897350","name":"Crescent Convenience","group":"groceries","category":"shop=convenience"}},{"type":"Feature","geometry":{"type":"Point","coordinates":[-77.09815,38.98915]},"properties":{"id":"node/13963516881","name":"Wonderland Books","group":"shopping","category":"shop=books","housenumber":"7920","street":"Norfolk Avenue","city":"Bethesda","postcode":"20814"}},{"type":"Feature","geometry":{"type":"Point","coordinates":[-77.11123,38.95921]},"properties":{"id":"node/14006735664","name":"Norman's Farm Market","group":"groceries","category":"shop=farm","hours":"May-Oct Mo-Su 09:00-18:00; Nov-Apr off","website":"https://normansfarmmarket.com/"}},{"type":"Feature","geometry":{"type":"Point","coordinates":[-77.02389,38.99219]},"properties":{"id":"node/14077235902","name":"Sure-Fit Security","group":"shopping","category":"shop=doityourself","housenumber":"8213","street":"Fenton Street","postcode":"20910"}},{"type":"Feature","geometry":{"type":"Point","coordinates":[-77.03129,38.99484]},"properties":{"id":"node/14110342798","name":"Mojomala Books, Records & Cool Stuff","group":"shopping","category":"shop=books","phone":"+1-301-830-8723","housenumber":"8401","street":"Colesville Road","city":"Silver Spring","postcode":"20910"}},{"type":"Feature","geometry":{"type":"Point","coordinates":[-77.03095,38.99256]},"properties":{"id":"node/14118971901","name":"'TIS Corner Cafe","group":"food","category":"amenity=cafe","hours":"Tu-Th 07:00-15:00; Mo 07:00-14:30","website":"http://tiscornercafe.com/","housenumber":"1317","street":"East-West Highway","postcode":"20910"}},{"type":"Feature","geometry":{"type":"Point","coordinates":[-77.0271,38.98751]},"properties":{"id":"way/38738904","name":"Rayco","group":"services","category":"shop=car_repair"}},{"type":"Feature","geometry":{"type":"Point","coordinates":[-77.0269,38.98504]},"properties":{"id":"way/80566123","name":"Vivanti Hair Studio","group":"personal_care","category":"shop=hairdresser"}},{"type":"Feature","geometry":{"type":"Point","coordinates":[-77.02713,38.98518]},"properties":{"id":"way/80566124","name":"Reggae Vibes","group":"food","category":"amenity=restaurant","cuisine":"jamaican","housenumber":"7708","street":"Georgia Avenue"}},{"type":"Feature","geometry":{"type":"Point","coordinates":[-77.02708,38.98573]},"properties":{"id":"way/80566181","name":"El Aguila","group":"food","category":"amenity=restaurant","cuisine":"salvadoran","hours":"Mo-Th 11:00-22:00; Fr 11:00-24:00; Sa 11:00-02:00; Su 11:00-22:00"}},{"type":"Feature","geometry":{"type":"Point","coordinates":[-77.0271,38.98586]},"properties":{"id":"way/80566183","name":"Unity Barbers and Hair Braiding Salon","group":"personal_care","category":"shop=hairdresser"}},{"type":"Feature","geometry":{"type":"Point","coordinates":[-77.08709,38.98555]},"properties":{"id":"way/87218957","name":"Bethesda Vision Care","group":"personal_care","category":"shop=optician","housenumber":"4300","street":"East-West Highway"}},{"type":"Feature","geometry":{"type":"Point","coordinates":[-77.0908,38.98484]},"properties":{"id":"way/87219669","name":"Bethesda Travel","group":"services","category":"shop=travel_agency","housenumber":"4422","street":"East West Highway","city":"Bethesda","postcode":"20814"}},{"type":"Feature","geometry":{"type":"Point","coordinates":[-77.02615,38.99149]},"properties":{"id":"way/88456611","name":"Fire Station 1 Restaurant & Brewing Co.","group":"food","category":"amenity=pub","cuisine":"american","phone":"+1 301-585-1370","website":"http://firestation-1.com/","housenumber":"8131","street":"Georgia Ave","city":"Silver Spring","postcode":"20910"}},{"type":"Feature","geometry":{"type":"Point","coordinates":[-77.02433,38.98976]},"properties":{"id":"way/90381353","name":"Tropicana Laundromat","group":"services","category":"shop=laundry","housenumber":"8010","street":"Fenton Street","city":"Silver Spring","postcode":"20910"}},{"type":"Feature","geometry":{"type":"Point","coordinates":[-77.02426,38.98933]},"properties":{"id":"way/90387244","name":"Shelton\u2019s Hair Gallery","group":"personal_care","category":"shop=hairdresser","housenumber":"910","street":"Gist Avenue","city":"Silver Spring","postcode":"20910"}},{"type":"Feature","geometry":{"type":"Point","coordinates":[-77.10035,38.98056]},"properties":{"id":"way/117426033","name":"Bethesda Crab House","group":"food","category":"amenity=restaurant","website":"https://www.bethesdacrabhouse.com/","housenumber":"4958","street":"Bethesda Avenue","postcode":"20814"}},{"type":"Feature","geometry":{"type":"Point","coordinates":[-77.09413,38.98583]},"properties":{"id":"way/117443492","name":"Robert A Pumphery Funeral Home","group":"services","category":"shop=funeral_directors","housenumber":"7557","street":"Wisconsin Avenue","city":"Bethesda","postcode":"20814"}},{"type":"Feature","geometry":{"type":"Point","coordinates":[-77.0944,38.987]},"properties":{"id":"way/117595355","name":"Chevy Chase Acura","group":"shopping","category":"shop=car","phone":"+1-301-656-9200","website":"https://www.chevychaseacura.com/","housenumber":"7725","street":"Wisconsin Avenue","city":"Bethesda","postcode":"20814"}},{"type":"Feature","geometry":{"type":"Point","coordinates":[-77.02431,38.99194]},"properties":{"id":"way/124560057","name":"Lesaac Ethiopian Cafe","group":"food","category":"amenity=restaurant","cuisine":"ethiopian","hours":"08:00-01:00","phone":"+1-301-565-9595","website":"http://www.lesaacethiocafe.com/","housenumber":"8200","street":"Fenton Street","city":"Silver Spring","postcode":"20910"}},{"type":"Feature","geometry":{"type":"Point","coordinates":[-77.02384,38.99287]},"properties":{"id":"way/130535708","name":"Silver Spring Beauty Supply","group":"personal_care","category":"shop=beauty","hours":"Mo-Sa 10:00-20:00; Su 11:00-18:00","housenumber":"8237","street":"Fenton Street","city":"Silver Spring","postcode":"20910"}},{"type":"Feature","geometry":{"type":"Point","coordinates":[-77.00592,38.97774]},"properties":{"id":"way/243020193","name":"Takoma Park/Silver Spring Food Co-op","group":"groceries","category":"shop=supermarket","hours":"09:00-21:00","phone":"+1 301-891-2667","housenumber":"201","street":"Ethan Allen Avenue","city":"Takoma Park","postcode":"20912"}},{"type":"Feature","geometry":{"type":"Point","coordinates":[-77.01253,38.97381]},"properties":{"id":"way/251868180","name":"Pizza Movers","group":"food","category":"amenity=restaurant","hours":"Mo-Th,Su 11:00-22:00; Fr-Sa 11:00-23:00","website":"https://www.pizzamoverstk.com/","housenumber":"6901","street":"Laurel Avenue","postcode":"20912"}},{"type":"Feature","geometry":{"type":"Point","coordinates":[-77.01138,38.97526]},"properties":{"id":"way/251868186","name":"Amano","group":"shopping","category":"shop=clothes","hours":"Mo-Sa 11:00-18:00; Su 11:00-17:00","phone":"+1 301-270-1140","website":"https://www.amanotakoma.com/","housenumber":"7034","street":"Carroll Avenue","city":"Takoma Park","postcode":"20912"}},{"type":"Feature","geometry":{"type":"Point","coordinates":[-77.00944,38.97523]},"properties":{"id":"way/251868190","name":"The Girl & The Vine","group":"groceries","category":"shop=alcohol","hours":"Tu,We 11:00-20:00; Th-Sa 11:00-21:00; Su,Mo off","website":"http://thegirlandthevine.com","housenumber":"7071","street":"Carroll Avenue","city":"Takoma Park","postcode":"20912"}},{"type":"Feature","geometry":{"type":"Point","coordinates":[-77.01038,38.97532]},"properties":{"id":"way/251869293","name":"Takoma Old Town Auto Service Center","group":"services","category":"shop=car_repair","hours":"Mo-Fr 08:00-17:00","housenumber":"7060","street":"Carroll Avenue","postcode":"20912"}},{"type":"Feature","geometry":{"type":"Point","coordinates":[-77.00675,38.97771]},"properties":{"id":"way/251872127","name":"Takoma Auto Clinic","group":"services","category":"shop=car_repair"}},{"type":"Feature","geometry":{"type":"Point","coordinates":[-77.00626,38.97828]},"properties":{"id":"way/251872130","name":"Spring Mill Bread Co.","group":"food","category":"shop=bakery","housenumber":"7300","street":"Carroll Avenue","postcode":"20912"}},{"type":"Feature","geometry":{"type":"Point","coordinates":[-77.00679,38.9783]},"properties":{"id":"way/251915186","name":"R S Automotive","group":"services","category":"shop=car_repair","hours":"Mo-Fr 08:00-17:00","housenumber":"7216","street":"Carroll Avenue"}},{"type":"Feature","geometry":{"type":"Point","coordinates":[-77.00612,38.97837]},"properties":{"id":"way/257203083","name":"Soko","group":"groceries","category":"shop=butcher","hours":"Mo-Th 11:00-19:00; Fr,Sa 09:00-19:00; Su 09:00-17:00","housenumber":"7306","street":"Carroll Avenue","postcode":"20912"}},{"type":"Feature","geometry":{"type":"Point","coordinates":[-77.00617,38.97834]},"properties":{"id":"way/257203084","name":"Takoma Postal & Business Center","group":"services","category":"shop=copyshop","housenumber":"7304","street":"Carroll Avenue","postcode":"20912"}},{"type":"Feature","geometry":{"type":"Point","coordinates":[-77.00621,38.97831]},"properties":{"id":"way/257203085","name":"Seoul Food D.C.","group":"food","category":"amenity=restaurant","cuisine":"korean","housenumber":"7302","street":"Carroll Avenue","postcode":"20912"}},{"type":"Feature","geometry":{"type":"Point","coordinates":[-77.00602,38.97849]},"properties":{"id":"way/257221663","name":"Takoma Framers","group":"shopping","category":"shop=frame","housenumber":"7312","street":"Carroll Avenue","postcode":"20912"}},{"type":"Feature","geometry":{"type":"Point","coordinates":[-77.00611,38.97842]},"properties":{"id":"way/257221665","name":"Carriage House Cleaners","group":"services","category":"shop=dry_cleaning","housenumber":"7308","street":"Carroll Avenue","postcode":"20912"}},{"type":"Feature","geometry":{"type":"Point","coordinates":[-77.00605,38.97845]},"properties":{"id":"way/257221667","name":"Azelea City Nails","group":"personal_care","category":"shop=beauty","housenumber":"7310","street":"Carroll Avenue","postcode":"20912"}},{"type":"Feature","geometry":{"type":"Point","coordinates":[-77.00567,38.97896]},"properties":{"id":"way/257222469","name":"Suds Laundromat","group":"services","category":"shop=laundry","housenumber":"7334","street":"Carroll Avenue","postcode":"20912"}},{"type":"Feature","geometry":{"type":"Point","coordinates":[-77.04898,38.99261]},"properties":{"id":"way/259464998","name":"Red Maple","group":"food","category":"amenity=restaurant","cuisine":"chinese","website":"www.palaisdelunechinese.com","housenumber":"8315","street":"Grubb Road","postcode":"20910"}},{"type":"Feature","geometry":{"type":"Point","coordinates":[-77.04908,38.99265]},"properties":{"id":"way/259465000","name":"The Parkway Deli","group":"food","category":"amenity=restaurant","cuisine":"sandwich","hours":"Mo-Fr 08:30-21:00; Sa,Su 08:00-21:00","phone":"+1-301-587-1427","website":"http://www.TheParkwayDeli.com","housenumber":"8317","street":"Grubb Road","postcode":"20910"}},{"type":"Feature","geometry":{"type":"Point","coordinates":[-77.09688,38.99115]},"properties":{"id":"way/264200260","name":"Manny & Olga's Pizza","group":"food","category":"amenity=fast_food","cuisine":"pizza;italian;greek","phone":"+1-301-656-1450","website":"https://mannyandolgas.com/locations/bethesda/","housenumber":"8118","street":"Woodmont Avenue","city":"Bethesda","postcode":"20814"}},{"type":"Feature","geometry":{"type":"Point","coordinates":[-77.097,38.99113]},"properties":{"id":"way/264200261","name":"The Big Greek Cafe","group":"food","category":"amenity=restaurant","cuisine":"greek","hours":"Mo-Su 11:00-21:00","phone":"+1-301-907-4976","website":"https://www.biggreekcafe.com/","housenumber":"4806","street":"Rugby Avenue","city":"Bethesda","postcode":"20814"}},{"type":"Feature","geometry":{"type":"Point","coordinates":[-77.09589,38.9911]},"properties":{"id":"way/264200262","name":"Golden House","group":"food","category":"amenity=fast_food","cuisine":"chinese","hours":"Su 12:00-22:00; Mo-Th 10:30-22:30; Fr-Sa 10:30-23:00","phone":"+1-301-951-8999","website":"https://www.goldenhousebethesda.com/","housenumber":"8100","street":"Wisconsin Avenue","city":"Bethesda","postcode":"20814"}},{"type":"Feature","geometry":{"type":"Point","coordinates":[-77.09827,38.98695]},"properties":{"id":"way/264249299","name":"Dalia's Falafel","group":"food","category":"amenity=restaurant","cuisine":"mediterranean","hours":"Sa-Tu 11:00-14:30; We-Fr 11:00-20:00","housenumber":"7750","street":"Old Georgetown Road","city":"Bethesda","postcode":"20814"}},{"type":"Feature","geometry":{"type":"Point","coordinates":[-76.99237,38.99298]},"properties":{"id":"way/265147220","name":"Falcon Mart","group":"groceries","category":"shop=convenience"}},{"type":"Feature","geometry":{"type":"Point","coordinates":[-77.027,38.99213]},"properties":{"id":"way/284043043","name":"Third Hill Brewing Company","group":"food","category":"craft=brewery","phone":"+1-315-559-7540","website":"https://www.thirdhillbrewing.com/","housenumber":"8216","street":"Georgia Avenue","city":"Silver Spring","postcode":"20910"}},{"type":"Feature","geometry":{"type":"Point","coordinates":[-77.029,38.99385]},"properties":{"id":"way/287649404","name":"Buena Vida Restaurant","group":"food","category":"amenity=restaurant","cuisine":"american","phone":"+1 301-755-6132","website":"https://www.buenavidarestaurant.com/","housenumber":"8407","street":"Ramsey Avenue","city":"Silver Spring","postcode":"20910"}},{"type":"Feature","geometry":{"type":"Point","coordinates":[-77.1047,38.965]},"properties":{"id":"way/367183668","name":"Talbert's Ice and Beverage Service","group":"groceries","category":"shop=alcohol","housenumber":"5234","street":"River Road","city":"Bethesda","postcode":"20816"}},{"type":"Feature","geometry":{"type":"Point","coordinates":[-77.10393,38.96546]},"properties":{"id":"way/367183671","name":"Ultra Service Center","group":"services","category":"shop=car_repair","housenumber":"5201","street":"River Road"}},{"type":"Feature","geometry":{"type":"Point","coordinates":[-77.10301,38.96486]},"properties":{"id":"way/367183697","name":"River Road Auto Service","group":"services","category":"shop=car_repair"}},{"type":"Feature","geometry":{"type":"Point","coordinates":[-77.10265,38.96457]},"properties":{"id":"way/367183699","name":"W Express Washingtonian","group":"groceries","category":"shop=convenience","housenumber":"5143","street":"River Road","city":"Bethesda","postcode":"20816"}},{"type":"Feature","geometry":{"type":"Point","coordinates":[-77.06421,38.99419]},"properties":{"id":"way/404125051","name":"Norman's Farm Market","group":"groceries","category":"shop=farm","hours":"May-Nov: 09:00-19:00","phone":"+1-301-674-9929","website":"https://normansfarmmarket.com/produce-stands/chevy-chase/"}},{"type":"Feature","geometry":{"type":"Point","coordinates":[-77.029,38.99395]},"properties":{"id":"way/729743633","name":"Tacos Tortas Tequila","group":"food","category":"amenity=restaurant","cuisine":"mexican","phone":"+1 301-755-6132","website":"http://tttrestaurant.com","housenumber":"8407","street":"Ramsey Avenue","city":"Silver Spring","postcode":"20910"}},{"type":"Feature","geometry":{"type":"Point","coordinates":[-77.02616,38.99235]},"properties":{"id":"way/729748493","name":"Abyssinia","group":"food","category":"amenity=restaurant","cuisine":"ethiopian"}},{"type":"Feature","geometry":{"type":"Point","coordinates":[-77.02629,38.99241]},"properties":{"id":"way/729748494","name":"The Big Greek Cafe","group":"food","category":"amenity=restaurant","cuisine":"greek","phone":"+1 301-587-4733","website":"https://www.biggreekcafe.com/","housenumber":"8213","street":"Georgia Avenue","city":"Silver Spring","postcode":"20910-4520"}},{"type":"Feature","geometry":{"type":"Point","coordinates":[-77.02629,38.99246]},"properties":{"id":"way/729748495","name":"Zed's Cafe","group":"food","category":"amenity=cafe","phone":"+1 301-495-5614","website":"http://www.zedscafe.com/","housenumber":"8225","street":"Georgia Avenue","city":"Silver Spring","postcode":"20910"}},{"type":"Feature","geometry":{"type":"Point","coordinates":[-77.02617,38.9926]},"properties":{"id":"way/729748497","name":"The Society Lounge","group":"food","category":"amenity=bar","phone":"+1 301-565-8864","website":"https://www.societyss.com/","housenumber":"8229","street":"Georgia Avenue","city":"Silver Spring","postcode":"20910-4520"}},{"type":"Feature","geometry":{"type":"Point","coordinates":[-77.02618,38.9927]},"properties":{"id":"way/729748499","name":"Underground Pizza Company","group":"food","category":"amenity=restaurant","cuisine":"pizza"}},{"type":"Feature","geometry":{"type":"Point","coordinates":[-77.02442,38.99481]},"properties":{"id":"way/845858454","name":"Bump N Grind","group":"food","category":"amenity=cafe","cuisine":"coffee_shop","phone":"+1 301-588-8000","website":"https://bumpngrind.co/","housenumber":"900","street":"Wayne Avenue","city":"Silver Spring","postcode":"20910-4428"}},{"type":"Feature","geometry":{"type":"Point","coordinates":[-77.00069,38.96941]},"properties":{"id":"way/910290727","name":"Mid Atlantic Seafood","group":"food","category":"amenity=restaurant","cuisine":"chicken;seafood;soul_food","hours":"Mo-Th 07:30-20:30; Fr-Sa 07:30-21:00; Su off"}},{"type":"Feature","geometry":{"type":"Point","coordinates":[-77.01133,38.97434]},"properties":{"id":"way/925769766","name":"House of Musical Traditions","group":"shopping","category":"shop=musical_instrument","hours":"Su,Mo 11:00-17:00; Tu-Sa 11:00-19:00","housenumber":"7010","street":"Westmoreland Avenue"}},{"type":"Feature","geometry":{"type":"Point","coordinates":[-77.09535,38.99093]},"properties":{"id":"way/1029232920","name":"Bethesda Beer & Wine","group":"groceries","category":"shop=alcohol","website":"https://www.bethesdabeerandwinemd.com/","housenumber":"8015","street":"Wisconsin Avenue","city":"Bethesda","postcode":"20814"}},{"type":"Feature","geometry":{"type":"Point","coordinates":[-77.09535,38.99098]},"properties":{"id":"way/1029232921","name":"Peter's Carryout","group":"food","category":"amenity=restaurant","cuisine":"sandwich;greek;burger","phone":"+1-301-656-2242","website":"https://peterscarryout.com/","housenumber":"8017","street":"Wisconsin Avenue","city":"Bethesda","postcode":"20814"}},{"type":"Feature","geometry":{"type":"Point","coordinates":[-77.09538,38.99115]},"properties":{"id":"way/1029232923","name":"Maki Maki","group":"food","category":"amenity=restaurant","cuisine":"sushi","phone":"+1-301-913-9888","website":"https://www.makimakisushirestaurant.com/","housenumber":"8023","street":"Wisconsin Avenue","city":"Bethesda","postcode":"20814"}},{"type":"Feature","geometry":{"type":"Point","coordinates":[-77.09883,38.99023]},"properties":{"id":"way/1054483459","name":"Tia Queta","group":"food","category":"amenity=restaurant","cuisine":"mexican","phone":"+1-301-654-4443","website":"https://tiaqueta.com/","housenumber":"4839","street":"Del Ray Avenue","city":"Bethesda","postcode":"20814"}},{"type":"Feature","geometry":{"type":"Point","coordinates":[-77.09883,38.9901]},"properties":{"id":"way/1054483460","name":"Satsuma","group":"food","category":"amenity=restaurant","cuisine":"japanese","phone":"+1-301-652-1400","website":"http://www.satsumajp.com/","housenumber":"8003","street":"Norfolk Avenue","city":"Bethesda","postcode":"20814"}},{"type":"Feature","geometry":{"type":"Point","coordinates":[-77.10413,38.96398]},"properties":{"id":"way/1105900038","name":"Kenwood Auto Body","group":"services","category":"shop=car_repair","housenumber":"5202","street":"River Road","city":"Bethesda","postcode":"20816"}},{"type":"Feature","geometry":{"type":"Point","coordinates":[-77.11881,38.94921]},"properties":{"id":"way/1123142495","name":"Passion Fin","group":"food","category":"amenity=restaurant","cuisine":"asian","housenumber":"4611","street":"Sangamore Road","city":"Bethesda","postcode":"20816"}},{"type":"Feature","geometry":{"type":"Point","coordinates":[-77.11844,38.94928]},"properties":{"id":"way/1123142497","name":"Bethesda Market","group":"groceries","category":"shop=alcohol","housenumber":"4611","street":"Sangamore Road","city":"Bethesda","postcode":"20816"}},{"type":"Feature","geometry":{"type":"Point","coordinates":[-77.11835,38.94928]},"properties":{"id":"way/1123142498","name":"Wild Bird Center","group":"shopping","category":"shop=pet","housenumber":"4611","street":"Sangamore Road","city":"Bethesda","postcode":"20816"}},{"type":"Feature","geometry":{"type":"Point","coordinates":[-77.11827,38.94928]},"properties":{"id":"way/1123142499","name":"Edmonds Optician","group":"personal_care","category":"shop=optician","housenumber":"4611","street":"Sangamore Road"}},{"type":"Feature","geometry":{"type":"Point","coordinates":[-77.11815,38.94929]},"properties":{"id":"way/1123142500","name":"Gregorio's Trattoria","group":"food","category":"amenity=restaurant","cuisine":"italian","housenumber":"4611","street":"Sangamore Road","city":"Bethesda","postcode":"20816"}},{"type":"Feature","geometry":{"type":"Point","coordinates":[-77.10271,38.96361]},"properties":{"id":"way/1153076538","name":"Kenwood Polyclean","group":"services","category":"shop=laundry","housenumber":"5120","street":"River Road"}},{"type":"Feature","geometry":{"type":"Point","coordinates":[-77.09802,38.98787]},"properties":{"id":"way/1276114291","name":"House of Milae","group":"food","category":"amenity=restaurant","cuisine":"korean","housenumber":"4932","street":"Saint Elmo Avenue","city":"Bethesda","postcode":"20814"}},{"type":"Feature","geometry":{"type":"Point","coordinates":[-77.09806,38.98782]},"properties":{"id":"way/1276114292","name":"Bethesda Florist","group":"shopping","category":"shop=florist","housenumber":"4934","street":"Saint Elmo Avenue","city":"Bethesda","postcode":"20814"}},{"type":"Feature","geometry":{"type":"Point","coordinates":[-77.10439,38.96431]},"properties":{"id":"way/1342912249","name":"Westbard Self-Storage","group":"services","category":"shop=storage_rental","housenumber":"5204","street":"River Road","city":"Bethesda","postcode":"20816"}},{"type":"Feature","geometry":{"type":"Point","coordinates":[-77.10564,38.96531]},"properties":{"id":"relation/15583604","name":"American Plant","group":"shopping","category":"shop=garden_centre","housenumber":"5258","street":"River Road"}},{"type":"Feature","geometry":{"type":"Point","coordinates":[-77.01188,39.02041]},"properties":{"id":"node/450122830","name":"Santucci's Deli","group":"food","category":"amenity=restaurant","cuisine":"sandwich;pizza;italian","hours":"Mo-Sa 10:00-20:00","phone":"+1-301-593-8338","website":"https://www.santuccisdeli.com/","housenumber":"10107","street":"Colesville Road","city":"Silver Spring","postcode":"20901"}},{"type":"Feature","geometry":{"type":"Point","coordinates":[-76.98841,39.04145]},"properties":{"id":"node/452446241","name":"Hunan Manor Chinese","group":"food","category":"amenity=restaurant","cuisine":"chinese","phone":"+1-301-681-5360","website":"https://hunanmanorsilverspring.com/index.html","housenumber":"11237","street":"New Hampshire Avenue","city":"Silver Spring","postcode":"20904"}},{"type":"Feature","geometry":{"type":"Point","coordinates":[-76.98859,39.04136]},"properties":{"id":"node/452446243","name":"Curry Palace Indian Restaurant","group":"food","category":"amenity=restaurant","cuisine":"indian","phone":"+1-301-593-7222","website":"https://www.curryplacemd.com/index.html","housenumber":"11229","street":"New Hampshire Avenue","city":"Silver Spring","postcode":"20904"}},{"type":"Feature","geometry":{"type":"Point","coordinates":[-76.98791,39.04219]},"properties":{"id":"node/452446246","name":"Pizza Castle","group":"food","category":"amenity=fast_food","cuisine":"pizza","phone":"+1-301-593-9494","website":"http://www.castlepizza.com/","housenumber":"11279","street":"New Hampshire Avenue","city":"Silver Spring","postcode":"20904"}},{"type":"Feature","geometry":{"type":"Point","coordinates":[-77.02666,38.99616]},"properties":{"id":"node/459790883","name":"Thai at Silver Spring","group":"food","category":"amenity=restaurant","cuisine":"thai","hours":"Mo-Th 11:00-22:00; Fr-Sa 11:30-23:00; Su 11:30-22:00","phone":"+1 301-650-0666","website":"https://www.thaiatsilverspring.com","housenumber":"921","street":"Ellsworth Drive","city":"Silver Spring","postcode":"20910"}},{"type":"Feature","geometry":{"type":"Point","coordinates":[-77.02746,38.99626]},"properties":{"id":"node/460203778","name":"Roaming Rooster","group":"food","category":"amenity=restaurant","street":"Georgia Avenue","city":"Silver Spring","postcode":"20910"}},{"type":"Feature","geometry":{"type":"Point","coordinates":[-77.04203,39.01027]},"properties":{"id":"node/461544617","name":"Beer-Wine-Deli","group":"groceries","category":"shop=beverages","hours":"Mo-Th 09:00-20:00; Fr 09:00-23:00; Sa 09:30-23:00; Su 10:00-21:00","housenumber":"9456","street":"Georgia Avenue","city":"Silver Spring","postcode":"20910"}},{"type":"Feature","geometry":{"type":"Point","coordinates":[-77.0421,39.01049]},"properties":{"id":"node/461544618","name":"Post Express","group":"services","category":"shop=shipping","hours":"Mo-Fr 09:00-18:30; Sa 10:00-17:00","phone":"+1 240-450-3340","website":"https://www.postexpressworld.com","housenumber":"9466","street":"Georgia Avenue","city":"Silver Spring","postcode":"20910"}},{"type":"Feature","geometry":{"type":"Point","coordinates":[-77.04207,39.01059]},"properties":{"id":"node/461544623","name":"Seminary Cleaners","group":"services","category":"shop=dry_cleaning","hours":"Mo-Fr 07:00-19:00; Sa 08:00-18:00","housenumber":"9468","street":"Georgia Avenue","city":"Silver Spring","postcode":"20910"}},{"type":"Feature","geometry":{"type":"Point","coordinates":[-77.01734,39.00037]},"properties":{"id":"node/480598905","name":"Ertters Market","group":"groceries","category":"shop=alcohol"}},{"type":"Feature","geometry":{"type":"Point","coordinates":[-77.01198,39.02002]},"properties":{"id":"node/512958659","name":"Hoover-Fisher Florist","group":"shopping","category":"shop=florist"}},{"type":"Feature","geometry":{"type":"Point","coordinates":[-77.01294,39.02111]},"properties":{"id":"node/512960539","name":"The 4 Corners Pub","group":"food","category":"amenity=pub","hours":"Su-Th 11:00-01:00, Fr-Sa 11:00-02:00","phone":"+1-301-593-2900","website":"https://sportsbarsilverspring.com/","housenumber":"10111","street":"Sutherland Road","city":"Silver Spring","postcode":"20901"}},{"type":"Feature","geometry":{"type":"Point","coordinates":[-77.03969,39.00833]},"properties":{"id":"node/634470705","name":"Mega Kitchen & Bath","group":"shopping","category":"shop=kitchen"}},{"type":"Feature","geometry":{"type":"Point","coordinates":[-77.01266,39.0208]},"properties":{"id":"node/635123266","name":"Red Maple","group":"food","category":"amenity=restaurant","cuisine":"chinese","housenumber":"10110","street":"Colesville Road","city":"Silver Spring","postcode":"20901"}},{"type":"Feature","geometry":{"type":"Point","coordinates":[-77.01192,39.02061]},"properties":{"id":"node/635126441","name":"Nash & Smashed","group":"food","category":"amenity=fast_food","cuisine":"burger","hours":"Mo-Fr 08:00-22:00; Sa 08:30-21:00; Su 09:00-20:00","housenumber":"10121","street":"Colesville Road","city":"Silver Spring","postcode":"20910"}},{"type":"Feature","geometry":{"type":"Point","coordinates":[-77.0131,39.02073]},"properties":{"id":"node/657517577","name":"Fresh Greek Grill","group":"food","category":"amenity=restaurant","cuisine":"greek","phone":"+13016810070","website":"https://freshgreekgrill.com/","housenumber":"25","street":"University Boulevard West","city":"Silver Spring","postcode":"20901"}},{"type":"Feature","geometry":{"type":"Point","coordinates":[-77.03123,38.99857]},"properties":{"id":"node/680016632","name":"Deli, Beer, Wine","group":"food","category":"amenity=fast_food"}},{"type":"Feature","geometry":{"type":"Point","coordinates":[-76.97675,39.02197]},"properties":{"id":"node/761374175","name":"Urban BBQ","group":"food","category":"amenity=restaurant","cuisine":"barbecue","phone":"+1-301-434-7427","website":"https://iloveubq.com/store/hillandale/","housenumber":"10163","street":"New Hampshire Avenue","city":"Silver Spring","postcode":"20903"}},{"type":"Feature","geometry":{"type":"Point","coordinates":[-77.01863,39.01642]},"properties":{"id":"node/805144790","name":"George's Barber Shop","group":"personal_care","category":"shop=hairdresser","hours":"Mo-Fr 09:00-19:00, Sa 09:00-20:00, Su 09:00-15:00","phone":"+1-301-681-1576","housenumber":"532","street":"Forest Glen Road","city":"Silver Spring","postcode":"20901"}},{"type":"Feature","geometry":{"type":"Point","coordinates":[-77.01877,39.01645]},"properties":{"id":"node/805145718","name":"Forest Glen Deli","group":"groceries","category":"shop=convenience","hours":"Mo-Fr 07:00-19:00, Sa 08:00-18:00, Su 08:00-17:00","phone":"+1-301-681-9641","housenumber":"536","street":"Forest Glen Road","city":"Silver Spring","postcode":"20901"}},{"type":"Feature","geometry":{"type":"Point","coordinates":[-77.00269,39.07729]},"properties":{"id":"node/840921517","name":"Signature Hair Studio","group":"personal_care","category":"shop=hairdresser","housenumber":"13448","street":"New Hampshire Avenue","city":"Colesville","postcode":"20904"}},{"type":"Feature","geometry":{"type":"Point","coordinates":[-77.0041,39.07661]},"properties":{"id":"node/840921533","name":"Star Nails","group":"personal_care","category":"shop=beauty","housenumber":"35","street":"Randolph Road","city":"Colesville","postcode":"20904"}},{"type":"Feature","geometry":{"type":"Point","coordinates":[-77.00248,39.07678]},"properties":{"id":"node/840921536","name":"Beauty Supply Unlimited","group":"personal_care","category":"shop=beauty","housenumber":"13432","street":"New Hampshire Avenue","city":"Silver Spring","postcode":"20904"}},{"type":"Feature","geometry":{"type":"Point","coordinates":[-77.0041,39.07666]},"properties":{"id":"node/840921558","name":"Colesville Barber Shop","group":"personal_care","category":"shop=hairdresser","phone":"+1-301-384-1353","housenumber":"33","street":"Randolph Road","city":"Colesville","postcode":"20904"}},{"type":"Feature","geometry":{"type":"Point","coordinates":[-77.00278,39.0775]},"properties":{"id":"node/840921567","name":"Patches Gift Shop","group":"shopping","category":"shop=gift","housenumber":"13452","street":"New Hampshire Avenue","city":"Colesville","postcode":"20904"}},{"type":"Feature","geometry":{"type":"Point","coordinates":[-77.00411,39.07635]},"properties":{"id":"node/840921573","name":"Parcel Plus","group":"services","category":"shop=shipping","housenumber":"43","street":"Randolph Road","city":"Colesville","postcode":"20904"}},{"type":"Feature","geometry":{"type":"Point","coordinates":[-77.00342,39.07723]},"properties":{"id":"node/840921586","name":"Upper Crust Bakery","group":"food","category":"shop=bakery","housenumber":"14488","street":"New Hampshire Avenue","city":"Colesville","postcode":"20904"}},{"type":"Feature","geometry":{"type":"Point","coordinates":[-77.00255,39.07679]},"properties":{"id":"node/840921593","name":"Dollar Store","group":"groceries","category":"shop=variety_store","housenumber":"13434","street":"New Hampshire Avenue","city":"Colesville","postcode":"20904"}},{"type":"Feature","geometry":{"type":"Point","coordinates":[-77.00411,39.07669]},"properties":{"id":"node/840921598","name":"Jackie's Alterations","group":"services","category":"shop=tailor","housenumber":"31","street":"Randolph Road","city":"Colesville","postcode":"20904"}},{"type":"Feature","geometry":{"type":"Point","coordinates":[-77.0032,39.07737]},"properties":{"id":"node/840921618","name":"Colesville Beer & Wine","group":"groceries","category":"shop=alcohol"}},{"type":"Feature","geometry":{"type":"Point","coordinates":[-77.00298,39.07734]},"properties":{"id":"node/840921635","name":"Colesville Cleaners","group":"services","category":"shop=dry_cleaning","housenumber":"13456","street":"New Hampshire Avenue","city":"Colesville","postcode":"20904"}},{"type":"Feature","geometry":{"type":"Point","coordinates":[-77.00411,39.07641]},"properties":{"id":"node/840921645","name":"Wing Wing","group":"food","category":"amenity=fast_food","cuisine":"chinese","housenumber":"41","street":"Randolph Road","city":"Colesville","postcode":"20904"}},{"type":"Feature","geometry":{"type":"Point","coordinates":[-77.00333,39.07729]},"properties":{"id":"node/840921650","name":"Greek Village Restaurant","group":"food","category":"amenity=restaurant"}},{"type":"Feature","geometry":{"type":"Point","coordinates":[-77.00374,39.07488]},"properties":{"id":"node/1019550222","name":"Bagelry","group":"food","category":"amenity=cafe","cuisine":"bagel"}},{"type":"Feature","geometry":{"type":"Point","coordinates":[-77.00136,39.06618]},"properties":{"id":"node/1025882540","name":"Irene\u2019s Pupusas","group":"food","category":"amenity=restaurant","cuisine":"salvadoran;honduran","phone":"+1-301-328-0032","housenumber":"12854","street":"New Hampshire Avenue","city":"Silver Spring","postcode":"20904"}},{"type":"Feature","geometry":{"type":"Point","coordinates":[-77.03958,39.0077]},"properties":{"id":"node/1036513669","name":"Dryclean Direct","group":"services","category":"shop=dry_cleaning","hours":"Mo-Sa 07:00-20:00"}},{"type":"Feature","geometry":{"type":"Point","coordinates":[-77.02608,38.99642]},"properties":{"id":"node/1076953141","name":"McGinty's Public House","group":"food","category":"amenity=pub","hours":"Mo-Th 16:00-24:00; Fr 11:00-25:00, Sa 10:00-25:00, Su 10:00-24:00","phone":"+1 301-587-1270","website":"https://www.mcgintyspublichouse.com","housenumber":"911","street":"Ellsworth Drive","city":"Silver Spring"}},{"type":"Feature","geometry":{"type":"Point","coordinates":[-77.01197,39.0208]},"properties":{"id":"node/1436064013","name":"Woodmoor Supermarket","group":"groceries","category":"shop=supermarket","hours":"Mo-Th 09:00-21:00; Fr,Sa 09:00-21:30; Su 10:00-20:30"}},{"type":"Feature","geometry":{"type":"Point","coordinates":[-77.01197,39.02075]},"properties":{"id":"node/1436064016","name":"Woodmoor Pastry Shop","group":"food","category":"shop=bakery","phone":"+1 301-593-7667","website":"https://www.woodmoorpastry.com/","housenumber":"10127","street":"Colesville Road","city":"Silver Spring","postcode":"20901"}},{"type":"Feature","geometry":{"type":"Point","coordinates":[-76.99546,39.11052]},"properties":{"id":"node/1717080857","name":"Kabob N Karahi","group":"food","category":"amenity=restaurant","cuisine":"kebab","website":"https://kabobnkarahi.com/","housenumber":"15521","street":"New Hampshire Avenue","postcode":"20905"}},{"type":"Feature","geometry":{"type":"Point","coordinates":[-77.00377,39.0313]},"properties":{"id":"node/1872088822","name":"Alchemy","group":"personal_care","category":"shop=hairdresser","housenumber":"10739","street":"Columbia Pike"}},{"type":"Feature","geometry":{"type":"Point","coordinates":[-77.02332,38.99769]},"properties":{"id":"node/2264542771","name":"Genie Hair Salon","group":"personal_care","category":"shop=hairdresser"}},{"type":"Feature","geometry":{"type":"Point","coordinates":[-77.00259,39.07679]},"properties":{"id":"node/2687857309","name":"Pollo-Mex","group":"food","category":"amenity=restaurant","cuisine":"mexican","website":"https://order.ehungry.com/pollomex/?form=home","housenumber":"13436","street":"New Hampshire Avenue","city":"Colesville","postcode":"20904"}},{"type":"Feature","geometry":{"type":"Point","coordinates":[-76.97487,39.02175]},"properties":{"id":"node/2688195475","name":"Unique Thrift Store/Value Village","group":"shopping","category":"shop=clothes","housenumber":"10121","street":"New Hampshire Avenue","city":"Silver Spring","postcode":"20903"}},{"type":"Feature","geometry":{"type":"Point","coordinates":[-76.97507,39.02128]},"properties":{"id":"node/2689461662","name":"Dollars Value","group":"shopping","category":"shop=department_store"}},{"type":"Feature","geometry":{"type":"Point","coordinates":[-76.96722,39.05564]},"properties":{"id":"node/3180115662","name":"Creative Floral Design","group":"shopping","category":"shop=florist","housenumber":"12158","street":"Tech Road","city":"Silver Spring","postcode":"20904"}},{"type":"Feature","geometry":{"type":"Point","coordinates":[-77.02643,38.99797]},"properties":{"id":"node/3333263297","name":"Liquor & Wine","group":"groceries","category":"shop=alcohol"}},{"type":"Feature","geometry":{"type":"Point","coordinates":[-76.95482,39.05543]},"properties":{"id":"node/3464051493","name":"Gong Cha and Fuji Teriyaki","group":"food","category":"amenity=restaurant","cuisine":"asian;bubble_tea","phone":"+1 301-781-6000","website":"https://www.fujiteriyaki.com/","housenumber":"12058","street":"Cherry Hill Road","city":"Silver Spring","postcode":"20904"}},{"type":"Feature","geometry":{"type":"Point","coordinates":[-77.02783,38.99684]},"properties":{"id":"node/3956152096","name":"Abol Ethiopian Cuisine","group":"food","category":"amenity=restaurant","cuisine":"ethiopian","phone":"+1-301-650-0061","website":"http://www.abolethiopiancuisine.com/amanu/index.php","housenumber":"8626","street":"Colesville Road","city":"Silver Spring","postcode":"20910"}},{"type":"Feature","geometry":{"type":"Point","coordinates":[-77.03181,39.04098]},"properties":{"id":"node/3987114884","name":"Edwin's Barbershop","group":"personal_care","category":"shop=hairdresser","hours":"Mo-Fr 09:00-19:00; Sa 08:00-18:00"}},{"type":"Feature","geometry":{"type":"Point","coordinates":[-77.03217,39.04093]},"properties":{"id":"node/3987114885","name":"Shalom Kosher","group":"groceries","category":"shop=supermarket","hours":"Mo-We 07:30-20:00; Su 07:30-19:00; Th 07:30-21:00; Fr 07:30-16:00","phone":"+1 301 946 6500","website":"https://www.shalomkosher.com/","housenumber":"1361","street":"Lamberton Drive","city":"Silver Spring"}},{"type":"Feature","geometry":{"type":"Point","coordinates":[-77.02679,38.99735]},"properties":{"id":"node/4719278718","name":"Not Your Average Joe's","group":"food","category":"amenity=restaurant","cuisine":"american","hours":"Mo 11:30-21:00, Tu-Th 11:30-22:00, Fr 11:30-23:00, Sa 12:00-23:00, Su 12:00-21:00","phone":"+1-240-839-3400","website":"https://www.notyouraveragejoes.com/locations/maryland/silver-spring/","housenumber":"8661","street":"Colesville Road","city":"Silver Spring","postcode":"20910"}},{"type":"Feature","geometry":{"type":"Point","coordinates":[-77.00359,38.99934]},"properties":{"id":"node/4957750893","name":"El Golfo Restaurant","group":"food","category":"amenity=restaurant","cuisine":"latin_american;mexican","phone":"+1-301-608-2121","website":"https://www.elgolforestaurant.com/","housenumber":"8739","street":"Flower Avenue","city":"Silver Spring","postcode":"20901"}},{"type":"Feature","geometry":{"type":"Point","coordinates":[-76.99591,38.99988]},"properties":{"id":"node/5008007465","name":"Long Branch Beer & Wine","group":"groceries","category":"shop=alcohol","hours":"Su-Th 10:00-23:00, Fr-Sa 10:00-24:00","phone":"+1-301-439-3700","housenumber":"649","street":"University Boulevard East","city":"Silver Spring","postcode":"20901"}},{"type":"Feature","geometry":{"type":"Point","coordinates":[-76.99663,38.99948]},"properties":{"id":"node/5008007479","name":"Pupuseria Do\u00f1a Azucena","group":"food","category":"amenity=restaurant","cuisine":"salvadoran","hours":"Su-Th 11:00-22:00, Fr-Sa 11:00-23:00","phone":"+1-301-434-4230","housenumber":"8728","street":"Piney Branch Road","city":"Silver Spring","postcode":"20901"}},{"type":"Feature","geometry":{"type":"Point","coordinates":[-76.99525,39.00048]},"properties":{"id":"node/5010061169","name":"La Chiquita Express","group":"services","category":"shop=money_lender","phone":"+1-301-434-0450","website":"http://uschiquita.com/tablet/la-chiquita-express.html","housenumber":"632","street":"University Boulevard East","city":"Silver Spring","postcode":"20901"}},{"type":"Feature","geometry":{"type":"Point","coordinates":[-76.9949,39.00058]},"properties":{"id":"node/5010061170","name":"LA Mart","group":"groceries","category":"shop=supermarket","hours":"Mo-Su 08:00-22:00","phone":"+1-301-439-0110","website":"http://la-mart.net/","housenumber":"640","street":"University Boulevard East","city":"Silver Spring","postcode":"20901"}},{"type":"Feature","geometry":{"type":"Point","coordinates":[-76.99521,39.00081]},"properties":{"id":"node/5010070487","name":"Sueno Tattoo","group":"personal_care","category":"shop=tattoo","hours":"We-Su 12:00-19:00","phone":"+1 240-732-0004","housenumber":"618","street":"University Boulevard East","city":"Silver Spring","postcode":"20901"}},{"type":"Feature","geometry":{"type":"Point","coordinates":[-77.00357,38.99924]},"properties":{"id":"node/5015289441","name":"Ocean City Seafood","group":"groceries","category":"shop=seafood","hours":"Mo-Su 09:30-19:30","phone":"+1-301-588-7553","housenumber":"8745","street":"Flower Avenue","city":"Silver Spring","postcode":"20901"}},{"type":"Feature","geometry":{"type":"Point","coordinates":[-77.00409,38.99913]},"properties":{"id":"node/5015295592","name":"Reliable Cleaners","group":"services","category":"shop=dry_cleaning","hours":"Mo-Fr 07:00-19:00, Sa 08:00-18:00","phone":"+1-301-585-2220","website":"http://reliablecleaners.site.mobi/","housenumber":"8736","street":"Flower Avenue","city":"Silver Spring","postcode":"20901"}},{"type":"Feature","geometry":{"type":"Point","coordinates":[-77.01444,39.04716]},"properties":{"id":"node/5028222954","name":"King Locksmith and Doors, Inc.","group":"services","category":"shop=locksmith","hours":"24/7","phone":"+1-240-345-1455","website":"https://kinglocksmiths.com/","housenumber":"11619","street":"Le Baron Terrace","city":"Silver Spring","postcode":"20902"}},{"type":"Feature","geometry":{"type":"Point","coordinates":[-77.01167,39.02046]},"properties":{"id":"node/5041994532","name":"Watch Pocket","group":"services","category":"craft=watchmaker"}},{"type":"Feature","geometry":{"type":"Point","coordinates":[-77.01903,39.01649]},"properties":{"id":"node/5140005852","name":"Len the Plumber","group":"services","category":"craft=plumber","phone":"+1-301-222-1500","housenumber":"550","street":"Forest Glen Road","city":"Silver Spring","postcode":"20901"}},{"type":"Feature","geometry":{"type":"Point","coordinates":[-77.0293,38.9957]},"properties":{"id":"node/5244739305","name":"Bonjour Waffles","group":"food","category":"amenity=restaurant","cuisine":"crepe","hours":"Mo-Th 07:00-20:00, Fr 07:00-21:00, Sa 09:00-21:00","housenumber":"8600","street":"Georgia Avenue","city":"Silver Spring","postcode":"20910"}},{"type":"Feature","geometry":{"type":"Point","coordinates":[-77.02636,38.99628]},"properties":{"id":"node/5244757027","name":"Masa Hibachi Steakhouse & Sushi","group":"food","category":"amenity=restaurant","cuisine":"japanese;sushi;steak","hours":"Mo-Th,Su 12:00-21:00; Fr-Sa 12:00-22:00","phone":"+1 301-608-8989","website":"https://www.masajapanese.com/","housenumber":"921","street":"Ellsworth Drive","city":"Silver Spring","postcode":"20910"}},{"type":"Feature","geometry":{"type":"Point","coordinates":[-77.03479,38.9954]},"properties":{"id":"node/5665036066","name":"Falkland Chase North Laundry Room","group":"services","category":"shop=laundry"}},{"type":"Feature","geometry":{"type":"Point","coordinates":[-77.02594,38.9973]},"properties":{"id":"node/5691358788","name":"Lebanese Taverna","group":"food","category":"amenity=restaurant","cuisine":"deli;sandwich","hours":"Mo-Th 11:00-20:30; Fr-Sa 11:00-21:00; Su 11:00-20:00","phone":"+1 301-588-1192","website":"https://www.lebanesetaverna.com","housenumber":"8535","street":"Fenton Street","city":"Silver Spring","postcode":"20910"}},{"type":"Feature","geometry":{"type":"Point","coordinates":[-77.02273,39.03109]},"properties":{"id":"node/5700632726","name":"Kinde's","group":"shopping","category":"shop=computer"}},{"type":"Feature","geometry":{"type":"Point","coordinates":[-77.00061,39.07543]},"properties":{"id":"node/5910586780","name":"Tammy's Nail Salon","group":"personal_care","category":"shop=beauty"}},{"type":"Feature","geometry":{"type":"Point","coordinates":[-77.04071,39.00928]},"properties":{"id":"node/6169742497","name":"Jalal Barbering & Hairstyling","group":"personal_care","category":"shop=hairdresser","hours":"Mo-Tu, Th-Fr 10:00-18:00; Su 11:00-16:00; Sa 09:00-17:00"}},{"type":"Feature","geometry":{"type":"Point","coordinates":[-77.04014,39.00919]},"properties":{"id":"node/6169742498","name":"Silver Spring Jewelry","group":"shopping","category":"shop=jewelry","hours":"Mo-Sa 10:00-18:00"}},{"type":"Feature","geometry":{"type":"Point","coordinates":[-77.04017,39.00925]},"properties":{"id":"node/6169742499","name":"Silvestre Chicken","group":"food","category":"amenity=restaurant","phone":"+1 301-588-5070","website":"https://silvestrechicken.com/","housenumber":"9423","street":"Georgia Avenue","city":"Silver Spring","postcode":"20910"}},{"type":"Feature","geometry":{"type":"Point","coordinates":[-77.04018,39.00932]},"properties":{"id":"node/6169742500","name":"Hunan City","group":"food","category":"amenity=restaurant","cuisine":"chinese","hours":"Mo-Th 11:00-23:00; Fr,Sa 11:00-24:00, Su 12:00-22:30","phone":"+1 301-587-3888","website":"https://www.hunancitychinese.com/","housenumber":"9429","street":"Georgia Avenue","city":"Silver Spring","postcode":"20910"}},{"type":"Feature","geometry":{"type":"Point","coordinates":[-77.04021,39.00939]},"properties":{"id":"node/6169742501","name":"Tropical Lagoon Aquarium","group":"shopping","category":"shop=pet","hours":"Mo,Tu 11:00-17:00; We-Fr 11:00-18:00; Sa 11:00-17:00; Su 12:00-17:00"}},{"type":"Feature","geometry":{"type":"Point","coordinates":[-77.04025,39.00953]},"properties":{"id":"node/6226340849","name":"La Casa del Mofongo","group":"food","category":"amenity=restaurant","cuisine":"caribbean","hours":"Mo-Th, Su 11:00-22:00; Fr, Sa 11:00-00:00","phone":"+1 240 863 3750","website":"https://lacasadelmofongomd.com/","housenumber":"9441","street":"Georgia Avenue","city":"Silver Spring","postcode":"20910"}},{"type":"Feature","geometry":{"type":"Point","coordinates":[-77.04096,39.00934]},"properties":{"id":"node/6235177254","name":"Prestige Cleaners","group":"services","category":"shop=laundry","hours":"Mo-Fr 07:00-19:00; Sa 08:00-17:00"}},{"type":"Feature","geometry":{"type":"Point","coordinates":[-77.04029,39.00781]},"properties":{"id":"node/6235177255","name":"Tropics Ice Cream","group":"food","category":"amenity=cafe","cuisine":"ice_cream;caribbean;jamaican","hours":"Mo-Th 11:00-19:00; Fr 10:00-15:00; Sa 18:00-21:00; Su 12:00-18:00","website":"https://tropicsicecream.com/","street":"Georgia Avenue","city":"Silver Spring","postcode":"20910"}},{"type":"Feature","geometry":{"type":"Point","coordinates":[-77.04073,39.00896]},"properties":{"id":"node/6235177257","name":"Mayflower","group":"food","category":"amenity=restaurant","cuisine":"chinese","hours":"Tu-Th 11:00-22:00; Su 12:00-21:30; Fr,Sa 11:00-22:30","phone":"+1 301-585-8989","housenumber":"1905","street":"Seminary Road"}},{"type":"Feature","geometry":{"type":"Point","coordinates":[-77.04031,39.00786]},"properties":{"id":"node/6235177262","name":"Milk & Honey","group":"food","category":"amenity=restaurant","cuisine":"cajun","hours":"Mo-Su 08:00-20:00","phone":"+1 301 328 0175","website":"https://www.themilkandhoney.com/silver-spring","housenumber":"9326","street":"Georgia Avenue"}},{"type":"Feature","geometry":{"type":"Point","coordinates":[-77.04109,39.00892]},"properties":{"id":"node/6235177263","name":"Academy Dog Training","group":"shopping","category":"shop=pet","hours":"Mo-Fr 10:00-18:00; Sa 10:00-16:00"}},{"type":"Feature","geometry":{"type":"Point","coordinates":[-77.04032,39.0079]},"properties":{"id":"node/6235177264","name":"Goldberg's New York Bagels","group":"food","category":"shop=bakery","hours":"Su-Th 07:00-15:00; Fr 07:00-14:00","phone":"+1 240 450 4177","website":"https://www.goldbergsnybagels.com/","housenumber":"9328","street":"Georgia Avenue","city":"Silver Spring","postcode":"20910"}},{"type":"Feature","geometry":{"type":"Point","coordinates":[-77.04069,39.00918]},"properties":{"id":"node/6235177266","name":"Djama Hair Braiding Gallery","group":"personal_care","category":"shop=hairdresser"}},{"type":"Feature","geometry":{"type":"Point","coordinates":[-76.98979,39.04063]},"properties":{"id":"node/6279252041","name":"White Oak Dry Cleaner","group":"services","category":"shop=dry_cleaning","city":"Silver Spring","postcode":"20904"}},{"type":"Feature","geometry":{"type":"Point","coordinates":[-76.98904,39.06181]},"properties":{"id":"node/6302628087","name":"Gottarow","group":"services","category":"craft=boatbuilder"}},{"type":"Feature","geometry":{"type":"Point","coordinates":[-76.99061,39.06376]},"properties":{"id":"node/6302632755","name":"Golden Spindle","group":"shopping","category":"shop=craft"}},{"type":"Feature","geometry":{"type":"Point","coordinates":[-77.02624,38.99669]},"properties":{"id":"node/6551304788","name":"DMV Furniture Outlet","group":"shopping","category":"shop=furniture","housenumber":"8661","street":"Colesville Road","city":"Silver Spring","postcode":"20910"}},{"type":"Feature","geometry":{"type":"Point","coordinates":[-76.96548,39.05659]},"properties":{"id":"node/6580250543","name":"Nail Art & Spa","group":"personal_care","category":"shop=beauty","housenumber":"12261"}},{"type":"Feature","geometry":{"type":"Point","coordinates":[-76.9658,39.0569]},"properties":{"id":"node/6580250545","name":"Siu\u2019s Asian Bistro","group":"food","category":"amenity=restaurant","cuisine":"chinese","phone":"+1 301-680-8830","website":"https://www.siusasianbistro.com/","housenumber":"12271","street":"Tech Road","city":"Silver Spring","postcode":"20904-1901"}},{"type":"Feature","geometry":{"type":"Point","coordinates":[-76.98797,39.04163]},"properties":{"id":"node/6641803469","name":"Liquor-Wine","group":"groceries","category":"shop=alcohol"}},{"type":"Feature","geometry":{"type":"Point","coordinates":[-76.98779,39.04191]},"properties":{"id":"node/6641812831","name":"The Beauty Center","group":"personal_care","category":"shop=beauty"}},{"type":"Feature","geometry":{"type":"Point","coordinates":[-76.98783,39.04196]},"properties":{"id":"node/6641818264","name":"Caribbean Eatery & Ice Cream","group":"food","category":"amenity=restaurant","cuisine":"caribbean;ice_cream","phone":"+1-301-593-4955","website":"https://caribbean-eatery-ice-cream.business.site/","housenumber":"11275","street":"New Hampshire Avenue","city":"Silver Spring","postcode":"20904"}},{"type":"Feature","geometry":{"type":"Point","coordinates":[-76.9879,39.0421]},"properties":{"id":"node/6641826791","name":"Pansa Llena Mexican Grill","group":"food","category":"amenity=restaurant","cuisine":"mexican","phone":"+1-301-592-8064","website":"http://www.pansallena.com/","housenumber":"11279","street":"New Hampshire Avenue","city":"Silver Spring","postcode":"20904"}},{"type":"Feature","geometry":{"type":"Point","coordinates":[-76.98865,39.04135]},"properties":{"id":"node/6641827048","name":"True Nails Spa","group":"personal_care","category":"shop=beauty","phone":"+1-301-593-1580","website":"https://www.truenailspa.com/","housenumber":"11227","street":"New Hampshire Avenue","city":"Silver Spring","postcode":"20904"}},{"type":"Feature","geometry":{"type":"Point","coordinates":[-76.98804,39.04161]},"properties":{"id":"node/6641827808","name":"Hair Care Express","group":"personal_care","category":"shop=hairdresser","phone":"+1-301-681-0700","website":"https://www.myhaircareexpress.com/","housenumber":"11233","street":"New Hampshire Avenue","city":"Silver Spring","postcode":"20904"}},{"type":"Feature","geometry":{"type":"Point","coordinates":[-77.0316,39.04102]},"properties":{"id":"node/7078188654","name":"Njoya Dollar","group":"groceries","category":"shop=convenience","hours":"Mo-Fr 09:30-20:00; Sa off; Su 10:00-19:30","street":"Lamberton Drive"}},{"type":"Feature","geometry":{"type":"Point","coordinates":[-77.03123,39.04112]},"properties":{"id":"node/7078188657","name":"Holy Chow","group":"food","category":"amenity=restaurant","cuisine":"asian;chinese","hours":"Su-Th 11:30-20:30; Fr 11:30-14:30"}},{"type":"Feature","geometry":{"type":"Point","coordinates":[-77.03088,39.04011]},"properties":{"id":"node/7078188658","name":"Ben Yehuda","group":"food","category":"amenity=restaurant","cuisine":"pizza","hours":"Su 11:00-19:00; Mo-Th12:00-19:00; Fr 11:00-14:00; Sa \"by appointment\"","phone":"+1 301 681 8900","website":"https://www.bypizza.co/","housenumber":"1370","street":"Lamberton Drive","city":"Silver Spring","postcode":"20902"}},{"type":"Feature","geometry":{"type":"Point","coordinates":[-77.03107,39.0401]},"properties":{"id":"node/7078188659","name":"Kosher Pastry Oven","group":"food","category":"shop=bakery","hours":"Su-Th 08:00-18:30; Fr 08:00-14:30"}},{"type":"Feature","geometry":{"type":"Point","coordinates":[-77.03171,39.04099]},"properties":{"id":"node/7078188662","name":"Kemp Mill Optical","group":"personal_care","category":"shop=optician","hours":"Su-Mo, We, Fr 11:00-15:00; Tu, Th 11:00-15:00","phone":"+1-301-754-1347","housenumber":"1347","street":"Lamberton Drive"}},{"type":"Feature","geometry":{"type":"Point","coordinates":[-77.02706,38.99555]},"properties":{"id":"node/7802068505","name":"BibBop","group":"food","category":"amenity=restaurant","cuisine":"asian","hours":"Mo-Sa 10:30-21:30; Su 11:00-20:00","phone":"+1 301-337-9422","website":"https://bibibop.com/locations/silver-spring","housenumber":"935","street":"Ellsworth Drive","city":"Silver Spring","postcode":"20910"}},{"type":"Feature","geometry":{"type":"Point","coordinates":[-77.0268,38.99546]},"properties":{"id":"node/7802068506","name":"Copper Canyon Grill","group":"food","category":"amenity=restaurant","hours":"Mo-Th,Su 11:30-21:00; Fr-Sa 11:30-22:00","phone":"+1 301-589-1330","website":"https://ccgrill.com/silverspring","housenumber":"928","street":"Ellsworth Drive","city":"Silver Spring","postcode":"20910"}},{"type":"Feature","geometry":{"type":"Point","coordinates":[-77.02463,38.99682]},"properties":{"id":"node/7821495143","name":"Locavino Wine Cafe","group":"food","category":"amenity=restaurant","hours":"Mo-Sa 11:00-22:00; Su 11:00-21:00","phone":"+1 301-448-1819","website":"https://www.locavino.com","housenumber":"8519","street":"Fenton Street","city":"Silver Spring","postcode":"20910"}},{"type":"Feature","geometry":{"type":"Point","coordinates":[-77.02577,38.9967]},"properties":{"id":"node/7836144904","name":"Don Pollo","group":"food","category":"amenity=fast_food","cuisine":"chicken","hours":"Mo-Su 10:30-21:30","phone":"+1 301-650-9111","website":"https://donpollogroup.com","housenumber":"905","street":"Ellsworth Drive","city":"Silver Spring","postcode":"20910"}},{"type":"Feature","geometry":{"type":"Point","coordinates":[-77.02498,38.99625]},"properties":{"id":"node/7836144905","name":"Kusshi Sushi","group":"food","category":"amenity=fast_food","cuisine":"asian","hours":"Su-Th 11:00-22:00; Fr,Sa 11:00-23:00","phone":"+1 301-238-7727","website":"https://www.kusshisushi.com/menu-downtown-silver-spring","housenumber":"8512","street":"Fenton Street","city":"Silver Spring","postcode":"20910"}},{"type":"Feature","geometry":{"type":"Point","coordinates":[-77.02955,38.99791]},"properties":{"id":"node/8757368434","name":"Sculpt'd Body Studio","group":"personal_care","category":"shop=beauty","website":"https://sculptdbodystudio.com/"}},{"type":"Feature","geometry":{"type":"Point","coordinates":[-77.04103,39.00891]},"properties":{"id":"node/9095808563","name":"Pop's Tattoo","group":"personal_care","category":"shop=tattoo","phone":"+1-301-850-1792","website":"https://www.popstattoo.net/","housenumber":"1917","street":"Seminary Road"}},{"type":"Feature","geometry":{"type":"Point","coordinates":[-77.04102,39.00892]},"properties":{"id":"node/9095808575","name":"Spring Garden","group":"food","category":"amenity=restaurant","cuisine":"asian","hours":"Mo-Th 11:00-22:00; Fr,Sa 11:00-22:30; Su 12:00-22:00","phone":"+1 301-588-9337","website":"https://www.springgardensilverspring.com/","housenumber":"1919","street":"Seminary Road","city":"Silver Spring","postcode":"20910-1348"}},{"type":"Feature","geometry":{"type":"Point","coordinates":[-77.02737,39.02357]},"properties":{"id":"node/9719461975","name":"B & D Pools LLC","group":"services","category":"craft=cleaning","hours":"Mo-Sa 08:00-21:00","phone":"+1-240-716-4109","website":"https://bndpools.com/","housenumber":"1107","street":"Dennis Avenue","city":"Silver Spring","postcode":"20910"}},{"type":"Feature","geometry":{"type":"Point","coordinates":[-76.95836,39.07579]},"properties":{"id":"node/9905127838","name":"Fairland Ethopian Restaurant","group":"food","category":"amenity=restaurant","cuisine":"ethiopian"}},{"type":"Feature","geometry":{"type":"Point","coordinates":[-77.02793,38.99669]},"properties":{"id":"node/10110391437","name":"J. Hollinger's Waterman's Chophouse","group":"food","category":"amenity=restaurant","cuisine":"seafood","hours":"Tu-Th 17:00-21:00; Fr-Sa 17:00-21:30; Su 11:00-14:30, 17:00-21:00; Mo off","phone":"+1-301-328-0035","website":"https://jhollingers.com/","housenumber":"8606","street":"Colesville Road","city":"Silver Spring","postcode":"20910"}},{"type":"Feature","geometry":{"type":"Point","coordinates":[-77.03255,39.04457]},"properties":{"id":"node/10593908254","name":"Pure Air Duct Cleaning","group":"services","category":"craft=hvac","hours":"Mo-Th,Su 08:30-20:00, Fr 08:30-16:30","phone":"+1 410-304-7340","website":"https://www.pureairllc.com/silver-spring","housenumber":"11520","street":"Daffodil Lane","city":"Silver Spring","postcode":"20902"}},{"type":"Feature","geometry":{"type":"Point","coordinates":[-77.00311,38.99866]},"properties":{"id":"node/10605327381","name":"Flower Deli","group":"food","category":"amenity=restaurant","housenumber":"8707","street":"Flower Avenue","city":"Takoma Park","postcode":"20912"}},{"type":"Feature","geometry":{"type":"Point","coordinates":[-77.00394,39.03106]},"properties":{"id":"node/11298659414","name":"The One Nail Bar","group":"personal_care","category":"shop=beauty","hours":"Mo-Fr 10:00-19:00; Sa 09:00-18:00; Su 10:00-16:00","phone":"+1 301-592-8888","housenumber":"10727","street":"Columbia Pike"}},{"type":"Feature","geometry":{"type":"Point","coordinates":[-77.004,39.031]},"properties":{"id":"node/11298659415","name":"Bottle Go","group":"groceries","category":"shop=wine","hours":"Mo 11:00-19:30; Tu-Fr 10:00-20:30; Sa 09:00-20:30; Su 11:00-19:00","phone":"+1 301-289-3339","housenumber":"10723","street":"Columbia Pike"}},{"type":"Feature","geometry":{"type":"Point","coordinates":[-76.97613,39.02189]},"properties":{"id":"node/11497649332","name":"Jewel of India","group":"food","category":"amenity=restaurant","cuisine":"indian","housenumber":"10151","street":"New Hampshire Avenue","city":"Silver Spring","postcode":"20903"}},{"type":"Feature","geometry":{"type":"Point","coordinates":[-76.97645,39.02178]},"properties":{"id":"node/11497832780","name":"Rejuve Beauty","group":"personal_care","category":"shop=beauty"}},{"type":"Feature","geometry":{"type":"Point","coordinates":[-76.97798,39.02249]},"properties":{"id":"node/11497833413","name":"Hampshire Pawnbrokers","group":"services","category":"shop=pawnbroker"}},{"type":"Feature","geometry":{"type":"Point","coordinates":[-77.04086,39.0089]},"properties":{"id":"node/11954824164","name":"Lime & Cilantro","group":"food","category":"amenity=restaurant","cuisine":"latin_american","hours":"Tu-Fr 11:00-21:00; Sa 10:00-21:00; Su 10:00-20:00","phone":"+1 443-288-1234","website":"https://limencilantro.com/","housenumber":"1909","street":"Seminary Road","city":"Silver Spring","postcode":"20910-1348"}},{"type":"Feature","geometry":{"type":"Point","coordinates":[-76.95708,39.0526]},"properties":{"id":"node/12160357729","name":"5th Avenue Beauty Discount","group":"personal_care","category":"shop=hairdresser_supply","housenumber":"12006","street":"Cherry Hill Road","city":"Silver Spring","postcode":"20904"}},{"type":"Feature","geometry":{"type":"Point","coordinates":[-77.01832,39.01071]},"properties":{"id":"node/12172790601","name":"Celtic Cup Coffee Roasting","group":"food","category":"shop=coffee","hours":"Mo-Su 08:00-20:00","phone":"+1-301-512-4480","website":"https://celticcupcoffee.com/","housenumber":"9501","street":"Thornhill Road","postcode":"20901"}},{"type":"Feature","geometry":{"type":"Point","coordinates":[-77.03102,39.04117]},"properties":{"id":"node/12228308655","name":"Kemp Mill Cleaners","group":"services","category":"shop=dry_cleaning","hours":"Mo-Fr 07:00-18:00; Sa 09:00-15:00"}},{"type":"Feature","geometry":{"type":"Point","coordinates":[-77.03078,39.04125]},"properties":{"id":"node/12228337366","name":"CVS Store","group":"groceries","category":"shop=convenience","hours":"Mo-Su 08:00-23:00"}},{"type":"Feature","geometry":{"type":"Point","coordinates":[-77.03089,39.04122]},"properties":{"id":"node/12228342973","name":"Nova Europa","group":"food","category":"amenity=restaurant","hours":"Th,Fr 11:30-14:00, Tu-Su 17:00-22:00"}},{"type":"Feature","geometry":{"type":"Point","coordinates":[-77.03136,39.04109]},"properties":{"id":"node/12228369846","name":"Bright Star Nails","group":"personal_care","category":"shop=beauty","hours":"Mo-Fr 10:00-19:30; Sa 10:00-18:00; Su 11:00-17:00"}},{"type":"Feature","geometry":{"type":"Point","coordinates":[-77.03148,39.04106]},"properties":{"id":"node/12228378241","name":"Kemp Mill Beer and Wine","group":"groceries","category":"shop=alcohol","hours":"Mo-Sa 10:00-21:00; Su 10:00-20:00","housenumber":"1339","street":"Lamberton Drive"}},{"type":"Feature","geometry":{"type":"Point","coordinates":[-77.03037,39.04129]},"properties":{"id":"node/12228412618","name":"Guerrero Plumbing, LLC","group":"services","category":"craft=plumber"}},{"type":"Feature","geometry":{"type":"Point","coordinates":[-77.04028,39.00963]},"properties":{"id":"node/12532810834","name":"Famous Pawn Brokers","group":"services","category":"shop=pawnbroker","housenumber":"9443","street":"Georgia Avenue"}},{"type":"Feature","geometry":{"type":"Point","coordinates":[-77.0259,38.9988]},"properties":{"id":"node/12610631434","name":"Lemon Slice Cafe","group":"food","category":"amenity=cafe","phone":"+1-240-756-1700","website":"https://www.lemonslicecafe.com/","housenumber":"8737","street":"Colesville Road"}},{"type":"Feature","geometry":{"type":"Point","coordinates":[-77.00265,39.07681]},"properties":{"id":"node/12628950259","name":"Polka Deli","group":"food","category":"shop=deli","hours":"Mo-Fr 11:00-18:30, Sa 10:00-18:00, Su 11:00-15:00","phone":"+1-301-384-3354","website":"https://www.polkadelimd.com/","housenumber":"13438","street":"New Hampshire Avenue","city":"Silver Spring","postcode":"20904"}},{"type":"Feature","geometry":{"type":"Point","coordinates":[-76.95209,39.08455]},"properties":{"id":"node/12703559599","name":"Tropicana","group":"food","category":"amenity=restaurant","cuisine":"jamaican","hours":"Mo-Sa 11:00-21:30; Su 11:00-18:00","phone":"+1-240-560-6379","website":"https://www.eatattrops.com/","housenumber":"13886","street":"Old Columbia Pike","city":"Silver Spring","postcode":"20904"}},{"type":"Feature","geometry":{"type":"Point","coordinates":[-76.95217,39.08431]},"properties":{"id":"node/12703581202","name":"Pho Real","group":"food","category":"amenity=restaurant","housenumber":"13876","street":"Old Columbia Pike","city":"Silver Spring","postcode":"20904"}},{"type":"Feature","geometry":{"type":"Point","coordinates":[-76.95218,39.08427]},"properties":{"id":"node/12703581203","name":"Connaisseur Paris","group":"shopping","category":"shop=clothes","phone":"+1-301-200-5448","housenumber":"13874","street":"Old Columbia Pike","city":"Silver Spring","postcode":"20904"}},{"type":"Feature","geometry":{"type":"Point","coordinates":[-76.95217,39.08378]},"properties":{"id":"node/12703581204","name":"Quality Beer & Wine","group":"groceries","category":"shop=alcohol","housenumber":"13826","street":"Old Columbia Pike","city":"Silver Spring","postcode":"20904"}},{"type":"Feature","geometry":{"type":"Point","coordinates":[-76.95226,39.084]},"properties":{"id":"node/12703581207","name":"Tulip Nails","group":"personal_care","category":"shop=beauty","housenumber":"13864","street":"Old Columbia Pike","city":"Silver Spring","postcode":"20904"}},{"type":"Feature","geometry":{"type":"Point","coordinates":[-76.99607,39.10881]},"properties":{"id":"node/12706073805","name":"Mai Kah Beauty","group":"personal_care","category":"shop=beauty","housenumber":"721","street":"Cloverly Street","city":"Silver Spring","postcode":"20905"}},{"type":"Feature","geometry":{"type":"Point","coordinates":[-76.99585,39.10904]},"properties":{"id":"node/12706073806","name":"King Salon & Spa","group":"personal_care","category":"shop=beauty","housenumber":"730","street":"Cloverly Street"}},{"type":"Feature","geometry":{"type":"Point","coordinates":[-76.99776,39.10954]},"properties":{"id":"node/12706073811","name":"Bear Brick Oven Pizza","group":"food","category":"amenity=restaurant","cuisine":"pizza;sandwich;salad","hours":"Mo-We 15:00-21:00; Th-Sa 11:30-21:00; Su 11:30-20:00","phone":"+1-301-889-9000","website":"https://www.bearbrickoven.com/","housenumber":"15410","street":"New Hampshire Avenue","city":"Silver Spring","postcode":"20905"}},{"type":"Feature","geometry":{"type":"Point","coordinates":[-76.99735,39.11006]},"properties":{"id":"node/12706073816","name":"Family Market Beer & Wine","group":"groceries","category":"shop=alcohol","housenumber":"15432","street":"New Hampshire Avenue"}},{"type":"Feature","geometry":{"type":"Point","coordinates":[-76.99767,39.10972]},"properties":{"id":"node/12706073823","name":"Indochine Express","group":"food","category":"amenity=fast_food","cuisine":"chinese","phone":"+1-301-384-1679","website":"https://www.indochineexpress-silverspring.com/","housenumber":"15416","street":"New Hampshire Avenue","city":"Silver Spring","postcode":"20905"}},{"type":"Feature","geometry":{"type":"Point","coordinates":[-77.03138,38.99948]},"properties":{"id":"node/13094386602","name":"Mom's Organic Market","group":"groceries","category":"shop=grocery","hours":"Mo-Sa 09:00-21:00; Su 09:00-20:00","website":"https://momsorganicmarket.com/silver-spring/","housenumber":"8789","street":"Georgia Avenue","postcode":"20910"}},{"type":"Feature","geometry":{"type":"Point","coordinates":[-77.02857,38.99898]},"properties":{"id":"node/13094393901","name":"Nips Juice House","group":"food","category":"amenity=bar","cuisine":"smoothies","phone":"+1 202-313-1117","website":"http://www.nipsjuicehouse.com/","housenumber":"8710","street":"Cameron Street","city":"Silver Spring","postcode":"20910"}},{"type":"Feature","geometry":{"type":"Point","coordinates":[-77.00353,38.99898]},"properties":{"id":"node/13157344101","name":"Flower Barber Shop","group":"personal_care","category":"shop=hairdresser","hours":"Mo-Sa 09:30-18:00; Su 09:30-16:00","phone":"+1-301-587-1108","website":"https://flower-barber-shop.edan.io/","housenumber":"8721","street":"Flower Avenue","postcode":"20901"}},{"type":"Feature","geometry":{"type":"Point","coordinates":[-77.00317,38.99769]},"properties":{"id":"node/13157344201","name":"Universal Supermarket","group":"groceries","category":"shop=grocery","hours":"Mo-Su 08:00-21:00","phone":"+1-301-565-3075","housenumber":"8639","street":"Flower Avenue","postcode":"20901"}},{"type":"Feature","geometry":{"type":"Point","coordinates":[-77.02615,38.99667]},"properties":{"id":"node/13424698083","name":"Folks the Master Barber","group":"personal_care","category":"shop=hairdresser","hours":"Mo-Fr 09:00-18:00","phone":"+1-240-432-2479","housenumber":"8661","street":"Colesville Road","city":"Silver Spring","postcode":"20910"}},{"type":"Feature","geometry":{"type":"Point","coordinates":[-76.95463,39.05109]},"properties":{"id":"node/13482298801","name":"Habitat for Humanity ReStore - Silver Spring","group":"shopping","category":"shop=second_hand","hours":"Tu-Sa 10:00-17:00; Su 11:00-17:00","website":"https://habitatmm.org/restore/restore.html","housenumber":"12006","street":"Plum Orchard Drive","postcode":"20904"}},{"type":"Feature","geometry":{"type":"Point","coordinates":[-77.01249,39.02107]},"properties":{"id":"node/13545986804","name":"Prime Time Barber Lounge","group":"personal_care","category":"shop=hairdresser","hours":"Mo 12:00-17:00; Tu-Sa 09:00-17:00; Su 11:00-16:00","phone":"+1-301-593-6921","website":"https://www.silverspringbarbershop.com","housenumber":"10128","street":"Colesville Road","city":"Silver Spring","postcode":"20901"}},{"type":"Feature","geometry":{"type":"Point","coordinates":[-77.01193,39.02066]},"properties":{"id":"node/13708521211","name":"Bento Express","group":"food","category":"amenity=fast_food","cuisine":"japanese","website":"https://www.bentojapan.com/","housenumber":"10123","street":"Colesville Road","city":"Silver Spring","postcode":"20910"}},{"type":"Feature","geometry":{"type":"Point","coordinates":[-77.01191,39.02056]},"properties":{"id":"node/13708521212","name":"Woodmoor Cleaners","group":"services","category":"shop=dry_cleaning","housenumber":"10121","street":"Colesville Road","city":"Silver Spring","postcode":"20910"}},{"type":"Feature","geometry":{"type":"Point","coordinates":[-77.01189,39.02045]},"properties":{"id":"node/13710046906","name":"Kripps Jewelers","group":"shopping","category":"shop=jewelry","website":"https://krippsjewelers.com/","housenumber":"10109","street":"Colesville Road","postcode":"20901"}},{"type":"Feature","geometry":{"type":"Point","coordinates":[-77.02689,38.99594]},"properties":{"id":"node/13825971963","name":"Chido's","group":"food","category":"amenity=restaurant","cuisine":"tex-mex"}},{"type":"Feature","geometry":{"type":"Point","coordinates":[-77.02652,38.99619]},"properties":{"id":"node/13825971964","name":"Matchbox","group":"food","category":"amenity=restaurant","cuisine":"american"}},{"type":"Feature","geometry":{"type":"Point","coordinates":[-76.96865,39.05563]},"properties":{"id":"node/14032014304","name":"Oak Barrel & Vine","group":"groceries","category":"shop=alcohol","housenumber":"12259","street":"Prosperity Drive"}},{"type":"Feature","geometry":{"type":"Point","coordinates":[-76.96866,39.05523]},"properties":{"id":"node/14032023958","name":"ProTECH","group":"shopping","category":"shop=musical_instrument","hours":"Mo-Fr 10:00-18:00; Sa 10:00-15:00","phone":"+1 240 450 0308","website":"http://www.pro-tech.us","housenumber":"12110","street":"Tech Road"}},{"type":"Feature","geometry":{"type":"Point","coordinates":[-77.02395,38.9955]},"properties":{"id":"node/14110983601","name":"Easy Like Sunday","group":"food","category":"amenity=restaurant","cuisine":"breakfast","housenumber":"8455","street":"Fenton Street","postcode":"20910"}},{"type":"Feature","geometry":{"type":"Point","coordinates":[-77.02639,38.99754]},"properties":{"id":"node/14111099501","name":"Sushi Jin Next Door","group":"food","category":"amenity=restaurant","cuisine":"sushi","hours":"Mo-Fr 11:00-15:00,17:00-22:30; Sa 12:00-22:30; Su 12:00-21:30","website":"https://sushijinnextdoor.com","housenumber":"8555","street":"Fenton Street","postcode":"20910"}},{"type":"Feature","geometry":{"type":"Point","coordinates":[-77.02649,38.99757]},"properties":{"id":"node/14111099601","name":"A Lil' Sumthin' Sweet","group":"food","category":"amenity=ice_cream","hours":"Mo-Su 11:00-20:00","website":"https://alilsumthinsweet.com","housenumber":"8563","street":"Fenton Street","postcode":"20910"}},{"type":"Feature","geometry":{"type":"Point","coordinates":[-77.00383,38.99774]},"properties":{"id":"node/14134004601","name":"Beijing Delight","group":"food","category":"amenity=restaurant","cuisine":"chinese","hours":"Mo-Th 11:00-22:30; Fr-Sa 11:00-23:00; Su 11:00-22:30","phone":"+1-301-608-3844; +1-301-608-3677","housenumber":"8646","street":"Flower Avenue","postcode":"20912"}},{"type":"Feature","geometry":{"type":"Point","coordinates":[-77.01279,39.02089]},"properties":{"id":"way/42455995","name":"Fajita Coast","group":"food","category":"amenity=restaurant","cuisine":"mexican"}},{"type":"Feature","geometry":{"type":"Point","coordinates":[-77.00362,39.03193]},"properties":{"id":"way/42467139","name":"Burnt Mills Auto Body","group":"services","category":"shop=car_repair","housenumber":"10753","street":"Columbia Pike","postcode":"20901"}},{"type":"Feature","geometry":{"type":"Point","coordinates":[-77.00341,39.03204]},"properties":{"id":"way/42467141","name":"29 Convenience Mart","group":"groceries","category":"shop=convenience","phone":"+1 301 681-4938","housenumber":"10755","street":"Columbia Pike","city":"Silver Spring","postcode":"20901"}},{"type":"Feature","geometry":{"type":"Point","coordinates":[-77.00319,39.03349]},"properties":{"id":"way/42467145","name":"Ultra service center","group":"services","category":"shop=car_repair","housenumber":"10809","street":"Columbia Pike"}},{"type":"Feature","geometry":{"type":"Point","coordinates":[-77.04298,39.14407]},"properties":{"id":"way/46945626","name":"Olney Ale House","group":"food","category":"amenity=restaurant","cuisine":"american","hours":"off","website":"https://www.olneyalehouse.com/","housenumber":"2000","street":"Olney Sandy Spring Road","postcode":"20832"}},{"type":"Feature","geometry":{"type":"Point","coordinates":[-76.95443,39.0541]},"properties":{"id":"way/47158042","name":"Koi Asian Cuisine","group":"food","category":"amenity=restaurant","cuisine":"asian","phone":"+1 301-586-1555","website":"http://KOIsilverspring.com/","housenumber":"12046","street":"Cherry Hill Road","city":"Silver Spring","postcode":"20904-1985"}},{"type":"Feature","geometry":{"type":"Point","coordinates":[-76.98862,39.03902]},"properties":{"id":"way/64886292","name":"Self Storage Plus","group":"services","category":"shop=storage_rental"}},{"type":"Feature","geometry":{"type":"Point","coordinates":[-77.00308,39.07497]},"properties":{"id":"way/70494216","name":"China Palace","group":"food","category":"amenity=restaurant","cuisine":"chinese","housenumber":"15","street":"Vital Way","city":"Silver Spring","postcode":"20904"}},{"type":"Feature","geometry":{"type":"Point","coordinates":[-77.0404,39.00794]},"properties":{"id":"way/92730055","name":"Spring Beer & Wine","group":"groceries","category":"shop=alcohol","hours":"Mo-Th 10:00-21:00; Su 11:00-21:00","phone":"+1-301-588-8016","website":"http://springbeerwine.com/","housenumber":"9330","street":"Georgia Avenue","city":"Silver Spring","postcode":"20910"}},{"type":"Feature","geometry":{"type":"Point","coordinates":[-77.04168,39.00928]},"properties":{"id":"way/93159840","name":"Snider's Super Foods","group":"groceries","category":"shop=supermarket","hours":"Mo-Su 08:00-21:00","website":"https://snidersfoods.net/","housenumber":"1939","street":"Seminary Place","city":"Silver Spring"}},{"type":"Feature","geometry":{"type":"Point","coordinates":[-77.01268,39.02091]},"properties":{"id":"way/95595142","name":"Kenny's Peruvian Chicken","group":"food","category":"amenity=restaurant","cuisine":"chicken"}},{"type":"Feature","geometry":{"type":"Point","coordinates":[-76.95243,39.08359]},"properties":{"id":"way/121716953","name":"Don Ramon","group":"food","category":"amenity=restaurant","cuisine":"mexican;salvadoran","phone":"+1-301-989-0202","website":"https://www.donramonbarandgrill.com/","housenumber":"13816","street":"Old Columbia Pike","city":"Silver Spring","postcode":"20904"}},{"type":"Feature","geometry":{"type":"Point","coordinates":[-76.95716,39.05238]},"properties":{"id":"way/129998921","name":"LivingWell","group":"shopping","category":"shop=religion","housenumber":"12004","street":"Cherry Hill Road","city":"Silver Spring","postcode":"20904"}},{"type":"Feature","geometry":{"type":"Point","coordinates":[-77.02993,38.99647]},"properties":{"id":"way/145889133","name":"Mi Rancho","group":"food","category":"amenity=restaurant","cuisine":"mexican","phone":"+1 301-588-4872","website":"http://www.miranchotexmexrestaurant.com","housenumber":"8701","street":"Ramsey Avenue","city":"Silver Spring","postcode":"20910-3485"}},{"type":"Feature","geometry":{"type":"Point","coordinates":[-77.02505,39.00013]},"properties":{"id":"way/246550854","name":"Friends of the Library Bookstore","group":"shopping","category":"shop=books","housenumber":"8901","street":"Colesville Road","city":"Silver Spring","postcode":"20910"}},{"type":"Feature","geometry":{"type":"Point","coordinates":[-77.03271,38.99706]},"properties":{"id":"way/256592811","name":"Fenwick Beer & Wine","group":"groceries","category":"shop=alcohol","phone":"+1-301-650-5770","housenumber":"1327","street":"Fenwick Lane","city":"Silver Spring","postcode":"20910"}},{"type":"Feature","geometry":{"type":"Point","coordinates":[-77.00354,38.99996]},"properties":{"id":"way/505957268","name":"El Gavilan","group":"food","category":"amenity=restaurant","cuisine":"salvadoran;tex-mex","hours":"Mo-Th 11:00-22:30, Fr-Sa 11:00-24:00, Su 11:00-23:00","phone":"+1-301-587-4197","website":"http://gavilanrestaurant.com/","housenumber":"8805","street":"Flower Avenue","city":"Silver Spring","postcode":"20901"}},{"type":"Feature","geometry":{"type":"Point","coordinates":[-77.00225,38.99912]},"properties":{"id":"way/505957544","name":"Bestway","group":"groceries","category":"shop=supermarket","hours":"Mo-Fr 09:00-21:00, Sa-Su 08:00-21:00","phone":"+1-301-587-5262","housenumber":"8540","street":"Piney Branch Road","city":"Silver Spring","postcode":"20901"}},{"type":"Feature","geometry":{"type":"Point","coordinates":[-76.99595,39.00049]},"properties":{"id":"way/512128844","name":"Samantha's Restaurant","group":"food","category":"amenity=restaurant","cuisine":"mexican;latin_american","hours":"Su-Th 11:00-22:30, Fr-Sa 11:00-23:30","phone":"+1-301-445-7300","website":"https://www.samanthasrestaurante.com/home.html","housenumber":"631","street":"University Boulevard East","city":"Silver Spring","postcode":"20901"}},{"type":"Feature","geometry":{"type":"Point","coordinates":[-76.99652,38.99956]},"properties":{"id":"way/512128848","name":"Polleria 3 Amigos II","group":"food","category":"amenity=restaurant","cuisine":"latin_american;rotisserie","phone":"+1-301-434-0018","housenumber":"8736","street":"Piney Branch Road","city":"Silver Spring","postcode":"20901"}},{"type":"Feature","geometry":{"type":"Point","coordinates":[-77.02231,39.00548]},"properties":{"id":"way/597118681","name":"Zinnia","group":"food","category":"amenity=restaurant","cuisine":"american","phone":"+1 301-704-6653","website":"https://eatzinnia.com","housenumber":"9201","street":"Colesville Road","city":"Silver Spring","postcode":"20910-1657"}},{"type":"Feature","geometry":{"type":"Point","coordinates":[-77.15466,39.08396]},"properties":{"id":"node/268777767","name":"Bombay Bistro","group":"food","category":"amenity=restaurant","cuisine":"indian","hours":"Mo-Th 17:00-21:00; Fr 11:30-14:30,16:00-21:30; Sa 12:00-15:00,16:00-21:30; Su 12:00-15:00,16:00-21:00","phone":"+1-301-762-8798","website":"https://www.bombaybistro.com/","housenumber":"98","street":"West Montgomery Avenue","city":"Rockville","postcode":"20850"}},{"type":"Feature","geometry":{"type":"Point","coordinates":[-77.16695,39.13142]},"properties":{"id":"node/341582156","name":"Feasty Crab","group":"food","category":"amenity=restaurant","cuisine":"seafood","phone":"+1 240-403-7699","website":"https://www.feastycrabderwood.com/","housenumber":"16811","street":"Crabbs Branch Way","city":"Derwood","postcode":"20855"}},{"type":"Feature","geometry":{"type":"Point","coordinates":[-77.07161,39.13177]},"properties":{"id":"node/571687783","name":"Roots Market","group":"groceries","category":"shop=greengrocer","website":"https://rootsmkt.com/","housenumber":"16800","street":"Georgia Avenue","city":"Olney","postcode":"20832"}},{"type":"Feature","geometry":{"type":"Point","coordinates":[-77.07527,39.10347]},"properties":{"id":"node/582394830","name":"Crisp & Juicy","group":"food","category":"amenity=fast_food","cuisine":"chicken","housenumber":"3800"}},{"type":"Feature","geometry":{"type":"Point","coordinates":[-77.07799,39.08181]},"properties":{"id":"node/582789431","name":"Apache Appliance","group":"shopping","category":"shop=electronics"}},{"type":"Feature","geometry":{"type":"Point","coordinates":[-77.07821,39.08179]},"properties":{"id":"node/582790442","name":"Dollar Place","group":"groceries","category":"shop=variety_store"}},{"type":"Feature","geometry":{"type":"Point","coordinates":[-77.0791,39.08148]},"properties":{"id":"node/582790482","name":"The Party Co.","group":"shopping","category":"shop=party"}},{"type":"Feature","geometry":{"type":"Point","coordinates":[-77.07729,39.08154]},"properties":{"id":"node/582790529","name":"Aspen Hill Florist","group":"shopping","category":"shop=florist"}},{"type":"Feature","geometry":{"type":"Point","coordinates":[-77.07728,39.08146]},"properties":{"id":"node/582790559","name":"Jewelry Corner","group":"shopping","category":"shop=jewelry"}},{"type":"Feature","geometry":{"type":"Point","coordinates":[-77.07726,39.08132]},"properties":{"id":"node/582790575","name":"China King","group":"food","category":"amenity=restaurant","cuisine":"chinese"}},{"type":"Feature","geometry":{"type":"Point","coordinates":[-77.07139,39.13244]},"properties":{"id":"node/583159744","name":"Salon H20","group":"personal_care","category":"shop=hairdresser","website":"https://www.mysalonh2o.com","housenumber":"16826","street":"Georgia Avenue","city":"Olney","postcode":"20832"}},{"type":"Feature","geometry":{"type":"Point","coordinates":[-77.07994,39.07689]},"properties":{"id":"node/601631028","name":"Next Day Blinds","group":"shopping","category":"shop=blinds","housenumber":"13505","street":"Connecticut Avenue"}},{"type":"Feature","geometry":{"type":"Point","coordinates":[-77.0798,39.07723]},"properties":{"id":"node/602279124","name":"Golden Nails","group":"personal_care","category":"shop=hairdresser"}},{"type":"Feature","geometry":{"type":"Point","coordinates":[-77.07984,39.07749]},"properties":{"id":"node/602279403","name":"Silver Fountain","group":"food","category":"amenity=restaurant","cuisine":"chinese"}},{"type":"Feature","geometry":{"type":"Point","coordinates":[-77.07969,39.07798]},"properties":{"id":"node/602281075","name":"Floormax","group":"shopping","category":"shop=flooring"}},{"type":"Feature","geometry":{"type":"Point","coordinates":[-77.11413,39.04803]},"properties":{"id":"node/633588221","name":"Iz\u0113's Deli & Bagelry","group":"food","category":"amenity=cafe","cuisine":"sandwich","hours":"Mo-Fr 06:00-15:00; Sa-Su 07:00-15:00"}},{"type":"Feature","geometry":{"type":"Point","coordinates":[-77.11398,39.04781]},"properties":{"id":"node/633588884","name":"Medditeranean House of Kabob","group":"food","category":"amenity=fast_food"}},{"type":"Feature","geometry":{"type":"Point","coordinates":[-77.1132,39.0453]},"properties":{"id":"node/633596805","name":"Taipei-Tokyo Cafe","group":"food","category":"amenity=restaurant","cuisine":"sushi"}},{"type":"Feature","geometry":{"type":"Point","coordinates":[-77.10246,39.04818]},"properties":{"id":"node/633615659","name":"Pho Hoa Binh","group":"food","category":"amenity=restaurant","housenumber":"11782","street":"Parklawn Drive","city":"Rockville","postcode":"20852"}},{"type":"Feature","geometry":{"type":"Point","coordinates":[-77.09908,39.0461]},"properties":{"id":"node/633618682","name":"Mem Sahib","group":"food","category":"amenity=restaurant"}},{"type":"Feature","geometry":{"type":"Point","coordinates":[-77.12313,39.05797]},"properties":{"id":"node/633628962","name":"Mamma Lucia","group":"food","category":"amenity=restaurant","cuisine":"italian","website":"https://mammaluciarestaurants.com/","housenumber":"12274","street":"Rockville Pike","city":"Rockville","postcode":"20852"}},{"type":"Feature","geometry":{"type":"Point","coordinates":[-77.11665,39.05631]},"properties":{"id":"node/633630038","name":"Thairock","group":"food","category":"amenity=restaurant","cuisine":"thai","website":"https://thethairock.com/","housenumber":"12071","street":"Rockville Pike","postcode":"20852"}},{"type":"Feature","geometry":{"type":"Point","coordinates":[-77.11432,39.05407]},"properties":{"id":"node/633630359","name":"Bao Bei","group":"food","category":"amenity=restaurant","cuisine":"taiwanese","hours":"Mo-Su 11:00-21:00","phone":"+1 240-750-5618","website":"https://baobei.menu/","housenumber":"12015","street":"Rockville Pike","city":"Rockville"}},{"type":"Feature","geometry":{"type":"Point","coordinates":[-77.12763,39.06261]},"properties":{"id":"node/633632451","name":"Lebtav Lebanese Taverna","group":"food","category":"amenity=restaurant"}},{"type":"Feature","geometry":{"type":"Point","coordinates":[-77.12516,39.061]},"properties":{"id":"node/633635983","name":"Mosaic Cuisine","group":"food","category":"amenity=restaurant","cuisine":"french","hours":"Tu-Su 10:00-21:00","phone":"+1 301 468 0682","website":"https://mosaiccuisine.com/","housenumber":"186","street":"Halpine Road","city":"Rockville","postcode":"20852"}},{"type":"Feature","geometry":{"type":"Point","coordinates":[-77.13088,39.06866]},"properties":{"id":"node/633639009","name":"A&J's Northern Chinese Dim Sum","group":"food","category":"amenity=restaurant","cuisine":"chinese","phone":"+1-301-251-7878","website":"https://www.aandjrestaurant.com/","housenumber":"1319","street":"Rockville Pike","city":"Rockville","postcode":"20852-1437"}},{"type":"Feature","geometry":{"type":"Point","coordinates":[-77.12985,39.06786]},"properties":{"id":"node/633639770","name":"Crisp & Juicy","group":"food","category":"amenity=restaurant"}},{"type":"Feature","geometry":{"type":"Point","coordinates":[-77.13865,38.96923]},"properties":{"id":"node/705571854","name":"Glen Echo Hardware","group":"shopping","category":"shop=hardware","phone":"+1 301-229-3700","website":"https://www.truevalue.com/christophershardware","housenumber":"7303","street":"McArthur Boulevard","city":"Bethesda","postcode":"20816"}},{"type":"Feature","geometry":{"type":"Point","coordinates":[-77.13888,38.96947]},"properties":{"id":"node/705573815","name":"Glen Echo Pharmacy","group":"groceries","category":"shop=chemist","phone":"+1-301-229-5656","postcode":"20816"}},{"type":"Feature","geometry":{"type":"Point","coordinates":[-77.14489,39.1463]},"properties":{"id":"node/727830046","name":"Noches de Lima","group":"food","category":"amenity=restaurant"}},{"type":"Feature","geometry":{"type":"Point","coordinates":[-77.10135,39.04806]},"properties":{"id":"node/792981733","name":"Hamilton's Sofa and Leather Gallery","group":"shopping","category":"shop=furniture","phone":"+1-301-881-3900","housenumber":"11711","street":"Parklawn Drive","city":"Rockville","postcode":"20852"}},{"type":"Feature","geometry":{"type":"Point","coordinates":[-77.09947,39.04622]},"properties":{"id":"node/792981734","name":"Moti's Market","group":"groceries","category":"shop=supermarket","phone":"+1 301-468-0400","website":"https://www.motismarket.com","housenumber":"4860","street":"Boiling Brook Parkway","city":"Rockville","postcode":"20852"}},{"type":"Feature","geometry":{"type":"Point","coordinates":[-77.09854,39.04614]},"properties":{"id":"node/792981737","name":"Food Stop","group":"groceries","category":"shop=convenience","housenumber":"4820","street":"Boiling Brook Parkway","city":"Rockville"}},{"type":"Feature","geometry":{"type":"Point","coordinates":[-77.09318,39.03838]},"properties":{"id":"node/796573811","name":"Black Market Bistro","group":"food","category":"amenity=restaurant","cuisine":"fine_dining","hours":"We-Th 16:00-20:00; Fr-Sa 12:00-20:00; Su 11:00-14:00,16:00-20:00","phone":"+1 301 933 3000","website":"http://www.blackmarketrestaurant.com","housenumber":"4600","street":"Waverly Avenue","city":"Garrett Park","postcode":"20896"}},{"type":"Feature","geometry":{"type":"Point","coordinates":[-77.07906,39.07937]},"properties":{"id":"node/818380896","name":"Lottery Beer & Wine","group":"groceries","category":"shop=alcohol"}},{"type":"Feature","geometry":{"type":"Point","coordinates":[-77.07205,39.07957]},"properties":{"id":"node/818380899","name":"LNH Nails","group":"personal_care","category":"shop=nail_salon"}},{"type":"Feature","geometry":{"type":"Point","coordinates":[-77.07243,39.07928]},"properties":{"id":"node/818380914","name":"Kobe Japan Hibachi & Sushi","group":"food","category":"amenity=fast_food"}},{"type":"Feature","geometry":{"type":"Point","coordinates":[-77.07183,39.07972]},"properties":{"id":"node/818380952","name":"La Mixteca","group":"groceries","category":"shop=supermarket"}},{"type":"Feature","geometry":{"type":"Point","coordinates":[-77.07229,39.07939]},"properties":{"id":"node/818380971","name":"Georgia Convenient Mart Beer-Wine","group":"groceries","category":"shop=alcohol"}},{"type":"Feature","geometry":{"type":"Point","coordinates":[-77.07225,39.08021]},"properties":{"id":"node/818380977","name":"3 Amigos Restaurant","group":"food","category":"amenity=restaurant","cuisine":"mexican"}},{"type":"Feature","geometry":{"type":"Point","coordinates":[-77.07235,39.07934]},"properties":{"id":"node/818381004","name":"QQ China","group":"food","category":"amenity=fast_food","cuisine":"chinese"}},{"type":"Feature","geometry":{"type":"Point","coordinates":[-77.07219,39.07946]},"properties":{"id":"node/818381058","name":"Delmy's Hair Design","group":"personal_care","category":"shop=hairdresser"}},{"type":"Feature","geometry":{"type":"Point","coordinates":[-77.07521,39.10315]},"properties":{"id":"node/818384349","name":"Nancy's Kitchen","group":"food","category":"amenity=restaurant","cuisine":"american","website":"https://nancykitchen.com/","housenumber":"3808","street":"International Drive","city":"Silver Spring","postcode":"20906"}},{"type":"Feature","geometry":{"type":"Point","coordinates":[-77.07519,39.10225]},"properties":{"id":"node/818384352","name":"Cafe Moka Cafe","group":"food","category":"amenity=cafe","housenumber":"3850","street":"International Drive"}},{"type":"Feature","geometry":{"type":"Point","coordinates":[-77.07522,39.10308]},"properties":{"id":"node/818384359","name":"Images Hair Design","group":"personal_care","category":"shop=hairdresser","housenumber":"3812"}},{"type":"Feature","geometry":{"type":"Point","coordinates":[-77.07521,39.10212]},"properties":{"id":"node/818384365","name":"Wine & Beer","group":"groceries","category":"shop=alcohol","housenumber":"3854","street":"International Drive"}},{"type":"Feature","geometry":{"type":"Point","coordinates":[-77.07516,39.10241]},"properties":{"id":"node/818384372","name":"Shoes 4 Comfort","group":"shopping","category":"shop=shoes"}},{"type":"Feature","geometry":{"type":"Point","coordinates":[-77.11423,39.07541]},"properties":{"id":"node/842030292","name":"Tomatillo","group":"food","category":"amenity=restaurant"}},{"type":"Feature","geometry":{"type":"Point","coordinates":[-77.11526,39.07563]},"properties":{"id":"node/842031506","name":"Twinbrook Deli","group":"food","category":"amenity=fast_food","hours":"Mo-Sa 07:00-22:00; Su 10:00-20:00"}},{"type":"Feature","geometry":{"type":"Point","coordinates":[-77.05139,39.03907]},"properties":{"id":"node/877463421","name":"Mangos Mercado Latino","group":"food","category":"amenity=fast_food","housenumber":"11210","street":"Georgia Avenue"}},{"type":"Feature","geometry":{"type":"Point","coordinates":[-77.13883,38.9694]},"properties":{"id":"node/1070770858","name":"Glen Echo Pizza & Subs","group":"food","category":"amenity=fast_food","cuisine":"sandwich","phone":"+1-301-263-1213"}},{"type":"Feature","geometry":{"type":"Point","coordinates":[-77.16282,38.97512]},"properties":{"id":"node/1070799274","name":"Salon Jean & Day Spa","group":"personal_care","category":"shop=hairdresser","phone":"+1-301-320-5326","housenumber":"7945E","street":"MacArthur Boulevard"}},{"type":"Feature","geometry":{"type":"Point","coordinates":[-77.16275,38.97511]},"properties":{"id":"node/1070800312","name":"Sal\u2019s Italian Kitchen","group":"food","category":"amenity=restaurant","cuisine":"italian"}},{"type":"Feature","geometry":{"type":"Point","coordinates":[-77.16266,38.97509]},"properties":{"id":"node/1070801204","name":"Fish Taco","group":"food","category":"amenity=restaurant"}},{"type":"Feature","geometry":{"type":"Point","coordinates":[-77.16246,38.97507]},"properties":{"id":"node/1070801956","name":"Wild Tomato","group":"food","category":"amenity=restaurant"}},{"type":"Feature","geometry":{"type":"Point","coordinates":[-77.16256,38.97508]},"properties":{"id":"node/1070804242","name":"The Market on the Boulevard","group":"groceries","category":"shop=convenience","hours":"Mo-Sa 07:00-20:00; Su 07:00-19:00","housenumber":"7945","street":"MacArthur Boulevard","postcode":"20818"}},{"type":"Feature","geometry":{"type":"Point","coordinates":[-77.13721,39.07602]},"properties":{"id":"node/1319196834","name":"Sol de Espana","group":"food","category":"amenity=restaurant","housenumber":"838","street":"Rockville Pike"}},{"type":"Feature","geometry":{"type":"Point","coordinates":[-77.16466,39.11673]},"properties":{"id":"node/1334715677","name":"Juanita's","group":"food","category":"amenity=restaurant"}},{"type":"Feature","geometry":{"type":"Point","coordinates":[-77.16547,39.11608]},"properties":{"id":"node/1334717215","name":"Azteca Tex-Mex","group":"food","category":"amenity=restaurant"}},{"type":"Feature","geometry":{"type":"Point","coordinates":[-77.13875,39.07482]},"properties":{"id":"node/1351962230","name":"Bray & Scarff","group":"shopping","category":"shop=appliance","housenumber":"831","street":"Rockville Pike","city":"Rockville","postcode":"20852"}},{"type":"Feature","geometry":{"type":"Point","coordinates":[-77.13862,39.07513]},"properties":{"id":"node/1351962240","name":"The Colourist Salon","group":"personal_care","category":"shop=beauty","website":"https://peterbrokt.glossgenius.com/","housenumber":"825","street":"Rockville Pike","city":"Rockville","postcode":"20852"}},{"type":"Feature","geometry":{"type":"Point","coordinates":[-77.13845,39.07532]},"properties":{"id":"node/1351962244","name":"Oasis Hair & Tanning Salon","group":"personal_care","category":"shop=hairdresser","housenumber":"825","street":"Rockville Pike","city":"Rockville","postcode":"20852"}},{"type":"Feature","geometry":{"type":"Point","coordinates":[-77.13869,39.07508]},"properties":{"id":"node/1351962279","name":"Ten Ren's Tea Ginseng","group":"groceries","category":"shop=beverages","housenumber":"825","street":"Rockville Pike","city":"Rockville","postcode":"20852"}},{"type":"Feature","geometry":{"type":"Point","coordinates":[-77.13838,39.07455]},"properties":{"id":"node/1351962288","name":"Happy Feet Reflexology","group":"personal_care","category":"shop=massage"}},{"type":"Feature","geometry":{"type":"Point","coordinates":[-77.13837,39.07533]},"properties":{"id":"node/1351962317","name":"Unique Jewelry","group":"shopping","category":"shop=jewelry","housenumber":"825","street":"Rockville Pike","city":"Rockville","postcode":"20852"}},{"type":"Feature","geometry":{"type":"Point","coordinates":[-77.13836,39.07457]},"properties":{"id":"node/1351962321","name":"Timothy's Salon & Spa","group":"personal_care","category":"shop=beauty","housenumber":"835","street":"Rockville Pike","city":"Rockville","postcode":"20852"}},{"type":"Feature","geometry":{"type":"Point","coordinates":[-77.13816,39.07558]},"properties":{"id":"node/1351962364","name":"Pure Hockey","group":"shopping","category":"shop=sports","housenumber":"815","street":"Rockville Pike","city":"Rockville","postcode":"20852"}},{"type":"Feature","geometry":{"type":"Point","coordinates":[-77.04934,39.06088]},"properties":{"id":"node/1365093667","name":"Beer-Wine","group":"groceries","category":"shop=alcohol","housenumber":"12351","street":"Georgia Avenue"}},{"type":"Feature","geometry":{"type":"Point","coordinates":[-77.0494,39.06089]},"properties":{"id":"node/1365093670","name":"Glenmont Cleaners","group":"services","category":"shop=dry_cleaning","housenumber":"12353","street":"Georgia Avenue"}},{"type":"Feature","geometry":{"type":"Point","coordinates":[-77.05063,39.06103]},"properties":{"id":"node/1365093671","name":"Irene's Pupusas","group":"food","category":"amenity=restaurant","cuisine":"international","hours":"Mo-Fr 09:30-01:00","housenumber":"12391","street":"Georgia Avenue"}},{"type":"Feature","geometry":{"type":"Point","coordinates":[-77.04963,39.06092]},"properties":{"id":"node/1365093672","name":"Sports world","group":"shopping","category":"shop=sports"}},{"type":"Feature","geometry":{"type":"Point","coordinates":[-77.07735,39.02838]},"properties":{"id":"node/1366294218","name":"Hibachi Express","group":"food","category":"amenity=restaurant","cuisine":"japanese","hours":"Mo-Sa 11:00-22:00; Su 11:00-21:00","phone":"+1 240 558 3390","website":"https://www.hibachiexpresskensington.com/","housenumber":"10508","street":"Connecticut Avenue","city":"Kensington","postcode":"20895"}},{"type":"Feature","geometry":{"type":"Point","coordinates":[-77.07728,39.02861]},"properties":{"id":"node/1366294223","name":"International Hair Designers","group":"personal_care","category":"shop=hairdresser","hours":"Mo-Sa 09:00-17:00; Su 10:00-17:00","phone":"+1 301 946 5442","website":"https://explorekensington.com/international-hair-designers/","housenumber":"10514","street":"Connecticut Avenue","city":"Kensington","postcode":"20895"}},{"type":"Feature","geometry":{"type":"Point","coordinates":[-77.0773,39.02856]},"properties":{"id":"node/1366294224","name":"Kensington Day Spa","group":"personal_care","category":"shop=nail_salon","hours":"Mo-Sa 09:00-19:00; Su 09:00-18:00","phone":"+1 301 933 1688","website":"https://explorekensington.com/kensington-day-spa/","housenumber":"10512","street":"Connecticut Avenue","city":"Kensington","postcode":"20895"}},{"type":"Feature","geometry":{"type":"Point","coordinates":[-77.07727,39.02867]},"properties":{"id":"node/1366294225","name":"Kensington Optical","group":"personal_care","category":"shop=optician","hours":"Mo-Fr 08:00-15:00","housenumber":"10518","street":"Connecticut Avenue"}},{"type":"Feature","geometry":{"type":"Point","coordinates":[-77.07689,39.02733]},"properties":{"id":"node/1366294227","name":"Wood's Optician","group":"personal_care","category":"shop=optician","hours":"Tu-Fr 11:00-16:00; Sa 11:00-15:00"}},{"type":"Feature","geometry":{"type":"Point","coordinates":[-77.07653,39.11083]},"properties":{"id":"node/1432620654","name":"A&C Auto Sales","group":"shopping","category":"shop=car","housenumber":"15520","street":"Georgia Avenue","city":"Rockville","postcode":"20853"}},{"type":"Feature","geometry":{"type":"Point","coordinates":[-77.07403,39.03303]},"properties":{"id":"node/1436471329","name":"Kensington Pharmacy","group":"groceries","category":"amenity=pharmacy","housenumber":"3737","street":"University Boulevard West"}},{"type":"Feature","geometry":{"type":"Point","coordinates":[-77.07398,39.03311]},"properties":{"id":"node/1436471992","name":"Liquor-Wine","group":"groceries","category":"shop=alcohol","hours":"Mo-Sa 10:00-21:00; Su 12:00-17:00","phone":"+1 240 773 2013","housenumber":"3733","street":"University Boulevard West","city":"Kensington","postcode":"20895"}},{"type":"Feature","geometry":{"type":"Point","coordinates":[-77.07391,39.03318]},"properties":{"id":"node/1436473198","name":"Kensington Cleaners","group":"services","category":"shop=dry_cleaning","hours":"Mo-Fr 07:00-19:00; Sa 08:00-17:00","housenumber":"3731","street":"University Boulevard West"}},{"type":"Feature","geometry":{"type":"Point","coordinates":[-77.07372,39.0333]},"properties":{"id":"node/1436476484","name":"Donut King Cafe & Deli","group":"food","category":"amenity=cafe","cuisine":"donut;coffee;deli","hours":"Mo-Fr 05:00-15:00; Sa 06:00-15:00; Su 06:00-14:00","phone":"+1-301-949-3464","website":"https://donutkingcafeanddeli.weebly.com/","housenumber":"3727","street":"University Boulevard West","city":"Kensington","postcode":"20895"}},{"type":"Feature","geometry":{"type":"Point","coordinates":[-77.07411,39.03301]},"properties":{"id":"node/1436482521","name":"Stella Point Grille","group":"food","category":"amenity=restaurant","hours":"Su-Th 11:30-02:00, Fr,Sa 11:30-03:00"}},{"type":"Feature","geometry":{"type":"Point","coordinates":[-77.07365,39.03335]},"properties":{"id":"node/1436482731","name":"Queen's Grill","group":"food","category":"amenity=restaurant"}},{"type":"Feature","geometry":{"type":"Point","coordinates":[-77.19192,39.09688]},"properties":{"id":"node/1656092844","name":"Moby Dick","group":"food","category":"amenity=fast_food","cuisine":"persian","hours":"Mo-Th 11:00-21:00; Fr-Sa 11:00-22:00; Su 11:00-21:00","phone":"+1-301-738-0005","website":"https://www.mobyskabob.com/stores/moby-dick-rockville/","housenumber":"14929","street":"Shady Grove Road","city":"Rockville","postcode":"20850"}},{"type":"Feature","geometry":{"type":"Point","coordinates":[-77.17886,39.12046]},"properties":{"id":"node/1656092920","name":"JJ Muldoons","group":"food","category":"amenity=restaurant"}},{"type":"Feature","geometry":{"type":"Point","coordinates":[-77.19172,39.09753]},"properties":{"id":"node/1656092932","name":"Beer Wine Liquor","group":"groceries","category":"shop=alcohol"}},{"type":"Feature","geometry":{"type":"Point","coordinates":[-77.13046,39.06833]},"properties":{"id":"node/1667343692","name":"Ledo's Pizza","group":"food","category":"amenity=restaurant","cuisine":"pizza","website":"https://www.ledopizza.com/","housenumber":"1319","street":"Rockville Pike","postcode":"20852"}},{"type":"Feature","geometry":{"type":"Point","coordinates":[-77.18986,39.10527]},"properties":{"id":"node/1683739571","name":"That's Amore'","group":"food","category":"amenity=restaurant"}},{"type":"Feature","geometry":{"type":"Point","coordinates":[-77.14547,39.1457]},"properties":{"id":"node/1683893712","name":"Beer - Wine","group":"groceries","category":"shop=alcohol"}},{"type":"Feature","geometry":{"type":"Point","coordinates":[-77.14423,39.14421]},"properties":{"id":"node/1683893891","name":"Derwood Beer & Wine","group":"groceries","category":"shop=alcohol"}},{"type":"Feature","geometry":{"type":"Point","coordinates":[-77.11204,39.05783]},"properties":{"id":"node/1717053072","name":"La Bohemia Bakery","group":"food","category":"shop=bakery","website":"https://labohemiabakery.com/","housenumber":"5540","street":"Wilkins Court","city":"Rockville","postcode":"20852"}},{"type":"Feature","geometry":{"type":"Point","coordinates":[-77.10465,39.04607]},"properties":{"id":"node/2105057603","name":"Amina Thai","group":"food","category":"amenity=restaurant","cuisine":"thai"}},{"type":"Feature","geometry":{"type":"Point","coordinates":[-77.15672,39.06008]},"properties":{"id":"node/2134387409","name":"Founding Farmers","group":"food","category":"amenity=restaurant","cuisine":"regional","hours":"Mo 07:00-22:00;Tu-Th 07:00-23:00;Fr 07:00-24:00;Sa 09:00-24:00;Su 09:00-22:00","phone":"+1 301 340 8783","website":"http://www.wearefoundingfarmers.com/montgomery-county-rockville-potomac-bethesda/","housenumber":"12505","street":"Park Potomac Avenue","city":"Potomac","postcode":"20854"}},{"type":"Feature","geometry":{"type":"Point","coordinates":[-77.17755,39.12152]},"properties":{"id":"node/2176655197","name":"Minerva Indian Cuisine","group":"food","category":"amenity=restaurant","cuisine":"indian","hours":"Mo-Su closed","phone":"+1 301-948-9898","website":"https://www.minervaindiancuisinemd.com/","housenumber":"16240","street":"Frederick Road","postcode":"20877"}},{"type":"Feature","geometry":{"type":"Point","coordinates":[-77.07668,39.02801]},"properties":{"id":"node/2329911407","name":"Continental Pizza and Subs","group":"food","category":"amenity=fast_food","cuisine":"pizza;sandwich","hours":"Mo-Sa 10:00-20:00","phone":"+1 301 949 9797","website":"https://continentalpizzakensington.com/","housenumber":"10532","street":"Connecticut Avenue","city":"Kensington","postcode":"20895"}},{"type":"Feature","geometry":{"type":"Point","coordinates":[-77.10582,39.04338]},"properties":{"id":"node/2339288548","name":"Vie de France","group":"food","category":"shop=bakery","hours":"07:00-19:00","housenumber":"5218","street":"Nicholson Lane"}},{"type":"Feature","geometry":{"type":"Point","coordinates":[-77.10492,39.04374]},"properties":{"id":"node/2339288549","name":"Rodman's","group":"groceries","category":"shop=supermarket","housenumber":"5148","street":"Nicholson Lane"}},{"type":"Feature","geometry":{"type":"Point","coordinates":[-77.07734,39.08478]},"properties":{"id":"node/2608127363","name":"Aspen Hill Laundromat and Cleaners","group":"services","category":"shop=laundry","housenumber":"14021","street":"Georgia Avenue","postcode":"20906"}},{"type":"Feature","geometry":{"type":"Point","coordinates":[-77.11064,39.05679]},"properties":{"id":"node/2616753161","name":"Second Story Books","group":"shopping","category":"shop=books"}},{"type":"Feature","geometry":{"type":"Point","coordinates":[-77.14334,39.07925]},"properties":{"id":"node/2624971891","name":"Marlo","group":"shopping","category":"shop=furniture","street":"Rockville Pike","city":"Rockville","postcode":"20850"}},{"type":"Feature","geometry":{"type":"Point","coordinates":[-77.1744,39.0918]},"properties":{"id":"node/2624971892","name":"Hard Times Cafe","group":"food","category":"amenity=restaurant","cuisine":"chili","hours":"Tu-Sa 11:30-21:00; Su 12:00-20:00","phone":"+1-301-294-9720","website":"https://www.hardtimes.com/location/hard-times-rockville/","housenumber":"1117","street":"Nelson Street","city":"Rockville","postcode":"20850"}},{"type":"Feature","geometry":{"type":"Point","coordinates":[-77.17437,39.09186]},"properties":{"id":"node/2624971894","name":"Carmen's Italian Ice","group":"food","category":"amenity=ice_cream","hours":"Mo-Su 12:00-22:00","phone":"+1 301 545 1154","website":"https://carmensitalianice.com/","housenumber":"1115","street":"Nelson Street","city":"Rockville","postcode":"20850"}},{"type":"Feature","geometry":{"type":"Point","coordinates":[-77.19355,39.09691]},"properties":{"id":"node/2624987606","name":"Mama Lucia's","group":"food","category":"amenity=restaurant"}},{"type":"Feature","geometry":{"type":"Point","coordinates":[-77.25335,39.1185]},"properties":{"id":"node/2625010833","name":"Inferno Pizzeria Napoletana","group":"food","category":"amenity=restaurant","cuisine":"pizza","housenumber":"12207","street":"Darnestown Road"}},{"type":"Feature","geometry":{"type":"Point","coordinates":[-77.10668,39.02696]},"properties":{"id":"node/2687666054","name":"Grovesnor Market","group":"groceries","category":"shop=supermarket","housenumber":"10401","street":"Grosvenor Place","city":"Rockville","postcode":"20852"}},{"type":"Feature","geometry":{"type":"Point","coordinates":[-77.09259,38.99863]},"properties":{"id":"node/2981839202","name":"Mini Mart","group":"groceries","category":"shop=convenience","hours":"Mo-Fr 07:00-19:00; Su 10:00-18:00; Sa 10:00-19:00"}},{"type":"Feature","geometry":{"type":"Point","coordinates":[-77.15234,39.07627]},"properties":{"id":"node/2991114802","name":"Rockville Locksmithing","group":"services","category":"craft=locksmith","phone":"+1-301-971-9324","housenumber":"628","street":"Monroe Street","city":"Rockville","postcode":"20850"}},{"type":"Feature","geometry":{"type":"Point","coordinates":[-77.08205,39.05719]},"properties":{"id":"node/3200053308","name":"Korean Korner","group":"groceries","category":"shop=supermarket"}},{"type":"Feature","geometry":{"type":"Point","coordinates":[-77.04786,39.08875]},"properties":{"id":"node/3370161513","name":"Flood Damage Pro","group":"services","category":"craft=cleaning","phone":"+1-240-650-4001","website":"https://www.flooddamagepro.com/dc-silverspring.asp","housenumber":"2308","street":"Red Eagle Court","city":"Silver Spring","postcode":"20906"}},{"type":"Feature","geometry":{"type":"Point","coordinates":[-77.20336,39.09203]},"properties":{"id":"node/3398608235","name":"Bagel Town Deli","group":"food","category":"amenity=cafe","cuisine":"bagel"}},{"type":"Feature","geometry":{"type":"Point","coordinates":[-77.20161,39.09439]},"properties":{"id":"node/3398621863","name":"Green Grove Cafe","group":"food","category":"amenity=cafe"}},{"type":"Feature","geometry":{"type":"Point","coordinates":[-77.12329,39.06022]},"properties":{"id":"node/3481703930","name":"Mervis","group":"shopping","category":"shop=jewelry","hours":"Mo-Fr 10:00-18:00; Sa 09:00-17:00; Su 12:00-17:00; PH off","phone":"+1-301-231-0030","housenumber":"1775","street":"Rockville Pike","city":"Rockville","postcode":"20852"}},{"type":"Feature","geometry":{"type":"Point","coordinates":[-77.14935,39.08397]},"properties":{"id":"node/3527237201","name":"Giuseppi's Pizza","group":"food","category":"amenity=restaurant","hours":"10:45-09:00","website":"https://www.giuseppispizzaplus.com/rockville/","housenumber":"199","street":"East Montgomery Avenue","city":"Rockville","postcode":"20850"}},{"type":"Feature","geometry":{"type":"Point","coordinates":[-77.26384,39.06801]},"properties":{"id":"node/3763902064","name":"Bai Khao Thai","group":"food","category":"amenity=restaurant","cuisine":"thai","hours":"11:00-21:00","phone":"+1 240-477-7368","website":"https://www.baikaothai.com/","housenumber":"12944","street":"Travilah Road","city":"Potomac","postcode":"20854-1079"}},{"type":"Feature","geometry":{"type":"Point","coordinates":[-77.20832,39.01819]},"properties":{"id":"node/3880545349","name":"Hunter's Bar and Grill","group":"food","category":"amenity=restaurant","cuisine":"american","website":"https://huntersbarandgrill.com/","housenumber":"10123","street":"River Road","city":"Potomac","postcode":"20854"}},{"type":"Feature","geometry":{"type":"Point","coordinates":[-77.11171,39.04316]},"properties":{"id":"node/3945112163","name":"Global Cleaners","group":"services","category":"shop=dry_cleaning"}},{"type":"Feature","geometry":{"type":"Point","coordinates":[-77.11157,39.04307]},"properties":{"id":"node/3945112166","name":"Nest 301","group":"shopping","category":"shop=interior_decoration"}},{"type":"Feature","geometry":{"type":"Point","coordinates":[-77.20291,39.09228]},"properties":{"id":"node/4016705806","name":"El Patio","group":"food","category":"amenity=restaurant","cuisine":"argentinian","hours":"Mo-Su 09:00-21:00","website":"https://www.elpatiointernational.com/","housenumber":"9755","street":"Traville Gateway Drive","city":"Rockville","postcode":"20850"}},{"type":"Feature","geometry":{"type":"Point","coordinates":[-77.2043,39.09165]},"properties":{"id":"node/4016709048","name":"Sushi Oishii Inc","group":"food","category":"amenity=restaurant","cuisine":"sushi","hours":"11:30-12:00","housenumber":"9706","street":"Traville Gateway Drive","city":"Rockville","postcode":"20850"}},{"type":"Feature","geometry":{"type":"Point","coordinates":[-77.20447,39.09143]},"properties":{"id":"node/4016711356","name":"Potomac Beer & Wine","group":"groceries","category":"shop=alcohol","housenumber":"9700","street":"Traville Gateway Drive","city":"Rockville","postcode":"20850"}},{"type":"Feature","geometry":{"type":"Point","coordinates":[-77.20385,39.09146]},"properties":{"id":"node/4016721043","name":"Potomac Pizza","group":"food","category":"amenity=restaurant","cuisine":"pizza","hours":"11:00-22:00","housenumber":"9709","street":"Traville Gateway Drive","city":"Rockville","postcode":"20850"}},{"type":"Feature","geometry":{"type":"Point","coordinates":[-77.20209,39.09115]},"properties":{"id":"node/4016721044","name":"Crest Advanced Dry Cleaners","group":"services","category":"shop=dry_cleaning","hours":"08:00-18:00","housenumber":"9731","street":"Traville Gateway Drive","city":"Rockville","postcode":"20850"}},{"type":"Feature","geometry":{"type":"Point","coordinates":[-77.2016,39.09452]},"properties":{"id":"node/4064088909","name":"Corner Cafe","group":"food","category":"amenity=cafe","cuisine":"coffee_shop"}},{"type":"Feature","geometry":{"type":"Point","coordinates":[-77.15176,39.08791]},"properties":{"id":"node/4198022859","name":"Frames by James","group":"shopping","category":"shop=frame","housenumber":"414","street":"Hungerford Drive","city":"Rockville","postcode":"20850"}},{"type":"Feature","geometry":{"type":"Point","coordinates":[-77.15164,39.08769]},"properties":{"id":"node/4198044278","name":"Sichuan Jin River","group":"food","category":"amenity=restaurant","cuisine":"chinese","phone":"+1 240 493 7351","website":"https://www.sichuanjinrivermd.com/","housenumber":"410","street":"Hungerford Drive","city":"Rockville","postcode":"20850"}},{"type":"Feature","geometry":{"type":"Point","coordinates":[-77.15173,39.08783]},"properties":{"id":"node/4198045800","name":"America's Beautiful Florist","group":"shopping","category":"shop=florist","phone":"+1 301 251 0500","housenumber":"414","street":"Hungerford Drive","city":"Rockville","postcode":"20850"}},{"type":"Feature","geometry":{"type":"Point","coordinates":[-77.1511,39.08798]},"properties":{"id":"node/4198048594","name":"Salon Tech","group":"personal_care","category":"shop=beauty","phone":"+1 301 424 9492"}},{"type":"Feature","geometry":{"type":"Point","coordinates":[-77.15085,39.08696]},"properties":{"id":"node/4198051508","name":"Dolan","group":"food","category":"amenity=restaurant","cuisine":"chinese;uyghur","phone":"+1 833-693-6526","website":"https://www.dolanuyghur.com/","housenumber":"20","street":"Maryland Avenue","city":"Rockville","postcode":"20850"}},{"type":"Feature","geometry":{"type":"Point","coordinates":[-77.15125,39.0863]},"properties":{"id":"node/4198056250","name":"Thai Chef","group":"food","category":"amenity=restaurant","cuisine":"thai","hours":"Su-Th 11:30-21:30; Fr-Sa 11:30-22:00","phone":"+1 301-339-8045","website":"https://www.thaichefdmv.com/","housenumber":"29","street":"Maryland Avenue","city":"Rockville","postcode":"20850"}},{"type":"Feature","geometry":{"type":"Point","coordinates":[-77.1518,39.08629]},"properties":{"id":"node/4198074143","name":"Plaza Oaxaca","group":"food","category":"amenity=restaurant","cuisine":"mexican","housenumber":"141","street":"Gibbs Street"}},{"type":"Feature","geometry":{"type":"Point","coordinates":[-77.15178,39.08582]},"properties":{"id":"node/4198077897","name":"Lebanese Taverna","group":"food","category":"amenity=restaurant"}},{"type":"Feature","geometry":{"type":"Point","coordinates":[-77.15777,39.04133]},"properties":{"id":"node/4485457005","name":"Mykonos","group":"food","category":"amenity=restaurant","cuisine":"greek","housenumber":"7965","street":"Tuckerman Lane","city":"Potomac","postcode":"20854"}},{"type":"Feature","geometry":{"type":"Point","coordinates":[-77.15565,39.04035]},"properties":{"id":"node/4485457006","name":"Goldberg's Bagels","group":"food","category":"shop=deli","cuisine":"bagel","hours":"Su-We,Fr 07:00-15:00; Th 07:00-16:00; Sa closed","housenumber":"7731","street":"Tuckerman Lane","city":"Potomac","postcode":"20854"}},{"type":"Feature","geometry":{"type":"Point","coordinates":[-77.15552,39.04063]},"properties":{"id":"node/4485478228","name":"Gregorio\u2019s Trattoria","group":"food","category":"amenity=restaurant","cuisine":"italian","housenumber":"7745","street":"Tuckerman Lane","city":"Potomac","postcode":"20854"}},{"type":"Feature","geometry":{"type":"Point","coordinates":[-77.15325,39.08904]},"properties":{"id":"node/4515727156","name":"Bob's Shanghai 66","group":"food","category":"amenity=restaurant","cuisine":"chinese"}},{"type":"Feature","geometry":{"type":"Point","coordinates":[-77.15337,39.08825]},"properties":{"id":"node/4515727158","name":"La Baguette Antojitos","group":"food","category":"shop=bakery","housenumber":"275","street":"North Washington Street","city":"Rockville"}},{"type":"Feature","geometry":{"type":"Point","coordinates":[-77.1533,39.08802]},"properties":{"id":"node/4515727160","name":"Quickway Japanese Hibachi","group":"food","category":"amenity=restaurant","cuisine":"japanese"}},{"type":"Feature","geometry":{"type":"Point","coordinates":[-77.15388,39.08888]},"properties":{"id":"node/4515727163","name":"Vibes Hookah Lounge","group":"food","category":"amenity=restaurant","housenumber":"1","street":"Dawson Avenue","city":"Rockville","postcode":"20850"}},{"type":"Feature","geometry":{"type":"Point","coordinates":[-77.15028,39.08394]},"properties":{"id":"node/4515727168","name":"ben n jerry's","group":"food","category":"amenity=fast_food","cuisine":"ice_cream","housenumber":"199","street":"East Montgomery Avenue","city":"Rockville","postcode":"20850"}},{"type":"Feature","geometry":{"type":"Point","coordinates":[-77.14196,39.07732]},"properties":{"id":"node/4515727171","name":"Japong Bakery","group":"food","category":"shop=pastry","website":"https://www.japongbakery.com","housenumber":"765","street":"Rockville Pike","city":"Rockville"}},{"type":"Feature","geometry":{"type":"Point","coordinates":[-77.13705,39.07432]},"properties":{"id":"node/4515727173","name":"Heytea","group":"food","category":"amenity=cafe","housenumber":"891","street":"Rockville Pike","city":"Rockville","postcode":"20852"}},{"type":"Feature","geometry":{"type":"Point","coordinates":[-77.11764,39.06133]},"properties":{"id":"node/4566715914","name":"Plaza & Bethesda Chevy Chase Carpet","group":"shopping","category":"shop=carpet","phone":"+1-301-770-0466","website":"https://www.plazaandbethesda.com/","housenumber":"12520","street":"Parklawn Drive","city":"Rockville","postcode":"20852"}},{"type":"Feature","geometry":{"type":"Point","coordinates":[-77.12404,39.02443]},"properties":{"id":"node/4618167014","name":"Piccoli Piatti Pizzeria","group":"food","category":"amenity=restaurant","cuisine":"pizza","website":"https://piccolipiattipizzeria.com/","housenumber":"10257","street":"Old Georgetown Road","city":"Bethesda","postcode":"20814"}},{"type":"Feature","geometry":{"type":"Point","coordinates":[-77.11124,39.09513]},"properties":{"id":"node/4624248591","name":"Norby's Coffee","group":"food","category":"amenity=cafe","phone":"+1-301-460-1072","website":"http://pbscafe.com","housenumber":"5562","street":"Norbeck Road","postcode":"20853"}},{"type":"Feature","geometry":{"type":"Point","coordinates":[-77.11102,39.09526]},"properties":{"id":"node/4624259396","name":"Full On Craft Eats & Drinks","group":"food","category":"amenity=restaurant","cuisine":"american;sandwich","hours":"Su-Th 11:30-21:00; Fr-Sa 11:30-22:00","phone":"+1-240-669-3875","website":"https://fulloncraft.com/","housenumber":"5566","street":"Norbeck Road","postcode":"20853"}},{"type":"Feature","geometry":{"type":"Point","coordinates":[-77.05074,39.04133]},"properties":{"id":"node/4719256818","name":"El Catrachito","group":"food","category":"amenity=restaurant","phone":"+1-240-833-3428","website":"http://www.beclaws.co/","housenumber":"2404","street":"University Boulevard West","city":"Silver Spring","postcode":"20902"}},{"type":"Feature","geometry":{"type":"Point","coordinates":[-77.05245,39.04016]},"properties":{"id":"node/4741827338","name":"Sabor Mixteco","group":"food","category":"amenity=restaurant","cuisine":"mexican","hours":"Mo-Su 10:30-21:00","phone":"+1 240 500 3833","website":"https://sabormixteco.com/","housenumber":"2462","street":"Ennalls Avenue","city":"Silver Spring","postcode":"20902"}},{"type":"Feature","geometry":{"type":"Point","coordinates":[-77.15032,39.0842]},"properties":{"id":"node/4807745412","name":"World of Beer","group":"food","category":"amenity=bar"}},{"type":"Feature","geometry":{"type":"Point","coordinates":[-77.12682,39.02537]},"properties":{"id":"node/4860113091","name":"Not Your Average Joe's","group":"food","category":"amenity=restaurant"}},{"type":"Feature","geometry":{"type":"Point","coordinates":[-77.12633,39.06122]},"properties":{"id":"node/5001738410","name":"Oxygen Salon & Day Spa","group":"personal_care","category":"shop=hairdresser","housenumber":"1677","street":"Rockville Pike","city":"Rockville"}},{"type":"Feature","geometry":{"type":"Point","coordinates":[-77.11323,39.05885]},"properties":{"id":"node/5002338705","name":"B & B Air Conditioning Service Co., Inc.","group":"services","category":"craft=hvac","phone":"+1 301 881 2700","housenumber":"12324","street":"Wilkins Avenue","city":"Rockville","postcode":"20852"}},{"type":"Feature","geometry":{"type":"Point","coordinates":[-77.11321,39.05866]},"properties":{"id":"node/5002338706","name":"Premier Auto Collision Center","group":"services","category":"shop=car_repair","housenumber":"12320","street":"Wilkins Avenue","city":"Rockville","postcode":"20852"}},{"type":"Feature","geometry":{"type":"Point","coordinates":[-77.11332,39.05807]},"properties":{"id":"node/5002338714","name":"Tops of the Town","group":"shopping","category":"shop=kitchen","housenumber":"12304","street":"Wilkins Avenue","city":"Rockville","postcode":"20852"}},{"type":"Feature","geometry":{"type":"Point","coordinates":[-77.11332,39.05801]},"properties":{"id":"node/5002338715","name":"Michael King, Inc.","group":"services","category":"craft=hvac","housenumber":"12302","street":"Wilkins Avenue","city":"Rockville","postcode":"20852"}},{"type":"Feature","geometry":{"type":"Point","coordinates":[-77.11334,39.05795]},"properties":{"id":"node/5002338717","name":"Moa Restaurant","group":"food","category":"amenity=restaurant","housenumber":"12300","street":"Wilkins Avenue","city":"Rockville","postcode":"20852"}},{"type":"Feature","geometry":{"type":"Point","coordinates":[-77.12008,39.058]},"properties":{"id":"node/5122329569","name":"Snack Shop","group":"groceries","category":"shop=convenience"}},{"type":"Feature","geometry":{"type":"Point","coordinates":[-77.11951,39.0578]},"properties":{"id":"node/5122329570","name":"Golfdom","group":"shopping","category":"shop=sports"}},{"type":"Feature","geometry":{"type":"Point","coordinates":[-77.11969,39.05782]},"properties":{"id":"node/5122329574","name":"Cabinet Era","group":"shopping","category":"shop=furniture","website":"https://cabinetera.com/rockville-location/","housenumber":"12145","street":"Rockville Pike"}},{"type":"Feature","geometry":{"type":"Point","coordinates":[-77.12198,39.06043]},"properties":{"id":"node/5122339360","name":"Go Fresh 365","group":"groceries","category":"shop=supermarket","cuisine":"chinese","website":"https://gofresh365.com/","housenumber":"1800","street":"Rockville Pike","city":"Rockville","postcode":"20852"}},{"type":"Feature","geometry":{"type":"Point","coordinates":[-77.12182,39.06003]},"properties":{"id":"node/5122350252","name":"Floyd's Barbershop","group":"personal_care","category":"shop=hairdresser","hours":"Mo-Fr 09:00-21:00; Sa 09:00-20:00; Su 10:00-18:00"}},{"type":"Feature","geometry":{"type":"Point","coordinates":[-77.15329,39.08538]},"properties":{"id":"node/5454035921","name":"Locksmith Rockville","group":"services","category":"craft=locksmith","phone":"+1-301-859-4791","website":"https://www.locksmithrockville.com/","housenumber":"110","street":"North Washington Street","city":"Rockville","postcode":"20850"}},{"type":"Feature","geometry":{"type":"Point","coordinates":[-77.12696,39.02555]},"properties":{"id":"node/5499648316","name":"Quartermaine Coffee Roasters","group":"food","category":"amenity=cafe","cuisine":"coffee_shop;bakery"}},{"type":"Feature","geometry":{"type":"Point","coordinates":[-77.12732,39.02584]},"properties":{"id":"node/5499648318","name":"Prestige Cleaners","group":"services","category":"shop=dry_cleaning"}},{"type":"Feature","geometry":{"type":"Point","coordinates":[-77.07452,39.02743]},"properties":{"id":"node/5613751173","name":"Frankly...Pizza!","group":"food","category":"amenity=restaurant","cuisine":"pizza","hours":"We-Sa 16:30-21:00; Su 16:30-20:00","phone":"+1 301 832 1065","website":"https://www.franklypizza.com/","housenumber":"10417","street":"Armory Avenue","city":"Kensington","postcode":"20895"}},{"type":"Feature","geometry":{"type":"Point","coordinates":[-77.07575,39.03205]},"properties":{"id":"node/5665629978","name":"Maid Brigade","group":"services","category":"craft=cleaning","hours":"Mo-Fr 09:00-17:00","phone":"+1-301-946-5500","website":"https://www.maidbrigade.com/md/bethesda/","housenumber":"3855","street":"Farragut Avenue","city":"Kensington","postcode":"20895"}},{"type":"Feature","geometry":{"type":"Point","coordinates":[-77.0774,39.0345]},"properties":{"id":"node/5821853976","name":"Pat's Plumbing Heating & Cooling","group":"services","category":"craft=plumber","hours":"24/7","phone":"+1 301-942-4165","website":"https://www.patsplumbinghvac.net/","housenumber":"3822","street":"Lawrence Avenue","city":"Kensington","postcode":"20895"}},{"type":"Feature","geometry":{"type":"Point","coordinates":[-77.17894,39.12037]},"properties":{"id":"node/5866581592","name":"La Mexicana","group":"food","category":"amenity=restaurant","cuisine":"mexican"}},{"type":"Feature","geometry":{"type":"Point","coordinates":[-77.12416,39.02462]},"properties":{"id":"node/5940587624","name":"Irr\u00e9sistibles","group":"shopping","category":"shop=clothes"}},{"type":"Feature","geometry":{"type":"Point","coordinates":[-77.1244,39.02513]},"properties":{"id":"node/5940596661","name":"Balducci","group":"groceries","category":"shop=supermarket","hours":"Mo-Su 07:30-22:00","housenumber":"10323","street":"Old Georgetown Road"}},{"type":"Feature","geometry":{"type":"Point","coordinates":[-77.12421,39.0247]},"properties":{"id":"node/5940596662","name":"Fish Taco","group":"food","category":"amenity=restaurant","cuisine":"mexican","housenumber":"10305","street":"Old Georgetown Road"}},{"type":"Feature","geometry":{"type":"Point","coordinates":[-77.12407,39.02448]},"properties":{"id":"node/5940596663","name":"Red Orchard","group":"shopping","category":"shop=interior_decoration"}},{"type":"Feature","geometry":{"type":"Point","coordinates":[-77.12391,39.02422]},"properties":{"id":"node/5940596664","name":"South moon under","group":"shopping","category":"shop=clothes"}},{"type":"Feature","geometry":{"type":"Point","coordinates":[-77.12527,39.02577]},"properties":{"id":"node/5940601904","name":"Wild wood","group":"food","category":"amenity=restaurant"}},{"type":"Feature","geometry":{"type":"Point","coordinates":[-77.12333,39.02381]},"properties":{"id":"node/5940601906","name":"Evalash","group":"personal_care","category":"shop=beauty"}},{"type":"Feature","geometry":{"type":"Point","coordinates":[-77.04981,39.05282]},"properties":{"id":"node/6055417967","name":"Wheaton Wine & Craft Beer","group":"groceries","category":"shop=alcohol","hours":"Mo-Th 10:00-21:30; Fr,Sa 10:00-22:00; Su 10:00-21:00"}},{"type":"Feature","geometry":{"type":"Point","coordinates":[-77.04749,39.03037]},"properties":{"id":"node/6067955376","name":"Blue Sky Spa","group":"personal_care","category":"shop=beauty","hours":"Mo-Sa 09:00-21:00","phone":"+1 301-608-2288","website":"https://www.blueskyspamd.com/","housenumber":"10701","street":"Georgia Avenue","city":"Silver Spring","postcode":"20902"}},{"type":"Feature","geometry":{"type":"Point","coordinates":[-77.12292,39.06527]},"properties":{"id":"node/6165248215","name":"Glenmont Heating & Air Conditioning","group":"services","category":"craft=hvac","hours":"Mo-Fr 09:00-18:00","phone":"+1 301-468-2665","website":"https://www.glenmonthvac.com","housenumber":"2267","street":"Lewis Avenue","city":"Rockville","postcode":"20851"}},{"type":"Feature","geometry":{"type":"Point","coordinates":[-77.05024,39.04087]},"properties":{"id":"node/6169923285","name":"Legends","group":"food","category":"amenity=bar"}},{"type":"Feature","geometry":{"type":"Point","coordinates":[-77.05041,39.04073]},"properties":{"id":"node/6169931785","name":"Unplugged","group":"food","category":"amenity=bar"}},{"type":"Feature","geometry":{"type":"Point","coordinates":[-77.11929,39.05571]},"properties":{"id":"node/6255902250","name":"Star Hair Design","group":"personal_care","category":"shop=hairdresser","phone":"+1 301 984 1010","housenumber":"12222","street":"Rockville Pike","city":"Rockville","postcode":"20852"}},{"type":"Feature","geometry":{"type":"Point","coordinates":[-77.11926,39.05566]},"properties":{"id":"node/6255902252","name":"Tea Spa","group":"personal_care","category":"shop=beauty","phone":"+1 240 669 7761","housenumber":"12222","street":"Rockville Pike","city":"Rockville","postcode":"20852"}},{"type":"Feature","geometry":{"type":"Point","coordinates":[-77.11992,39.05616]},"properties":{"id":"node/6255910817","name":"Comfort One Shoes","group":"shopping","category":"shop=shoes"}},{"type":"Feature","geometry":{"type":"Point","coordinates":[-77.1182,39.05707]},"properties":{"id":"node/6255913685","name":"Rising Sun Motors & Tires","group":"services","category":"shop=tyres","phone":"+1 301-603-2575","housenumber":"12103","street":"Rockville Pike"}},{"type":"Feature","geometry":{"type":"Point","coordinates":[-77.15436,39.09462]},"properties":{"id":"node/6258979370","name":"Fresh Baguette","group":"food","category":"amenity=cafe","cuisine":"bakery;coffee;bread","phone":"+1-888-648-0009","housenumber":"804","street":"Hungerford Drive","city":"Rockville","postcode":"20850"}},{"type":"Feature","geometry":{"type":"Point","coordinates":[-77.15799,39.05989]},"properties":{"id":"node/6298841204","name":"Filicori Zecchini","group":"food","category":"amenity=cafe","hours":"Mo-Fr 06:00-19:00, 09:00-18:00; Sa, Su 07:00-19:00","phone":"+13014444417","website":"https://www.filicorizecchini.com/","housenumber":"12430","street":"Park Potomac Avenue","city":"Potomac","postcode":"20854"}},{"type":"Feature","geometry":{"type":"Point","coordinates":[-77.15917,39.06162]},"properties":{"id":"node/6304573741","name":"Brooklyn's Deli","group":"food","category":"amenity=restaurant","cuisine":"sandwich","hours":"Mo-Fr 07:00-20:00; Sa-Su 08:00-20:00","phone":"+13013403354","website":"https://www.brooklynsdeli-md.com/","housenumber":"1089","street":"Seven Locks Road","city":"Potomac","postcode":"20854"}},{"type":"Feature","geometry":{"type":"Point","coordinates":[-77.20781,39.09612]},"properties":{"id":"node/6327602834","name":"Flower Child","group":"food","category":"amenity=restaurant","hours":"Mo-Su 11:00-21:00","phone":"+1-301-545-6750","website":"https://iamaflowerchild.com/","housenumber":"10072","street":"Darnestown Road","city":"Rockville","postcode":"20850"}},{"type":"Feature","geometry":{"type":"Point","coordinates":[-77.20663,39.09575]},"properties":{"id":"node/6329065626","name":"Victoria Nails and Spa","group":"personal_care","category":"shop=beauty","housenumber":"10032","street":"Darnestown Road","city":"Rockville","postcode":"20850"}},{"type":"Feature","geometry":{"type":"Point","coordinates":[-77.20652,39.09589]},"properties":{"id":"node/6329065629","name":"Milestone Cleaners","group":"services","category":"shop=dry_cleaning","hours":"Mo-Fr 07:00-20:00;Sa 08:00-20:00","website":"https://www.milestonecleanersrockville.com","housenumber":"10024","street":"Darnestown Road","city":"Rockville","postcode":"20850"}},{"type":"Feature","geometry":{"type":"Point","coordinates":[-77.1518,39.08657]},"properties":{"id":"node/6329894449","name":"La Canela","group":"food","category":"amenity=restaurant","cuisine":"peruvian","housenumber":"141","street":"Gibbs Street","city":"Rockville","postcode":"20850"}},{"type":"Feature","geometry":{"type":"Point","coordinates":[-77.11924,39.05841]},"properties":{"id":"node/6348525381","name":"Urban BBQ","group":"food","category":"amenity=restaurant"}},{"type":"Feature","geometry":{"type":"Point","coordinates":[-77.11962,39.05852]},"properties":{"id":"node/6348525382","name":"Los Primos","group":"food","category":"amenity=restaurant","housenumber":"12303","street":"Twinbrook Parkway","city":"Rockville","postcode":"20852"}},{"type":"Feature","geometry":{"type":"Point","coordinates":[-77.13582,39.08489]},"properties":{"id":"node/6441103610","name":"Sweet Bakery","group":"food","category":"amenity=restaurant","phone":"+1-301-978-7734","housenumber":"701","street":"First Street","city":"Rockville","postcode":"20851"}},{"type":"Feature","geometry":{"type":"Point","coordinates":[-77.15679,39.06044]},"properties":{"id":"node/6446607141","name":"Sugo","group":"food","category":"amenity=restaurant","cuisine":"pizza;italian","housenumber":"12505","street":"Park Potomac Avenue","city":"Potomac","postcode":"20854"}},{"type":"Feature","geometry":{"type":"Point","coordinates":[-77.15721,39.05998]},"properties":{"id":"node/6446607149","name":"Gringos & Mariachis","group":"food","category":"amenity=restaurant","cuisine":"mexican","housenumber":"12435","street":"Park Potomac Avenue","city":"Potomac","postcode":"20854"}},{"type":"Feature","geometry":{"type":"Point","coordinates":[-77.1576,39.05992]},"properties":{"id":"node/6446607150","name":"Addie's","group":"food","category":"amenity=restaurant","cuisine":"regional","housenumber":"12435","street":"Park Potomac Avenue","city":"Potomac","postcode":"20854"}},{"type":"Feature","geometry":{"type":"Point","coordinates":[-77.15842,39.06193]},"properties":{"id":"node/6446607152","name":"The Bottle Shop","group":"groceries","category":"shop=alcohol","website":"https://www.mybottleshop.net/","housenumber":"350","street":"Fortune Terrace","city":"Rockville","postcode":"20854"}},{"type":"Feature","geometry":{"type":"Point","coordinates":[-77.05229,39.03821]},"properties":{"id":"node/6516904085","name":"Famous Jewelry & Loan","group":"services","category":"shop=pawnbroker","housenumber":"11006","street":"Veirs Mill Road","city":"Wheaton-Glenmont","postcode":"20902"}},{"type":"Feature","geometry":{"type":"Point","coordinates":[-77.05453,39.03974]},"properties":{"id":"node/6516915885","name":"Wheaton Jewelry Buyer Inc.","group":"shopping","category":"shop=jewelry"}},{"type":"Feature","geometry":{"type":"Point","coordinates":[-77.05513,39.04047]},"properties":{"id":"node/6516917385","name":"Nick's Diner","group":"food","category":"amenity=restaurant","cuisine":"diner","hours":"Su 07:00-13:00; Mo,We-Sa 07:00-15:00; Tu off","phone":"+1 301-933-5459","website":"https://nicksdiner.square.site/","housenumber":"11199","street":"Veirs Mill Road","city":"Wheaton","postcode":"20902"}},{"type":"Feature","geometry":{"type":"Point","coordinates":[-77.15719,39.10564]},"properties":{"id":"node/6595475662","name":"Matr\u00ebshka","group":"food","category":"shop=deli"}},{"type":"Feature","geometry":{"type":"Point","coordinates":[-77.15731,39.10607]},"properties":{"id":"node/6595475663","name":"Snack Shop","group":"groceries","category":"shop=convenience"}},{"type":"Feature","geometry":{"type":"Point","coordinates":[-77.15737,39.10587]},"properties":{"id":"node/6595475666","name":"Mandarin Express","group":"food","category":"amenity=restaurant","cuisine":"chinese"}},{"type":"Feature","geometry":{"type":"Point","coordinates":[-77.15728,39.10576]},"properties":{"id":"node/6595475668","name":"Il Pizzico","group":"food","category":"amenity=restaurant","cuisine":"italian","hours":"Tu-Fr 11:00-14:00,17:00-21:30; Sa 17:00-21:30","phone":"+1 301-309-0610","website":"https://www.ilpizzico.com/","housenumber":"15209","street":"Frederick Road","city":"Rockville","postcode":"20850"}},{"type":"Feature","geometry":{"type":"Point","coordinates":[-77.14607,39.02414]},"properties":{"id":"node/6622110255","name":"Jewelry Corner","group":"shopping","category":"shop=jewelry","hours":"Mo-Sa 10:00-21:00; Su 11:00-19:00","phone":"+1-301-365-7794","website":"https://www.jewelrywatchcorner.com/","housenumber":"7101","street":"Democracy Boulevard","city":"Bethesda","postcode":"20817"}},{"type":"Feature","geometry":{"type":"Point","coordinates":[-77.12187,39.06008]},"properties":{"id":"node/6633501729","name":"The Rockville Pike","group":"food","category":"amenity=bar","hours":"Mo-Th 10:30-22:00; Fr, Sa 10:30-23:00; Su 11:00-21:00","housenumber":"1800","street":"Rockville Pike"}},{"type":"Feature","geometry":{"type":"Point","coordinates":[-77.05135,39.03894]},"properties":{"id":"node/6865479246","name":"Kenny's Sub Shop","group":"food","category":"amenity=fast_food","cuisine":"chinese"}},{"type":"Feature","geometry":{"type":"Point","coordinates":[-77.05138,39.03901]},"properties":{"id":"node/6865479247","name":"Vacuum Cleaner's","group":"shopping","category":"shop=vacuum_cleaner"}},{"type":"Feature","geometry":{"type":"Point","coordinates":[-77.05154,39.03946]},"properties":{"id":"node/6865479248","name":"Super Nails","group":"personal_care","category":"shop=beauty"}},{"type":"Feature","geometry":{"type":"Point","coordinates":[-77.11757,39.04981]},"properties":{"id":"node/6949833157","name":"City Perch Kitchen + Bar","group":"food","category":"amenity=restaurant","phone":"+1 301-231-2310","website":"https://cityperch.com","housenumber":"11830","street":"Grand Park Avenue"}},{"type":"Feature","geometry":{"type":"Point","coordinates":[-77.11795,39.04904]},"properties":{"id":"node/6952285839","name":"BIBIBOP Asian Grill","group":"food","category":"amenity=restaurant","cuisine":"asian","hours":"Mo-Sa 10:30-21:30; Su 11:00-20:00","website":"https://bibibop.com/","housenumber":"11584","street":"Old Georgetown Road"}},{"type":"Feature","geometry":{"type":"Point","coordinates":[-77.12733,39.06306]},"properties":{"id":"node/7036137304","name":"Congressional Aquarium","group":"shopping","category":"shop=pet","website":"https://congressionalaquarium.com/","housenumber":"138","street":"Congressional Lane","city":"Rockville","postcode":"20852"}},{"type":"Feature","geometry":{"type":"Point","coordinates":[-77.07825,39.02785]},"properties":{"id":"node/7042583785","name":"Wine & Co.","group":"groceries","category":"shop=wine","cuisine":"sandwich","hours":"Su-Th 12:00-21:00; Fr-Sa 12:00-22:00","phone":"+1 301 272 9080","website":"https://knowlesstation.com/","housenumber":"10414","street":"Detrick Avenue","city":"Kensington","postcode":"20895"}},{"type":"Feature","geometry":{"type":"Point","coordinates":[-77.05141,39.04185]},"properties":{"id":"node/7057352285","name":"Montgomery County Liquor & Wine","group":"groceries","category":"shop=alcohol","housenumber":"11405","street":"Georgia Avenue","city":"Wheaton-Glenmont","postcode":"20902"}},{"type":"Feature","geometry":{"type":"Point","coordinates":[-77.05149,39.04296]},"properties":{"id":"node/7057400285","name":"Los Chorros","group":"food","category":"amenity=restaurant"}},{"type":"Feature","geometry":{"type":"Point","coordinates":[-77.05154,39.0389]},"properties":{"id":"node/7127088924","name":"Pan Lourdes Bakery","group":"food","category":"shop=bakery"}},{"type":"Feature","geometry":{"type":"Point","coordinates":[-77.05157,39.039]},"properties":{"id":"node/7127088926","name":"Coco's Hair and Nails","group":"personal_care","category":"shop=beauty"}},{"type":"Feature","geometry":{"type":"Point","coordinates":[-77.01291,39.15001]},"properties":{"id":"node/7146255085","name":"El Andariego","group":"food","category":"amenity=restaurant","cuisine":"mexican","hours":"Su-Th 11:00-21:00; Fr-Sa 11:00-22:00","phone":"+1-301-260-8199","website":"https://elandariegomexicanrestaurant.com/","housenumber":"5","street":"Olney Sandy Spring Road","postcode":"20861"}},{"type":"Feature","geometry":{"type":"Point","coordinates":[-77.07153,39.0276]},"properties":{"id":"node/7189139267","name":"Thien Kim Barber Shop","group":"personal_care","category":"shop=hairdresser","hours":"Mo-Sa 09:00-18:00; Su 10:00-17:00","phone":"+1 240 899 8994","website":"https://thienkimbarbershop.com/","housenumber":"10515","street":"Metropolitan Avenue","city":"Kensington","postcode":"20895"}},{"type":"Feature","geometry":{"type":"Point","coordinates":[-77.07135,39.02752]},"properties":{"id":"node/7189139268","name":"Buns N Rice","group":"food","category":"amenity=restaurant","cuisine":"diner;korean;breakfast","hours":"Mo,Tu 08:00-16:00; We-Fr 08:00-19:00; Sa 08:00-15:00","phone":"+1 301 949 2199","website":"https://www.bunsnrice.com/","housenumber":"10509","street":"Metropolitan Avenue","city":"Kensington","postcode":"20895"}},{"type":"Feature","geometry":{"type":"Point","coordinates":[-77.07693,39.02708]},"properties":{"id":"node/7189400642","name":"Knowles Apothecary","group":"groceries","category":"amenity=pharmacy"}},{"type":"Feature","geometry":{"type":"Point","coordinates":[-77.0767,39.02795]},"properties":{"id":"node/7189400645","name":"Spiro's Barbershop","group":"personal_care","category":"shop=hairdresser","hours":"Mo-Fr 09:00-19:00; Sa 08:00-18:00; Su 09:00-16:00"}},{"type":"Feature","geometry":{"type":"Point","coordinates":[-77.07123,39.02745]},"properties":{"id":"node/7195970749","name":"The Sign Shop","group":"services","category":"craft=signmaker","phone":"+1 301 946 6200","website":"https://www.thesignshopofwheaton.com/","housenumber":"10505","street":"Metropolitan Avenue","city":"Kensington","postcode":"20895"}},{"type":"Feature","geometry":{"type":"Point","coordinates":[-77.0714,39.02754]},"properties":{"id":"node/7195970751","name":"Oak Clothes + Finds","group":"shopping","category":"shop=clothes","hours":"Tu,We 12:00-18:00; Th-Sa 11:00-18:00; Su 12:00-17:00; PH closed","phone":"+1 301 933 0281","website":"https://www.oaktheshop.com/","housenumber":"10511","street":"Metropolitan Avenue","city":"Kensington","postcode":"20895"}},{"type":"Feature","geometry":{"type":"Point","coordinates":[-77.07128,39.02748]},"properties":{"id":"node/7198568052","name":"The Chesapeake Framing Co.","group":"shopping","category":"shop=frame","hours":"Mo-Sa 10:00-18:00","phone":"+1 301 942 0485","website":"https://chesapeakeframing.com/","housenumber":"10507","street":"Metropolitan Avenue","city":"Kensington","postcode":"20895"}},{"type":"Feature","geometry":{"type":"Point","coordinates":[-77.07548,39.03169]},"properties":{"id":"node/7199089477","name":"Enchanted Palace","group":"shopping","category":"shop=clothes","housenumber":"10730","street":"Connecticut Avenue","city":"Kensington","postcode":"20895"}},{"type":"Feature","geometry":{"type":"Point","coordinates":[-77.07453,39.02751]},"properties":{"id":"node/7297664513","name":"Potomac Sweets","group":"food","category":"shop=pastry","hours":"We,Th 08:00-18:00; Fr,Sa 08:00-18:30; Su 07:30-15:00","phone":"+1 240 669 7625","website":"https://potomacsweets.com/","housenumber":"10419","street":"Armory Avenue","city":"Kensington","postcode":"20895"}},{"type":"Feature","geometry":{"type":"Point","coordinates":[-77.10387,39.04583]},"properties":{"id":"node/7297754339","name":"El Pollo Real","group":"food","category":"amenity=restaurant","cuisine":"sandwich"}},{"type":"Feature","geometry":{"type":"Point","coordinates":[-77.07378,39.02871]},"properties":{"id":"node/7313712495","name":"Capital Sport & Swim","group":"shopping","category":"shop=sports","hours":"Mo-We 10:00-17:00; Th 10:00-19:00; Fr 10:00-17:00; Sa 10:00-16:00","phone":"+1 301 949 7366","website":"https://www.capitalsportandswim.net","housenumber":"10558","street":"Metropolitan Avenue","city":"Kensington","postcode":"20895"}},{"type":"Feature","geometry":{"type":"Point","coordinates":[-77.07373,39.02867]},"properties":{"id":"node/7313712496","name":"B.W. Surgical","group":"groceries","category":"shop=medical_supply","hours":"Mo-Fr 09:00-17:00; Sa 10:00-15:00","phone":"+1 301 946 1888","website":"https://www.bwmedi.com/","housenumber":"10556","street":"Metropolitan Avenue","city":"Kensington","postcode":"20895"}},{"type":"Feature","geometry":{"type":"Point","coordinates":[-77.07395,39.02866]},"properties":{"id":"node/7313712497","name":"Mastiha Greek Bakery","group":"food","category":"shop=bakery","hours":"Th-Sa 09:00-15:00","phone":"+1 301 332 6215","website":"https://mastihabakery.com","housenumber":"10560","street":"Metropolitan Avenue","city":"Kensington","postcode":"20895"}},{"type":"Feature","geometry":{"type":"Point","coordinates":[-77.07666,39.02809]},"properties":{"id":"node/7313845168","name":"Crisp & Juicy","group":"food","category":"amenity=fast_food","cuisine":"chicken;peruvian","hours":"Mo-Su 11:00-21:00","phone":"+1 240 883 2917","website":"https://www.crispjuicy.com/","housenumber":"10534","street":"Connecticut Avenue","city":"Kensington","postcode":"20895"}},{"type":"Feature","geometry":{"type":"Point","coordinates":[-77.07362,39.02734]},"properties":{"id":"node/7316151626","name":"Karlee's Deli and market","group":"food","category":"amenity=cafe","cuisine":"sandwich","hours":"Tu-Fr 10:30-18:00; Sa 09:30-18:00; Su 10:30-16:00","housenumber":"3750","street":"Howard Avenue","city":"Kensington","postcode":"20895"}},{"type":"Feature","geometry":{"type":"Point","coordinates":[-77.07086,39.02718]},"properties":{"id":"node/7316556752","name":"Tag Team Kitchen","group":"food","category":"shop=bakery","hours":"Tu-Fr 13:00-18:00; Sa 10:00-14:00","website":"https://tagteamkitchen.com/","housenumber":"10453","street":"Metropolitan Avenue","city":"Kensington","postcode":"20895"}},{"type":"Feature","geometry":{"type":"Point","coordinates":[-77.07361,39.02858]},"properties":{"id":"node/7322401757","name":"W.C. Fowler Carpet Service","group":"shopping","category":"shop=carpet","hours":"Mo-Fr 09:00-17:00","phone":"+1 301 949 3400","website":"https://fowlercarpet.com/","housenumber":"10554","street":"Metropolitan Avenue","city":"Kensington","postcode":"20895"}},{"type":"Feature","geometry":{"type":"Point","coordinates":[-77.07324,39.0337]},"properties":{"id":"node/7323612477","name":"Kensington Beer & Wine","group":"groceries","category":"shop=wine"}},{"type":"Feature","geometry":{"type":"Point","coordinates":[-77.07875,39.02965]},"properties":{"id":"node/7367801277","name":"Kensington Oriental Rugs","group":"shopping","category":"shop=carpet","hours":"Tu-Sa 11:00-18:00; Su 12:00-17:00","phone":"+1 301 896 9800","housenumber":"4000","street":"Howard Avenue","city":"Kensington","postcode":"20895"}},{"type":"Feature","geometry":{"type":"Point","coordinates":[-77.07855,39.02942]},"properties":{"id":"node/7367801278","name":"Player 1 Services","group":"shopping","category":"shop=games","hours":"Mo-Th 15:00-20:00; Fr,Sa 15:00-22:00","phone":"+1 202 599 5351","website":"https://www.playeroneservices.com/","housenumber":"4000","street":"Howard Avenue","city":"Kensington","postcode":"20895"}},{"type":"Feature","geometry":{"type":"Point","coordinates":[-77.11021,39.05603]},"properties":{"id":"node/7399086003","name":"7 Locks Brewing","group":"food","category":"amenity=pub","phone":"+1-301-841-7123","website":"https://www.7locksbrewing.com/","housenumber":"12227","street":"Wilkins Avenue","city":"Rockville","postcode":"20852"}},{"type":"Feature","geometry":{"type":"Point","coordinates":[-77.09867,39.04613]},"properties":{"id":"node/7402838368","name":"Goldberg's New York Bagels","group":"food","category":"shop=bakery","hours":"Mo-Th 07:00-15:00; Fr 07:00-14:00; Su 07:00-15:00","phone":"+1 301 816 9229","website":"https://www.goldbergsnybagels.com/","housenumber":"4824","street":"Boiling Brook Parkway","city":"Rockville","postcode":"20852"}},{"type":"Feature","geometry":{"type":"Point","coordinates":[-77.11099,39.05817]},"properties":{"id":"node/7423806302","name":"National Auto Body","group":"services","category":"shop=car_repair","hours":"Mo-Fr 08:00-18:00","housenumber":"12300","street":"Parklawn Drive","city":"Rockville","postcode":"20852"}},{"type":"Feature","geometry":{"type":"Point","coordinates":[-77.08075,39.03056]},"properties":{"id":"node/7450274651","name":"Quality Discount Tire","group":"services","category":"shop=car_repair","hours":"Mo-Fr 08:00-17:00; Sa 09:00-14:00","phone":"+1-301-493-6902","website":"https://www.qualitydiscounttire.net/","housenumber":"4111","street":"Howard Avenue","city":"Kensington","postcode":"20895"}},{"type":"Feature","geometry":{"type":"Point","coordinates":[-77.05142,39.00941]},"properties":{"id":"node/7802321773","name":"Thos. E. Clark","group":"services","category":"craft=hvac","housenumber":"2412","street":"Linden Lane","city":"Silver Spring","postcode":"20910"}},{"type":"Feature","geometry":{"type":"Point","coordinates":[-77.05116,39.00939]},"properties":{"id":"node/7802321774","name":"Blaine Window Repair","group":"services","category":"craft=window_construction","housenumber":"2410","street":"Linden Lane","city":"Silver Spring","postcode":"20910"}},{"type":"Feature","geometry":{"type":"Point","coordinates":[-77.0923,39.02944]},"properties":{"id":"node/7871825908","name":"Hardwood Revival","group":"services","category":"craft=floorer","hours":"Mo-Su 08:00-20:00","phone":"+1-240-833-5141","website":"https://www.hardwoodrevival.com/hardwood-floor-refinishing-bethesda-md.aspx","housenumber":"10650","street":"Weymouth Street","city":"Bethesda","postcode":"20814"}},{"type":"Feature","geometry":{"type":"Point","coordinates":[-77.01281,39.15]},"properties":{"id":"node/7908380683","name":"Dempsey's","group":"food","category":"amenity=restaurant","phone":"+1 301-570-0161"}},{"type":"Feature","geometry":{"type":"Point","coordinates":[-77.01306,39.14999]},"properties":{"id":"node/7908380684","name":"Ashton Beer & Wine","group":"groceries","category":"shop=alcohol"}},{"type":"Feature","geometry":{"type":"Point","coordinates":[-77.01317,39.14998]},"properties":{"id":"node/7908399589","name":"Ashton Spa and Nails","group":"personal_care","category":"shop=beauty"}},{"type":"Feature","geometry":{"type":"Point","coordinates":[-77.01325,39.14998]},"properties":{"id":"node/7908399590","name":"Mee Shane Restaurant","group":"food","category":"amenity=restaurant"}},{"type":"Feature","geometry":{"type":"Point","coordinates":[-77.01334,39.14998]},"properties":{"id":"node/7908399591","name":"Just Hair Salon","group":"personal_care","category":"shop=hairdresser"}},{"type":"Feature","geometry":{"type":"Point","coordinates":[-77.01354,39.14992]},"properties":{"id":"node/7908399594","name":"Davidus Cigars","group":"shopping","category":"shop=tobacco"}},{"type":"Feature","geometry":{"type":"Point","coordinates":[-77.01354,39.14986]},"properties":{"id":"node/7908399595","name":"Ashton Cleaners","group":"services","category":"shop=dry_cleaning"}},{"type":"Feature","geometry":{"type":"Point","coordinates":[-77.07479,39.02791]},"properties":{"id":"node/7964792786","name":"Kensington Clock & Watch Repair","group":"services","category":"craft=clockmaker","hours":"Mo-Sa 10:00-17:00; Su 12:00-17:00","phone":"+1 301 942 3794","website":"http://www.kensingtonclock.com/","housenumber":"10426","street":"Armory Avenue"}},{"type":"Feature","geometry":{"type":"Point","coordinates":[-77.04971,39.03795]},"properties":{"id":"node/8063422405","name":"Fresh and Pressed","group":"services","category":"shop=dry_cleaning"}},{"type":"Feature","geometry":{"type":"Point","coordinates":[-77.0517,39.04032]},"properties":{"id":"node/8063422407","name":"Chicago Bakery","group":"food","category":"shop=bakery"}},{"type":"Feature","geometry":{"type":"Point","coordinates":[-77.05161,39.04022]},"properties":{"id":"node/8063422408","name":"Lovely Hair Braiding","group":"personal_care","category":"shop=beauty"}},{"type":"Feature","geometry":{"type":"Point","coordinates":[-77.05158,39.04014]},"properties":{"id":"node/8063422409","name":"La Antigua","group":"food","category":"amenity=restaurant"}},{"type":"Feature","geometry":{"type":"Point","coordinates":[-77.05166,39.03994]},"properties":{"id":"node/8063422410","name":"Nail Perfection","group":"personal_care","category":"shop=beauty"}},{"type":"Feature","geometry":{"type":"Point","coordinates":[-77.0503,39.04004]},"properties":{"id":"node/8063422412","name":"O' Padre Cantina","group":"food","category":"amenity=restaurant"}},{"type":"Feature","geometry":{"type":"Point","coordinates":[-77.0502,39.0398]},"properties":{"id":"node/8063422413","name":"Luisa's Hair Salon","group":"personal_care","category":"shop=beauty"}},{"type":"Feature","geometry":{"type":"Point","coordinates":[-77.05119,39.04087]},"properties":{"id":"node/8063422417","name":"Wheaton Laundromat","group":"services","category":"shop=laundry"}},{"type":"Feature","geometry":{"type":"Point","coordinates":[-77.05134,39.04133]},"properties":{"id":"node/8063422419","name":"By Brazil","group":"food","category":"amenity=restaurant"}},{"type":"Feature","geometry":{"type":"Point","coordinates":[-77.05054,39.04142]},"properties":{"id":"node/8063422420","name":"New Kam Fong","group":"food","category":"amenity=restaurant"}},{"type":"Feature","geometry":{"type":"Point","coordinates":[-77.15078,39.08492]},"properties":{"id":"node/8088588646","name":"Domoishi","group":"food","category":"amenity=restaurant","cuisine":"hawaiian;japanese","housenumber":"201","street":"East Middle Lane","city":"Rockville","postcode":"20850"}},{"type":"Feature","geometry":{"type":"Point","coordinates":[-77.11087,39.09446]},"properties":{"id":"node/8208688477","name":"Villa Maya","group":"food","category":"amenity=restaurant","cuisine":"mexican","phone":"+1-301-460-1247","housenumber":"5532","street":"Norbeck Road","city":"Rockville","postcode":"20853"}},{"type":"Feature","geometry":{"type":"Point","coordinates":[-77.11064,39.09454]},"properties":{"id":"node/8208688479","name":"Village Beer & Fine Wine","group":"groceries","category":"shop=alcohol","phone":"+1-301-460-1400","housenumber":"5526","street":"Norbeck Road","city":"Rockville","postcode":"20853"}},{"type":"Feature","geometry":{"type":"Point","coordinates":[-77.13578,39.08505]},"properties":{"id":"node/8208703350","name":"Ganapati Foods","group":"food","category":"amenity=restaurant","cuisine":"indian","phone":"+1-240-418-2466","housenumber":"705","street":"First Street","city":"Rockville","postcode":"20851"}},{"type":"Feature","geometry":{"type":"Point","coordinates":[-77.13664,39.09598]},"properties":{"id":"node/8327348586","name":"Auto Truck and RV","group":"services","category":"shop=car_repair","phone":"+13012510121","website":"https://autotruckandrv.com/","housenumber":"689","street":"Lofstrand Lane","city":"Rockville","postcode":"20850"}},{"type":"Feature","geometry":{"type":"Point","coordinates":[-77.07219,39.02877]},"properties":{"id":"node/8339262998","name":"Mulheron Tree Experts","group":"services","category":"craft=gardener","phone":"+1 301 942 6700","website":"https://www.mulherontreeexperts.com","housenumber":"10563","street":"Metropolitan Avenue","city":"Kensington","postcode":"20895"}},{"type":"Feature","geometry":{"type":"Point","coordinates":[-77.07094,39.02536]},"properties":{"id":"node/8402911162","name":"Dish and Dram","group":"food","category":"amenity=restaurant","hours":"Tu-Th,Su 12:00-20:00; Fr 12:00-21:00; Sa 10:30-21:00","phone":"+1 301 962 4046","website":"https://thedishanddram.com/","housenumber":"10301","street":"Kensington Parkway","city":"Kensington","postcode":"20895"}},{"type":"Feature","geometry":{"type":"Point","coordinates":[-77.07101,39.02537]},"properties":{"id":"node/8402911163","name":"Breads Unlimited and Pizza","group":"food","category":"shop=bakery","hours":"Tu-Th 07:00-19:00; Fr, Sa 07:00-21:00; Su 09:00-19:00","phone":"+1 301 760 4660","website":"https://breadsunlimited.com","housenumber":"10303","street":"Kensington Parkway"}},{"type":"Feature","geometry":{"type":"Point","coordinates":[-77.07108,39.02539]},"properties":{"id":"node/8402911165","name":"Olive & Loom","group":"shopping","category":"shop=fabric","hours":"Tu-Sa 10:00-18:00; Su 10:00-17:00","phone":"+1-240-558-3190","website":"https://www.oliveandloom.com","housenumber":"10305","street":"Kensington Parkway"}},{"type":"Feature","geometry":{"type":"Point","coordinates":[-77.07115,39.0254]},"properties":{"id":"node/8402911166","name":"Sunflower","group":"shopping","category":"shop=clothes","hours":"Tu-Sa 10:00-17:00"}},{"type":"Feature","geometry":{"type":"Point","coordinates":[-77.07122,39.02542]},"properties":{"id":"node/8402911167","name":"Carmen's Italian Ice","group":"food","category":"amenity=ice_cream","website":"https://carmensitalianice.com/","housenumber":"10309","street":"Kensington Parkway","city":"Kensington","postcode":"20895"}},{"type":"Feature","geometry":{"type":"Point","coordinates":[-77.07138,39.02538]},"properties":{"id":"node/8402911169","name":"Johnson's Florist and Garden Center","group":"shopping","category":"shop=garden_centre","website":"https://www.johnsonsflorists.com/","housenumber":"10313","street":"Kensington Parkway","city":"Kensington","postcode":"20895"}},{"type":"Feature","geometry":{"type":"Point","coordinates":[-77.07138,39.02552]},"properties":{"id":"node/8402911178","name":"SOBE Hair Extensions","group":"personal_care","category":"shop=hairdresser","housenumber":"10315","street":"Kensington Parkway","city":"Kensington","postcode":"20895"}},{"type":"Feature","geometry":{"type":"Point","coordinates":[-77.1388,38.96936]},"properties":{"id":"node/8419362229","name":"Kanpai Sushi","group":"food","category":"amenity=restaurant","cuisine":"sushi"}},{"type":"Feature","geometry":{"type":"Point","coordinates":[-77.07433,39.02777]},"properties":{"id":"node/8500332728","name":"Kensington Row Bookshop","group":"shopping","category":"shop=books","hours":"We-Sa 11:00-17:00; Su 11:00-16:00","phone":"+1 301 949 9416","website":"https://www.kensingtonrowbookshop.com/","housenumber":"3786","street":"Howard Avenue","city":"Kensington","postcode":"20895"}},{"type":"Feature","geometry":{"type":"Point","coordinates":[-77.07288,39.02715]},"properties":{"id":"node/8500332732","name":"Modern Mobler","group":"shopping","category":"shop=antiques","hours":"Th-Su 10:30-17:30","website":"https://www.modernmobler.com/","housenumber":"3730","street":"Howard Avenue","city":"Kensington","postcode":"20895"}},{"type":"Feature","geometry":{"type":"Point","coordinates":[-77.07327,39.0273]},"properties":{"id":"node/8500332734","name":"Goldsborough Glynn Antique Furnishings & Finds","group":"shopping","category":"shop=antiques","hours":"Tu-Sa 10:30-17:30; Su 12:00-17:30","phone":"+1 301 933 4460","website":"https://www.antiquerowsisters.com/","housenumber":"3748","street":"Howard Avenue","city":"Kensington","postcode":"20895"}},{"type":"Feature","geometry":{"type":"Point","coordinates":[-77.07322,39.02728]},"properties":{"id":"node/8500332735","name":"Jill & Company Americana","group":"shopping","category":"shop=antiques","hours":"We-Sa 11:00-17:00; Su 12:00-17:00","phone":"+1 301 946 7464","housenumber":"3744","street":"Howard Avenue","city":"Kensington","postcode":"20895"}},{"type":"Feature","geometry":{"type":"Point","coordinates":[-77.07317,39.02726]},"properties":{"id":"node/8500332736","name":"Sally Shaffer Antiques","group":"shopping","category":"shop=antiques","hours":"We-Sa 11:00-17:00; Su 12:00-17:00","phone":"+1 301 933 3750","website":"https://www.sallyshafferantiques.com/","housenumber":"3742","street":"Howard Avenue","city":"Kensington","postcode":"20895"}},{"type":"Feature","geometry":{"type":"Point","coordinates":[-77.07385,39.02756]},"properties":{"id":"node/8504656176","name":"Bonjour Books","group":"shopping","category":"shop=books","hours":"Tu-Su 12:00-16:00","phone":"+1 240 383 9163","website":"https://bonjourbooksdc.com/","housenumber":"3758","street":"Howard Avenue","city":"Kensington","postcode":"20895"}},{"type":"Feature","geometry":{"type":"Point","coordinates":[-77.07427,39.02775]},"properties":{"id":"node/8504662317","name":"Tacos Don Perez","group":"food","category":"amenity=restaurant","cuisine":"mexican","hours":"Tu-Su 11:00-20:30","phone":"+1 301 875 1673","website":"https://tacosdonperez.com","housenumber":"3784","street":"Howard Avenue","city":"Kensington","postcode":"20895"}},{"type":"Feature","geometry":{"type":"Point","coordinates":[-77.07859,39.02794]},"properties":{"id":"node/8529603472","name":"La Gelatteria","group":"food","category":"amenity=cafe","cuisine":"coffee_shop;sandwich;ice_cream","hours":"Su-Th 08:00-19:00; Fr-Sa 08:00-20:00","phone":"+1 301 272 2255","website":"https://lagelatteria.com/","housenumber":"10414","street":"Detrick Avenue","city":"Kensington","postcode":"20895"}},{"type":"Feature","geometry":{"type":"Point","coordinates":[-77.0778,39.02872]},"properties":{"id":"node/8551915293","name":"Knowles Printing Services","group":"services","category":"shop=copyshop","hours":"Mo-Fr 08:00-17:00","phone":"+1-301-933-2990","website":"https://www.knowlesprinting.com/","housenumber":"10528","street":"Detrick Avenue","city":"Kensington","postcode":"20895"}},{"type":"Feature","geometry":{"type":"Point","coordinates":[-77.05083,39.00419]},"properties":{"id":"node/8657417711","name":"TW Perry","group":"shopping","category":"shop=hardware"}},{"type":"Feature","geometry":{"type":"Point","coordinates":[-77.05076,39.00447]},"properties":{"id":"node/8657417712","name":"Radial Tire Co.","group":"services","category":"shop=tyres","hours":"Mo-Fr 09:00-18:00; Sa 09:00-13:00"}},{"type":"Feature","geometry":{"type":"Point","coordinates":[-77.04928,39.00662]},"properties":{"id":"node/8657417713","name":"Warren St. Deli","group":"food","category":"shop=deli","hours":"Mo-Fr 06:00-18:00; Sa 07:00-14:00","housenumber":"9226","street":"Warren Street","city":"Silver Spring"}},{"type":"Feature","geometry":{"type":"Point","coordinates":[-77.04927,39.00655]},"properties":{"id":"node/8657417714","name":"El Viejo Central American Kitchen","group":"food","category":"amenity=restaurant","housenumber":"9224","street":"Warren Street","city":"Silver Spring"}},{"type":"Feature","geometry":{"type":"Point","coordinates":[-77.2534,39.11853]},"properties":{"id":"node/8662803843","name":"Chop Shop","group":"groceries","category":"shop=butcher","phone":"+1-301-337-6389","website":"https://www.chopshopbutcherymaryland.com/","housenumber":"12209","street":"Darnestown Rd."}},{"type":"Feature","geometry":{"type":"Point","coordinates":[-77.12254,39.05715]},"properties":{"id":"node/8735325466","name":"Great Harvest Bread Co.","group":"food","category":"shop=bakery","hours":"Mo-Fr 09:00-18:00; Sa 09:00-17:00; Su 12:00-17:00","housenumber":"12668","street":"Rockville Pike"}},{"type":"Feature","geometry":{"type":"Point","coordinates":[-77.12273,39.05715]},"properties":{"id":"node/8736087241","name":"Didi's Desi Closet","group":"shopping","category":"shop=clothes","hours":"Mo-Fr 12:00-18:00; Sa-Su 11:00-18:00","housenumber":"12668","street":"Rockville Pike","city":"Rockville","postcode":"20852"}},{"type":"Feature","geometry":{"type":"Point","coordinates":[-77.13266,39.07231]},"properties":{"id":"node/8861572643","name":"Rockville Pike Kitchen","group":"food","category":"amenity=restaurant"}},{"type":"Feature","geometry":{"type":"Point","coordinates":[-77.07452,39.02756]},"properties":{"id":"node/8960761540","name":"A&L Nails","group":"personal_care","category":"shop=beauty","housenumber":"10421","street":"Armory Avenue","city":"Kensington","postcode":"20895"}},{"type":"Feature","geometry":{"type":"Point","coordinates":[-77.09991,39.04621]},"properties":{"id":"node/8974670587","name":"Friends of the Library Bookstore","group":"shopping","category":"shop=books","hours":"Su-Fr 12:00-18:00; Sa 10:00-18:00","website":"https://www.folmc.org/bookstores/","housenumber":"4886","street":"Boiling Brook Parkway","city":"Rockville","postcode":"20852"}},{"type":"Feature","geometry":{"type":"Point","coordinates":[-77.13331,39.07133]},"properties":{"id":"node/9021616706","name":"Maruichi Japanese Grocery and Gift","group":"groceries","category":"shop=supermarket","hours":"Mo,We-Sa 10:00-19:00; Su 11:00-19:00","phone":"+1 301 545 0101","website":"https://www.maruichiusa.com/","housenumber":"1047","street":"Rockville Pike","city":"Rockville","postcode":"20852"}},{"type":"Feature","geometry":{"type":"Point","coordinates":[-77.12317,39.02344]},"properties":{"id":"node/9085153200","name":"Flower Child","group":"food","category":"amenity=restaurant","hours":"Mo-Su 11:00-20:00","website":"https://www.iamaflowerchild.com/locations/bethesda-md-wildwood-shopping-center/","housenumber":"10205","street":"Old Georgetown Road"}},{"type":"Feature","geometry":{"type":"Point","coordinates":[-77.05162,39.03915]},"properties":{"id":"node/9117998242","name":"Moby Dick Sushi","group":"food","category":"amenity=restaurant","cuisine":"sushi","hours":"Tu-Sa 11:00-15:00,16:30-21:00; Su-Mo off","phone":"+1 301-949-3910","website":"https://www.mbdsushi.com/","housenumber":"11220","street":"Triangle Lane","city":"Wheaton","postcode":"20902"}},{"type":"Feature","geometry":{"type":"Point","coordinates":[-77.05143,39.03921]},"properties":{"id":"node/9117998243","name":"Manny & Olga's","group":"food","category":"amenity=restaurant","cuisine":"pizza"}},{"type":"Feature","geometry":{"type":"Point","coordinates":[-77.1383,38.96634]},"properties":{"id":"node/9149543095","name":"Photoworks","group":"services","category":"craft=photographic_laboratory"}},{"type":"Feature","geometry":{"type":"Point","coordinates":[-77.13827,38.96668]},"properties":{"id":"node/9149543102","name":"SilverWorks","group":"services","category":"craft=silversmith"}},{"type":"Feature","geometry":{"type":"Point","coordinates":[-77.20811,39.0187]},"properties":{"id":"node/9164758251","name":"Big Wheel Bikes","group":"shopping","category":"shop=bicycle","housenumber":"9931","street":"Falls Road","city":"Potomac","postcode":"20854"}},{"type":"Feature","geometry":{"type":"Point","coordinates":[-77.10133,39.04787]},"properties":{"id":"node/9222619415","name":"Kid to Kid - Rockville","group":"shopping","category":"shop=clothes","housenumber":"11711","street":"Parklawn Drive","city":"Rockville","postcode":"20852"}},{"type":"Feature","geometry":{"type":"Point","coordinates":[-77.18474,39.11352]},"properties":{"id":"node/9253740717","name":"Naked Lunch","group":"food","category":"amenity=restaurant","housenumber":"10","street":"Upper Rock Circle","city":"Rockville","postcode":"20850"}},{"type":"Feature","geometry":{"type":"Point","coordinates":[-77.08165,39.03023]},"properties":{"id":"node/9258773047","name":"Kensington Simca Service","group":"services","category":"shop=car_repair","hours":"Mo-Fr 10:00-20:00","phone":"+1 301 564 1377","housenumber":"4114","street":"Howard Avenue","city":"Kensington","postcode":"20895"}},{"type":"Feature","geometry":{"type":"Point","coordinates":[-77.08274,39.03103]},"properties":{"id":"node/9258773048","name":"Kensington Market Wholesale","group":"shopping","category":"shop=wholesale","phone":"+1 301 986 9692","website":"https://www.kensingtonmdmarket.com","housenumber":"4215","street":"Howard Avenue","city":"Kensington","postcode":"20895"}},{"type":"Feature","geometry":{"type":"Point","coordinates":[-77.0828,39.03105]},"properties":{"id":"node/9258773049","name":"Kensington Market Retail","group":"groceries","category":"shop=butcher","hours":"Tu-Sa 10:00-19:00; Su 10:00-17:00","phone":"+1 301 328 1248","website":"https://www.kensingtonmdmarket.com","housenumber":"4215","street":"Howard Avenue","city":"Kensington","postcode":"20895"}},{"type":"Feature","geometry":{"type":"Point","coordinates":[-77.07806,39.02922]},"properties":{"id":"node/9258784612","name":"Carlos Auto Service","group":"services","category":"shop=car_repair","hours":"Mo-Fr 08:00-18:00"}},{"type":"Feature","geometry":{"type":"Point","coordinates":[-77.11739,39.05492]},"properties":{"id":"node/9402620519","name":"honeygrow","group":"food","category":"amenity=restaurant","hours":"Mo-Sa 10:30-22:30; Su 10:30-21:30","website":"https://www.honeygrow.com/location/rockville/","housenumber":"12035","street":"Rockville Pike"}},{"type":"Feature","geometry":{"type":"Point","coordinates":[-77.1278,39.06264]},"properties":{"id":"node/9514006733","name":"Z16 Barbershop","group":"personal_care","category":"shop=hairdresser","hours":"Mo-Sa 10:00-19:00; Su off","housenumber":"158","street":"Congressional Lane"}},{"type":"Feature","geometry":{"type":"Point","coordinates":[-77.1413,39.07691]},"properties":{"id":"node/9516641093","name":"Kiin Imm Thai","group":"food","category":"amenity=restaurant","cuisine":"thai","hours":"Mo-Fr 11:30-14:30,16:00-21:30; Sa 11:30-22:00; Su 11:30-21:00","website":"https://www.kiinimmthai.com/","housenumber":"785","street":"Rockville Pike"}},{"type":"Feature","geometry":{"type":"Point","coordinates":[-77.07805,39.0284]},"properties":{"id":"node/9643558718","name":"Window Showroom","group":"services","category":"craft=glaziery"}},{"type":"Feature","geometry":{"type":"Point","coordinates":[-77.07801,39.02851]},"properties":{"id":"node/9643558719","name":"Grocerylanka","group":"groceries","category":"shop=convenience","cuisine":"sri_lankan","phone":"+1 301-603-2191","website":"https://www.grocerylanka.com/","housenumber":"10518","street":"Detrick Avenue","city":"Kensington","postcode":"20895"}},{"type":"Feature","geometry":{"type":"Point","coordinates":[-77.07798,39.02859]},"properties":{"id":"node/9643558720","name":"Anytime Alterations","group":"services","category":"shop=tailor"}},{"type":"Feature","geometry":{"type":"Point","coordinates":[-77.07786,39.02861]},"properties":{"id":"node/9643558721","name":"Jendell Construction, Inc.","group":"services","category":"craft=builder","phone":"+1 301 942 3600","website":"https://www.jendell.com"}},{"type":"Feature","geometry":{"type":"Point","coordinates":[-77.07772,39.02904]},"properties":{"id":"node/9643558723","name":"Davis & Davis Air Conditioning and Heating Inc.","group":"services","category":"craft=hvac","hours":"Mo-Fr 07:30-16:30; Sa 08:00-12:00","phone":"+1 301 942 7210","website":"https://www.davisanddavisinc.com/","housenumber":"10530","street":"Detrick Avenue","city":"Kensington","postcode":"20895"}},{"type":"Feature","geometry":{"type":"Point","coordinates":[-77.07848,39.02792]},"properties":{"id":"node/9643583266","name":"Pets are Home","group":"shopping","category":"shop=pet","hours":"Mo-Fr 10:00-20:00; Sa 09:00-20:00; Su 10:00-18:00","phone":"+1-301-933-8272","website":"https://petsarehome.com","housenumber":"10414","street":"Detrick Avenue","city":"Kensington","postcode":"20895"}},{"type":"Feature","geometry":{"type":"Point","coordinates":[-77.07264,39.03345]},"properties":{"id":"node/9646411261","name":"Brisket Root & Flavor","group":"food","category":"amenity=fast_food","cuisine":"latin_american","housenumber":"3700","street":"University Boulevard West","city":"Kensington","postcode":"20895"}},{"type":"Feature","geometry":{"type":"Point","coordinates":[-77.12405,39.06117]},"properties":{"id":"node/9666372759","name":"Relax The Back","group":"shopping","category":"shop=furniture","hours":"Mo-Sa 10:00-18:00; Su 12:30-17:30","phone":"+1-301-230-2225","website":"https://relaxtheback.com/pages/rockville","housenumber":"1701","street":"Rockville Pike","city":"Rockville","postcode":"20852"}},{"type":"Feature","geometry":{"type":"Point","coordinates":[-77.06739,39.00342]},"properties":{"id":"node/9688397250","name":"Woodend Nature Shop","group":"shopping","category":"shop=gift","hours":"Mo-Sa 11:00-15:00","phone":"+1 301 652 3606","website":"https://nature-forward.square.site/","housenumber":"8940","street":"Jones Mill Road","city":"Chevy Chase","postcode":"20815"}},{"type":"Feature","geometry":{"type":"Point","coordinates":[-77.07361,39.02746]},"properties":{"id":"node/9795369230","name":"SW7","group":"shopping","category":"shop=antiques","hours":"Tu-Sa 10:00-17:00; Su 12:00-17:00","phone":"+1 240 274 6448","website":"https://sw7.design/","housenumber":"3750","street":"Howard Avenue","city":"Kensington","postcode":"20895"}},{"type":"Feature","geometry":{"type":"Point","coordinates":[-77.1415,39.07704]},"properties":{"id":"node/9795576808","name":"Pupuseria Mam\u00e1 Emilia","group":"food","category":"amenity=restaurant","cuisine":"salvadoran","hours":"Mo-Th 10:30-22:00; Fr-Su 09:00-22:00","phone":"+1 301-605-7063","housenumber":"785","street":"Rockville Pike","city":"Rockville","postcode":"20852"}},{"type":"Feature","geometry":{"type":"Point","coordinates":[-77.15909,39.06164]},"properties":{"id":"node/9833279539","name":"Quincy's Potomac Bar & Grille","group":"food","category":"amenity=restaurant","website":"https://www.quincyspotomac.com/","housenumber":"1093","street":"Seven Locks Road","city":"Potomac","postcode":"20854"}},{"type":"Feature","geometry":{"type":"Point","coordinates":[-77.17459,39.09176]},"properties":{"id":"node/9878720364","name":"Shanghai Taste","group":"food","category":"amenity=restaurant","cuisine":"chinese;sushi","hours":"Tu-Su 11:00-21:00","phone":"+1 301 279 0806","website":"https://shanghaitaste1121.wixsite.com/website","housenumber":"1121","street":"Nelson Street","city":"Rockville","postcode":"20850"}},{"type":"Feature","geometry":{"type":"Point","coordinates":[-77.10806,39.05117]},"properties":{"id":"node/9878729456","name":"Conlon's Automotive","group":"services","category":"shop=car_repair","phone":"+1-301-816-0355","housenumber":"12041","street":"Nebel Street"}},{"type":"Feature","geometry":{"type":"Point","coordinates":[-77.07085,39.02724]},"properties":{"id":"node/9948150603","name":"Frame Avenue Design Studio","group":"shopping","category":"shop=frame","website":"https://www.frameavenuedesign.com","housenumber":"10501","street":"Metropolitan Avenue","city":"Kensington"}},{"type":"Feature","geometry":{"type":"Point","coordinates":[-77.07667,39.03047]},"properties":{"id":"node/9984414180","name":"Kensington Auto Body","group":"services","category":"shop=car_repair"}},{"type":"Feature","geometry":{"type":"Point","coordinates":[-77.07584,39.0306]},"properties":{"id":"node/9984414189","name":"Gene's Costumes","group":"shopping","category":"shop=party"}},{"type":"Feature","geometry":{"type":"Point","coordinates":[-77.13525,39.09302]},"properties":{"id":"node/10018626699","name":"Granite & Marble Gems Inc","group":"shopping","category":"shop=granite","housenumber":"1151","street":"Taft Street","city":"Rockville","postcode":"20850"}},{"type":"Feature","geometry":{"type":"Point","coordinates":[-77.15322,39.06638]},"properties":{"id":"node/10065630173","name":"Stanford Grill","group":"food","category":"amenity=restaurant","cuisine":"american","hours":"Mo-Th 11:30-21:00; Fr 11:30-22:00; Sa 12:00-22:00; Su 12:00-21:00","phone":"+1-240-582-1000","website":"https://thestanfordgrill.com/rockville/"}},{"type":"Feature","geometry":{"type":"Point","coordinates":[-77.07407,39.02767]},"properties":{"id":"node/10101195358","name":"Shoe Repair of Kensington","group":"services","category":"shop=shoe_repair","hours":"Mo-Fr 09:30-17:30; Sa 09:30-17:00","phone":"+1 301 946 7042","website":"https://explorekensington.com/shoe-repair-of-kensington/","housenumber":"3768","street":"Howard Avenue","city":"Kensington","postcode":"20895"}},{"type":"Feature","geometry":{"type":"Point","coordinates":[-77.14488,39.14498]},"properties":{"id":"node/10119939334","name":"La Brasita","group":"food","category":"amenity=restaurant","hours":"Mo-Sa 11:00-21:00","phone":"+1-301-569-6333","website":"https://www.labrasita.com/","housenumber":"7206","street":"Muncaster Mill Road"}},{"type":"Feature","geometry":{"type":"Point","coordinates":[-77.11637,39.04989]},"properties":{"id":"node/10120025922","name":"Owen's Ordinary","group":"food","category":"amenity=restaurant","cuisine":"american","website":"https://www.owensordinarymd.com/"}},{"type":"Feature","geometry":{"type":"Point","coordinates":[-77.1166,39.04934]},"properties":{"id":"node/10120025923","name":"Commonwealth Indian","group":"food","category":"amenity=restaurant","cuisine":"indian","website":"https://commonwealthindian.com/"}},{"type":"Feature","geometry":{"type":"Point","coordinates":[-77.11696,39.0498]},"properties":{"id":"node/10120025924","name":"Summer House Santa Monica","group":"food","category":"amenity=restaurant","cuisine":"american","website":"https://www.summerhouserestaurants.com/north-bethesda/"}},{"type":"Feature","geometry":{"type":"Point","coordinates":[-77.11776,39.04908]},"properties":{"id":"node/10120034929","name":"Roaming Rooster","group":"food","category":"amenity=fast_food","cuisine":"chicken","website":"https://www.roamingroosterdc.com/location/roaming-rooster-pike-rose/"}},{"type":"Feature","geometry":{"type":"Point","coordinates":[-77.11741,39.05111]},"properties":{"id":"node/10120059262","name":"Julii","group":"food","category":"amenity=restaurant","cuisine":"french;mediterranean","hours":"Mo-Th 11:00-14:30,16:00-22:00; Fr-Sa 11:00-22:30; Su 11:00-22:00","phone":"+1 301-517-9090","website":"https://www.julii.com/","housenumber":"11915","street":"Grand Park Avenue"}},{"type":"Feature","geometry":{"type":"Point","coordinates":[-77.11198,39.04285]},"properties":{"id":"node/10169152917","name":"Lao Sze Chuan","group":"food","category":"amenity=restaurant","cuisine":"chinese","hours":"Mo-Su 12:00-15:00, 17:00-22:00","website":"https://www.laoszechuandmv.com/","housenumber":"20","street":"Paseo Drive","postcode":"20852"}},{"type":"Feature","geometry":{"type":"Point","coordinates":[-77.14868,39.08891]},"properties":{"id":"node/10239334776","name":"Xu Strings","group":"services","category":"craft=musical_instrument","hours":"Mo-Sa 11:00-21:00","phone":"+1 240 475 6789","website":"https://www.xustrings.com/","housenumber":"326","street":"North Stonestreet Avenue","city":"Rockville","postcode":"20850"}},{"type":"Feature","geometry":{"type":"Point","coordinates":[-77.13894,39.1011]},"properties":{"id":"node/10247315187","name":"Trible's","group":"shopping","category":"shop=appliance","hours":"Mo-Fr 08:30-17:00, Sa 09:00-13:00","phone":"+13012519611","housenumber":"850","street":"East Gude Drive","city":"Rockville","postcode":"20850"}},{"type":"Feature","geometry":{"type":"Point","coordinates":[-77.07839,39.02886]},"properties":{"id":"node/10257735645","name":"Mustache Mechanics","group":"services","category":"shop=car_repair","hours":"Mo-Fr 09:00-18:00; Sa 09:00-15:00","phone":"+1 301 814 0356","housenumber":"10523","street":"Summit Avenue","city":"Kensington","postcode":"20895"}},{"type":"Feature","geometry":{"type":"Point","coordinates":[-77.13284,39.07088]},"properties":{"id":"node/10271900250","name":"La Lime\u00f1a Grill","group":"food","category":"amenity=restaurant","cuisine":"peruvian","hours":"Mo-Th,Su 11:00-21:00; Fr-Sa 11:00-22:00","housenumber":"1093","street":"Rockville Pike"}},{"type":"Feature","geometry":{"type":"Point","coordinates":[-77.133,39.0711]},"properties":{"id":"node/10271900251","name":"Talbot Beer & Wine","group":"groceries","category":"shop=alcohol","hours":"Mo-Sa 11:00-01:00; Su 11:00-24:00","housenumber":"1069","street":"Rockville Pike"}},{"type":"Feature","geometry":{"type":"Point","coordinates":[-77.13307,39.07118]},"properties":{"id":"node/10271900252","name":"Electrolux","group":"shopping","category":"shop=electronics","hours":"Mo-We 10:00-18:00; Th-Sa 10:00-17:00; Su off","housenumber":"1067","street":"Rockville Pike"}},{"type":"Feature","geometry":{"type":"Point","coordinates":[-77.13311,39.07122]},"properties":{"id":"node/10271900253","name":"Brothers Sew & Vac","group":"services","category":"shop=laundry","hours":"Mo-Fr 07:00-18:00; Sa 08:00-17:00; Su off","housenumber":"1061","street":"Rockville Pike"}},{"type":"Feature","geometry":{"type":"Point","coordinates":[-77.13312,39.07125]},"properties":{"id":"node/10271900254","name":"Dan's Fan City","group":"shopping","category":"shop=electrical","hours":"Mo,Th-Sa 10:00-17:00; Tu-We off; Su 12:00-17:00","phone":"+1 301-424-4383","housenumber":"1059","street":"Rockville Pike"}},{"type":"Feature","geometry":{"type":"Point","coordinates":[-77.13324,39.07139]},"properties":{"id":"node/10271900257","name":"Temario Japanese Cafe","group":"food","category":"amenity=restaurant","cuisine":"japanese","hours":"Mo,We-Fr,Su 11:30-14:30; Tu off; Sa 11:30-15:00","housenumber":"1043","street":"Rockville Pike"}},{"type":"Feature","geometry":{"type":"Point","coordinates":[-77.07737,39.02826]},"properties":{"id":"node/10293950657","name":"Moby Dick House of Kabob","group":"food","category":"amenity=restaurant","website":"https://www.mobyskabob.com/"}},{"type":"Feature","geometry":{"type":"Point","coordinates":[-77.12967,39.10349]},"properties":{"id":"node/10302641687","name":"Village Grille","group":"food","category":"amenity=restaurant","cuisine":"american;coffee_shop;mexican","hours":"Mo-Fr 16:00-21:00; Sa-Su 07:00-21:00","phone":"+1-202-213-0392","website":"https://www.rockville-village-grille.com/","housenumber":"50","street":"Southlawn Court","city":"Rockville","postcode":"20855"}},{"type":"Feature","geometry":{"type":"Point","coordinates":[-77.12938,39.10307]},"properties":{"id":"node/10302641688","name":"East Coast Hockey & Skating Supply","group":"shopping","category":"shop=sports","hours":"Mo-Fr 14:00-22:00; Sa-Su 08:00-21:00","phone":"+1-301-610-7500","website":"https://www.echockeyandskating.com/location-rockville/","housenumber":"50","street":"Southlawn Ct","city":"Rockville","postcode":"20855"}},{"type":"Feature","geometry":{"type":"Point","coordinates":[-77.15868,39.04101]},"properties":{"id":"node/10570749016","name":"Colada Shop","group":"food","category":"amenity=cafe","cuisine":"cuban","hours":"Su-Th 08:00-20:00; Fr-Sa 08:00-21:00","phone":"+1-240-332-8870","website":"https://www.coladashop.com/","housenumber":"7993","street":"Tuckerman Lane","city":"Potomac","postcode":"20854"}},{"type":"Feature","geometry":{"type":"Point","coordinates":[-77.07305,39.02719]},"properties":{"id":"node/10659832599","name":"Pink Dot","group":"shopping","category":"shop=fashion_accessories","hours":"Tu-Fr 10:30-17:00; Sa 10:00-17:00","phone":"+1 240 558 3474","website":"https://pinkdotstyles.com/","housenumber":"3734","street":"Howard Avenue","city":"Kensington","postcode":"20895"}},{"type":"Feature","geometry":{"type":"Point","coordinates":[-77.12746,39.06289]},"properties":{"id":"node/10681502951","name":"Cartoon Cuts","group":"personal_care","category":"shop=hairdresser"}},{"type":"Feature","geometry":{"type":"Point","coordinates":[-77.12741,39.06291]},"properties":{"id":"node/10681502952","name":"Custom Ink","group":"personal_care","category":"shop=tattoo"}},{"type":"Feature","geometry":{"type":"Point","coordinates":[-77.12789,39.06259]},"properties":{"id":"node/10682159558","name":"Banana Leaves Cafe","group":"food","category":"amenity=cafe"}},{"type":"Feature","geometry":{"type":"Point","coordinates":[-77.12773,39.06267]},"properties":{"id":"node/10682159559","name":"Fairytale Brides","group":"shopping","category":"shop=clothes","hours":"Mo-Tu,Th 10:00-19:00; We,Su off; Fr 16:00-18:00; Sa 10:00-17:00"}},{"type":"Feature","geometry":{"type":"Point","coordinates":[-77.12734,39.06319]},"properties":{"id":"node/10682185509","name":"Hinode","group":"food","category":"amenity=restaurant","cuisine":"japanese"}},{"type":"Feature","geometry":{"type":"Point","coordinates":[-77.12755,39.06293]},"properties":{"id":"node/10682185510","name":"Beer & Wine Cellar","group":"groceries","category":"shop=wine"}},{"type":"Feature","geometry":{"type":"Point","coordinates":[-77.11642,39.04936]},"properties":{"id":"node/10711291402","name":"Mirage Nails & Waxing","group":"personal_care","category":"shop=beauty","phone":"+1 301-881-7100","housenumber":"11610","street":"Old Georgetown Road"}},{"type":"Feature","geometry":{"type":"Point","coordinates":[-77.1244,39.05903]},"properties":{"id":"node/10717303526","name":"Polish Spa & Nails","group":"personal_care","category":"shop=beauty","housenumber":"149","street":"Rollins Avenue"}},{"type":"Feature","geometry":{"type":"Point","coordinates":[-77.11092,39.05234]},"properties":{"id":"node/10731412445","name":"Planet Aid","group":"shopping","category":"shop=second_hand","hours":"Mo-Sa 10:00-20:00; Su 11:00-19:00","phone":"+1 443-251-2053","website":"https://planetaid.org","housenumber":"5520","street":"Randolph Road"}},{"type":"Feature","geometry":{"type":"Point","coordinates":[-77.07418,39.02771]},"properties":{"id":"node/10746427493","name":"G&G Antiques & Collectables","group":"shopping","category":"shop=antiques","hours":"Mo-Sa 11:00-17:00; Su 12:00-17:00","phone":"+12406459029","website":"https://www.kensingtonantiquerow.com/shops/georginas-gg-antiques/","housenumber":"3776","street":"Howard Avenue","city":"Kensington","postcode":"20895"}},{"type":"Feature","geometry":{"type":"Point","coordinates":[-77.07413,39.02769]},"properties":{"id":"node/10746442912","name":"Raffie Jeweler","group":"shopping","category":"shop=jewelry","hours":"Tu-Sa 10:00-17:00; Su \"by appointment\"; Mo closed","phone":"+1 301 949 0490","housenumber":"3774","street":"Howard Avenue","city":"Kensington","postcode":"20895"}},{"type":"Feature","geometry":{"type":"Point","coordinates":[-77.07835,39.02892]},"properties":{"id":"node/10748530279","name":"Red Ginger","group":"food","category":"amenity=restaurant","cuisine":"chinese","hours":"Tu-Th 11:00-22:00; Fr-Sa 11:00-22:30; Su 12:00-22:00","phone":"+1 301 896 0732","housenumber":"10525","street":"Summit Avenue","city":"Kensington","postcode":"20895"}},{"type":"Feature","geometry":{"type":"Point","coordinates":[-77.11738,39.05648]},"properties":{"id":"node/10763515978","name":"Home Depot Design Center","group":"shopping","category":"shop=kitchen","hours":"Mo-Sa 10:00-19:00; Su 10:00-18:00","phone":"+1 301-692-3700","housenumber":"12087","street":"Rockville Pike"}},{"type":"Feature","geometry":{"type":"Point","coordinates":[-77.14624,39.08299]},"properties":{"id":"node/10772147176","name":"Rich's Cafe","group":"food","category":"amenity=cafe"}},{"type":"Feature","geometry":{"type":"Point","coordinates":[-77.04955,39.05936]},"properties":{"id":"node/10773917564","name":"Tacos Don Perez","group":"food","category":"amenity=restaurant","cuisine":"mexican","hours":"Mo off; Tu-Su 11:30-20:30","phone":"+1 301 337 1216","website":"https://www.tacosdonperez.com/","housenumber":"12321","street":"Georgia Avenue","city":"Silver Spring","postcode":"20906"}},{"type":"Feature","geometry":{"type":"Point","coordinates":[-77.15333,39.08467]},"properties":{"id":"node/10789206239","name":"East Dumpling House","group":"food","category":"amenity=restaurant","cuisine":"chinese","website":"https://www.eastdumplingmd.com/"}},{"type":"Feature","geometry":{"type":"Point","coordinates":[-77.08391,39.0311]},"properties":{"id":"node/10803291465","name":"Mitch Carr's Mercedes Benz Repair","group":"services","category":"shop=car_repair","hours":"Mo-Fr 08:00-18:00","phone":"+1 301 493 9460","website":"https://mitchcarr.com/","housenumber":"4232","street":"Howard Avenue","city":"Kensington","postcode":"20895"}},{"type":"Feature","geometry":{"type":"Point","coordinates":[-77.08345,39.03092]},"properties":{"id":"node/10803291467","name":"Bamboo Cafe","group":"food","category":"amenity=cafe","cuisine":"breakfast;mexican;burger;salad;sandwich","hours":"Mo-Sa 06:00-17:00","phone":"+1 240 534 2112","website":"https://website--540932349384862782471-restaurant.business.site/","housenumber":"4222","street":"Howard Avenue","city":"Kensington","postcode":"20895"}},{"type":"Feature","geometry":{"type":"Point","coordinates":[-77.0831,39.03084]},"properties":{"id":"node/10803313812","name":"Jahann & Sons Persian Rugs","group":"shopping","category":"shop=carpet","hours":"Mo-Fr 09:00-18:00; Sa 10:00-18:00; Su 12:00-16:00","phone":"+1 301 530 6660","website":"https://jahannandsons.com/","housenumber":"4210","street":"Howard Avenue","city":"Kensington","postcode":"20895"}},{"type":"Feature","geometry":{"type":"Point","coordinates":[-77.1921,39.09656]},"properties":{"id":"node/10813009494","name":"St.Veg","group":"food","category":"amenity=restaurant","hours":"Mo-Sa 11:00-20:00","phone":"+1-301-605-7511","website":"https://stveg.com/","housenumber":"14929","street":"Shady Grove Road","city":"Rockville","postcode":"20850"}},{"type":"Feature","geometry":{"type":"Point","coordinates":[-77.22514,39.08515]},"properties":{"id":"node/10858076543","name":"Apna Pizza","group":"food","category":"amenity=restaurant","cuisine":"pizza;indian","hours":"Su-Mo,We-Th 11:00-21:00; Fr-Sa 11:00-22:00","phone":"+13012512762","website":"https://apnapizzadmv.com","housenumber":"14050","street":"Travilah Road","city":"Montgomery","postcode":"20850"}},{"type":"Feature","geometry":{"type":"Point","coordinates":[-77.05144,39.04216]},"properties":{"id":"node/10863776715","name":"Regina's Mediterranean Restaurant","group":"food","category":"amenity=restaurant","cuisine":"mediterranean;italian"}},{"type":"Feature","geometry":{"type":"Point","coordinates":[-77.13871,39.09821]},"properties":{"id":"node/10872198720","name":"Twin Valley Distillers","group":"food","category":"craft=distillery","hours":"Tu-Fr 08:00-16:00; Sa, Su 12:00-17:00","phone":"+1-240-386-8741","website":"https://twinvalleyd.com","housenumber":"1029","street":"East Gude Drive"}},{"type":"Feature","geometry":{"type":"Point","coordinates":[-77.07056,39.02702]},"properties":{"id":"node/10905847348","name":"Sentral Services","group":"services","category":"craft=cleaning","phone":"+1 301 339 0517","website":"https://www.sentralservices.com/","housenumber":"10441","street":"Metropolitan Avenue","city":"Kensington","postcode":"20895"}},{"type":"Feature","geometry":{"type":"Point","coordinates":[-77.07047,39.02698]},"properties":{"id":"node/10905847349","name":"Excel Residential Services","group":"services","category":"craft=builder","website":"https://www.excelrs.net","housenumber":"10441","street":"Metropolitan Avenue","city":"Kensington","postcode":"20895"}},{"type":"Feature","geometry":{"type":"Point","coordinates":[-77.16432,39.12425]},"properties":{"id":"node/10935306127","name":"Inspire Nail Bar & Spa","group":"personal_care","category":"shop=beauty","hours":"Mo-Fr 09:30-20:00; Sa 09:00-19:00; Su 10:00-16:00"}},{"type":"Feature","geometry":{"type":"Point","coordinates":[-77.1645,39.12395]},"properties":{"id":"node/10935306129","name":"Westside Wine Cellar & Beer","group":"groceries","category":"shop=wine","hours":"Mo-Th 11:00-21:00; Fr-Sa 11:00-22:00; Su 11:00-20:00","housenumber":"8010","street":"Gramercy Boulevard"}},{"type":"Feature","geometry":{"type":"Point","coordinates":[-77.04775,39.04164]},"properties":{"id":"node/10979494184","name":"Brother Chinese","group":"food","category":"amenity=fast_food","cuisine":"chinese","hours":"Mo off; Tu-Th 11:00-22:00; Fr-Sa 11:00-23:00; Su 11:30-22:30","phone":"+1 301-962-1269;+1 301-962-1267","website":"https://www.brothermd.com/","housenumber":"11401","street":"Amherst Avenue","city":"Wheaton","postcode":"20902"}},{"type":"Feature","geometry":{"type":"Point","coordinates":[-77.04773,39.04168]},"properties":{"id":"node/10979494185","name":"Ren's Ramen","group":"food","category":"amenity=restaurant","cuisine":"japanese","hours":"We-Mo 11:30-15:00,16:30-21:00; Tu off","phone":"+1 301-933-3725","website":"https://rens-ramen.restaurants-world.com/","housenumber":"11403","street":"Amherst Avenue","city":"Wheaton","postcode":"20902"}},{"type":"Feature","geometry":{"type":"Point","coordinates":[-77.05261,39.03922]},"properties":{"id":"node/10979539541","name":"Frank's Burgers","group":"food","category":"amenity=restaurant","cuisine":"american;sandwich;burger","hours":"Mo-Su 11:00-21:00","phone":"+1-240-833-8752","website":"https://www.franksburgersatwheaton.com/","housenumber":"11230","street":"Grandview Avenue","city":"Wheaton"}},{"type":"Feature","geometry":{"type":"Point","coordinates":[-77.07364,39.02818]},"properties":{"id":"node/10979841870","name":"Petals to the Metal","group":"shopping","category":"shop=florist","hours":"Mo-Fr 07:30-17:00; Sa 07:30-13:00","phone":"+1 202-701-5596","website":"https://petalstothemetalflorist.com","housenumber":"10580","street":"Metropolitan Avenue"}},{"type":"Feature","geometry":{"type":"Point","coordinates":[-77.15326,39.08527]},"properties":{"id":"node/11068823572","name":"Davis Ford Heating & Air Conditioning","group":"services","category":"craft=hvac","hours":"Mo-Sa 08:00-17:00","phone":"+1 833-455-5127","website":"https://www.davis-ford.com/","housenumber":"110","street":"North Washington Street","city":"Rockville","postcode":"20850"}},{"type":"Feature","geometry":{"type":"Point","coordinates":[-77.15398,39.08889]},"properties":{"id":"node/11072076231","name":"Class 520 Thai Ice Cream","group":"food","category":"amenity=ice_cream"}},{"type":"Feature","geometry":{"type":"Point","coordinates":[-77.0816,39.03031]},"properties":{"id":"node/11077804927","name":"Boogaerts Fine Cabinetry","group":"services","category":"craft=carpenter"}},{"type":"Feature","geometry":{"type":"Point","coordinates":[-77.08088,39.0308]},"properties":{"id":"node/11077808145","name":"Radial Tire Distributors","group":"services","category":"shop=tyres"}},{"type":"Feature","geometry":{"type":"Point","coordinates":[-77.08111,39.03061]},"properties":{"id":"node/11077808493","name":"ABC Rug Gallery","group":"shopping","category":"shop=carpet"}},{"type":"Feature","geometry":{"type":"Point","coordinates":[-77.08138,39.03028]},"properties":{"id":"node/11077808917","name":"Ivan's Auto Repair","group":"services","category":"shop=car_repair"}},{"type":"Feature","geometry":{"type":"Point","coordinates":[-77.08107,39.03027]},"properties":{"id":"node/11077809151","name":"B&A Auto & Body Repair","group":"services","category":"shop=car_repair"}},{"type":"Feature","geometry":{"type":"Point","coordinates":[-77.08153,39.03029]},"properties":{"id":"node/11077809152","name":"Bump 'n Grind Coffee","group":"food","category":"shop=coffee"}},{"type":"Feature","geometry":{"type":"Point","coordinates":[-77.08121,39.03065]},"properties":{"id":"node/11077810449","name":"image360","group":"services","category":"craft=signmaker"}},{"type":"Feature","geometry":{"type":"Point","coordinates":[-77.08176,39.03033]},"properties":{"id":"node/11077812271","name":"C&W Auto Body","group":"services","category":"shop=car_repair"}},{"type":"Feature","geometry":{"type":"Point","coordinates":[-77.08077,39.03025]},"properties":{"id":"node/11077813150","name":"Hoover-Fisher Florist","group":"shopping","category":"shop=florist"}},{"type":"Feature","geometry":{"type":"Point","coordinates":[-77.08065,39.03024]},"properties":{"id":"node/11077815227","name":"Joe's Auto Body","group":"services","category":"shop=car_repair"}},{"type":"Feature","geometry":{"type":"Point","coordinates":[-77.08113,39.03029]},"properties":{"id":"node/11077815228","name":"Metro Plating and Polishing","group":"services","category":"craft=metal_construction"}},{"type":"Feature","geometry":{"type":"Point","coordinates":[-77.08145,39.03031]},"properties":{"id":"node/11077815753","name":"Elite Auto Spa","group":"services","category":"shop=car_repair"}},{"type":"Feature","geometry":{"type":"Point","coordinates":[-77.21052,39.01712]},"properties":{"id":"node/11108701895","name":"Moby Dick House of Kebab","group":"food","category":"amenity=fast_food","cuisine":"kebab","housenumber":"9812","street":"Falls Road","postcode":"20854"}},{"type":"Feature","geometry":{"type":"Point","coordinates":[-77.21072,39.01731]},"properties":{"id":"node/11108701897","name":"Fire Wok","group":"food","category":"amenity=restaurant","cuisine":"asian","housenumber":"9812","street":"Falls Road","postcode":"20854"}},{"type":"Feature","geometry":{"type":"Point","coordinates":[-77.20941,39.01668]},"properties":{"id":"node/11108701902","name":"Montgomery County Liquor & Wine","group":"groceries","category":"shop=alcohol","hours":"Mo-Sa 10:00-21:00; Su 12:00-17:00","housenumber":"10132","street":"River Road","postcode":"20854"}},{"type":"Feature","geometry":{"type":"Point","coordinates":[-77.20924,39.01646]},"properties":{"id":"node/11108701903","name":"Duke's Grocery","group":"food","category":"amenity=pub","cuisine":"british;american","hours":"Mo-Th 11:30-21:30; Fr 11:30-22:00; Sa 10:00-22:00; Su 10:00-21:30","phone":"+1-240-403-7342","website":"https://www.dukesgrocery.com/copy-of-dupont-circle-menus","housenumber":"10128","street":"River Road","city":"Potomac","postcode":"20854"}},{"type":"Feature","geometry":{"type":"Point","coordinates":[-77.20817,39.01673]},"properties":{"id":"node/11108714006","name":"George's Barber Stylist","group":"personal_care","category":"shop=hairdresser","hours":"Mo-Fr 09:00-18:00; Sa 08:30-17:00","housenumber":"10102A","street":"River Road","postcode":"20854"}},{"type":"Feature","geometry":{"type":"Point","coordinates":[-77.20813,39.01859]},"properties":{"id":"node/11108714008","name":"Tally-Ho","group":"food","category":"amenity=fast_food","cuisine":"pizza","hours":"Mo-Fr 07:00-21:00; Sa 08:00-21:00; Su 09:00-21:00"}},{"type":"Feature","geometry":{"type":"Point","coordinates":[-77.20811,39.01864]},"properties":{"id":"node/11108714009","name":"En Bistro & Sushi","group":"food","category":"amenity=restaurant","cuisine":"sushi"}},{"type":"Feature","geometry":{"type":"Point","coordinates":[-77.20818,39.01843]},"properties":{"id":"node/11108714010","name":"Village Nail Studio","group":"personal_care","category":"shop=beauty"}},{"type":"Feature","geometry":{"type":"Point","coordinates":[-77.13768,39.09515]},"properties":{"id":"node/11110233169","name":"Rollin Supply","group":"services","category":"craft=window_construction"}},{"type":"Feature","geometry":{"type":"Point","coordinates":[-77.13791,39.09477]},"properties":{"id":"node/11110233170","name":"Kenwood Auto Body","group":"services","category":"shop=car_repair"}},{"type":"Feature","geometry":{"type":"Point","coordinates":[-77.13825,39.09452]},"properties":{"id":"node/11110233179","name":"Fleming's Ultimate Garage","group":"shopping","category":"shop=car"}},{"type":"Feature","geometry":{"type":"Point","coordinates":[-77.13719,39.09364]},"properties":{"id":"node/11110233183","name":"Gary Simpson Furniture Service","group":"services","category":"craft=furniture_repair","housenumber":"1017","street":"Taft Street"}},{"type":"Feature","geometry":{"type":"Point","coordinates":[-77.13692,39.09355]},"properties":{"id":"node/11110233184","name":"RS Rubber Stamp & Engraving","group":"services","category":"craft=engraver","housenumber":"1037","street":"Taft Street"}},{"type":"Feature","geometry":{"type":"Point","coordinates":[-77.137,39.09343]},"properties":{"id":"node/11110233185","name":"RS Custom Lighting Repair","group":"services","category":"craft=electronics_repair","housenumber":"1037","street":"Taft Street"}},{"type":"Feature","geometry":{"type":"Point","coordinates":[-77.13931,39.0953]},"properties":{"id":"node/11110233187","name":"AC Crane & Sign Service","group":"services","category":"shop=tool_hire","housenumber":"651","street":"Southlawn Lane"}},{"type":"Feature","geometry":{"type":"Point","coordinates":[-77.13973,39.09464]},"properties":{"id":"node/11110233189","name":"Total Recon Auto Center","group":"services","category":"shop=car_repair"}},{"type":"Feature","geometry":{"type":"Point","coordinates":[-77.13869,39.09568]},"properties":{"id":"node/11110233190","name":"Joe's Auto Services","group":"services","category":"shop=car_repair","housenumber":"669","street":"Southlawn Lane1"}},{"type":"Feature","geometry":{"type":"Point","coordinates":[-77.1386,39.0956]},"properties":{"id":"node/11110233191","name":"Victors Auto Body","group":"services","category":"shop=car_repair","housenumber":"679","street":"Southlawn Lane"}},{"type":"Feature","geometry":{"type":"Point","coordinates":[-77.13851,39.09587]},"properties":{"id":"node/11110233192","name":"Robinson's Air Conditioning & Heating","group":"services","category":"craft=hvac","housenumber":"671","street":"Southlawn Lane"}},{"type":"Feature","geometry":{"type":"Point","coordinates":[-77.13832,39.09607]},"properties":{"id":"node/11110233193","name":"Vito Services","group":"services","category":"craft=plumber","housenumber":"681","street":"Southlawn Lane"}},{"type":"Feature","geometry":{"type":"Point","coordinates":[-77.13784,39.09617]},"properties":{"id":"node/11110233198","name":"Royal Auto Body","group":"services","category":"shop=car_repair","housenumber":"680","street":"Lofstrand Lane"}},{"type":"Feature","geometry":{"type":"Point","coordinates":[-77.14051,39.09779]},"properties":{"id":"node/11113111186","name":"Bakery de France","group":"food","category":"shop=bakery","housenumber":"603","street":"Dover Road"}},{"type":"Feature","geometry":{"type":"Point","coordinates":[-77.11267,39.05782]},"properties":{"id":"node/11113180851","name":"Chef Tony's @ Amalfi","group":"food","category":"amenity=restaurant","cuisine":"seafood","housenumber":"12307","street":"Wilkins Court"}},{"type":"Feature","geometry":{"type":"Point","coordinates":[-77.11314,39.04352]},"properties":{"id":"node/11137613206","name":"China Garden Han Gong","group":"food","category":"amenity=restaurant","cuisine":"asian;chinese","hours":"Su-Th 11:30-21:00; Fr-Sa 11:30-22:00","website":"http://www.chinagardenhangongrockville.com","housenumber":"11333","street":"Woodglen Drive","postcode":"20852"}},{"type":"Feature","geometry":{"type":"Point","coordinates":[-77.10416,39.04627]},"properties":{"id":"node/11137613306","name":"Far East Restaurant","group":"food","category":"amenity=restaurant","cuisine":"chinese","hours":"We, Th 11:00-21:00; Fr, Sa 11:00-21:30; Su 10:30-21:00","phone":"+1 301-881-5552","website":"http://www.fareastrockvillemd.com/","housenumber":"5055","street":"Nicholson Lane","postcode":"20852"}},{"type":"Feature","geometry":{"type":"Point","coordinates":[-77.05109,39.04053]},"properties":{"id":"node/11137613605","name":"Paul Kee","group":"food","category":"amenity=restaurant","cuisine":"asian;chinese","hours":"Mo-Su 11:15-21:15","housenumber":"11305","street":"Georgia Avenue","city":"Wheaton","postcode":"20902"}},{"type":"Feature","geometry":{"type":"Point","coordinates":[-77.15288,39.09369]},"properties":{"id":"node/11137616605","name":"Pho 75","group":"food","category":"amenity=restaurant","cuisine":"vietnamese","hours":"Mo-Su 09:00-18:30; Tu 09:00-16:00; We off","website":"https://pho75.shop","housenumber":"711","street":"Hungerford Drive","city":"Rockville","postcode":"20850"}},{"type":"Feature","geometry":{"type":"Point","coordinates":[-77.18166,39.11044]},"properties":{"id":"node/11137616706","name":"Farmsook","group":"food","category":"amenity=restaurant"}},{"type":"Feature","geometry":{"type":"Point","coordinates":[-77.11404,39.04787]},"properties":{"id":"node/11137616709","name":"Pho Eatery","group":"food","category":"amenity=restaurant"}},{"type":"Feature","geometry":{"type":"Point","coordinates":[-77.15289,39.09349]},"properties":{"id":"node/11137616805","name":"Asian Bakery Cafe","group":"food","category":"shop=bakery"}},{"type":"Feature","geometry":{"type":"Point","coordinates":[-77.16688,39.13133]},"properties":{"id":"node/11137616806","name":"China Jade","group":"food","category":"amenity=restaurant","housenumber":"16805","postcode":"20855"}},{"type":"Feature","geometry":{"type":"Point","coordinates":[-77.11308,39.04533]},"properties":{"id":"node/11137616808","name":"Stella","group":"food","category":"shop=bakery"}},{"type":"Feature","geometry":{"type":"Point","coordinates":[-77.15291,39.09328]},"properties":{"id":"node/11137616905","name":"The Thai Cuisine Restaurant","group":"food","category":"amenity=restaurant"}},{"type":"Feature","geometry":{"type":"Point","coordinates":[-77.12631,39.06575]},"properties":{"id":"node/11137635105","name":"Anita's Restaurant","group":"food","category":"amenity=restaurant","cuisine":"guatemalen","housenumber":"1488","street":"Rockville Pike","city":"Rockville"}},{"type":"Feature","geometry":{"type":"Point","coordinates":[-77.05342,39.03907]},"properties":{"id":"node/11145428605","name":"Chuck Levin's Washington Music Center","group":"shopping","category":"shop=musical_instrument","hours":"Mo-Sa 10:00-18:00","website":"https://chucklevins.com","housenumber":"11151","street":"Veirs Mill Road","postcode":"20902"}},{"type":"Feature","geometry":{"type":"Point","coordinates":[-77.11727,39.04924]},"properties":{"id":"node/11149295175","name":"Sports & Social Bethesda","group":"food","category":"amenity=bar","phone":"+1 240-747-3006","website":"https://sportsandsocialbethesda.com","housenumber":"11800","street":"Grand Park Avenue"}},{"type":"Feature","geometry":{"type":"Point","coordinates":[-77.11756,39.05063]},"properties":{"id":"node/11149295176","name":"Scout & Molly\u2019s","group":"shopping","category":"shop=clothes","phone":"+1 301-348-5047","website":"https://scoutandmollys.com","housenumber":"11882","street":"Grand Park Avenue"}},{"type":"Feature","geometry":{"type":"Point","coordinates":[-77.11613,39.05124]},"properties":{"id":"node/11164894381","name":"Melina","group":"food","category":"amenity=restaurant","cuisine":"greek"}},{"type":"Feature","geometry":{"type":"Point","coordinates":[-77.11719,39.05051]},"properties":{"id":"node/11164934581","name":"Sunday Morning Bake House","group":"food","category":"amenity=cafe","cuisine":"coffee_shop"}},{"type":"Feature","geometry":{"type":"Point","coordinates":[-77.11773,39.05118]},"properties":{"id":"node/11164936847","name":"Pinstripes","group":"food","category":"amenity=restaurant","cuisine":"american","hours":"Mo-Th 12:00-21:00; Fr 12:00-22:00; Sa 10:00-22:00; Su 10:00-21:00","phone":"+1 240-630-3222","website":"https://pinstripes.com/north-bethesda/"}},{"type":"Feature","geometry":{"type":"Point","coordinates":[-77.11693,39.04952]},"properties":{"id":"node/11164942584","name":"Call Your Mother","group":"food","category":"shop=bakery","hours":"Mo-Su 06:30-16:00","website":"https://www.callyourmotherdeli.com/","housenumber":"11807","street":"Grand Park Avenue","postcode":"20852"}},{"type":"Feature","geometry":{"type":"Point","coordinates":[-77.11727,39.04944]},"properties":{"id":"node/11164972789","name":"Evoluxxy","group":"shopping","category":"shop=clothes"}},{"type":"Feature","geometry":{"type":"Point","coordinates":[-77.11633,39.0487]},"properties":{"id":"node/11165018948","name":"Steinway & Sons","group":"shopping","category":"shop=musical_instrument","housenumber":"Old Georgetown Road","street":"11611"}},{"type":"Feature","geometry":{"type":"Point","coordinates":[-77.11628,39.04979]},"properties":{"id":"node/11165024262","name":"Caruso's Grocery","group":"food","category":"amenity=restaurant","cuisine":"italian","hours":"Tu-Th 17:00-22:00; Fr 12:00-14:30, 17:00-22:30; Sa 11:00-14:30, 17:00-22:30; Su 11:00-14:30, 16:00-21:00","phone":"+1 301-245-1226","website":"https://www.carusosgrocery.com/pikeandrose"}},{"type":"Feature","geometry":{"type":"Point","coordinates":[-77.11515,39.04988]},"properties":{"id":"node/11165026842","name":"Naturepedic","group":"shopping","category":"shop=bed"}},{"type":"Feature","geometry":{"type":"Point","coordinates":[-77.11459,39.05407]},"properties":{"id":"node/11165594507","name":"Crest Advanced Dry Cleaner","group":"services","category":"shop=dry_cleaning","hours":"Mo-Fr 07:00-19:00; Sa 08:00-18:00; Su off","phone":"+1 301-230-9012","website":"https://www.crestadvanceddrycleaners.com/locations/rockville/montrose-crossing/","housenumber":"12015","street":"Rockville Pike","city":"Rockville","postcode":"20852"}},{"type":"Feature","geometry":{"type":"Point","coordinates":[-77.11192,39.05224]},"properties":{"id":"node/11166881902","name":"TBaar","group":"food","category":"amenity=fast_food","cuisine":"juice"}},{"type":"Feature","geometry":{"type":"Point","coordinates":[-77.11204,39.05249]},"properties":{"id":"node/11166886858","name":"KPOT","group":"food","category":"amenity=restaurant","cuisine":"korean"}},{"type":"Feature","geometry":{"type":"Point","coordinates":[-77.11187,39.0521]},"properties":{"id":"node/11166894447","name":"Asadur's Market","group":"groceries","category":"shop=supermarket"}},{"type":"Feature","geometry":{"type":"Point","coordinates":[-77.11735,39.05486]},"properties":{"id":"node/11166897650","name":"Rasa","group":"food","category":"amenity=restaurant","cuisine":"indian","housenumber":"12033","street":"Rockville Pike"}},{"type":"Feature","geometry":{"type":"Point","coordinates":[-77.11444,39.05407]},"properties":{"id":"node/11166898405","name":"Kosmo Nail Bar","group":"personal_care","category":"shop=beauty","website":"https://kosmonailbar.com/","housenumber":"12015","street":"Rockville Pike","city":"Rockville","postcode":"20852"}},{"type":"Feature","geometry":{"type":"Point","coordinates":[-77.11177,39.052]},"properties":{"id":"node/11167742817","name":"Salon Gabor","group":"personal_care","category":"shop=hairdresser","housenumber":"5534","street":"Randolph Road","city":"Rockville","postcode":"20852"}},{"type":"Feature","geometry":{"type":"Point","coordinates":[-77.1149,39.05408]},"properties":{"id":"node/11167743606","name":"Oak Barrel & Vine","group":"groceries","category":"shop=alcohol","hours":"Mo-Sa 10:00-21:00; Su 12:00-17:00","phone":"+1 240-773-2003","website":"https://www.montgomerycountymd.gov/ABS/stores/","housenumber":"12015","street":"Rockville Pike","city":"Rockville","postcode":"20852"}},{"type":"Feature","geometry":{"type":"Point","coordinates":[-77.12754,39.06274]},"properties":{"id":"node/11168088295","name":"Taco Bamba","group":"food","category":"amenity=restaurant","cuisine":"mexican","housenumber":"1627","street":"Rockville Pike","city":"Rockville","postcode":"20852"}},{"type":"Feature","geometry":{"type":"Point","coordinates":[-77.05019,39.03973]},"properties":{"id":"node/11225742132","name":"Baledas Grill","group":"food","category":"amenity=restaurant","cuisine":"mexican"}},{"type":"Feature","geometry":{"type":"Point","coordinates":[-77.05035,39.04016]},"properties":{"id":"node/11225800928","name":"U Nails","group":"personal_care","category":"shop=beauty"}},{"type":"Feature","geometry":{"type":"Point","coordinates":[-77.05016,39.03966]},"properties":{"id":"node/11225858875","name":"Braids by a Virgo","group":"personal_care","category":"shop=hairdresser"}},{"type":"Feature","geometry":{"type":"Point","coordinates":[-77.11419,39.04823]},"properties":{"id":"node/11230968363","name":"Cindy's Nails & Waxing","group":"personal_care","category":"shop=beauty","hours":"Mo-Fr 09:00-20:00; Sa 09:00-18:00; Su 10:00-17:00"}},{"type":"Feature","geometry":{"type":"Point","coordinates":[-77.11418,39.04815]},"properties":{"id":"node/11230968364","name":"Davidus Cigars","group":"shopping","category":"shop=tobacco","hours":"Mo-Sa 10:00-21:00; Su 11:00-18:00","website":"https://www.davidus.com/rockville","housenumber":"11632","street":"Rockville Pike"}},{"type":"Feature","geometry":{"type":"Point","coordinates":[-77.11415,39.04808]},"properties":{"id":"node/11230968365","name":"Best Massage","group":"personal_care","category":"shop=massage","phone":"+1 240-669-9263"}},{"type":"Feature","geometry":{"type":"Point","coordinates":[-77.11394,39.04767]},"properties":{"id":"node/11230968367","name":"Yardbird","group":"shopping","category":"shop=houseware","hours":"Mo-Fr 10:00-19:00; Sa 10:00-18:00; Su 11:00-17:00"}},{"type":"Feature","geometry":{"type":"Point","coordinates":[-77.11272,39.04571]},"properties":{"id":"node/11230993189","name":"The Jewelry Design Company","group":"shopping","category":"shop=jewelry"}},{"type":"Feature","geometry":{"type":"Point","coordinates":[-77.12615,39.05838]},"properties":{"id":"node/11248428735","name":"Oh Mama Grill","group":"food","category":"amenity=restaurant","phone":"+1-301-770-3003","website":"https://www.ohmamagrill.com/","housenumber":"188","street":"Rollins Avenue","city":"Rockville","postcode":"20852"}},{"type":"Feature","geometry":{"type":"Point","coordinates":[-77.10913,39.05107]},"properties":{"id":"node/11250815692","name":"Liberty Cannabis","group":"shopping","category":"shop=cannabis","housenumber":"12001","street":"Nebel Street","city":"Rockville","postcode":"20852"}},{"type":"Feature","geometry":{"type":"Point","coordinates":[-77.14394,39.14407]},"properties":{"id":"node/11310671491","name":"Outta the Way Cafe","group":"food","category":"amenity=restaurant","hours":"Th-Sa 11:00-23:00; Mo, Tu, Su 11:00-22:00; We 11:00-22:30","phone":"+1-301-963-6895","website":"https://www.outta.com/","housenumber":"17503","street":"Redland Road"}},{"type":"Feature","geometry":{"type":"Point","coordinates":[-77.1193,39.05778]},"properties":{"id":"node/11315504232","name":"Vivi Nail Spa","group":"personal_care","category":"shop=beauty","phone":"+1 240-669-9099","website":"https://vivinailsparockville.com","housenumber":"12137","street":"Rockville Pike"}},{"type":"Feature","geometry":{"type":"Point","coordinates":[-77.07337,39.02718]},"properties":{"id":"node/11361810481","name":"Love People Records","group":"shopping","category":"shop=music","website":"https://lovepeoplerecords.com","housenumber":"10429","street":"Fawcett Street","city":"Kensington"}},{"type":"Feature","geometry":{"type":"Point","coordinates":[-77.05107,39.04129]},"properties":{"id":"node/11397737801","name":"Brazilian Place","group":"food","category":"amenity=restaurant","phone":"+1 301-949-4572","website":"https://www.thebrazilianplace.com"}},{"type":"Feature","geometry":{"type":"Point","coordinates":[-77.19316,39.09677]},"properties":{"id":"node/11453195169","name":"Teipei Tokyo","group":"food","category":"amenity=restaurant","cuisine":"chinese;japanese","hours":"Mo-Th 11:00-21:30; Su 11:30-21:00; Sa 11:30-22:00; Fr 11:00-22:00","website":"http://www.taipei-tokyo.net/index.htm","postcode":"20850"}},{"type":"Feature","geometry":{"type":"Point","coordinates":[-77.19315,39.09677]},"properties":{"id":"node/11453198769","name":"Teipei-Tokyo","group":"food","category":"amenity=restaurant","cuisine":"chinese;japanese","hours":"Mo-Th 11:00-21:30; Fr 11:00-22:00; Sa 11:30-22:00; Su 11:30-21:00","website":"http://www.taipei-tokyo.net/","postcode":"20850"}},{"type":"Feature","geometry":{"type":"Point","coordinates":[-77.12531,39.06093]},"properties":{"id":"node/11520429527","name":"Armand's Pizzeria & Grill","group":"food","category":"amenity=restaurant","cuisine":"pizza"}},{"type":"Feature","geometry":{"type":"Point","coordinates":[-77.19114,39.10645]},"properties":{"id":"node/11525576461","name":"LJ's Cafe","group":"food","category":"amenity=restaurant","housenumber":"9210","street":"Corporate Boulevard"}},{"type":"Feature","geometry":{"type":"Point","coordinates":[-77.19482,39.10545]},"properties":{"id":"node/11525576462","name":"On The Vine Craft Beer & Wine","group":"groceries","category":"shop=alcohol","housenumber":"15250","street":"Siesta Key Way"}},{"type":"Feature","geometry":{"type":"Point","coordinates":[-77.15326,39.08927]},"properties":{"id":"node/11647331714","name":"T-Swirl Cr\u00eape & XO Pho","group":"food","category":"amenity=restaurant","cuisine":"vietnamese;coffee_shop;bubble_tea;crepe","hours":"Mo-Th 10:00-21:30; Fr,Sa 10:00-22:00","phone":"+1-301-838-2822","website":"https://www.t-swirldmv.com/","housenumber":"313","street":"North Washington Street","city":"Rockville","postcode":"20850"}},{"type":"Feature","geometry":{"type":"Point","coordinates":[-77.12246,39.05843]},"properties":{"id":"node/11659878844","name":"Kenny's Sub Shop","group":"food","category":"amenity=restaurant","cuisine":"chinese"}},{"type":"Feature","geometry":{"type":"Point","coordinates":[-77.12249,39.05864]},"properties":{"id":"node/11659878845","name":"Teamania Bakery + Cafe","group":"food","category":"shop=bakery"}},{"type":"Feature","geometry":{"type":"Point","coordinates":[-77.12314,39.05866]},"properties":{"id":"node/11660061155","name":"Bubble Tea Cafe","group":"food","category":"amenity=cafe","cuisine":"bubble_tea","hours":"Mo off; Tu-Sa 11:30-20:00; Su 12:00-19:00"}},{"type":"Feature","geometry":{"type":"Point","coordinates":[-77.12267,39.05862]},"properties":{"id":"node/11660065961","name":"4&co Salon","group":"personal_care","category":"shop=hairdresser"}},{"type":"Feature","geometry":{"type":"Point","coordinates":[-77.12297,39.05868]},"properties":{"id":"node/11660066401","name":"Glam Nail Bar","group":"personal_care","category":"shop=beauty"}},{"type":"Feature","geometry":{"type":"Point","coordinates":[-77.12243,39.05799]},"properties":{"id":"node/11660153864","name":"Aqua Hair Bar","group":"personal_care","category":"shop=hairdresser","housenumber":"12274","street":"Rockville Pike"}},{"type":"Feature","geometry":{"type":"Point","coordinates":[-77.12249,39.05799]},"properties":{"id":"node/11660153865","name":"Nail Spa","group":"personal_care","category":"shop=beauty","housenumber":"12274","street":"Rockville Pike"}},{"type":"Feature","geometry":{"type":"Point","coordinates":[-77.12257,39.05799]},"properties":{"id":"node/11660153866","name":"The Good Feet Store","group":"shopping","category":"shop=clothes","housenumber":"12274","street":"Rockville Pike"}},{"type":"Feature","geometry":{"type":"Point","coordinates":[-77.12264,39.05798]},"properties":{"id":"node/11660153867","name":"Mimi\u2019s Handmade Ice Cream","group":"food","category":"amenity=ice_cream","hours":"Mo-Fr 12:00-21:00; Sa,Su 11:00-21:00","housenumber":"12274","street":"East Rockville Pike","city":"Rockville","postcode":"20852"}},{"type":"Feature","geometry":{"type":"Point","coordinates":[-77.12048,39.05674]},"properties":{"id":"node/11660173182","name":"Crystal Spa","group":"personal_care","category":"shop=beauty"}},{"type":"Feature","geometry":{"type":"Point","coordinates":[-77.10969,39.05167]},"properties":{"id":"node/11663108997","name":"Closet Stretchers","group":"shopping","category":"shop=interior_decoration"}},{"type":"Feature","geometry":{"type":"Point","coordinates":[-77.10903,39.05163]},"properties":{"id":"node/11663111479","name":"Gwenie's Pastries","group":"food","category":"shop=pastry"}},{"type":"Feature","geometry":{"type":"Point","coordinates":[-77.10927,39.05152]},"properties":{"id":"node/11663111480","name":"VR Arena","group":"shopping","category":"shop=video_games"}},{"type":"Feature","geometry":{"type":"Point","coordinates":[-77.10995,39.05266]},"properties":{"id":"node/11663126902","name":"Version-S","group":"services","category":"shop=car_repair"}},{"type":"Feature","geometry":{"type":"Point","coordinates":[-77.10976,39.05208]},"properties":{"id":"node/11663128374","name":"PK Kimchi Factory","group":"food","category":"amenity=restaurant","cuisine":"korean"}},{"type":"Feature","geometry":{"type":"Point","coordinates":[-77.11012,39.05254]},"properties":{"id":"node/11663134466","name":"Pooshan Rugs","group":"shopping","category":"shop=carpet"}},{"type":"Feature","geometry":{"type":"Point","coordinates":[-77.10969,39.05232]},"properties":{"id":"node/11663134467","name":"Collision Kings Auto Body & Paint","group":"services","category":"shop=car_repair"}},{"type":"Feature","geometry":{"type":"Point","coordinates":[-77.11018,39.05263]},"properties":{"id":"node/11663134764","name":"Jack Rosen Custom Kitchens","group":"shopping","category":"shop=kitchen"}},{"type":"Feature","geometry":{"type":"Point","coordinates":[-77.10948,39.05202]},"properties":{"id":"node/11663141526","name":"Nebel Street Automotive","group":"services","category":"shop=car_repair"}},{"type":"Feature","geometry":{"type":"Point","coordinates":[-77.10954,39.05212]},"properties":{"id":"node/11663141527","name":"LXT Automotive","group":"services","category":"shop=car_repair"}},{"type":"Feature","geometry":{"type":"Point","coordinates":[-77.1096,39.0522]},"properties":{"id":"node/11663141528","name":"Kaufman's Auto Clinic","group":"services","category":"shop=car_repair"}},{"type":"Feature","geometry":{"type":"Point","coordinates":[-77.10981,39.05213]},"properties":{"id":"node/11663142162","name":"Progressions","group":"personal_care","category":"shop=beauty"}},{"type":"Feature","geometry":{"type":"Point","coordinates":[-77.10992,39.05228]},"properties":{"id":"node/11663142163","name":"MD International Mart","group":"groceries","category":"shop=supermarket"}},{"type":"Feature","geometry":{"type":"Point","coordinates":[-77.10997,39.05235]},"properties":{"id":"node/11663142164","name":"Dana Bazaar Indo-Lankan Grocery","group":"groceries","category":"shop=supermarket"}},{"type":"Feature","geometry":{"type":"Point","coordinates":[-77.10976,39.05244]},"properties":{"id":"node/11663157111","name":"Calfax Auto Body","group":"services","category":"shop=car_repair"}},{"type":"Feature","geometry":{"type":"Point","coordinates":[-77.1416,39.07712]},"properties":{"id":"node/11670460169","name":"Yasaman Bakery","group":"food","category":"shop=bakery","hours":"Mo-Su 10:00-19:00","phone":"+1-301-762-5416","website":"https://www.yasamanbakery.com/","housenumber":"785","street":"Rockville Pike","postcode":"20852"}},{"type":"Feature","geometry":{"type":"Point","coordinates":[-77.11074,39.09535]},"properties":{"id":"node/11782018962","name":"Eyes on Norbeck Vision Care","group":"personal_care","category":"shop=optician"}},{"type":"Feature","geometry":{"type":"Point","coordinates":[-77.11092,39.09529]},"properties":{"id":"node/11782018963","name":"Nails Allure","group":"personal_care","category":"shop=beauty"}},{"type":"Feature","geometry":{"type":"Point","coordinates":[-77.11086,39.09531]},"properties":{"id":"node/11782018964","name":"New Mandarin","group":"food","category":"amenity=restaurant","cuisine":"chinese"}},{"type":"Feature","geometry":{"type":"Point","coordinates":[-77.16744,39.13123]},"properties":{"id":"node/11830833266","name":"Grove Cleaners","group":"services","category":"shop=dry_cleaning"}},{"type":"Feature","geometry":{"type":"Point","coordinates":[-77.16738,39.13126]},"properties":{"id":"node/11830833267","name":"Sunkemtech","group":"shopping","category":"shop=computer"}},{"type":"Feature","geometry":{"type":"Point","coordinates":[-77.16733,39.13129]},"properties":{"id":"node/11830833268","name":"Grove Beer & Wine","group":"groceries","category":"shop=wine"}},{"type":"Feature","geometry":{"type":"Point","coordinates":[-77.16728,39.13132]},"properties":{"id":"node/11830892569","name":"Family Nail & Spa","group":"personal_care","category":"shop=beauty"}},{"type":"Feature","geometry":{"type":"Point","coordinates":[-77.16723,39.13135]},"properties":{"id":"node/11830892570","name":"Studio 1 Hair Design","group":"personal_care","category":"shop=hairdresser"}},{"type":"Feature","geometry":{"type":"Point","coordinates":[-77.16679,39.13122]},"properties":{"id":"node/11830892576","name":"Kitchen & Bath Shop","group":"shopping","category":"shop=kitchen"}},{"type":"Feature","geometry":{"type":"Point","coordinates":[-77.14424,39.14429]},"properties":{"id":"node/11867446684","name":"La Pizza","group":"food","category":"amenity=restaurant","cuisine":"pizza"}},{"type":"Feature","geometry":{"type":"Point","coordinates":[-77.14424,39.14433]},"properties":{"id":"node/11867446685","name":"Indonesian Market","group":"groceries","category":"shop=supermarket"}},{"type":"Feature","geometry":{"type":"Point","coordinates":[-77.14424,39.14424]},"properties":{"id":"node/11867446686","name":"European Market","group":"groceries","category":"shop=supermarket"}},{"type":"Feature","geometry":{"type":"Point","coordinates":[-77.17104,39.11345]},"properties":{"id":"node/11895212138","name":"Botanero","group":"food","category":"amenity=restaurant","hours":"Mo-Th 11:30-21:00; Fr 11:30-22:00; Sa 10:30-22:00; Su 10:30-21:00","phone":"+1-240-474-5461","website":"https://botarockville.com/","housenumber":"800","street":"Pleasant Drive","city":"Rockville","postcode":"20850"}},{"type":"Feature","geometry":{"type":"Point","coordinates":[-77.10522,39.05232]},"properties":{"id":"node/11902371421","name":"El Patio","group":"food","category":"amenity=restaurant"}},{"type":"Feature","geometry":{"type":"Point","coordinates":[-77.10483,39.05235]},"properties":{"id":"node/11902371422","name":"Furniture And Rug Depot","group":"shopping","category":"shop=furniture"}},{"type":"Feature","geometry":{"type":"Point","coordinates":[-77.10423,39.05243]},"properties":{"id":"node/11902371423","name":"Lifestyle Nail Spa","group":"personal_care","category":"shop=beauty"}},{"type":"Feature","geometry":{"type":"Point","coordinates":[-77.10602,39.04336]},"properties":{"id":"node/11983680629","name":"Identity Salon","group":"personal_care","category":"shop=hairdresser","housenumber":"5224","street":"Nicholson Lane"}},{"type":"Feature","geometry":{"type":"Point","coordinates":[-77.10613,39.04336]},"properties":{"id":"node/11983680630","name":"Cosmo Prof","group":"personal_care","category":"shop=beauty","housenumber":"5228","street":"Nicholson Lane"}},{"type":"Feature","geometry":{"type":"Point","coordinates":[-77.10625,39.04335]},"properties":{"id":"node/11983680631","name":"Blu Water","group":"personal_care","category":"shop=beauty","housenumber":"5234","street":"Nicholson Lane"}},{"type":"Feature","geometry":{"type":"Point","coordinates":[-77.1068,39.04426]},"properties":{"id":"node/11983695316","name":"Kuya Ja's","group":"food","category":"amenity=restaurant","cuisine":"american","hours":"We-Sa 11:00-21:00; Su 11:00-20:00","website":"https://www.kuyajas.com/","housenumber":"5268","street":"Nicholson Lane"}},{"type":"Feature","geometry":{"type":"Point","coordinates":[-77.10669,39.04432]},"properties":{"id":"node/11983695317","name":"J. Michael","group":"personal_care","category":"shop=hairdresser","housenumber":"5268","street":"Nicholson Lane"}},{"type":"Feature","geometry":{"type":"Point","coordinates":[-77.10655,39.0446]},"properties":{"id":"node/11983732586","name":"McCormick Paints","group":"shopping","category":"shop=paint","housenumber":"5268","street":"Nicholson Lane"}},{"type":"Feature","geometry":{"type":"Point","coordinates":[-77.10675,39.04446]},"properties":{"id":"node/11983732588","name":"The Big Greek Cafe","group":"food","category":"amenity=restaurant","housenumber":"5268","street":"Nicholson Lane"}},{"type":"Feature","geometry":{"type":"Point","coordinates":[-77.10682,39.04441]},"properties":{"id":"node/11983732589","name":"Sushi Toro","group":"food","category":"amenity=restaurant","cuisine":"sushi","housenumber":"5268","street":"Nicholson Lane"}},{"type":"Feature","geometry":{"type":"Point","coordinates":[-77.10875,39.04463]},"properties":{"id":"node/11983749673","name":"No Regrets Pizza","group":"food","category":"amenity=restaurant","cuisine":"pizza","hours":"Mo-Th 16:00-21:00; Fr-Sa 12:00-22:00; Su 12:00-21:00","phone":"+1 301-200-3003","website":"https://www.noregretspizza.com/","housenumber":"5454","street":"Nicholson Lane","city":"North Bethesda","postcode":"20852"}},{"type":"Feature","geometry":{"type":"Point","coordinates":[-77.1912,39.1047]},"properties":{"id":"node/12001166795","name":"Donna Bella Laser Medspa","group":"personal_care","category":"shop=beauty","hours":"Mo-Sa 09:00-16:00","phone":"+13014174975","housenumber":"15200","street":"Shady Grove Road","city":"Rockville","postcode":"20850"}},{"type":"Feature","geometry":{"type":"Point","coordinates":[-77.04977,39.06096]},"properties":{"id":"node/12017164269","name":"Glenmont Beer Wine & Deli","group":"food","category":"amenity=bar","housenumber":"12351","street":"Georgia Avenue","city":"Silver Spring","postcode":"20906"}},{"type":"Feature","geometry":{"type":"Point","coordinates":[-77.08045,39.03023]},"properties":{"id":"node/12023694737","name":"Maison Nina","group":"food","category":"shop=pastry","hours":"Mo-Fr 10:00-17:00; Sa 10:00-15:00","phone":"+1 240 363 2818","website":"https://maison-nina.com","housenumber":"4088B","street":"Howard Avenue"}},{"type":"Feature","geometry":{"type":"Point","coordinates":[-77.1492,39.08945]},"properties":{"id":"node/12035916212","name":"Corned Beef King","group":"food","category":"amenity=fast_food","housenumber":"330","street":"North Stonestreet Avenue","city":"Rockville","postcode":"20850"}},{"type":"Feature","geometry":{"type":"Point","coordinates":[-77.11077,39.04437]},"properties":{"id":"node/12066185038","name":"Moby Dick House Of Kabob","group":"food","category":"amenity=restaurant"}},{"type":"Feature","geometry":{"type":"Point","coordinates":[-77.15866,39.0417]},"properties":{"id":"node/12138127384","name":"Boulangerie Christoph","group":"food","category":"shop=bakery"}},{"type":"Feature","geometry":{"type":"Point","coordinates":[-77.11764,39.06285]},"properties":{"id":"node/12143282034","name":"Mirabeau Bakery & Cafe","group":"food","category":"shop=bakery","hours":"Mo,We-Sa 07:30-16:00; Su 09:00-14:00","housenumber":"5751","street":"Fishers Lane"}},{"type":"Feature","geometry":{"type":"Point","coordinates":[-77.11756,39.06285]},"properties":{"id":"node/12143282035","name":"Waxpro Waxbar","group":"personal_care","category":"shop=beauty","hours":"\"by appointment\"","housenumber":"5751","street":"Fishers Lane"}},{"type":"Feature","geometry":{"type":"Point","coordinates":[-77.1178,39.06285]},"properties":{"id":"node/12143282041","name":"Green Bamboo Asian Bistro","group":"food","category":"amenity=restaurant","cuisine":"sushi","hours":"Mo off; Tu-Su 11:00-21:00","phone":"+1 301-770-0658","housenumber":"5751","street":"Fishers Lane"}},{"type":"Feature","geometry":{"type":"Point","coordinates":[-77.11772,39.06285]},"properties":{"id":"node/12143282045","name":"Downtown Brew\u2019s","group":"food","category":"amenity=cafe","cuisine":"peruvian","phone":"+1 240-797-3159","housenumber":"5751","street":"Fishers Lane"}},{"type":"Feature","geometry":{"type":"Point","coordinates":[-77.1518,39.08645]},"properties":{"id":"node/12167422037","name":"Hair Design Zone","group":"personal_care","category":"shop=hairdresser"}},{"type":"Feature","geometry":{"type":"Point","coordinates":[-77.15179,39.08536]},"properties":{"id":"node/12168418493","name":"El Mercat","group":"food","category":"amenity=restaurant","cuisine":"tapas","housenumber":"101","street":"Gibbs Street","city":"Rockville","postcode":"20850"}},{"type":"Feature","geometry":{"type":"Point","coordinates":[-77.15178,39.08559]},"properties":{"id":"node/12168418494","name":"Hammer & Stain","group":"shopping","category":"shop=art","housenumber":"107","street":"Gibbs Street"}},{"type":"Feature","geometry":{"type":"Point","coordinates":[-77.15079,39.0856]},"properties":{"id":"node/12169200108","name":"The Cottage Monet","group":"shopping","category":"shop=gift"}},{"type":"Feature","geometry":{"type":"Point","coordinates":[-77.1508,39.08574]},"properties":{"id":"node/12169200109","name":"Kusshi","group":"food","category":"amenity=restaurant","cuisine":"sushi","housenumber":"36","street":"Maryland Avenue"}},{"type":"Feature","geometry":{"type":"Point","coordinates":[-77.15081,39.08596]},"properties":{"id":"node/12169200110","name":"MWBC Shop Local","group":"shopping","category":"shop=gift","housenumber":"36","street":"Maryland Avenue"}},{"type":"Feature","geometry":{"type":"Point","coordinates":[-77.15123,39.08552]},"properties":{"id":"node/12169200111","name":"Mala Canteen","group":"food","category":"amenity=restaurant","cuisine":"chinese"}},{"type":"Feature","geometry":{"type":"Point","coordinates":[-77.12385,39.06089]},"properties":{"id":"node/12170621834","name":"Kajiken","group":"food","category":"amenity=restaurant","cuisine":"ramen","phone":"+1-240-669-8403","website":"https://www.kajikenus.com/","housenumber":"1701","street":"Rockville Pike","city":"Rockville"}},{"type":"Feature","geometry":{"type":"Point","coordinates":[-77.02707,39.14976]},"properties":{"id":"node/12195740940","name":"Psychic of Sandy Spring","group":"services","category":"shop=psychic","phone":"+1-240-551-7420"}},{"type":"Feature","geometry":{"type":"Point","coordinates":[-77.02715,39.14976]},"properties":{"id":"node/12195740941","name":"Sandy Spring Mart","group":"groceries","category":"shop=convenience","phone":"+1-301-929-9135"}},{"type":"Feature","geometry":{"type":"Point","coordinates":[-77.02669,39.14977]},"properties":{"id":"node/12195740944","name":"Healing Spring Spa","group":"personal_care","category":"shop=beauty","phone":"+1-301-509-0987","website":"https://www.healingspringspamd.com/","housenumber":"837","street":"Olney Sandy Spring Road","city":"Sandy Spring","postcode":"20860"}},{"type":"Feature","geometry":{"type":"Point","coordinates":[-77.02631,39.14938]},"properties":{"id":"node/12195740945","name":"Passion Bakery Cafe","group":"food","category":"amenity=cafe","website":"https://thepassionbakerycafe.pagecloud.com/","housenumber":"816","street":"Olney Sandy Spring Road","city":"Sandy Spring"}},{"type":"Feature","geometry":{"type":"Point","coordinates":[-77.02618,39.14936]},"properties":{"id":"node/12195740947","name":"My Enchanted Florist","group":"shopping","category":"shop=florist","phone":"+1-301-774-0190","website":"https://myenchantedfloristmd.com/","housenumber":"804","street":"Olney Sandy Spring Road","city":"Sandy Spring","postcode":"20860"}},{"type":"Feature","geometry":{"type":"Point","coordinates":[-77.02646,39.14977]},"properties":{"id":"node/12195740948","name":"Star Maids Cleaning Solutions","group":"services","category":"craft=cleaning","phone":"+1-301-910-7827","website":"https://www.starmaidsus.com/"}},{"type":"Feature","geometry":{"type":"Point","coordinates":[-77.02656,39.14978]},"properties":{"id":"node/12195740949","name":"Tantric Tattoo","group":"personal_care","category":"shop=tattoo","housenumber":"837","street":"Olney Sandy Spring Road","city":"Sandy Spring","postcode":"20860"}},{"type":"Feature","geometry":{"type":"Point","coordinates":[-77.02623,39.14974]},"properties":{"id":"node/12195740951","name":"Sandy Spring Salon & Barber","group":"personal_care","category":"shop=hairdresser","phone":"+1-240-342-2444","housenumber":"815","street":"Olney Sandy Spring Road","city":"Sandy Spring","postcode":"20860"}},{"type":"Feature","geometry":{"type":"Point","coordinates":[-77.05144,39.04813]},"properties":{"id":"node/12227675758","name":"Friends Of The Library","group":"shopping","category":"shop=books","hours":"Su-Fr 12:00-18:00, Sa 10:00-18:00","phone":"+1-301-933-1110","website":"https://folmc.org","housenumber":"11701","street":"Georgia Avenue","city":"Wheaton"}},{"type":"Feature","geometry":{"type":"Point","coordinates":[-77.01342,39.14905]},"properties":{"id":"node/12243053147","name":"Olney Winery","group":"food","category":"craft=winery","phone":"+1 301-570-1907","website":"https://www.olneywinery.com/","housenumber":"52","street":"Olney Sandy Spring Road"}},{"type":"Feature","geometry":{"type":"Point","coordinates":[-77.14603,39.02501]},"properties":{"id":"node/12256428445","name":"Kapow Buddy","group":"food","category":"amenity=restaurant","cuisine":"thai","housenumber":"7101","street":"Democracy Boulevard"}},{"type":"Feature","geometry":{"type":"Point","coordinates":[-77.07178,39.12994]},"properties":{"id":"node/12265454194","name":"Olney Antique Village","group":"shopping","category":"shop=antiques","website":"https://olneyantiquevillage.com/","housenumber":"16650","street":"Georgia Avenue"}},{"type":"Feature","geometry":{"type":"Point","coordinates":[-77.07155,39.13033]},"properties":{"id":"node/12265454195","name":"Curbside Crabs and Seafood Company","group":"groceries","category":"shop=seafood","phone":"+1-301-252-5805","website":"https://curbsidecrabsandseafoodcompany.com/","housenumber":"16650","street":"Georgia Avenue"}},{"type":"Feature","geometry":{"type":"Point","coordinates":[-77.15141,39.08585]},"properties":{"id":"node/12269407202","name":"Gyuzo","group":"food","category":"amenity=restaurant","cuisine":"japanese","housenumber":"33","street":"Maryland Avenue"}},{"type":"Feature","geometry":{"type":"Point","coordinates":[-77.15152,39.08585]},"properties":{"id":"node/12269407203","name":"BoBaPoP Tea Bar","group":"food","category":"amenity=cafe","cuisine":"bubble_tea"}},{"type":"Feature","geometry":{"type":"Point","coordinates":[-77.15157,39.08585]},"properties":{"id":"node/12269407204","name":"Kyoto Matcha","group":"food","category":"amenity=cafe","cuisine":"dessert;japanese","housenumber":"33","street":"Maryland Avenue"}},{"type":"Feature","geometry":{"type":"Point","coordinates":[-77.13027,39.06815]},"properties":{"id":"node/12312293998","name":"Shafa Blends","group":"groceries","category":"shop=spices","hours":"Mo-Sa 10:00-17:00","phone":"+1-301-767-0008","website":"https://www.shafablends.com","housenumber":"1327","street":"Rockville Pike"}},{"type":"Feature","geometry":{"type":"Point","coordinates":[-77.15357,39.08327]},"properties":{"id":"node/12312432801","name":"Optimal Zero Firearms","group":"shopping","category":"shop=sports","hours":"Mo-Fr 09:00-15:30"}},{"type":"Feature","geometry":{"type":"Point","coordinates":[-77.05132,39.04777]},"properties":{"id":"node/12323845922","name":"Kefa Cafe","group":"food","category":"amenity=cafe","cuisine":"coffee_shop","phone":"+1-240-670-7424","website":"https://kefacafelove.com","housenumber":"11701","street":"Georgia Avenue","city":"Wheaton","postcode":"20902"}},{"type":"Feature","geometry":{"type":"Point","coordinates":[-77.12393,39.06104]},"properties":{"id":"node/12363563800","name":"Uzu Revolving Sushi","group":"food","category":"amenity=restaurant","cuisine":"sushi","website":"https://www.uzu-sushi.com/","housenumber":"1701","street":"Rockville Pike","city":"Rockville","postcode":"20852"}},{"type":"Feature","geometry":{"type":"Point","coordinates":[-77.14123,39.07686]},"properties":{"id":"node/12363567939","name":"Ding Caf\u00e9","group":"food","category":"amenity=cafe","housenumber":"785","street":"Rockville Pike"}},{"type":"Feature","geometry":{"type":"Point","coordinates":[-77.14167,39.07716]},"properties":{"id":"node/12363567940","name":"OM Indian Restaurant","group":"food","category":"amenity=restaurant","cuisine":"indian","hours":"Mo-Su 11:00-14:45,17:00-20:45","phone":"+1-301-279-7700","website":"https://www.omindianrestaurant.com/","housenumber":"785","street":"Rockville Pike","city":"Rockville","postcode":"20852"}},{"type":"Feature","geometry":{"type":"Point","coordinates":[-77.1414,39.07698]},"properties":{"id":"node/12363567957","name":"Blue Moon Foot Spa","group":"personal_care","category":"shop=beauty","phone":"+1 301-693-0529","housenumber":"785","street":"Rockville Pike","city":"Rockville"}},{"type":"Feature","geometry":{"type":"Point","coordinates":[-77.14155,39.07708]},"properties":{"id":"node/12363567958","name":"Mia Cane","group":"food","category":"amenity=cafe","website":"https://www.miacane.com","housenumber":"785","street":"Rockville Pike","city":"Rockville"}},{"type":"Feature","geometry":{"type":"Point","coordinates":[-77.05212,39.04023]},"properties":{"id":"node/12365956405","name":"El Chante Comedor y Fritanga Nica","group":"food","category":"amenity=restaurant","cuisine":"nicaraguan","hours":"Mo-Fr 11:00-21:00; Sa-Su 11:00-22:00","phone":"+1-301-686-3091","website":"https://elchanterestaurant.com/","housenumber":"11265","street":"Triangle Lane","city":"Silver Spring","postcode":"20902"}},{"type":"Feature","geometry":{"type":"Point","coordinates":[-77.05259,39.03916]},"properties":{"id":"node/12365956406","name":"District Bistro","group":"food","category":"amenity=restaurant","cuisine":"american","phone":"+1-240-833-8635","website":"https://www.districtbistroatwheaton.com/","housenumber":"11230","street":"Grandview Avenue","city":"Wheaton","postcode":"20902"}},{"type":"Feature","geometry":{"type":"Point","coordinates":[-77.14925,39.08385]},"properties":{"id":"node/12370620766","name":"Dream Land","group":"personal_care","category":"shop=massage"}},{"type":"Feature","geometry":{"type":"Point","coordinates":[-77.07822,39.02916]},"properties":{"id":"node/12425899229","name":"AB Auto Services","group":"services","category":"shop=car_repair"}},{"type":"Feature","geometry":{"type":"Point","coordinates":[-77.15333,39.08445]},"properties":{"id":"node/12431802318","name":"Eerkins Uyghur Cuisine","group":"food","category":"amenity=restaurant","cuisine":"asian","phone":"+1-301-881-1119","website":"https://eerkins.com/","housenumber":"6","street":"North Washington Street","city":"Rockville","postcode":"20850"}},{"type":"Feature","geometry":{"type":"Point","coordinates":[-77.17416,39.0919]},"properties":{"id":"node/12465543388","name":"Phase 2 Beauty Salon","group":"personal_care","category":"shop=beauty","hours":"Su 11:00-18:00; Mo,We-Sa 10:00-20:00","phone":"+1 301 762 2211","website":"https://www.phase2beautysalon.com/","housenumber":"1103","street":"Nelson Street","city":"Rockville"}},{"type":"Feature","geometry":{"type":"Point","coordinates":[-77.1029,39.04613]},"properties":{"id":"node/12465560479","name":"Salon Luna","group":"personal_care","category":"shop=hairdresser"}},{"type":"Feature","geometry":{"type":"Point","coordinates":[-77.10287,39.04626]},"properties":{"id":"node/12465560480","name":"Bull Run Kitchen & Bath","group":"shopping","category":"shop=kitchen"}},{"type":"Feature","geometry":{"type":"Point","coordinates":[-77.10349,39.04594]},"properties":{"id":"node/12465560481","name":"Rendezvous Studios","group":"personal_care","category":"shop=hairdresser"}},{"type":"Feature","geometry":{"type":"Point","coordinates":[-77.10341,39.04594]},"properties":{"id":"node/12465560482","name":"Trubeauty Concepts","group":"personal_care","category":"shop=beauty"}},{"type":"Feature","geometry":{"type":"Point","coordinates":[-77.10324,39.04594]},"properties":{"id":"node/12465560484","name":"Edible","group":"shopping","category":"shop=gift"}},{"type":"Feature","geometry":{"type":"Point","coordinates":[-77.10381,39.04586]},"properties":{"id":"node/12465568992","name":"Tacos El Rey","group":"food","category":"amenity=restaurant","cuisine":"mexican"}},{"type":"Feature","geometry":{"type":"Point","coordinates":[-77.17427,39.09188]},"properties":{"id":"node/12465576845","name":"Z&Z Manoush Bakery","group":"food","category":"shop=bakery","hours":"We-Sa 10:00-20:00; Su 10:00-15:00","phone":"+1 301 296 4178","website":"https://zandzdc.com/","housenumber":"1111","street":"Nelson Street","city":"Rockville"}},{"type":"Feature","geometry":{"type":"Point","coordinates":[-77.10469,39.04602]},"properties":{"id":"node/12465605536","name":"Sheba Ethiopian Restaurant","group":"food","category":"amenity=restaurant"}},{"type":"Feature","geometry":{"type":"Point","coordinates":[-77.17432,39.09187]},"properties":{"id":"node/12465605819","name":"Woodley Gardens Cleaners","group":"services","category":"shop=dry_cleaning","hours":"Mo,We-Fr 08:00-19:00; Tu,Sa 09:00-18:00"}},{"type":"Feature","geometry":{"type":"Point","coordinates":[-77.17411,39.09191]},"properties":{"id":"node/12466003122","name":"Neighbors Coffee","group":"food","category":"amenity=cafe","hours":"We-Su 07:00-15:00; Mo-Tu off","website":"https://neighborscoffee.shop/","housenumber":"1101","street":"Nelson Street","city":"Rockville","postcode":"20850"}},{"type":"Feature","geometry":{"type":"Point","coordinates":[-77.07795,39.02741]},"properties":{"id":"node/12594372374","name":"Alight Spa","group":"personal_care","category":"shop=beauty","website":"https://www.alightspa.com/","housenumber":"3930","street":"Knowles Avenue","city":"Kensington"}},{"type":"Feature","geometry":{"type":"Point","coordinates":[-77.20665,39.09642]},"properties":{"id":"node/12611364636","name":"Quickway","group":"food","category":"amenity=restaurant","cuisine":"japanese"}},{"type":"Feature","geometry":{"type":"Point","coordinates":[-77.20709,39.09569]},"properties":{"id":"node/12611364639","name":"Pho Luscious","group":"food","category":"amenity=restaurant","cuisine":"vietnamese"}},{"type":"Feature","geometry":{"type":"Point","coordinates":[-77.10687,39.05158]},"properties":{"id":"node/12650654901","name":"Phoenix Computers","group":"shopping","category":"shop=computer","hours":"Mo, We 10:00-16:00","phone":"+1-301-881-4500","website":"http://www.phoenixcomputers.info","housenumber":"11910 G","street":"Parklawn Drive","postcode":"20852"}},{"type":"Feature","geometry":{"type":"Point","coordinates":[-77.17715,39.09014]},"properties":{"id":"node/12663303699","name":"Olio Nails & Spa","group":"personal_care","category":"shop=beauty"}},{"type":"Feature","geometry":{"type":"Point","coordinates":[-77.1768,39.09044]},"properties":{"id":"node/12663303700","name":"Chadol Korean BBQ","group":"food","category":"amenity=restaurant","cuisine":"korean"}},{"type":"Feature","geometry":{"type":"Point","coordinates":[-77.14878,39.10584]},"properties":{"id":"node/12663327553","name":"Yu Noodle House","group":"food","category":"amenity=restaurant","cuisine":"chinese"}},{"type":"Feature","geometry":{"type":"Point","coordinates":[-77.17708,39.09111]},"properties":{"id":"node/12663327602","name":"Tasty Nook Cafe","group":"food","category":"amenity=restaurant","cuisine":"mexican;coffee_shop;breakfast","phone":"+13013407567","website":"https://www.tastynookcafe.com/","housenumber":"1405","street":"Research Boulevard","city":"Rockville","postcode":"20850"}},{"type":"Feature","geometry":{"type":"Point","coordinates":[-77.12418,39.02467]},"properties":{"id":"node/12752970336","name":"Sequel","group":"shopping","category":"shop=clothes"}},{"type":"Feature","geometry":{"type":"Point","coordinates":[-77.12366,39.02383]},"properties":{"id":"node/12752970342","name":"Flex All Day","group":"shopping","category":"shop=clothes"}},{"type":"Feature","geometry":{"type":"Point","coordinates":[-77.12357,39.02374]},"properties":{"id":"node/12752970343","name":"Secrete","group":"shopping","category":"shop=jewelry"}},{"type":"Feature","geometry":{"type":"Point","coordinates":[-77.12356,39.02371]},"properties":{"id":"node/12752970344","name":"Yves Delorme","group":"shopping","category":"shop=houseware"}},{"type":"Feature","geometry":{"type":"Point","coordinates":[-77.12353,39.02367]},"properties":{"id":"node/12752970345","name":"Rakugaki","group":"food","category":"amenity=restaurant"}},{"type":"Feature","geometry":{"type":"Point","coordinates":[-77.12351,39.02364]},"properties":{"id":"node/12752970346","name":"Family Cleaners","group":"services","category":"shop=dry_cleaning"}},{"type":"Feature","geometry":{"type":"Point","coordinates":[-77.12349,39.0236]},"properties":{"id":"node/12752970347","name":"Sarah's Handmade Ice Cream & Treats","group":"food","category":"amenity=ice_cream","hours":"Mo-Su 11:00-21:00","phone":"+1-240-800-3977","website":"https://sarahshandmadeicecream.com/","housenumber":"10219","street":"Old Georgetown Road","city":"Bethesda","postcode":"20814"}},{"type":"Feature","geometry":{"type":"Point","coordinates":[-77.12343,39.02353]},"properties":{"id":"node/12752970348","name":"Melina Boutique","group":"shopping","category":"shop=clothes"}},{"type":"Feature","geometry":{"type":"Point","coordinates":[-77.1234,39.02348]},"properties":{"id":"node/12752970349","name":"Nader","group":"personal_care","category":"shop=hairdresser"}},{"type":"Feature","geometry":{"type":"Point","coordinates":[-77.12338,39.02344]},"properties":{"id":"node/12752970350","name":"Idigo Octopus","group":"shopping","category":"shop=clothes"}},{"type":"Feature","geometry":{"type":"Point","coordinates":[-77.07312,39.02724]},"properties":{"id":"node/12809979136","name":"HomeWorks","group":"shopping","category":"shop=furniture","hours":"Tu-Fr 10:30-17:00; Sa 10:30-17:30; Su 00:00-17:00","phone":"+1 202 277 7763","website":"https://www.shophomeworks.com","housenumber":"3740","street":"Howard Avenue","city":"Kensington","postcode":"20895"}},{"type":"Feature","geometry":{"type":"Point","coordinates":[-77.14553,39.08308]},"properties":{"id":"node/12813431596","name":"Maid Bright","group":"services","category":"craft=cleaning","hours":"Mo-Fr 08:00-17:00","phone":"+1-301-298-0800","website":"https://maidbright.com/","housenumber":"21","street":"Church Street","city":"Rockville","postcode":"20850"}},{"type":"Feature","geometry":{"type":"Point","coordinates":[-77.1329,39.07099]},"properties":{"id":"node/12829045682","name":"Daboba","group":"food","category":"amenity=cafe","cuisine":"bubble_tea"}},{"type":"Feature","geometry":{"type":"Point","coordinates":[-77.14335,39.10342]},"properties":{"id":"node/12878352918","name":"Engage Armament","group":"shopping","category":"shop=weapons","housenumber":"701","street":"East Gude Drive","city":"Rockville","postcode":"20850"}},{"type":"Feature","geometry":{"type":"Point","coordinates":[-77.0497,39.0034]},"properties":{"id":"node/12889474645","name":"The Urban Winery","group":"food","category":"amenity=bar","hours":"We 15:00-20:00; Th-Fr 15:00-22:00; Sa 13:00-22:00; Su 13:00-20:00","phone":"+1-301-585-4100","website":"https://theurbanwinery.com","housenumber":"2315","street":"Stewart Avenue","city":"Silver Spring","postcode":"20910"}},{"type":"Feature","geometry":{"type":"Point","coordinates":[-77.14032,39.0784]},"properties":{"id":"node/12895581608","name":"Yuan Fu Vegetarian","group":"food","category":"amenity=restaurant","cuisine":"chinese","hours":"Mo-Su 11:00-21:00","phone":"+1-301-762-5937","website":"https://yuanfuvegetarian.com/","housenumber":"798","street":"Rockville Pike","postcode":"20852"}},{"type":"Feature","geometry":{"type":"Point","coordinates":[-77.11626,39.04843]},"properties":{"id":"node/12943289123","name":"Atlantic Builders","group":"services","category":"craft=builder"}},{"type":"Feature","geometry":{"type":"Point","coordinates":[-77.13821,39.07451]},"properties":{"id":"node/12972086909","name":"Rockville Soccer","group":"shopping","category":"shop=sports","housenumber":"837","street":"Rockville Pike","city":"Rockville","postcode":"20852"}},{"type":"Feature","geometry":{"type":"Point","coordinates":[-77.13854,39.07515]},"properties":{"id":"node/12972086914","name":"TennisTopia","group":"shopping","category":"shop=sports","housenumber":"827","street":"Rockville Pike","city":"Rockville","postcode":"20852"}},{"type":"Feature","geometry":{"type":"Point","coordinates":[-77.1383,39.07539]},"properties":{"id":"node/12972086920","name":"Sassy Arch Brows & Beauty Studio","group":"personal_care","category":"shop=beauty","website":"https://sassyarch.com/","housenumber":"815","street":"Rockville Pike","city":"Rockville","postcode":"20852"}},{"type":"Feature","geometry":{"type":"Point","coordinates":[-77.0757,39.02924]},"properties":{"id":"node/12978325175","name":"Marathon Deli and Grill","group":"food","category":"amenity=restaurant","cuisine":"greek","hours":"Su 12:00-22:00; Mo 11:00-22:00; Tu-Fr 11:00-23:00; Sa 11:00-23:00","phone":"+1-301-909-9950","website":"https://ordermarathondeli.com/","housenumber":"10619","street":"Connecticut Avenue"}},{"type":"Feature","geometry":{"type":"Point","coordinates":[-77.07537,39.02947]},"properties":{"id":"node/12978325178","name":"MyAllure Nail Spa","group":"shopping","category":"shop=construction","housenumber":"10619","street":"Connecticut Avenue","city":"Kensington"}},{"type":"Feature","geometry":{"type":"Point","coordinates":[-77.06994,39.02652]},"properties":{"id":"node/12994243878","name":"Metro Vintage Market & Gallery","group":"shopping","category":"shop=antiques","hours":"We-Fr 11:00-17:00; Sa 10:00-17:00; Su 12:00-17:00","housenumber":"10417","street":"Metropolitan Avenue","city":"Kensington","postcode":"20895"}},{"type":"Feature","geometry":{"type":"Point","coordinates":[-77.17769,39.12161]},"properties":{"id":"node/13017442901","name":"Rise Southern Biscuits Righteous Chicken","group":"food","category":"amenity=fast_food","cuisine":"american","hours":"Mo-Su 07:00-14:00","phone":"+1 240-261-2360","website":"https://risebiscuitschicken.com/locations/maryland/gaithersburg/","housenumber":"16248","street":"Frederick Road","postcode":"20877"}},{"type":"Feature","geometry":{"type":"Point","coordinates":[-77.137,39.07436]},"properties":{"id":"node/13089824598","name":"Paisano's","group":"food","category":"amenity=restaurant","cuisine":"italian","housenumber":"891","street":"Rockville Pike"}},{"type":"Feature","geometry":{"type":"Point","coordinates":[-77.13715,39.07424]},"properties":{"id":"node/13089824599","name":"Bangkok Garden","group":"food","category":"amenity=restaurant","cuisine":"thai","housenumber":"891","street":"Rockville Pike"}},{"type":"Feature","geometry":{"type":"Point","coordinates":[-77.13724,39.07416]},"properties":{"id":"node/13089855201","name":"Nick's Shoe Repair","group":"services","category":"shop=shoe_repair","housenumber":"891","street":"Rockville Pike"}},{"type":"Feature","geometry":{"type":"Point","coordinates":[-77.13719,39.0742]},"properties":{"id":"node/13089855202","name":"Classic Beer & Wine","group":"groceries","category":"shop=alcohol","housenumber":"891","street":"Rockville Pike"}},{"type":"Feature","geometry":{"type":"Point","coordinates":[-77.04771,39.04173]},"properties":{"id":"node/13094931302","name":"Ruan Thai","group":"food","category":"amenity=restaurant","cuisine":"thai","hours":"Mo-Fr 11:30-15:30, 16:30-21:30; Sa 11:30-21:30; Su 16:00-21:30","phone":"+1 301-942-0075","website":"https://ruanthaiwheaton.com/","housenumber":"11407","street":"Amherst Avenue","city":"Wheaton","postcode":"20902"}},{"type":"Feature","geometry":{"type":"Point","coordinates":[-77.26398,39.06803]},"properties":{"id":"node/13098362976","name":"Maximum Magic Shop","group":"shopping","category":"shop=magic","hours":"Tu,We,Fr,Sa 11:00-17:00; Su,Mo,Th \"by appointment\"","phone":"+1 301-919-6002","website":"Maximum Magic Shop","housenumber":"12944","street":"Travilah Road","city":"Potomac","postcode":"20854"}},{"type":"Feature","geometry":{"type":"Point","coordinates":[-77.26395,39.06853]},"properties":{"id":"node/13098388077","name":"Potomac Oak Mart","group":"groceries","category":"shop=convenience","hours":"Mo-Sa 07:30-20:00; Su 09:00-19:00","phone":"+1 240-477-4285","website":"https://potomac-market-potomac.edan.io/","housenumber":"12960","street":"Travilah Road"}},{"type":"Feature","geometry":{"type":"Point","coordinates":[-77.26393,39.06825]},"properties":{"id":"node/13098388078","name":"Diana Nails & Spa","group":"personal_care","category":"shop=beauty","hours":"Mo-Fr 10:00-19:00; Sa 09:00-18:00; Su 11:00-17:00","phone":"+1 301-990-9550","website":"https://diananailsspa.square.site/","housenumber":"1248","street":"Travilah Road"}},{"type":"Feature","geometry":{"type":"Point","coordinates":[-77.17763,39.12158]},"properties":{"id":"node/13100590457","name":"Luxury Nails","group":"personal_care","category":"shop=beauty","hours":"Tu-Fr 10:00-19:00; Sa 10:00-18:00; Su 11:00-17:00","phone":"+1 240-328-6688","website":"https://www.luxurynailsgaithersburg246.com/","housenumber":"16246","street":"Frederick Road"}},{"type":"Feature","geometry":{"type":"Point","coordinates":[-77.15411,39.08993]},"properties":{"id":"node/13103870222","name":"Corner Bites","group":"food","category":"amenity=restaurant","cuisine":"chinese;dim_sum","hours":"Mo-Fr 11:00-21:00; Sa-Su 10:00-21:00","phone":"+1 240-268-1948","website":"https://gocornerbites.com/","housenumber":"316","street":"North Washington Street","city":"Rockville","postcode":"20850"}},{"type":"Feature","geometry":{"type":"Point","coordinates":[-77.05165,39.03925]},"properties":{"id":"node/13106083469","name":"Filippo\u2019s Italian Specialties","group":"food","category":"shop=deli","hours":"Mo-Fr 10:00-18:00; Sa 09:00-18:00; Su 10:00-14:00","phone":"+1 301-949-4150","website":"https://filipposdeli.com/","housenumber":"11224","street":"Triangle Lane","city":"Wheaton","postcode":"20902"}},{"type":"Feature","geometry":{"type":"Point","coordinates":[-77.05168,39.0394]},"properties":{"id":"node/13106083472","name":"Isabel Florist","group":"shopping","category":"shop=florist","hours":"Mo-Sa 09:30-18:00","phone":"+1 301-500-1120","website":"https://isabelflorist.com/","housenumber":"11232","street":"Triangle Lane","city":"Silver Spring","postcode":"20902"}},{"type":"Feature","geometry":{"type":"Point","coordinates":[-77.10491,39.04677]},"properties":{"id":"node/13114626316","name":"Rest & Repose Spa","group":"personal_care","category":"shop=massage","hours":"Mo-Su 10:00-21:00","phone":"+1-301-795-8363","website":"https://restreposespa.com/","housenumber":"11625","street":"Nebel Street","postcode":"20852"}},{"type":"Feature","geometry":{"type":"Point","coordinates":[-77.10491,39.04691]},"properties":{"id":"node/13114626317","name":"Biro Dominican Salon","group":"personal_care","category":"shop=hairdresser","hours":"Tu-Fr 09:00-19:00; Sa 09:00-18:00; Su-Mo off","phone":"+1-301-881-5339","website":"https://www.birodominicansalon.com/","housenumber":"11629","street":"Nebel Street","city":"Rockville","postcode":"20852"}},{"type":"Feature","geometry":{"type":"Point","coordinates":[-77.10492,39.04696]},"properties":{"id":"node/13114626318","name":"Corolla Beauty Supply","group":"personal_care","category":"shop=beauty","hours":"Mo-Fr 08:00-16:00; Sa-Su off","phone":"+1-240-461-7459","website":"https://corollabeautysupply.com/","housenumber":"11631","street":"Nebel Street","city":"Rockville","postcode":"20852"}},{"type":"Feature","geometry":{"type":"Point","coordinates":[-77.1049,39.04656]},"properties":{"id":"node/13114626326","name":"Master Shoe Repair","group":"services","category":"shop=shoe_repair","phone":"+1-301-231-7789","website":"https://mastershoerepair.wordpress.com/","housenumber":"11619","street":"Nebel Street","city":"Rockville","postcode":"20852"}},{"type":"Feature","geometry":{"type":"Point","coordinates":[-77.10479,39.04656]},"properties":{"id":"node/13114626328","name":"Kitchen and Bath Concepts","group":"shopping","category":"shop=kitchen","hours":"Mo-Fr 09:00-19:00; Sa 11:00-18:00; Su 12:00-16:00","phone":"+1-301-335-4749","website":"https://kitchenandbathconcept.com/","housenumber":"11613","street":"Nebel Street","city":"Rockville"}},{"type":"Feature","geometry":{"type":"Point","coordinates":[-77.10479,39.0467]},"properties":{"id":"node/13114626331","name":"BodyTech","group":"groceries","category":"shop=nutrition_supplements","hours":"Mo-Tu 09:00-15:00; We off; Th 09:00-17:30; Fr 09:00-15:00; Sa 09:00-12:30; Su off","phone":"+1-301-881-1784","website":"https://mybodytech.com/","housenumber":"11609","street":"Nebel Street","city":"Rockville","postcode":"20852"}},{"type":"Feature","geometry":{"type":"Point","coordinates":[-77.19205,39.09666]},"properties":{"id":"node/13116777979","name":"Sarah's Handmade Ice Cream","group":"food","category":"amenity=ice_cream","hours":"Mo-Su 11:00-21:00","phone":"+1-301-545-2152","website":"https://sarahshandmadeicecream.com/","housenumber":"14929","street":"Shady Grove Road","city":"Rockville"}},{"type":"Feature","geometry":{"type":"Point","coordinates":[-77.19198,39.09677]},"properties":{"id":"node/13116777982","name":"Salon Revive 2","group":"personal_care","category":"shop=hairdresser","hours":"Mo-Su 10:00-18:00","phone":"+1-301-251-2510","website":"https://salonrevive2.com/","housenumber":"14929","street":"Shady Grove Road","city":"Rockville","postcode":"20850"}},{"type":"Feature","geometry":{"type":"Point","coordinates":[-77.07618,38.99575]},"properties":{"id":"node/13121579684","name":"Elena James","group":"food","category":"amenity=restaurant","hours":"Mo off; Tu-Th 16:00-21:00; Fr-Sa 16:00-22:00; Su 09:00-15:00,16:00-21:00","phone":"+1-202-897-9906","website":"https://www.elenajamescc.com/","housenumber":"8551","street":"Connecticut Avenue","city":"Chevy Chase"}},{"type":"Feature","geometry":{"type":"Point","coordinates":[-77.07684,38.99581]},"properties":{"id":"node/13125656705","name":"Dok Khao","group":"food","category":"amenity=restaurant","cuisine":"thai","hours":"Fr-Sa 11:00-23:00; Su-Th 11:00-22:00","phone":"+1-301-718-8889","website":"https://dokkhao.com/dok-khao-chevy-chase-home/","housenumber":"8551","street":"Connecticut Avenue","city":"Chevy Chase","postcode":"20815"}},{"type":"Feature","geometry":{"type":"Point","coordinates":[-77.177,39.11152]},"properties":{"id":"node/13134929927","name":"AY\u015eE Meze Lounge","group":"food","category":"amenity=restaurant","cuisine":"mediterranean","phone":"+1-240-669-3111","website":"https://aysemeze.com/","housenumber":"700","street":"King Farm Boulevard","city":"Rockville","postcode":"20850"}},{"type":"Feature","geometry":{"type":"Point","coordinates":[-77.14174,39.07751]},"properties":{"id":"node/13140207698","name":"Ba Le Sandwiches","group":"food","category":"amenity=restaurant","cuisine":"vietnamese;sandwich","hours":"08:00-20:00","phone":"+1-301-966-6550","housenumber":"765","street":"Rockville Pike","city":"Rockville","postcode":"20852"}},{"type":"Feature","geometry":{"type":"Point","coordinates":[-77.14186,39.0774]},"properties":{"id":"node/13140207699","name":"Darband Kabob","group":"food","category":"amenity=restaurant","cuisine":"persian","website":"https://darbandkabob.com/","housenumber":"765","street":"Rockville Pike","city":"Rockville","postcode":"20852"}},{"type":"Feature","geometry":{"type":"Point","coordinates":[-77.14921,39.03456]},"properties":{"id":"node/13141472842","name":"Cabin John Miniature Train","group":"shopping","category":"shop=ticket","website":"https://montgomeryparks.org/parks-and-trails/cabin-john-regional-park/miniature-train/"}},{"type":"Feature","geometry":{"type":"Point","coordinates":[-77.12806,39.06352]},"properties":{"id":"node/13144637462","name":"K Bap Express","group":"food","category":"amenity=restaurant","cuisine":"korean;japanese","hours":"Mo-Fr 07:00-19:00; Sa 11:00-18:00; Su off","housenumber":"121","street":"Congressional Lane","city":"Rockville"}},{"type":"Feature","geometry":{"type":"Point","coordinates":[-77.12616,39.06585]},"properties":{"id":"node/13144707062","name":"Carpet & Floor Express","group":"shopping","category":"shop=carpet","hours":"Mo-Fr 10:00-19:00; Sa 10:00-18:00; Su 12:00-17:00","phone":"+1-301-231-7355","website":"https://www.carpetandfloorexpress.com/","housenumber":"1488","street":"Rockville Pike","city":"Rockville","postcode":"20852"}},{"type":"Feature","geometry":{"type":"Point","coordinates":[-77.12635,39.06542]},"properties":{"id":"node/13144726568","name":"YuXa Flames","group":"food","category":"amenity=fast_food","cuisine":"kebab","hours":"19:00-23:00","housenumber":"1488","street":"Rockville Pike","city":"Rockville"}},{"type":"Feature","geometry":{"type":"Point","coordinates":[-77.12639,39.06556]},"properties":{"id":"node/13144736427","name":"Hulu Skewer House","group":"food","category":"amenity=restaurant","cuisine":"chinese;barbecue","hours":"Mo-Th 12:00-24:00; Fr-Su 12:00-01:00","phone":"+1-301-302-8989","housenumber":"1488","street":"Rockville Pike","city":"Rockville","postcode":"20862"}},{"type":"Feature","geometry":{"type":"Point","coordinates":[-77.12645,39.06562]},"properties":{"id":"node/13144752005","name":"Yekta Market","group":"groceries","category":"shop=supermarket","hours":"Mo-Sa 10:00-21:00; Su 11:00-19:00","phone":"+1-301-984-1190","website":"https://yektamarket.com/","housenumber":"1488","street":"Rockville Pike","city":"Rockville","postcode":"20852"}},{"type":"Feature","geometry":{"type":"Point","coordinates":[-77.15449,39.08397]},"properties":{"id":"node/13144883207","name":"Petit D\u00e9lice","group":"food","category":"shop=pastry","hours":"07:00-17:00","housenumber":"90","street":"West Montgomery Avenue","city":"Rockville","postcode":"20850"}},{"type":"Feature","geometry":{"type":"Point","coordinates":[-77.17131,39.114]},"properties":{"id":"node/13151969188","name":"Fontina Grille","group":"food","category":"amenity=restaurant","cuisine":"italian","phone":"+1-301-947-5400","website":"https://fontinagrille.com/","housenumber":"801","street":"Pleasant Drive","city":"Rockville","postcode":"20850"}},{"type":"Feature","geometry":{"type":"Point","coordinates":[-77.10456,39.04893]},"properties":{"id":"node/13153164802","name":"Bikes For The World","group":"shopping","category":"shop=bicycle","phone":"+1-703-740-7856","website":"https://www.bikesfortheworld.org/","housenumber":"11720","street":"Parklawn Drive","city":"Rockville","postcode":"20852"}},{"type":"Feature","geometry":{"type":"Point","coordinates":[-77.17409,39.09191]},"properties":{"id":"node/13158282701","name":"Neighbors Coffee","group":"food","category":"shop=coffee","hours":"We-Su 07:00-15:00","website":"https://neighborscoffee.shop","housenumber":"1101","street":"Nelson Street","postcode":"20850"}},{"type":"Feature","geometry":{"type":"Point","coordinates":[-77.17313,39.11318]},"properties":{"id":"node/13158989372","name":"Don Chicken","group":"food","category":"amenity=fast_food","cuisine":"chicken;korean","phone":"+1-240-477-4282","housenumber":"404","street":"King Farm Boulevard","city":"Rockville","postcode":"20850"}},{"type":"Feature","geometry":{"type":"Point","coordinates":[-77.15668,39.10371]},"properties":{"id":"node/13160901135","name":"A Bite of China","group":"food","category":"amenity=restaurant","cuisine":"chinese"}},{"type":"Feature","geometry":{"type":"Point","coordinates":[-77.15723,39.04112]},"properties":{"id":"node/13173681797","name":"Bethesda Bagels","group":"food","category":"amenity=fast_food","cuisine":"bagel","housenumber":"7951","street":"Tuckerman Lane"}},{"type":"Feature","geometry":{"type":"Point","coordinates":[-77.11984,39.05606]},"properties":{"id":"node/13174843436","name":"Tatte","group":"food","category":"amenity=cafe","cuisine":"bakery;cafe","housenumber":"12232","street":"Rockville Pike","city":"Rockville","postcode":"20852"}},{"type":"Feature","geometry":{"type":"Point","coordinates":[-77.13714,39.07483]},"properties":{"id":"node/13182324321","name":"Niwano Hana","group":"food","category":"amenity=restaurant","cuisine":"japanese","housenumber":"887","street":"Rockville Pike","city":"Rockville","postcode":"20852"}},{"type":"Feature","geometry":{"type":"Point","coordinates":[-77.15753,39.06116]},"properties":{"id":"node/13200782014","name":"Dulce Crepes","group":"food","category":"amenity=cafe","website":"https://www.dulcecrepes.com/locations/potomac/","housenumber":"12525","street":"Park Potomac Avenue","city":"Potomac","postcode":"20854"}},{"type":"Feature","geometry":{"type":"Point","coordinates":[-77.15739,39.06115]},"properties":{"id":"node/13200782015","name":"Pama Thai","group":"food","category":"amenity=restaurant","cuisine":"thai","housenumber":"12525","street":"Park Potomac Avenue","city":"Potomac","postcode":"20854"}},{"type":"Feature","geometry":{"type":"Point","coordinates":[-77.15768,39.06119]},"properties":{"id":"node/13200782016","name":"Yirasai Sushi","group":"food","category":"amenity=restaurant","cuisine":"sushi","housenumber":"12525","street":"Park Potomac Avenue","city":"Potomac","postcode":"20854"}},{"type":"Feature","geometry":{"type":"Point","coordinates":[-77.15763,39.06141]},"properties":{"id":"node/13200782018","name":"Royal Valet","group":"services","category":"shop=dry_cleaning","housenumber":"12525","street":"Park Potomac Avenue","city":"Potomac","postcode":"20854"}},{"type":"Feature","geometry":{"type":"Point","coordinates":[-77.13295,39.07263]},"properties":{"id":"node/13233176740","name":"Iron Age Korean Steak House","group":"food","category":"amenity=restaurant"}},{"type":"Feature","geometry":{"type":"Point","coordinates":[-77.1497,39.08393]},"properties":{"id":"node/13239562878","name":"Amai Cr\u00eape","group":"food","category":"amenity=cafe","housenumber":"199","street":"East Montgomery Avenue","city":"Rockville","postcode":"20850"}},{"type":"Feature","geometry":{"type":"Point","coordinates":[-77.15048,39.08391]},"properties":{"id":"node/13239562880","name":"Mandala Kitchen","group":"food","category":"amenity=restaurant","website":"https://mandalakitchenrv.com/","housenumber":"199","street":"East Montgomery Avenue","city":"Rockville","postcode":"20850"}},{"type":"Feature","geometry":{"type":"Point","coordinates":[-77.15066,39.0839]},"properties":{"id":"node/13239562881","name":"Feng Hotpot","group":"food","category":"amenity=restaurant","housenumber":"199","street":"East Montgomery Avenue","city":"Rockville","postcode":"20850"}},{"type":"Feature","geometry":{"type":"Point","coordinates":[-77.16014,39.06173]},"properties":{"id":"node/13252840917","name":"O'Donnell's Market","group":"groceries","category":"shop=food","website":"https://odonnellsmarket.com/","housenumber":"1073","street":"Seven Locks Road","city":"Potomac","postcode":"20854"}},{"type":"Feature","geometry":{"type":"Point","coordinates":[-77.15951,39.06171]},"properties":{"id":"node/13252840919","name":"Inspire Nail Bar","group":"personal_care","category":"shop=beauty","phone":"+1 301-202-8888","website":"https://inspirenailbarpotomac.com/","housenumber":"1081","street":"Seven Locks Road","city":"Potomac","postcode":"20854"}},{"type":"Feature","geometry":{"type":"Point","coordinates":[-77.15941,39.0617]},"properties":{"id":"node/13252840921","name":"Ricky Alessandro Salon","group":"personal_care","category":"shop=beauty","phone":"+1 301-337-2799","website":"https://www.rickyalessandrosalon.com/","housenumber":"1083","street":"Seven Locks Road","city":"Potomac","postcode":"20854"}},{"type":"Feature","geometry":{"type":"Point","coordinates":[-77.15903,39.06167]},"properties":{"id":"node/13252840922","name":"Wink Eyecare Boutique","group":"personal_care","category":"shop=optician","website":"https://www.wink.net/","housenumber":"1095","street":"Seven Locks Road","city":"Potomac","postcode":"20854"}},{"type":"Feature","geometry":{"type":"Point","coordinates":[-77.15848,39.06153]},"properties":{"id":"node/13252840927","name":"Grand Fusion Cuisine","group":"food","category":"amenity=restaurant","website":"https://www.grandfusionrockville.com/","housenumber":"350","street":"Fortune Terrace","city":"Potomac","postcode":"20854"}},{"type":"Feature","geometry":{"type":"Point","coordinates":[-77.1584,39.06179]},"properties":{"id":"node/13252840931","name":"Seven Locks Barber","group":"personal_care","category":"shop=hairdresser","hours":"Mo-Fr 09:00-19:00; Sa 08:00-18:00; Su 10:00-17:00","phone":"+1 301-762-2200","housenumber":"350","street":"Fortune Terrace","postcode":"20854"}},{"type":"Feature","geometry":{"type":"Point","coordinates":[-77.12325,39.06501]},"properties":{"id":"node/13265849101","name":"Rockville Bike Hub","group":"shopping","category":"shop=bicycle","hours":"Tu 18:00-21:00; Fr 16:00-20:00","website":"https://www.rockvillebikehub.org/","housenumber":"2277","street":"Lewis Avenue"}},{"type":"Feature","geometry":{"type":"Point","coordinates":[-77.17085,39.11469]},"properties":{"id":"node/13276116833","name":"Pet Wants","group":"shopping","category":"shop=pet","website":"https://www.petwantsrockville.com/"}},{"type":"Feature","geometry":{"type":"Point","coordinates":[-77.12775,39.06346]},"properties":{"id":"node/13276207040","name":"Yuna Nail","group":"personal_care","category":"shop=beauty","website":"https://yunanail.com/","housenumber":"121","street":"Congressional Lane","city":"Rockville","postcode":"20852"}},{"type":"Feature","geometry":{"type":"Point","coordinates":[-77.12791,39.06337]},"properties":{"id":"node/13276207041","name":"Mykonos Grill","group":"food","category":"amenity=restaurant","cuisine":"greek"}},{"type":"Feature","geometry":{"type":"Point","coordinates":[-77.19659,39.10275]},"properties":{"id":"node/13278112606","name":"Thai Cottage Bistro","group":"food","category":"amenity=restaurant","cuisine":"thai","website":"https://www.thaicottagebistro.com/","housenumber":"9613","street":"Medical Center Drive","city":"Rockville","postcode":"20850"}},{"type":"Feature","geometry":{"type":"Point","coordinates":[-77.19675,39.10303]},"properties":{"id":"node/13278112610","name":"Passion Bakery Caf\u00e9","group":"food","category":"amenity=cafe","website":"http://www.thepassionbakerycafe.com/","housenumber":"9613","street":"Medical Center Drive","city":"Rockville","postcode":"20850"}},{"type":"Feature","geometry":{"type":"Point","coordinates":[-77.1201,39.05625]},"properties":{"id":"node/13326550429","name":"California Fish Grill","group":"food","category":"amenity=restaurant"}},{"type":"Feature","geometry":{"type":"Point","coordinates":[-77.14942,39.08962]},"properties":{"id":"node/13367823189","name":"Vera's Bakery","group":"food","category":"shop=bakery","hours":"Tu-Fr 05:30-12:30","phone":"+1 240-994-6434","website":"https://www.grandmaveras.com/","housenumber":"416","street":"North Stonestreet Avenue","city":"Rockville","postcode":"20850"}},{"type":"Feature","geometry":{"type":"Point","coordinates":[-77.11606,39.05037]},"properties":{"id":"node/13414714063","name":"Bouboulina","group":"food","category":"amenity=restaurant"}},{"type":"Feature","geometry":{"type":"Point","coordinates":[-77.04917,39.06092]},"properties":{"id":"node/13441923659","name":"Story Cannabis Dispensary Silver Spring","group":"shopping","category":"shop=cannabis","hours":"Mo-Su 09:00-21:45","phone":"+1-240-247-3013","website":"https://storycannabis.com/dispensary-locations/maryland/silver-spring-md/","housenumber":"12355","street":"Georgia Avenue","city":"Silver Spring","postcode":"20906"}},{"type":"Feature","geometry":{"type":"Point","coordinates":[-77.15944,39.10936]},"properties":{"id":"node/13514638881","name":"Ourisman Lexus of Rockville","group":"shopping","category":"shop=car","phone":"+13018255944","website":"https://www.ourismanlexusofrockville.com","housenumber":"15501","street":"Frederick Rd, Rockville, MD"}},{"type":"Feature","geometry":{"type":"Point","coordinates":[-77.1328,39.10412]},"properties":{"id":"node/13546278850","name":"Towing by TRP","group":"services","category":"shop=car_repair","phone":"+1-301-588-1322","housenumber":"15101","street":"Southlawn Lane","city":"Rockville","postcode":"20855"}},{"type":"Feature","geometry":{"type":"Point","coordinates":[-77.15378,39.0948]},"properties":{"id":"node/13626911178","name":"gLeaf","group":"shopping","category":"shop=cannabis","phone":"+1-301-917-3665","housenumber":"808","street":"Hungerford Drive","city":"Rockville","postcode":"20850"}},{"type":"Feature","geometry":{"type":"Point","coordinates":[-77.15385,39.09447]},"properties":{"id":"node/13626911179","name":"Taipei Cafe","group":"food","category":"amenity=restaurant","cuisine":"asian","phone":"+1-301-838-5998","housenumber":"802","street":"Hungerford Drive","city":"Rockville","postcode":"20850"}},{"type":"Feature","geometry":{"type":"Point","coordinates":[-77.05259,39.04189]},"properties":{"id":"node/13720873801","name":"Dice City Games","group":"shopping","category":"shop=video_games","hours":"Fr 14:00-22:00; Sa-Su 11:30-19:30; Tu-Th 14:00-21:00","phone":"+1-443-424-2637","website":"https://dicecitygames.tcgplayerpro.com/","housenumber":"11406-B","street":"Georgia Avenue","postcode":"20902"}},{"type":"Feature","geometry":{"type":"Point","coordinates":[-77.15427,39.08889]},"properties":{"id":"node/13768533106","name":"Gimme More Thai","group":"food","category":"amenity=restaurant","cuisine":"thai","hours":"Tu-Sa 10:00-21:00; Su 11:30-19:00","phone":"+1-301-294-8199","website":"https://www.gimmemorethaimd.com/","housenumber":"13","street":"Dawson Avenue","city":"Rockville","postcode":"20850"}},{"type":"Feature","geometry":{"type":"Point","coordinates":[-77.19735,39.09586]},"properties":{"id":"node/13768761570","name":"Tasty Nook Cafe","group":"food","category":"amenity=restaurant","cuisine":"breakfast;brunch","hours":"Mo-Fr 07:30-17:00; Sa 08:00-17:00; Su 08:00-15:00","phone":"+12029412030","website":"https://www.tastynookcafe.com/","housenumber":"9800","street":"Medical Center Drive","city":"Rockville","postcode":"20850"}},{"type":"Feature","geometry":{"type":"Point","coordinates":[-77.20657,39.09584]},"properties":{"id":"node/13772886295","name":"Travilah Beer Wine & Bar","group":"groceries","category":"shop=alcohol","hours":"Su-Th 10:00-22:00; Fr-Sa 10:00-23:00","phone":"+12405540045","housenumber":"10028","street":"Darnestown Road","city":"Rockville","postcode":"20850"}},{"type":"Feature","geometry":{"type":"Point","coordinates":[-77.1165,39.05962]},"properties":{"id":"node/13874544601","name":"Video Transfer, Inc.","group":"shopping","category":"shop=video","hours":"Mo-Fr 06:00-17:30","phone":"+1-301-881-0270","website":"http://www.videotransferinc.com/","housenumber":"5800","street":"Arundel Avenue","postcode":"20852"}},{"type":"Feature","geometry":{"type":"Point","coordinates":[-77.09793,39.0454]},"properties":{"id":"node/13874564401","name":"Everpresent Video","group":"shopping","category":"shop=video","housenumber":"11512","street":"Schuylkill Road"}},{"type":"Feature","geometry":{"type":"Point","coordinates":[-77.12456,39.06126]},"properties":{"id":"node/13890103690","name":"Okaeri Cafe","group":"food","category":"amenity=cafe","cuisine":"japanese"}},{"type":"Feature","geometry":{"type":"Point","coordinates":[-77.13276,39.09371]},"properties":{"id":"node/13894989101","name":"Good Vibes Bikes","group":"shopping","category":"shop=bicycle","phone":"+1-240-482-9911","website":"https://www.goodvibesbikes.com/","housenumber":"1601","street":"East Gude Drive","postcode":"20850"}},{"type":"Feature","geometry":{"type":"Point","coordinates":[-77.11114,39.09475]},"properties":{"id":"node/13912184601","name":"Ema Rossi Pizzeria","group":"food","category":"amenity=restaurant","cuisine":"italian;pasta;pizza","hours":"Fr 12:00-21:30; Sa 10:00-21:30; Su 10:00-21:00; Tu-Th 12:00-21:00","phone":"+1-240-669-9900","website":"https://www.emarossipizzeria.com/","housenumber":"5556","street":"Norbeck Road","postcode":"20853"}},{"type":"Feature","geometry":{"type":"Point","coordinates":[-77.05056,39.04195]},"properties":{"id":"node/13913081901","name":"Mi La Cay","group":"food","category":"amenity=restaurant","cuisine":"vietnamese","hours":"Fr-We 10:00-20:00","phone":"+1-301-929-2822","website":"http://milacaywheaton.com","housenumber":"2407","street":"University Boulevard West","postcode":"20902"}},{"type":"Feature","geometry":{"type":"Point","coordinates":[-77.02257,39.1486]},"properties":{"id":"node/13917810801","name":"Christopher's Hardware","group":"shopping","category":"shop=hardware"}},{"type":"Feature","geometry":{"type":"Point","coordinates":[-77.12253,39.05799]},"properties":{"id":"node/13923689887","name":"Tipping Point","group":"groceries","category":"shop=alcohol","housenumber":"12274","street":"Rockville Pike"}},{"type":"Feature","geometry":{"type":"Point","coordinates":[-77.15814,39.04212]},"properties":{"id":"node/13947834801","name":"Kema By KENAKI","group":"food","category":"amenity=restaurant","cuisine":"japanese;sushi","hours":"Mo-Th, Fr 11:30-02:30; Mo-Th 16:30-20:30; Fr, Sa 16:30-21:00;\nSa 12:00-14:30","phone":"+1 240-907-2194","website":"https://www.kemasushi.com/","housenumber":"11325 Suite 115","street":"Seven Locks Road","postcode":"20854-3234"}},{"type":"Feature","geometry":{"type":"Point","coordinates":[-77.17631,39.12113]},"properties":{"id":"node/13948430661","name":"Express Tires and Auto Services","group":"services","category":"shop=car_repair","hours":"Mo-Fr 08:00-18:00; Sa 08:00-14:00","phone":"+1-240-614-7581","website":"https://expresstiresautomd.com/","housenumber":"16210","street":"S. Frederick Ave."}},{"type":"Feature","geometry":{"type":"Point","coordinates":[-77.15213,39.08581]},"properties":{"id":"node/13962897516","name":"Koala Kreme","group":"food","category":"amenity=restaurant","cuisine":"frozen_yogurt;ice_cream","phone":"+1-240-593-6808","housenumber":"100","street":"Gibbs Street","city":"Rockville","postcode":"20850"}},{"type":"Feature","geometry":{"type":"Point","coordinates":[-77.14924,39.08569]},"properties":{"id":"node/13962897517","name":"MLUX Nail Spa","group":"personal_care","category":"shop=beauty","housenumber":"121","street":"Rockville Pike","city":"Rockville","postcode":"20860"}},{"type":"Feature","geometry":{"type":"Point","coordinates":[-77.07979,39.02962]},"properties":{"id":"node/13971468638","name":"Shorb Landscaping","group":"services","category":"craft=gardener"}},{"type":"Feature","geometry":{"type":"Point","coordinates":[-77.2087,39.01975]},"properties":{"id":"node/13991113984","name":"Spa65 Thai Massage & Bodywork","group":"personal_care","category":"shop=massage","hours":"Mo-Su 09:00-21:00","phone":"+1-443-236-4935","website":"https://spa65.com","housenumber":"10008","street":"Falls Rd","city":"Potomac","postcode":"20854"}},{"type":"Feature","geometry":{"type":"Point","coordinates":[-77.21092,39.01746]},"properties":{"id":"node/14024354601","name":"Bagels n Grinds","group":"food","category":"amenity=cafe","cuisine":"bagel;coffee_shop","hours":"Mo-Su 05:00-17:00","phone":"+1-301-299-7701","website":"https://www.bagelsngrinds.com/","housenumber":"9812","street":"Falls Road","postcode":"20854"}},{"type":"Feature","geometry":{"type":"Point","coordinates":[-77.15572,38.97362]},"properties":{"id":"node/14024638301","name":"Dry Cleaners","group":"services","category":"shop=dry_cleaning","hours":"Mo-Fr 07:00-19:00; Sa 08:00-20:00","housenumber":"7607-A","street":"MacArthur Boulevard","postcode":"20818"}},{"type":"Feature","geometry":{"type":"Point","coordinates":[-77.15579,38.97364]},"properties":{"id":"node/14024677602","name":"Sushi n You","group":"food","category":"amenity=restaurant","cuisine":"sushi","hours":"Su 16:00-20:00; Mo 11:30-14:30; Mo 16:00-20:30; We-Th 13:30-14:30; We-Th 16:00-20:30; Fr 11:30-14:30; Fr 16:00-21:00; Sa 12:00-02:30; Sa 16:00-21:00","phone":"+1-301-500-1063","housenumber":"7607-B","street":"MacArthur Boulevard","postcode":"20818"}},{"type":"Feature","geometry":{"type":"Point","coordinates":[-77.21066,39.01731]},"properties":{"id":"node/14026623301","name":"Whelan's Beer & Wine","group":"groceries","category":"shop=alcohol","housenumber":"9812","street":"Falls Road","postcode":"20854"}},{"type":"Feature","geometry":{"type":"Point","coordinates":[-77.21103,39.01763]},"properties":{"id":"node/14026644001","name":"The Lucky Penny","group":"shopping","category":"shop=interior_decoration","hours":"Mo-Fr 10:00-18:00; Sa 10:00-16:00","housenumber":"9812","street":"Falls Road","postcode":"20854"}},{"type":"Feature","geometry":{"type":"Point","coordinates":[-77.211,39.01766]},"properties":{"id":"node/14026644101","name":"Village Eye Center","group":"personal_care","category":"shop=optician","housenumber":"9812","street":"Falls Road","postcode":"20854"}},{"type":"Feature","geometry":{"type":"Point","coordinates":[-77.2106,39.01699]},"properties":{"id":"node/14026690901","name":"Potomac Nails","group":"personal_care","category":"shop=beauty","hours":"Mo-Fr 09:30-18:30; Sa 09:00-18:00","housenumber":"9812","street":"Falls Road","postcode":"20854"}},{"type":"Feature","geometry":{"type":"Point","coordinates":[-77.13729,39.07607]},"properties":{"id":"node/14027572802","name":"East Pearl Restaurant","group":"food","category":"amenity=restaurant","housenumber":"838 B","street":"Rockville Pike","postcode":"20852"}},{"type":"Feature","geometry":{"type":"Point","coordinates":[-77.13698,39.07581]},"properties":{"id":"node/14027576701","name":"Pho Nom Nom","group":"food","category":"amenity=restaurant","cuisine":"vietnamese","housenumber":"842 A","street":"Rockville Pike","postcode":"20852"}},{"type":"Feature","geometry":{"type":"Point","coordinates":[-77.13667,39.07561]},"properties":{"id":"node/14027580601","name":"Maki","group":"food","category":"amenity=restaurant","cuisine":"ramen","housenumber":"842 C","street":"Rockville Pike","postcode":"20852"}},{"type":"Feature","geometry":{"type":"Point","coordinates":[-77.13867,38.96932]},"properties":{"id":"node/14040469702","name":"Artemis Boutique Salon & Spa","group":"personal_care","category":"shop=beauty","housenumber":"7307","street":"MacArthur Boulevard"}},{"type":"Feature","geometry":{"type":"Point","coordinates":[-77.07603,39.03038]},"properties":{"id":"node/14045980872","name":"Kidus Grocery","group":"groceries","category":"shop=convenience","cuisine":"ethiopian","hours":"Mo-Su 09:00-21:00","phone":"+1-202-790-2882","website":"https://kidusgrocery.com","housenumber":"10628","street":"Connecticut Avenue"}},{"type":"Feature","geometry":{"type":"Point","coordinates":[-77.2104,39.0181]},"properties":{"id":"node/14049233701","name":"Potomac Custom Tailor","group":"services","category":"craft=tailor","housenumber":"10240","street":"River Road","postcode":"20854"}},{"type":"Feature","geometry":{"type":"Point","coordinates":[-77.16504,39.11649]},"properties":{"id":"node/14051749645","name":"Version S Auto and Motorcycle Specialist","group":"services","category":"shop=car_repair","hours":"Mo-Fr 09:00-18:00; Sa 10:00-17:00; Su off","phone":"+1-240-550-0055","website":"https://version-s.com/","housenumber":"15871","street":"Redland Road","city":"Rockville","postcode":"20855-2206"}},{"type":"Feature","geometry":{"type":"Point","coordinates":[-77.2092,39.01667]},"properties":{"id":"node/14051782401","name":"Colonial Opticians","group":"personal_care","category":"shop=optician","hours":"Mo-Tu 10:00-18:00; We 10:00-19:00; Th-Fr 10:00-18:00; Sa 10:00-16:00","phone":"+1-301-299-5222","housenumber":"10130A","street":"River Road","postcode":"20854"}},{"type":"Feature","geometry":{"type":"Point","coordinates":[-77.20812,39.01675]},"properties":{"id":"node/14051782402","name":"Westwood Cleaners","group":"services","category":"craft=tailor","street":"River Road"}},{"type":"Feature","geometry":{"type":"Point","coordinates":[-77.21011,39.01831]},"properties":{"id":"node/14089775193","name":"Bella Moda Spa","group":"personal_care","category":"shop=hairdresser","phone":"+1-301-983-5545","housenumber":"10230","street":"River Road","postcode":"20854"}},{"type":"Feature","geometry":{"type":"Point","coordinates":[-77.11754,39.05067]},"properties":{"id":"node/14092293701","name":"Char`d Burgers","group":"food","category":"amenity=restaurant"}},{"type":"Feature","geometry":{"type":"Point","coordinates":[-77.10843,39.05391]},"properties":{"id":"node/14099286939","name":"Montrose Garage","group":"services","category":"shop=car_repair"}},{"type":"Feature","geometry":{"type":"Point","coordinates":[-77.14703,39.10781]},"properties":{"id":"node/14160312680","name":"Silver Branch Rockville Beerworks","group":"food","category":"craft=brewery","hours":"Mo-Th, Su 11:30-21:30; Fr, Sa 11:30-22:00","phone":"+1-301-388-8172","website":"https://www.silverbranchbrewing.com/taproom-locations/rockville-beerworks/","housenumber":"7301","street":"Calhoun Place","city":"Rockville"}},{"type":"Feature","geometry":{"type":"Point","coordinates":[-77.14191,39.07736]},"properties":{"id":"node/14174324658","name":"El Mariachi Restaurant","group":"food","category":"amenity=restaurant","website":"https://www.elmariachirockville.com/","housenumber":"765","street":"Rockville Pike"}},{"type":"Feature","geometry":{"type":"Point","coordinates":[-77.11585,39.0504]},"properties":{"id":"node/14220593189","name":"Joola","group":"shopping","category":"shop=sports"}},{"type":"Feature","geometry":{"type":"Point","coordinates":[-77.10681,39.05143]},"properties":{"id":"node/14221091501","name":"RnJ Sports","group":"shopping","category":"shop=sports","phone":"+1-301-881-0021","website":"http://www rnjsports.com","housenumber":"11910-R","street":"Parklawn Drive","postcode":"20852"}},{"type":"Feature","geometry":{"type":"Point","coordinates":[-77.06632,39.14995]},"properties":{"id":"way/44998336","name":"Montgomery County Liquor Store","group":"groceries","category":"shop=alcohol","housenumber":"17825","street":"Georgia Avenue","city":"Olney","postcode":"20832"}},{"type":"Feature","geometry":{"type":"Point","coordinates":[-77.06716,39.15051]},"properties":{"id":"way/45055274","name":"Backyard Naturalist","group":"shopping","category":"shop=bird","phone":"+1-301-924-0024","housenumber":"17910","street":"Georgia Avenue"}},{"type":"Feature","geometry":{"type":"Point","coordinates":[-77.05791,39.15048]},"properties":{"id":"way/45158049","name":"Montgomery General Hospital Woman's Board Thrift Shop","group":"shopping","category":"shop=second_hand","housenumber":"2801","street":"Olney Sandy Spring Road","city":"Olney","postcode":"20832"}},{"type":"Feature","geometry":{"type":"Point","coordinates":[-77.07428,39.08044]},"properties":{"id":"way/45743427","name":"My Mom's Place","group":"shopping","category":"shop=florist","housenumber":"13717","street":"Georgia Avenue","postcode":"20906"}},{"type":"Feature","geometry":{"type":"Point","coordinates":[-77.07093,39.13219]},"properties":{"id":"way/45745473","name":"Sister's Sandwiches & Such","group":"food","category":"amenity=cafe","website":"https://www.sisterssandwichesandsuch.com/","housenumber":"16834","street":"Georgia Avenue","city":"Olney","postcode":"20832"}},{"type":"Feature","geometry":{"type":"Point","coordinates":[-77.07388,39.02947]},"properties":{"id":"way/45808600","name":"American Self Storage","group":"services","category":"shop=storage_rental","hours":"Mo-Su 08:00-21:00","phone":"+1-301-933-3300","website":"https://www.americanstorage.com/","housenumber":"3700","street":"Plyers Mill Road","city":"Kensington","postcode":"20895"}},{"type":"Feature","geometry":{"type":"Point","coordinates":[-77.07357,39.02848]},"properties":{"id":"way/45808636","name":"Farragut Builders","group":"services","category":"craft=builder","housenumber":"10542","street":"Metropolitan Avenue","city":"Kensington","postcode":"20895"}},{"type":"Feature","geometry":{"type":"Point","coordinates":[-77.07397,39.02878]},"properties":{"id":"way/45808686","name":"Artha Rini","group":"food","category":"amenity=restaurant","cuisine":"indonesian","hours":"Tu-Th 11:00-21:00; Fr 12:00-21:00; Sa-Su 11:00-21:00; Mo off","phone":"+1 240-505-7203","website":"https://artharini.com/","housenumber":"10562","street":"Metropolitan Avenue","city":"Kensington","postcode":"20895"}},{"type":"Feature","geometry":{"type":"Point","coordinates":[-77.0739,39.02873]},"properties":{"id":"way/45808689","name":"Talia's Cuzina","group":"food","category":"amenity=restaurant","cuisine":"mediterranean","hours":"Mo-Sa 09:00-19:00","phone":"+1-240-483-7285","website":"https://www.taliascuzina.com/","housenumber":"10560","street":"Metropolitan Avenue","city":"Kensington","postcode":"20895"}},{"type":"Feature","geometry":{"type":"Point","coordinates":[-77.07484,39.02919]},"properties":{"id":"way/45808711","name":"Manny's Pizza and Subs","group":"food","category":"amenity=fast_food","cuisine":"pizza;sandwich","hours":"Mo-Th, Su 11:00-20:00; Fr, Sa 11:00-21:00","phone":"+1 301 804 6588","website":"https://www.mannyspizzasubshop.com","housenumber":"10592","street":"Metropolitan Avenue","city":"Kensington","postcode":"20895"}},{"type":"Feature","geometry":{"type":"Point","coordinates":[-77.13742,39.07628]},"properties":{"id":"way/46945117","name":"Ebisu Life Store","group":"groceries","category":"shop=general","housenumber":"832-836","street":"Rockville Pike"}},{"type":"Feature","geometry":{"type":"Point","coordinates":[-77.13775,39.07659]},"properties":{"id":"way/46945125","name":"Patio.com","group":"shopping","category":"shop=furniture","housenumber":"824","street":"Rockville Pike"}},{"type":"Feature","geometry":{"type":"Point","coordinates":[-77.12771,39.06538]},"properties":{"id":"way/46945372","name":"Umi Hotpot Sushi & Seafood Buffet","group":"food","category":"amenity=restaurant","cuisine":"chinese","housenumber":"1471","street":"Rockville Pike","city":"Rockville","postcode":"20852"}},{"type":"Feature","geometry":{"type":"Point","coordinates":[-77.12505,39.06208]},"properties":{"id":"way/46945419","name":"Matchbox","group":"food","category":"amenity=restaurant","cuisine":"american"}},{"type":"Feature","geometry":{"type":"Point","coordinates":[-77.05127,39.06168]},"properties":{"id":"way/46975835","name":"Stained Glass Pub","group":"food","category":"amenity=pub","cuisine":"pizza","phone":"+1-301-933-4444","website":"https://www.stainedglasspub.net/glenmont-menu","housenumber":"12510","street":"Layhill Road","city":"Silver Spring","postcode":"20906"}},{"type":"Feature","geometry":{"type":"Point","coordinates":[-77.05128,39.06124]},"properties":{"id":"way/46975841","name":"Belmont TV","group":"shopping","category":"shop=electronics","housenumber":"12500","street":"Layhill Road"}},{"type":"Feature","geometry":{"type":"Point","coordinates":[-77.15654,39.1049]},"properties":{"id":"way/47107869","name":"Tint Shop","group":"services","category":"shop=car_repair"}},{"type":"Feature","geometry":{"type":"Point","coordinates":[-77.15814,39.10297]},"properties":{"id":"way/47107871","name":"New York Mart","group":"groceries","category":"shop=supermarket","housenumber":"15108","street":"Frederick Road","city":"Rockville","postcode":"20850"}},{"type":"Feature","geometry":{"type":"Point","coordinates":[-77.1589,39.10375]},"properties":{"id":"way/47107879","name":"The Tile Shop","group":"shopping","category":"shop=tiles"}},{"type":"Feature","geometry":{"type":"Point","coordinates":[-77.11217,39.04425]},"properties":{"id":"way/47245211","name":"Pro Autos","group":"services","category":"shop=car_repair","housenumber":"11430","street":"Rockville Pike","city":"North Bethesda"}},{"type":"Feature","geometry":{"type":"Point","coordinates":[-77.11896,39.05659]},"properties":{"id":"way/47245217","name":"Diamonds Direct","group":"shopping","category":"shop=jewelry","housenumber":"12101","street":"Rockville Pike","city":"Rockville","postcode":"20852"}},{"type":"Feature","geometry":{"type":"Point","coordinates":[-77.07739,39.03022]},"properties":{"id":"way/47281227","name":"Precise Auto Service","group":"services","category":"shop=car_repair","hours":"Mo-Fr 08:00-18:00; Sa 08:00-14:00","phone":"+1 301 573 5614","website":"https://preciseautomotiveservice.com","housenumber":"3921","street":"Plyers Mill Road","city":"Kensington","postcode":"20895"}},{"type":"Feature","geometry":{"type":"Point","coordinates":[-77.07792,39.03015]},"properties":{"id":"way/47281229","name":"Rock Spring Contracting, LLC","group":"services","category":"craft=builder","phone":"+1 301 933 5111","website":"https://www.rockspringcontracting.com/","housenumber":"3925","street":"Plyers Mill Road","city":"Kensington","postcode":"20895"}},{"type":"Feature","geometry":{"type":"Point","coordinates":[-77.10938,39.03884]},"properties":{"id":"way/49868434","name":"Hank Dietle's Tavern","group":"food","category":"amenity=pub","hours":"Mo-Th 16:00-23:00; Fr, Sa 16:00-00:00; Su 12:00-23:00","phone":"+1-240-512-3077","website":"https://www.hankdietles.net/","housenumber":"11010","street":"Rockville Pike"}},{"type":"Feature","geometry":{"type":"Point","coordinates":[-77.12818,38.98088]},"properties":{"id":"way/52433987","name":"WWHS Boosters","group":"groceries","category":"shop=kiosk"}},{"type":"Feature","geometry":{"type":"Point","coordinates":[-77.07598,39.03076]},"properties":{"id":"way/62343698","name":"Kelley's Auto Body","group":"services","category":"shop=car_repair","housenumber":"10644","street":"Connecticut Avenue","city":"Kensington","postcode":"20895"}},{"type":"Feature","geometry":{"type":"Point","coordinates":[-77.07583,39.03056]},"properties":{"id":"way/62343699","name":"Bethesda Chimney","group":"services","category":"craft=chimney_sweeper","housenumber":"10636","street":"Connecticut Avenue","city":"Kensington","postcode":"20895"}},{"type":"Feature","geometry":{"type":"Point","coordinates":[-77.06757,39.15077]},"properties":{"id":"way/62623879","name":"Shang Hai","group":"food","category":"amenity=fast_food","cuisine":"chinese","housenumber":"3409","street":"Morningwood Drive"}},{"type":"Feature","geometry":{"type":"Point","coordinates":[-77.15427,39.09308]},"properties":{"id":"way/64376936","name":"Great Wall Supermarket","group":"groceries","category":"shop=supermarket","housenumber":"460","street":"Hungerford Drive","city":"Rockville","postcode":"20850"}},{"type":"Feature","geometry":{"type":"Point","coordinates":[-77.15413,39.08941]},"properties":{"id":"way/64376984","name":"Montgomery County ABS \u2013 Downtown Rockville","group":"groceries","category":"shop=alcohol","hours":"Mo-Sa 10:00-21:00; Su 12:00-17:00","phone":"+1 240-773-2027","website":"https://www.montgomerycountymd.gov/ABS/stores/","housenumber":"300","street":"North Washington Street"}},{"type":"Feature","geometry":{"type":"Point","coordinates":[-77.10247,39.04885]},"properties":{"id":"way/64495362","name":"Auto Clinic","group":"shopping","category":"shop=car"}},{"type":"Feature","geometry":{"type":"Point","coordinates":[-77.0979,39.0456]},"properties":{"id":"way/64495366","name":"MezeHub","group":"food","category":"amenity=cafe","cuisine":"balkan;turkish","hours":"11:00-18:00","phone":"+1 301 246 0517","website":"https://mezehub.com","housenumber":"11508","street":"Schuylkill Road","city":"Rockville","postcode":"20852"}},{"type":"Feature","geometry":{"type":"Point","coordinates":[-77.0724,39.0276]},"properties":{"id":"way/66209045","name":"District Caf\u00e9 Mizell Station","group":"food","category":"amenity=cafe","cuisine":"coffee_shop","hours":"Tu-Sa 07:30-14:00","housenumber":"10540","street":"Saint Paul Street","city":"Kensington","postcode":"20895"}},{"type":"Feature","geometry":{"type":"Point","coordinates":[-77.07197,39.02738]},"properties":{"id":"way/66209049","name":"Ayoub N&H Carpet & Rugs","group":"shopping","category":"shop=carpet","hours":"Mo-Fr 08:30-17:00; Sa 09:30-15:00","website":"https://www.furniturerugcleaning.com/","housenumber":"10516","street":"Metropolitan Avenue","city":"Kensington","postcode":"20895"}},{"type":"Feature","geometry":{"type":"Point","coordinates":[-77.07447,39.02996]},"properties":{"id":"way/66209064","name":"Y&Y Garden","group":"services","category":"craft=gardener","housenumber":"3709","street":"Plyers Mill Road"}},{"type":"Feature","geometry":{"type":"Point","coordinates":[-77.07346,39.03265]},"properties":{"id":"way/66209065","name":"Crabtree Dispensary","group":"shopping","category":"shop=cannabis","hours":"09:00-21:00","website":"https://crabtreedispensary.com","housenumber":"3740","street":"University Boulevard West","city":"Kensington","postcode":"20895"}},{"type":"Feature","geometry":{"type":"Point","coordinates":[-77.07253,39.02751]},"properties":{"id":"way/66209067","name":"Jackie's Salon","group":"personal_care","category":"shop=hairdresser","hours":"\"private\"","housenumber":"10500","street":"Saint Paul Street"}},{"type":"Feature","geometry":{"type":"Point","coordinates":[-77.15056,39.0656]},"properties":{"id":"way/92812505","name":"Clyde's at Tower Oaks Lodge","group":"food","category":"amenity=restaurant","cuisine":"regional","hours":"Mo-Th 11:00-01:00, Fr-Sa 11:00-02:00, Su 10:00-01:00","phone":"+1 301 294 0200","website":"https://www.clydes.com/tower-oaks-lodge","housenumber":"2","street":"Preserve Parkway","city":"Rockville","postcode":"20852"}},{"type":"Feature","geometry":{"type":"Point","coordinates":[-77.04977,39.04049]},"properties":{"id":"way/93168591","name":"Ferdinand's","group":"food","category":"amenity=restaurant"}},{"type":"Feature","geometry":{"type":"Point","coordinates":[-77.04876,39.03572]},"properties":{"id":"way/94484297","name":"Fitzgerald Wheaton","group":"services","category":"shop=car_repair"}},{"type":"Feature","geometry":{"type":"Point","coordinates":[-77.04924,39.0357]},"properties":{"id":"way/94484298","name":"Fitzgerald Auto Mall","group":"shopping","category":"shop=car","housenumber":"10915","street":"Georgia Avenue"}},{"type":"Feature","geometry":{"type":"Point","coordinates":[-77.11153,39.0612]},"properties":{"id":"way/95040964","name":"La Brasa Latin Cuisine","group":"food","category":"amenity=restaurant","cuisine":"latin_american","phone":"+1-301-468-8850","website":"https://www.labrasarockville.com/","housenumber":"12401","street":"Parklawn Drive","city":"Rockville","postcode":"20852"}},{"type":"Feature","geometry":{"type":"Point","coordinates":[-77.11229,39.06099]},"properties":{"id":"way/95040969","name":"Parklawn Mechanical Services","group":"services","category":"shop=car_repair"}},{"type":"Feature","geometry":{"type":"Point","coordinates":[-77.15634,39.11343]},"properties":{"id":"way/95400738","name":"Key Tec LLC","group":"services","category":"shop=locksmith","hours":"24/7","phone":"+1 240 355 1027","website":"https://keytecllc.com","housenumber":"15815","street":"Crabbs Branch Way","city":"Rockville","postcode":"20855"}},{"type":"Feature","geometry":{"type":"Point","coordinates":[-77.07764,39.03018]},"properties":{"id":"way/112393330","name":"R.L. Voight & Son Plumbing and Heating","group":"services","category":"craft=plumber","hours":"Mo-Fr 08:00-16:00","phone":"+1 301 946 6100","website":"https://www.rlvoight.com","housenumber":"3923","street":"Plyers Mill Road","city":"Kensington","postcode":"20895"}},{"type":"Feature","geometry":{"type":"Point","coordinates":[-77.07446,39.02773]},"properties":{"id":"way/118361220","name":"Kensington Service Center","group":"services","category":"shop=car_repair","hours":"Mo-Fr 07:00-19:00; Sa 08:00-18:00"}},{"type":"Feature","geometry":{"type":"Point","coordinates":[-77.07061,39.02588]},"properties":{"id":"way/118361222","name":"Babycat Brewing","group":"food","category":"amenity=pub","hours":"We,Th 16:00-21:00; Fr,Sa 11:30-23:00; Su 11:30-21:00","website":"https://babycatbrewery.com/","housenumber":"10241","street":"Kensington Parkway","city":"Kensington","postcode":"20895"}},{"type":"Feature","geometry":{"type":"Point","coordinates":[-77.0737,39.02722]},"properties":{"id":"way/118361223","name":"Sweet Hairafter","group":"personal_care","category":"shop=hairdresser","hours":"\"by appointment, 7 days a week\"","housenumber":"10426","street":"Fawcett Street","city":"Kensington","postcode":"20895"}},{"type":"Feature","geometry":{"type":"Point","coordinates":[-77.07284,39.0268]},"properties":{"id":"way/118361225","name":"Look Again","group":"shopping","category":"shop=antiques","hours":"Th-Sa 10:00-16:00; Su 11:00-16:00","phone":"+1 301 942 4707","website":"http://www.youreyes.org/get-involved/#look-again-resale-shops","housenumber":"3716","street":"Howard Avenue","city":"Kensington","postcode":"20895"}},{"type":"Feature","geometry":{"type":"Point","coordinates":[-77.07013,39.0269]},"properties":{"id":"way/120609398","name":"Trick Trucks","group":"services","category":"shop=car_repair","hours":"Mo-Fr 08:00-17:00; Sa 09:00-13:00","website":"https://www.tricktrucks.com/","housenumber":"10431","street":"Metropolitan Avenue","city":"Kensington","postcode":"20895"}},{"type":"Feature","geometry":{"type":"Point","coordinates":[-77.0717,39.02768]},"properties":{"id":"way/120609425","name":"Murphy Brothers Classic Car Restoration","group":"services","category":"shop=car_repair","hours":"Mo-Th 09:00-16:00; Fr 09:00-14:00"}},{"type":"Feature","geometry":{"type":"Point","coordinates":[-77.07068,39.0273]},"properties":{"id":"way/120609501","name":"Bettar Appliance Sales & Services","group":"shopping","category":"shop=appliance","hours":"Mo-Fr 08:00-17:00","website":"https://www.bettarappliance.com/","housenumber":"10503","street":"Wheatley Street","city":"Kensington","postcode":"20895"}},{"type":"Feature","geometry":{"type":"Point","coordinates":[-77.04811,39.06037]},"properties":{"id":"way/122088296","name":"Country Boy Market","group":"groceries","category":"shop=supermarket","housenumber":"2211","street":"Randolph Road","city":"Silver Spring","postcode":"20902"}},{"type":"Feature","geometry":{"type":"Point","coordinates":[-77.01116,39.14762]},"properties":{"id":"way/131120664","name":"Cricket Book Shop","group":"shopping","category":"shop=books","housenumber":"17800","street":"New Hampshire Avenue"}},{"type":"Feature","geometry":{"type":"Point","coordinates":[-77.05557,39.01513]},"properties":{"id":"way/131496660","name":"Pacci's Trattoria","group":"food","category":"amenity=restaurant","cuisine":"italian","hours":"Tu-Sa 11:30-14:30,17:00-20:30; Su 10:30-14:30,17:00-20:00","phone":"+1 301 588 0867","website":"https://www.paccistrattoria.com/","housenumber":"6","street":"Post Office Road","city":"Silver Spring","postcode":"20910"}},{"type":"Feature","geometry":{"type":"Point","coordinates":[-77.04955,39.00623]},"properties":{"id":"way/136034964","name":"The Bicycle Place","group":"shopping","category":"shop=bicycle","hours":"Tu-We 11:00-19:00; Th-Fr 11:00-20:00; Sa 10:00-18:00; Su 12:00-17:00","website":"https://thebicycleplace.com/","housenumber":"9168","street":"Brookville Road","city":"Silver Spring","postcode":"20910"}},{"type":"Feature","geometry":{"type":"Point","coordinates":[-77.13918,38.96588]},"properties":{"id":"way/150868817","name":"Praline Caf\u00e9","group":"food","category":"amenity=cafe","hours":"Sa-Su 10:00-16:00","phone":"+1 301 229 1011","website":"https://www.pralineglenechopark.com/","housenumber":"7300","street":"MacArthur Boulevard","city":"Glen Echo","postcode":"20812"}},{"type":"Feature","geometry":{"type":"Point","coordinates":[-77.2498,39.11573]},"properties":{"id":"way/203427691","name":"Potomac Garden Center","group":"shopping","category":"shop=garden_centre","hours":"09:00-18:00","phone":"+1 301 948 8890","website":"http://www.potomacgardencenter.com/","housenumber":"12024","street":"Darnestown Road","city":"North Potomac","postcode":"20878"}},{"type":"Feature","geometry":{"type":"Point","coordinates":[-77.07089,39.02517]},"properties":{"id":"way/220667723","name":"Old Town Market","group":"groceries","category":"shop=convenience","cuisine":"sandwich;soup;coffee_shop;ice_cream","hours":"Mo-Sa 08:00-20:00; Su 08:00-19:00","phone":"+1-301-942-2294","website":"https://theoldtownmarket.com/","housenumber":"10251","street":"Kensington Parkway","city":"Kensington","postcode":"20895"}},{"type":"Feature","geometry":{"type":"Point","coordinates":[-77.0745,39.03268]},"properties":{"id":"way/221416474","name":"Kensington Framing","group":"shopping","category":"shop=frame"}},{"type":"Feature","geometry":{"type":"Point","coordinates":[-77.15561,38.97361]},"properties":{"id":"way/223613459","name":"Captain's Market","group":"groceries","category":"shop=alcohol","housenumber":"7607","street":"MacArthur Boulevard","postcode":"20818"}},{"type":"Feature","geometry":{"type":"Point","coordinates":[-77.24728,39.00201]},"properties":{"id":"way/226561447","name":"Great Falls Snack Bar","group":"food","category":"amenity=fast_food","housenumber":"11710","street":"MacArthur Boulevard","city":"Potomac","postcode":"20854"}},{"type":"Feature","geometry":{"type":"Point","coordinates":[-77.12015,39.06068]},"properties":{"id":"way/239945724","name":"Tony's Auto Body","group":"services","category":"shop=car_repair","website":"https://www.tonysautobodyrockville.com/","housenumber":"1818","street":"Chapman Avenue","city":"Rockville","postcode":"20852"}},{"type":"Feature","geometry":{"type":"Point","coordinates":[-77.10771,39.05301]},"properties":{"id":"way/282830576","name":"Mike & Sons Sub Shop","group":"food","category":"amenity=fast_food","cuisine":"pizza","housenumber":"5404","street":"Randolph Road","city":"North Bethesda","postcode":"20151"}},{"type":"Feature","geometry":{"type":"Point","coordinates":[-77.08203,39.05721]},"properties":{"id":"way/313962284","name":"Korean Korner","group":"groceries","category":"shop=supermarket","cuisine":"korean","hours":"09:00-21:30","phone":"+1 301-933-2000","housenumber":"12207","street":"Veirs Mill Road","city":"Silver Spring","postcode":"20906"}},{"type":"Feature","geometry":{"type":"Point","coordinates":[-77.08302,39.05776]},"properties":{"id":"way/313962286","name":"Unique Thrift Store","group":"shopping","category":"shop=second_hand","housenumber":"12211","street":"Veirs Mill Road","city":"Silver Spring","postcode":"20906"}},{"type":"Feature","geometry":{"type":"Point","coordinates":[-77.15168,38.99046]},"properties":{"id":"way/326480092","name":"American Plant","group":"shopping","category":"shop=garden_centre"}},{"type":"Feature","geometry":{"type":"Point","coordinates":[-77.13879,38.96668]},"properties":{"id":"way/333925738","name":"Pottery Handbuilding Yurt","group":"services","category":"craft=pottery"}},{"type":"Feature","geometry":{"type":"Point","coordinates":[-77.13865,38.96692]},"properties":{"id":"way/333925741","name":"Pottery Wheel Yurt","group":"services","category":"craft=pottery"}},{"type":"Feature","geometry":{"type":"Point","coordinates":[-77.139,38.96662]},"properties":{"id":"way/333925742","name":"Pottery Gallery","group":"shopping","category":"shop=pottery"}},{"type":"Feature","geometry":{"type":"Point","coordinates":[-77.13915,38.96694]},"properties":{"id":"way/333925743","name":"Glenn Echo Glassworks","group":"services","category":"craft=glaziery"}},{"type":"Feature","geometry":{"type":"Point","coordinates":[-77.13874,38.96702]},"properties":{"id":"way/333925744","name":"Pottery Kiln and Storage Building","group":"services","category":"craft=pottery"}},{"type":"Feature","geometry":{"type":"Point","coordinates":[-77.13701,38.96506]},"properties":{"id":"way/333925974","name":"Old Irish Inn","group":"food","category":"amenity=pub"}},{"type":"Feature","geometry":{"type":"Point","coordinates":[-77.05018,39.04049]},"properties":{"id":"way/341919206","name":"The Limerick Pub","group":"food","category":"amenity=pub","hours":"Mo-Tu 16:00-22:00; We-Th 11:00-22:00; Fr-Sa 11:00-24:00; Su 11:00-22:00","phone":"+1-301-946-3232","website":"https://www.thelimerickpub.net/","housenumber":"11301","street":"Elkin Street","city":"Wheaton","postcode":"20902"}},{"type":"Feature","geometry":{"type":"Point","coordinates":[-77.20212,39.03075]},"properties":{"id":"way/367180496","name":"Normandie Farm","group":"food","category":"amenity=restaurant","cuisine":"french","housenumber":"10710","street":"Falls Road","city":"Potomac","postcode":"20854"}},{"type":"Feature","geometry":{"type":"Point","coordinates":[-77.21092,39.01733]},"properties":{"id":"way/404989902","name":"Potomac Pizza","group":"food","category":"amenity=restaurant","cuisine":"pizza;regional","hours":"11:00-20:00","phone":"+1-301-299-7700","website":"https://www.potomacpizza.com/","housenumber":"9812","street":"Falls Road","city":"Potomac","postcode":"20854"}},{"type":"Feature","geometry":{"type":"Point","coordinates":[-77.20971,39.01689]},"properties":{"id":"way/404989905","name":"Vie de France","group":"food","category":"amenity=cafe","housenumber":"10146","street":"River Road","city":"Potomac","postcode":"20854"}},{"type":"Feature","geometry":{"type":"Point","coordinates":[-77.22645,38.98251]},"properties":{"id":"way/455314616","name":"Old Anglers Inn","group":"food","category":"amenity=restaurant","phone":"+1-301-365-2425","housenumber":"10801","street":"Macarthur Boulevard","city":"Potomac","postcode":"20854"}},{"type":"Feature","geometry":{"type":"Point","coordinates":[-77.11328,39.05854]},"properties":{"id":"way/511373875","name":"Nationwide Carcare Central, Inc.","group":"services","category":"shop=car_repair","housenumber":"12316","street":"Wilkins Avenue","city":"Rockville","postcode":"20852"}},{"type":"Feature","geometry":{"type":"Point","coordinates":[-77.0946,38.99803]},"properties":{"id":"way/584451439","name":"NEX Bethesda","group":"shopping","category":"shop=department_store","hours":"Mo-Sa 09:00-19:00; Su 10:00-18:00"}},{"type":"Feature","geometry":{"type":"Point","coordinates":[-77.0562,39.01518]},"properties":{"id":"way/644695828","name":"Capitol Pool Service","group":"shopping","category":"shop=swimming_pool","phone":"+1 301 608 1100","website":"https://capitolpoolservice.com/","housenumber":"9710","street":"Capitol View Avenue","city":"Silver Spring","postcode":"20910"}},{"type":"Feature","geometry":{"type":"Point","coordinates":[-77.10014,39.03132]},"properties":{"id":"way/649334113","name":"School Cafeteria","group":"food","category":"amenity=cafe"}},{"type":"Feature","geometry":{"type":"Point","coordinates":[-77.2107,39.01719]},"properties":{"id":"way/690817378","name":"Normandy Cleaners","group":"services","category":"shop=dry_cleaning","housenumber":"9812","street":"Falls Road","city":"Potomac"}},{"type":"Feature","geometry":{"type":"Point","coordinates":[-77.0589,39.03842]},"properties":{"id":"way/847264904","name":"Hugo Salon","group":"personal_care","category":"shop=hairdresser","website":"https://www.hugosalon.com/"}},{"type":"Feature","geometry":{"type":"Point","coordinates":[-77.07431,39.02889]},"properties":{"id":"way/1049655824","name":"Allbrand Auto Service","group":"services","category":"shop=car_repair","hours":"Mo-Fr 08:30-17:00","phone":"+1 301 231 1833","website":"https://www.allbrandautoservice.com/","housenumber":"10566","street":"Metropolitan Avenue","city":"Kensington","postcode":"20895"}},{"type":"Feature","geometry":{"type":"Point","coordinates":[-77.05321,39.04068]},"properties":{"id":"way/1093431539","name":"Ooh La La Bakery","group":"food","category":"shop=pastry","hours":"Mo, Tu 09:00-18:00; We-Su 08:00-19:00","phone":"+1 240 669 8218","website":"https://www.oohlalabakerymd.com/","housenumber":"2600","street":"University Boulevard West","city":"Silver Spring","postcode":"20902"}},{"type":"Feature","geometry":{"type":"Point","coordinates":[-77.25047,39.05721]},"properties":{"id":"way/1160734603","name":"The Cafe in Glenstone","group":"food","category":"amenity=restaurant","housenumber":"12002","street":"Glen Road","city":"Potomac","postcode":"20854"}},{"type":"Feature","geometry":{"type":"Point","coordinates":[-77.24876,39.05591]},"properties":{"id":"way/1197373381","name":"Patio","group":"food","category":"amenity=cafe"}},{"type":"Feature","geometry":{"type":"Point","coordinates":[-77.15216,39.08608]},"properties":{"id":"way/1332524316","name":"Nature By Trejok","group":"shopping","category":"shop=clothes","housenumber":"130","street":"Gibbs Street","city":"Rockville","postcode":"20850"}},{"type":"Feature","geometry":{"type":"Point","coordinates":[-77.15231,39.08607]},"properties":{"id":"way/1332524317","name":"Town Square Cleaners","group":"services","category":"shop=dry_cleaning","housenumber":"130","street":"Gibbs Street","city":"Rockville","postcode":"20850"}},{"type":"Feature","geometry":{"type":"Point","coordinates":[-77.15222,39.08598]},"properties":{"id":"way/1332524318","name":"Saints Valley","group":"shopping","category":"shop=gift","housenumber":"130","street":"Gibbs Street","city":"Rockville","postcode":"20850"}},{"type":"Feature","geometry":{"type":"Point","coordinates":[-77.15222,39.08534]},"properties":{"id":"way/1332524321","name":"Kumbia","group":"food","category":"amenity=restaurant","cuisine":"latin_american","housenumber":"100","street":"Gibbs Street","city":"Rockville","postcode":"20850"}},{"type":"Feature","geometry":{"type":"Point","coordinates":[-77.15217,39.08574]},"properties":{"id":"way/1332524326","name":"La Vie Nails","group":"personal_care","category":"shop=beauty","housenumber":"100","street":"Gibbs Street","city":"Rockville","postcode":"20850"}},{"type":"Feature","geometry":{"type":"Point","coordinates":[-77.15216,39.08566]},"properties":{"id":"way/1332524327","name":"Finnegan's Wake Irish Pub","group":"food","category":"amenity=restaurant","hours":"Mo 15:00-02:00; Tu-Th 12:00-02:00; Fr 12:00-03:00; Su 11:00-02:00","phone":"+13013398379","website":"http://www.finneganswakerockville.com/","housenumber":"100","street":"Gibbs Street","city":"Rockville","postcode":"20850"}},{"type":"Feature","geometry":{"type":"Point","coordinates":[-77.1243,39.06323]},"properties":{"id":"way/1388900818","name":"Molly Tea","group":"food","category":"amenity=cafe","cuisine":"bubble_tea"}},{"type":"Feature","geometry":{"type":"Point","coordinates":[-77.12443,39.06314]},"properties":{"id":"way/1388900819","name":"Genki Wagyu House","group":"food","category":"amenity=restaurant","cuisine":"japanese"}},{"type":"Feature","geometry":{"type":"Point","coordinates":[-77.12356,39.06347]},"properties":{"id":"way/1388902812","name":"Terra Gaucha Brazilian Steakhouse","group":"food","category":"amenity=restaurant"}},{"type":"Feature","geometry":{"type":"Point","coordinates":[-77.07432,39.02909]},"properties":{"id":"relation/12461820","name":"Cherner Brothers Auto Brokers","group":"shopping","category":"shop=car","hours":"Mo-Fr 09:00-18:00; Sa 09:00-16:00","phone":"+1 301 949 9095","website":"https://www.chernerbrothers.com/","housenumber":"10566","street":"Metropolitan Avenue","city":"Kensington","postcode":"20895"}},{"type":"Feature","geometry":{"type":"Point","coordinates":[-77.14389,39.19713]},"properties":{"id":"node/658944680","name":"club house","group":"food","category":"amenity=cafe"}},{"type":"Feature","geometry":{"type":"Point","coordinates":[-77.17225,39.16733]},"properties":{"id":"node/1595567763","name":"Drycleaner","group":"services","category":"shop=laundry"}},{"type":"Feature","geometry":{"type":"Point","coordinates":[-77.16184,39.15754]},"properties":{"id":"node/1595567772","name":"Beer & Wine","group":"groceries","category":"shop=alcohol"}},{"type":"Feature","geometry":{"type":"Point","coordinates":[-77.16563,39.16324]},"properties":{"id":"node/1595567812","name":"TWPerry Hardware & Lumber","group":"shopping","category":"shop=doityourself","hours":"Mo-Fr 06:00-17:00; Sa,Su off"}},{"type":"Feature","geometry":{"type":"Point","coordinates":[-77.16258,39.16095]},"properties":{"id":"node/1595567851","name":"Buffalo Wings And Beer","group":"food","category":"amenity=bar"}},{"type":"Feature","geometry":{"type":"Point","coordinates":[-77.17208,39.16807]},"properties":{"id":"node/1595567867","name":"Gentleman Jims","group":"food","category":"amenity=bar","cuisine":"american"}},{"type":"Feature","geometry":{"type":"Point","coordinates":[-77.17196,39.16726]},"properties":{"id":"node/1595567905","name":"Aztec","group":"food","category":"amenity=restaurant","cuisine":"mexican"}},{"type":"Feature","geometry":{"type":"Point","coordinates":[-77.17212,39.16731]},"properties":{"id":"node/1595567918","name":"Beer & Wine","group":"groceries","category":"shop=alcohol"}},{"type":"Feature","geometry":{"type":"Point","coordinates":[-77.17314,39.16765]},"properties":{"id":"node/1595567944","name":"Greenbelt Construction Rentals","group":"shopping","category":"shop=doityourself"}},{"type":"Feature","geometry":{"type":"Point","coordinates":[-77.16613,39.15532]},"properties":{"id":"node/1595591467","name":"Giant Florist","group":"shopping","category":"shop=florist"}},{"type":"Feature","geometry":{"type":"Point","coordinates":[-77.16518,39.15464]},"properties":{"id":"node/1595591472","name":"Clippers Salon & Day Spa","group":"personal_care","category":"shop=beauty","housenumber":"18220","street":"Flower Hill Way","city":"Gaithersburg","postcode":"20879"}},{"type":"Feature","geometry":{"type":"Point","coordinates":[-77.17366,39.16811]},"properties":{"id":"node/1683893782","name":"Beer - Wine","group":"groceries","category":"shop=alcohol"}},{"type":"Feature","geometry":{"type":"Point","coordinates":[-77.15964,39.16066]},"properties":{"id":"node/1683893840","name":"3 Star Beer - Wine","group":"groceries","category":"shop=alcohol","hours":"Mo-Sa 07:00-22:00; Su 09:00-21:00"}},{"type":"Feature","geometry":{"type":"Point","coordinates":[-77.16286,39.16108]},"properties":{"id":"node/2169573722","name":"Pizza Delight","group":"food","category":"amenity=restaurant","cuisine":"pizza","website":"https://www.pizzadelightmenu.com/"}},{"type":"Feature","geometry":{"type":"Point","coordinates":[-77.18893,39.18615]},"properties":{"id":"node/4431190802","name":"Montgomery County Liquor and Wine","group":"groceries","category":"shop=alcohol"}},{"type":"Feature","geometry":{"type":"Point","coordinates":[-77.18894,39.18653]},"properties":{"id":"node/4431190803","name":"Montgomery County Liquor & Wine","group":"groceries","category":"shop=alcohol","housenumber":"20004","street":"Goshen Road","city":"Gaithersburg","postcode":"20886"}},{"type":"Feature","geometry":{"type":"Point","coordinates":[-77.1884,39.1848]},"properties":{"id":"node/4431190805","name":"El Paisano","group":"food","category":"amenity=restaurant","cuisine":"mexican"}},{"type":"Feature","geometry":{"type":"Point","coordinates":[-77.15528,39.17053]},"properties":{"id":"node/4636967899","name":"Trucks And Auto Inc.","group":"services","category":"shop=car_repair","phone":"+1-240-626-8620","website":"http://trucksandautoinc.com","housenumber":"7609","street":"Airpark Road","city":"Gaithersburg","postcode":"20879"}},{"type":"Feature","geometry":{"type":"Point","coordinates":[-77.18498,39.18799]},"properties":{"id":"node/6960311733","name":"Grape Expectations","group":"groceries","category":"shop=wine","hours":"Mo-Th 10:00-20:00; Fr,Sa 10:00-21:00; Su 10:00-19:00"}},{"type":"Feature","geometry":{"type":"Point","coordinates":[-77.32676,39.12163]},"properties":{"id":"node/8322558349","name":"Windridge Vineyards","group":"food","category":"craft=winery","hours":"We 13:00-20:30; Th 13:00-20:30; Fr 13:00-20:30; Sa 11:00-20:30; Su 11:00-18:00; Mo off; Tu off","phone":"+1 301-750-9463","website":"https://www.windridge.wine/","housenumber":"15700","street":"Darnestown Road","city":"Darnestown","postcode":"20874"}},{"type":"Feature","geometry":{"type":"Point","coordinates":[-77.16226,39.17313]},"properties":{"id":"node/8435354773","name":"TK Defense","group":"shopping","category":"shop=sports","hours":"\"by appointment\"","phone":"+1-301-908-8082","website":"https://tkdefenseusa.com/","housenumber":"18","street":"Cessna Court","city":"Gaithersburg","postcode":"20879"}},{"type":"Feature","geometry":{"type":"Point","coordinates":[-77.16521,39.1907]},"properties":{"id":"node/9322091526","name":"Capitol Improvements \u2013 Roofing & Siding Contractors","group":"services","category":"craft=roofer","hours":"Mo-Sa 09:00-15:00","phone":"+1-301-769-6991","website":"https://improveitmd.com/locations/gaithersburg/","housenumber":"7916","street":"Plum Creek Drive","city":"Gaithersburg","postcode":"20879"}},{"type":"Feature","geometry":{"type":"Point","coordinates":[-77.14093,39.20532]},"properties":{"id":"node/9515108230","name":"Fabric Friends & Dolls","group":"shopping","category":"shop=toys","hours":"\"curbside pickup only\"","phone":"+1-301-740-8830","website":"https://fabricfriendsdolls.com","housenumber":"6836","street":"Olney Laytonsville Road","city":"Gaithersburg","postcode":"20882"}},{"type":"Feature","geometry":{"type":"Point","coordinates":[-77.29239,39.10307]},"properties":{"id":"node/9810783333","name":"6 Twelve Food Mart","group":"groceries","category":"shop=convenience"}},{"type":"Feature","geometry":{"type":"Point","coordinates":[-77.29233,39.10315]},"properties":{"id":"node/9810783335","name":"Beer & Wine","group":"groceries","category":"shop=alcohol"}},{"type":"Feature","geometry":{"type":"Point","coordinates":[-77.1598,39.16083]},"properties":{"id":"node/10234674508","name":"Skyway Smoke Shop","group":"shopping","category":"shop=tobacco","housenumber":"18528","street":"Woodfield Road"}},{"type":"Feature","geometry":{"type":"Point","coordinates":[-77.15986,39.16086]},"properties":{"id":"node/10234711643","name":"Silver Spoon Kabobs","group":"food","category":"amenity=restaurant","hours":"Mo-Fr, Su 12:00-20:00","phone":"+1-301-990-6868","website":"http://www.silverspoonkabob.com/","housenumber":"18530","street":"Woodfield Road"}},{"type":"Feature","geometry":{"type":"Point","coordinates":[-77.17142,39.16703]},"properties":{"id":"node/10830845405","name":"Humitos","group":"food","category":"amenity=restaurant","phone":"+1-301-869-4748","website":"https://www.humitosgrillrestaurant.com","housenumber":"8371","street":"Snouffer School Road"}},{"type":"Feature","geometry":{"type":"Point","coordinates":[-77.16995,39.16677]},"properties":{"id":"node/10847030829","name":"Fredy's Auto Service","group":"services","category":"shop=car_repair","hours":"Mo-Fr 08:00-18:00; Sa 08:30-15:00","phone":"+1-301-990-0866","website":"https://www.fredysautoservice.com/"}},{"type":"Feature","geometry":{"type":"Point","coordinates":[-77.16164,39.16112]},"properties":{"id":"node/10863550547","name":"Master Tech","group":"services","category":"shop=car_repair","hours":"Mo-Fr 08:30-18:00","phone":"+1-301-208-9399","housenumber":"8027","street":"Snouffer School Road","city":"Gaithersburg","postcode":"20879"}},{"type":"Feature","geometry":{"type":"Point","coordinates":[-77.16591,39.16541]},"properties":{"id":"node/10865644107","name":"C.A.R.P. Auto Service","group":"services","category":"shop=car_repair","hours":"Mo-Fr 09:00-18:00","phone":"+1-301-330-5999"}},{"type":"Feature","geometry":{"type":"Point","coordinates":[-77.15583,39.16986]},"properties":{"id":"node/10865892038","name":"Ann's Cafe","group":"food","category":"amenity=cafe","hours":"Mo-Fr 05:30-15:30; Sa 06:00-14:00","phone":"+1-240-246-7029"}},{"type":"Feature","geometry":{"type":"Point","coordinates":[-77.15597,39.16972]},"properties":{"id":"node/10865902820","name":"Armen Lock","group":"services","category":"shop=locksmith","hours":"Mo, We, Fr 10:00-18:00","phone":"+1-301-963-8100","website":"https://www.armenlock.com/","housenumber":"7622","street":"Airpark Road"}},{"type":"Feature","geometry":{"type":"Point","coordinates":[-77.1614,39.16732]},"properties":{"id":"node/10865938242","name":"Cafe Sophie","group":"food","category":"amenity=cafe","hours":"Mo, We-Su 08:00-15:00","housenumber":"7940","street":"Airpark Road"}},{"type":"Feature","geometry":{"type":"Point","coordinates":[-77.15887,39.17113]},"properties":{"id":"node/10865993326","name":"The Fireplace Shop","group":"shopping","category":"shop=fireplace","hours":"Mo-Fr 09:00-17:00; Sa 10:00-17:00","phone":"+1-301-947-7450","housenumber":"7737","street":"Airpark Road"}},{"type":"Feature","geometry":{"type":"Point","coordinates":[-77.15896,39.16291]},"properties":{"id":"node/11168182005","name":"AC","group":"shopping","category":"shop=car_parts","website":"https://delcoline.com/placemarks/gaithersburg/","postcode":"20879"}},{"type":"Feature","geometry":{"type":"Point","coordinates":[-77.189,39.1865]},"properties":{"id":"node/11388694882","name":"Spicy Poblano","group":"food","category":"amenity=restaurant","hours":"Su-Th 11:00-22:00, Th-Sa 11:00-22:30","phone":"+13017931276","website":"https://spicypoblano.com/?utm_source=google","housenumber":"20024","street":"Goshen Road","city":"Gaithersburg","postcode":"20886"}},{"type":"Feature","geometry":{"type":"Point","coordinates":[-77.29292,39.1035]},"properties":{"id":"node/11420853538","name":"Surrey Saddlery","group":"shopping","category":"shop=leather"}},{"type":"Feature","geometry":{"type":"Point","coordinates":[-77.17154,39.16709]},"properties":{"id":"node/11881242744","name":"Gardenia's Cafe","group":"food","category":"amenity=restaurant","phone":"+1-301-355-7144","website":"https://gardeniascafe.com/","housenumber":"8377","street":"Snouffer School Road","city":"Gaithersburg","postcode":"20879"}},{"type":"Feature","geometry":{"type":"Point","coordinates":[-77.14413,39.25708]},"properties":{"id":"node/12312291764","name":"Two Story Chimney Ciderworks","group":"food","category":"craft=brewery","hours":"Th 16:00-20:00; Fr 15:00-21:00; Sa 11:00-21:00; Su 11:00-18:00","phone":"+1-240-745-5390","website":"https://twostorychimney.com","housenumber":"7115","street":"Damascus Rd"}},{"type":"Feature","geometry":{"type":"Point","coordinates":[-77.14007,39.2039]},"properties":{"id":"node/12777576281","name":"Julliano's Italian Cafe","group":"food","category":"amenity=restaurant","cuisine":"pizza;italian","phone":"+1-301-921-0199","website":"http://www.jullianos.com/","housenumber":"6840","street":"Olney Laytonsville Road","city":"Gaithersburg","postcode":"20882"}},{"type":"Feature","geometry":{"type":"Point","coordinates":[-77.16475,39.15414]},"properties":{"id":"node/13288168854","name":"Ikura","group":"food","category":"amenity=restaurant","hours":"Mo-Th, Su 11:00-22:00; Fr, Sa 11:00-22:30","phone":"+13018354400","website":"https://ikuraasiansushi.com/","housenumber":"18212","street":"Flower Hill Way"}},{"type":"Feature","geometry":{"type":"Point","coordinates":[-77.15496,39.17008]},"properties":{"id":"node/14075812649","name":"Andrea\u2019s Taqueria","group":"food","category":"amenity=restaurant","cuisine":"mexican","phone":"+1-240-477-4309","website":"https://andreastaqueriamaryland.com/","housenumber":"7601","street":"Airpark Road","city":"Gaithersburg","postcode":"20879"}},{"type":"Feature","geometry":{"type":"Point","coordinates":[-77.1438,39.25473]},"properties":{"id":"way/64510155","name":"Etchison Country Store","group":"groceries","category":"shop=country_store"}},{"type":"Feature","geometry":{"type":"Point","coordinates":[-77.11042,39.18279]},"properties":{"id":"way/64523822","name":"Rock Creek Tavern","group":"food","category":"amenity=restaurant","cuisine":"grill;barbecue","phone":"+1-301-330-0246","website":"https://rockcreektavern.com/","housenumber":"5500","street":"Olney Laytonsville Road","city":"Olney","postcode":"20832"}},{"type":"Feature","geometry":{"type":"Point","coordinates":[-77.16078,39.17067]},"properties":{"id":"way/130874922","name":"Mr. Omelette Caterers","group":"food","category":"amenity=restaurant","phone":"+1-301-340-2800","website":"https://www.mromelettemd.com","housenumber":"7845","street":"Airpark Road","city":"Gaithersburg","postcode":"20879"}},{"type":"Feature","geometry":{"type":"Point","coordinates":[-77.15635,39.16974]},"properties":{"id":"way/160173828","name":"Zimmerman Automotive","group":"services","category":"shop=car_repair","phone":"+1-301-330-0299","housenumber":"7638 A-B","street":"Airpark Road"}},{"type":"Feature","geometry":{"type":"Point","coordinates":[-77.16373,39.17241]},"properties":{"id":"way/160924354","name":"Presidential Heating and Air Conditioning, INC.","group":"services","category":"craft=hvac","housenumber":"8000","street":"Cessna Avenue"}},{"type":"Feature","geometry":{"type":"Point","coordinates":[-77.1516,39.16633]},"properties":{"id":"way/160989135","name":"CYCLEMAX","group":"shopping","category":"shop=motorcycle","hours":"Tu-Th 10:00-18:00; Fr,Sa 10:00-16:00","website":"https://www.cyclemaxusa.com/","housenumber":"7571","street":"Lindbergh Drive"}},{"type":"Feature","geometry":{"type":"Point","coordinates":[-77.16733,39.16489]},"properties":{"id":"way/164540325","name":"Seasons Nursery","group":"shopping","category":"shop=garden_centre","hours":"Mo-Sa 08:00-18:00; Su 09:00-17:00","phone":"+1-301-990-6689","website":"https://seasonsnurseryinc.com/","housenumber":"8135","street":"Snouffer School Road"}},{"type":"Feature","geometry":{"type":"Point","coordinates":[-77.16159,39.16387]},"properties":{"id":"way/164545933","name":"Bryant Group","group":"shopping","category":"shop=doityourself","housenumber":"7891","street":"Beechcraft Avenue"}},{"type":"Feature","geometry":{"type":"Point","coordinates":[-77.16114,39.16125]},"properties":{"id":"way/164547378","name":"Air Park Auto Pros","group":"services","category":"shop=car_repair","hours":"Mo-Fr 08:00-17:00","phone":"+1-301-990-2990","website":"https://www.airparkautopros.com/","housenumber":"8025","street":"Snouffer School Road"}},{"type":"Feature","geometry":{"type":"Point","coordinates":[-77.16189,39.15768]},"properties":{"id":"way/171049951","name":"The Grille at Flower Hill","group":"food","category":"amenity=pub","website":"https://www.the-grille.com/","housenumber":"18257","street":"Flower Hill Way","city":"Gaithersburg","postcode":"20879"}},{"type":"Feature","geometry":{"type":"Point","coordinates":[-77.32676,39.1212]},"properties":{"id":"way/895344556","name":"Windridge Vineyards","group":"food","category":"craft=winery","housenumber":"15700","street":"Darnestown Road","city":"Darnestown","postcode":"20874"}},{"type":"Feature","geometry":{"type":"Point","coordinates":[-77.06383,39.15224]},"properties":{"id":"node/571337993","name":"Moby Dick","group":"food","category":"amenity=fast_food","cuisine":"middle_eastern","hours":"11:00-21:00","phone":"+1-301-570-9720","website":"https://www.mobyskabob.com/stores/moby-dick-olney/","housenumber":"18103","street":"Village Center Drive","city":"Olney","postcode":"20832"}},{"type":"Feature","geometry":{"type":"Point","coordinates":[-77.06381,39.15235]},"properties":{"id":"node/571337996","name":"Classic Bakery","group":"food","category":"shop=pastry","cuisine":"ice_cream","hours":"Mo-Fr 08:00-18:00; Sa 09:00-18:00; Su 10:00-17:00","phone":"+1-443-524-0005","website":"https://www.classicbakery.com/","housenumber":"18105","street":"Village Center Drive","city":"Olney","postcode":"20832"}},{"type":"Feature","geometry":{"type":"Point","coordinates":[-77.06865,39.15348]},"properties":{"id":"node/571338013","name":"Royal Bagel Bakery","group":"food","category":"shop=deli","cuisine":"bagel","hours":"Su 06:00-16:00; Mo-We 06:00-19:00; Th 06:00-18:50; Fr 06:00-19:00; Sa-Su 06:00-16:00","phone":"+1-301-570-4048","website":"https://www.royalbagel.com/","housenumber":"3490","street":"Olney Laytonsville Road","city":"Olney","postcode":"20832"}},{"type":"Feature","geometry":{"type":"Point","coordinates":[-77.06871,39.1533]},"properties":{"id":"node/571682457","name":"Jimmy\u2019s Hair Salon","group":"personal_care","category":"shop=hairdresser","hours":"Tu-Fr 09:00-18:00; Sa 08:30-16:00","phone":"+1-301-570-7550","housenumber":"3482","street":"Olney Laytonsville Road","city":"Olney","postcode":"20832"}},{"type":"Feature","geometry":{"type":"Point","coordinates":[-77.06868,39.15339]},"properties":{"id":"node/571682460","name":"Eco Cleaners","group":"services","category":"shop=dry_cleaning","hours":"Mo-Fr 08:00-18:00; Sa 08:00-17:00","phone":"+1-301-260-0511","housenumber":"3486","street":"Olney Laytonsville Road","city":"Olney","postcode":"20832"}},{"type":"Feature","geometry":{"type":"Point","coordinates":[-77.06867,39.15293]},"properties":{"id":"node/571682475","name":"Olney Grille","group":"food","category":"amenity=restaurant","cuisine":"american","hours":"Mo-Tu 11:30-20:00; We-Th 11:30-20:30; Fr-Sa 11:30-21:30","phone":"+1-301-570-0202","website":"https://www.olneygrille.com/","housenumber":"3464","street":"Olney Laytonsville Road","city":"Olney","postcode":"20832"}},{"type":"Feature","geometry":{"type":"Point","coordinates":[-77.06825,39.15277]},"properties":{"id":"node/583186051","name":"Nail Works","group":"personal_care","category":"shop=beauty","hours":"Mo-Fr 10:00-19:00; Sa 09:00-17:00","phone":"+1-301-570-0799","housenumber":"3438","street":"Olney Laytonsville Road","city":"Olney","postcode":"20832"}},{"type":"Feature","geometry":{"type":"Point","coordinates":[-77.06816,39.15277]},"properties":{"id":"node/583186054","name":"Thai Cuisine","group":"food","category":"amenity=restaurant","cuisine":"thai","hours":"Tu-Fr 11:30-14:30, 16:30-20:00; Sa 12:00-20:00; Su 16:30-20:00","phone":"+1-301-860-1740","website":"https://www.thaicuisineolney.com/","housenumber":"3430","street":"Olney Laytonsville Road","city":"Olney","postcode":"20832"}},{"type":"Feature","geometry":{"type":"Point","coordinates":[-77.06794,39.15277]},"properties":{"id":"node/583186057","name":"Artful Frames","group":"shopping","category":"shop=art","hours":"Mo-Sa 10:00-16:00","phone":"+1-301-570-0223","housenumber":"3426","street":"Olney Laytonsville Road","city":"Olney","postcode":"20832"}},{"type":"Feature","geometry":{"type":"Point","coordinates":[-77.06785,39.15278]},"properties":{"id":"node/583186058","name":"Young Gourmet Beer & Wine","group":"groceries","category":"shop=beverages","hours":"Mo 10:00-21:00; Tu-Sa 10:00-22:00; Su 10:00-21:00","phone":"+1-301-774-7025","housenumber":"3422","street":"Olney Laytonsville Road","city":"Olney","postcode":"20832"}},{"type":"Feature","geometry":{"type":"Point","coordinates":[-77.06453,39.15394]},"properties":{"id":"node/602314465","name":"Olney Jewelers","group":"shopping","category":"shop=gift","phone":"+1-301-924-3710","website":"https://www.olneyjewelers.net/","housenumber":"12710","street":"Laurie Drive"}},{"type":"Feature","geometry":{"type":"Point","coordinates":[-77.06453,39.15385]},"properties":{"id":"node/602314561","name":"Mamma Lucia","group":"food","category":"amenity=restaurant","cuisine":"italian"}},{"type":"Feature","geometry":{"type":"Point","coordinates":[-77.0645,39.15372]},"properties":{"id":"node/602314687","name":"Hunan Delight","group":"food","category":"amenity=restaurant","cuisine":"chinese","housenumber":"18220","street":"Village Center Drive","city":"Olney","postcode":"20832"}},{"type":"Feature","geometry":{"type":"Point","coordinates":[-77.06446,39.15475]},"properties":{"id":"node/602314752","name":"Olney Beer & Wine","group":"groceries","category":"shop=alcohol","website":"https://olneybw.com/","housenumber":"18316","street":"Village Center Drive","city":"Olney","postcode":"20832"}},{"type":"Feature","geometry":{"type":"Point","coordinates":[-77.06329,39.15372]},"properties":{"id":"node/602314928","name":"Pho & Grill","group":"food","category":"amenity=restaurant","cuisine":"vietnamese","hours":"11:00-21:00","website":"https://www.pho-grill.com/","housenumber":"18153","street":"Village Center Drive","city":"Olney","postcode":"20832"}},{"type":"Feature","geometry":{"type":"Point","coordinates":[-77.0632,39.15412]},"properties":{"id":"node/602315606","name":"Carpet & Vacuum Expo","group":"shopping","category":"shop=carpet","phone":"+1-301-924-7331","website":"https://carpetandvac.com/","housenumber":"18167","street":"Village Center Drive","city":"Olney","postcode":"20832"}},{"type":"Feature","geometry":{"type":"Point","coordinates":[-77.06318,39.15424]},"properties":{"id":"node/602315727","name":"Cabinet Discounters","group":"shopping","category":"shop=kitchen","phone":"+1-301-960-8008","website":"https://www.cabinetdiscounters.com/show-rooms/kitchen-remodel-olney","housenumber":"18207","street":"Village Center Drive","city":"Olney","postcode":"20832"}},{"type":"Feature","geometry":{"type":"Point","coordinates":[-77.06336,39.15465]},"properties":{"id":"node/602316307","name":"Hair EFX","group":"personal_care","category":"shop=hairdresser"}},{"type":"Feature","geometry":{"type":"Point","coordinates":[-77.0634,39.15468]},"properties":{"id":"node/602316600","name":"Dino's Barber","group":"personal_care","category":"shop=hairdresser"}},{"type":"Feature","geometry":{"type":"Point","coordinates":[-77.06343,39.15473]},"properties":{"id":"node/602317442","name":"Elegance Nail Spa","group":"personal_care","category":"shop=beauty","housenumber":"18320","street":"Village Center Drive","city":"Olney","postcode":"20832"}},{"type":"Feature","geometry":{"type":"Point","coordinates":[-77.06461,39.1529]},"properties":{"id":"node/602372665","name":"Sargent Cleaners","group":"services","category":"shop=dry_cleaning","housenumber":"18114","street":"Village Center Drive","city":"Olney","postcode":"20832"}},{"type":"Feature","geometry":{"type":"Point","coordinates":[-77.06763,39.15242]},"properties":{"id":"node/789293008","name":"Mannequin Pis","group":"food","category":"amenity=restaurant","cuisine":"belgian","phone":"+1-301-570-4800","website":"http://www.mannequinpis.com/","housenumber":"18064","street":"Georgia Avenue","city":"Olney","postcode":"20832"}},{"type":"Feature","geometry":{"type":"Point","coordinates":[-77.06733,39.1524]},"properties":{"id":"node/789293010","name":"Star Nails","group":"personal_care","category":"shop=beauty"}},{"type":"Feature","geometry":{"type":"Point","coordinates":[-77.06723,39.15504]},"properties":{"id":"node/818388956","name":"Jiang Court","group":"food","category":"amenity=restaurant","cuisine":"chinese;sushi","hours":"Mo-Fr 11:00-12:00; Sa-Su 10:00-12:00","housenumber":"18200","street":"Georgia Avenue"}},{"type":"Feature","geometry":{"type":"Point","coordinates":[-77.0677,39.15243]},"properties":{"id":"node/818388986","name":"Wasabi Zen","group":"food","category":"amenity=restaurant","cuisine":"sushi","website":"https://www.wasabizenjapanese.com/","housenumber":"18066","street":"Georgia Avenue","city":"Olney","postcode":"20832"}},{"type":"Feature","geometry":{"type":"Point","coordinates":[-77.06736,39.15471]},"properties":{"id":"node/818388996","name":"Tru Health Pharmacy","group":"groceries","category":"amenity=pharmacy","hours":"Mo-Fr 07:30-19:00; Sa 08:00-17:00; Su closed","housenumber":"18200","street":"Georgia Avenue"}},{"type":"Feature","geometry":{"type":"Point","coordinates":[-77.06734,39.15495]},"properties":{"id":"node/818389021","name":"Olney Barber","group":"personal_care","category":"shop=hairdresser","housenumber":"18200","street":"Georgia Avenue"}},{"type":"Feature","geometry":{"type":"Point","coordinates":[-77.06753,39.15242]},"properties":{"id":"node/818389064","name":"Scratch Kitchen & Bistro","group":"food","category":"amenity=restaurant","cuisine":"american","hours":"Mo-Su 08:00-15:00","phone":"+1-240-998-5365","website":"https://www.scratcholney.com/","housenumber":"18062","street":"Georgia Avenue","city":"Olney","postcode":"20832"}},{"type":"Feature","geometry":{"type":"Point","coordinates":[-77.06784,39.15243]},"properties":{"id":"node/818389066","name":"Sweetspot Cannabis Dispensary Olney","group":"shopping","category":"shop=cannabis","cuisine":"pizza","hours":"Mo-Su 10:00-20:00","phone":"+13017740840","website":"https://sweetspotfarms.com/store/md001","housenumber":"18070","street":"Georgia Avenue","city":"Olney","postcode":"20832"}},{"type":"Feature","geometry":{"type":"Point","coordinates":[-77.06187,39.15193]},"properties":{"id":"node/1072850999","name":"The Greene Turtle","group":"food","category":"amenity=restaurant","cuisine":"american","website":"https://thegreeneturtle.com/","housenumber":"18101","street":"Town Center Drive","city":"Olney","postcode":"20832"}},{"type":"Feature","geometry":{"type":"Point","coordinates":[-77.06156,39.15327]},"properties":{"id":"node/1424160138","name":"Grill Marx","group":"food","category":"amenity=restaurant"}},{"type":"Feature","geometry":{"type":"Point","coordinates":[-77.06134,39.15263]},"properties":{"id":"node/1424160573","name":"Town Cleaners","group":"services","category":"shop=dry_cleaning"}},{"type":"Feature","geometry":{"type":"Point","coordinates":[-77.06145,39.15246]},"properties":{"id":"node/1424160917","name":"Venus Salon & Spa","group":"personal_care","category":"shop=hairdresser"}},{"type":"Feature","geometry":{"type":"Point","coordinates":[-77.06168,39.15215]},"properties":{"id":"node/1424161000","name":"Fancier Nails & Spa","group":"personal_care","category":"shop=hairdresser"}},{"type":"Feature","geometry":{"type":"Point","coordinates":[-77.06154,39.15234]},"properties":{"id":"node/1424169320","name":"Sol Azteca","group":"food","category":"amenity=restaurant","cuisine":"tex-mex","hours":"Su-Th 11:30-22:00; Fr-Sa 11:30-23:00","phone":"+1-240-390-0145","website":"https://solazteca.restaurant/","housenumber":"18129","street":"Town Center Drive","city":"Olney","postcode":"20832"}},{"type":"Feature","geometry":{"type":"Point","coordinates":[-77.06776,39.15278]},"properties":{"id":"node/1424173100","name":"Olney Station","group":"food","category":"amenity=restaurant","cuisine":"american","hours":"Mo-We 11:00-22:00; Th 11:00-23:00; Fr-Sa 11:00-24:00; Su 11:00-23:00","phone":"+1-240-722-6003","website":"https://www.olneystation.com/","housenumber":"3418","street":"Olney Laytonsville Road","city":"Olney","postcode":"20832"}},{"type":"Feature","geometry":{"type":"Point","coordinates":[-77.06874,39.15315]},"properties":{"id":"node/1424178042","name":"Nirvana Indian Cusine","group":"food","category":"amenity=restaurant","cuisine":"indian","hours":"Mo-Sa 11:30-15:00, 17:00-21:00; Su 12:00-15:00, 17:00-21:00","phone":"+1-301-570-5100","website":"https://olneynirvana.com/","housenumber":"3474","street":"Olney Laytonsville Road","city":"Olney","postcode":"20832"}},{"type":"Feature","geometry":{"type":"Point","coordinates":[-77.10068,39.17642]},"properties":{"id":"node/10681564860","name":"Lone Oak Brewery","group":"food","category":"craft=brewery","hours":"We, Th 15:00-20:00; Fr 12:00-21:00; Sa 11:00-21:00; Su 11:00-20:00; Mo 12:00-20:00","phone":"+1-240-261-4967","website":"https://loneoakbrewingco.com/","housenumber":"5000","street":"Olney Laytonsville Road"}},{"type":"Feature","geometry":{"type":"Point","coordinates":[-77.06768,39.15278]},"properties":{"id":"node/12053433435","name":"Sardi's Peruvian Chicken","group":"food","category":"amenity=restaurant","cuisine":"peruvian","hours":"Mo-Th 11:00-21:30; Fr-Sa 11:00-22:00; Su 11:00-21:30","phone":"+1-301-774-2500","website":"https://sardischicken.com/","housenumber":"3414","street":"Olney Laytonsville Road","city":"Olney","postcode":"20832"}},{"type":"Feature","geometry":{"type":"Point","coordinates":[-77.02387,39.17766]},"properties":{"id":"node/12229879402","name":"Rivermist Pet Lodge","group":"shopping","category":"shop=pet","hours":"Mo-Fr 09:00-18:00; Sa 09:00-17:00; Su 11:00-15:00","phone":"+1-301-720-8773","website":"https://rivermistpetlodge.com/","housenumber":"19515","street":"New Hampshire Ave"}},{"type":"Feature","geometry":{"type":"Point","coordinates":[-77.06348,39.15479]},"properties":{"id":"node/12231163149","name":"Persimmon Spa","group":"personal_care","category":"shop=massage"}},{"type":"Feature","geometry":{"type":"Point","coordinates":[-77.06727,39.15235]},"properties":{"id":"node/12231211530","name":"El Catrachito de Olney","group":"food","category":"amenity=restaurant","cuisine":"honduran","phone":"+1-240-389-1844","housenumber":"18050","street":"Georgia Ave"}},{"type":"Feature","geometry":{"type":"Point","coordinates":[-77.06734,39.15486]},"properties":{"id":"node/13094827186","name":"Raw Ink Studio","group":"personal_care","category":"shop=tattoo","hours":"Tu-Su 12:00-20:00","housenumber":"18200","street":"Georgia Avenue","city":"Olney","postcode":"20832"}},{"type":"Feature","geometry":{"type":"Point","coordinates":[-77.06016,39.18983]},"properties":{"id":"node/14152528252","name":"McDonnell Landscape","group":"services","category":"craft=gardener"}},{"type":"Feature","geometry":{"type":"Point","coordinates":[-77.06792,39.15183]},"properties":{"id":"way/44998343","name":"Graeves Auto & Tire","group":"services","category":"shop=car_repair","phone":"+1 301-924-8473","website":"https://www.graevesautoandappliance.com/","housenumber":"3411","street":"North High Street","city":"Olney","postcode":"20832"}},{"type":"Feature","geometry":{"type":"Point","coordinates":[-77.06628,39.15246]},"properties":{"id":"way/44998351","name":"Brew Belly","group":"groceries","category":"shop=beverages","phone":"+1 240-389-1927","website":"https://brewbelly.com/","housenumber":"18065","street":"Georgia Avenue"}},{"type":"Feature","geometry":{"type":"Point","coordinates":[-77.06727,39.15382]},"properties":{"id":"way/44998362","name":"Z Burger & Maman Joon Kabob","group":"food","category":"amenity=restaurant","cuisine":"american","phone":"+1-301-338-6789","website":"https://mamanjoonkitchen.com/","housenumber":"18100","street":"Georgia Avenue"}},{"type":"Feature","geometry":{"type":"Point","coordinates":[-77.06605,39.15215]},"properties":{"id":"way/45055270","name":"Salt and Vine","group":"food","category":"amenity=restaurant","cuisine":"italian","phone":"+1-301-570-3388","website":"https://saltandvine.com/","housenumber":"3308","street":"Olney - Sandy Spring Rd"}},{"type":"Feature","geometry":{"type":"Point","coordinates":[-77.06638,39.15122]},"properties":{"id":"way/45074581","name":"Fletchers Amoco","group":"services","category":"shop=car_repair","housenumber":"18001","street":"Georgia Avenue","city":"Olney","postcode":"20832"}},{"type":"Feature","geometry":{"type":"Point","coordinates":[-77.05729,39.17592]},"properties":{"id":"way/45204944","name":"Silo Falls","group":"food","category":"amenity=restaurant"}},{"type":"Feature","geometry":{"type":"Point","coordinates":[-77.05996,39.222]},"properties":{"id":"way/126928858","name":"Sunshine General Store","group":"groceries","category":"shop=general","hours":"Mo off; Tu-Th 05:00-17:00; Fr-Sa 06:00-17:00; Su 06:00-15:30","phone":"+1-301-774-7428","housenumber":"22300","street":"Georgia Avenue","city":"Brookeville"}},{"type":"Feature","geometry":{"type":"Point","coordinates":[-77.06501,39.19]},"properties":{"id":"way/1056949998","name":"Brookeville Beer Farm","group":"food","category":"amenity=pub","cuisine":"pizza","housenumber":"20315","street":"Georgia Ave","city":"Brookville","postcode":"20833"}},{"type":"Feature","geometry":{"type":"Point","coordinates":[-77.08506,39.22161]},"properties":{"id":"way/1060883796","name":"Elder Pine Brewing & Blending Company","group":"food","category":"craft=brewery","hours":"Tu-Th 15:00-21:00; Fr 15:00-22:00; Sa 12:00-22:00; Su 12:00-20:00","website":"https://www.elderpine.com/","housenumber":"4200","street":"Sundown Road","city":"Gaithersburg","postcode":"20882"}},{"type":"Feature","geometry":{"type":"Point","coordinates":[-77.08012,39.23011]},"properties":{"id":"way/1165910709","name":"Waredaca Brewing","group":"food","category":"amenity=pub","hours":"Th-Fr 16:00-20:00; Sa 12:00-20:00; Su 12:00-18:00","website":"https://www.waredacabrewing.com","housenumber":"4017","street":"Damascus Road","city":"Laytonsville","postcode":"20882"}},{"type":"Feature","geometry":{"type":"Point","coordinates":[-77.08653,38.96308]},"properties":{"id":"node/9553216195","name":"Joy by Seven Reasons","group":"food","category":"amenity=restaurant","cuisine":"latin_american","website":"https://www.thelittlebeettable.com/chevychase","housenumber":"5471","street":"Wisconsin Avenue","city":"Chevy Chase","postcode":"20815"}},{"type":"Feature","geometry":{"type":"Point","coordinates":[-77.08635,38.96276]},"properties":{"id":"node/9553216196","name":"Hunter\u2019s Hound","group":"food","category":"amenity=restaurant","cuisine":"irish","phone":"+1 301 969 8281","website":"https://www.thehuntershound.com/","housenumber":"5471","street":"Wisconsin Avenue","city":"Chevy Chase"}},{"type":"Feature","geometry":{"type":"Point","coordinates":[-77.08607,38.96278]},"properties":{"id":"node/13074917319","name":"Junction Bistro","group":"food","category":"amenity=restaurant"}}]}