{"type":"FeatureCollection","features":[{"type":"Feature","geometry":{"type":"Point","coordinates":[-76.95337,38.80363]},"properties":{"id":"node/458444734","name":"Jumbo Foods","group":"groceries","category":"shop=supermarket","housenumber":"3201","street":"Brinkley Road","city":"Temple Hills","postcode":"20748"}},{"type":"Feature","geometry":{"type":"Point","coordinates":[-76.94035,38.95256]},"properties":{"id":"node/598729080","name":"Franklin's","group":"food","category":"amenity=pub","phone":"+1-301-927-2740","website":"https://www.franklinsbrewery.com/","housenumber":"5121","street":"Baltimore Avenue","city":"Hyattsville","postcode":"20781"}},{"type":"Feature","geometry":{"type":"Point","coordinates":[-76.95096,38.84421]},"properties":{"id":"node/1577666596","name":"The Tender Rib","group":"food","category":"amenity=restaurant"}},{"type":"Feature","geometry":{"type":"Point","coordinates":[-77.00032,38.81804]},"properties":{"id":"node/1654382025","name":"Top Dollar Pawnbrokers","group":"shopping","category":"shop=jewelry","website":"https://topdollarpawnbrokers.com/","housenumber":"5225","street":"Indian Head Highway","postcode":"20745"}},{"type":"Feature","geometry":{"type":"Point","coordinates":[-76.94035,38.95657]},"properties":{"id":"node/2044753011","name":"Sugar Vault Desserts","group":"food","category":"shop=bakery","housenumber":"5605","street":"Baltimore Avenue","city":"Hyattsville"}},{"type":"Feature","geometry":{"type":"Point","coordinates":[-76.94018,38.9543]},"properties":{"id":"node/2044937145","name":"Master Tax","group":"services","category":"shop=financial_services"}},{"type":"Feature","geometry":{"type":"Point","coordinates":[-76.95283,38.96872]},"properties":{"id":"node/2076967449","name":"Old Dominion Brew House","group":"food","category":"amenity=pub","cuisine":"american","hours":"Su-Tu 11:00-23:00, We 11:00-24:00, Th 11:00-23:00, Fr-Sa 11:00-24:00","phone":"+1-301-887-1818","website":"https://utcolddominionbrewhouse.com/","housenumber":"6404","street":"America Boulevard","city":"Hyattsville","postcode":"20782"}},{"type":"Feature","geometry":{"type":"Point","coordinates":[-76.9346,38.96231]},"properties":{"id":"node/2089930785","name":"Town Center Market","group":"groceries","category":"shop=convenience","hours":"Mo-Th 07:00-22:30, Fr 06:00-23:00, Sa 07:00-23:00, Su 08:00-22:00","website":"https://www.towncentermarket.net/","housenumber":"4705","street":"Queensbury Road","city":"Riverdale Park","postcode":"20737"}},{"type":"Feature","geometry":{"type":"Point","coordinates":[-76.939,38.96345]},"properties":{"id":"node/2093361222","name":"Ivy Lounge","group":"shopping","category":"shop=clothes"}},{"type":"Feature","geometry":{"type":"Point","coordinates":[-76.93618,38.94593]},"properties":{"id":"node/2110614493","name":"Community Forklift","group":"shopping","category":"shop=doityourself","website":"https://communityforklift.org/","housenumber":"4671","street":"Tanglewood Drive","city":"Edmonston","postcode":"20781"}},{"type":"Feature","geometry":{"type":"Point","coordinates":[-76.98887,38.80183]},"properties":{"id":"node/2122989977","name":"Desserts by Gerard","group":"food","category":"shop=bakery","website":"https://dessertsbygerard.com","housenumber":"6341","street":"Livingston Road"}},{"type":"Feature","geometry":{"type":"Point","coordinates":[-76.94083,38.95193]},"properties":{"id":"node/2126223448","name":"Arrow Bicycle","group":"shopping","category":"shop=bicycle","phone":"+1-301-531-9250","website":"https://www.arrowbicycle.com/","housenumber":"5108","street":"Baltimore Avenue","city":"Hyattsville","postcode":"20781"}},{"type":"Feature","geometry":{"type":"Point","coordinates":[-76.92419,38.97917]},"properties":{"id":"node/2126225256","name":"C&D Auto Service","group":"services","category":"shop=car_repair"}},{"type":"Feature","geometry":{"type":"Point","coordinates":[-76.9259,38.97916]},"properties":{"id":"node/2126226261","name":"Pugh's Garage","group":"services","category":"shop=car_repair"}},{"type":"Feature","geometry":{"type":"Point","coordinates":[-76.92643,38.97937]},"properties":{"id":"node/2141611361","name":"Just+ Car Service","group":"services","category":"shop=car_repair"}},{"type":"Feature","geometry":{"type":"Point","coordinates":[-76.92613,38.97904]},"properties":{"id":"node/2141613191","name":"B & C Auto Clinic","group":"services","category":"shop=car_repair"}},{"type":"Feature","geometry":{"type":"Point","coordinates":[-76.92571,38.97912]},"properties":{"id":"node/2141614111","name":"AWA Auto Repairs","group":"services","category":"shop=car_repair"}},{"type":"Feature","geometry":{"type":"Point","coordinates":[-76.92214,38.95749]},"properties":{"id":"node/2162615415","name":"Alamo Restaurant","group":"food","category":"amenity=restaurant","cuisine":"mexican"}},{"type":"Feature","geometry":{"type":"Point","coordinates":[-76.91928,38.96416]},"properties":{"id":"node/2340429743","name":"La Flor de Puebla Bakery","group":"food","category":"shop=bakery","housenumber":"6300","street":"Kenilworth Avenue","city":"Riverdale Park","postcode":"20737"}},{"type":"Feature","geometry":{"type":"Point","coordinates":[-76.92019,38.96329]},"properties":{"id":"node/2344395587","name":"Total Auto","group":"services","category":"shop=car_repair","housenumber":"5416","street":"Quesada Road"}},{"type":"Feature","geometry":{"type":"Point","coordinates":[-76.91702,38.95829]},"properties":{"id":"node/2348632229","name":"La Grande Supermarket","group":"groceries","category":"shop=supermarket"}},{"type":"Feature","geometry":{"type":"Point","coordinates":[-76.91735,38.9593]},"properties":{"id":"node/2367807121","name":"Megamart International Food","group":"groceries","category":"shop=supermarket"}},{"type":"Feature","geometry":{"type":"Point","coordinates":[-76.98062,38.98559]},"properties":{"id":"node/2372699461","name":"Pho 75","group":"food","category":"amenity=restaurant","cuisine":"rice_noodle"}},{"type":"Feature","geometry":{"type":"Point","coordinates":[-76.95241,38.84813]},"properties":{"id":"node/2390677302","name":"Danny's Sub Shop","group":"food","category":"amenity=fast_food","cuisine":"american","housenumber":"3308","street":"Branch Avenue","postcode":"20748"}},{"type":"Feature","geometry":{"type":"Point","coordinates":[-76.95279,38.84841]},"properties":{"id":"node/2390680613","name":"Branch Avenue Liquors","group":"groceries","category":"shop=alcohol","housenumber":"3302","street":"Branch Avenue","postcode":"20748"}},{"type":"Feature","geometry":{"type":"Point","coordinates":[-76.95349,38.84918]},"properties":{"id":"node/2390682233","name":"Restaurant-Chinese & American Food- Asian- Liquor -Carry-Out","group":"food","category":"amenity=restaurant","cuisine":"chinese","city":"Suitland-Silver Hill","postcode":"20746"}},{"type":"Feature","geometry":{"type":"Point","coordinates":[-76.9533,38.84894]},"properties":{"id":"node/2390682280","name":"24 Hr Tobacco & Grocery","group":"shopping","category":"shop=tobacco","cuisine":"seafood","housenumber":"3216","street":"Branch Avenue","city":"Temple Hills","postcode":"20748"}},{"type":"Feature","geometry":{"type":"Point","coordinates":[-76.95416,38.84898]},"properties":{"id":"node/2390685751","name":"Strick's Restaurant & Liquor","group":"groceries","category":"shop=alcohol","housenumber":"3211","street":"Branch Avenue","postcode":"20748"}},{"type":"Feature","geometry":{"type":"Point","coordinates":[-76.95531,38.84907]},"properties":{"id":"node/2390685776","name":"L & V Crab Cafe","group":"food","category":"amenity=restaurant","cuisine":"seafood","housenumber":"3330","street":"Naylor Road","city":"Hillcrest Heights","postcode":"20748"}},{"type":"Feature","geometry":{"type":"Point","coordinates":[-76.95223,38.84592]},"properties":{"id":"node/2390750929","name":"Branch Ave Tire and Auto Repair","group":"services","category":"shop=car_repair"}},{"type":"Feature","geometry":{"type":"Point","coordinates":[-76.94884,38.84185]},"properties":{"id":"node/2393494766","name":"NY Chicken and Grill","group":"food","category":"amenity=fast_food","cuisine":"chicken","housenumber":"2914","street":"Colebrooke Drive","city":"Temple Hills","postcode":"20748"}},{"type":"Feature","geometry":{"type":"Point","coordinates":[-76.93555,38.96301]},"properties":{"id":"node/2467146054","name":"Apollo XII Unisex Salon","group":"personal_care","category":"shop=hairdresser","website":"http://riverdalepark.patch.com/listings/apollo-xii-unisex-salon","housenumber":"6214","street":"Rhode Island Avenue","postcode":"20737"}},{"type":"Feature","geometry":{"type":"Point","coordinates":[-76.93455,38.99087]},"properties":{"id":"node/2467270027","name":"Looney's Pub","group":"food","category":"amenity=pub","phone":"+1-240-542-4510","website":"https://looneyspubmd.com/college-park/","housenumber":"8150","street":"Baltimore Avenue","city":"College Park","postcode":"20740"}},{"type":"Feature","geometry":{"type":"Point","coordinates":[-76.96154,38.9558]},"properties":{"id":"node/2467275676","name":"Surf \"N\" Suds","group":"services","category":"shop=laundry","hours":"Mo-Su 00:00-24:00"}},{"type":"Feature","geometry":{"type":"Point","coordinates":[-76.9678,38.98489]},"properties":{"id":"node/2700702258","name":"Mega Farmers Market","group":"groceries","category":"shop=supermarket","housenumber":"2400","street":"University Boulevard East"}},{"type":"Feature","geometry":{"type":"Point","coordinates":[-76.96735,38.98492]},"properties":{"id":"node/2700702261","name":"El Amate II","group":"food","category":"amenity=restaurant","cuisine":"mexican","housenumber":"2420","street":"University Boulevard East"}},{"type":"Feature","geometry":{"type":"Point","coordinates":[-76.96685,38.98497]},"properties":{"id":"node/2700702268","name":"Asian Carry Out","group":"food","category":"amenity=restaurant","cuisine":"asian;chinese"}},{"type":"Feature","geometry":{"type":"Point","coordinates":[-76.96696,38.98496]},"properties":{"id":"node/2700702277","name":"Haircut 2000","group":"personal_care","category":"shop=hairdresser","housenumber":"2502","street":"University Boulevard East","city":"Hyattsville","postcode":"20783"}},{"type":"Feature","geometry":{"type":"Point","coordinates":[-76.9705,38.98504]},"properties":{"id":"node/2700702282","name":"La Casa De La Musica","group":"shopping","category":"shop=music","housenumber":"2334","street":"University Boulevard East"}},{"type":"Feature","geometry":{"type":"Point","coordinates":[-76.97039,38.98504]},"properties":{"id":"node/2700702285","name":"Sabor Latino","group":"food","category":"amenity=restaurant","cuisine":"salvadoran","housenumber":"2338","street":"University Boulevard East"}},{"type":"Feature","geometry":{"type":"Point","coordinates":[-76.97006,38.98511]},"properties":{"id":"node/2700702286","name":"Mega Supermarket","group":"groceries","category":"shop=supermarket","housenumber":"2340","street":"University Boulevard East"}},{"type":"Feature","geometry":{"type":"Point","coordinates":[-76.94488,38.98786]},"properties":{"id":"node/2710354645","name":"UMD Bookstore","group":"shopping","category":"shop=books"}},{"type":"Feature","geometry":{"type":"Point","coordinates":[-76.9461,38.98797]},"properties":{"id":"node/2710354662","name":"RecWell Bike Shop","group":"shopping","category":"shop=bicycle","website":"https://recwell.umd.edu/programs-activities/adventure-program/bike-shop"}},{"type":"Feature","geometry":{"type":"Point","coordinates":[-76.93709,38.98184]},"properties":{"id":"node/3695855183","name":"Aroy Thai Restaurant","group":"food","category":"amenity=restaurant","cuisine":"thai","hours":"Mo-Fr 11:30-22:00; Sa 12:00-22:00; Su 16:30-22:00","phone":"+1-301-864-5550","website":"https://www.aroythairestaurant.com/","housenumber":"4511","street":"College Avenue","city":"College Park","postcode":"20740"}},{"type":"Feature","geometry":{"type":"Point","coordinates":[-76.93735,38.9819]},"properties":{"id":"node/3695870152","name":"Wasabi Bistro","group":"food","category":"amenity=restaurant","cuisine":"japanese","housenumber":"4505","street":"College Avenue","city":"College Park"}},{"type":"Feature","geometry":{"type":"Point","coordinates":[-76.95353,38.96558]},"properties":{"id":"node/3708844020","name":"La Chiquita","group":"food","category":"amenity=restaurant","cuisine":"international"}},{"type":"Feature","geometry":{"type":"Point","coordinates":[-76.95344,38.9656]},"properties":{"id":"node/3708844021","name":"Golden House","group":"food","category":"amenity=restaurant","cuisine":"chinese"}},{"type":"Feature","geometry":{"type":"Point","coordinates":[-76.95187,38.96839]},"properties":{"id":"node/3708844023","name":"Carolina Kitchen Bar & Grill","group":"food","category":"amenity=restaurant","cuisine":"regional","hours":"Su-Th 11:00-22:00, Fr-Sa 11:00-24:00","phone":"+1-301-927-2929","website":"https://thecarolinakitchen.com/","housenumber":"6501","street":"America Boulevard","city":"Hyattsville","postcode":"20782"}},{"type":"Feature","geometry":{"type":"Point","coordinates":[-76.93387,38.99157]},"properties":{"id":"node/3732014189","name":"The Board and Brew - a board game cafe","group":"food","category":"amenity=cafe","phone":"+1-240-542-4613","website":"https://www.theboardandbrew.com/","housenumber":"8150","street":"Baltimore Avenue","city":"College Park","postcode":"20740"}},{"type":"Feature","geometry":{"type":"Point","coordinates":[-76.95912,38.96846]},"properties":{"id":"node/3732065424","name":"Regis Salon","group":"personal_care","category":"shop=beauty","phone":"+1 301 891 2225","city":"Hyattsville"}},{"type":"Feature","geometry":{"type":"Point","coordinates":[-76.95879,38.96842]},"properties":{"id":"node/3732066028","name":"Diamonds and Diamonds","group":"shopping","category":"shop=jewelry","phone":"+1 301 559 3818","city":"Hyattsville"}},{"type":"Feature","geometry":{"type":"Point","coordinates":[-76.95583,38.96824]},"properties":{"id":"node/3732066029","name":"Shoe City","group":"shopping","category":"shop=shoes","phone":"+1 301 853 3998","housenumber":"3500","street":"East-West Highway","city":"Hyattsville","postcode":"20782"}},{"type":"Feature","geometry":{"type":"Point","coordinates":[-76.93693,38.98056]},"properties":{"id":"node/3790825465","name":"Ledo Restaurant","group":"food","category":"amenity=restaurant","cuisine":"pizza;italian","phone":"+1 301-422-8122","website":"https://order.ledopizza.com/menu/ledo-pizza-college-park","housenumber":"4509","street":"Knox Road","city":"College Park","postcode":"20740"}},{"type":"Feature","geometry":{"type":"Point","coordinates":[-76.94943,38.98456]},"properties":{"id":"node/3996545357","name":"Jumbo Jumbo Cafe","group":"food","category":"amenity=fast_food","cuisine":"taiwanese;bubble_tea","hours":"10:30 - 22:00","website":"https://www.jumbojumbocafe.com/fourth-store","housenumber":"3711","street":"Campus Drive","city":"College Park","postcode":"20740"}},{"type":"Feature","geometry":{"type":"Point","coordinates":[-76.95238,38.96805]},"properties":{"id":"node/4102621409","name":"Beclaws","group":"food","category":"amenity=restaurant","cuisine":"cajun","phone":"+1-240-833-3428","website":"http://www.beclaws.co/","housenumber":"6450","street":"America Boulevard","city":"Hyattsville","postcode":"20782"}},{"type":"Feature","geometry":{"type":"Point","coordinates":[-76.93394,38.99142]},"properties":{"id":"node/4102660479","name":"NuVegan Cafe","group":"food","category":"amenity=restaurant","phone":"+1-202-232-1700","website":"https://www.ilovenuvegan.com/","housenumber":"8150","street":"Baltimore Avenue","city":"College Park","postcode":"20740"}},{"type":"Feature","geometry":{"type":"Point","coordinates":[-76.93348,38.99256]},"properties":{"id":"node/4102660480","name":"Shanghai Tokyo Cafe","group":"food","category":"amenity=restaurant","cuisine":"asian","phone":"+1 301 220 1998","website":"https://www.shanghaitokyocafemd.com/","housenumber":"8300","street":"Baltimore Avenue","city":"College Park","postcode":"20740"}},{"type":"Feature","geometry":{"type":"Point","coordinates":[-76.94278,38.98884]},"properties":{"id":"node/4288701293","name":"BRBean cafe","group":"food","category":"amenity=cafe","cuisine":"coffee_shop","phone":"+1-301-405-4102"}},{"type":"Feature","geometry":{"type":"Point","coordinates":[-76.94021,38.98843]},"properties":{"id":"node/4288701294","name":"Physics cafe","group":"food","category":"amenity=cafe","cuisine":"coffee_shop","phone":"+1-301-314-7466"}},{"type":"Feature","geometry":{"type":"Point","coordinates":[-76.93805,38.99095]},"properties":{"id":"node/4288701296","name":"Kim Kafe","group":"food","category":"amenity=cafe","cuisine":"coffee_shop","phone":"+1-301-314-8981"}},{"type":"Feature","geometry":{"type":"Point","coordinates":[-76.9451,38.9936]},"properties":{"id":"node/4288701297","name":"Sneaker's cafe","group":"food","category":"amenity=cafe","cuisine":"smoothie","hours":"Tu-Fr 10:30-22:30; Mo 10:00-22:00; Sa 10:30-21:00; Su 12:00-21:00","phone":"+1-301-404-1460","website":"https://dining.umd.edu/hours-locations/cafes"}},{"type":"Feature","geometry":{"type":"Point","coordinates":[-76.95075,38.99076]},"properties":{"id":"node/4288701298","name":"Applause cafe","group":"food","category":"amenity=cafe","cuisine":"coffee_shop","phone":"+1-301-314-6592"}},{"type":"Feature","geometry":{"type":"Point","coordinates":[-76.9448,38.98608]},"properties":{"id":"node/4288701299","name":"Footnotes Cafe","group":"food","category":"amenity=cafe","cuisine":"coffee_shop","phone":"+1-301-314-0371"}},{"type":"Feature","geometry":{"type":"Point","coordinates":[-76.94835,38.98698]},"properties":{"id":"node/4288701300","name":"Off the Record","group":"food","category":"amenity=cafe","cuisine":"coffee_shop","phone":"+1-301-314-0412"}},{"type":"Feature","geometry":{"type":"Point","coordinates":[-76.94854,38.98587]},"properties":{"id":"node/4288701301","name":"Creative Commons cafe","group":"food","category":"amenity=cafe","cuisine":"coffee_shop","phone":"+1-301-314-2119"}},{"type":"Feature","geometry":{"type":"Point","coordinates":[-76.94765,38.98285]},"properties":{"id":"node/4288701302","name":"Rudy's Cafe","group":"food","category":"amenity=cafe","cuisine":"coffee_shop","phone":"+1-301-314-8181"}},{"type":"Feature","geometry":{"type":"Point","coordinates":[-76.94111,38.9524]},"properties":{"id":"node/5064224122","name":"Vigilante Coffee","group":"food","category":"amenity=cafe","cuisine":"coffee_shop","phone":"+1-301-200-3110","website":"https://www.vigilantecoffee.com/","housenumber":"4327","street":"Gallatin Street","city":"Hyattsville","postcode":"20781"}},{"type":"Feature","geometry":{"type":"Point","coordinates":[-76.95203,38.96713]},"properties":{"id":"node/5095335745","name":"Town Center Wine And Spirits","group":"groceries","category":"shop=alcohol","housenumber":"6041","street":"America Boulevard","city":"Hyattsville","postcode":"20782"}},{"type":"Feature","geometry":{"type":"Point","coordinates":[-76.94031,38.95709]},"properties":{"id":"node/5692615521","name":"Cafe Azul","group":"food","category":"amenity=restaurant","housenumber":"4423","street":"Longfellow Street","city":"Hyattsville","postcode":"20781"}},{"type":"Feature","geometry":{"type":"Point","coordinates":[-76.93813,38.98133]},"properties":{"id":"node/5758971021","name":"Marathon Deli","group":"food","category":"amenity=restaurant","phone":"+1 301-927-6717","website":"https://www.marathondelimd.com/","housenumber":"7412","street":"Baltimore Avenue","city":"College Park","postcode":"20740"}},{"type":"Feature","geometry":{"type":"Point","coordinates":[-76.99938,38.96919]},"properties":{"id":"node/5808076399","name":"Hard Rock Hair Studio","group":"personal_care","category":"shop=hairdresser","housenumber":"6531","street":"New Hampshire Avenue","city":"Hyattsville","postcode":"20783"}},{"type":"Feature","geometry":{"type":"Point","coordinates":[-76.99925,38.96908]},"properties":{"id":"node/5808076426","name":"Super Clean Laundromat","group":"services","category":"shop=laundry","housenumber":"6523","street":"New Hampshire Avenue","city":"Hyattsville","postcode":"20783"}},{"type":"Feature","geometry":{"type":"Point","coordinates":[-76.99918,38.96881]},"properties":{"id":"node/5808076432","name":"U.S. Nails","group":"personal_care","category":"shop=beauty","housenumber":"6509","street":"New Hampshire Avenue","city":"Hyattsville","postcode":"20783"}},{"type":"Feature","geometry":{"type":"Point","coordinates":[-76.99931,38.96863]},"properties":{"id":"node/5808076656","name":"Liquor Wine & Spirit","group":"groceries","category":"shop=alcohol","housenumber":"6501","street":"New Hampshire Avenue","city":"Hyattsville","postcode":"20783"}},{"type":"Feature","geometry":{"type":"Point","coordinates":[-76.99925,38.96872]},"properties":{"id":"node/5808076661","name":"La Tiendita","group":"food","category":"amenity=restaurant","cuisine":"salvadoran","housenumber":"6505","street":"New Hampshire Avenue","city":"Hyattsville","postcode":"20783"}},{"type":"Feature","geometry":{"type":"Point","coordinates":[-76.99945,38.96924]},"properties":{"id":"node/5808076682","name":"Best Tobacco and Grocery","group":"groceries","category":"shop=convenience","housenumber":"6533","street":"New Hampshire Avenue","city":"Hyattsville","postcode":"20783"}},{"type":"Feature","geometry":{"type":"Point","coordinates":[-76.99913,38.96893]},"properties":{"id":"node/5808076690","name":"El Paraiso Tex Mex","group":"food","category":"amenity=restaurant","cuisine":"mexican","housenumber":"6515","street":"New Hampshire Avenue","city":"Hyattsville","postcode":"20783"}},{"type":"Feature","geometry":{"type":"Point","coordinates":[-76.97247,38.94411]},"properties":{"id":"node/5816155843","name":"RSZ Appliance Discount","group":"shopping","category":"shop=appliance","phone":"+1 240-831-2674","housenumber":"2305","street":"Varnum Street","city":"Mount Rainier","postcode":"20712"}},{"type":"Feature","geometry":{"type":"Point","coordinates":[-76.97311,38.94353]},"properties":{"id":"node/5816156292","name":"Kaywood Liquors","group":"groceries","category":"shop=alcohol","housenumber":"2205","street":"Varnum Street","city":"Mount Rainier","postcode":"20712"}},{"type":"Feature","geometry":{"type":"Point","coordinates":[-76.97242,38.94415]},"properties":{"id":"node/5816156302","name":"Newg Salon","group":"personal_care","category":"shop=hairdresser","housenumber":"2307","street":"Varnum Street","city":"Mount Rainier","postcode":"20712"}},{"type":"Feature","geometry":{"type":"Point","coordinates":[-76.96185,38.93625]},"properties":{"id":"node/5816177020","name":"Era Wine Bar","group":"food","category":"amenity=restaurant","cuisine":"wine","website":"https://www.erawinebar.com","housenumber":"3300","street":"Rhode Island Avenue","city":"Mount Rainier","postcode":"20712"}},{"type":"Feature","geometry":{"type":"Point","coordinates":[-76.96151,38.93641]},"properties":{"id":"node/5816177021","name":"Pennyroyal Station","group":"food","category":"amenity=restaurant","cuisine":"comfort_food","hours":"We-Fr 11:00-14:30, Tu-Th 16:00-21:00, Fr,Sa 17:00-22:00, Su 17:00-21:00; Mo off","phone":"+1 240 770-8579","website":"https://www.pennyroyalstation.com/","housenumber":"3310","street":"Rhode Island Avenue","city":"Mount Rainier","postcode":"20712"}},{"type":"Feature","geometry":{"type":"Point","coordinates":[-76.96089,38.93829]},"properties":{"id":"node/5816177688","name":"D'Oro Pizza","group":"food","category":"amenity=fast_food","cuisine":"pizza","hours":"Mo-Th 11:00-21:30; Su 12:00-21:30; Fr,Sa 11:00-22:30","phone":"+1 301-277-0001","housenumber":"4000","street":"34th Street","city":"Mount Rainier","postcode":"20712"}},{"type":"Feature","geometry":{"type":"Point","coordinates":[-76.96065,38.93675]},"properties":{"id":"node/5816177717","name":"Dodah's Kitchen","group":"food","category":"amenity=restaurant","hours":"Mo-Sa 11:00-20:00; Su 11:00-18:00","phone":"+1 202-883-6324","website":"https://dodahskitchen.com/","housenumber":"4300","street":"Rhode Island Avenue","city":"Mount Rainier","postcode":"20712"}},{"type":"Feature","geometry":{"type":"Point","coordinates":[-76.96092,38.93843]},"properties":{"id":"node/5816177755","name":"The Water Hole","group":"food","category":"amenity=fast_food","cuisine":"juice","hours":"Tu-Su 10:00-16:00","phone":"+1 301-699-0030","website":"https://www.thewaterholecommunity.com/","housenumber":"4004","street":"34th Street","city":"Mount Rainier","postcode":"20712"}},{"type":"Feature","geometry":{"type":"Point","coordinates":[-77.00118,38.9666]},"properties":{"id":"node/5818990873","name":"Caribbean Gardens","group":"food","category":"amenity=restaurant","housenumber":"6331","street":"New Hampshire Avenue","city":"Hyattsville","postcode":"20783"}},{"type":"Feature","geometry":{"type":"Point","coordinates":[-77.00168,38.96587]},"properties":{"id":"node/5818990900","name":"Xtra Cuts","group":"personal_care","category":"shop=hairdresser","housenumber":"6303","street":"New Hampshire Avenue","city":"Hyattsville","postcode":"20783"}},{"type":"Feature","geometry":{"type":"Point","coordinates":[-77.00127,38.96653]},"properties":{"id":"node/5818990928","name":"Famous PawnBrokers","group":"services","category":"shop=pawnbroker","housenumber":"6327","street":"New Hampshire Avenue","city":"Hyattsville","postcode":"20783"}},{"type":"Feature","geometry":{"type":"Point","coordinates":[-76.92065,38.9585]},"properties":{"id":"node/5819189574","name":"Mattress & Furniture","group":"shopping","category":"shop=furniture","housenumber":"5610","street":"Kenilworth Avenue","city":"Riverdale","postcode":"20737"}},{"type":"Feature","geometry":{"type":"Point","coordinates":[-76.92086,38.95829]},"properties":{"id":"node/5819189580","name":"Kenilworth Barber Shop","group":"personal_care","category":"shop=hairdresser","housenumber":"5600","street":"Kenilworth Avenue","city":"Riverdale","postcode":"20737"}},{"type":"Feature","geometry":{"type":"Point","coordinates":[-76.9206,38.95855]},"properties":{"id":"node/5819189635","name":"Maria Bonita","group":"food","category":"amenity=restaurant","housenumber":"5612","street":"Kenilworth Avenue","city":"Riverdale","postcode":"20737"}},{"type":"Feature","geometry":{"type":"Point","coordinates":[-76.92071,38.95843]},"properties":{"id":"node/5819190268","name":"Disco Centro","group":"groceries","category":"shop=variety_store","housenumber":"5606","street":"Kenilworth Avenue","city":"Riverdale","postcode":"20737"}},{"type":"Feature","geometry":{"type":"Point","coordinates":[-76.92585,38.99484]},"properties":{"id":"node/5908837085","name":"Tacos a la Madre","group":"food","category":"amenity=fast_food","cuisine":"mexican","phone":"+12402979546","website":"http://tacosalamadre.com/","housenumber":"5010","street":"Berwyn Road","city":"College Park","postcode":"20740"}},{"type":"Feature","geometry":{"type":"Point","coordinates":[-76.98602,38.98926]},"properties":{"id":"node/6009954866","name":"Jewelry Depot","group":"shopping","category":"shop=jewelry","hours":"Mo-Sa 10:00-20:00; Su 10:00-18:00","phone":"+1 301-434-1837","website":"http://www.jewelrydepotsales.com","housenumber":"7923","street":"New Hampshire Avenue","city":"Hyattsville","postcode":"20783"}},{"type":"Feature","geometry":{"type":"Point","coordinates":[-76.9381,38.98114]},"properties":{"id":"node/6135438053","name":"QU Japan","group":"food","category":"amenity=restaurant","cuisine":"hibachi","hours":"Mo-Sa 11:00-21:30; Su 12:00-21:30","phone":"+1 240-467-3332","website":"https://www.qujapancollegepark.com","housenumber":"7406","street":"Baltimore Avenue","city":"College Park","postcode":"20740"}},{"type":"Feature","geometry":{"type":"Point","coordinates":[-76.9456,38.94674]},"properties":{"id":"node/6287254324","name":"Maryland Meadworks","group":"food","category":"amenity=pub","hours":"Th 16:00-19:00; Fr 16:00-22:00; Sa 14:00-22:00; Su 11:00-19:00","phone":"+1-301-955-9644","website":"https://www.marylandmeadworks.com","housenumber":"4700","street":"Rhode Island Avenue","city":"Hyattsville","postcode":"20781"}},{"type":"Feature","geometry":{"type":"Point","coordinates":[-76.94075,38.95235]},"properties":{"id":"node/6287254326","name":"sangfroid Distillery","group":"food","category":"craft=distillery","website":"https://www.sangfroiddistilling.com/","housenumber":"5130","street":"Baltimore Avenue","city":"Hyattsville","postcode":"20781"}},{"type":"Feature","geometry":{"type":"Point","coordinates":[-76.94071,38.95268]},"properties":{"id":"node/6287254327","name":"Fleisher's of Maryland","group":"shopping","category":"shop=jewelry","phone":"+1-301-699-5553","website":"https://fleishersjewelers.com/","housenumber":"5200","street":"Baltimore Avenue","city":"Hyattsville","postcode":"20781"}},{"type":"Feature","geometry":{"type":"Point","coordinates":[-76.9355,38.98749]},"properties":{"id":"node/6484703965","name":"Potomac Pizza","group":"food","category":"amenity=restaurant","cuisine":"pizza","hours":"Su-Th 11:00-23:00; Fr,Sa 11:00-22:00","phone":"+1-240-582-5242","website":"https://www.potomacpizza.com/","housenumber":"7777","street":"Baltimore Avenue","city":"College Park","postcode":"20740"}},{"type":"Feature","geometry":{"type":"Point","coordinates":[-76.93587,38.98695]},"properties":{"id":"node/6484703966","name":"Bagels 'n Grinds","group":"food","category":"amenity=restaurant","cuisine":"bagel","hours":"Mo-Su 07:00-14:00","phone":"+1-240-582-5475","website":"https://www.bagelsngrinds.com/","housenumber":"7777","street":"Baltimore Avenue","city":"College Park","postcode":"20740"}},{"type":"Feature","geometry":{"type":"Point","coordinates":[-76.93729,38.96994]},"properties":{"id":"node/6484723653","name":"Burtons Grill & Bar","group":"food","category":"amenity=restaurant","phone":"+1-240-825-3988","website":"https://burtonsgrill.com/"}},{"type":"Feature","geometry":{"type":"Point","coordinates":[-76.93644,38.96992]},"properties":{"id":"node/6484723654","name":"Denizens Brewing Company Riverdale Park","group":"food","category":"amenity=pub","phone":"+1 240-582-6817","website":"https://denizensbrewingco.com/","housenumber":"4550","street":"Van Buren Street"}},{"type":"Feature","geometry":{"type":"Point","coordinates":[-76.9377,38.97993]},"properties":{"id":"node/6514225816","name":"Northwest Chinese","group":"food","category":"amenity=restaurant","cuisine":"chinese","hours":"We-Su 11:30-15:00,17:00-20:30","housenumber":"7313","street":"Baltimore Avenue","city":"College Park","postcode":"20740"}},{"type":"Feature","geometry":{"type":"Point","coordinates":[-76.9377,38.98001]},"properties":{"id":"node/6514225817","name":"Pho Tom","group":"food","category":"amenity=restaurant","cuisine":"noodle","hours":"We-Mo 11:00-21:00","housenumber":"7313","street":"Baltimore Avenue","city":"College Park"}},{"type":"Feature","geometry":{"type":"Point","coordinates":[-76.93771,38.98023]},"properties":{"id":"node/6514225818","name":"Big Planet Comics","group":"shopping","category":"shop=books","hours":"Mo,Tu,Sa 11:00-18:00; We,Fr 11:00-19:30; Th 11:00-18:30; Su 12:00-18:30","phone":"+1 301-699-0498","website":"https://www.bigplanetcomics.com/","housenumber":"7315","street":"Baltimore Avenue","city":"College Park","postcode":"20740"}},{"type":"Feature","geometry":{"type":"Point","coordinates":[-76.94465,38.9878]},"properties":{"id":"node/6530465504","name":"The Coffee Bar","group":"food","category":"amenity=cafe","cuisine":"coffee","website":"https://thestamp.umd.edu/food_shops_and_services/stamp_dining/the_coffee_bar","housenumber":"3972","street":"Campus Drive","city":"College Park","postcode":"20742"}},{"type":"Feature","geometry":{"type":"Point","coordinates":[-76.94257,38.98042]},"properties":{"id":"node/6532369065","name":"Seoul Spice","group":"food","category":"amenity=restaurant","cuisine":"korean","website":"https://www.seoulspice.com/","housenumber":"4200","street":"Guilford Drive","city":"College Park","postcode":"20740"}},{"type":"Feature","geometry":{"type":"Point","coordinates":[-76.94477,38.98818]},"properties":{"id":"node/6532410070","name":"Hibachi San","group":"food","category":"amenity=fast_food","cuisine":"poke","city":"College Park","postcode":"20742"}},{"type":"Feature","geometry":{"type":"Point","coordinates":[-76.94453,38.98815]},"properties":{"id":"node/6532410073","name":"Moby Dick","group":"food","category":"amenity=fast_food","city":"College Park","postcode":"20742"}},{"type":"Feature","geometry":{"type":"Point","coordinates":[-76.94465,38.98843]},"properties":{"id":"node/6532410078","name":"Maryland Dairy","group":"food","category":"amenity=ice_cream","phone":"+1-301-405-1415","housenumber":"3972","street":"Campus Drive","city":"College Park","postcode":"20742"}},{"type":"Feature","geometry":{"type":"Point","coordinates":[-76.94446,38.9879]},"properties":{"id":"node/6532410079","name":"Union Shop","group":"groceries","category":"shop=convenience","city":"College Park","postcode":"20742"}},{"type":"Feature","geometry":{"type":"Point","coordinates":[-76.94929,38.98458]},"properties":{"id":"node/6532427257","name":"Casey's Coffee","group":"food","category":"amenity=cafe","city":"College Park","postcode":"20740"}},{"type":"Feature","geometry":{"type":"Point","coordinates":[-76.92618,38.97898]},"properties":{"id":"node/6537411807","name":"ATL Car Repair","group":"services","category":"shop=car_repair"}},{"type":"Feature","geometry":{"type":"Point","coordinates":[-76.93773,38.97986]},"properties":{"id":"node/6541074639","name":"Mr. Smoke","group":"shopping","category":"shop=smoke","hours":"Mo-Sa 10:00-22:00; Su 11:00-19:00","housenumber":"7313","street":"Baltimore Avenue"}},{"type":"Feature","geometry":{"type":"Point","coordinates":[-76.93813,38.98121]},"properties":{"id":"node/6541085754","name":"Revo Nail & Spa","group":"personal_care","category":"shop=beauty","housenumber":"7408","street":"Baltimore Avenue","city":"College Park","postcode":"20740"}},{"type":"Feature","geometry":{"type":"Point","coordinates":[-76.9384,38.98173]},"properties":{"id":"node/6541095071","name":"Today's Hair","group":"personal_care","category":"shop=hairdresser","hours":"Mo-Fr 10:00-19:00; Sa 09:00-17:00; Su 12:00-16:00","phone":"+1-301-277-4861","website":"https://todayshaircp.weebly.com/","housenumber":"4437","street":"Lehigh Road","city":"College Park","postcode":"20740"}},{"type":"Feature","geometry":{"type":"Point","coordinates":[-76.93771,38.98032]},"properties":{"id":"node/6541095072","name":"Alina's Hair Salon","group":"personal_care","category":"shop=hairdresser","phone":"+1 301-454-0262","housenumber":"7319","street":"Baltimore Avenue","city":"College Park","postcode":"20740"}},{"type":"Feature","geometry":{"type":"Point","coordinates":[-76.94309,38.94906]},"properties":{"id":"node/6541096283","name":"Jo Ray's Beauty Bar","group":"personal_care","category":"shop=beauty","phone":"+1-301-955-1989","housenumber":"4812","street":"Rhode Island Avenue","city":"Hyattsville"}},{"type":"Feature","geometry":{"type":"Point","coordinates":[-76.94079,38.9522]},"properties":{"id":"node/6541119241","name":"Incredible Designs","group":"shopping","category":"shop=art","housenumber":"5124","street":"Baltimore Avenue"}},{"type":"Feature","geometry":{"type":"Point","coordinates":[-76.9403,38.95679]},"properties":{"id":"node/6541119242","name":"Walk-in Closet","group":"shopping","category":"shop=clothes","housenumber":"5612","street":"Baltimore Avenue"}},{"type":"Feature","geometry":{"type":"Point","coordinates":[-76.9377,38.9801]},"properties":{"id":"node/6541125709","name":"Ritchie's Colombian Restaurant","group":"food","category":"amenity=restaurant","cuisine":"colombian","hours":"We-Su 11:30-21:00","housenumber":"7313","street":"Baltimore Avenue","city":"College Park","postcode":"20740"}},{"type":"Feature","geometry":{"type":"Point","coordinates":[-76.93969,38.9588]},"properties":{"id":"node/6541138819","name":"Las Comadres","group":"food","category":"amenity=restaurant","cuisine":"latin_american"}},{"type":"Feature","geometry":{"type":"Point","coordinates":[-76.94023,38.95754]},"properties":{"id":"node/6541142869","name":"The W Hair Loft","group":"personal_care","category":"shop=hairdresser","housenumber":"5702","street":"Baltimore Avenue"}},{"type":"Feature","geometry":{"type":"Point","coordinates":[-76.9377,38.9797]},"properties":{"id":"node/6541143347","name":"The Jerk Hut","group":"food","category":"amenity=restaurant","housenumber":"7313","street":"Baltimore Avenue"}},{"type":"Feature","geometry":{"type":"Point","coordinates":[-76.943,38.94961]},"properties":{"id":"node/6541143353","name":"Artist & Craftsman Supply","group":"shopping","category":"shop=craft","phone":"+1-301-887-1104","website":"https://artistcraftsman.com/","housenumber":"4902","street":"43rd Avenue","city":"Hyattsville","postcode":"20781"}},{"type":"Feature","geometry":{"type":"Point","coordinates":[-76.94016,38.9543]},"properties":{"id":"node/6541143354","name":"Green Owl Design","group":"shopping","category":"shop=interior_decoration","housenumber":"5303","street":"Baltimore Avenue"}},{"type":"Feature","geometry":{"type":"Point","coordinates":[-76.93967,38.95514]},"properties":{"id":"node/6541145307","name":"Frame Savvy","group":"shopping","category":"shop=frame","phone":"+1-301-887-0080","website":"https://www.framesavvy.com/"}},{"type":"Feature","geometry":{"type":"Point","coordinates":[-76.93816,38.98169]},"properties":{"id":"node/6541147400","name":"The Tattooery","group":"personal_care","category":"shop=tattoo","phone":"+1-240-764-5146","website":"http://www.thetattooery.com/home","housenumber":"7420 1/2","street":"Baltimore Avenue","city":"College Park","postcode":"20740"}},{"type":"Feature","geometry":{"type":"Point","coordinates":[-76.93832,38.98172]},"properties":{"id":"node/6541147537","name":"Pizza Kingdom","group":"food","category":"amenity=restaurant","cuisine":"pizza","phone":"+1 301 927 7777","website":"https://www.pizzakingdom.com/","housenumber":"4439","street":"Lehigh Road","city":"College Park","postcode":"20740"}},{"type":"Feature","geometry":{"type":"Point","coordinates":[-76.93771,38.98007]},"properties":{"id":"node/6541147603","name":"Ivy Noodles","group":"food","category":"amenity=restaurant","cuisine":"chinese","hours":"We-Sa 11:00-20:30; Su 11:30-20:30","housenumber":"7313","street":"Baltimore Avenue"}},{"type":"Feature","geometry":{"type":"Point","coordinates":[-76.93755,38.98153]},"properties":{"id":"node/6541148239","name":"Cluckster's","group":"food","category":"amenity=restaurant"}},{"type":"Feature","geometry":{"type":"Point","coordinates":[-76.93554,38.96306]},"properties":{"id":"node/6541148246","name":"Ceci's Tienda Latina Grocery Store","group":"groceries","category":"shop=convenience","housenumber":"6216","street":"Rhode Island Avenue"}},{"type":"Feature","geometry":{"type":"Point","coordinates":[-76.94031,38.9567]},"properties":{"id":"node/6541148247","name":"Sel\u00e1 Hair Nails","group":"personal_care","category":"shop=beauty","housenumber":"5610","street":"Baltimore Avenue"}},{"type":"Feature","geometry":{"type":"Point","coordinates":[-76.94089,38.95184]},"properties":{"id":"node/6541148445","name":"M & R Dominican Hair Salon","group":"personal_care","category":"shop=hairdresser","phone":"+1-240-467-2460","housenumber":"5106","street":"Baltimore Avenue","city":"Hyattsville","postcode":"20781"}},{"type":"Feature","geometry":{"type":"Point","coordinates":[-76.93997,38.95608]},"properties":{"id":"node/6541148446","name":"Fresh Dry Cleaners","group":"services","category":"shop=dry_cleaning","housenumber":"300","street":"Baltimore Avenue"}},{"type":"Feature","geometry":{"type":"Point","coordinates":[-76.93511,38.96376]},"properties":{"id":"node/6541149054","name":"Greg's Towing","group":"services","category":"shop=towing","phone":"+1-301-927-8848"}},{"type":"Feature","geometry":{"type":"Point","coordinates":[-76.93551,38.96315]},"properties":{"id":"node/6541149055","name":"Aunt Emily's Doll House","group":"shopping","category":"shop=gift","housenumber":"6620","street":"Rhode Island Avenue"}},{"type":"Feature","geometry":{"type":"Point","coordinates":[-76.93945,38.95514]},"properties":{"id":"node/6541149208","name":"Essential Day Spa","group":"personal_care","category":"shop=beauty"}},{"type":"Feature","geometry":{"type":"Point","coordinates":[-76.94074,38.95228]},"properties":{"id":"node/6541149371","name":"Chez Dior","group":"food","category":"amenity=restaurant","cuisine":"senegalese","phone":"+1 240-425-2466","housenumber":"5124","street":"Baltimore Avenue","city":"Hyattsville","postcode":"20781"}},{"type":"Feature","geometry":{"type":"Point","coordinates":[-76.93811,38.98111]},"properties":{"id":"node/6541150467","name":"U Mobile Cellphone Repairs","group":"services","category":"craft=electronics_repair","phone":"+1 301-864-1002","housenumber":"7404","street":"Baltimore Avenue","city":"College Park","postcode":"20740"}},{"type":"Feature","geometry":{"type":"Point","coordinates":[-76.93756,38.98162]},"properties":{"id":"node/6541150904","name":"Stripe 3 Addidas","group":"shopping","category":"shop=clothes"}},{"type":"Feature","geometry":{"type":"Point","coordinates":[-76.94048,38.95208]},"properties":{"id":"node/6541151639","name":"Cookie Wear","group":"shopping","category":"shop=clothes"}},{"type":"Feature","geometry":{"type":"Point","coordinates":[-76.94045,38.95217]},"properties":{"id":"node/6541151698","name":"Goshen","group":"food","category":"craft=caterer","website":"https://www.iamgoshen.com/","housenumber":"5105","street":"Baltimore Avenue","city":"Hyattsville"}},{"type":"Feature","geometry":{"type":"Point","coordinates":[-76.94023,38.95393]},"properties":{"id":"node/6541152274","name":"Hyattsville Vacuum Service","group":"shopping","category":"shop=vacuum_cleaner","phone":"+1-301-277-3553"}},{"type":"Feature","geometry":{"type":"Point","coordinates":[-76.94041,38.95239]},"properties":{"id":"node/6541152635","name":"Maragiya","group":"groceries","category":"shop=variety_store","website":"https://maragiya.com/","housenumber":"5113","street":"Baltimore Avenue","city":"Hyattsville","postcode":"20781"}},{"type":"Feature","geometry":{"type":"Point","coordinates":[-76.93773,38.97982]},"properties":{"id":"node/6541152927","name":"Chicken La Rock","group":"food","category":"amenity=restaurant","hours":"We-Sa 11:00-20:00; Su 11:00-19:00","housenumber":"7313","street":"Baltimore Avenue"}},{"type":"Feature","geometry":{"type":"Point","coordinates":[-76.94044,38.95225]},"properties":{"id":"node/6541152929","name":"Hairz Studio for Men & Women","group":"personal_care","category":"shop=hairdresser","phone":"+1-240-764-7163","website":"https://hairzstudio.com/","housenumber":"5107","street":"Baltimore Avenue","city":"Hyattsville","postcode":"20781"}},{"type":"Feature","geometry":{"type":"Point","coordinates":[-76.94072,38.95233]},"properties":{"id":"node/6541152930","name":"Prime Restaurant","group":"food","category":"amenity=restaurant","phone":"+1-240-615-8629","housenumber":"5126","street":"Baltimore Avenue","city":"Hyattsville"}},{"type":"Feature","geometry":{"type":"Point","coordinates":[-76.94076,38.9525]},"properties":{"id":"node/6541156790","name":"Suffragette City","group":"shopping","category":"shop=clothes","website":"https://suffragettecityvtg.com/","housenumber":"5132","street":"Baltimore Avenue","city":"Hyattsville"}},{"type":"Feature","geometry":{"type":"Point","coordinates":[-76.94315,38.94902]},"properties":{"id":"node/6541162762","name":"FM Appliances","group":"shopping","category":"shop=appliance","housenumber":"4810","street":"Rhode Island Avenue","city":"Hyattsville"}},{"type":"Feature","geometry":{"type":"Point","coordinates":[-76.9407,38.95243]},"properties":{"id":"node/6541171033","name":"My Dead Aunt's Books","group":"shopping","category":"shop=books","phone":"+1-240-472-9325","website":"https://www.mydeadauntsbooks.com/","housenumber":"5132","street":"Baltimore Avenue","city":"Hyattsville","postcode":"20781"}},{"type":"Feature","geometry":{"type":"Point","coordinates":[-76.94321,38.94894]},"properties":{"id":"node/6541175798","name":"Thrift Store","group":"shopping","category":"shop=second_hand","housenumber":"4806","street":"Rhode Island Avenue"}},{"type":"Feature","geometry":{"type":"Point","coordinates":[-76.93982,38.95411]},"properties":{"id":"node/6541178002","name":"Washington Screen Process","group":"services","category":"shop=copyshop","housenumber":"4502","street":"Hamilton Street"}},{"type":"Feature","geometry":{"type":"Point","coordinates":[-76.94077,38.95246]},"properties":{"id":"node/6541178907","name":"Tanglewood Works","group":"shopping","category":"shop=art","website":"https://tanglewoodworks.com/","housenumber":"5132","street":"Baltimore Avenue","city":"Hyattsville"}},{"type":"Feature","geometry":{"type":"Point","coordinates":[-76.94,38.95413]},"properties":{"id":"node/6541181013","name":"Upholstery","group":"services","category":"craft=upholsterer","phone":"+1-301-277-5151","housenumber":"4500","street":"Hamilton Street"}},{"type":"Feature","geometry":{"type":"Point","coordinates":[-76.94028,38.95692]},"properties":{"id":"node/6541181840","name":"Laveda Lash & Brow Boutique","group":"personal_care","category":"shop=beauty","housenumber":"5616","street":"Baltimore Avenue"}},{"type":"Feature","geometry":{"type":"Point","coordinates":[-76.94032,38.95665]},"properties":{"id":"node/6541182094","name":"Bouy Collective","group":"shopping","category":"shop=clothes","website":"bouycollective.com","housenumber":"5608","street":"Baltimore Avenue"}},{"type":"Feature","geometry":{"type":"Point","coordinates":[-76.94016,38.95439]},"properties":{"id":"node/6541182196","name":"The Card Attic","group":"shopping","category":"shop=collector","phone":"+1-301-277-2877"}},{"type":"Feature","geometry":{"type":"Point","coordinates":[-76.9392,38.96006]},"properties":{"id":"node/6541197161","name":"Dino's Used Cars","group":"shopping","category":"shop=car","phone":"+1-301-864-3333","housenumber":"6019","street":"Baltimore Avenue"}},{"type":"Feature","geometry":{"type":"Point","coordinates":[-76.9395,38.95933]},"properties":{"id":"node/6541202943","name":"Paul Koko","group":"shopping","category":"shop=clothes","phone":"+1-301-277-3362","housenumber":"5817","street":"Baltimore Avenue","city":"Hyattsville"}},{"type":"Feature","geometry":{"type":"Point","coordinates":[-76.9401,38.96067]},"properties":{"id":"node/6541209554","name":"Superdeal Wash and Fold","group":"services","category":"shop=laundry","housenumber":"6034","street":"Baltimore Avenue","city":"Hyattsville","postcode":"20781"}},{"type":"Feature","geometry":{"type":"Point","coordinates":[-76.93902,38.96356]},"properties":{"id":"node/6541216414","name":"Lesly's Grill Latin American Food","group":"food","category":"amenity=restaurant"}},{"type":"Feature","geometry":{"type":"Point","coordinates":[-76.9396,38.95895]},"properties":{"id":"node/6541219344","name":"Clark Systems, INC.","group":"shopping","category":"shop=computer","phone":"+1-301-277-9771","housenumber":"5811","street":"Baltimore Avenue"}},{"type":"Feature","geometry":{"type":"Point","coordinates":[-76.93949,38.95951]},"properties":{"id":"node/6541220415","name":"Maria's Hair Braiding Inc.","group":"personal_care","category":"shop=hairdresser","phone":"+1-240-413-5710","housenumber":"6001","street":"Baltimore Avenue"}},{"type":"Feature","geometry":{"type":"Point","coordinates":[-76.94001,38.96082]},"properties":{"id":"node/6541228597","name":"Guaranteed Auto Repair","group":"services","category":"shop=car_repair","housenumber":"6038"}},{"type":"Feature","geometry":{"type":"Point","coordinates":[-76.93624,38.96949]},"properties":{"id":"node/6541245341","name":"Bella Lifestyle Nail Salon and Spa","group":"personal_care","category":"shop=beauty","phone":"+1 301-277-2214","website":"https://bellasalonriverdale.com/","housenumber":"4575","street":"Van Buren Street"}},{"type":"Feature","geometry":{"type":"Point","coordinates":[-76.94144,38.99089]},"properties":{"id":"node/6547741178","name":"Quantum cafe","group":"food","category":"amenity=cafe"}},{"type":"Feature","geometry":{"type":"Point","coordinates":[-76.93635,38.98921]},"properties":{"id":"node/6547838710","name":"Breakpoint Cafe","group":"food","category":"amenity=cafe"}},{"type":"Feature","geometry":{"type":"Point","coordinates":[-76.93574,38.98713]},"properties":{"id":"node/6549793426","name":"The Spa","group":"personal_care","category":"shop=beauty","phone":"+1 301-699-4295"}},{"type":"Feature","geometry":{"type":"Point","coordinates":[-76.93534,38.98712]},"properties":{"id":"node/6549793427","name":"The Lobby Bar","group":"food","category":"amenity=bar","hours":"Mo-Su 14:00-20:00"}},{"type":"Feature","geometry":{"type":"Point","coordinates":[-76.93559,38.98737]},"properties":{"id":"node/6549793428","name":"GrillMarx","group":"food","category":"amenity=restaurant","cuisine":"american","hours":"Mo-Th 11:00-22:00; Fr 11:00-23:00; Sa 10:00-23:00; Su 10:00-21:00","phone":"+1-301-444-5631","website":"https://www.gmxumd.com/"}},{"type":"Feature","geometry":{"type":"Point","coordinates":[-76.94606,38.99397]},"properties":{"id":"node/6551293192","name":"Adventure Program Rental Desk","group":"shopping","category":"shop=outdoor"}},{"type":"Feature","geometry":{"type":"Point","coordinates":[-76.9326,38.99322]},"properties":{"id":"node/6573555621","name":"College Park Grill","group":"food","category":"amenity=restaurant","hours":"Su-Th 07:00-22:00, Fr-Sa 07:00-23:00","phone":"+1-301-474-4745","website":"https://www.collegeparkgrill.com/","housenumber":"8321","street":"Baltimore Avenue","city":"College Park","postcode":"20740"}},{"type":"Feature","geometry":{"type":"Point","coordinates":[-76.94138,38.95364]},"properties":{"id":"node/6574840317","name":"Pink Couture Hair","group":"personal_care","category":"shop=hairdresser","hours":"Mo-Fr 11:00-07:00,09:00-18:00; Sa 11:00-15:00","phone":"+1-202-427-9047","website":"https://www.pinkcouturehair.com","housenumber":"4316","street":"Hamilton Street"}},{"type":"Feature","geometry":{"type":"Point","coordinates":[-76.94089,38.95247]},"properties":{"id":"node/6574856902","name":"Three Little Birds Sewing Company","group":"shopping","category":"shop=craft","hours":"Mo 12:00-16:00; We 11:00-21:00; We, Th 11:00-18:00; Fr 10:00-17:00; Sa 11:00-16:00","phone":"+1-202-246-5396","website":"https://www.threelittlebirdssewingco.com/","housenumber":"5132","street":"Baltimore Avenue"}},{"type":"Feature","geometry":{"type":"Point","coordinates":[-76.9339,38.99151]},"properties":{"id":"node/6575600230","name":"The Frame Mender","group":"personal_care","category":"shop=optician","phone":"+1-301-345-2003","website":"https://framemender.com/","housenumber":"8150","street":"Baltimore Avenue","city":"College Park","postcode":"20740"}},{"type":"Feature","geometry":{"type":"Point","coordinates":[-76.93673,38.98022]},"properties":{"id":"node/6575605254","name":"Bananas Hair Design","group":"personal_care","category":"shop=hairdresser","phone":"+1 301-227-4500","website":"https://bananashairdesign.com/","housenumber":"4511","street":"Knox Rd","city":"College Park","postcode":"20740"}},{"type":"Feature","geometry":{"type":"Point","coordinates":[-76.9335,38.98325]},"properties":{"id":"node/6637512133","name":"Leonardtown Shop","group":"groceries","category":"shop=convenience"}},{"type":"Feature","geometry":{"type":"Point","coordinates":[-76.93892,38.98888]},"properties":{"id":"node/6637512134","name":"E+M Cafe","group":"food","category":"amenity=cafe"}},{"type":"Feature","geometry":{"type":"Point","coordinates":[-76.94331,38.98309]},"properties":{"id":"node/6637512135","name":"Commons Shop","group":"groceries","category":"shop=convenience"}},{"type":"Feature","geometry":{"type":"Point","coordinates":[-76.94958,38.9925]},"properties":{"id":"node/6637512137","name":"251 North","group":"food","category":"amenity=restaurant","hours":"Mo-Su 08:00-20:00"}},{"type":"Feature","geometry":{"type":"Point","coordinates":[-76.95448,38.98599]},"properties":{"id":"node/6684622972","name":"The Common","group":"food","category":"amenity=restaurant","website":"https://modules.marriott.com/hotel-restaurants/wasum-college-park-marriott-hotel-and-conference-center/the-common/5515779/home-page","housenumber":"3501","street":"University Boulevard"}},{"type":"Feature","geometry":{"type":"Point","coordinates":[-76.93882,38.9648]},"properties":{"id":"node/6721717354","name":"Lu Custom Tailor","group":"services","category":"shop=tailor","phone":"+1-240-440-4421"}},{"type":"Feature","geometry":{"type":"Point","coordinates":[-76.93494,38.96201]},"properties":{"id":"node/8285408134","name":"2Fifty Texas BBQ","group":"food","category":"amenity=restaurant","cuisine":"barbecue","website":"https://www.2fiftybbq.com","housenumber":"4700","street":"Riverdale Road","city":"Riverdale Park","postcode":"20737"}},{"type":"Feature","geometry":{"type":"Point","coordinates":[-76.93591,38.96286]},"properties":{"id":"node/8443725469","name":"Banana Blossom Bistro","group":"food","category":"amenity=restaurant","cuisine":"vietnamese","phone":"+1-301-277-8500","website":"https://www.bananablossombistro.com/","housenumber":"6202","street":"Rhode Island Avenue","city":"Riverdale","postcode":"20737"}},{"type":"Feature","geometry":{"type":"Point","coordinates":[-76.93744,38.97706]},"properties":{"id":"node/8455726671","name":"Anabel's Hair Salon","group":"personal_care","category":"shop=hairdresser"}},{"type":"Feature","geometry":{"type":"Point","coordinates":[-76.93767,38.97711]},"properties":{"id":"node/8455726697","name":"Laundry World","group":"services","category":"shop=laundry"}},{"type":"Feature","geometry":{"type":"Point","coordinates":[-76.92183,38.95801]},"properties":{"id":"node/8464735469","name":"JC Mart","group":"groceries","category":"shop=variety_store"}},{"type":"Feature","geometry":{"type":"Point","coordinates":[-76.92096,38.9574]},"properties":{"id":"node/8464735473","name":"Super Clean Laundromat","group":"services","category":"shop=laundry"}},{"type":"Feature","geometry":{"type":"Point","coordinates":[-76.91866,38.95784]},"properties":{"id":"node/8464735476","name":"Casa Dora","group":"food","category":"amenity=restaurant","cuisine":"mexican"}},{"type":"Feature","geometry":{"type":"Point","coordinates":[-76.92021,38.96399]},"properties":{"id":"node/8464735477","name":"El Rodeo","group":"food","category":"amenity=restaurant","cuisine":"mexican","website":"https://elrodeorestaurantriverdale.com/","housenumber":"6258","street":"Kenilworth Avenue","city":"Riverdale","postcode":"20737"}},{"type":"Feature","geometry":{"type":"Point","coordinates":[-76.92034,38.95963]},"properties":{"id":"node/8464735478","name":"Pasada's Auto Service","group":"services","category":"shop=car_repair"}},{"type":"Feature","geometry":{"type":"Point","coordinates":[-76.92017,38.96412]},"properties":{"id":"node/8464735483","name":"Taqueria Puebla","group":"food","category":"amenity=restaurant","cuisine":"mexican","housenumber":"6266","street":"Kenilworth Avenue","city":"Riverdale","postcode":"20737"}},{"type":"Feature","geometry":{"type":"Point","coordinates":[-76.94122,38.94853]},"properties":{"id":"node/8492089932","name":"Magic Benz","group":"services","category":"shop=car_repair","phone":"+1 301-985-2676"}},{"type":"Feature","geometry":{"type":"Point","coordinates":[-76.94147,38.94628]},"properties":{"id":"node/8492089942","name":"Old Town Motors","group":"shopping","category":"shop=car"}},{"type":"Feature","geometry":{"type":"Point","coordinates":[-76.94398,38.94593]},"properties":{"id":"node/8492089944","name":"Washington Air Compressor Rental Co.","group":"services","category":"shop=rental"}},{"type":"Feature","geometry":{"type":"Point","coordinates":[-76.94069,38.94961]},"properties":{"id":"node/8492089960","name":"Gasch's Funeral Home","group":"services","category":"shop=funeral_directors"}},{"type":"Feature","geometry":{"type":"Point","coordinates":[-76.93377,38.98609]},"properties":{"id":"node/8592736861","name":"The Hall CP","group":"food","category":"amenity=restaurant","hours":"Mo-Th 16:00-21:00; Fr 11:00-22:00; Sa 10:00-22:00; Su 10:00-21:00","phone":"+1 301-264-7644","website":"https://thehallcp.com","housenumber":"4656","street":"Hotel Drive","city":"College Park","postcode":"20742"}},{"type":"Feature","geometry":{"type":"Point","coordinates":[-76.95805,38.96649]},"properties":{"id":"node/8593453781","name":"Friendly Faces","group":"personal_care","category":"shop=hairdresser"}},{"type":"Feature","geometry":{"type":"Point","coordinates":[-76.95804,38.96642]},"properties":{"id":"node/8593453808","name":"Nail Trix & Spa","group":"personal_care","category":"shop=beauty"}},{"type":"Feature","geometry":{"type":"Point","coordinates":[-76.95615,38.96805]},"properties":{"id":"node/8593453810","name":"Chelsea's Beauty Supply","group":"personal_care","category":"shop=beauty"}},{"type":"Feature","geometry":{"type":"Point","coordinates":[-76.966,38.81223]},"properties":{"id":"node/8842152673","name":"Shell Service Center","group":"services","category":"shop=car_repair"}},{"type":"Feature","geometry":{"type":"Point","coordinates":[-76.97134,38.99493]},"properties":{"id":"node/8964387120","name":"Molina's Used Appliances","group":"shopping","category":"shop=appliance"}},{"type":"Feature","geometry":{"type":"Point","coordinates":[-76.93716,38.98185]},"properties":{"id":"node/8975759231","name":"One Stop Shop","group":"groceries","category":"shop=convenience","hours":"Mo-Sa 10:00-01:00, Su 10:00-24:00","phone":"+1 240-770-3128"}},{"type":"Feature","geometry":{"type":"Point","coordinates":[-76.92606,38.97889]},"properties":{"id":"node/9007071698","name":"Chris The King","group":"services","category":"craft=upholsterer","phone":"+1 202-274-0811"}},{"type":"Feature","geometry":{"type":"Point","coordinates":[-76.92592,38.9789]},"properties":{"id":"node/9007071699","name":"Auto Assist Mobility Equipment Sales & Service","group":"shopping","category":"shop=mobility"}},{"type":"Feature","geometry":{"type":"Point","coordinates":[-76.94961,38.98453]},"properties":{"id":"node/9030067923","name":"Class 520","group":"food","category":"amenity=ice_cream","hours":"Mo-Su 13:00-21:00"}},{"type":"Feature","geometry":{"type":"Point","coordinates":[-76.99706,38.96188]},"properties":{"id":"node/9064347642","name":"24Hrs Laundromat","group":"services","category":"shop=laundry"}},{"type":"Feature","geometry":{"type":"Point","coordinates":[-76.96787,38.95113]},"properties":{"id":"node/9106019886","name":"Spice Kitchen","group":"food","category":"amenity=fast_food","housenumber":"3124","street":"Queens Chapel Road","city":"Hyattsville","postcode":"20782"}},{"type":"Feature","geometry":{"type":"Point","coordinates":[-76.99483,38.97284]},"properties":{"id":"node/9178792024","name":"Sky Nails","group":"personal_care","category":"shop=beauty"}},{"type":"Feature","geometry":{"type":"Point","coordinates":[-76.99437,38.97287]},"properties":{"id":"node/9178792028","name":"Dolar Plus","group":"groceries","category":"shop=variety_store"}},{"type":"Feature","geometry":{"type":"Point","coordinates":[-76.99475,38.97277]},"properties":{"id":"node/9178792031","name":"Lucky","group":"groceries","category":"shop=alcohol"}},{"type":"Feature","geometry":{"type":"Point","coordinates":[-76.99573,38.97338]},"properties":{"id":"node/9178792052","name":"Super Laundry","group":"services","category":"shop=laundry"}},{"type":"Feature","geometry":{"type":"Point","coordinates":[-76.99524,38.9732]},"properties":{"id":"node/9178792056","name":"Sakura","group":"food","category":"amenity=restaurant","cuisine":"japanese"}},{"type":"Feature","geometry":{"type":"Point","coordinates":[-76.99497,38.97297]},"properties":{"id":"node/9178792084","name":"Max Life","group":"personal_care","category":"shop=hairdresser"}},{"type":"Feature","geometry":{"type":"Point","coordinates":[-76.99448,38.97275]},"properties":{"id":"node/9178792088","name":"Beauty Mart","group":"personal_care","category":"shop=beauty"}},{"type":"Feature","geometry":{"type":"Point","coordinates":[-76.99514,38.97311]},"properties":{"id":"node/9178792090","name":"El Tejano","group":"food","category":"amenity=restaurant","cuisine":"mexican"}},{"type":"Feature","geometry":{"type":"Point","coordinates":[-76.99465,38.97269]},"properties":{"id":"node/9178792096","name":"Wireless Vision","group":"shopping","category":"shop=mobile_phone"}},{"type":"Feature","geometry":{"type":"Point","coordinates":[-77.00094,38.96687]},"properties":{"id":"node/9196413573","name":"Afresco Foods","group":"groceries","category":"shop=convenience"}},{"type":"Feature","geometry":{"type":"Point","coordinates":[-77.00087,38.96844]},"properties":{"id":"node/9196413574","name":"Dire Halal Meat and Groceries","group":"groceries","category":"shop=convenience"}},{"type":"Feature","geometry":{"type":"Point","coordinates":[-77.00104,38.96672]},"properties":{"id":"node/9196413575","name":"Fine Beverage Depot","group":"groceries","category":"shop=alcohol"}},{"type":"Feature","geometry":{"type":"Point","coordinates":[-77.00101,38.96679]},"properties":{"id":"node/9196413576","name":"Nouveau Hair","group":"personal_care","category":"shop=hairdresser"}},{"type":"Feature","geometry":{"type":"Point","coordinates":[-77.0016,38.96777]},"properties":{"id":"node/9196413579","name":"RT Automotive of Takoma Park","group":"services","category":"shop=car_repair"}},{"type":"Feature","geometry":{"type":"Point","coordinates":[-76.92359,38.8495]},"properties":{"id":"node/9250987472","name":"Paradise Fabrics","group":"shopping","category":"shop=fabric","housenumber":"4809","street":"Silver Hill Road","city":"Suitland","postcode":"20746"}},{"type":"Feature","geometry":{"type":"Point","coordinates":[-76.92347,38.84956]},"properties":{"id":"node/9250987473","name":"Butler's & Peake's Barbershop & Salon","group":"personal_care","category":"shop=hairdresser","street":"Silver Hill Road","city":"Suitland","postcode":"20746"}},{"type":"Feature","geometry":{"type":"Point","coordinates":[-76.92329,38.84973]},"properties":{"id":"node/9250987476","name":"Carpet Discount Warehouse","group":"shopping","category":"shop=carpet","housenumber":"4823","street":"Silver Hill Road","city":"Suitland","postcode":"20746"}},{"type":"Feature","geometry":{"type":"Point","coordinates":[-76.92334,38.84969]},"properties":{"id":"node/9250987477","name":"Paradise Fabrics","group":"shopping","category":"shop=fabric","housenumber":"4819","street":"Silver Hill Road","city":"Suitland","postcode":"20746"}},{"type":"Feature","geometry":{"type":"Point","coordinates":[-76.92338,38.84965]},"properties":{"id":"node/9250987478","name":"Paradise Fabrics & Fashion Designers","group":"shopping","category":"shop=fabric","housenumber":"4821","street":"Silver Hill Road","city":"Suitland","postcode":"20746"}},{"type":"Feature","geometry":{"type":"Point","coordinates":[-76.92309,38.85]},"properties":{"id":"node/9250987480","name":"Tobacco Haven","group":"shopping","category":"shop=tobacco","hours":"24/7","housenumber":"4831","street":"Silver Hill Road","city":"Suitland","postcode":"20746"}},{"type":"Feature","geometry":{"type":"Point","coordinates":[-76.95208,38.96784]},"properties":{"id":"node/9613460779","name":"Street Kutz","group":"personal_care","category":"shop=hairdresser"}},{"type":"Feature","geometry":{"type":"Point","coordinates":[-76.95207,38.96771]},"properties":{"id":"node/9613474209","name":"Luxury Nail & Spa","group":"personal_care","category":"shop=beauty"}},{"type":"Feature","geometry":{"type":"Point","coordinates":[-76.95295,38.94139]},"properties":{"id":"node/9631712572","name":"Little Miner Taco","group":"food","category":"amenity=fast_food","cuisine":"mexican;tacos","hours":"Mo-Th 11:00-21:00, Fr-Sa 11:00-22:00","website":"https://www.littleminertaco.com/","housenumber":"4308","street":"Rhode Island Avenue","city":"Brentwood","postcode":"20722"}},{"type":"Feature","geometry":{"type":"Point","coordinates":[-76.98649,38.99067]},"properties":{"id":"node/9688737227","name":"Artistic Nails","group":"personal_care","category":"shop=beauty"}},{"type":"Feature","geometry":{"type":"Point","coordinates":[-76.98643,38.99068]},"properties":{"id":"node/9688737228","name":"D&P Gifts","group":"shopping","category":"shop=gift"}},{"type":"Feature","geometry":{"type":"Point","coordinates":[-76.98631,38.99052]},"properties":{"id":"node/9688737229","name":"Vina Fabrics","group":"shopping","category":"shop=fabric"}},{"type":"Feature","geometry":{"type":"Point","coordinates":[-76.98599,38.98912]},"properties":{"id":"node/9688737230","name":"Home Furniture","group":"services","category":"craft=furniture"}},{"type":"Feature","geometry":{"type":"Point","coordinates":[-76.98658,38.99067]},"properties":{"id":"node/9688737231","name":"Dollar City Plus","group":"groceries","category":"shop=variety_store"}},{"type":"Feature","geometry":{"type":"Point","coordinates":[-76.98595,38.98878]},"properties":{"id":"node/9688737234","name":"Atlantic Supermarket","group":"groceries","category":"shop=supermarket"}},{"type":"Feature","geometry":{"type":"Point","coordinates":[-76.98603,38.98935]},"properties":{"id":"node/9688737235","name":"University Liquors","group":"groceries","category":"shop=alcohol"}},{"type":"Feature","geometry":{"type":"Point","coordinates":[-76.98613,38.9901]},"properties":{"id":"node/9688737238","name":"Langley Park Optical","group":"personal_care","category":"shop=optician"}},{"type":"Feature","geometry":{"type":"Point","coordinates":[-76.98611,38.98994]},"properties":{"id":"node/9688737242","name":"Rose Fashion","group":"shopping","category":"shop=clothes"}},{"type":"Feature","geometry":{"type":"Point","coordinates":[-76.98883,38.9913]},"properties":{"id":"node/9688737243","name":"El Buen Gusto","group":"food","category":"amenity=restaurant"}},{"type":"Feature","geometry":{"type":"Point","coordinates":[-76.98804,38.99124]},"properties":{"id":"node/9688737244","name":"La Vina Nail & Spa","group":"personal_care","category":"shop=beauty"}},{"type":"Feature","geometry":{"type":"Point","coordinates":[-76.98901,38.99126]},"properties":{"id":"node/9688737246","name":"La Licoreria","group":"groceries","category":"shop=alcohol"}},{"type":"Feature","geometry":{"type":"Point","coordinates":[-76.98612,38.99004]},"properties":{"id":"node/9688737248","name":"Luggage Outlet","group":"shopping","category":"shop=bag"}},{"type":"Feature","geometry":{"type":"Point","coordinates":[-76.98656,38.99054]},"properties":{"id":"node/9688737252","name":"Pinnacle Pictures","group":"services","category":"shop=photo"}},{"type":"Feature","geometry":{"type":"Point","coordinates":[-76.98869,38.9913]},"properties":{"id":"node/9688737253","name":"Value Dollar","group":"groceries","category":"shop=variety_store"}},{"type":"Feature","geometry":{"type":"Point","coordinates":[-76.98614,38.99016]},"properties":{"id":"node/9688737254","name":"Haircut 2000","group":"personal_care","category":"shop=hairdresser"}},{"type":"Feature","geometry":{"type":"Point","coordinates":[-76.98816,38.99125]},"properties":{"id":"node/9688737257","name":"Langley Park Pharmacy and Medical Supplies","group":"groceries","category":"amenity=pharmacy"}},{"type":"Feature","geometry":{"type":"Point","coordinates":[-76.98783,38.99097]},"properties":{"id":"node/9688737258","name":"Casa Blanca","group":"food","category":"shop=bakery"}},{"type":"Feature","geometry":{"type":"Point","coordinates":[-76.98775,38.99096]},"properties":{"id":"node/9688737259","name":"Sam's Donut Coffee","group":"food","category":"amenity=cafe","cuisine":"coffee"}},{"type":"Feature","geometry":{"type":"Point","coordinates":[-76.9861,38.98984]},"properties":{"id":"node/9688737260","name":"Sports Town","group":"shopping","category":"shop=sports"}},{"type":"Feature","geometry":{"type":"Point","coordinates":[-76.98633,38.99069]},"properties":{"id":"node/9688737263","name":"My Factory Outlet","group":"groceries","category":"shop=variety_store"}},{"type":"Feature","geometry":{"type":"Point","coordinates":[-76.98615,38.99024]},"properties":{"id":"node/9688737264","name":"Electronic Center","group":"shopping","category":"shop=electronics"}},{"type":"Feature","geometry":{"type":"Point","coordinates":[-76.98622,38.99032]},"properties":{"id":"node/9688737265","name":"Hunan Hut","group":"food","category":"amenity=restaurant","cuisine":"chinese"}},{"type":"Feature","geometry":{"type":"Point","coordinates":[-76.98796,38.99124]},"properties":{"id":"node/9688737268","name":"Do\u00f1a Cecy's Pupuseria","group":"food","category":"amenity=restaurant"}},{"type":"Feature","geometry":{"type":"Point","coordinates":[-76.98827,38.99126]},"properties":{"id":"node/9688737269","name":"Taqueria El Rodeo","group":"food","category":"amenity=restaurant"}},{"type":"Feature","geometry":{"type":"Point","coordinates":[-76.98846,38.99128]},"properties":{"id":"node/9688737271","name":"Gallo Clothing","group":"shopping","category":"shop=clothes"}},{"type":"Feature","geometry":{"type":"Point","coordinates":[-76.98811,38.99125]},"properties":{"id":"node/9688737274","name":"Mercadito Ramos II","group":"groceries","category":"shop=convenience"}},{"type":"Feature","geometry":{"type":"Point","coordinates":[-76.92571,38.79365]},"properties":{"id":"node/9691323923","name":"Red House American Buffalo Wings Seafoods & Grill","group":"food","category":"amenity=restaurant","cuisine":"seafood","hours":"Tu-Th 07:00-19:00; Fr,Sa 07:00-20:00","phone":"+1-301-449-1631","website":"https://redhouseamerican.com","housenumber":"7075","street":"Allentown Road","city":"Temple Hills","postcode":"20748"}},{"type":"Feature","geometry":{"type":"Point","coordinates":[-76.99038,38.82817]},"properties":{"id":"node/9792694979","name":"Tiger Market","group":"groceries","category":"shop=supermarket","housenumber":"823","street":"Southern Avenue","city":"Oxon Hill","postcode":"20745"}},{"type":"Feature","geometry":{"type":"Point","coordinates":[-76.94681,38.84231]},"properties":{"id":"node/9824066754","name":"KY African Hair Braiding","group":"personal_care","category":"shop=beauty","hours":"08:00-21:00","phone":"+1-240-392-2325","website":"https://kyafricanhairbraiding.net","street":"Old Silver Hill Road","city":"Suitland","postcode":"20746"}},{"type":"Feature","geometry":{"type":"Point","coordinates":[-76.95417,38.84899]},"properties":{"id":"node/9886817694","name":"Stricks Restaurant and Liquor Store","group":"groceries","category":"shop=liquor_store","phone":"+1-301-894-3886","website":"https://stricksrestaurantliquorstore.com","housenumber":"3211","street":"Branch Ave","city":"Temple Hills","postcode":"20748"}},{"type":"Feature","geometry":{"type":"Point","coordinates":[-76.93408,38.99112]},"properties":{"id":"node/10172644051","name":"M\u00f6ge Tee","group":"food","category":"amenity=cafe","cuisine":"tea","website":"https://www.mogeteeusa.com/"}},{"type":"Feature","geometry":{"type":"Point","coordinates":[-76.99085,38.80452]},"properties":{"id":"node/10712404049","name":"Tobacco Land","group":"shopping","category":"shop=tobacco"}},{"type":"Feature","geometry":{"type":"Point","coordinates":[-76.98548,38.80555]},"properties":{"id":"node/10712404056","name":"BSW Beauty","group":"personal_care","category":"shop=beauty","hours":"Mo-Sa 09:30-20:00; Su 11:00-18:00"}},{"type":"Feature","geometry":{"type":"Point","coordinates":[-76.98828,38.80159]},"properties":{"id":"node/10712404070","name":"Oxon Hill Liquors","group":"groceries","category":"shop=alcohol"}},{"type":"Feature","geometry":{"type":"Point","coordinates":[-76.97997,38.80558]},"properties":{"id":"node/10712404071","name":"Sakura Express","group":"food","category":"amenity=fast_food","cuisine":"japanese"}},{"type":"Feature","geometry":{"type":"Point","coordinates":[-76.97995,38.80539]},"properties":{"id":"node/10712404072","name":"Mid-Atlantic Seafood","group":"food","category":"amenity=restaurant","cuisine":"seafood"}},{"type":"Feature","geometry":{"type":"Point","coordinates":[-76.99078,38.80414]},"properties":{"id":"node/10712404073","name":"Oxon Hill Laundromat","group":"services","category":"shop=laundry"}},{"type":"Feature","geometry":{"type":"Point","coordinates":[-76.97996,38.80575]},"properties":{"id":"node/10712404077","name":"Flaming Grill & Buffet","group":"food","category":"amenity=restaurant","cuisine":"chinese"}},{"type":"Feature","geometry":{"type":"Point","coordinates":[-76.95002,38.94222]},"properties":{"id":"node/10716262069","name":"John C. Flood","group":"services","category":"craft=plumber","hours":"Mo-Fr 07:00-21:00; Sa-Su 08:00-16:00","phone":"+1-301-222-0745","website":"https://www.johncflood.com/maryland/?y_source=1_Mjc3ODExNS03MTUtbG9jYXRpb24ud2Vic2l0ZQ==","housenumber":"4419","street":"41st Street","city":"Brentwood","postcode":"20722"}},{"type":"Feature","geometry":{"type":"Point","coordinates":[-76.94396,38.83204]},"properties":{"id":"node/10717965062","name":"Marlow Liquors","group":"groceries","category":"shop=alcohol"}},{"type":"Feature","geometry":{"type":"Point","coordinates":[-77.00022,38.81781]},"properties":{"id":"node/10717985188","name":"Silvestre","group":"food","category":"amenity=fast_food","cuisine":"chicken"}},{"type":"Feature","geometry":{"type":"Point","coordinates":[-77.00152,38.81744]},"properties":{"id":"node/10717985189","name":"Bed to Go","group":"shopping","category":"shop=bed"}},{"type":"Feature","geometry":{"type":"Point","coordinates":[-77.00369,38.81778]},"properties":{"id":"node/10717985193","name":"Beauty Island","group":"personal_care","category":"shop=beauty"}},{"type":"Feature","geometry":{"type":"Point","coordinates":[-76.95327,38.80313]},"properties":{"id":"node/10723176889","name":"Rosecroft Laundromat","group":"services","category":"shop=laundry"}},{"type":"Feature","geometry":{"type":"Point","coordinates":[-76.92736,38.79178]},"properties":{"id":"node/10723176892","name":"Foody Pizza & Grill","group":"food","category":"amenity=fast_food","cuisine":"pizza"}},{"type":"Feature","geometry":{"type":"Point","coordinates":[-76.94196,38.82634]},"properties":{"id":"node/11143586178","name":"Rowe Auto Body","group":"services","category":"shop=car_repair","hours":"Mo-Sa 09:00-19:00; Su 10:00-17:00","phone":"+1-301-899-0611","website":"https://roweautobody.com","housenumber":"4426","street":"Beech Road","city":"Temple Hills","postcode":"20748"}},{"type":"Feature","geometry":{"type":"Point","coordinates":[-76.91031,38.8299]},"properties":{"id":"node/11159907842","name":"M Lash+ Beautybar","group":"personal_care","category":"shop=beauty"}},{"type":"Feature","geometry":{"type":"Point","coordinates":[-76.91012,38.8298]},"properties":{"id":"node/11159907843","name":"Popcorn Euphoria","group":"food","category":"shop=confectionery"}},{"type":"Feature","geometry":{"type":"Point","coordinates":[-76.98173,38.98396]},"properties":{"id":"node/11394387372","name":"New Grand Mart","group":"groceries","category":"shop=supermarket","phone":"+1 301-408-0880","website":"http://newgrandmartusa.com/"}},{"type":"Feature","geometry":{"type":"Point","coordinates":[-76.92245,38.99473]},"properties":{"id":"node/11985939753","name":"Krazi Kebob","group":"food","category":"amenity=fast_food","cuisine":"indian;pakistani;mexican","website":"https://virtualxkitchen.com/","housenumber":"5110","street":"Roanoke Place","city":"College Park","postcode":"20740"}},{"type":"Feature","geometry":{"type":"Point","coordinates":[-76.99343,38.96299]},"properties":{"id":"node/12017251586","name":"SuperSuds Hyattsville","group":"services","category":"shop=laundry","housenumber":"5926","street":"Riggs Road","city":"Hyattsville","postcode":"20783"}},{"type":"Feature","geometry":{"type":"Point","coordinates":[-76.9468,38.99225]},"properties":{"id":"node/12020663211","name":"North Campus Market","group":"groceries","category":"shop=convenience"}},{"type":"Feature","geometry":{"type":"Point","coordinates":[-76.91842,38.96752]},"properties":{"id":"node/12042682886","name":"Ericntech Cell Phones Laptop Repair","group":"services","category":"shop=repair","housenumber":"6419","street":"Kenilworth Avenue","city":"Riverdale Park","postcode":"20737"}},{"type":"Feature","geometry":{"type":"Point","coordinates":[-76.9383,38.97906]},"properties":{"id":"node/12051532569","name":"Little Blue Menu - Chick-fil-A","group":"food","category":"amenity=fast_food","website":"https://www.chick-fil-a.com/little-blue-menu","housenumber":"7242","street":"Baltimore Avenue","postcode":"20740"}},{"type":"Feature","geometry":{"type":"Point","coordinates":[-76.93564,38.96281]},"properties":{"id":"node/12403428989","name":"Riviera Tapas Bar","group":"food","category":"amenity=restaurant","cuisine":"tapas","hours":"Mo-Tu 16:00-21:00; We 16:00-22:00; Th-Sa 11:00-22:00; Su 11:00-21:00","phone":"+1-240-825-3868","website":"https://rivieratapasbar.com","housenumber":"6202","street":"Rhode Island Ave","city":"Riverdale Park","postcode":"20737"}},{"type":"Feature","geometry":{"type":"Point","coordinates":[-76.98984,38.80402]},"properties":{"id":"node/12454406884","name":"Auto Repair Center of Oxon Hill","group":"services","category":"shop=car_repair","phone":"+1-301-839-9654","housenumber":"6216","street":"Livingston Road","city":"Oxon Hill","postcode":"20745"}},{"type":"Feature","geometry":{"type":"Point","coordinates":[-76.99414,38.96191]},"properties":{"id":"node/12482899002","name":"Ruff N Ready Crab House","group":"food","category":"amenity=restaurant","housenumber":"903","street":"Chillum Road","postcode":"20782"}},{"type":"Feature","geometry":{"type":"Point","coordinates":[-76.9356,38.96287]},"properties":{"id":"node/12524597963","name":"Manifest Bread","group":"food","category":"amenity=cafe","cuisine":"bakery;coffee_shop","housenumber":"6208","street":"Rhode Island Avenue","city":"Riverdale Park","postcode":"20737"}},{"type":"Feature","geometry":{"type":"Point","coordinates":[-76.95096,38.93421]},"properties":{"id":"node/12629381078","name":"Super Fresh Laundromat","group":"services","category":"shop=laundry","housenumber":"3631","street":"Bladensburg Road","city":"Colmar Manor","postcode":"20722"}},{"type":"Feature","geometry":{"type":"Point","coordinates":[-76.95081,38.93428]},"properties":{"id":"node/12629381081","name":"China Express","group":"food","category":"amenity=fast_food","cuisine":"chinese","housenumber":"3671","street":"Bladensburg Road","city":"Colmar Manor","postcode":"20722"}},{"type":"Feature","geometry":{"type":"Point","coordinates":[-76.95063,38.93436]},"properties":{"id":"node/12629381083","name":"Dollar & Sence","group":"groceries","category":"shop=variety_store","housenumber":"3711","street":"Bladensburg Road","city":"Colmar Manor","postcode":"20722"}},{"type":"Feature","geometry":{"type":"Point","coordinates":[-76.9505,38.93442]},"properties":{"id":"node/12629381084","name":"Star Nails","group":"personal_care","category":"shop=beauty","housenumber":"3731","street":"Bladensburg Road","city":"Colmar Manor","postcode":"20722"}},{"type":"Feature","geometry":{"type":"Point","coordinates":[-76.95041,38.93445]},"properties":{"id":"node/12629381085","name":"Charbroiled Chicken & Grill","group":"food","category":"amenity=fast_food","cuisine":"chicken","housenumber":"3751","street":"Bladensburg Road","city":"Colmar Manor","postcode":"20722"}},{"type":"Feature","geometry":{"type":"Point","coordinates":[-76.95032,38.9345]},"properties":{"id":"node/12629381086","name":"Eden Pet Supplies & Supermarket","group":"shopping","category":"shop=pet","housenumber":"3771","street":"Bladensburg Road","city":"Colmar Manor","postcode":"20722"}},{"type":"Feature","geometry":{"type":"Point","coordinates":[-76.95013,38.93458]},"properties":{"id":"node/12629381088","name":"AJ Liquors","group":"groceries","category":"shop=alcohol","housenumber":"3801","street":"Bladensburg Road","city":"Colmar Manor","postcode":"20722"}},{"type":"Feature","geometry":{"type":"Point","coordinates":[-76.94985,38.93483]},"properties":{"id":"node/12629381089","name":"Compare Foods","group":"groceries","category":"shop=supermarket","housenumber":"3831","street":"Bladensburg Road","city":"Colmar Manor","postcode":"20722"}},{"type":"Feature","geometry":{"type":"Point","coordinates":[-76.93895,38.98034]},"properties":{"id":"node/12663582401","name":"Honey Pig BBQ","group":"food","category":"amenity=restaurant","cuisine":"korean","phone":"+1-240-667-2366","website":"https://www.honeypigbbq.com/","housenumber":"7326","street":"Baltimore Avenue","postcode":"20740"}},{"type":"Feature","geometry":{"type":"Point","coordinates":[-76.95869,38.9681]},"properties":{"id":"node/12667194101","name":"Hook & Reel Cajun Seafood & Bar","group":"food","category":"amenity=restaurant","cuisine":"seafood","website":"https://hookreel.com/","housenumber":"3500","street":"East-West Highway","postcode":"20782"}},{"type":"Feature","geometry":{"type":"Point","coordinates":[-76.96775,38.95199]},"properties":{"id":"node/13442451029","name":"Story Cannabis Dispensary Hyattsville","group":"shopping","category":"shop=cannabis","hours":"Mo-Su 09:00-22:00","phone":"+1 240-800-7544","website":"https://storycannabis.com/dispensary-locations/maryland/hyattsville-md/","housenumber":"2486","street":"Chillum Road","city":"Hyattsville","postcode":"20782"}},{"type":"Feature","geometry":{"type":"Point","coordinates":[-76.99346,38.96296]},"properties":{"id":"node/13478234232","name":"Los Pollos Silvestres","group":"food","category":"amenity=restaurant","cuisine":"latin_american","hours":"Mo-Sa 11:00-21:00","phone":"+1-202-304-4126","website":"https://www.silvestrerotisserieandgrill.com","housenumber":"5922","street":"Riggs Road","city":"Hyattsville","postcode":"20783"}},{"type":"Feature","geometry":{"type":"Point","coordinates":[-76.92018,38.96408]},"properties":{"id":"node/13588725559","name":"World Class Pro Shop","group":"shopping","category":"shop=sports","housenumber":"6262","street":"Kenilworth Avenue","city":"Riverdale","postcode":"20737"}},{"type":"Feature","geometry":{"type":"Point","coordinates":[-77.01019,38.79485]},"properties":{"id":"node/13630809520","name":"TAP Sports Bar","group":"food","category":"amenity=restaurant","cuisine":"american"}},{"type":"Feature","geometry":{"type":"Point","coordinates":[-77.00959,38.7943]},"properties":{"id":"node/13630809522","name":"Diablo's Cantina","group":"food","category":"amenity=restaurant","cuisine":"mexican"}},{"type":"Feature","geometry":{"type":"Point","coordinates":[-77.00919,38.79443]},"properties":{"id":"node/13630809523","name":"Voltaggio Brothers Steak House","group":"food","category":"amenity=restaurant","cuisine":"steak_house"}},{"type":"Feature","geometry":{"type":"Point","coordinates":[-77.00789,38.79562]},"properties":{"id":"node/13630809524","name":"Ginger","group":"food","category":"amenity=restaurant","cuisine":"asian"}},{"type":"Feature","geometry":{"type":"Point","coordinates":[-77.00808,38.79592]},"properties":{"id":"node/13630809525","name":"Bellagio Patisseri","group":"food","category":"shop=pastry"}},{"type":"Feature","geometry":{"type":"Point","coordinates":[-77.00851,38.79496]},"properties":{"id":"node/13630809527","name":"Bread + Butter","group":"food","category":"amenity=restaurant","cuisine":"american"}},{"type":"Feature","geometry":{"type":"Point","coordinates":[-77.00715,38.79598]},"properties":{"id":"node/13630809528","name":"Osteria Costa","group":"food","category":"amenity=restaurant","cuisine":"italian"}},{"type":"Feature","geometry":{"type":"Point","coordinates":[-77.00908,38.79555]},"properties":{"id":"node/13630809597","name":"FELT","group":"food","category":"amenity=bar"}},{"type":"Feature","geometry":{"type":"Point","coordinates":[-77.00873,38.79529]},"properties":{"id":"node/13630809598","name":"Blossom","group":"food","category":"amenity=bar"}},{"type":"Feature","geometry":{"type":"Point","coordinates":[-77.00786,38.79535]},"properties":{"id":"node/13630809599","name":"SHYFT","group":"shopping","category":"shop=clothes"}},{"type":"Feature","geometry":{"type":"Point","coordinates":[-76.92375,38.87105]},"properties":{"id":"node/13697950650","name":"Mi Pueblo By Big Papa","group":"food","category":"amenity=restaurant","phone":"+1-301-735-1700","website":"https://mipueblobybigpapa.com","housenumber":"4947","street":"Marlboro Pike","city":"Capitol Heights","postcode":"20743"}},{"type":"Feature","geometry":{"type":"Point","coordinates":[-76.93492,38.94658]},"properties":{"id":"node/13711274129","name":"Fully Ekwipped Auto","group":"services","category":"shop=car_repair","hours":"Mo-Fr 09:00-17:00","phone":"+1-202-386-0089","website":"https://www.fullyekwipped.com","housenumber":"5006","street":"Buchanan Street","city":"Hyattsville","postcode":"20781"}},{"type":"Feature","geometry":{"type":"Point","coordinates":[-76.93404,38.99119]},"properties":{"id":"node/13822625601","name":"Eastern Gourmet","group":"food","category":"amenity=restaurant","cuisine":"chinese","housenumber":"8150","street":"Baltimore Avenue"}},{"type":"Feature","geometry":{"type":"Point","coordinates":[-76.934,38.99128]},"properties":{"id":"node/13822625701","name":"Maryland Tandoor","group":"food","category":"amenity=restaurant","cuisine":"indian","housenumber":"8150","street":"Baltimore Avenue"}},{"type":"Feature","geometry":{"type":"Point","coordinates":[-76.94055,38.95435]},"properties":{"id":"node/13939520201","name":"Akira Ramen & Izakaya","group":"food","category":"amenity=restaurant","cuisine":"ramen","phone":"+12406672782","housenumber":"5443-6","street":"Baltimore Avenue","postcode":"20781"}},{"type":"Feature","geometry":{"type":"Point","coordinates":[-76.94661,38.99248]},"properties":{"id":"way/23579583","name":"The Diner","group":"food","category":"amenity=restaurant","hours":"Mo-Fr 07:00-21:00; Sa,Su 10:00-21:00","housenumber":"4028","street":"Stadium Drive","city":"College Park","postcode":"20742"}},{"type":"Feature","geometry":{"type":"Point","coordinates":[-76.94368,38.98305]},"properties":{"id":"way/23891590","name":"South Campus Dining Hall","group":"food","category":"amenity=restaurant","housenumber":"7093","street":"Preinkert Drive","city":"College Park","postcode":"20742"}},{"type":"Feature","geometry":{"type":"Point","coordinates":[-76.93755,38.98051]},"properties":{"id":"way/34068961","name":"R.J. Bentley's","group":"food","category":"amenity=bar","phone":"+1 301-277-8898","website":"https://rjbentleys.net/","housenumber":"7323","street":"Baltimore Avenue","city":"College Park","postcode":"20740"}},{"type":"Feature","geometry":{"type":"Point","coordinates":[-76.9384,38.9812]},"properties":{"id":"way/93686051","name":"Terrapin's Turf","group":"food","category":"amenity=bar","phone":"+1 301-277-8377","website":"https://terrapinsturf.weebly.com/","housenumber":"4410","street":"Knox Road","city":"College Park","postcode":"20740"}},{"type":"Feature","geometry":{"type":"Point","coordinates":[-76.93753,38.98066]},"properties":{"id":"way/93686233","name":"Cornerstone Grill & Loft","group":"food","category":"amenity=bar","phone":"+1 301-779-7044","website":"https://www.cpcornerstone.com/","housenumber":"7325","street":"Baltimore Avenue","city":"College Park"}},{"type":"Feature","geometry":{"type":"Point","coordinates":[-76.93956,38.95664]},"properties":{"id":"way/184410984","name":"Sudsville Laundry Inc","group":"services","category":"shop=laundry","hours":"24/7","housenumber":"5609","street":"Baltimore Avenue"}},{"type":"Feature","geometry":{"type":"Point","coordinates":[-76.9377,38.94995]},"properties":{"id":"way/184419524","name":"R.W. Kibler, Inc.","group":"services","category":"craft=roofer","housenumber":"4703","street":"Decatur Street"}},{"type":"Feature","geometry":{"type":"Point","coordinates":[-76.94301,38.94932]},"properties":{"id":"way/184419578","name":"Streetcar 82 Brewing Co.","group":"food","category":"amenity=pub","hours":"Tu-Th 15:00-22:00; Fr,Sa 12:00-22:00; Su 12:00-20:00","website":"https://www.streetcar82brewing.com/","housenumber":"4824","street":"Rhode Island Avenue","city":"Hyattsville","postcode":"20781"}},{"type":"Feature","geometry":{"type":"Point","coordinates":[-76.99939,38.81532]},"properties":{"id":"way/184446851","name":"Henry's Soul Cafe","group":"food","category":"amenity=cafe","cuisine":"american","phone":"+1 301 749 6856","website":"https://www.henryssoulcafe.com/","housenumber":"5431","street":"Indian Head Highway","city":"Oxon Hill","postcode":"20745"}},{"type":"Feature","geometry":{"type":"Point","coordinates":[-76.93984,38.96175]},"properties":{"id":"way/184471913","name":"El Comalito Authentic Pupuseria","group":"food","category":"amenity=restaurant","cuisine":"pupusa","housenumber":"6100","street":"Baltimore Avenue","postcode":"20737"}},{"type":"Feature","geometry":{"type":"Point","coordinates":[-76.9388,38.95883]},"properties":{"id":"way/184499868","name":"Chambers Funeral Home And Crematorium","group":"services","category":"shop=funeral_directors","phone":"+1 301 699 5500","website":"https://www.chambersfuneralhomes.com/","housenumber":"5801","street":"Cleveland Avenue","city":"Riverdale","postcode":"20737"}},{"type":"Feature","geometry":{"type":"Point","coordinates":[-76.93939,38.96098]},"properties":{"id":"way/193811055","name":"Carbon y Le\u00f1a","group":"food","category":"amenity=restaurant","cuisine":"dominican;latin_american","hours":"Mo-Su 10:00-22:00","phone":"+1-240-764-7010","housenumber":"6033","street":"Baltimore Avenue","postcode":"20737"}},{"type":"Feature","geometry":{"type":"Point","coordinates":[-76.93988,38.9613]},"properties":{"id":"way/193811068","name":"Shagga Ethiopian Cuisine","group":"food","category":"amenity=restaurant","cuisine":"ethiopian","website":"https://www.shaggarestaurant.com/","housenumber":"6040","street":"Baltimore Avenue","postcode":"20781"}},{"type":"Feature","geometry":{"type":"Point","coordinates":[-76.93941,38.95547]},"properties":{"id":"way/195247807","name":"Spice 6","group":"food","category":"amenity=restaurant","cuisine":"indian","phone":"+1-301-209-0080","website":"https://www.spice-6.com/","housenumber":"5501","street":"Baltimore Avenue","city":"Hyattsville","postcode":"20781"}},{"type":"Feature","geometry":{"type":"Point","coordinates":[-76.93957,38.95548]},"properties":{"id":"way/195247808","name":"Signature Pieces","group":"shopping","category":"shop=clothes","phone":"+1-301-403-8957","website":"https://www.thebigbadwoof.com/","housenumber":"5501","street":"Baltimore Avenue","city":"Hyattsville","postcode":"20781"}},{"type":"Feature","geometry":{"type":"Point","coordinates":[-76.93973,38.95549]},"properties":{"id":"way/195247809","name":"Yogi Castle","group":"food","category":"amenity=restaurant","cuisine":"yogurt","website":"http://www.yogicastle.com/#/store/12","housenumber":"5501","street":"Baltimore Avenue","city":"Hyattsville","postcode":"20781"}},{"type":"Feature","geometry":{"type":"Point","coordinates":[-76.93994,38.95567]},"properties":{"id":"way/196616657","name":"Tariyaki Kaizen Teppenyaki Grill & Sushi","group":"food","category":"amenity=restaurant","cuisine":"sushi;grill","housenumber":"5501","street":"Baltimore Avenue","city":"Hyattsville","postcode":"20781"}},{"type":"Feature","geometry":{"type":"Point","coordinates":[-76.93995,38.95559]},"properties":{"id":"way/196617445","name":"Tara Thai","group":"food","category":"amenity=restaurant","cuisine":"thai","phone":"+1-301-277-7888","website":"http://tarathai.com/homepage/hyattsville/","housenumber":"5501","street":"Baltimore Avenue","city":"Hyattsville","postcode":"20781"}},{"type":"Feature","geometry":{"type":"Point","coordinates":[-76.93388,38.99208]},"properties":{"id":"way/207085455","name":"Vigilante Coffee","group":"food","category":"amenity=cafe","cuisine":"coffee_shop","hours":"Mo-Su 07:00-19:00","website":"https://www.vigilantecoffee.com/","housenumber":"8200","street":"Baltimore Avenue","city":"College Park","postcode":"20740"}},{"type":"Feature","geometry":{"type":"Point","coordinates":[-76.94384,38.94854]},"properties":{"id":"way/211729264","name":"Pizzeria Paradiso","group":"food","category":"amenity=restaurant","cuisine":"pizza","hours":"We-Th 16:00-21:00; Fr-Su 13:00-21:00","phone":"+1-240-467-3210","website":"https://www.eatyourpizza.com/","housenumber":"4800","street":"Rhode Island Avenue","city":"Hyattsville","postcode":"20781"}},{"type":"Feature","geometry":{"type":"Point","coordinates":[-76.93836,38.96319]},"properties":{"id":"way/214437784","name":"Ernie's Lock Co. Inc.","group":"services","category":"shop=locksmith","hours":"Mo-Fr 08:00-17:00","housenumber":"4500","street":"Queensbury Road"}},{"type":"Feature","geometry":{"type":"Point","coordinates":[-76.91941,38.96562]},"properties":{"id":"way/225234008","name":"El Rancherito","group":"food","category":"amenity=restaurant","cuisine":"mexican;american","housenumber":"6408","street":"Kenilworth Avenue","city":"Riverdale Park","postcode":"20737"}},{"type":"Feature","geometry":{"type":"Point","coordinates":[-76.91945,38.96529]},"properties":{"id":"way/225234010","name":"Tangah Tires","group":"services","category":"shop=tyres","housenumber":"6328","street":"Kenilworth Avenue"}},{"type":"Feature","geometry":{"type":"Point","coordinates":[-76.96213,38.95616]},"properties":{"id":"way/228608883","name":"New Century Carryout","group":"food","category":"amenity=restaurant","cuisine":"chinese"}},{"type":"Feature","geometry":{"type":"Point","coordinates":[-76.95967,38.95388]},"properties":{"id":"way/228608885","name":"Bestway","group":"groceries","category":"shop=supermarket","housenumber":"3511","street":"Hamilton Street","city":"Hyattsville","postcode":"20782"}},{"type":"Feature","geometry":{"type":"Point","coordinates":[-76.97928,38.98488]},"properties":{"id":"way/228608890","name":"Tick Tock Liquors","group":"groceries","category":"shop=alcohol","housenumber":"1810","street":"University Boulevard","city":"Hyattsville","postcode":"20783"}},{"type":"Feature","geometry":{"type":"Point","coordinates":[-76.92349,38.84865]},"properties":{"id":"way/230874743","name":"State Cleaners","group":"services","category":"shop=dry_cleaning","housenumber":"4806","street":"Suitland Road","city":"Suitland","postcode":"20746"}},{"type":"Feature","geometry":{"type":"Point","coordinates":[-76.97781,38.98323]},"properties":{"id":"way/234510987","name":"Pollooro","group":"food","category":"amenity=fast_food","housenumber":"2035","street":"University Boulevard","city":"Hyattsville","postcode":"20783"}},{"type":"Feature","geometry":{"type":"Point","coordinates":[-76.98639,38.83228]},"properties":{"id":"way/242673256","name":"Star Carry Out","group":"food","category":"amenity=fast_food","cuisine":"chinese","housenumber":"4426","street":"Wheeler Road","city":"Oxon Hill","postcode":"20745"}},{"type":"Feature","geometry":{"type":"Point","coordinates":[-76.99033,38.80366]},"properties":{"id":"way/243245413","name":"Seitz Liquors","group":"groceries","category":"shop=alcohol","hours":"08:00-24:00","housenumber":"6223","street":"Livingston Road","city":"Oxon Hill","postcode":"20745"}},{"type":"Feature","geometry":{"type":"Point","coordinates":[-76.95453,38.93939]},"properties":{"id":"way/246398103","name":"Brentwood Arts Exchange","group":"shopping","category":"shop=art","housenumber":"3901","street":"Rhode Island Avenue","city":"Brentwood","postcode":"20722"}},{"type":"Feature","geometry":{"type":"Point","coordinates":[-76.97052,38.98365]},"properties":{"id":"way/246408173","name":"Waterworks Laundromat","group":"services","category":"shop=laundry","housenumber":"2311","street":"University Boulevard East","city":"Hyattsville","postcode":"20783"}},{"type":"Feature","geometry":{"type":"Point","coordinates":[-76.97088,38.98362]},"properties":{"id":"way/246408174","name":"Value Dollar","group":"groceries","category":"shop=variety_store","housenumber":"7705","street":"23rd Avenue","city":"Hyattsville","postcode":"20783"}},{"type":"Feature","geometry":{"type":"Point","coordinates":[-76.97087,38.98375]},"properties":{"id":"way/246408175","name":"Adelphi Auto Service","group":"services","category":"shop=car_repair","housenumber":"2301","street":"University Boulevard East","city":"Hyattsville","postcode":"20783"}},{"type":"Feature","geometry":{"type":"Point","coordinates":[-76.96929,38.98497]},"properties":{"id":"way/246408560","name":"King Kong","group":"food","category":"amenity=restaurant","cuisine":"chinese","housenumber":"2350","street":"University Boulevard East"}},{"type":"Feature","geometry":{"type":"Point","coordinates":[-76.93178,38.99488]},"properties":{"id":"way/302528827","name":"Peter Chang Kitchen & Bar","group":"food","category":"amenity=restaurant","cuisine":"chinese","phone":"+13012201437","website":"https://www.peterchangkitchenandbar.com/","housenumber":"8503","street":"Baltimore Avenue","city":"College Park","postcode":"20740"}},{"type":"Feature","geometry":{"type":"Point","coordinates":[-76.96053,38.9384]},"properties":{"id":"way/506585474","name":"Glut Food Coop","group":"groceries","category":"shop=supermarket","website":"https://glut.org/","housenumber":"4005","street":"34th Street","city":"Mount Rainier","postcode":"20712"}},{"type":"Feature","geometry":{"type":"Point","coordinates":[-76.91417,38.90257]},"properties":{"id":"way/511544773","name":"Babershop & Salon","group":"personal_care","category":"shop=hairdresser","housenumber":"5443","street":"Addison Road","city":"Capitol Heights","postcode":"20743"}},{"type":"Feature","geometry":{"type":"Point","coordinates":[-77.00191,38.96734]},"properties":{"id":"way/521543620","name":"Washingtonian","group":"groceries","category":"shop=convenience","housenumber":"6400","street":"New Hampshire Avenue","city":"Takoma Park","postcode":"20912"}},{"type":"Feature","geometry":{"type":"Point","coordinates":[-76.9376,38.97858]},"properties":{"id":"way/604775391","name":"College Park Bicycle","group":"shopping","category":"shop=bicycle","hours":"Mo,We-Fr 10:00-19:00; Sa 10:00-18:00; Su 12:00-17:00","phone":"+1 301-864-2211","website":"https://www.collegeparkbicycles.com/","housenumber":"7301","street":"Baltimore Avenue","city":"College Park","postcode":"20740"}},{"type":"Feature","geometry":{"type":"Point","coordinates":[-76.97934,38.97134]},"properties":{"id":"way/613089123","name":"EKO International Store","group":"groceries","category":"shop=convenience","phone":"+1 301 422 7300","housenumber":"6580","street":"Ager Road","city":"Hyattsville","postcode":"20782"}},{"type":"Feature","geometry":{"type":"Point","coordinates":[-76.99798,38.97121]},"properties":{"id":"way/613946948","name":"Maryland Tire Market","group":"services","category":"shop=tyres","phone":"+1 304 270 0400","housenumber":"6701","street":"New Hampshire Avenue","city":"Takoma Park","postcode":"20912"}},{"type":"Feature","geometry":{"type":"Point","coordinates":[-76.92377,38.84928]},"properties":{"id":"way/614539833","name":"Suitland Tire","group":"services","category":"shop=tyres","phone":"+1-240-619-3653","housenumber":"4805","street":"Silver Hill Road","city":"Suitland","postcode":"20746"}},{"type":"Feature","geometry":{"type":"Point","coordinates":[-76.9223,38.95555]},"properties":{"id":"way/614863380","name":"Taqueria 3 Reyes","group":"food","category":"amenity=restaurant","cuisine":"mexican","housenumber":"5403","street":"Kenilworth Avenue","city":"Riverdale","postcode":"20737"}},{"type":"Feature","geometry":{"type":"Point","coordinates":[-76.96699,38.93832]},"properties":{"id":"way/614958103","name":"Mt. Rainier Quick Stoo","group":"groceries","category":"shop=convenience","housenumber":"4002","street":"29th Street","city":"Mount Rainier","postcode":"20712"}},{"type":"Feature","geometry":{"type":"Point","coordinates":[-76.97193,38.94438]},"properties":{"id":"way/614958275","name":"DC Mini Mart & Deli","group":"groceries","category":"shop=convenience","housenumber":"2319","street":"Varnum Street","city":"Mount Rainier","postcode":"20712"}},{"type":"Feature","geometry":{"type":"Point","coordinates":[-76.95149,38.94234]},"properties":{"id":"way/614962788","name":"Pollo Sabroso","group":"food","category":"amenity=restaurant","cuisine":"chicken","housenumber":"4400","street":"Rhode Island Avenue","city":"Brentwood","postcode":"20722"}},{"type":"Feature","geometry":{"type":"Point","coordinates":[-76.93624,38.94969]},"properties":{"id":"way/615282145","name":"La Fondita","group":"food","category":"amenity=restaurant","cuisine":"mexican","housenumber":"4901","street":"Decatur Street","city":"Hyattsville","postcode":"20781"}},{"type":"Feature","geometry":{"type":"Point","coordinates":[-76.93835,38.95091]},"properties":{"id":"way/615283329","name":"Jhingo Auto Werks","group":"services","category":"shop=car_repair","phone":"+1 240-667-2149","housenumber":"4606","street":"Decatur Street","city":"Hyattsville","postcode":"20781"}},{"type":"Feature","geometry":{"type":"Point","coordinates":[-76.93414,38.83185]},"properties":{"id":"way/615318711","name":"Ourisman Chevrolet of Marlow Heights","group":"shopping","category":"shop=car","website":"https://www.ourismanchevrolet.com","housenumber":"4400","street":"Branch Avenue","city":"Temple Hills","postcode":"20748"}},{"type":"Feature","geometry":{"type":"Point","coordinates":[-77.00138,38.9663]},"properties":{"id":"way/615360586","name":"Roberns Automotive Service Center","group":"services","category":"shop=car_repair","housenumber":"6323","street":"New Hampshire Avenue","city":"Hyattsville","postcode":"20783"}},{"type":"Feature","geometry":{"type":"Point","coordinates":[-76.92007,38.95819]},"properties":{"id":"way/615378100","name":"Professional AutoGlass","group":"services","category":"shop=car_repair","housenumber":"5601","street":"Kenilworth Avenue","city":"Riverdale","postcode":"20737"}},{"type":"Feature","geometry":{"type":"Point","coordinates":[-76.92223,38.95572]},"properties":{"id":"way/615378519","name":"Riggs Grocery","group":"groceries","category":"shop=convenience","housenumber":"5405","street":"Kenilworth Avenue","city":"Riverdale","postcode":"20737"}},{"type":"Feature","geometry":{"type":"Point","coordinates":[-76.92158,38.9567]},"properties":{"id":"way/615378526","name":"Express Auto Clinic","group":"services","category":"shop=car_repair","housenumber":"5501","street":"Kenilworth Avenue","city":"Riverdale","postcode":"20737"}},{"type":"Feature","geometry":{"type":"Point","coordinates":[-76.92289,38.9563]},"properties":{"id":"way/615379733","name":"Chop Tank","group":"groceries","category":"shop=alcohol","housenumber":"5430","street":"Kenilworth Avenue","city":"Riverdale","postcode":"20737"}},{"type":"Feature","geometry":{"type":"Point","coordinates":[-76.96944,38.95186]},"properties":{"id":"way/615540958","name":"ikeyfob.com","group":"services","category":"craft=key_cutter"}},{"type":"Feature","geometry":{"type":"Point","coordinates":[-76.97158,38.94534]},"properties":{"id":"way/615541638","name":"Grand China Carry Out","group":"food","category":"amenity=restaurant","cuisine":"chinese","phone":"+1 301-699-1122","website":"https://www.grandchinamd.com/","housenumber":"2300","street":"Arundel Road","city":"Mount Rainier","postcode":"20712"}},{"type":"Feature","geometry":{"type":"Point","coordinates":[-76.97426,38.80524]},"properties":{"id":"way/616693320","name":"Beltway Market","group":"groceries","category":"shop=convenience","housenumber":"6104","street":"Oxon Hill Road","city":"Oxon Hill","postcode":"20745"}},{"type":"Feature","geometry":{"type":"Point","coordinates":[-76.98922,38.99125]},"properties":{"id":"way/653647876","name":"Overstock Furniture","group":"shopping","category":"shop=furniture","housenumber":"8040","street":"New Hampshire Avenue"}},{"type":"Feature","geometry":{"type":"Point","coordinates":[-76.99434,38.80147]},"properties":{"id":"way/1034362533","name":"Top Golf","group":"food","category":"amenity=restaurant","housenumber":"6400","street":"Clipper Way","city":"Oxon Hill","postcode":"20745"}},{"type":"Feature","geometry":{"type":"Point","coordinates":[-76.98794,38.99056]},"properties":{"id":"way/1047286194","name":"Minute copy","group":"services","category":"shop=copyshop","housenumber":"7968","city":"Langley Park"}},{"type":"Feature","geometry":{"type":"Point","coordinates":[-76.98793,38.99063]},"properties":{"id":"way/1047287049","name":"Se\u00f1or Chicken","group":"services","category":"shop=money_lender","cuisine":"steak_house;chicken","housenumber":"7970"}},{"type":"Feature","geometry":{"type":"Point","coordinates":[-76.98792,38.9907]},"properties":{"id":"way/1047287926","name":"Cocina Rica","group":"food","category":"amenity=restaurant","cuisine":"teriyaki;salvadoran;peruvian","housenumber":"7972"}},{"type":"Feature","geometry":{"type":"Point","coordinates":[-76.98791,38.99076]},"properties":{"id":"way/1047288387","name":"Sports Outlet","group":"shopping","category":"shop=sports","housenumber":"7976","street":"University Boulevard East"}},{"type":"Feature","geometry":{"type":"Point","coordinates":[-76.98789,38.99092]},"properties":{"id":"way/1047289984","name":"America Hair Design","group":"personal_care","category":"shop=hairdresser","housenumber":"7984","street":"University Boulevard East","city":"Adelphi","postcode":"20783"}},{"type":"Feature","geometry":{"type":"Point","coordinates":[-76.96843,38.94983]},"properties":{"id":"way/1124426760","name":"Mid Atlantic Seafood","group":"food","category":"amenity=restaurant","cuisine":"fish","hours":"Mo-Th,Sa 10:00-21:00; Fr 10:00-21:30; Su 11:00-21:00","phone":"+1 301 927-7770","website":"https://mid-atlanticseafood.com/index.php/hyattsville/","housenumber":"3100","street":"Queens Chapel Road","city":"Hyattsville","postcode":"20782"}},{"type":"Feature","geometry":{"type":"Point","coordinates":[-76.97088,38.98348]},"properties":{"id":"way/1147792477","name":"Lewisdale Market","group":"groceries","category":"shop=convenience","housenumber":"7701","street":"23rd Avenue","city":"Hyattsville","postcode":"20783"}},{"type":"Feature","geometry":{"type":"Point","coordinates":[-76.85774,38.96244]},"properties":{"id":"node/50367558","name":"Furniture Assembly Experts","group":"shopping","category":"shop=doityourself","website":"https://www.furnitureassemblyexperts.com/","housenumber":"5608","street":"Whitfield Chapel Road","postcode":"20706"}},{"type":"Feature","geometry":{"type":"Point","coordinates":[-76.86333,38.97806]},"properties":{"id":"node/367799148","name":"Lighthouse Christian Bookstore","group":"shopping","category":"shop=books"}},{"type":"Feature","geometry":{"type":"Point","coordinates":[-76.85278,38.99047]},"properties":{"id":"node/626297878","name":"Osaka Sushi","group":"food","category":"amenity=restaurant","cuisine":"japanese","hours":"Mo-Fr 11:00-21:30; Sa 12:00-21:30; PH unknown"}},{"type":"Feature","geometry":{"type":"Point","coordinates":[-76.86993,38.95556]},"properties":{"id":"node/963730420","name":"King Pollo","group":"food","category":"amenity=restaurant"}},{"type":"Feature","geometry":{"type":"Point","coordinates":[-76.92647,39.0208]},"properties":{"id":"node/1089089766","name":"Moose Creek Steakhouse","group":"food","category":"amenity=restaurant"}},{"type":"Feature","geometry":{"type":"Point","coordinates":[-76.82308,38.95379]},"properties":{"id":"node/1297370479","name":"Graces","group":"food","category":"amenity=restaurant","cuisine":"asian","hours":"Su-We 12:00-21:00; Th-Sa 12:00-22:00"}},{"type":"Feature","geometry":{"type":"Point","coordinates":[-76.8535,39.1086]},"properties":{"id":"node/1448579525","name":"Red, Hot & Blue","group":"food","category":"amenity=restaurant","cuisine":"american","hours":"Mo-Th 11:00-21:00; Fr,Sa 11:00-22:00; Su 12:00-21:00","phone":"+1 301-953-1943","website":"https://redhotandblue.com/laurel-md/","housenumber":"677","street":"Main Street","city":"Laurel"}},{"type":"Feature","geometry":{"type":"Point","coordinates":[-76.98765,38.71217]},"properties":{"id":"node/1596398693","name":"Charlie's","group":"food","category":"amenity=restaurant","cuisine":"italian","housenumber":"12760","street":"Old Fort Road","postcode":"20744"}},{"type":"Feature","geometry":{"type":"Point","coordinates":[-76.84835,38.92244]},"properties":{"id":"node/1744651236","name":"Woodmore Wine and Spirits","group":"groceries","category":"shop=alcohol","website":"https://woodmorewinespirits.com/","housenumber":"2801","street":"Campus Way North","city":"Glenarden","postcode":"20706"}},{"type":"Feature","geometry":{"type":"Point","coordinates":[-76.78868,38.96488]},"properties":{"id":"node/1745905868","name":"Fairwood Cafe Wine and Spirits","group":"groceries","category":"shop=alcohol","website":"http://www.fairwoodwine.com/index.php"}},{"type":"Feature","geometry":{"type":"Point","coordinates":[-76.89797,38.85411]},"properties":{"id":"node/1805067847","name":"Healthy Hair Center Hair Salon","group":"personal_care","category":"shop=hairdresser","website":"https://www.healthyhaircenter.com/","housenumber":"6328","street":"Marlboro pike","postcode":"20747"}},{"type":"Feature","geometry":{"type":"Point","coordinates":[-76.90933,38.93846]},"properties":{"id":"node/1837393990","name":"Italian Inn","group":"food","category":"amenity=restaurant","cuisine":"italian"}},{"type":"Feature","geometry":{"type":"Point","coordinates":[-77.01671,38.7844]},"properties":{"id":"node/1995799803","name":"Rosa Mexicano","group":"food","category":"amenity=restaurant","cuisine":"mexican","housenumber":"153","street":"Waterfront Street","postcode":"20745"}},{"type":"Feature","geometry":{"type":"Point","coordinates":[-77.0156,38.78279]},"properties":{"id":"node/1998093327","name":"Cadillac Ranch Grill","group":"food","category":"amenity=restaurant","housenumber":"186","street":"Fleet Street","postcode":"20745"}},{"type":"Feature","geometry":{"type":"Point","coordinates":[-77.0161,38.78531]},"properties":{"id":"node/1998150253","name":"The Tasting Room","group":"food","category":"amenity=bar","housenumber":"137","street":"Waterfront Street","city":"Oxon Hill","postcode":"20745"}},{"type":"Feature","geometry":{"type":"Point","coordinates":[-77.01664,38.78471]},"properties":{"id":"node/1998168746","name":"Fiorella Pizzeria e Cafe","group":"food","category":"amenity=restaurant","cuisine":"italian","housenumber":"152","street":"National Plaza","postcode":"20745"}},{"type":"Feature","geometry":{"type":"Point","coordinates":[-77.01687,38.78452]},"properties":{"id":"node/1998961094","name":"Cake Love","group":"food","category":"shop=bakery","housenumber":"160","street":"National Plaza","postcode":"20745"}},{"type":"Feature","geometry":{"type":"Point","coordinates":[-77.01682,38.78465]},"properties":{"id":"node/1998961095","name":"Mason's Famous Lobster Rolls","group":"food","category":"amenity=restaurant","cuisine":"seafood","housenumber":"156","street":"National Plaza","postcode":"20745"}},{"type":"Feature","geometry":{"type":"Point","coordinates":[-77.01531,38.78316]},"properties":{"id":"node/1998963289","name":"Bobby McKey's","group":"food","category":"amenity=restaurant","housenumber":"172","street":"Fleet Street","postcode":"20745"}},{"type":"Feature","geometry":{"type":"Point","coordinates":[-77.01573,38.78326]},"properties":{"id":"node/1998963290","name":"Harrington's Pub & Kitchen","group":"food","category":"amenity=restaurant","housenumber":"177","street":"Fleet Street","postcode":"20745"}},{"type":"Feature","geometry":{"type":"Point","coordinates":[-77.01596,38.78296]},"properties":{"id":"node/2000326566","name":"Public House National Harbor","group":"food","category":"amenity=restaurant","website":"https://www.publichousenationalharbor.com/","housenumber":"199","street":"Fleet Street","postcode":"20745"}},{"type":"Feature","geometry":{"type":"Point","coordinates":[-77.01558,38.78464]},"properties":{"id":"node/2001614162","name":"Harbor Coffee","group":"food","category":"amenity=cafe","cuisine":"coffee_shop","housenumber":"150","street":"American Way","postcode":"20745"}},{"type":"Feature","geometry":{"type":"Point","coordinates":[-77.01564,38.78421]},"properties":{"id":"node/2001614167","name":"Thai Pavilion","group":"food","category":"amenity=restaurant","cuisine":"thai","housenumber":"151","street":"American Way","postcode":"20745"}},{"type":"Feature","geometry":{"type":"Point","coordinates":[-76.90706,39.03349]},"properties":{"id":"node/2001768893","name":"Old Line Fine Wine, Spirits & Bistro","group":"groceries","category":"shop=alcohol","phone":"+1-301-937-5999","website":"https://oldlinewine.com/","housenumber":"11011","street":"Baltimore Avenue","city":"Beltsville","postcode":"20705"}},{"type":"Feature","geometry":{"type":"Point","coordinates":[-76.87658,39.00101]},"properties":{"id":"node/2295388385","name":"Generous Joe's","group":"food","category":"amenity=restaurant","cuisine":"american;sandwich;pizza","hours":"Mo-Sa 09:00-22:00; Su 10:00-21:00","phone":"+1-301-474-4999","website":"https://www.generousjoes.com/","housenumber":"107","street":"Centerway","city":"Greenbelt","postcode":"20770"}},{"type":"Feature","geometry":{"type":"Point","coordinates":[-76.87653,39.00135]},"properties":{"id":"node/2295388386","name":"New Deal Cafe","group":"food","category":"amenity=cafe","cuisine":"american;italian;coffee_shop","hours":"Su 11:00-21:00, Tu-Th 11:00-22:00, Fr-Sa 11:00-24:00","phone":"+1-301-474-5642","website":"https://www.newdealcafe.com","housenumber":"113","street":"Centerway","city":"Greenbelt","postcode":"20770"}},{"type":"Feature","geometry":{"type":"Point","coordinates":[-76.93487,39.11193]},"properties":{"id":"node/2305827547","name":"Zen Asian Grill & Sushi","group":"food","category":"amenity=restaurant","cuisine":"japanese","website":"http://www.zenasiangrillsushi.com","housenumber":"15602","street":"Old Columbia Pike","city":"Burtonsville","postcode":"20866"}},{"type":"Feature","geometry":{"type":"Point","coordinates":[-76.93634,39.10896]},"properties":{"id":"node/2305830969","name":"Barra Brava Cevicheria Peruana","group":"food","category":"amenity=restaurant","cuisine":"peruvian","hours":"Mo-Th 10:00-21:00; Fr-Sa 10:00-00:00; Su 08:00-21:00","phone":"+1-240-342-2554","website":"https://barrabravacevicheria.com/","housenumber":"15420","street":"Old Columbia Pike","city":"Burtonsville"}},{"type":"Feature","geometry":{"type":"Point","coordinates":[-76.86366,39.0814]},"properties":{"id":"node/2426642344","name":"Kings Way","group":"food","category":"amenity=restaurant"}},{"type":"Feature","geometry":{"type":"Point","coordinates":[-76.86299,39.08233]},"properties":{"id":"node/2426642351","name":"Lorven Pharmacy","group":"groceries","category":"amenity=pharmacy","housenumber":"13929 ","street":"Baltimore Avenue","city":"Laurel","postcode":"20707"}},{"type":"Feature","geometry":{"type":"Point","coordinates":[-76.86302,39.08228]},"properties":{"id":"node/2426642352","name":"Latin Image Salon","group":"personal_care","category":"shop=hairdresser","city":"Laurel"}},{"type":"Feature","geometry":{"type":"Point","coordinates":[-76.8635,39.08169]},"properties":{"id":"node/2426642358","name":"Curry Leaf","group":"food","category":"amenity=restaurant","cuisine":"indian"}},{"type":"Feature","geometry":{"type":"Point","coordinates":[-76.8629,39.08247]},"properties":{"id":"node/2426642362","name":"Discount Mattress Outlet","group":"shopping","category":"shop=bed","city":"Laurel"}},{"type":"Feature","geometry":{"type":"Point","coordinates":[-76.86116,39.08514]},"properties":{"id":"node/2426674006","name":"Jerrys Subs","group":"food","category":"amenity=fast_food","housenumber":"14215","street":"Baltimore Avenue","city":"Laurel","postcode":"20707"}},{"type":"Feature","geometry":{"type":"Point","coordinates":[-76.86122,39.08508]},"properties":{"id":"node/2426676390","name":"Sky Nails","group":"personal_care","category":"shop=beauty","housenumber":"14211","street":"Baltimore Avenue","city":"Laurel","postcode":"20707"}},{"type":"Feature","geometry":{"type":"Point","coordinates":[-76.83757,39.0953]},"properties":{"id":"node/2427487324","name":"Jerrys Subs","group":"food","category":"amenity=fast_food","housenumber":"9711","street":"Fort Meade Road","postcode":"20707"}},{"type":"Feature","geometry":{"type":"Point","coordinates":[-76.84792,39.09732]},"properties":{"id":"node/2427809266","name":"Alma Latina Restaurant","group":"food","category":"amenity=restaurant"}},{"type":"Feature","geometry":{"type":"Point","coordinates":[-76.84781,39.09597]},"properties":{"id":"node/2427827019","name":"El Toro Supermarket","group":"groceries","category":"shop=supermarket","housenumber":"111","street":"Bowie Road","postcode":"20707"}},{"type":"Feature","geometry":{"type":"Point","coordinates":[-76.85176,39.09541]},"properties":{"id":"node/2427843267","name":"McCormick Paints","group":"shopping","category":"shop=paint"}},{"type":"Feature","geometry":{"type":"Point","coordinates":[-76.87744,39.08673]},"properties":{"id":"node/2584503350","name":"Panda West","group":"food","category":"amenity=restaurant","housenumber":"7405","street":"Van Dusen Road","postcode":"20707"}},{"type":"Feature","geometry":{"type":"Point","coordinates":[-76.877,39.08714]},"properties":{"id":"node/2584503352","name":"Bella Indian and Italian Cuisine","group":"food","category":"amenity=restaurant","cuisine":"italian","hours":"Fr-Sa 11:00-22:00; Su-Th 11:00-21:00","website":"https://www.bellaindiananditaliancuisine.com/","housenumber":"7423","street":"Van Dusen Road","postcode":"20707"}},{"type":"Feature","geometry":{"type":"Point","coordinates":[-76.84393,39.10323]},"properties":{"id":"node/2587928166","name":"TD Lounge","group":"food","category":"amenity=bar"}},{"type":"Feature","geometry":{"type":"Point","coordinates":[-77.01631,38.78447]},"properties":{"id":"node/2605217760","name":"The Walrus Oyster & Ale House","group":"food","category":"amenity=restaurant","cuisine":"seafood","housenumber":"152","street":"Waterfront Street","postcode":"20745"}},{"type":"Feature","geometry":{"type":"Point","coordinates":[-77.0171,38.78388]},"properties":{"id":"node/2605217787","name":"Sauciety","group":"food","category":"amenity=restaurant","cuisine":"american","housenumber":"171","street":"Waterfront Street","postcode":"20745"}},{"type":"Feature","geometry":{"type":"Point","coordinates":[-77.01632,38.78497]},"properties":{"id":"node/2605217795","name":"Bond 45","group":"food","category":"amenity=restaurant","cuisine":"italian","housenumber":"149","street":"Waterfront Street","city":"Oxon Hill","postcode":"20745"}},{"type":"Feature","geometry":{"type":"Point","coordinates":[-77.01677,38.7813]},"properties":{"id":"node/2605217800","name":"Harbor Social","group":"food","category":"amenity=restaurant","cuisine":"american","housenumber":"201","street":"Waterfront Street","postcode":"20745"}},{"type":"Feature","geometry":{"type":"Point","coordinates":[-77.01721,38.78392]},"properties":{"id":"node/2605217978","name":"Lobby Bar","group":"food","category":"amenity=bar","housenumber":"173","street":"Waterfront Street","postcode":"20745"}},{"type":"Feature","geometry":{"type":"Point","coordinates":[-76.86953,39.07725]},"properties":{"id":"node/2620215537","name":"Pho 54","group":"food","category":"amenity=restaurant"}},{"type":"Feature","geometry":{"type":"Point","coordinates":[-76.86913,39.07605]},"properties":{"id":"node/2620351202","name":"House of Peking Choice","group":"food","category":"amenity=restaurant"}},{"type":"Feature","geometry":{"type":"Point","coordinates":[-76.84599,38.9204]},"properties":{"id":"node/2750318982","name":"Copper Canyon Grill","group":"food","category":"amenity=restaurant","housenumber":"9300","street":"Taj Lane","city":"Glenarden","postcode":"20706"}},{"type":"Feature","geometry":{"type":"Point","coordinates":[-77.01498,38.78435]},"properties":{"id":"node/2949927833","name":"Potomac Gourmet Market","group":"groceries","category":"shop=supermarket"}},{"type":"Feature","geometry":{"type":"Point","coordinates":[-76.93048,39.00094]},"properties":{"id":"node/3067777195","name":"CDepot","group":"shopping","category":"shop=music"}},{"type":"Feature","geometry":{"type":"Point","coordinates":[-76.93051,39.00073]},"properties":{"id":"node/3067777197","name":"Sakura Seafood Buffet","group":"food","category":"amenity=restaurant"}},{"type":"Feature","geometry":{"type":"Point","coordinates":[-76.83751,39.09517]},"properties":{"id":"node/3078508608","name":"Manila Asian Foods","group":"groceries","category":"shop=supermarket"}},{"type":"Feature","geometry":{"type":"Point","coordinates":[-76.93358,39.11302]},"properties":{"id":"node/3092931463","name":"Dry Clean Direct","group":"services","category":"shop=dry_cleaning","hours":"Mo-Sa 07:00-20:00, Su 10:00-17:00","phone":"+1-301-421-1952","housenumber":"15644","street":"Old Columbia Pike","city":"Burtonsville","postcode":"20866"}},{"type":"Feature","geometry":{"type":"Point","coordinates":[-76.85586,39.09584]},"properties":{"id":"node/3110108462","name":"Bart's Full Service Barber Shop","group":"personal_care","category":"shop=hairdresser","hours":"Mo-Fr 09:00-18:30, Sa 08:30-17:00","phone":"+1 301 317 9111","website":"http://bartsbarbershop.org","housenumber":"356","street":"Domer Avenue","city":"Laurel","postcode":"20708"}},{"type":"Feature","geometry":{"type":"Point","coordinates":[-76.90668,39.03359]},"properties":{"id":"node/3181355132","name":"Atomic Music","group":"shopping","category":"shop=music","hours":"Mo-Fr 12:00-20:00; Sa 12:00-18:00; Su 12:00-17:00","phone":"+1 301-595-4190","website":"https://atomicmusic.com/","housenumber":"11011","street":"Baltimore Avenue","city":"Beltsville"}},{"type":"Feature","geometry":{"type":"Point","coordinates":[-76.89976,38.91853]},"properties":{"id":"node/3206158841","name":"Golden Crust Bakery","group":"food","category":"shop=bakery","phone":"+1-301-364-3320","website":"https://www.goldcrust.com/","housenumber":"6200","street":"Columbia Park Road","postcode":"20785"}},{"type":"Feature","geometry":{"type":"Point","coordinates":[-76.9199,39.01448]},"properties":{"id":"node/3761031187","name":"Color Nails","group":"personal_care","category":"shop=beauty","housenumber":"9817","street":"Rhode Island Avenue","city":"College Park","postcode":"20740"}},{"type":"Feature","geometry":{"type":"Point","coordinates":[-76.91998,39.01463]},"properties":{"id":"node/3761031194","name":"Eddie's Cafe","group":"food","category":"amenity=restaurant","cuisine":"chinese","housenumber":"9823","street":"Rhode Island Avenue","city":"College Park","postcode":"20740"}},{"type":"Feature","geometry":{"type":"Point","coordinates":[-76.91974,39.01419]},"properties":{"id":"node/3761031201","name":"Pizza Roma","group":"food","category":"amenity=restaurant","cuisine":"pizza","housenumber":"9805","street":"Rhode Island Avenue","city":"College Park","postcode":"20740"}},{"type":"Feature","geometry":{"type":"Point","coordinates":[-76.91987,39.01443]},"properties":{"id":"node/3761031203","name":"Hollywood Nutrition","group":"food","category":"amenity=restaurant","cuisine":"smoothie;juice","housenumber":"9815","street":"Rhode Island Avenue","city":"College Park","postcode":"20740"}},{"type":"Feature","geometry":{"type":"Point","coordinates":[-76.91983,39.01438]},"properties":{"id":"node/3761031213","name":"Hollwood Haircutters","group":"personal_care","category":"shop=hairdresser","housenumber":"9813","street":"Rhode Island Avenue","city":"College Park","postcode":"20740"}},{"type":"Feature","geometry":{"type":"Point","coordinates":[-76.88536,38.82232]},"properties":{"id":"node/3793657801","name":"Speed Unlimited","group":"shopping","category":"shop=car_parts","housenumber":"4771","street":"Allentown Road","city":"Suitland","postcode":"20746"}},{"type":"Feature","geometry":{"type":"Point","coordinates":[-76.88552,38.8222]},"properties":{"id":"node/3793657803","name":"Jiffy Shoppes Andrews","group":"food","category":"amenity=fast_food","cuisine":"sandwich","housenumber":"4773","street":"Allentown Road","city":"Camp Springs","postcode":"20746"}},{"type":"Feature","geometry":{"type":"Point","coordinates":[-77.01669,38.78393]},"properties":{"id":"node/3802672262","name":"Fire and Ice","group":"shopping","category":"shop=gift"}},{"type":"Feature","geometry":{"type":"Point","coordinates":[-76.93571,39.10962]},"properties":{"id":"node/3874180361","name":"Cuba De Ayer","group":"food","category":"amenity=restaurant","cuisine":"cuban","hours":"Tu-Th, Su 11:30-21:00; Fr-Sa 11:30-22:00; Mo closed","phone":"+1-301-476-9622","website":"https://www.cubadeayerrestaurant.net/","housenumber":"15446","street":"Old Columbia Pike","city":"Burtonsville","postcode":"20866"}},{"type":"Feature","geometry":{"type":"Point","coordinates":[-76.90738,39.03423]},"properties":{"id":"node/3931497557","name":"Snacks","group":"groceries","category":"shop=convenience","housenumber":"11055","street":"Baltimore Avenue","city":"Beltsville","postcode":"20705"}},{"type":"Feature","geometry":{"type":"Point","coordinates":[-76.89049,38.82438]},"properties":{"id":"node/4138700812","name":"G.I. Liquors","group":"groceries","category":"shop=alcohol","housenumber":"6711","street":"Suitland Road","city":"Morningside","postcode":"20746"}},{"type":"Feature","geometry":{"type":"Point","coordinates":[-76.89029,38.82423]},"properties":{"id":"node/4138700862","name":"Red Octopus","group":"personal_care","category":"shop=tattoo","housenumber":"6718","street":"Suitland Road","city":"Morningside","postcode":"20746"}},{"type":"Feature","geometry":{"type":"Point","coordinates":[-76.89074,38.82368]},"properties":{"id":"node/4149466791","name":"Danita's House Of Hair","group":"personal_care","category":"shop=hairdresser","hours":"Mo-Fr 10:00-19:00; Sa 08:00-19:00","phone":"+1-301-516-1211","website":"https://danitashouseofhair.com/","housenumber":"6725","street":"Suitland Road","city":"Morningside","postcode":"20746"}},{"type":"Feature","geometry":{"type":"Point","coordinates":[-76.89541,38.82927]},"properties":{"id":"node/4300699310","name":"Dee's Barber Shop","group":"personal_care","category":"shop=hairdresser","housenumber":"6419","street":"Suitland Road","city":"Suitland","postcode":"20746"}},{"type":"Feature","geometry":{"type":"Point","coordinates":[-76.90746,38.88882]},"properties":{"id":"node/4366339765","name":"Maryland Park Bicycles","group":"shopping","category":"shop=bicycle","hours":"Fr,Sa,Su 10:00-18:00","housenumber":"101","street":"Maryland Park Drive","city":"Capitol Heights"}},{"type":"Feature","geometry":{"type":"Point","coordinates":[-76.91802,39.02713]},"properties":{"id":"node/4517287251","name":"Sardi's Pollo A La Brasa","group":"food","category":"amenity=restaurant","cuisine":"peruvian;chicken","hours":"Mo-Sa 10:30-22:00; Su 11:00-21:30","phone":"+1-301-595-3222","website":"https://www.sardischicken.com/","housenumber":"10433","street":"Baltimore Avenue"}},{"type":"Feature","geometry":{"type":"Point","coordinates":[-76.90109,38.93255]},"properties":{"id":"node/4544145090","name":"Landover Liquors","group":"groceries","category":"shop=alcohol"}},{"type":"Feature","geometry":{"type":"Point","coordinates":[-76.90885,38.99703]},"properties":{"id":"node/4547982779","name":"Iron Pig Korean BBQ","group":"food","category":"amenity=restaurant","cuisine":"korean","hours":"Su-Th 12:00-00:00; Fr-Sa 12:00-01:00","phone":"+1 301-220-3118","website":"https://myironpig.com/","housenumber":"6107","street":"Greenbelt Road","city":"Berwyn Heights","postcode":"20740"}},{"type":"Feature","geometry":{"type":"Point","coordinates":[-76.90898,38.99685]},"properties":{"id":"node/4547982780","name":"Parts Authority - Olympic","group":"shopping","category":"shop=car_parts","phone":"+1-301-474-1030","website":"https://www.partsauthority.com/","housenumber":"6105","street":"Greenbelt Road","city":"College Park","postcode":"20740"}},{"type":"Feature","geometry":{"type":"Point","coordinates":[-76.89232,38.81878]},"properties":{"id":"node/4592830864","name":"Top Flight Cleaners","group":"services","category":"shop=dry_cleaning","housenumber":"4915","street":"Allentown Road","city":"Suitland","postcode":"20746"}},{"type":"Feature","geometry":{"type":"Point","coordinates":[-76.89201,38.81889]},"properties":{"id":"node/4592830887","name":"Paul Nails Spa","group":"personal_care","category":"shop=beauty","housenumber":"4907","street":"Allentown Road","city":"Suitland","postcode":"20746"}},{"type":"Feature","geometry":{"type":"Point","coordinates":[-76.8916,38.81922]},"properties":{"id":"node/4592831311","name":"La Colonia","group":"groceries","category":"shop=supermarket","housenumber":"4901","street":"Allentown Road","city":"Suitland","postcode":"20746"}},{"type":"Feature","geometry":{"type":"Point","coordinates":[-76.89613,38.81482]},"properties":{"id":"node/4678669979","name":"D&M Hair Studio","group":"personal_care","category":"shop=hairdresser","housenumber":"6407","street":"Maxwell Drive"}},{"type":"Feature","geometry":{"type":"Point","coordinates":[-76.89607,38.81477]},"properties":{"id":"node/4678670121","name":"Sammy Laundry","group":"services","category":"shop=laundry","housenumber":"6409","street":"Maxwell Drive"}},{"type":"Feature","geometry":{"type":"Point","coordinates":[-76.89624,38.81492]},"properties":{"id":"node/4678670122","name":"House of Lee","group":"food","category":"amenity=restaurant","cuisine":"chinese","website":"https://www.houseofleesuitland.com/","housenumber":"6401","street":"Maxwell Drive","city":"Camp Springs","postcode":"20746"}},{"type":"Feature","geometry":{"type":"Point","coordinates":[-76.84812,38.87007]},"properties":{"id":"node/4801954264","name":"Irie Cafe","group":"food","category":"amenity=fast_food","cuisine":"jamaican"}},{"type":"Feature","geometry":{"type":"Point","coordinates":[-76.84806,38.87]},"properties":{"id":"node/4801954267","name":"Bang Theory Salon","group":"personal_care","category":"shop=hairdresser"}},{"type":"Feature","geometry":{"type":"Point","coordinates":[-76.92814,39.01607]},"properties":{"id":"node/5002239381","name":"Terrapin Station","group":"food","category":"amenity=restaurant","phone":"+1 301 902 7005","housenumber":"4738","street":"Baltimore Avenue","city":"College Park","postcode":"20740"}},{"type":"Feature","geometry":{"type":"Point","coordinates":[-76.92822,39.01609]},"properties":{"id":"node/5002239382","name":"Mamma Lucia","group":"food","category":"amenity=restaurant","cuisine":"pizza"}},{"type":"Feature","geometry":{"type":"Point","coordinates":[-76.92127,39.0172]},"properties":{"id":"node/5064224121","name":"Ciesbd Thrift Store","group":"shopping","category":"shop=clothes","housenumber":"9922","street":"Rhode Island Avenue"}},{"type":"Feature","geometry":{"type":"Point","coordinates":[-76.91597,39.02938]},"properties":{"id":"node/5120500921","name":"Milk & Honey Cafe","group":"food","category":"amenity=cafe","cuisine":"breakfast","phone":"+1-301-477-2195","website":"http://milknhoneycafe.com","housenumber":"10606","street":"Baltimore Avenue","postcode":"20705"}},{"type":"Feature","geometry":{"type":"Point","coordinates":[-76.86524,39.05696]},"properties":{"id":"node/5263060084","name":"Lynn's Special Cakes and Bakes","group":"food","category":"shop=bakery","housenumber":"12202","street":"Highlander Court","city":"Laurel","postcode":"20708"}},{"type":"Feature","geometry":{"type":"Point","coordinates":[-76.88168,38.91762]},"properties":{"id":"node/5357690622","name":"Palmer\u2019s Liquor Store","group":"groceries","category":"shop=alcohol","hours":"Mo-Su 09:00-22:00","phone":"+1-301-322-6448","housenumber":"7222","street":"Martin Luther King Jr Highway","postcode":"20785"}},{"type":"Feature","geometry":{"type":"Point","coordinates":[-76.84787,38.92233]},"properties":{"id":"node/5519111754","name":"Hook & Reel","group":"food","category":"amenity=restaurant","cuisine":"seafood;cajun","hours":"12:00-22:00; Fr,Sa 12:00-24:00","phone":"+1-301-773-7779","website":"https://hookreel.com/location/lanham/","housenumber":"9201","street":"Woodmore Centre Drive","city":"Lanham","postcode":"20706"}},{"type":"Feature","geometry":{"type":"Point","coordinates":[-76.84613,39.1019]},"properties":{"id":"node/5592018761","name":"All Tune and Lube Total Car Care","group":"services","category":"shop=car_repair","hours":"Mo-Fr 08:00-18:00; Sa 08:00-16:00; Su 10:00-14:00","phone":"+1-301-725-1330","website":"https://www.autorepairlaurel.com/","housenumber":"127","street":"2nd Street","city":"Laurel","postcode":"20707"}},{"type":"Feature","geometry":{"type":"Point","coordinates":[-76.93345,39.11274]},"properties":{"id":"node/5613970237","name":"Squisito","group":"food","category":"amenity=restaurant","cuisine":"pizza","housenumber":"15654","street":"Old Columbia Pike","city":"Burtonsville","postcode":"20866"}},{"type":"Feature","geometry":{"type":"Point","coordinates":[-76.90558,39.04096]},"properties":{"id":"node/5622691021","name":"Manila Mart","group":"groceries","category":"shop=convenience","housenumber":"503","street":"Garrett Avenue","postcode":"20705"}},{"type":"Feature","geometry":{"type":"Point","coordinates":[-76.82247,38.98478]},"properties":{"id":"node/5628294805","name":"Brevard & Son Auto Service","group":"services","category":"shop=car_repair","hours":"Mo-Fr 08:00-17:00","phone":"+1 301-464-3406","website":"https://www.brevardsonautoservice.com/","housenumber":"10619","street":"Duvall Street","city":"Glenn Dale","postcode":"20769"}},{"type":"Feature","geometry":{"type":"Point","coordinates":[-76.92941,39.00653]},"properties":{"id":"node/5799497588","name":"Wood's Flowers and Gifts","group":"shopping","category":"shop=florist","hours":"May-Sep: Mo,We,Fr 09:00-18:00; Tu,Th,Sa 09:00-16:00","phone":"+1-301-474-7000","website":"https://www.woodsflowersandgifts.com/","housenumber":"9223","street":"Baltimore Avenue","city":"College Park","postcode":"20740"}},{"type":"Feature","geometry":{"type":"Point","coordinates":[-76.87605,39.00132]},"properties":{"id":"node/5810538932","name":"Sunrise","group":"food","category":"amenity=restaurant","cuisine":"caribbean","hours":"Mo off; Tu-Th 11:00-20:00; Fr-Sa 11:00-21:00; Su 12:00-20:00","housenumber":"131","street":"Centerway","city":"Greenbelt","postcode":"20770"}},{"type":"Feature","geometry":{"type":"Point","coordinates":[-76.87639,39.00115]},"properties":{"id":"node/5811133612","name":"Center Way Mini Mart","group":"groceries","category":"shop=convenience","hours":"Mo-Fr 08:30-18:00; Sa 09:00-18:00; Su 09:00-16:00","phone":"+1 301-441-9090","housenumber":"109","street":"Centerway","city":"Greenbelt","postcode":"20770"}},{"type":"Feature","geometry":{"type":"Point","coordinates":[-76.87532,39.0017]},"properties":{"id":"node/5811141809","name":"DMV Pizza","group":"food","category":"amenity=restaurant","cuisine":"pizza","phone":"+1 301-982-6797","website":"https://www.mydmvpizza.com","housenumber":"151","street":"Centerway","city":"Greenbelt","postcode":"20770"}},{"type":"Feature","geometry":{"type":"Point","coordinates":[-76.88568,38.92623]},"properties":{"id":"node/5823549582","name":"Best Nails","group":"personal_care","category":"shop=beauty","phone":"+1 301 772 7497","housenumber":"7531","street":"Landover Road","city":"Hyattsville","postcode":"20785"}},{"type":"Feature","geometry":{"type":"Point","coordinates":[-76.8861,38.92616]},"properties":{"id":"node/5823549646","name":"America's Best Pizza & Wings","group":"food","category":"amenity=fast_food","cuisine":"wings;pizza","phone":"+1 301 484 7578","housenumber":"7519","street":"Landover Road","city":"Hyattsville","postcode":"20785"}},{"type":"Feature","geometry":{"type":"Point","coordinates":[-76.88553,38.92625]},"properties":{"id":"node/5823550031","name":"Silvestre Chicken","group":"food","category":"amenity=fast_food","cuisine":"chicken","hours":"Mo-Sa 11:00-21:00; Su 11:00-20:00","phone":"+1 240 487 6352","website":"https://silvestrechicken.com/locations/","housenumber":"7535","street":"Landover Road","city":"Hyattsville","postcode":"20785"}},{"type":"Feature","geometry":{"type":"Point","coordinates":[-76.88582,38.92621]},"properties":{"id":"node/5823550058","name":"China Dragon Restaurant","group":"food","category":"amenity=restaurant","cuisine":"chinese","hours":"Tu-Sa 11:00-21:00; Su 12:00-20:30","phone":"+1 301 772 6688","website":"http://www.chinadragonlandover.com/?utm_source=gmb&utm_medium=website","housenumber":"7527","street":"Landover Road","city":"Hyattsville","postcode":"20785"}},{"type":"Feature","geometry":{"type":"Point","coordinates":[-76.87577,39.00143]},"properties":{"id":"node/5832376997","name":"Solar Nails","group":"personal_care","category":"shop=beauty","hours":"Mo-Fr 10:00-20:00, Sa 09:00-19:00","phone":"+1- 301-313-0737","website":"https://website-3470418516879517333136-nailsalon.business.site/","housenumber":"139","street":"Centerway","city":"Greenbelt","postcode":"20770"}},{"type":"Feature","geometry":{"type":"Point","coordinates":[-76.87593,39.00146]},"properties":{"id":"node/5832377000","name":"Angel's Touch Skincare & Wellness","group":"personal_care","category":"shop=beauty","hours":"Mo-Fr 10:00-20:00, Sa 09:00-18:00","phone":"+1-240-238-1920","website":"http://www.angelstouchskincareandwellness.com/","housenumber":"133","street":"Centerway","city":"Greenbelt","postcode":"20770"}},{"type":"Feature","geometry":{"type":"Point","coordinates":[-76.99378,39.13607]},"properties":{"id":"node/5880380676","name":"Adilio's Professional Carpets","group":"services","category":"craft=carpet_layer","hours":"Mo-Fr 09:00-18:00; Sa 10:00-14:30","phone":"+1-301-476-9719","website":"http://adiliosprofessionalcarpets.com","housenumber":"905","street":"Ednor Road","city":"Silver Springs","postcode":"20905"}},{"type":"Feature","geometry":{"type":"Point","coordinates":[-76.93833,39.10645]},"properties":{"id":"node/5905779647","name":"Life's A Trip, Inc. Cruise and Travel","group":"services","category":"shop=travel_agency","phone":"+1-301-421-4400","website":"https://www.lifes-a-trip.com/","housenumber":"15316","street":"Spencerville Court","city":"Burtonsville","postcode":"20866"}},{"type":"Feature","geometry":{"type":"Point","coordinates":[-76.87676,39.00091]},"properties":{"id":"node/6008659215","name":"Chef Lou's Desserts","group":"food","category":"shop=bakery","phone":"+1-301-441-9560","website":"https://www.yelp.com/biz/chef-lous-desserts-greenbelt","housenumber":"103","street":"Centerway","city":"Greenbelt","postcode":"20770"}},{"type":"Feature","geometry":{"type":"Point","coordinates":[-76.86985,39.07708]},"properties":{"id":"node/6035194514","name":"Sardis","group":"food","category":"amenity=restaurant","cuisine":"chicken"}},{"type":"Feature","geometry":{"type":"Point","coordinates":[-76.82152,38.98822]},"properties":{"id":"node/6101506868","name":"SoBe Restaurant and Lounge","group":"food","category":"amenity=restaurant","cuisine":"american;seafood","housenumber":"10621","street":"Greenbelt Road","city":"Glenn Dale","postcode":"20706"}},{"type":"Feature","geometry":{"type":"Point","coordinates":[-76.82152,38.98808]},"properties":{"id":"node/6101566543","name":"EG Tobacco","group":"shopping","category":"shop=tobacco","housenumber":"10621","street":"Greenbelt Road","city":"Glenn Dale","postcode":"20706"}},{"type":"Feature","geometry":{"type":"Point","coordinates":[-76.82239,38.98797]},"properties":{"id":"node/6101566545","name":"Joyful Heart African Cuisine","group":"food","category":"amenity=restaurant","cuisine":"african","housenumber":"10631","street":"Greenbelt Road","city":"Glenn Dale","postcode":"20706"}},{"type":"Feature","geometry":{"type":"Point","coordinates":[-76.82297,38.98799]},"properties":{"id":"node/6101566546","name":"Ernie's Crab House","group":"food","category":"amenity=restaurant","cuisine":"seafood","housenumber":"10553","street":"Greenbelt Road","city":"Glenn Dale","postcode":"20706"}},{"type":"Feature","geometry":{"type":"Point","coordinates":[-76.82351,38.98818]},"properties":{"id":"node/6101566547","name":"Penny Pinchers Thrift STore","group":"shopping","category":"shop=second_hand","housenumber":"10501","street":"Greenbelt Road","city":"Glenn Dale","postcode":"20706"}},{"type":"Feature","geometry":{"type":"Point","coordinates":[-76.82335,38.98799]},"properties":{"id":"node/6101566548","name":"G.W. Beauty Supply","group":"personal_care","category":"shop=beauty","housenumber":"10547","street":"Greenbelt Road","city":"Glenn Dale","postcode":"20706"}},{"type":"Feature","geometry":{"type":"Point","coordinates":[-76.82311,38.98799]},"properties":{"id":"node/6101566549","name":"Eastgate Barber & Beauty Salon","group":"personal_care","category":"shop=hairdresser","housenumber":"10551","street":"Greenbelt Road","city":"Glenn Dale","postcode":"20706"}},{"type":"Feature","geometry":{"type":"Point","coordinates":[-76.82324,38.98799]},"properties":{"id":"node/6101566550","name":"East Gate Cleaners","group":"services","category":"shop=dry_cleaning","housenumber":"10549","street":"Greenbelt Road","city":"Glenn Dale","postcode":"20706"}},{"type":"Feature","geometry":{"type":"Point","coordinates":[-76.82284,38.98798]},"properties":{"id":"node/6101566551","name":"Angel Nails","group":"personal_care","category":"shop=beauty","housenumber":"10557","street":"Greenbelt Road","city":"Glenn Dale","postcode":"20706"}},{"type":"Feature","geometry":{"type":"Point","coordinates":[-76.8226,38.98797]},"properties":{"id":"node/6101566553","name":"DP Unisex","group":"personal_care","category":"shop=hairdresser","housenumber":"10565","street":"Greenbelt Road","city":"Glenn Dale","postcode":"20706"}},{"type":"Feature","geometry":{"type":"Point","coordinates":[-76.8225,38.98797]},"properties":{"id":"node/6101566554","name":"Chanans Buffet","group":"food","category":"amenity=restaurant","housenumber":"10573","street":"Greenbelt Road","city":"Glenn Dale","postcode":"20706"}},{"type":"Feature","geometry":{"type":"Point","coordinates":[-76.82152,38.98801]},"properties":{"id":"node/6101566556","name":"xboost mobile","group":"shopping","category":"shop=mobile_phone"}},{"type":"Feature","geometry":{"type":"Point","coordinates":[-76.82157,38.98781]},"properties":{"id":"node/6101566557","name":"Flora's Restaurant","group":"food","category":"amenity=restaurant","street":"Greenbelt Road","city":"Glenn Dale","postcode":"20706"}},{"type":"Feature","geometry":{"type":"Point","coordinates":[-76.87547,39.00176]},"properties":{"id":"node/6262558007","name":"Greenbelt Barber and Stylist","group":"personal_care","category":"shop=hairdresser","hours":"Mo,Su off; Tu-Fr 09:00-18:00; Sa 08:30-17:30","phone":"+1-301-486-0950","website":"https://www.yelp.com/biz/greenbelt-barber-and-stylist-greenbelt","housenumber":"151","street":"Centerway","city":"Greenbelt","postcode":"20770"}},{"type":"Feature","geometry":{"type":"Point","coordinates":[-76.86931,39.07621]},"properties":{"id":"node/6320344248","name":"A Cut Above","group":"personal_care","category":"shop=hairdresser","phone":"+1 301-725-0007","website":"https://cuttinup.net/","housenumber":"13512","street":"Baltimore Avenue","city":"Laurel","postcode":"20707"}},{"type":"Feature","geometry":{"type":"Point","coordinates":[-76.99618,38.75938]},"properties":{"id":"node/6415393479","name":"Bangkok Golden","group":"food","category":"amenity=restaurant","cuisine":"thai","housenumber":"9503","street":"Livingston Road","city":"Fort Washington","postcode":"20744"}},{"type":"Feature","geometry":{"type":"Point","coordinates":[-76.84732,38.92059]},"properties":{"id":"node/6417361968","name":"Tiffany Pretty","group":"personal_care","category":"shop=beauty","hours":"Mo 10:00-15:00; We-Th 10:00-18:30; Fr 09:00-18:30; Sa 08:00-14:00","phone":"+1-240-603-2639","website":"http://tprettyhair.com","housenumber":"2200","street":"Petrie Lane","city":"Glenarden","postcode":"20706"}},{"type":"Feature","geometry":{"type":"Point","coordinates":[-76.99333,38.72637]},"properties":{"id":"node/6421541604","name":"Herbal Infusion","group":"personal_care","category":"shop=massage","housenumber":"952","street":"Swan Creek Road East","city":"Fort Washington","postcode":"20744"}},{"type":"Feature","geometry":{"type":"Point","coordinates":[-76.99325,38.72639]},"properties":{"id":"node/6421541605","name":"Vina Fabric","group":"shopping","category":"shop=fabric","phone":"+1-301-292-3885","housenumber":"954","street":"Swan Creek Road East","city":"Fort Washington","postcode":"20744"}},{"type":"Feature","geometry":{"type":"Point","coordinates":[-76.99319,38.72641]},"properties":{"id":"node/6421541606","name":"Silvestre Chicken","group":"food","category":"amenity=restaurant","cuisine":"chicken","hours":"Mo-Su 11:00-21:00","housenumber":"954","street":"Swan Creek Road East","city":"Fort Washington","postcode":"20744"}},{"type":"Feature","geometry":{"type":"Point","coordinates":[-76.99306,38.72644]},"properties":{"id":"node/6421541608","name":"NuWave Liquors","group":"groceries","category":"shop=alcohol","housenumber":"956","street":"Swan Creek Road East","city":"Fort Washington","postcode":"20744"}},{"type":"Feature","geometry":{"type":"Point","coordinates":[-76.99256,38.72656]},"properties":{"id":"node/6421541612","name":"Hi Tech Wireless","group":"services","category":"shop=mobile_phone_repair","housenumber":"964","street":"Swan Creek Road East","city":"Fort Washington","postcode":"20744"}},{"type":"Feature","geometry":{"type":"Point","coordinates":[-76.9924,38.72659]},"properties":{"id":"node/6421541614","name":"Union Dominican Salon","group":"personal_care","category":"shop=hairdresser","phone":"+1 301 292 5500","housenumber":"986","street":"Swan Creek Road East","city":"Fort Washington","postcode":"20744"}},{"type":"Feature","geometry":{"type":"Point","coordinates":[-76.99234,38.72661]},"properties":{"id":"node/6421541615","name":"Crown Royal Barber","group":"personal_care","category":"shop=hairdresser","housenumber":"986","street":"Swan Creek Road East","city":"Fort Washington","postcode":"20744"}},{"type":"Feature","geometry":{"type":"Point","coordinates":[-76.99247,38.72533]},"properties":{"id":"node/6422012334","name":"Plush","group":"personal_care","category":"shop=beauty","housenumber":"970","street":"Swan Creek Road East","city":"Fort Washington","postcode":"20744"}},{"type":"Feature","geometry":{"type":"Point","coordinates":[-76.99229,38.72538]},"properties":{"id":"node/6422012336","name":"F & W Convenience","group":"groceries","category":"shop=convenience"}},{"type":"Feature","geometry":{"type":"Point","coordinates":[-76.9916,38.72552]},"properties":{"id":"node/6422012337","name":"Hong Kong","group":"food","category":"amenity=restaurant","housenumber":"988","street":"Swan Creek Road East","city":"Fort Washington","postcode":"20744"}},{"type":"Feature","geometry":{"type":"Point","coordinates":[-76.99164,38.72564]},"properties":{"id":"node/6422012338","name":"Tobacco Xpress","group":"shopping","category":"shop=tobacco","hours":"Mo-Sa 09:00-22:00; Su 10:00-21:00","housenumber":"984","street":"Swan Creek Road East","city":"Fort Washington","postcode":"20744"}},{"type":"Feature","geometry":{"type":"Point","coordinates":[-76.99338,38.72585]},"properties":{"id":"node/6422012346","name":"Perfect Nails","group":"personal_care","category":"shop=beauty","housenumber":"936","street":"Swan Creek Road East","city":"Fort Washington","postcode":"20744"}},{"type":"Feature","geometry":{"type":"Point","coordinates":[-76.99343,38.72604]},"properties":{"id":"node/6422012350","name":"S & S Seafood","group":"groceries","category":"shop=seafood","housenumber":"944","street":"Swan Creek Road East","city":"Fort Washington","postcode":"20744"}},{"type":"Feature","geometry":{"type":"Point","coordinates":[-76.99346,38.7261]},"properties":{"id":"node/6422012351","name":"Africaribbean Taste","group":"food","category":"amenity=restaurant","housenumber":"946","street":"Swan Creek Road East","city":"Fort Washington","postcode":"20744"}},{"type":"Feature","geometry":{"type":"Point","coordinates":[-76.86981,38.94215]},"properties":{"id":"node/6551353817","name":"Ardwick Liquor and Carry Out","group":"groceries","category":"shop=alcohol"}},{"type":"Feature","geometry":{"type":"Point","coordinates":[-76.84091,38.91188]},"properties":{"id":"node/6551372544","name":"Jasper's Restaraunt","group":"food","category":"amenity=restaurant"}},{"type":"Feature","geometry":{"type":"Point","coordinates":[-76.99286,38.74238]},"properties":{"id":"node/6646678203","name":"Bennett Caterers","group":"food","category":"craft=caterer","hours":"Mo-Sa 09:00-17:30","phone":"+1-301-203-8561","website":"https://bennettcaterers.com/","housenumber":"10901","street":"Indian Head Highway","city":"Fort Washington","postcode":"20744"}},{"type":"Feature","geometry":{"type":"Point","coordinates":[-76.93602,39.10993]},"properties":{"id":"node/6833071426","name":"Real Barber Shop","group":"personal_care","category":"shop=hairdresser","housenumber":"15454","street":"Old Columbia Pike","city":"Burtonsville"}},{"type":"Feature","geometry":{"type":"Point","coordinates":[-76.93608,39.10991]},"properties":{"id":"node/6833071430","name":"Chicken Basket","group":"food","category":"amenity=restaurant","cuisine":"chicken","housenumber":"15452","street":"Old Columbia Pike","city":"Burtonsville"}},{"type":"Feature","geometry":{"type":"Point","coordinates":[-76.92004,39.01477]},"properties":{"id":"node/6940289245","name":"Proteus Bicycles","group":"shopping","category":"shop=bicycle","website":"https://www.proteusbicycles.com/","housenumber":"9827","street":"Rhode Island Avenue","city":"College Park"}},{"type":"Feature","geometry":{"type":"Point","coordinates":[-76.94453,39.02466]},"properties":{"id":"node/6968393630","name":"Star Cafe","group":"food","category":"amenity=cafe"}},{"type":"Feature","geometry":{"type":"Point","coordinates":[-76.85768,39.09023]},"properties":{"id":"node/7146199085","name":"Mango's Grill","group":"food","category":"amenity=restaurant","cuisine":"mexican","hours":"Su-Th 11:00-10:00; Fr-Sa 11:00-23:00","phone":"+1-301-776-8834","website":"https://mangosgrillrestaurant.com/","housenumber":"14605","street":"Baltimore Avenue","postcode":"20707"}},{"type":"Feature","geometry":{"type":"Point","coordinates":[-76.85274,38.9898]},"properties":{"id":"node/7172819127","name":"Orion Deli","group":"food","category":"amenity=restaurant","cuisine":"sandwich","hours":"Mo-Fr 06:00-16:00; Sa 08:00-15:00","street":"Greenbelt Road"}},{"type":"Feature","geometry":{"type":"Point","coordinates":[-76.85277,38.99023]},"properties":{"id":"node/7172819129","name":"Good Jerry","group":"food","category":"amenity=restaurant","cuisine":"sandwich;chinese","hours":"Mo-Th 11:00-22:00; Fr-Sa 11:00-22:30; Su 12:00-21:00"}},{"type":"Feature","geometry":{"type":"Point","coordinates":[-76.85277,38.99038]},"properties":{"id":"node/7172819131","name":"Sunshine Dry Cleaners","group":"services","category":"shop=dry_cleaning","hours":"Mo-Fr 08:30-19:00; Sa 09:00-17:00"}},{"type":"Feature","geometry":{"type":"Point","coordinates":[-76.85278,38.99054]},"properties":{"id":"node/7172819133","name":"North South Liquor","group":"groceries","category":"shop=alcohol","hours":"Mo-Sa 09:30-23:00"}},{"type":"Feature","geometry":{"type":"Point","coordinates":[-76.85277,38.9903]},"properties":{"id":"node/7172819134","name":"Chau Nails","group":"personal_care","category":"shop=beauty","hours":"Mo-Th 10:00-19:30; Fr 10:00-20:00; Sa 09:00-20:00; Su 11:00-18:00"}},{"type":"Feature","geometry":{"type":"Point","coordinates":[-76.85278,38.99068]},"properties":{"id":"node/7172819135","name":"Hershey's Ice Cream","group":"food","category":"amenity=restaurant","cuisine":"ice_cream","hours":"Mo-Th,Su 11:00-22:00; Fr-Sa 11:00-23:00"}},{"type":"Feature","geometry":{"type":"Point","coordinates":[-76.93078,39.0044]},"properties":{"id":"node/7757562202","name":"Uptown Cheapskate","group":"shopping","category":"shop=second_hand","hours":"Mo-Sa 12:00-20:00; Su 12:00-18:00","housenumber":"9122","street":"Baltimore Avenue","city":"College Park","postcode":"20740"}},{"type":"Feature","geometry":{"type":"Point","coordinates":[-76.85016,39.07645]},"properties":{"id":"node/7798664023","name":"Super Best International Supermarket","group":"groceries","category":"shop=supermarket","street":"Laurel Bowie Road","city":"Laurel","postcode":"20708"}},{"type":"Feature","geometry":{"type":"Point","coordinates":[-76.85002,39.07392]},"properties":{"id":"node/7798894707","name":"Stella's Braiding","group":"personal_care","category":"shop=hairdresser","housenumber":"13220","street":"Contee Road","city":"Laurel","postcode":"20708"}},{"type":"Feature","geometry":{"type":"Point","coordinates":[-76.84978,39.07408]},"properties":{"id":"node/7798894710","name":"Sapphire Restaurant","group":"food","category":"amenity=restaurant","cuisine":"indian;thai;buffet;bar_and_grill","phone":"+1-301-490-0555","website":"https://sapphireindianrestaurant.com/","housenumber":"13304","street":"Laurel Bowie Road","city":"Laurel","postcode":"20708"}},{"type":"Feature","geometry":{"type":"Point","coordinates":[-76.84979,39.07424]},"properties":{"id":"node/7798894712","name":"Tobacco & Wireless","group":"shopping","category":"shop=tobacco","housenumber":"13312","street":"Laurel Bowie Road","city":"Laurel","postcode":"20708"}},{"type":"Feature","geometry":{"type":"Point","coordinates":[-76.84979,39.0743]},"properties":{"id":"node/7798894713","name":"Soap & Bubble Laundromat","group":"services","category":"shop=laundry","street":"Laurel Bowie Road","city":"Laurel","postcode":"20708"}},{"type":"Feature","geometry":{"type":"Point","coordinates":[-76.84979,39.07439]},"properties":{"id":"node/7798894714","name":"Hearty's Chinese Restaurant","group":"food","category":"amenity=restaurant","cuisine":"chinese;american","phone":"+1-301-776-1100","website":"https://heartyschineselaurel.com/","housenumber":"13322","street":"Laurel Bowie Road","city":"Laurel","postcode":"20708"}},{"type":"Feature","geometry":{"type":"Point","coordinates":[-76.84979,39.07472]},"properties":{"id":"node/7798894718","name":"Soap & Bubble Laundromat","group":"services","category":"shop=dry_cleaning","housenumber":"13328","street":"Laurel Bowie Road","city":"Laurel","postcode":"20708"}},{"type":"Feature","geometry":{"type":"Point","coordinates":[-76.8498,39.07481]},"properties":{"id":"node/7798894719","name":"Town Center Barber Shop","group":"personal_care","category":"shop=hairdresser","housenumber":"13339","street":"Laurel Bowie Road","city":"Laurel","postcode":"20708"}},{"type":"Feature","geometry":{"type":"Point","coordinates":[-76.8498,39.07489]},"properties":{"id":"node/7798894720","name":"Donnabelle's Nails & Spa","group":"personal_care","category":"shop=beauty","housenumber":"13332","street":"Laurel Bowie Road","city":"Laurel","postcode":"20708"}},{"type":"Feature","geometry":{"type":"Point","coordinates":[-76.8498,39.07496]},"properties":{"id":"node/7798894722","name":"Town Center Liquor","group":"groceries","category":"shop=alcohol","housenumber":"13334","street":"Laurel Bowie Road","city":"Laurel","postcode":"20708"}},{"type":"Feature","geometry":{"type":"Point","coordinates":[-76.8498,39.07502]},"properties":{"id":"node/7798894723","name":"Tiffany's Gift & Beauty Supply","group":"personal_care","category":"shop=cosmetics"}},{"type":"Feature","geometry":{"type":"Point","coordinates":[-76.8498,39.07512]},"properties":{"id":"node/7798894724","name":"Tony's Furniture","group":"shopping","category":"shop=furniture","housenumber":"13342","street":"Laurel Bowie Road","city":"Laurel","postcode":"20708"}},{"type":"Feature","geometry":{"type":"Point","coordinates":[-76.90217,38.85635]},"properties":{"id":"node/8435452854","name":"Realco Guns","group":"shopping","category":"shop=sports","hours":"Mo-Fr 10:00-19:00; Sa 10:00-18:00","phone":"+1-301-736-9800","website":"https://realcoguns.com/","housenumber":"6108","street":"Marlboro Pike","city":"District Heights","postcode":"20747"}},{"type":"Feature","geometry":{"type":"Point","coordinates":[-76.868,38.88871]},"properties":{"id":"node/8435759648","name":"EJB's Gun Shop","group":"shopping","category":"shop=sports","hours":"Mo-Fr 10:00-18:00; Sa 10:00-20:00","phone":"+1-240-876-2255","website":"https://www.ejbsgunshop.com/","housenumber":"7943","street":"Central Avenue","city":"Capitol Heights","postcode":"20743"}},{"type":"Feature","geometry":{"type":"Point","coordinates":[-76.90527,39.04095]},"properties":{"id":"node/8537757826","name":"Hunan Express","group":"food","category":"amenity=restaurant","cuisine":"chinese","hours":"Tu-Su 10:45 - 21:45","phone":"+13019370297","website":"https://mdhunanexpress.com/","housenumber":"5039","street":"Garrett Avenue","city":"Beltsville","postcode":"20705"}},{"type":"Feature","geometry":{"type":"Point","coordinates":[-76.91871,39.02669]},"properties":{"id":"node/8537884373","name":"Yiayia's Kitchen","group":"food","category":"amenity=restaurant","cuisine":"greek","hours":"Mo-Su 11:00-21:00","phone":"+13015951855","website":"https://iloveyiayias.com/","housenumber":"10413","street":"Baltimore Avenue","city":"Beltsville","postcode":"20705"}},{"type":"Feature","geometry":{"type":"Point","coordinates":[-76.92835,38.7503]},"properties":{"id":"node/8593207599","name":"Miller Farms","group":"food","category":"shop=bakery","website":"https://www.millerfarmsclinton.com/"}},{"type":"Feature","geometry":{"type":"Point","coordinates":[-76.84703,38.92183]},"properties":{"id":"node/8759131458","name":"Cherry Blossom Intimates","group":"shopping","category":"shop=clothes","hours":"Mo-Sa 10:00-21:00; Su 12:00-18:00","phone":"+1-301-580-0059","website":"HTTP://www.cherryblossomintimates.com","housenumber":"9201","street":"Woodmore Centre Drive","city":"Glenarden","postcode":"20706"}},{"type":"Feature","geometry":{"type":"Point","coordinates":[-76.8474,38.90124]},"properties":{"id":"node/8841756535","name":"Carolina Kitchen","group":"food","category":"amenity=restaurant","housenumber":"800","street":"Shoppers Way"}},{"type":"Feature","geometry":{"type":"Point","coordinates":[-76.92826,39.01543]},"properties":{"id":"node/8955296209","name":"Games Kastle College Park","group":"shopping","category":"shop=games","phone":"+13014773524","website":"https://gamekastle.com/stores/collegepark/","housenumber":"4748","street":"Cherry Hill Road","city":"College Park","postcode":"20740"}},{"type":"Feature","geometry":{"type":"Point","coordinates":[-76.92714,39.01535]},"properties":{"id":"node/8955296212","name":"ASE Modern Kitchen Design Center","group":"shopping","category":"shop=trade","phone":"+1 301 237 9294"}},{"type":"Feature","geometry":{"type":"Point","coordinates":[-76.92718,39.01521]},"properties":{"id":"node/8955296214","name":"Six Star Dry Cleaners","group":"services","category":"shop=dry_cleaning"}},{"type":"Feature","geometry":{"type":"Point","coordinates":[-76.92828,39.01612]},"properties":{"id":"node/8955296215","name":"Lendmark","group":"services","category":"shop=money_lender"}},{"type":"Feature","geometry":{"type":"Point","coordinates":[-76.92821,39.0155]},"properties":{"id":"node/8955296216","name":"Yum's Express","group":"food","category":"amenity=restaurant","cuisine":"chinese","housenumber":"4746"}},{"type":"Feature","geometry":{"type":"Point","coordinates":[-76.92835,39.01615]},"properties":{"id":"node/8955310417","name":"Shear Pleasure","group":"personal_care","category":"shop=hairdresser"}},{"type":"Feature","geometry":{"type":"Point","coordinates":[-76.97062,39.00426]},"properties":{"id":"node/8964312872","name":"SkyLake Laundromat","group":"services","category":"shop=laundry"}},{"type":"Feature","geometry":{"type":"Point","coordinates":[-76.96953,39.0037]},"properties":{"id":"node/8964312873","name":"BestWay","group":"groceries","category":"shop=supermarket"}},{"type":"Feature","geometry":{"type":"Point","coordinates":[-76.97061,39.00373]},"properties":{"id":"node/8964312874","name":"Basil","group":"food","category":"amenity=restaurant","cuisine":"pizza","housenumber":"9113"}},{"type":"Feature","geometry":{"type":"Point","coordinates":[-76.97057,39.0039]},"properties":{"id":"node/8964312875","name":"El Mexicano Bakery","group":"food","category":"shop=bakery"}},{"type":"Feature","geometry":{"type":"Point","coordinates":[-76.97006,39.00378]},"properties":{"id":"node/8964312876","name":"Golden China","group":"food","category":"amenity=restaurant","cuisine":"chinese"}},{"type":"Feature","geometry":{"type":"Point","coordinates":[-76.97059,39.00381]},"properties":{"id":"node/8964312877","name":"Style Salon","group":"personal_care","category":"shop=hairdresser","housenumber":"9115"}},{"type":"Feature","geometry":{"type":"Point","coordinates":[-76.87884,38.95219]},"properties":{"id":"node/8969023150","name":"One Stop International Market","group":"groceries","category":"shop=convenience"}},{"type":"Feature","geometry":{"type":"Point","coordinates":[-76.93416,39.1134]},"properties":{"id":"node/9278504247","name":"Mr. Tire Auto Service Centers","group":"services","category":"shop=car_repair","housenumber":"15630","street":"Old Columbia Pike","city":"Burtonsville","postcode":"20866"}},{"type":"Feature","geometry":{"type":"Point","coordinates":[-76.8386,39.06498]},"properties":{"id":"node/9278827431","name":"Cameron\u2019s Seafood","group":"food","category":"amenity=restaurant"}},{"type":"Feature","geometry":{"type":"Point","coordinates":[-76.83831,39.06362]},"properties":{"id":"node/9279235936","name":"5 Sisters Restaurant","group":"food","category":"amenity=restaurant"}},{"type":"Feature","geometry":{"type":"Point","coordinates":[-76.8382,39.06366]},"properties":{"id":"node/9279235937","name":"A-1 Pawn","group":"services","category":"shop=pawnbroker"}},{"type":"Feature","geometry":{"type":"Point","coordinates":[-76.83852,39.065]},"properties":{"id":"node/9279235939","name":"Pizza Abq","group":"food","category":"amenity=restaurant","cuisine":"pizza","phone":"+1 301 498 9008","website":"https://pizzasabq.com","housenumber":"12729","street":"Laurel Bowie Road","city":"Laurel","postcode":"20708"}},{"type":"Feature","geometry":{"type":"Point","coordinates":[-76.83657,39.0649]},"properties":{"id":"node/9279235941","name":"The Computer Show and Sale, Inc.","group":"shopping","category":"shop=computer","housenumber":"12665","street":"Laurel Bowie Road","city":"Laurel","postcode":"20708"}},{"type":"Feature","geometry":{"type":"Point","coordinates":[-76.83802,39.06515]},"properties":{"id":"node/9279235943","name":"Vivi Nails","group":"personal_care","category":"shop=beauty","housenumber":"12769","street":"Laurel Bowie Road","city":"Laurel","postcode":"20708"}},{"type":"Feature","geometry":{"type":"Point","coordinates":[-76.83838,39.06504]},"properties":{"id":"node/9279235946","name":"Angel Las Delicias","group":"food","category":"amenity=restaurant","housenumber":"12733","street":"Laurel Bowie Road","city":"Laurel","postcode":"20708"}},{"type":"Feature","geometry":{"type":"Point","coordinates":[-76.83821,39.0651]},"properties":{"id":"node/9279235947","name":"Haze Line Guns, LLC","group":"shopping","category":"shop=weapons","phone":"+1 301 304 4868","website":"https://www.hazelineguns.com","housenumber":"12745","street":"Laurel Bowie Road","city":"Laurel","postcode":"20708"}},{"type":"Feature","geometry":{"type":"Point","coordinates":[-76.8379,39.06386]},"properties":{"id":"node/9279235948","name":"Surf \"n\" Suds","group":"services","category":"shop=laundry","housenumber":"12629","street":"Laurel Bowie Road","city":"Laurel","postcode":"20708"}},{"type":"Feature","geometry":{"type":"Point","coordinates":[-76.8376,39.064]},"properties":{"id":"node/9279236005","name":"Tony's Liquors","group":"groceries","category":"shop=alcohol","phone":"+1 301 317 8797","website":"https://www.laurellaundromat.com","street":"Laurel Bowie Road","city":"Laurel","postcode":"20708"}},{"type":"Feature","geometry":{"type":"Point","coordinates":[-76.83774,39.06394]},"properties":{"id":"node/9279236006","name":"Yum's Restaurant","group":"food","category":"amenity=restaurant","cuisine":"chinese","phone":"+1 301 776 5002","website":"https://www.yumsrestaurantlaurel.com","street":"Laurel Bowie Road","city":"Laurel","postcode":"20708"}},{"type":"Feature","geometry":{"type":"Point","coordinates":[-76.83781,39.06392]},"properties":{"id":"node/9279236007","name":"Oneluv Reggae Cafe & Restaurant","group":"food","category":"amenity=restaurant","cuisine":"jamaican","phone":"+1 240 965 7402","website":"https://www.oneluvreggaecafe.com","housenumber":"12633","street":"Laurel Bowie Road","city":"Laurel","postcode":"20708"}},{"type":"Feature","geometry":{"type":"Point","coordinates":[-76.83755,39.06404]},"properties":{"id":"node/9279236008","name":"Rennie Gifting & Party Supply Store","group":"shopping","category":"shop=party","street":"Laurel Bowie Road","city":"Laurel","postcode":"20708"}},{"type":"Feature","geometry":{"type":"Point","coordinates":[-76.93508,39.11215]},"properties":{"id":"node/9280510444","name":"Greenan Jewelers","group":"shopping","category":"shop=jewelry","housenumber":"15616","street":"Old Columbia Pike","city":"Burtonsville","postcode":"20866"}},{"type":"Feature","geometry":{"type":"Point","coordinates":[-76.93498,39.11205]},"properties":{"id":"node/9280510445","name":"Deja Vu Nails and Spa","group":"personal_care","category":"shop=beauty","housenumber":"15608","street":"Old Columbia Pike","city":"Burtonsville","postcode":"20866"}},{"type":"Feature","geometry":{"type":"Point","coordinates":[-76.93488,39.11324]},"properties":{"id":"node/9280839139","name":"Montgomery County Liquor & Wine","group":"groceries","category":"shop=alcohol","housenumber":"15620","street":"Old Columbia Pike","city":"Burtonsville","postcode":"20866"}},{"type":"Feature","geometry":{"type":"Point","coordinates":[-76.93369,39.11331]},"properties":{"id":"node/9280839143","name":"The Party Place","group":"shopping","category":"shop=party","housenumber":"15632","street":"Old Columbia Pike","city":"Burtonsville","postcode":"20866"}},{"type":"Feature","geometry":{"type":"Point","coordinates":[-76.93367,39.11325]},"properties":{"id":"node/9280839144","name":"Tobbaco Hut & Cigars","group":"shopping","category":"shop=tobacco","housenumber":"15634","street":"Old Columbia Pike","city":"Burtonsville","postcode":"20866"}},{"type":"Feature","geometry":{"type":"Point","coordinates":[-76.93365,39.1132]},"properties":{"id":"node/9280839145","name":"Naz's Halal Food","group":"food","category":"amenity=restaurant","housenumber":"15636","street":"Old Columbia Pike","city":"Burtonsville","postcode":"20866"}},{"type":"Feature","geometry":{"type":"Point","coordinates":[-76.86473,39.08403]},"properties":{"id":"node/9362277944","name":"Laural Lake Liquors","group":"groceries","category":"shop=alcohol"}},{"type":"Feature","geometry":{"type":"Point","coordinates":[-76.86407,39.08498]},"properties":{"id":"node/9362343427","name":"Pink Nail & Spa","group":"personal_care","category":"shop=beauty"}},{"type":"Feature","geometry":{"type":"Point","coordinates":[-76.84862,39.0983]},"properties":{"id":"node/9362531891","name":"Pasta Plus","group":"food","category":"amenity=restaurant"}},{"type":"Feature","geometry":{"type":"Point","coordinates":[-76.90292,38.96102]},"properties":{"id":"node/9524298865","name":"Best Pawn","group":"services","category":"shop=pawnbroker"}},{"type":"Feature","geometry":{"type":"Point","coordinates":[-76.90267,38.96111]},"properties":{"id":"node/9524298886","name":"Carolina Furniture","group":"shopping","category":"shop=furniture"}},{"type":"Feature","geometry":{"type":"Point","coordinates":[-76.90332,38.96037]},"properties":{"id":"node/9524298887","name":"East Pines Pharmacy","group":"groceries","category":"amenity=pharmacy","phone":"+1 301-459-6211","website":"https://www.eastpinespharmacy.com/","housenumber":"6003","street":"66th Avenue","city":"Riverdale","postcode":"20737"}},{"type":"Feature","geometry":{"type":"Point","coordinates":[-76.84503,38.88308]},"properties":{"id":"node/9682588115","name":"Everfresh Catering","group":"food","category":"amenity=restaurant","hours":"Mo-Fr 06:00-17:00","phone":"+1-301-636-3959","website":"https://everfreshcatering.com","housenumber":"9244","street":"East Hampton Drive","city":"Capitol Heights","postcode":"20743"}},{"type":"Feature","geometry":{"type":"Point","coordinates":[-76.90887,39.02577]},"properties":{"id":"node/9721482821","name":"Roofing by Elite","group":"services","category":"craft=roofer","phone":"+1-301-937-4846","website":"https://www.roofingbyelite.com/","housenumber":"10788","street":"Tucker Street","city":"Beltsville","postcode":"20705"}},{"type":"Feature","geometry":{"type":"Point","coordinates":[-76.92455,38.99948]},"properties":{"id":"node/9732325466","name":"Arelis Beauty Services","group":"personal_care","category":"shop=beauty","hours":"Mo-Fr 09:00-19:00; Sa 08:00-18:00","phone":"+1-301-220-4346","website":"https://www.arelisbeautyservices.com","housenumber":"9001","street":"Locust Spring Road","city":"College Park","postcode":"20740"}},{"type":"Feature","geometry":{"type":"Point","coordinates":[-76.86824,39.07557]},"properties":{"id":"node/9752982585","name":"Hallstar Tint & Detail Inc.","group":"shopping","category":"shop=car_parts","phone":"+1-301-210-0800","housenumber":"13549","street":"Baltimore Avenue","city":"Laurel","postcode":"20707"}},{"type":"Feature","geometry":{"type":"Point","coordinates":[-76.87017,38.84806]},"properties":{"id":"node/10054268604","name":"Gilbert Enterprise","group":"services","category":"craft=electrician","phone":"+1 301 760-4667","website":"https://gilbertenterprisellc.com/","housenumber":"7902","street":"Cryden Way","city":"District Heights","postcode":"20747"}},{"type":"Feature","geometry":{"type":"Point","coordinates":[-76.84138,39.09729]},"properties":{"id":"node/10121744259","name":"2nd Ave Thrift Superstore","group":"shopping","category":"shop=second_hand","hours":"Mo-Su 09:00-21:00","housenumber":"201","street":"Fort Meade Road","city":"Laurel","postcode":"20707"}},{"type":"Feature","geometry":{"type":"Point","coordinates":[-76.8561,39.096]},"properties":{"id":"node/10249775079","name":"Astor Liquors","group":"groceries","category":"shop=alcohol","housenumber":"364","street":"Domer Avenue","city":"Laurel","postcode":"20707"}},{"type":"Feature","geometry":{"type":"Point","coordinates":[-76.85621,39.09607]},"properties":{"id":"node/10249775080","name":"5th Avenue Beauty","group":"personal_care","category":"shop=beauty"}},{"type":"Feature","geometry":{"type":"Point","coordinates":[-76.85348,39.09684]},"properties":{"id":"node/10249775083","name":"negril Jamaican Eatery","group":"food","category":"amenity=restaurant","cuisine":"jamaican","phone":"+1-301-498-0808","website":"https://www.negrileats.com/locations/negril-laurel/","housenumber":"331","street":"Montrose Avenue","city":"Laurel","postcode":"20707"}},{"type":"Feature","geometry":{"type":"Point","coordinates":[-76.85422,39.09733]},"properties":{"id":"node/10249775088","name":"Shoe City","group":"shopping","category":"shop=shoes","hours":"Mo-Sa 11:00-20:00; Su 12:00-18:00","phone":"+1-301-498-2229","website":"https://www.ycmc.com/","housenumber":"357","street":"Montrose Avenue","city":"Laurel","postcode":"20707"}},{"type":"Feature","geometry":{"type":"Point","coordinates":[-76.85438,39.09744]},"properties":{"id":"node/10249775089","name":"Dollar City & More","group":"groceries","category":"shop=variety_store"}},{"type":"Feature","geometry":{"type":"Point","coordinates":[-76.85467,39.09753]},"properties":{"id":"node/10249775090","name":"El Charro Restaurant","group":"food","category":"amenity=restaurant","cuisine":"mexican;salvadoran","phone":"+1-301-490-8740","housenumber":"933","street":"Fairlawn Avenue","city":"Laurel","postcode":"20707"}},{"type":"Feature","geometry":{"type":"Point","coordinates":[-76.85553,39.09733]},"properties":{"id":"node/10249775094","name":"Curvy Girl","group":"shopping","category":"shop=clothes","hours":"Mo off; Tu-Fr 12:00-18:00; Sa 11:00-18:00; Su off","website":"https://www.shopcurvygirls.com/","housenumber":"369","street":"Montrose Avenue","city":"Laurel","postcode":"20707"}},{"type":"Feature","geometry":{"type":"Point","coordinates":[-76.85577,39.09715]},"properties":{"id":"node/10249775095","name":"D'Angelo's Pizza & Subs","group":"food","category":"amenity=fast_food","cuisine":"pizza;sandwich","phone":"+1-301-321-7396","website":"https://www.dangelospizzasubs.com/","housenumber":"390","street":"Montrose Avenue","city":"Laurel","postcode":"20707"}},{"type":"Feature","geometry":{"type":"Point","coordinates":[-76.85572,39.09712]},"properties":{"id":"node/10249775096","name":"Beauty Nails","group":"personal_care","category":"shop=beauty","housenumber":"388","street":"Montrose Avenue","city":"Laurel","postcode":"20707"}},{"type":"Feature","geometry":{"type":"Point","coordinates":[-76.85567,39.09709]},"properties":{"id":"node/10249775097","name":"Mr. Smith's Barber Studio","group":"personal_care","category":"shop=hairdresser","website":"https://www.msbscuts.com/","housenumber":"386","street":"Montrose Avenue","city":"Laurel","postcode":"20707"}},{"type":"Feature","geometry":{"type":"Point","coordinates":[-76.85242,39.09634]},"properties":{"id":"node/10249775098","name":"Palacio de Peru","group":"food","category":"amenity=restaurant","cuisine":"peruvian;chicken","hours":"Su-Th 11:00-21:00; Fr,Sa 11:00-21:30","phone":"+1-301-725-1983","website":"https://www.palaciodeperu.com/","housenumber":"931","street":"Washington Boulevard","city":"Laurel","postcode":"20707"}},{"type":"Feature","geometry":{"type":"Point","coordinates":[-76.85178,39.09689]},"properties":{"id":"node/10249775100","name":"Quickway Japanese Hibachi","group":"food","category":"amenity=restaurant","cuisine":"hibachi;japanese","phone":"+1-310-776-5239","website":"https://quickwayhibachi.com/","housenumber":"905","street":"Washington Boulevard","city":"Laurel","postcode":"20707"}},{"type":"Feature","geometry":{"type":"Point","coordinates":[-76.85233,39.09638]},"properties":{"id":"node/10249775105","name":"Love Life Cafe","group":"food","category":"amenity=cafe","hours":"Mo-Sa 07:00-19:00; Su off","phone":"+1-240-786-6091","website":"https://thelovelifecafe.com/","housenumber":"929","street":"Washington Boulevard","city":"Laurel","postcode":"20707"}},{"type":"Feature","geometry":{"type":"Point","coordinates":[-76.85472,39.09511]},"properties":{"id":"node/10249775106","name":"Mad Cow Grill","group":"food","category":"amenity=restaurant","hours":"Mo off; Tu-Sa 11:00-22:00; Su 11:00-16:00","phone":"+1-301-725-7025","website":"https://www.madcowgrill.com/","housenumber":"310","street":"Domer Avenue"}},{"type":"Feature","geometry":{"type":"Point","coordinates":[-76.85569,39.09573]},"properties":{"id":"node/10249843110","name":"Fifth Avenue Wigs","group":"personal_care","category":"shop=wigs"}},{"type":"Feature","geometry":{"type":"Point","coordinates":[-76.85581,39.09581]},"properties":{"id":"node/10249843111","name":"Hobby Works","group":"shopping","category":"shop=hobby","phone":"+1-301-725-0383","website":"https://www.hobbyworks.com/","housenumber":"354","street":"Domer Avenue","city":"Laurel","postcode":"20707"}},{"type":"Feature","geometry":{"type":"Point","coordinates":[-76.85074,39.09781]},"properties":{"id":"node/10249843119","name":"Corazon Latino Hail Salon","group":"personal_care","category":"shop=hairdresser"}},{"type":"Feature","geometry":{"type":"Point","coordinates":[-76.85614,39.0917]},"properties":{"id":"node/10249843120","name":"Big Bazaar","group":"groceries","category":"shop=supermarket","hours":"Mo-Su 10:30-20:00","phone":"+1-240-294-4325","website":"https://bigbazaar-usa.com/","housenumber":"14703","street":"Baltimore Avenue","city":"Laurel","postcode":"20707"}},{"type":"Feature","geometry":{"type":"Point","coordinates":[-76.85492,39.09732]},"properties":{"id":"node/10249843128","name":"Doors to Africa","group":"shopping","category":"shop=gift","housenumber":"945","street":"Fairlawn Avenue","city":"Laurel","postcode":"20707"}},{"type":"Feature","geometry":{"type":"Point","coordinates":[-76.85623,39.0937]},"properties":{"id":"node/10250069936","name":"Fresh Green","group":"food","category":"amenity=fast_food","cuisine":"salad","hours":"Mo-Sa 11:00-20:00; Su 11:00-19:00","website":"https://www.freshgreensalads.com/location/fresh-green-laurel/","housenumber":"14720","street":"Baltimore Avenue","city":"Laurel","postcode":"20707"}},{"type":"Feature","geometry":{"type":"Point","coordinates":[-76.85773,39.09405]},"properties":{"id":"node/10250069943","name":"N'Style Hair Grooming","group":"personal_care","category":"shop=hairdresser","phone":"+1-301-490-3100","website":"https://nstylehg.com/laurel","housenumber":"14708","street":"Baltimore Avenue","city":"Laurel","postcode":"20707"}},{"type":"Feature","geometry":{"type":"Point","coordinates":[-76.85748,39.09454]},"properties":{"id":"node/10250069946","name":"Modo Nail Bar","group":"personal_care","category":"shop=beauty","phone":"+1-301-725-1461","website":"https://modonail.com/","housenumber":"14724","street":"Baltimore Avenue","city":"Laurel","postcode":"20707"}},{"type":"Feature","geometry":{"type":"Point","coordinates":[-76.85728,39.09441]},"properties":{"id":"node/10250069947","name":"Thai at Laurel","group":"food","category":"amenity=restaurant","cuisine":"thai","hours":"Mo-Th 11:00-22:00; Fr-Sa 11:00-23:00; Su 11:00-22:00","phone":"+1-301-317-8899","website":"https://www.thaiatlaurel.com/","housenumber":"14724","street":"Baltimore Avenue","city":"Laurel","postcode":"20707"}},{"type":"Feature","geometry":{"type":"Point","coordinates":[-76.85818,39.09348]},"properties":{"id":"node/10250069949","name":"MD Furniture","group":"shopping","category":"shop=furniture","phone":"+1-301-725-6750"}},{"type":"Feature","geometry":{"type":"Point","coordinates":[-76.85735,39.09374]},"properties":{"id":"node/10250069955","name":"ViVi Trendsetter","group":"shopping","category":"shop=clothes","phone":"+1-301-317-4300","housenumber":"14710","street":"Baltimore Avenue","city":"Laurel","postcode":"20707"}},{"type":"Feature","geometry":{"type":"Point","coordinates":[-76.85945,39.09267]},"properties":{"id":"node/10250069956","name":"AAA Car Care Center","group":"services","category":"shop=car_repair"}},{"type":"Feature","geometry":{"type":"Point","coordinates":[-76.85657,39.09393]},"properties":{"id":"node/10250069958","name":"Kogi Underground","group":"food","category":"amenity=restaurant","cuisine":"korean;barbecue","phone":"+1-301-725-2222","website":"https://kogi-underground.business.site/","housenumber":"14722","street":"Baltimore Avenue","city":"Laurel","postcode":"20707"}},{"type":"Feature","geometry":{"type":"Point","coordinates":[-76.90816,38.80471]},"properties":{"id":"node/10717965081","name":"La Esperanza","group":"groceries","category":"shop=supermarket"}},{"type":"Feature","geometry":{"type":"Point","coordinates":[-76.90816,38.80324]},"properties":{"id":"node/10717965082","name":"Allentown Liquors","group":"groceries","category":"shop=alcohol"}},{"type":"Feature","geometry":{"type":"Point","coordinates":[-76.90808,38.80335]},"properties":{"id":"node/11112968894","name":"Johnny's Sub Shop","group":"food","category":"amenity=fast_food","cuisine":"sandwich"}},{"type":"Feature","geometry":{"type":"Point","coordinates":[-76.90677,38.80234]},"properties":{"id":"node/11112968895","name":"Papi's Chicken","group":"food","category":"amenity=fast_food","cuisine":"chicken"}},{"type":"Feature","geometry":{"type":"Point","coordinates":[-76.90645,38.80149]},"properties":{"id":"node/11112968896","name":"Blue Waters Caribbean & Seafood Grill","group":"food","category":"amenity=restaurant"}},{"type":"Feature","geometry":{"type":"Point","coordinates":[-76.9065,38.80117]},"properties":{"id":"node/11112968897","name":"Sabor Casero","group":"food","category":"shop=bakery"}},{"type":"Feature","geometry":{"type":"Point","coordinates":[-76.90616,38.80123]},"properties":{"id":"node/11112968898","name":"Jova Wellness Center","group":"shopping","category":"shop=cannabis"}},{"type":"Feature","geometry":{"type":"Point","coordinates":[-76.90506,38.80244]},"properties":{"id":"node/11112968899","name":"Topolino's","group":"food","category":"amenity=restaurant","cuisine":"italian"}},{"type":"Feature","geometry":{"type":"Point","coordinates":[-76.90564,38.80317]},"properties":{"id":"node/11112968900","name":"Leo's Tires","group":"services","category":"shop=tyres"}},{"type":"Feature","geometry":{"type":"Point","coordinates":[-76.90756,38.80162]},"properties":{"id":"node/11112968902","name":"Super Eastern","group":"food","category":"amenity=restaurant","cuisine":"chinese"}},{"type":"Feature","geometry":{"type":"Point","coordinates":[-76.90732,38.80147]},"properties":{"id":"node/11112968903","name":"100 Plus Latino","group":"food","category":"amenity=restaurant"}},{"type":"Feature","geometry":{"type":"Point","coordinates":[-76.90415,38.80149]},"properties":{"id":"node/11112968904","name":"Hangar Club","group":"food","category":"amenity=restaurant","housenumber":"6410","street":"Old Branch Avenue"}},{"type":"Feature","geometry":{"type":"Point","coordinates":[-76.90888,38.82808]},"properties":{"id":"node/11159907847","name":"Via Roma","group":"food","category":"amenity=restaurant","cuisine":"italian"}},{"type":"Feature","geometry":{"type":"Point","coordinates":[-76.90892,38.82803]},"properties":{"id":"node/11159907848","name":"Burgers @ Apollo","group":"food","category":"amenity=restaurant","cuisine":"american"}},{"type":"Feature","geometry":{"type":"Point","coordinates":[-76.90905,38.828]},"properties":{"id":"node/11159907850","name":"The Real Milk & Honey Eatery & Bar","group":"food","category":"amenity=cafe"}},{"type":"Feature","geometry":{"type":"Point","coordinates":[-76.84679,38.9217]},"properties":{"id":"node/11188094663","name":"Crown Royal Barbers","group":"personal_care","category":"shop=hairdresser","hours":"Mo 09:00-19:30; Tu,We 12:00-19:30; Th,Fr 09:00-19:30; Sa 08:00-17:00; Su 10:00-15:00"}},{"type":"Feature","geometry":{"type":"Point","coordinates":[-76.84618,38.92159]},"properties":{"id":"node/11188102523","name":"Quickway Hibachi","group":"food","category":"amenity=restaurant","cuisine":"japanese","hours":"Mo-Sa 11:00-22:00; Su 11:00-21:00"}},{"type":"Feature","geometry":{"type":"Point","coordinates":[-76.84666,38.92164]},"properties":{"id":"node/11188108381","name":"Kenny's Chinese Restaurant","group":"food","category":"amenity=restaurant","cuisine":"chinese"}},{"type":"Feature","geometry":{"type":"Point","coordinates":[-76.84626,38.92164]},"properties":{"id":"node/11188139254","name":"Wings 21","group":"food","category":"amenity=restaurant","hours":"Mo-Sa 11:00-22:00; Su 11:00-21:00"}},{"type":"Feature","geometry":{"type":"Point","coordinates":[-76.84646,38.92178]},"properties":{"id":"node/11188145697","name":"Gallery Africa","group":"shopping","category":"shop=clothes"}},{"type":"Feature","geometry":{"type":"Point","coordinates":[-77.01536,38.78566]},"properties":{"id":"node/11476625061","name":"Bar Silver","group":"food","category":"amenity=bar"}},{"type":"Feature","geometry":{"type":"Point","coordinates":[-77.01545,38.78551]},"properties":{"id":"node/11476892467","name":"Muse Paint Bar","group":"food","category":"amenity=bar"}},{"type":"Feature","geometry":{"type":"Point","coordinates":[-77.01716,38.78379]},"properties":{"id":"node/11476905669","name":"AMERICA!","group":"shopping","category":"shop=clothes"}},{"type":"Feature","geometry":{"type":"Point","coordinates":[-76.94244,39.10723]},"properties":{"id":"node/11810237046","name":"Country Nursery","group":"shopping","category":"shop=garden_centre","hours":"Mo-Sa 08:30-17:00; Su 09:00-15:00; PH 09:00-15:00","phone":"+1 301 421 9593;+1 800 745 0186","website":"https://countrynurserylandscape.com/","housenumber":"3330","street":"Spencerville Road","city":"Burtonsville","postcode":"20866"}},{"type":"Feature","geometry":{"type":"Point","coordinates":[-76.93506,39.11005]},"properties":{"id":"node/11810250033","name":"Ahadu Ethiopian Cuisine","group":"food","category":"amenity=restaurant","cuisine":"ethiopian","hours":"Mo-Su 12:00-21:00","phone":"+1-240-722-6900; +1-202-717-4654; +1-240-722-6924","website":"https://ahaduethiopiancuisine.com/","housenumber":"15510","street":"Old Columbia Pike","city":"Burtonsville","postcode":"20866"}},{"type":"Feature","geometry":{"type":"Point","coordinates":[-76.85301,39.08863]},"properties":{"id":"node/11836488198","name":"Colocho Auto Repair Shop","group":"services","category":"shop=car_repair","hours":"Mo-Sa 09:00-18:00","phone":"+1-443-620-5959","website":"https://colochoautorepairshop.com","housenumber":"8740","street":"Cherry Lane","city":"Laurel","postcode":"20707"}},{"type":"Feature","geometry":{"type":"Point","coordinates":[-76.84875,38.88544]},"properties":{"id":"node/11899749790","name":"American Chimney Contractors","group":"services","category":"craft=chimney_sweeper","phone":"+1-240-335-7696","website":"https://www.americanchimneycontractors.com","housenumber":"9107","street":"Hampton Overlook","city":"Capitol Heights","postcode":"20743"}},{"type":"Feature","geometry":{"type":"Point","coordinates":[-77.02001,38.72477]},"properties":{"id":"node/12017851261","name":"Nuwave Liquors","group":"food","category":"amenity=bar","housenumber":"956","street":"Swan Creek Road","city":"Fort Washington","postcode":"20744"}},{"type":"Feature","geometry":{"type":"Point","coordinates":[-76.91753,39.02877]},"properties":{"id":"node/12040674147","name":"My Nails","group":"personal_care","category":"shop=beauty","housenumber":"10488","street":"Baltimore Avenue","city":"Beltsville"}},{"type":"Feature","geometry":{"type":"Point","coordinates":[-76.91777,39.0286]},"properties":{"id":"node/12040674150","name":"Pho 88","group":"food","category":"amenity=restaurant","cuisine":"vietnamese;noodle","housenumber":"10478","street":"Baltimore Avenue","city":"Beltsville","postcode":"20705"}},{"type":"Feature","geometry":{"type":"Point","coordinates":[-76.91763,39.0287]},"properties":{"id":"node/12040674153","name":"Champion Grill","group":"food","category":"amenity=restaurant","housenumber":"10484","street":"Baltimore Avenue","city":"Beltsville"}},{"type":"Feature","geometry":{"type":"Point","coordinates":[-76.91956,39.02776]},"properties":{"id":"node/12040674158","name":"The Hair Marqui","group":"personal_care","category":"shop=hairdresser","phone":"+1-301-595-7040","website":"https://www.hairmarqui.com/","housenumber":"10401","street":"47th Avenue","city":"Beltsville","postcode":"20705"}},{"type":"Feature","geometry":{"type":"Point","coordinates":[-76.91949,39.02781]},"properties":{"id":"node/12040674159","name":"Kim's Acupressure","group":"personal_care","category":"shop=massage","phone":"+1-301-937-1777","website":"http://kimsacupressurespa.com/","housenumber":"10403","street":"47th Avenue","city":"Beltsville","postcode":"20705"}},{"type":"Feature","geometry":{"type":"Point","coordinates":[-76.91765,39.02885]},"properties":{"id":"node/12040674164","name":"Brewer & Marshall Opticians","group":"personal_care","category":"shop=optician","phone":"+1-301-937-3677","website":"https://brewerandmarshall.weebly.com/","housenumber":"10490","street":"Baltimore Avenue","city":"Beltsville","postcode":"20705"}},{"type":"Feature","geometry":{"type":"Point","coordinates":[-76.85069,39.1069]},"properties":{"id":"node/12123367828","name":"Olive On Main","group":"food","category":"amenity=restaurant","cuisine":"greek;lebanese;italian;american;pizza;turkish","hours":"Mo-We 11:00-21:00, Th-Sa 11:00-22:00, Su 11:00-20:30","phone":"+1 240 280 8560","website":"https://oliveonmainlaurel.com/","housenumber":"504","street":"Main Street","city":"Laurel","postcode":"20707"}},{"type":"Feature","geometry":{"type":"Point","coordinates":[-76.92418,39.02337]},"properties":{"id":"node/12198104901","name":"Milk & Honey","group":"food","category":"amenity=restaurant","website":"http://milknhoneycafe.com","postcode":"20705"}},{"type":"Feature","geometry":{"type":"Point","coordinates":[-76.9063,38.89731]},"properties":{"id":"node/12277730634","name":"Seat Pleasant Wigs","group":"personal_care","category":"shop=beauty","housenumber":"5914","street":"Martin Luther King Jr. Highway","city":"Capitol Heights","postcode":"20743"}},{"type":"Feature","geometry":{"type":"Point","coordinates":[-76.8468,39.10529]},"properties":{"id":"node/12414040452","name":"Rainbow Florist & Delectables","group":"shopping","category":"shop=florist","hours":"Mo-Fr 09:00-17:30; Sa 09:00-14:00","phone":"+1-301-725-4454","website":"https://www.rainbowfloristandmore.com/","housenumber":"370","street":"Main Street","city":"Laurel","postcode":"20707"}},{"type":"Feature","geometry":{"type":"Point","coordinates":[-76.84695,39.10537]},"properties":{"id":"node/12414040453","name":"Laurel Orthopedic and Medical Supply Store","group":"groceries","category":"shop=medical_supply","hours":"Mo-Fr 09:30-17:30; Fr 09:00-17:00; Sa 11:00-13:00","website":"https://www.shoploms.com/","housenumber":"374","street":"Main Street","city":"Laurel","postcode":"20707"}},{"type":"Feature","geometry":{"type":"Point","coordinates":[-76.84767,39.10596]},"properties":{"id":"node/12414040459","name":"Finders Keepers","group":"shopping","category":"shop=second_hand"}},{"type":"Feature","geometry":{"type":"Point","coordinates":[-76.84666,39.10548]},"properties":{"id":"node/12414040462","name":"Salon Etc.","group":"personal_care","category":"shop=hairdresser","hours":"Tu-Fr 10:00-19:00; Sa 08:00-14:00","website":"https://www.salonetcmd.com/","housenumber":"371","street":"Main Street","city":"Laurel","postcode":"20707"}},{"type":"Feature","geometry":{"type":"Point","coordinates":[-76.84673,39.10527]},"properties":{"id":"node/12414040463","name":"Hilton Nails and Spa","group":"personal_care","category":"shop=beauty","phone":"+1-301-317-6724"}},{"type":"Feature","geometry":{"type":"Point","coordinates":[-76.84649,39.10542]},"properties":{"id":"node/12414040465","name":"Pho Viet 75","group":"food","category":"amenity=restaurant","cuisine":"vietnamese","phone":"+1-301-317-3607","website":"https://www.phoviet75.com/contact","housenumber":"363","street":"Main Street","city":"Laurel","postcode":"20707"}},{"type":"Feature","geometry":{"type":"Point","coordinates":[-77.0164,38.78552]},"properties":{"id":"node/12552999887","name":"The Harbor Interiors, LLC.","group":"shopping","category":"shop=furniture"}},{"type":"Feature","geometry":{"type":"Point","coordinates":[-77.01553,38.78416]},"properties":{"id":"node/12552999890","name":"Bombay Street Food","group":"food","category":"amenity=restaurant","cuisine":"pan_asian;indian;south_indian"}},{"type":"Feature","geometry":{"type":"Point","coordinates":[-77.01523,38.7846]},"properties":{"id":"node/12552999893","name":"Ase Water","group":"groceries","category":"shop=water"}},{"type":"Feature","geometry":{"type":"Point","coordinates":[-77.01523,38.78441]},"properties":{"id":"node/12552999895","name":"Rita's Booth","group":"food","category":"amenity=fast_food","cuisine":"juice"}},{"type":"Feature","geometry":{"type":"Point","coordinates":[-77.01699,38.78351]},"properties":{"id":"node/12552999952","name":"SUCCOTASH","group":"food","category":"amenity=restaurant","cuisine":"soul_food"}},{"type":"Feature","geometry":{"type":"Point","coordinates":[-77.01735,38.78356]},"properties":{"id":"node/12552999953","name":"ZAAF Collection","group":"shopping","category":"shop=fashion_accessories","hours":"Mo-Th 11:00-20:00; Fr-Sa 11:00-21:00; Su 11:00-19:00","phone":"+1 301 202 5890","website":"https://zaafcollection.com/","housenumber":"189","street":"Waterfront Street","city":"Oxon Hill","postcode":"20745"}},{"type":"Feature","geometry":{"type":"Point","coordinates":[-77.01685,38.78372]},"properties":{"id":"node/12552999968","name":"Comfort One Shoes","group":"shopping","category":"shop=shoes"}},{"type":"Feature","geometry":{"type":"Point","coordinates":[-77.01556,38.78348]},"properties":{"id":"node/12552999971","name":"The Irish Whisper","group":"food","category":"amenity=pub"}},{"type":"Feature","geometry":{"type":"Point","coordinates":[-77.01579,38.78318]},"properties":{"id":"node/12552999974","name":"Brother Jimmy's BBQ","group":"food","category":"amenity=restaurant","cuisine":"barbecue"}},{"type":"Feature","geometry":{"type":"Point","coordinates":[-77.01393,38.78345]},"properties":{"id":"node/12553000057","name":"The Black Hair Experience","group":"personal_care","category":"shop=beauty"}},{"type":"Feature","geometry":{"type":"Point","coordinates":[-76.91518,39.09092]},"properties":{"id":"node/12600862101","name":"Maryland Collision Center Silver Spring","group":"services","category":"shop=car_repair","phone":"+1-301-498-2222","website":"https://marylandcollisioncenter.com/","housenumber":"5310","street":"Minnick Road","postcode":"20707"}},{"type":"Feature","geometry":{"type":"Point","coordinates":[-76.94597,39.08382]},"properties":{"id":"node/12703520403","name":"Beauty Lane","group":"personal_care","category":"shop=beauty","housenumber":"13822","street":"Outlet Drive","city":"Silver Spring","postcode":"20904"}},{"type":"Feature","geometry":{"type":"Point","coordinates":[-76.94592,39.08376]},"properties":{"id":"node/12703520404","name":"Wireless Vision","group":"shopping","category":"shop=mobile_phone","phone":"+1-301-847-1900","website":"https://mywirelessvision.com/","housenumber":"13824","street":"Outlet Drive","city":"Silver Spring","postcode":"20904"}},{"type":"Feature","geometry":{"type":"Point","coordinates":[-76.94587,39.08373]},"properties":{"id":"node/12703520405","name":"That Was Easy Barbershop","group":"personal_care","category":"shop=hairdresser","website":"https://www.thatwaseasybarber.com/","housenumber":"13824","street":"Outlet Drive","city":"Silver Spring","postcode":"20904"}},{"type":"Feature","geometry":{"type":"Point","coordinates":[-76.94578,39.08363]},"properties":{"id":"node/12703520407","name":"For Eyes","group":"personal_care","category":"shop=optician","phone":"+1-301-890-9777","website":"https://locations.foreyes.com/md/silver-spring/13830-outlet-drive","housenumber":"13830","street":"Outlet Drive","city":"Silver Spring","postcode":"20904"}},{"type":"Feature","geometry":{"type":"Point","coordinates":[-76.94573,39.08359]},"properties":{"id":"node/12703520410","name":"Briggs Chaney Deli","group":"groceries","category":"shop=alcohol","phone":"+1-301-890-7282","website":"https://patriceperrier.wixsite.com/briggschaneydeli/location","housenumber":"13832","street":"Outlet Drive","city":"Silver Spring","postcode":"20904"}},{"type":"Feature","geometry":{"type":"Point","coordinates":[-76.94561,39.08348]},"properties":{"id":"node/12703520411","name":"Easy Wash and Fold","group":"services","category":"shop=laundry","phone":"+1-301-960-8353","website":"https://www.easywashandfold.com/locations/13838-outlet-dr-silver-spring-md-20904/","housenumber":"13838","street":"Outlet Drive","city":"Silver Spring","postcode":"20904"}},{"type":"Feature","geometry":{"type":"Point","coordinates":[-76.9449,39.08253]},"properties":{"id":"node/12703520412","name":"Karen's Seafood","group":"groceries","category":"shop=seafood","phone":"+1-301-288-7313","website":"https://www.karensseafood.com/","housenumber":"13843","street":"Outlet Drive","city":"Silver Spring","postcode":"20904"}},{"type":"Feature","geometry":{"type":"Point","coordinates":[-76.94526,39.0824]},"properties":{"id":"node/12703520414","name":"My Salon Suite","group":"personal_care","category":"shop=beauty","phone":"+1-504-265-1636","website":"https://www.mysalonsuite.com/briggs-chaney/","city":"Silver Spring","postcode":"20904"}},{"type":"Feature","geometry":{"type":"Point","coordinates":[-76.94551,39.08226]},"properties":{"id":"node/12703520415","name":"ELSI Ethiopian Restaurant","group":"food","category":"amenity=restaurant","cuisine":"ethiopian","phone":"+1-301-288-4355","website":"https://www.elsirestaurant.com/","housenumber":"13825","street":"Outlet Drive","city":"Silver Spring","postcode":"20904"}},{"type":"Feature","geometry":{"type":"Point","coordinates":[-76.94544,39.08332]},"properties":{"id":"node/12703520420","name":"Don Pollo","group":"food","category":"amenity=fast_food","cuisine":"peruvian","phone":"+1-240-560-7376","website":"https://donpollogroup.com/","housenumber":"13881","street":"Outlet Drive","city":"Silver Spring","postcode":"20904"}},{"type":"Feature","geometry":{"type":"Point","coordinates":[-76.94533,39.08322]},"properties":{"id":"node/12703520422","name":"Island Quizine","group":"food","category":"amenity=restaurant","cuisine":"jamaican","phone":"+1-301-847-9321","website":"https://islandquizine.com/","housenumber":"13881","street":"Outlet Drive","city":"Silver Spring","postcode":"20904"}},{"type":"Feature","geometry":{"type":"Point","coordinates":[-76.9455,39.08338]},"properties":{"id":"node/12703520424","name":"Adarash Market","group":"groceries","category":"shop=greengrocer","website":"https://adarashmarket.com/","housenumber":"13842","street":"Outlet Drive","city":"Silver Spring","postcode":"20904"}},{"type":"Feature","geometry":{"type":"Point","coordinates":[-76.94594,39.08208]},"properties":{"id":"node/12703618288","name":"Mimi's Perfect Nails","group":"personal_care","category":"shop=beauty","phone":"+1-301-847-3149","housenumber":"13813","street":"Outlet Drive","city":"Silver Spring","postcode":"20904"}},{"type":"Feature","geometry":{"type":"Point","coordinates":[-76.8541,39.09726]},"properties":{"id":"node/12706125201","name":"KPOT Korean BBQ & Hot Pot","group":"food","category":"amenity=restaurant","cuisine":"korean","hours":"Mo-Th 12:00-23:00; Fr-Sa 12:00-00:00; Su 12:00-23:00","phone":"+1-240-280-2840","website":"https://thekpot.com/","housenumber":"351","street":"Montrose Avenue","postcode":"20707"}},{"type":"Feature","geometry":{"type":"Point","coordinates":[-76.92894,39.00845]},"properties":{"id":"node/12813571822","name":"District Floor Depot","group":"shopping","category":"shop=flooring","hours":"Mo-Sa 08:00-18:00; Su 11:00-17:00","phone":"+1-301-200-9030","website":"https://www.districtfloordepot.com/","housenumber":"9409","street":"Baltimore Ave","city":"College Park","postcode":"20740"}},{"type":"Feature","geometry":{"type":"Point","coordinates":[-76.8415,39.10179]},"properties":{"id":"node/12990513080","name":"Christian Auto Body","group":"services","category":"shop=car_repair","hours":"Mo-Fr 08:30-18:00; Sa 09:00-14:30; Su off","phone":"+1-301-490-3632","website":"http://www.christianautobodyinc.com/","housenumber":"100","street":"Lafayette Avenue"}},{"type":"Feature","geometry":{"type":"Point","coordinates":[-76.93192,38.99726]},"properties":{"id":"node/12990768903","name":"LaTao Hotpot College Park","group":"food","category":"amenity=restaurant","cuisine":"asian;japanese","housenumber":"8700","street":"Baltimore Avenue","postcode":"20740"}},{"type":"Feature","geometry":{"type":"Point","coordinates":[-76.89747,38.85156]},"properties":{"id":"node/13090703512","name":"Plaza Liquor","group":"groceries","category":"shop=alcohol","housenumber":"6439","street":"Marlboro Pike","city":"District Heights","postcode":"20747"}},{"type":"Feature","geometry":{"type":"Point","coordinates":[-76.89768,38.85134]},"properties":{"id":"node/13090703513","name":"Johnny's Sub Shop","group":"food","category":"amenity=fast_food","cuisine":"sandwich","housenumber":"6427","street":"Marlboro Pike","city":"District Heights","postcode":"20747"}},{"type":"Feature","geometry":{"type":"Point","coordinates":[-76.89764,38.85138]},"properties":{"id":"node/13090703514","name":"Vogue Cleaners","group":"services","category":"shop=dry_cleaning","housenumber":"6429","street":"Marlboro Pike","city":"District Heights","postcode":"20747"}},{"type":"Feature","geometry":{"type":"Point","coordinates":[-76.89775,38.85125]},"properties":{"id":"node/13090703515","name":"Beauty Braids","group":"personal_care","category":"shop=hairdresser","housenumber":"6423","street":"Marlboro Pike","city":"District Heights","postcode":"20747"}},{"type":"Feature","geometry":{"type":"Point","coordinates":[-76.89771,38.8513]},"properties":{"id":"node/13090703516","name":"Paul's Barber Shop","group":"personal_care","category":"shop=hairdresser","housenumber":"6425","street":"Marlboro Pike","city":"District Heights","postcode":"20747"}},{"type":"Feature","geometry":{"type":"Point","coordinates":[-76.9297,39.00597]},"properties":{"id":"node/13231470101","name":"Buso Cuts","group":"personal_care","category":"shop=hairdresser","phone":"+1-301-821-0345","website":"https://collegeparkbarbershop.com/","housenumber":"9203","street":"Baltimore Avenue","postcode":"20740"}},{"type":"Feature","geometry":{"type":"Point","coordinates":[-76.82106,38.98538]},"properties":{"id":"node/13304758400","name":"Johnsons Auto Service","group":"services","category":"shop=car_repair","hours":"Mo-Fr 08:00-18:00; Sa \"by appointment\"","phone":"+1 240 929 6579","website":"https://jautoservice.net/","housenumber":"10863","street":"Lanham Severn Road","city":"Glenn Dale","postcode":"20769"}},{"type":"Feature","geometry":{"type":"Point","coordinates":[-76.90684,38.94007]},"properties":{"id":"node/13312681051","name":"Quickway Japanese Hibachi","group":"food","category":"amenity=restaurant","cuisine":"japanese","housenumber":"6300","street":"Annapolis Road","city":"Hyattsville","postcode":"20784"}},{"type":"Feature","geometry":{"type":"Point","coordinates":[-76.90651,38.94019]},"properties":{"id":"node/13312681054","name":"Chicho\u2019s Chicken","group":"food","category":"amenity=restaurant","cuisine":"peruvian"}},{"type":"Feature","geometry":{"type":"Point","coordinates":[-76.90519,38.94195]},"properties":{"id":"node/13312681065","name":"La Flor de Mayo Bakery","group":"food","category":"shop=bakery"}},{"type":"Feature","geometry":{"type":"Point","coordinates":[-76.84671,38.96413]},"properties":{"id":"node/13312681078","name":"Teppanyaki Grill","group":"food","category":"amenity=restaurant","cuisine":"chinese","hours":"Su-Th 11:00-21:30","housenumber":"9345","street":"Annapolis Road","city":"Lanham","postcode":"20706"}},{"type":"Feature","geometry":{"type":"Point","coordinates":[-76.88705,38.95011]},"properties":{"id":"node/13312681083","name":"House of Chickens","group":"food","category":"amenity=restaurant","cuisine":"mexican;peruvian","hours":"Mo-Sa 10:00-21:00; Su 11:00-19:00","phone":"+13014791600","website":"https://houseofchickens.com/","housenumber":"7460","street":"Annapolis Road","city":"Hyattsville","postcode":"20784"}},{"type":"Feature","geometry":{"type":"Point","coordinates":[-76.88679,38.95083]},"properties":{"id":"node/13312681093","name":"Hip Hop Fish & Chicken","group":"food","category":"amenity=fast_food","cuisine":"southern","phone":"+13014296565","housenumber":"7524","street":"Annapolis Road","city":"Hyattsville","postcode":"20784"}},{"type":"Feature","geometry":{"type":"Point","coordinates":[-76.89894,39.00866]},"properties":{"id":"node/13315606299","name":"Olive Glow Esthetics Beauty","group":"personal_care","category":"shop=beauty","hours":"Mo 14:30-19:30; Th 14:30-20:00; Sa 07:00-10:00; Su 11:00-13:00","housenumber":"6301","street":"Ivy Lane","city":"Greenbelt","postcode":"20770-6330"}},{"type":"Feature","geometry":{"type":"Point","coordinates":[-76.8671,39.10388]},"properties":{"id":"node/13324461817","name":"Spartan Junk Removal","group":"services","category":"craft=cleaning","hours":"Mo-Su 07:00-21:00","phone":"+1 443 230-5363","website":"https://www.spartanjunk.com/","housenumber":"8101","street":"Sandy Spring Road","city":"Laurel","postcode":"20707"}},{"type":"Feature","geometry":{"type":"Point","coordinates":[-76.86877,38.88867]},"properties":{"id":"node/13334989391","name":"A House of Style","group":"personal_care","category":"shop=hairdresser","hours":"Th-Mo 09:00-16:00","housenumber":"7927","street":"Central Avenue","city":"Capitol Heights","postcode":"20743-3529"}},{"type":"Feature","geometry":{"type":"Point","coordinates":[-76.86053,39.08785]},"properties":{"id":"node/13360492216","name":"Lavelle's Locksmith","group":"services","category":"shop=locksmith","hours":"Mo-Su 12:00-24:00","phone":"+1 202 997-2318","website":"https://www.lavelleslocksmith.com/","housenumber":"14402","street":"Baltimore Avenue","city":"Laurel","postcode":"20707"}},{"type":"Feature","geometry":{"type":"Point","coordinates":[-76.87265,38.84294]},"properties":{"id":"node/13386986201","name":"Marlo Furniture and Mattress Store","group":"shopping","category":"shop=furniture","hours":"Mo-Sa 10:00-21:00; Su 11:00-19:00","website":"https://www.marlofurniture.com/","housenumber":"3300","street":"Marlo Lane","postcode":"20747"}},{"type":"Feature","geometry":{"type":"Point","coordinates":[-76.89701,38.78432]},"properties":{"id":"node/13431419604","name":"MarysNailscape","group":"personal_care","category":"shop=beauty","hours":"Mo-Fr 08:00-20:00; Sa 10:00-20:00","website":"https://linktr.ee/MarysNailscape","housenumber":"7700","street":"Branch Avenue","city":"Clinton","postcode":"20735-1609"}},{"type":"Feature","geometry":{"type":"Point","coordinates":[-76.99806,38.76047]},"properties":{"id":"node/13569888614","name":"Exclusive Concepts","group":"services","category":"shop=car_repair","hours":"Mo-Th 10:00-18:00; Fr 09:00-18:00; Sa 09:00-15:00","phone":"+1-301-603-3372","website":"https://fortwashingtontinting.com/","housenumber":"600","street":"Cady Drive","city":"Fort Washington","postcode":"20744"}},{"type":"Feature","geometry":{"type":"Point","coordinates":[-76.88722,38.95188]},"properties":{"id":"node/13588725562","name":"Chandler's Medical Supply","group":"groceries","category":"shop=medical_supply","housenumber":"7568","street":"Annapolis Road","city":"Hyattsville","postcode":"20784"}},{"type":"Feature","geometry":{"type":"Point","coordinates":[-76.88727,38.9518]},"properties":{"id":"node/13588725563","name":"Beauty Supply","group":"personal_care","category":"shop=cosmetics","housenumber":"7566","street":"Annapolis Road","city":"Hyattsville","postcode":"20784"}},{"type":"Feature","geometry":{"type":"Point","coordinates":[-76.88721,38.95202]},"properties":{"id":"node/13588725565","name":"Jamaican Country Kitchen","group":"food","category":"amenity=restaurant","cuisine":"jamaican","housenumber":"7572","street":"Annapolis Road","city":"Hyattsville","postcode":"20784"}},{"type":"Feature","geometry":{"type":"Point","coordinates":[-76.88723,38.76869]},"properties":{"id":"node/13594224362","name":"Naz's Halal Food","group":"food","category":"amenity=restaurant","hours":"Mo-Th 10:30-02:00, Fr-Sa 10:30-04:00, Su 10:30-02:00","website":"https://nazshalal.com/stores/nazs-halal-food-clinton/","housenumber":"8909","street":"Woodyard Road","city":"Clinton","postcode":"20735"}},{"type":"Feature","geometry":{"type":"Point","coordinates":[-76.87291,38.94578]},"properties":{"id":"node/13646771979","name":"The Union Bar and Grill","group":"food","category":"amenity=restaurant"}},{"type":"Feature","geometry":{"type":"Point","coordinates":[-76.84732,38.92071]},"properties":{"id":"node/13716159410","name":"Beauty for the People","group":"personal_care","category":"shop=hairdresser","hours":"We-Th 11:00-17:00; Fr 10:00-18:00","phone":"+1-202-740-5877","website":"https://square.site/book/5ABHVD126H9EV/beauty-for-the-people-llc-dba-outdo-lanham-md","housenumber":"2200","street":"Petrie Lane","city":"Lanham","postcode":"20706"}},{"type":"Feature","geometry":{"type":"Point","coordinates":[-76.9345,39.11043]},"properties":{"id":"node/13740233701","name":"Centrado Cafe Shop","group":"food","category":"amenity=cafe","website":"https://centradocafeshop.com/","housenumber":"15530","street":"Old Columbia Pike","postcode":"20866"}},{"type":"Feature","geometry":{"type":"Point","coordinates":[-76.89866,38.85448]},"properties":{"id":"node/13758974977","name":"Pierce Me","group":"personal_care","category":"shop=piercing","hours":"Mo-Sa 12:00-19:00","phone":"+1-301-967-7399","website":"https://lovepierceme.com/","housenumber":"6302-A","street":"Marlboro Pike","city":"District Heights","postcode":"20747"}},{"type":"Feature","geometry":{"type":"Point","coordinates":[-76.82,38.95528]},"properties":{"id":"node/13827686754","name":"H.O.C. Home & Office Cleaning, Incorporated","group":"services","category":"craft=cleaning","hours":"Mo-Fr 08:00-18:00, Sa 09:00-17:00","phone":"+1-301-262-2777","website":"https://www.hoc-clean.com/","housenumber":"11002","street":"Lake Victoria Lane","city":"Bowie","postcode":"20720"}},{"type":"Feature","geometry":{"type":"Point","coordinates":[-76.90986,39.02442]},"properties":{"id":"node/13861226101","name":"American Home Center (Windows)","group":"shopping","category":"shop=doityourself","housenumber":"10778","street":"Tucker Street","postcode":"20705"}},{"type":"Feature","geometry":{"type":"Point","coordinates":[-76.88428,38.94896]},"properties":{"id":"node/13946130287","name":"Tempted Nails","group":"personal_care","category":"shop=beauty","hours":"Mo-Th 10:00-20:00; Fr-Sa 09:00-20:00","phone":"+1-301-852-7779","website":"https://temptednails2.univer.se/","housenumber":"7100","street":"Chesapeake Road","city":"Hyattsville","postcode":"20784"}},{"type":"Feature","geometry":{"type":"Point","coordinates":[-76.82932,38.9492]},"properties":{"id":"node/13951174189","name":"Lansing Building Products","group":"shopping","category":"shop=trade","housenumber":"4251","street":"Forbes Boulevard","city":"Lanham","postcode":"20706"}},{"type":"Feature","geometry":{"type":"Point","coordinates":[-76.86736,38.96977]},"properties":{"id":"node/14020487433","name":"Murugan Temple Kitchen","group":"food","category":"amenity=restaurant","cuisine":"indian","hours":"Fr 18:00-20:00; Sa,Su 09:00-20:00; Mo-Th off","website":"https://murugantemple.org/about/our-cservices/","housenumber":"6300","street":"Princess Garden Parkway","city":"Lanham","postcode":"20706"}},{"type":"Feature","geometry":{"type":"Point","coordinates":[-76.93152,39.11468]},"properties":{"id":"node/14157585941","name":"Haraz Coffee House","group":"food","category":"amenity=cafe","cuisine":"coffee_shop"}},{"type":"Feature","geometry":{"type":"Point","coordinates":[-76.93148,39.11447]},"properties":{"id":"node/14157585942","name":"Eggspectation","group":"food","category":"amenity=restaurant"}},{"type":"Feature","geometry":{"type":"Point","coordinates":[-76.93158,39.11485]},"properties":{"id":"node/14157585983","name":"Moby Dick","group":"food","category":"amenity=fast_food","cuisine":"kebab"}},{"type":"Feature","geometry":{"type":"Point","coordinates":[-76.8762,39.00185]},"properties":{"id":"way/100103004","name":"Greenbelt Co-op Supermarket and Pharmacy","group":"groceries","category":"shop=supermarket","hours":"Mo-Sa 07:00-21:00; Su 09:00-19:00","website":"https://www.greenbelt.coop/","housenumber":"121","street":"Centerway","city":"Greenbelt","postcode":"20770"}},{"type":"Feature","geometry":{"type":"Point","coordinates":[-76.93582,39.10837]},"properties":{"id":"way/130653091","name":"Express Mart","group":"groceries","category":"shop=convenience","housenumber":"15411","street":"Old Columbia Pike","city":"Burtonsville"}},{"type":"Feature","geometry":{"type":"Point","coordinates":[-76.93424,39.11068]},"properties":{"id":"way/130653092","name":"Restaurant 198","group":"food","category":"amenity=restaurant","cuisine":"american","hours":"Mo-We 08:00-21:00; Th-Fr 08:00-22:00; Sa 07:00-22:00; Su 07:00-16:00","phone":"+1 301-723-7270","website":"https://www.198eats.com/","housenumber":"15540","street":"Old Columbia Pike","city":"Burtonsville","postcode":"20866"}},{"type":"Feature","geometry":{"type":"Point","coordinates":[-76.93484,39.11021]},"properties":{"id":"way/130653097","name":"Burtonsville Automotive Service","group":"services","category":"shop=car_repair","hours":"Mo-Fr 08:00-18:00","phone":"+1 301 421 0182","website":"https://www.burtonsvilleauto.com/","housenumber":"15520","street":"Old Columbia Pike","city":"Burtonsville","postcode":"20866"}},{"type":"Feature","geometry":{"type":"Point","coordinates":[-76.93234,39.11067]},"properties":{"id":"way/130653148","name":"Mattress and More Liquidators","group":"shopping","category":"shop=bed","hours":"Mo-Sa 10:00-20:00; Su 12:00-18:00","website":"https://www.mattressandmoreliquidators.com/","housenumber":"15595","street":"Old Columbia Pike","postcode":"20866"}},{"type":"Feature","geometry":{"type":"Point","coordinates":[-76.9493,39.07827]},"properties":{"id":"way/130676043","name":"Herb Gordon Volvo","group":"shopping","category":"shop=car","housenumber":"3121","street":"Automobile Boulevard","postcode":"20904"}},{"type":"Feature","geometry":{"type":"Point","coordinates":[-76.94772,39.07979]},"properties":{"id":"way/130676050","name":"Darcars","group":"shopping","category":"shop=car","housenumber":"3110","street":"Automobile Boulevard","postcode":"20904"}},{"type":"Feature","geometry":{"type":"Point","coordinates":[-76.94748,39.08129]},"properties":{"id":"way/130676054","name":"Sport Chevrolet","group":"shopping","category":"shop=car","housenumber":"3101","street":"Automobile Boulevard","postcode":"20904"}},{"type":"Feature","geometry":{"type":"Point","coordinates":[-77.01651,38.78481]},"properties":{"id":"way/179019114","name":"IT'SUGAR","group":"food","category":"shop=confectionery","housenumber":"150","street":"National Plaza","postcode":"20745"}},{"type":"Feature","geometry":{"type":"Point","coordinates":[-76.90743,38.99767]},"properties":{"id":"way/188002451","name":"Hook & Reel Cajun Seafood & Bar","group":"food","category":"amenity=restaurant","hours":"Mo-Th,Su 12:00-22:00; Fr-Sa 12:00-24:00","phone":"+1 240-241-4825","website":"https://hookreel.com/location/greenbelt/","housenumber":"6002","street":"Greenbelt Road","city":"Greenbelt","postcode":"20770"}},{"type":"Feature","geometry":{"type":"Point","coordinates":[-76.91347,38.9985]},"properties":{"id":"way/214324968","name":"Thompson Vision Care","group":"personal_care","category":"shop=optician","housenumber":"5900","street":"Greenbelt Road","city":"Greenbelt","postcode":"20770"}},{"type":"Feature","geometry":{"type":"Point","coordinates":[-76.91403,38.99854]},"properties":{"id":"way/214324969","name":"La Curva Restaurant","group":"food","category":"amenity=restaurant","cuisine":"tex-mex","phone":"+1 240-297-9405","housenumber":"5810","street":"Greenbelt Road","city":"Greenbelt","postcode":"20770"}},{"type":"Feature","geometry":{"type":"Point","coordinates":[-76.99526,38.76562]},"properties":{"id":"way/224181765","name":"Hovermale's Tastes Best","group":"food","category":"amenity=fast_food","housenumber":"9011","street":"Livingston Road","city":"Fort Washington","postcode":"20744"}},{"type":"Feature","geometry":{"type":"Point","coordinates":[-76.89739,38.78581]},"properties":{"id":"way/224192787","name":"Hip Hop Fish & Chicken","group":"food","category":"amenity=fast_food","housenumber":"7600","street":"Old Branch Avenue","city":"Clinton","postcode":"20735"}},{"type":"Feature","geometry":{"type":"Point","coordinates":[-76.92132,39.01636]},"properties":{"id":"way/224922193","name":"BlueTech Cleaners","group":"services","category":"shop=dry_cleaning","housenumber":"9900","street":"Rhode Island Avenue","city":"College Park","postcode":"20740"}},{"type":"Feature","geometry":{"type":"Point","coordinates":[-76.92203,38.99873]},"properties":{"id":"way/224922214","name":"FinishMaster Auto Body","group":"services","category":"shop=car_repair","housenumber":"5049","street":"Branchville Road","city":"College Park","postcode":"20740"}},{"type":"Feature","geometry":{"type":"Point","coordinates":[-76.92497,38.99931]},"properties":{"id":"way/224922217","name":"Rising Sun Motors","group":"services","category":"shop=car_repair","phone":"+1-301-345-2600","website":"https://www.risingsunmotorsmd.com/","housenumber":"9001","street":"Rhode Island Avenue","city":"College Park","postcode":"20740"}},{"type":"Feature","geometry":{"type":"Point","coordinates":[-76.92667,38.99802]},"properties":{"id":"way/224922225","name":"Village Pump Liquors","group":"groceries","category":"shop=alcohol","housenumber":"4901","street":"Greenbelt Road","city":"College Park","postcode":"20740"}},{"type":"Feature","geometry":{"type":"Point","coordinates":[-76.82893,38.94919]},"properties":{"id":"way/226828180","name":"Lansing Building Products","group":"shopping","category":"shop=trade","housenumber":"4251","street":"Forbes Boulevard","city":"Lanham","postcode":"20706"}},{"type":"Feature","geometry":{"type":"Point","coordinates":[-76.85199,39.10794]},"properties":{"id":"way/233987916","name":"Oliver's Old Town Tavern","group":"food","category":"amenity=bar","hours":"Mo 15:00-22:00, Tu-Th 15:00-23:00, Fr,Sa 15:00-24:00, Su 13:00-20:00","housenumber":"531","street":"Main Street","city":"Laurel","postcode":"20707"}},{"type":"Feature","geometry":{"type":"Point","coordinates":[-76.84362,39.10378]},"properties":{"id":"way/233988566","name":"Attic Books","group":"shopping","category":"shop=books","housenumber":"100","street":"Washington Boulevard","postcode":"20707"}},{"type":"Feature","geometry":{"type":"Point","coordinates":[-76.8442,39.10449]},"properties":{"id":"way/233988573","name":"The Crystal Fox","group":"shopping","category":"shop=gift","phone":"+1-301-317-1980","website":"http://www.thecrystalfox.com/","housenumber":"311","street":"Main Street","city":"Laurel","postcode":"20707"}},{"type":"Feature","geometry":{"type":"Point","coordinates":[-76.83785,39.09623]},"properties":{"id":"way/234047826","name":"El Patron","group":"food","category":"amenity=restaurant","housenumber":"9700","street":"Fort Meade Road","city":"Laurel","postcode":"20707"}},{"type":"Feature","geometry":{"type":"Point","coordinates":[-76.8441,39.10396]},"properties":{"id":"way/234048359","name":"Carpet Center","group":"shopping","category":"shop=carpet","housenumber":"304","street":"Main Street","postcode":"20707"}},{"type":"Feature","geometry":{"type":"Point","coordinates":[-76.84428,39.10409]},"properties":{"id":"way/234048360","name":"Wings & Things Pizza","group":"food","category":"amenity=restaurant","website":"https://www.wingsnthingsandpizza.com/","housenumber":"310","street":"Main Street","postcode":"20707"}},{"type":"Feature","geometry":{"type":"Point","coordinates":[-76.86985,39.07428]},"properties":{"id":"way/234368865","name":"Academy Ford","group":"shopping","category":"shop=car","phone":"+1-877-894-4901","website":"https://www.academyforddealer.com/","housenumber":"13401","street":"Baltimore Avenue","postcode":"20707"}},{"type":"Feature","geometry":{"type":"Point","coordinates":[-76.86638,39.07673]},"properties":{"id":"way/234368868","name":"RPM Auto Center","group":"services","category":"shop=car_repair","housenumber":"13603","street":"Baltimore Avenue","city":"Laurel","postcode":"20707"}},{"type":"Feature","geometry":{"type":"Point","coordinates":[-76.86867,39.07501]},"properties":{"id":"way/234368872","name":"Sakura Japanese Steak, Seafood & Sushi Bar","group":"food","category":"amenity=restaurant","cuisine":"japanese","website":"https://sakurasteakhouse.com/","housenumber":"13487","street":"Baltimore Avenue","postcode":"20707"}},{"type":"Feature","geometry":{"type":"Point","coordinates":[-76.86288,39.0828]},"properties":{"id":"way/234407911","name":"Auto Lube","group":"services","category":"shop=car_repair","housenumber":"8301","street":"Spruce Hill Drive","city":"Laurel","postcode":"20707"}},{"type":"Feature","geometry":{"type":"Point","coordinates":[-76.8623,39.08356]},"properties":{"id":"way/234407990","name":"IAD Auto","group":"shopping","category":"shop=car","website":"https://www.iadauto.com/","housenumber":"14107","street":"Baltimore Avenue","city":"Laurel","postcode":"20707"}},{"type":"Feature","geometry":{"type":"Point","coordinates":[-76.85954,39.08802]},"properties":{"id":"way/234492477","name":"Nuzbacks","group":"food","category":"amenity=bar","website":"www.nuzbacksbar.com","housenumber":"14405","street":"Baltimore Avenue","city":"Laurel","postcode":"20707"}},{"type":"Feature","geometry":{"type":"Point","coordinates":[-76.85901,39.08871]},"properties":{"id":"way/234492481","name":"Heyser Cycle","group":"shopping","category":"shop=motorcycle","website":"https://www.heysercycle.com/","housenumber":"14445","street":"Baltimore Avenue","city":"Laurel","postcode":"20707"}},{"type":"Feature","geometry":{"type":"Point","coordinates":[-76.85867,39.08934]},"properties":{"id":"way/234496604","name":"Mattress Discounters","group":"shopping","category":"shop=bed","housenumber":"14501","street":"Baltimore Avenue","postcode":"20707"}},{"type":"Feature","geometry":{"type":"Point","coordinates":[-76.85475,39.09332]},"properties":{"id":"way/234497098","name":"Laurel Bicycle Center","group":"shopping","category":"shop=bicycle","website":"www.bicyclefun.com","housenumber":"14805","street":"Baltimore Avenue","postcode":"20707"}},{"type":"Feature","geometry":{"type":"Point","coordinates":[-76.85393,39.09399]},"properties":{"id":"way/234498518","name":"Wilson Tire and Auto Service","group":"services","category":"shop=car_repair","website":"https://www.wilsontireandservice.com/","housenumber":"14813","street":"Baltimore Avenue","postcode":"20707"}},{"type":"Feature","geometry":{"type":"Point","coordinates":[-76.84109,39.09466]},"properties":{"id":"way/234506040","name":"Irene's El Cacharrito","group":"food","category":"amenity=restaurant","housenumber":"202","street":"Fort Meade Road","city":"Laurel","postcode":"20707"}},{"type":"Feature","geometry":{"type":"Point","coordinates":[-76.8475,39.09628]},"properties":{"id":"way/234539106","name":"Red White & Blue","group":"shopping","category":"shop=second_hand","hours":"Mo-Sa 09:00-21:00; Su 11:00-18:00","housenumber":"123","street":"Bowie Road","postcode":"20707"}},{"type":"Feature","geometry":{"type":"Point","coordinates":[-76.84893,39.0965]},"properties":{"id":"way/234539496","name":"Variedades El Toro","group":"food","category":"amenity=restaurant","housenumber":"131","street":"Bowie Road","postcode":"20707"}},{"type":"Feature","geometry":{"type":"Point","coordinates":[-76.85124,39.09563]},"properties":{"id":"way/234541379","name":"Laurel Station Bar & Grill","group":"food","category":"amenity=bar","website":"laurelstationbar.com","housenumber":"14933","street":"Baltimore Avenue","postcode":"20707"}},{"type":"Feature","geometry":{"type":"Point","coordinates":[-76.89768,39.09796]},"properties":{"id":"way/235074250","name":"La Curva Tex-Mex Bar & Grill","group":"food","category":"amenity=restaurant","cuisine":"grill;mexican;peruvian","hours":"Su-Th 11:00-23:00; Fr-Sa 11:00-00:00","phone":"+1-240-786-5356","website":"https://lacurvagrill.com","housenumber":"15107","street":"Sweitzer Lane"}},{"type":"Feature","geometry":{"type":"Point","coordinates":[-76.86039,39.09014]},"properties":{"id":"way/235170138","name":"Chido's Tex-Mex Grill","group":"food","category":"amenity=restaurant","cuisine":"mexican","hours":"Mo-We 11:00-22:00; Th 11:00-23:00; Fr 11:00-00:00; Sa 10:30-00:00; Su 10:30-22:00","phone":"+1-240-280-7867","website":"http://chidostexmex.com","housenumber":"14600","street":"Laurel Place","postcode":"20707"}},{"type":"Feature","geometry":{"type":"Point","coordinates":[-76.8595,39.08959]},"properties":{"id":"way/235170159","name":"Double T Diner","group":"food","category":"amenity=restaurant","cuisine":"diner;american","phone":"+1-240-280-8688","website":"https://www.doubletdiner.com/","housenumber":"14550","street":"Baltimore Avenue","city":"Laurel","postcode":"20707"}},{"type":"Feature","geometry":{"type":"Point","coordinates":[-76.99079,38.72613]},"properties":{"id":"way/241987005","name":"M.A.S.H. Eatery","group":"food","category":"amenity=fast_food","housenumber":"11911","street":"Livingston Road","city":"Fort Washington","postcode":"20744"}},{"type":"Feature","geometry":{"type":"Point","coordinates":[-76.88977,38.81983]},"properties":{"id":"way/244598724","name":"Fast Eddie's","group":"food","category":"amenity=pub","housenumber":"4801","street":"Allentown Road","city":"Camp Springs","postcode":"20746"}},{"type":"Feature","geometry":{"type":"Point","coordinates":[-76.90528,38.9422]},"properties":{"id":"way/246251810","name":"Grand Mart International Food","group":"groceries","category":"shop=supermarket","hours":"08:00-20:00","phone":"+13013643180","housenumber":"4600","street":"Cooper Lane","city":"Landover Hills","postcode":"20784"}},{"type":"Feature","geometry":{"type":"Point","coordinates":[-76.87196,39.10359]},"properties":{"id":"way/252225744","name":"24/7 Convenience Store","group":"groceries","category":"shop=convenience","housenumber":"7707","street":"Old Sandy Spring Road","postcode":"20707"}},{"type":"Feature","geometry":{"type":"Point","coordinates":[-76.84429,39.10236]},"properties":{"id":"way/252570650","name":"All Tune and Lube","group":"services","category":"shop=car_repair","housenumber":"127","street":"2nd Street","postcode":"20707"}},{"type":"Feature","geometry":{"type":"Point","coordinates":[-76.84273,39.10452]},"properties":{"id":"way/252736077","name":"Tampico Grill","group":"food","category":"amenity=restaurant","housenumber":"42","street":"Washington Boulevard","city":"Laurel","postcode":"20707"}},{"type":"Feature","geometry":{"type":"Point","coordinates":[-76.84496,39.10237]},"properties":{"id":"way/252762242","name":"Laurel Motor Sales","group":"shopping","category":"shop=car"}},{"type":"Feature","geometry":{"type":"Point","coordinates":[-76.8439,39.10316]},"properties":{"id":"way/252762245","name":"Tastee Diner","group":"food","category":"amenity=restaurant","housenumber":"118","street":"Washington Boulevard","city":"Laurel","postcode":"20707"}},{"type":"Feature","geometry":{"type":"Point","coordinates":[-76.84516,39.10203]},"properties":{"id":"way/252763261","name":"Camelot Liquor","group":"groceries","category":"shop=alcohol","housenumber":"300","street":"Washington Boulevard","city":"Laurel","postcode":"20707"}},{"type":"Feature","geometry":{"type":"Point","coordinates":[-76.85851,39.10195]},"properties":{"id":"way/252773176","name":"Food Mart","group":"groceries","category":"shop=convenience","housenumber":"825","street":"Gorman Avenue","city":"Laurel","postcode":"20707"}},{"type":"Feature","geometry":{"type":"Point","coordinates":[-76.88922,39.05884]},"properties":{"id":"way/258654361","name":"Grindada Mexican Restaurant","group":"food","category":"amenity=restaurant","cuisine":"mexican","housenumber":"12300","street":"Baltimore Avenue","postcode":"20705"}},{"type":"Feature","geometry":{"type":"Point","coordinates":[-76.83909,39.06503]},"properties":{"id":"way/264669455","name":"Sunoco Food Mart","group":"groceries","category":"shop=convenience","housenumber":"12705"}},{"type":"Feature","geometry":{"type":"Point","coordinates":[-76.8986,38.78079]},"properties":{"id":"way/289669628","name":"Mama Stella's Ristorante Italiano","group":"food","category":"amenity=restaurant","cuisine":"italian","phone":"+13018683057","housenumber":"7918","street":"Old Branch Avenue","city":"Clinton","postcode":"20735"}},{"type":"Feature","geometry":{"type":"Point","coordinates":[-76.93113,39.00337]},"properties":{"id":"way/302355095","name":"China Buffet","group":"food","category":"amenity=restaurant","housenumber":"9098","street":"Baltimore Avenue","postcode":"20740"}},{"type":"Feature","geometry":{"type":"Point","coordinates":[-76.93101,39.00391]},"properties":{"id":"way/302355096","name":"Lains Auto Services","group":"services","category":"shop=car_repair","website":"https://www.lainsauto.com/","housenumber":"9104","street":"Baltimore Avenue","city":"College Park","postcode":"20740"}},{"type":"Feature","geometry":{"type":"Point","coordinates":[-76.93024,39.00626]},"properties":{"id":"way/302355187","name":"College Park Diner","group":"food","category":"amenity=restaurant","housenumber":"9206","street":"Baltimore Avenue","city":"College Park","postcode":"20740"}},{"type":"Feature","geometry":{"type":"Point","coordinates":[-76.93024,39.00723]},"properties":{"id":"way/302355407","name":"Mattress Land","group":"shopping","category":"shop=bed","housenumber":"9300","street":"Baltimore Avenue","city":"College Park","postcode":"20740"}},{"type":"Feature","geometry":{"type":"Point","coordinates":[-76.93125,38.99733]},"properties":{"id":"way/302529081","name":"College Park Market","group":"groceries","category":"shop=convenience","housenumber":"8721","street":"Baltimore Avenue"}},{"type":"Feature","geometry":{"type":"Point","coordinates":[-76.93111,38.99772]},"properties":{"id":"way/302529086","name":"Universal Barber Shop","group":"personal_care","category":"shop=hairdresser","housenumber":"8801","street":"Baltimore Avenue","postcode":"20740"}},{"type":"Feature","geometry":{"type":"Point","coordinates":[-76.92724,39.01492]},"properties":{"id":"way/302566923","name":"Comfort Zone","group":"shopping","category":"shop=erotic","website":"http://comfortzonemd.com/","housenumber":"9721","street":"Baltimore Avenue","postcode":"20740"}},{"type":"Feature","geometry":{"type":"Point","coordinates":[-76.84321,39.10468]},"properties":{"id":"way/344361594","name":"Fred Frederick Chrysler Dodge Jeep Ram Laurel","group":"shopping","category":"shop=car","phone":"+1-888-814-8541","website":"https://www.fredfrederickchryslerlaurel.com/","housenumber":"39","street":"Washington Boulevard","city":"Laurel","postcode":"20707"}},{"type":"Feature","geometry":{"type":"Point","coordinates":[-76.89178,38.81813]},"properties":{"id":"way/409854374","name":"Cafe Allentown","group":"food","category":"amenity=restaurant","cuisine":"american","housenumber":"4921","street":"Allentown Road","city":"Suitland","postcode":"20746"}},{"type":"Feature","geometry":{"type":"Point","coordinates":[-76.90615,38.89742]},"properties":{"id":"way/429981069","name":"Far East Carry-Out","group":"food","category":"amenity=restaurant","cuisine":"chinese","housenumber":"5920","street":"Martin Luther King Jr. Highway","city":"Capitol Heights","postcode":"20743"}},{"type":"Feature","geometry":{"type":"Point","coordinates":[-76.89182,38.82504]},"properties":{"id":"way/430805668","name":"Orleans","group":"food","category":"amenity=restaurant","cuisine":"american","housenumber":"6703","street":"Suitland Road","city":"Morningside","postcode":"20746"}},{"type":"Feature","geometry":{"type":"Point","coordinates":[-76.94622,39.0842]},"properties":{"id":"way/441364550","name":"Global Food","group":"groceries","category":"shop=supermarket","hours":"Mo-Su 09:00-21:00","phone":"+1-301-847-9884","website":"https://www.iglobalfood.com/","housenumber":"13814","street":"Outlet Drive","city":"Silver Spring","postcode":"20904"}},{"type":"Feature","geometry":{"type":"Point","coordinates":[-76.85876,39.09238]},"properties":{"id":"way/530922783","name":"Laurel Beer Wine & Spirits","group":"groceries","category":"shop=alcohol","phone":"+1-301-604-1564","housenumber":"8501","street":"Cherry Lane","city":"Laurel","postcode":"20707"}},{"type":"Feature","geometry":{"type":"Point","coordinates":[-76.84745,39.10593]},"properties":{"id":"way/549570887","name":"Ragamuffins Coffee House","group":"food","category":"amenity=cafe","cuisine":"coffee_shop","hours":"Tu-Th 07:00-17:00; Fr 07:00-18:00; Sa 08:00-18:00; Su,Mo off","website":"https://www.ragamuffinslaurel.com","housenumber":"385","street":"Main Street","city":"Laurel","postcode":"20707"}},{"type":"Feature","geometry":{"type":"Point","coordinates":[-76.85054,39.10691]},"properties":{"id":"way/549570923","name":"GiGi's Ice Cream Shop","group":"food","category":"amenity=ice_cream","website":"https://www.gigisicecreamlaurel.com/","housenumber":"502","street":"Main Street","city":"Laurel","postcode":"20707"}},{"type":"Feature","geometry":{"type":"Point","coordinates":[-76.85274,39.09599]},"properties":{"id":"way/549578955","name":"Wenny's","group":"food","category":"amenity=restaurant","cuisine":"chinese","phone":"+1-301-362-8806","website":"https://www.wennystogo.com/","housenumber":"943","street":"Washington Boulevard","city":"Laurel","postcode":"20707"}},{"type":"Feature","geometry":{"type":"Point","coordinates":[-76.85633,39.1017]},"properties":{"id":"way/549581355","name":"Super Suds","group":"services","category":"shop=laundry","housenumber":"701","street":"Gorman Avenue","city":"Laurel","postcode":"20707"}},{"type":"Feature","geometry":{"type":"Point","coordinates":[-76.85579,39.09761]},"properties":{"id":"way/549800891","name":"Big Top Cleaners","group":"services","category":"shop=dry_cleaning","housenumber":"395","street":"Montrose Avenue","city":"Laurel","postcode":"20707"}},{"type":"Feature","geometry":{"type":"Point","coordinates":[-76.855,39.09807]},"properties":{"id":"way/549800892","name":"Indus Foods","group":"groceries","category":"shop=greengrocer","hours":"Mo-Fr 09:00-17:00; Sa-Su off","phone":"+1-240-280-2340","website":"https://indus-food.com/","housenumber":"900","street":"4th Street","city":"Laurel","postcode":"20707"}},{"type":"Feature","geometry":{"type":"Point","coordinates":[-76.84913,39.1004]},"properties":{"id":"way/552629794","name":"Donaldson Funeral Homes","group":"services","category":"shop=funeral_directors","phone":"+1-301-725-1690","website":"https://www.donaldsonlaurel.com/","housenumber":"313","street":"Talbott Avenue","city":"Laurel","postcode":"20707"}},{"type":"Feature","geometry":{"type":"Point","coordinates":[-76.90642,39.04125]},"properties":{"id":"way/576580468","name":"Da Rae Won","group":"food","category":"amenity=restaurant","cuisine":"korean","hours":"Tu-Sa 11:00-21:00","phone":"+1-301-931-7878","website":"https://daraewon.com","housenumber":"5013","street":"Garrett Avenue","city":"Beltsville","postcode":"20705"}},{"type":"Feature","geometry":{"type":"Point","coordinates":[-76.97557,38.73285]},"properties":{"id":"way/595609535","name":"Friendly Market","group":"groceries","category":"shop=convenience","housenumber":"11500","street":"Old Fort Road","city":"Fort Washington","postcode":"20744"}},{"type":"Feature","geometry":{"type":"Point","coordinates":[-76.90905,39.1032]},"properties":{"id":"way/602760261","name":"Tubby's Diner & Liquors","group":"food","category":"amenity=restaurant","phone":"+1-301-490-2828","housenumber":"5701","street":"Sandy Spring Road"}},{"type":"Feature","geometry":{"type":"Point","coordinates":[-76.92705,38.99519]},"properties":{"id":"way/612767800","name":"Smile Herb Shop","group":"personal_care","category":"shop=herbalist","phone":"+1-301-474-8791","website":"https://www.smileherb.com","housenumber":"4908","street":"Berwyn Road","city":"College Park","postcode":"20740"}},{"type":"Feature","geometry":{"type":"Point","coordinates":[-76.82388,38.98923]},"properties":{"id":"way/613033736","name":"Eastgate Liquors","group":"groceries","category":"shop=alcohol","housenumber":"10505","street":"Greenbelt Road","city":"Lanham","postcode":"20706"}},{"type":"Feature","geometry":{"type":"Point","coordinates":[-76.90268,39.03775]},"properties":{"id":"way/613872092","name":"Kwik Stop & Deli","group":"groceries","category":"shop=convenience","housenumber":"11251","street":"Old Baltimore Pike","city":"Beltsville","postcode":"20705"}},{"type":"Feature","geometry":{"type":"Point","coordinates":[-76.88413,38.95187]},"properties":{"id":"way/614882988","name":"Brite N Clean Laundromat","group":"services","category":"shop=laundry","housenumber":"7575","street":"Annapolis Road","city":"Hyattsville","postcode":"20784"}},{"type":"Feature","geometry":{"type":"Point","coordinates":[-76.88103,38.95187]},"properties":{"id":"way/614897093","name":"Pancake House","group":"food","category":"amenity=restaurant","cuisine":"breakfast","housenumber":"7701","street":"Garrison Road","city":"Hyattsville","postcode":"20784"}},{"type":"Feature","geometry":{"type":"Point","coordinates":[-76.87598,38.95447]},"properties":{"id":"way/614897899","name":"450 Drive In Liquors","group":"groceries","category":"shop=alcohol","housenumber":"7904","street":"Annapolis Road","city":"Lanham","postcode":"20706"}},{"type":"Feature","geometry":{"type":"Point","coordinates":[-76.83561,38.92894]},"properties":{"id":"way/615592053","name":"Zion Home Remodeling","group":"services","category":"craft=builder","hours":"Mo-Sa 07:00-19:00","phone":"+1-240-510-1788","website":"https://zionhomeremodeling.com","housenumber":"2827","street":"Citrus Lane","city":"Upper Marlboro","postcode":"20774"}},{"type":"Feature","geometry":{"type":"Point","coordinates":[-76.89614,38.76609]},"properties":{"id":"way/615941365","name":"The Broiler","group":"food","category":"amenity=fast_food","cuisine":"sandwich;pizza","hours":"Su-Th 10:00-22:00; Fr-Sa 10:00-23:00","phone":"+1 240-247-2646","website":"https://www.thebroilerdmv.com/","housenumber":"9021","street":"Woodyard Road","city":"Clinton","postcode":"20735"}},{"type":"Feature","geometry":{"type":"Point","coordinates":[-76.93316,39.11193]},"properties":{"id":"way/618798670","name":"The Greene Turtle","group":"food","category":"amenity=restaurant","housenumber":"15660","street":"Old Columbia Pike","city":"Burtonsville","postcode":"20866"}},{"type":"Feature","geometry":{"type":"Point","coordinates":[-76.87299,38.95829]},"properties":{"id":"way/637280078","name":"K&G Fasion Superstore","group":"shopping","category":"shop=clothes","phone":"+1-301-577-3535","housenumber":"7786","street":"Riverdale Road","city":"New Carrollton","postcode":"20784"}},{"type":"Feature","geometry":{"type":"Point","coordinates":[-76.85068,38.86202]},"properties":{"id":"way/706077728","name":"Regency Furniture","group":"shopping","category":"shop=furniture","hours":"Mo-Sa 10:00-21:00; Su 11:00-19:00","phone":"+1 301-782-3800","website":"https://www.regencyfurniture.com","housenumber":"1859","street":"Ritchie Station Court","city":"Capitol Heights","postcode":"20743"}},{"type":"Feature","geometry":{"type":"Point","coordinates":[-76.90014,38.7793]},"properties":{"id":"way/713811079","name":"Ford Masters Auto Repair","group":"services","category":"shop=car_repair","hours":"Mo-Fr 08:00-18:00","phone":"+1-240-244-2943","website":"http://fordmastersrepair.com","housenumber":"7925","street":"Old Branch Avenue","city":"Clinton","postcode":"20735"}},{"type":"Feature","geometry":{"type":"Point","coordinates":[-77.01718,38.78461]},"properties":{"id":"way/1356312268","name":"Redstone American Grill","group":"food","category":"amenity=restaurant","cuisine":"american","housenumber":"155","street":"National Plaza","city":"Oxon Hill","postcode":"20745"}},{"type":"Feature","geometry":{"type":"Point","coordinates":[-77.01706,38.78316]},"properties":{"id":"way/1356312285","name":"Grace's Mandarin","group":"food","category":"amenity=restaurant","cuisine":"chinese","housenumber":"188","street":"Waterfront Street","city":"Oxon Hill","postcode":"20745"}},{"type":"Feature","geometry":{"type":"Point","coordinates":[-76.90474,38.89727]},"properties":{"id":"relation/18194762","name":"My Beauty","group":"personal_care","category":"shop=beauty","housenumber":"5931","street":"Martin Luther King Jr. Highway","city":"Capitol Heights","postcode":"20743"}},{"type":"Feature","geometry":{"type":"Point","coordinates":[-76.90492,38.89731]},"properties":{"id":"relation/18194763","name":"China Chef's Carry Out","group":"food","category":"amenity=restaurant","cuisine":"chinese","phone":"+1 301 333 1182;+1 301 925 8858","housenumber":"5925","street":"Martin Luther King Jr. Highway","city":"Capitol Heights","postcode":"20743"}}]}