{"type":"FeatureCollection","features":[{"type":"Feature","geometry":{"type":"Point","coordinates":[-77.18268,39.1269]},"properties":{"id":"node/1111986430","name":"International Jewelers","group":"shopping","category":"shop=jewelry","housenumber":"16510"}},{"type":"Feature","geometry":{"type":"Point","coordinates":[-77.18256,39.127]},"properties":{"id":"node/1111987699","name":"Baldino's Lock & Key","group":"shopping","category":"shop=hardware","housenumber":"16514"}},{"type":"Feature","geometry":{"type":"Point","coordinates":[-77.22352,39.1416]},"properties":{"id":"node/1144402551","name":"Ann's Barber & Stylist","group":"personal_care","category":"shop=hairdresser","hours":"Mo-Fr 09:00-19:00, Sa 08:00-17:00, Su 10:00-15:00","phone":"+1-301-869-9676","housenumber":"642","street":"Quince Orchard Road","city":"Gaithersburg","postcode":"20878"}},{"type":"Feature","geometry":{"type":"Point","coordinates":[-77.22383,39.14176]},"properties":{"id":"node/1144405785","name":"Quincy's Bar & Grille","group":"food","category":"amenity=pub"}},{"type":"Feature","geometry":{"type":"Point","coordinates":[-77.18382,39.128]},"properties":{"id":"node/1144433858","name":"L&L Music Wind Shop","group":"shopping","category":"shop=musical_instrument"}},{"type":"Feature","geometry":{"type":"Point","coordinates":[-77.18324,39.12749]},"properties":{"id":"node/1144439333","name":"Liquor Wine","group":"groceries","category":"shop=alcohol","housenumber":"16535","street":"South Frederick Avenue"}},{"type":"Feature","geometry":{"type":"Point","coordinates":[-77.18319,39.12745]},"properties":{"id":"node/1144440793","name":"Thai Jasmine Bistro","group":"food","category":"amenity=restaurant","housenumber":"16533","street":"South Frederick Avenue"}},{"type":"Feature","geometry":{"type":"Point","coordinates":[-77.18309,39.12739]},"properties":{"id":"node/1144443268","name":"Hair Studio","group":"personal_care","category":"shop=hairdresser","housenumber":"16529","street":"South Frederick Avenue"}},{"type":"Feature","geometry":{"type":"Point","coordinates":[-77.18303,39.12735]},"properties":{"id":"node/1144444232","name":"Aquarium","group":"shopping","category":"shop=pet","street":"South Frederick Avenue"}},{"type":"Feature","geometry":{"type":"Point","coordinates":[-77.18281,39.12713]},"properties":{"id":"node/1144446638","name":"Hong Kong Pearl Seafood Restaurant","group":"food","category":"amenity=restaurant","cuisine":"chinese;seafood"}},{"type":"Feature","geometry":{"type":"Point","coordinates":[-77.18551,39.12891]},"properties":{"id":"node/1144470233","name":"Burma Road Restaurant","group":"food","category":"amenity=restaurant"}},{"type":"Feature","geometry":{"type":"Point","coordinates":[-77.18567,39.12904]},"properties":{"id":"node/1144470998","name":"Pollolandia","group":"food","category":"amenity=fast_food","cuisine":"peruvian"}},{"type":"Feature","geometry":{"type":"Point","coordinates":[-77.18576,39.12914]},"properties":{"id":"node/1144472630","name":"Dollar Plus","group":"groceries","category":"shop=variety_store"}},{"type":"Feature","geometry":{"type":"Point","coordinates":[-77.18583,39.12919]},"properties":{"id":"node/1144473944","name":"Town Beauty Supply","group":"personal_care","category":"shop=beauty"}},{"type":"Feature","geometry":{"type":"Point","coordinates":[-77.18593,39.12932]},"properties":{"id":"node/1144477741","name":"Caravan Deli","group":"food","category":"amenity=fast_food"}},{"type":"Feature","geometry":{"type":"Point","coordinates":[-77.23518,39.12219]},"properties":{"id":"node/2144925122","name":"Java Nation","group":"food","category":"amenity=cafe","cuisine":"coffee_shop","housenumber":"121","street":"Market Street","city":"Gaithersburg","postcode":"20878"}},{"type":"Feature","geometry":{"type":"Point","coordinates":[-77.23469,39.12271]},"properties":{"id":"node/2176651324","name":"Tandoori Nights","group":"food","category":"amenity=restaurant","cuisine":"indian","website":"https://www.tandoorinightsmd.com/","housenumber":"106","street":"Market Street","postcode":"20878"}},{"type":"Feature","geometry":{"type":"Point","coordinates":[-77.21722,39.11405]},"properties":{"id":"node/2624993187","name":"Royal Tandoor Indian Cuisine","group":"food","category":"amenity=restaurant","cuisine":"indian","housenumber":"820","street":"Muddy Branch Road"}},{"type":"Feature","geometry":{"type":"Point","coordinates":[-77.23522,39.12275]},"properties":{"id":"node/2625001247","name":"Moby Dick's House of Kabob","group":"food","category":"amenity=restaurant","phone":"+1 301-916-1555"}},{"type":"Feature","geometry":{"type":"Point","coordinates":[-77.23488,39.12116]},"properties":{"id":"node/2625002251","name":"Crepes A-Go-Go","group":"food","category":"amenity=restaurant","cuisine":"crepe","hours":"Mo-Su 09:00-21:00; PH 09:00-16:00","website":"https://crepes-a-gogo.com/","housenumber":"514","street":"Main Street"}},{"type":"Feature","geometry":{"type":"Point","coordinates":[-77.23976,39.12408]},"properties":{"id":"node/2625003515","name":"Giuseppi's Pizza Plus","group":"food","category":"amenity=restaurant","cuisine":"pizza"}},{"type":"Feature","geometry":{"type":"Point","coordinates":[-77.18745,39.14173]},"properties":{"id":"node/2661370789","name":"Executive Automotive Service","group":"services","category":"shop=car_repair","phone":"+1-240-246-1818","website":"https://executiveautomotiveservice.net/","housenumber":"429","street":"East Diamond Avenue","city":"Gaithersburg","postcode":"20877"}},{"type":"Feature","geometry":{"type":"Point","coordinates":[-77.20593,39.12792]},"properties":{"id":"node/3052597863","name":"Hearty's Sichuan Cuisine","group":"food","category":"amenity=restaurant","cuisine":"chinese","housenumber":"227","street":"Muddy Branch Road"}},{"type":"Feature","geometry":{"type":"Point","coordinates":[-77.20647,39.12764]},"properties":{"id":"node/3052597864","name":"Il Porto","group":"food","category":"amenity=restaurant","cuisine":"italian","housenumber":"245","street":"Muddy Branch Road"}},{"type":"Feature","geometry":{"type":"Point","coordinates":[-77.20482,39.1284]},"properties":{"id":"node/3052597865","name":"Matthew's Grill","group":"food","category":"amenity=restaurant","cuisine":"filipino","housenumber":"213","street":"Muddy Branch Road"}},{"type":"Feature","geometry":{"type":"Point","coordinates":[-77.20885,39.1275]},"properties":{"id":"node/3052614074","name":"La Fonda Paisa","group":"food","category":"amenity=restaurant","cuisine":"brazilian;international;mexican;peruvian","phone":"+1 240-261-4325","housenumber":"323","street":"Muddy Branch Road","postcode":"20878"}},{"type":"Feature","geometry":{"type":"Point","coordinates":[-77.23363,39.12145]},"properties":{"id":"node/3523770796","name":"Pacifica Cafe","group":"food","category":"amenity=restaurant","cuisine":"chinese","website":"http://www.pacificacafegaithersburg.com/"}},{"type":"Feature","geometry":{"type":"Point","coordinates":[-77.23493,39.12167]},"properties":{"id":"node/3524156385","name":"Thai Tanium","group":"food","category":"amenity=restaurant","cuisine":"thai","website":"https://www.thaitaniumrestaurant.com/"}},{"type":"Feature","geometry":{"type":"Point","coordinates":[-77.23549,39.1221]},"properties":{"id":"node/3524525163","name":"Colonial Opticians","group":"personal_care","category":"shop=optician","website":"https://colonialopticians.com/"}},{"type":"Feature","geometry":{"type":"Point","coordinates":[-77.23559,39.12211]},"properties":{"id":"node/3524525165","name":"Bearded Goat Barber","group":"personal_care","category":"shop=hairdresser","housenumber":"720","street":"Center Point Way","city":"Gaithersburg","postcode":"20878"}},{"type":"Feature","geometry":{"type":"Point","coordinates":[-77.23515,39.12247]},"properties":{"id":"node/3524608988","name":"Bath & Floor Stiles","group":"shopping","category":"shop=interior_decoration","website":"http://www.floorstiles.com/"}},{"type":"Feature","geometry":{"type":"Point","coordinates":[-77.23514,39.12253]},"properties":{"id":"node/3524608989","name":"Daviko Gems","group":"shopping","category":"shop=jewelry","website":"https://kentlandsjewelers.com/"}},{"type":"Feature","geometry":{"type":"Point","coordinates":[-77.23512,39.12264]},"properties":{"id":"node/3524608992","name":"Poke Bros","group":"food","category":"amenity=restaurant","cuisine":"poke;hawaiian","website":"https://www.nextdayblinds.com/"}},{"type":"Feature","geometry":{"type":"Point","coordinates":[-77.23534,39.12119]},"properties":{"id":"node/3524627402","name":"Clover Boutique","group":"shopping","category":"shop=clothes","website":"http://www.shopclover.com/","housenumber":"502","street":"Main Street"}},{"type":"Feature","geometry":{"type":"Point","coordinates":[-77.23484,39.12224]},"properties":{"id":"node/3524691315","name":"Goodarzi Hair Studio","group":"personal_care","category":"shop=hairdresser","website":"http://goodarzihairstudio.com/"}},{"type":"Feature","geometry":{"type":"Point","coordinates":[-77.23482,39.12246]},"properties":{"id":"node/3524691319","name":"Vine Alley","group":"groceries","category":"shop=wine","housenumber":"114","street":"Market Street","city":"Gaithersburg","postcode":"20878"}},{"type":"Feature","geometry":{"type":"Point","coordinates":[-77.23535,39.12209]},"properties":{"id":"node/3524691320","name":"Kenaki Sushi Counter","group":"food","category":"amenity=restaurant","cuisine":"sushi"}},{"type":"Feature","geometry":{"type":"Point","coordinates":[-77.23438,39.12416]},"properties":{"id":"node/3594315477","name":"Caspian House of Kabob","group":"food","category":"amenity=restaurant","cuisine":"kebab","website":"https://www.caspiankentlands.com/","housenumber":"72","street":"Market Street","city":"Gaithersburg","postcode":"20878"}},{"type":"Feature","geometry":{"type":"Point","coordinates":[-77.23446,39.12411]},"properties":{"id":"node/3594315478","name":"Hot Breads","group":"food","category":"shop=bakery","website":"https://hotbreadsmddc.com/"}},{"type":"Feature","geometry":{"type":"Point","coordinates":[-77.23791,39.12573]},"properties":{"id":"node/3595273748","name":"Grape Escape","group":"groceries","category":"shop=wine","housenumber":"223","street":"Kentlands Boulevard","city":"Gaithersburg","postcode":"20878"}},{"type":"Feature","geometry":{"type":"Point","coordinates":[-77.25101,39.11841]},"properties":{"id":"node/3686164070","name":"Szechuan Palace","group":"food","category":"amenity=restaurant","cuisine":"chinese","hours":"Mo-Th 11:00-17:30;Fr-Sa 11:00-22:00;Su 12:00-17:30","website":"http://www.SzechuanPalace2.com","housenumber":"12137","street":"Darnestown Road","city":"Gaithersburg","postcode":"20878"}},{"type":"Feature","geometry":{"type":"Point","coordinates":[-77.25057,39.1177]},"properties":{"id":"node/4820839374","name":"Potomac Care Pharmacy","group":"groceries","category":"amenity=pharmacy","housenumber":"12103","street":"Darnestown Road","city":"Gaithersburg","postcode":"20878"}},{"type":"Feature","geometry":{"type":"Point","coordinates":[-77.23521,39.12178]},"properties":{"id":"node/5436647521","name":"Vasili's Kitchen","group":"food","category":"amenity=restaurant","cuisine":"mediterranean","hours":"Mo-Th, Su 11:00-15:00, 16:00-22:00; Fr-Sa 11:00-15:00, 16:00-23:00","phone":"+1-301-977-1011","website":"https://www.vasiliskitchen.com/","housenumber":"705","street":"Center Point Way","city":"Gaithersburg","postcode":"20878"}},{"type":"Feature","geometry":{"type":"Point","coordinates":[-77.2384,39.12195]},"properties":{"id":"node/5694397996","name":"Euphoria Kitchen","group":"food","category":"amenity=restaurant","cuisine":"vietnamese","hours":"Tu-Sa 11:00-21:30, Su 11:00-20:00","phone":"+1-301-926-9388","website":"https://www.euphoriakitchenmd.com/","housenumber":"304","street":"Main Street","city":"Gaithersburg","postcode":"20878"}},{"type":"Feature","geometry":{"type":"Point","coordinates":[-77.18868,39.14224]},"properties":{"id":"node/6165185049","name":"Proclean Air Duct & Carpet Cleaning","group":"services","category":"craft=cleaning","hours":"Mo-Fr 09:00-18:00","phone":"+1 301-447-0447","website":"https://www.procleanairductcleaning.com","housenumber":"416","street":"East Diamond Avenue","city":"Gaithersburg","postcode":"20877"}},{"type":"Feature","geometry":{"type":"Point","coordinates":[-77.18449,39.13941]},"properties":{"id":"node/6406635573","name":"Myers and Laws Tree Service, Inc.","group":"services","category":"craft=gardener","phone":"+1-301-942-7597","website":"https://www.myersandlawstreeservice.com/","housenumber":"220","street":"Rolling Rd","city":"Gaithersburg","postcode":"20877"}},{"type":"Feature","geometry":{"type":"Point","coordinates":[-77.21999,39.14304]},"properties":{"id":"node/6855260568","name":"Woodlands","group":"food","category":"amenity=restaurant","cuisine":"indian","housenumber":"555","street":"Quince Orchard Road","city":"Gaithersburg","postcode":"20878"}},{"type":"Feature","geometry":{"type":"Point","coordinates":[-77.21888,39.14334]},"properties":{"id":"node/6855296589","name":"Hibachi Sushi Supreme Buffet","group":"food","category":"amenity=restaurant","cuisine":"chinese","hours":"Su-Th 11:00-22:00, Fr-Sa 11:00-22:30","phone":"+1-301-208-7305","website":"https://hibachisushisupremebuffet.com/","housenumber":"8","street":"Bureau Drive","city":"Gaithersburg","postcode":"20878"}},{"type":"Feature","geometry":{"type":"Point","coordinates":[-77.22361,39.14131]},"properties":{"id":"node/6855324177","name":"Hollywood Nail Spa","group":"personal_care","category":"shop=beauty","phone":"+1-301-527-1801","housenumber":"654","street":"Quince Orchard Road","city":"Gaithersburg","postcode":"20878"}},{"type":"Feature","geometry":{"type":"Point","coordinates":[-77.25245,39.11683]},"properties":{"id":"node/6907302262","name":"Cafe Roma","group":"food","category":"amenity=restaurant","cuisine":"italian","housenumber":"12166","street":"Darnestown Road","city":"Gaithersburg","postcode":"20878"}},{"type":"Feature","geometry":{"type":"Point","coordinates":[-77.25164,39.11796]},"properties":{"id":"node/6907311585","name":"Salon T","group":"personal_care","category":"shop=hairdresser"}},{"type":"Feature","geometry":{"type":"Point","coordinates":[-77.185,39.11872]},"properties":{"id":"node/6910356200","name":"Wonder Book","group":"shopping","category":"shop=books","hours":"Mo-Su 10:00-19:00","phone":"+1-301-977-9166","housenumber":"15976","street":"Shady Grove Road","city":"Gaithersburg","postcode":"20877"}},{"type":"Feature","geometry":{"type":"Point","coordinates":[-77.21644,39.14341]},"properties":{"id":"node/7181918715","name":"O2 Mold Testing","group":"services","category":"craft=cleaning","hours":"Mo-Fr 08:00-20:00","phone":"+1-301-349-3433","website":"https://www.o2moldtesting.com/gaithersburg-md/","housenumber":"814","street":"West Diamond Avenue","city":"Gaithersburg","postcode":"20878"}},{"type":"Feature","geometry":{"type":"Point","coordinates":[-77.18604,39.117]},"properties":{"id":"node/9253740762","name":"Allure Nail Spa","group":"personal_care","category":"shop=beauty","housenumber":"15776","street":"Shady Grove Road"}},{"type":"Feature","geometry":{"type":"Point","coordinates":[-77.19596,39.14054]},"properties":{"id":"node/10038349317","name":"Saints Row Brewing","group":"food","category":"craft=brewery","website":"https://www.saintsrowbeer.com"}},{"type":"Feature","geometry":{"type":"Point","coordinates":[-77.20704,39.12747]},"properties":{"id":"node/10226728903","name":"Muddy Branch Cleaners","group":"services","category":"shop=dry_cleaning","housenumber":"259","street":"Muddy Branch Road"}},{"type":"Feature","geometry":{"type":"Point","coordinates":[-77.18833,39.11962]},"properties":{"id":"node/10267818645","name":"Donation Nation","group":"shopping","category":"shop=second_hand","hours":"Mo-Sa 10:00-19:00","phone":"+1 855 362 9253","housenumber":"9137","street":"Industrial Court","city":"Gaithersburg","postcode":"20877"}},{"type":"Feature","geometry":{"type":"Point","coordinates":[-77.18747,39.11952]},"properties":{"id":"node/10276036271","name":"Patton Printing Supplies","group":"shopping","category":"shop=printer_ink","hours":"Mo-Fr 08:30-17:30","phone":"+1 301 258 1100","housenumber":"9109","street":"Industrial Court","city":"Gaithersburg","postcode":"20877"}},{"type":"Feature","geometry":{"type":"Point","coordinates":[-77.19903,39.11684]},"properties":{"id":"node/10781836421","name":"Maryland Spotless Maid Services","group":"services","category":"craft=cleaning","hours":"Mo-Fr 08:00-18:00; Sa-Su 08:00-16:00","phone":"+1-301-673-2339","website":"https://marylandspotlessmaidservice.com/","housenumber":"9841","street":"Washingtonian Boulevard","city":"Gaithersburg","postcode":"20878"}},{"type":"Feature","geometry":{"type":"Point","coordinates":[-77.20145,39.14458]},"properties":{"id":"node/10795778683","name":"Elsy Hair Salon","group":"personal_care","category":"shop=hairdresser","hours":"Mo, Tu, Th 10:00-19:00; We 10:00-18:30; Sa 09:00-19:00; Su 10:00-16:00; Fr 10:00-18:00","phone":"+1 240-780-7653","website":"elsyhairsalon.com","housenumber":"211","street":"North Frederick Avenue"}},{"type":"Feature","geometry":{"type":"Point","coordinates":[-77.20154,39.14452]},"properties":{"id":"node/10795835143","name":"J&R Jewlers","group":"shopping","category":"shop=jewelry","hours":"Mo-Fr 11:00-18:00; Sa 11:00-17:00","phone":"+1-301-590-9054","website":"https://www.jandrjewelers.com/","housenumber":"211","street":"North Frederick Avenue","city":"Gaithersburg","postcode":"20877"}},{"type":"Feature","geometry":{"type":"Point","coordinates":[-77.19279,39.14232]},"properties":{"id":"node/11162013619","name":"Manhattan Pizza","group":"food","category":"amenity=restaurant","hours":"Mo-Th, Su 11:00-22:00; Fr, Sa 11:00-23:00","phone":"+1-301-685-1732","website":"https://www.manhattanpizzamenu.com/","housenumber":"312","street":"East Diamond Avenue"}},{"type":"Feature","geometry":{"type":"Point","coordinates":[-77.199,39.11836]},"properties":{"id":"node/11472588270","name":"Fantasticks","group":"food","category":"amenity=ice_cream"}},{"type":"Feature","geometry":{"type":"Point","coordinates":[-77.22389,39.14137]},"properties":{"id":"node/11501558219","name":"Taste of Europe","group":"groceries","category":"shop=supermarket","housenumber":"630","street":"Quince Orchard Road"}},{"type":"Feature","geometry":{"type":"Point","coordinates":[-77.22305,39.141]},"properties":{"id":"node/11501558225","name":"Taco Bamba","group":"food","category":"amenity=restaurant","cuisine":"mexican","housenumber":"670","street":"Quince Orchard Road"}},{"type":"Feature","geometry":{"type":"Point","coordinates":[-77.22309,39.14089]},"properties":{"id":"node/11501558226","name":"Miyaji Kebab & Rumali Rolls","group":"food","category":"amenity=restaurant","cuisine":"kebab","housenumber":"674","street":"Quince Orchard Road"}},{"type":"Feature","geometry":{"type":"Point","coordinates":[-77.19705,39.11582]},"properties":{"id":"node/11506731383","name":"Charley Prime Foods","group":"food","category":"amenity=restaurant","cuisine":"american","housenumber":"9811","street":"Washingtonian Boulevard"}},{"type":"Feature","geometry":{"type":"Point","coordinates":[-77.2357,39.12211]},"properties":{"id":"node/11506954607","name":"Allure Nails","group":"personal_care","category":"shop=beauty"}},{"type":"Feature","geometry":{"type":"Point","coordinates":[-77.23417,39.12253]},"properties":{"id":"node/11506954610","name":"Burton's Grill & Bar","group":"food","category":"amenity=restaurant","cuisine":"american"}},{"type":"Feature","geometry":{"type":"Point","coordinates":[-77.23484,39.1223]},"properties":{"id":"node/11506954613","name":"Berries & Bowls","group":"food","category":"amenity=restaurant","housenumber":"120","street":"Market Street","city":"Gaithersburg","postcode":"20878"}},{"type":"Feature","geometry":{"type":"Point","coordinates":[-77.23486,39.12213]},"properties":{"id":"node/11506954617","name":"Carmen's Italian Ice","group":"food","category":"amenity=ice_cream"}},{"type":"Feature","geometry":{"type":"Point","coordinates":[-77.23467,39.12204]},"properties":{"id":"node/11506954619","name":"Salon Lofts","group":"personal_care","category":"shop=hairdresser"}},{"type":"Feature","geometry":{"type":"Point","coordinates":[-77.23449,39.12232]},"properties":{"id":"node/11506954633","name":"RanKen Noodle House","group":"food","category":"amenity=restaurant","cuisine":"ramen"}},{"type":"Feature","geometry":{"type":"Point","coordinates":[-77.23459,39.12231]},"properties":{"id":"node/11506954634","name":"My Big Finds","group":"shopping","category":"shop=gift"}},{"type":"Feature","geometry":{"type":"Point","coordinates":[-77.23522,39.12166]},"properties":{"id":"node/11506966992","name":"Lapu Lapu","group":"food","category":"amenity=restaurant","cuisine":"filipino"}},{"type":"Feature","geometry":{"type":"Point","coordinates":[-77.23499,39.12117]},"properties":{"id":"node/11506966997","name":"Dryclean Station","group":"services","category":"shop=dry_cleaning"}},{"type":"Feature","geometry":{"type":"Point","coordinates":[-77.20615,39.11659]},"properties":{"id":"node/11507656734","name":"Washingtonian Cleaners","group":"services","category":"shop=dry_cleaning"}},{"type":"Feature","geometry":{"type":"Point","coordinates":[-77.23847,39.122]},"properties":{"id":"node/11507956892","name":"Main Street Beer & Wine","group":"groceries","category":"shop=alcohol"}},{"type":"Feature","geometry":{"type":"Point","coordinates":[-77.23827,39.12187]},"properties":{"id":"node/11507956893","name":"BoBaPoP Tea Bar","group":"food","category":"amenity=cafe","cuisine":"bubble_tea","hours":"Tu-Su 12:00-20:00"}},{"type":"Feature","geometry":{"type":"Point","coordinates":[-77.23821,39.12182]},"properties":{"id":"node/11507956894","name":"Salon \"G\"","group":"personal_care","category":"shop=beauty"}},{"type":"Feature","geometry":{"type":"Point","coordinates":[-77.23815,39.12178]},"properties":{"id":"node/11507956895","name":"S. T. Nails & Spa","group":"personal_care","category":"shop=beauty","hours":"Mo-Fr 10:00-19:00; Sa 09:30-18:00"}},{"type":"Feature","geometry":{"type":"Point","coordinates":[-77.23808,39.12174]},"properties":{"id":"node/11507956896","name":"Four Seasons Jewelry & Gifts","group":"shopping","category":"shop=jewelry"}},{"type":"Feature","geometry":{"type":"Point","coordinates":[-77.23792,39.12163]},"properties":{"id":"node/11507956923","name":"Nishiki Ramen & Sushi","group":"food","category":"amenity=restaurant","cuisine":"ramen;sushi"}},{"type":"Feature","geometry":{"type":"Point","coordinates":[-77.23779,39.12154]},"properties":{"id":"node/11507956924","name":"Glamnur Beauty","group":"personal_care","category":"shop=beauty"}},{"type":"Feature","geometry":{"type":"Point","coordinates":[-77.23732,39.12121]},"properties":{"id":"node/11507956925","name":"Kentlands Flowers & Bows","group":"shopping","category":"shop=florist"}},{"type":"Feature","geometry":{"type":"Point","coordinates":[-77.23738,39.12125]},"properties":{"id":"node/11507956926","name":"EDSTUDIO Cake & Dessert","group":"food","category":"shop=bakery"}},{"type":"Feature","geometry":{"type":"Point","coordinates":[-77.23744,39.1213]},"properties":{"id":"node/11507956927","name":"Lux Nails For You","group":"personal_care","category":"shop=beauty"}},{"type":"Feature","geometry":{"type":"Point","coordinates":[-77.23767,39.12154]},"properties":{"id":"node/11507956928","name":"Tao Massage","group":"personal_care","category":"shop=massage"}},{"type":"Feature","geometry":{"type":"Point","coordinates":[-77.23774,39.12159]},"properties":{"id":"node/11507956929","name":"The League","group":"personal_care","category":"shop=hairdresser"}},{"type":"Feature","geometry":{"type":"Point","coordinates":[-77.2369,39.12113]},"properties":{"id":"node/11507956931","name":"Kentlands Family Barber Shop","group":"personal_care","category":"shop=hairdresser"}},{"type":"Feature","geometry":{"type":"Point","coordinates":[-77.23649,39.1211]},"properties":{"id":"node/11507956958","name":"Kentlands Beer & Wine","group":"groceries","category":"shop=alcohol"}},{"type":"Feature","geometry":{"type":"Point","coordinates":[-77.2364,39.1211]},"properties":{"id":"node/11507956959","name":"The Craft Shoe Shop","group":"shopping","category":"shop=shoes"}},{"type":"Feature","geometry":{"type":"Point","coordinates":[-77.23615,39.12108]},"properties":{"id":"node/11507956960","name":"Fan Deng Book Cafe","group":"food","category":"amenity=cafe"}},{"type":"Feature","geometry":{"type":"Point","coordinates":[-77.23568,39.12127]},"properties":{"id":"node/11507956962","name":"Ming's Asian Bistro","group":"food","category":"amenity=restaurant","cuisine":"asian"}},{"type":"Feature","geometry":{"type":"Point","coordinates":[-77.23843,39.12305]},"properties":{"id":"node/11507956966","name":"The Grilled Oyster Company","group":"food","category":"amenity=restaurant","cuisine":"oysters"}},{"type":"Feature","geometry":{"type":"Point","coordinates":[-77.1967,39.11516]},"properties":{"id":"node/11510003435","name":"Guapo's","group":"food","category":"amenity=restaurant","cuisine":"mexican","hours":"Su-Th 11:00-23:00, Fr-Sa 11:00-00:00","phone":"+1-301-977-5655","website":"https://www.guaposrestaurant.com/location/gaithersburg-guapos-restaurant/","housenumber":"9811","street":"Washingtonian Boulevard"}},{"type":"Feature","geometry":{"type":"Point","coordinates":[-77.19697,39.11548]},"properties":{"id":"node/11510003436","name":"Han Spot","group":"food","category":"amenity=restaurant","cuisine":"chinese","housenumber":"9811","street":"Washingtonian Boulevard","city":"Gaithersburg","postcode":"20878"}},{"type":"Feature","geometry":{"type":"Point","coordinates":[-77.19163,39.11174]},"properties":{"id":"node/11532730964","name":"Gallery Cafe","group":"food","category":"amenity=restaurant","cuisine":"sandwich"}},{"type":"Feature","geometry":{"type":"Point","coordinates":[-77.19131,39.11195]},"properties":{"id":"node/11560902105","name":"Agape Flowers and Gifts","group":"shopping","category":"shop=florist","housenumber":"9711","street":"Washingtonian Boulevard"}},{"type":"Feature","geometry":{"type":"Point","coordinates":[-77.19555,39.11557]},"properties":{"id":"node/11561387105","name":"The Bench","group":"food","category":"amenity=restaurant","cuisine":"american","housenumber":"9751","street":"Washingtonian Boulevard"}},{"type":"Feature","geometry":{"type":"Point","coordinates":[-77.21773,39.11434]},"properties":{"id":"node/11563391037","name":"Lovely Nails","group":"personal_care","category":"shop=beauty","housenumber":"838","street":"Muddy Branch Road"}},{"type":"Feature","geometry":{"type":"Point","coordinates":[-77.21752,39.11421]},"properties":{"id":"node/11563391040","name":"Potter Violins","group":"shopping","category":"shop=musical_instrument","housenumber":"830","street":"Muddy Branch Road"}},{"type":"Feature","geometry":{"type":"Point","coordinates":[-77.21717,39.11402]},"properties":{"id":"node/11563391043","name":"Yiku Sushi","group":"food","category":"amenity=restaurant","cuisine":"sushi","housenumber":"818","street":"Muddy Branch Road"}},{"type":"Feature","geometry":{"type":"Point","coordinates":[-77.21684,39.11382]},"properties":{"id":"node/11563391046","name":"Lum Thai","group":"food","category":"amenity=restaurant","cuisine":"thai","housenumber":"806","street":"Muddy Branch Road"}},{"type":"Feature","geometry":{"type":"Point","coordinates":[-77.21668,39.11382]},"properties":{"id":"node/11563391047","name":"Sharkey's Cuts for Kids","group":"personal_care","category":"shop=hairdresser","housenumber":"804","street":"Muddy Branch Road"}},{"type":"Feature","geometry":{"type":"Point","coordinates":[-77.21676,39.11542]},"properties":{"id":"node/11563392072","name":"Kim's Tailor","group":"services","category":"shop=tailor","housenumber":"878","street":"Muddy Branch Road"}},{"type":"Feature","geometry":{"type":"Point","coordinates":[-77.21683,39.11542]},"properties":{"id":"node/11563392073","name":"Country Moon Spa","group":"personal_care","category":"shop=massage","housenumber":"878","street":"Muddy Branch Road"}},{"type":"Feature","geometry":{"type":"Point","coordinates":[-77.19906,39.11838]},"properties":{"id":"node/11565731932","name":"Bear's Shaved Ice","group":"food","category":"amenity=ice_cream"}},{"type":"Feature","geometry":{"type":"Point","coordinates":[-77.18508,39.11849]},"properties":{"id":"node/11583820514","name":"Yung's Dressmaking & Alterations","group":"services","category":"craft=dressmaker","housenumber":"9055","street":"Gaither Road"}},{"type":"Feature","geometry":{"type":"Point","coordinates":[-77.18516,39.11838]},"properties":{"id":"node/11583820515","name":"Barber & Beauty","group":"personal_care","category":"shop=hairdresser","housenumber":"9049","street":"Gaither Road"}},{"type":"Feature","geometry":{"type":"Point","coordinates":[-77.18521,39.11831]},"properties":{"id":"node/11583820516","name":"Yanfu Tong Violin Shop","group":"shopping","category":"shop=musical_instrument","housenumber":"9045","street":"Gaither Road"}},{"type":"Feature","geometry":{"type":"Point","coordinates":[-77.18528,39.11814]},"properties":{"id":"node/11583820519","name":"Oasis Spa","group":"personal_care","category":"shop=massage","housenumber":"9039","street":"Gaither Road"}},{"type":"Feature","geometry":{"type":"Point","coordinates":[-77.18531,39.1179]},"properties":{"id":"node/11583820520","name":"My Dollar & Plus","group":"groceries","category":"shop=variety_store","housenumber":"9035","street":"Gaither Road"}},{"type":"Feature","geometry":{"type":"Point","coordinates":[-77.18519,39.11785]},"properties":{"id":"node/11583820522","name":"Love Sushi","group":"food","category":"amenity=restaurant","cuisine":"sushi","housenumber":"9031","street":"Gaither Road"}},{"type":"Feature","geometry":{"type":"Point","coordinates":[-77.18514,39.11783]},"properties":{"id":"node/11583820523","name":"Wow Deli","group":"food","category":"amenity=fast_food","cuisine":"sandwich","housenumber":"9029","street":"Gaither Road"}},{"type":"Feature","geometry":{"type":"Point","coordinates":[-77.18467,39.11789]},"properties":{"id":"node/11583820525","name":"Zam Zam Market","group":"food","category":"amenity=restaurant","cuisine":"gyros","housenumber":"9017","street":"Gaither Road"}},{"type":"Feature","geometry":{"type":"Point","coordinates":[-77.18462,39.11786]},"properties":{"id":"node/11583820526","name":"Coco Nails & Spa","group":"personal_care","category":"shop=beauty","housenumber":"9015","street":"Gaither Road"}},{"type":"Feature","geometry":{"type":"Point","coordinates":[-77.18452,39.11782]},"properties":{"id":"node/11583820527","name":"Kaveri Authentic South Indian","group":"food","category":"amenity=restaurant","cuisine":"indian","housenumber":"9011","street":"Gaither Road"}},{"type":"Feature","geometry":{"type":"Point","coordinates":[-77.18402,39.11781]},"properties":{"id":"node/11583820530","name":"Beer & Wine","group":"groceries","category":"shop=alcohol","housenumber":"15904","street":"Shady Grove Road"}},{"type":"Feature","geometry":{"type":"Point","coordinates":[-77.18416,39.11807]},"properties":{"id":"node/11583820533","name":"Orange Latin Market","group":"groceries","category":"shop=convenience","housenumber":"15914","street":"Shady Grove Road"}},{"type":"Feature","geometry":{"type":"Point","coordinates":[-77.184,39.11804]},"properties":{"id":"node/11583820534","name":"C&D Hair Braiding","group":"personal_care","category":"shop=hairdresser","housenumber":"15914","street":"Shady Grove Road"}},{"type":"Feature","geometry":{"type":"Point","coordinates":[-77.18387,39.11801]},"properties":{"id":"node/11583820535","name":"Express Caf\u00e9","group":"food","category":"amenity=restaurant","cuisine":"american","housenumber":"15916","street":"Shady Grove Road"}},{"type":"Feature","geometry":{"type":"Point","coordinates":[-77.18384,39.11806]},"properties":{"id":"node/11583820536","name":"&Shawarma","group":"food","category":"amenity=restaurant","cuisine":"mediterranean"}},{"type":"Feature","geometry":{"type":"Point","coordinates":[-77.18378,39.11814]},"properties":{"id":"node/11583820538","name":"Davidus Cigars & Pipes","group":"shopping","category":"shop=tobacco","housenumber":"15922","street":"Shady Grove Road"}},{"type":"Feature","geometry":{"type":"Point","coordinates":[-77.184,39.11829]},"properties":{"id":"node/11583820539","name":"Ph\u1edf Nam","group":"food","category":"amenity=restaurant","cuisine":"vietnamese","housenumber":"15924","street":"Shady Grove Road"}},{"type":"Feature","geometry":{"type":"Point","coordinates":[-77.18436,39.11813]},"properties":{"id":"node/11583820541","name":"Shady Grove Self Storage","group":"services","category":"shop=storage_rental","housenumber":"15942","street":"Shady Grove Road"}},{"type":"Feature","geometry":{"type":"Point","coordinates":[-77.18912,39.11519]},"properties":{"id":"node/11586018307","name":"Classic Bakery","group":"food","category":"shop=bakery","hours":"Tu-Sa 10:00-18:00, Su 10:00-17:00, Mo 11:00-17:00","phone":"+1-301-948-0449","website":"https://www.classicbakery.com/","housenumber":"9204","street":"Gaither Road","city":"Gaithersburg","postcode":"20877"}},{"type":"Feature","geometry":{"type":"Point","coordinates":[-77.18886,39.11509]},"properties":{"id":"node/11586018308","name":"Indiana Floor, Inc.","group":"shopping","category":"shop=flooring","housenumber":"9200","street":"Gaither Road"}},{"type":"Feature","geometry":{"type":"Point","coordinates":[-77.18925,39.11453]},"properties":{"id":"node/11586018315","name":"Whatsa Bagel Wholesale and Catering Department","group":"food","category":"craft=caterer","housenumber":"9226","street":"Gaither Road"}},{"type":"Feature","geometry":{"type":"Point","coordinates":[-77.19066,39.11481]},"properties":{"id":"node/11586018341","name":"NAC Mechanical Services","group":"services","category":"craft=hvac","housenumber":"15800","street":"Gaither Drive"}},{"type":"Feature","geometry":{"type":"Point","coordinates":[-77.19223,39.11669]},"properties":{"id":"node/11586145110","name":"Nauticon Office Solutions","group":"shopping","category":"shop=electrical","housenumber":"15878","street":"Gaither Drive"}},{"type":"Feature","geometry":{"type":"Point","coordinates":[-77.19135,39.11584]},"properties":{"id":"node/11586145113","name":"DMR HVAC","group":"services","category":"craft=hvac","housenumber":"15892","street":"Gaither Drive"}},{"type":"Feature","geometry":{"type":"Point","coordinates":[-77.19151,39.11601]},"properties":{"id":"node/11586145116","name":"Appliances 4 Less","group":"shopping","category":"shop=appliance","housenumber":"15890","street":"Gaither Drive"}},{"type":"Feature","geometry":{"type":"Point","coordinates":[-77.19006,39.11674]},"properties":{"id":"node/11586241680","name":"Attronica","group":"shopping","category":"shop=computer","housenumber":"15867","street":"Gaither Road"}},{"type":"Feature","geometry":{"type":"Point","coordinates":[-77.19155,39.1185]},"properties":{"id":"node/11590959172","name":"Lennox Stores (PartsPlus)","group":"services","category":"craft=hvac","housenumber":"9301","street":"Gaither Road"}},{"type":"Feature","geometry":{"type":"Point","coordinates":[-77.19114,39.11799]},"properties":{"id":"node/11593885322","name":"Aui Fine Foods","group":"food","category":"craft=caterer","housenumber":"9211","street":"Gaither Road"}},{"type":"Feature","geometry":{"type":"Point","coordinates":[-77.189,39.11914]},"properties":{"id":"node/11595584315","name":"Lynn Wholesale Flooring","group":"shopping","category":"shop=flooring","housenumber":"9161","street":"Arbuckle Drive"}},{"type":"Feature","geometry":{"type":"Point","coordinates":[-77.18872,39.11912]},"properties":{"id":"node/11595584317","name":"Cabinet Discounters","group":"shopping","category":"shop=furniture","housenumber":"9153","street":"Arbuckle Drive"}},{"type":"Feature","geometry":{"type":"Point","coordinates":[-77.18801,39.11994]},"properties":{"id":"node/11596405576","name":"Sunny Signs","group":"services","category":"craft=signmaker","website":"https://www.mysunnysigns.com/","housenumber":"16021","street":"Industrial Drive"}},{"type":"Feature","geometry":{"type":"Point","coordinates":[-77.18775,39.1199]},"properties":{"id":"node/11596405577","name":"General Solar Company","group":"services","category":"shop=window_tinting","housenumber":"16021","street":"Tournament Drive"}},{"type":"Feature","geometry":{"type":"Point","coordinates":[-77.18766,39.11989]},"properties":{"id":"node/11596405579","name":"Advanced Restoration Solutions","group":"services","category":"craft=restoration","housenumber":"16021","street":"Industrial Drive"}},{"type":"Feature","geometry":{"type":"Point","coordinates":[-77.18934,39.11797]},"properties":{"id":"node/11596720359","name":"Seasonair, Inc.","group":"services","category":"craft=hvac","housenumber":"16001","street":"Industrial Drive"}},{"type":"Feature","geometry":{"type":"Point","coordinates":[-77.18781,39.11795]},"properties":{"id":"node/11597003454","name":"J & C Interiors","group":"services","category":"craft=upholsterer","housenumber":"9121","street":"Gaither Road"}},{"type":"Feature","geometry":{"type":"Point","coordinates":[-77.18652,39.11774]},"properties":{"id":"node/11597357257","name":"Korth Construction","group":"services","category":"craft=builder","housenumber":"9101","street":"Gaither Road"}},{"type":"Feature","geometry":{"type":"Point","coordinates":[-77.1866,39.11783]},"properties":{"id":"node/11597357258","name":"Dulcinea Bar & Grill","group":"food","category":"amenity=restaurant","cuisine":"mexican","housenumber":"9103","street":"Gaither Road"}},{"type":"Feature","geometry":{"type":"Point","coordinates":[-77.18657,39.11797]},"properties":{"id":"node/11597357259","name":"Inka Granite & Marble","group":"shopping","category":"shop=kitchen","housenumber":"9103","street":"Gaither Road"}},{"type":"Feature","geometry":{"type":"Point","coordinates":[-77.18632,39.11836]},"properties":{"id":"node/11597357260","name":"Cummins Radiator","group":"services","category":"shop=car_repair","housenumber":"9105","street":"Gaither Road"}},{"type":"Feature","geometry":{"type":"Point","coordinates":[-77.18654,39.11823]},"properties":{"id":"node/11597357261","name":"Tower Construction & Engineering Services","group":"services","category":"craft=builder","housenumber":"9103","street":"Gaither Road"}},{"type":"Feature","geometry":{"type":"Point","coordinates":[-77.18697,39.11979]},"properties":{"id":"node/11599349928","name":"Perfect Fit Custom Shutters","group":"shopping","category":"shop=window_blind","housenumber":"9085","street":"Comprint Court"}},{"type":"Feature","geometry":{"type":"Point","coordinates":[-77.18704,39.11947]},"properties":{"id":"node/11599349929","name":"Capital Carpets, Inc.","group":"services","category":"craft=floorer","housenumber":"9097","street":"Comprint Court"}},{"type":"Feature","geometry":{"type":"Point","coordinates":[-77.18568,39.11981]},"properties":{"id":"node/11599349953","name":"Euro Motorcars Bethesda Sprinter Vans & Metris Service","group":"shopping","category":"shop=car","housenumber":"9030","street":"Comprint Court"}},{"type":"Feature","geometry":{"type":"Point","coordinates":[-77.18529,39.11973]},"properties":{"id":"node/11599349954","name":"Euro Motorcars Collision Center","group":"services","category":"shop=car_repair","housenumber":"9030","street":"Comprint Court"}},{"type":"Feature","geometry":{"type":"Point","coordinates":[-77.18486,39.11937]},"properties":{"id":"node/11600206653","name":"Enchanted Fairies","group":"services","category":"craft=photographer","housenumber":"16035","street":"Comprint Circle"}},{"type":"Feature","geometry":{"type":"Point","coordinates":[-77.18367,39.11946]},"properties":{"id":"node/11601402383","name":"Lilac Day Spa","group":"personal_care","category":"shop=massage","housenumber":"9047","street":"Shady Grove Court"}},{"type":"Feature","geometry":{"type":"Point","coordinates":[-77.18318,39.11884]},"properties":{"id":"node/11601530106","name":"Makro Services, Inc.","group":"services","category":"craft=cleaning","housenumber":"8905","street":"Shady Grove Court"}},{"type":"Feature","geometry":{"type":"Point","coordinates":[-77.18366,39.11886]},"properties":{"id":"node/11601587696","name":"Vashan Compounding Pharmacy","group":"groceries","category":"amenity=pharmacy","housenumber":"9005","street":"Shady Grove Court"}},{"type":"Feature","geometry":{"type":"Point","coordinates":[-77.18358,39.11883]},"properties":{"id":"node/11601587697","name":"YOLO Beauty Zone","group":"personal_care","category":"shop=beauty","housenumber":"9007","street":"Shady Grove Court"}},{"type":"Feature","geometry":{"type":"Point","coordinates":[-77.1835,39.1188]},"properties":{"id":"node/11601587698","name":"Natacha Massage Therapist","group":"personal_care","category":"shop=massage","housenumber":"9009","street":"Shady Grove Court"}},{"type":"Feature","geometry":{"type":"Point","coordinates":[-77.1841,39.11883]},"properties":{"id":"node/11603202013","name":"Benning & Associates","group":"services","category":"craft=landscaper","housenumber":"8933","street":"Shady Grove Court"}},{"type":"Feature","geometry":{"type":"Point","coordinates":[-77.18237,39.12004]},"properties":{"id":"node/11607103336","name":"Ripieno's Italian Bistro","group":"food","category":"amenity=fast_food","cuisine":"pizza","housenumber":"16004","street":"Shady Grove Road"}},{"type":"Feature","geometry":{"type":"Point","coordinates":[-77.18212,39.11992]},"properties":{"id":"node/11607103337","name":"JoJo's Express","group":"food","category":"amenity=restaurant","housenumber":"16004","street":"Shady Grove Road"}},{"type":"Feature","geometry":{"type":"Point","coordinates":[-77.1822,39.11985]},"properties":{"id":"node/11607103338","name":"Bella's Italian Bistro","group":"food","category":"amenity=restaurant","cuisine":"italian"}},{"type":"Feature","geometry":{"type":"Point","coordinates":[-77.20716,39.12738]},"properties":{"id":"node/11664362417","name":"Water Factory","group":"groceries","category":"shop=water","housenumber":"265","street":"Muddy Branch Road"}},{"type":"Feature","geometry":{"type":"Point","coordinates":[-77.22907,39.15004]},"properties":{"id":"node/11676030277","name":"L & L Music-Wind Shop","group":"shopping","category":"shop=musical_instrument","hours":"Mo-Sa 10:00-18:00","phone":"+1 -301-948-7273","website":"https://llmusicshop.com","housenumber":"7","street":"Metropolitan Ct","city":"Gaithersburg","postcode":"20878"}},{"type":"Feature","geometry":{"type":"Point","coordinates":[-77.20606,39.12777]},"properties":{"id":"node/11696501420","name":"Botanica Boricua","group":"shopping","category":"shop=religion","housenumber":"235","street":"Muddy Branch Road"}},{"type":"Feature","geometry":{"type":"Point","coordinates":[-77.20603,39.12788]},"properties":{"id":"node/11696501422","name":"Dollar & More","group":"groceries","category":"shop=variety_store","housenumber":"229","street":"Muddy Branch Road"}},{"type":"Feature","geometry":{"type":"Point","coordinates":[-77.20584,39.12795]},"properties":{"id":"node/11696501423","name":"Beer & Wine","group":"groceries","category":"shop=alcohol","housenumber":"225","street":"Muddy Branch Road"}},{"type":"Feature","geometry":{"type":"Point","coordinates":[-77.20493,39.12836]},"properties":{"id":"node/11696501425","name":"WaveMAX Laundry","group":"services","category":"shop=laundry","housenumber":"215","street":"Muddy Branch Road"}},{"type":"Feature","geometry":{"type":"Point","coordinates":[-77.20461,39.12848]},"properties":{"id":"node/11696501426","name":"Sun & Ski","group":"shopping","category":"shop=sports","website":"https://www.sunandski.com/gaithersburg?","housenumber":"203","street":"Muddy Branch Road"}},{"type":"Feature","geometry":{"type":"Point","coordinates":[-77.20822,39.12704]},"properties":{"id":"node/11696501457","name":"Muddy Branch Laundromat","group":"services","category":"shop=laundry","housenumber":"295","street":"Muddy Branch Road"}},{"type":"Feature","geometry":{"type":"Point","coordinates":[-77.20826,39.12707]},"properties":{"id":"node/11696501458","name":"Festival Barber Shop","group":"personal_care","category":"shop=hairdresser","housenumber":"299","street":"Muddy Branch Road"}},{"type":"Feature","geometry":{"type":"Point","coordinates":[-77.20839,39.12716]},"properties":{"id":"node/11696501460","name":"Mosun's Kitchen","group":"food","category":"amenity=restaurant","cuisine":"nigerian;american","housenumber":"303","street":"Muddy Branch Road"}},{"type":"Feature","geometry":{"type":"Point","coordinates":[-77.20844,39.1272]},"properties":{"id":"node/11696501461","name":"Albertine Couture Hair Salon","group":"personal_care","category":"shop=hairdresser","housenumber":"305","street":"Muddy Branch Road"}},{"type":"Feature","geometry":{"type":"Point","coordinates":[-77.20876,39.12743]},"properties":{"id":"node/11696501463","name":"Bobby Furniture","group":"shopping","category":"shop=furniture","housenumber":"317","street":"Muddy Branch Road"}},{"type":"Feature","geometry":{"type":"Point","coordinates":[-77.20854,39.12785]},"properties":{"id":"node/11696501464","name":"Beauty 4U","group":"personal_care","category":"shop=beauty","housenumber":"333","street":"Muddy Branch Road"}},{"type":"Feature","geometry":{"type":"Point","coordinates":[-77.20838,39.12789]},"properties":{"id":"node/11696501465","name":"Herbal Beauty Salon","group":"personal_care","category":"shop=beauty","housenumber":"333","street":"Muddy Branch Road"}},{"type":"Feature","geometry":{"type":"Point","coordinates":[-77.20745,39.12814]},"properties":{"id":"node/11699087837","name":"Laredo Grill","group":"food","category":"amenity=restaurant","cuisine":"mexican","housenumber":"347","street":"Muddy Branch Road"}},{"type":"Feature","geometry":{"type":"Point","coordinates":[-77.20793,39.12848]},"properties":{"id":"node/11699087840","name":"Phenix Salon Suites","group":"personal_care","category":"shop=beauty","housenumber":"363","street":"Muddy Branch Road"}},{"type":"Feature","geometry":{"type":"Point","coordinates":[-77.20713,39.12841]},"properties":{"id":"node/11699087841","name":"Eggmania","group":"food","category":"amenity=restaurant","cuisine":"indian"}},{"type":"Feature","geometry":{"type":"Point","coordinates":[-77.20736,39.12859]},"properties":{"id":"node/11699256102","name":"India Bazaar","group":"groceries","category":"shop=grocery","housenumber":"383","street":"Muddy Branch Road"}},{"type":"Feature","geometry":{"type":"Point","coordinates":[-77.20772,39.12693]},"properties":{"id":"node/11702317284","name":"Madina Halal Market","group":"groceries","category":"shop=grocery","housenumber":"289","street":"Muddy Branch Road","city":"Gaithersburg","postcode":"20878"}},{"type":"Feature","geometry":{"type":"Point","coordinates":[-77.19707,39.13988]},"properties":{"id":"node/11702318621","name":"Mr. Dan's Barber Shop","group":"personal_care","category":"shop=hairdresser","hours":"Mo-Fr 09:00-19:00; Sa 08:00-17:00; Su 09:00-16:00","housenumber":"28","street":"South Frederick Avenue"}},{"type":"Feature","geometry":{"type":"Point","coordinates":[-77.19712,39.13992]},"properties":{"id":"node/11702318622","name":"FixMe Wireless","group":"services","category":"craft=electronics_repair","housenumber":"28","street":"South Frederick Avenue"}},{"type":"Feature","geometry":{"type":"Point","coordinates":[-77.20512,39.12815]},"properties":{"id":"node/11707615419","name":"Aery","group":"food","category":"amenity=restaurant","cuisine":"korean","housenumber":"221","street":"Muddy Branch Road"}},{"type":"Feature","geometry":{"type":"Point","coordinates":[-77.20527,39.12818]},"properties":{"id":"node/11707615420","name":"Salon Sun","group":"personal_care","category":"shop=hairdresser","housenumber":"221","street":"Muddy Branch Road"}},{"type":"Feature","geometry":{"type":"Point","coordinates":[-77.22306,39.14082]},"properties":{"id":"node/11889541628","name":"Beers & Cheers Too","group":"groceries","category":"shop=alcohol","hours":"Mo-Th 10:00-21:30; Fr, Sa 10:00-22:00; Su 10:00-20:00","phone":"+1-301-947-4440","housenumber":"678","street":"Quince Orchard Rd"}},{"type":"Feature","geometry":{"type":"Point","coordinates":[-77.20346,39.14463]},"properties":{"id":"node/12196454793","name":"Kenny's Sub Shop","group":"food","category":"amenity=fast_food","cuisine":"chinese"}},{"type":"Feature","geometry":{"type":"Point","coordinates":[-77.22714,39.1484]},"properties":{"id":"node/12203537880","name":"Barlett Tree Experts","group":"services","category":"craft=arborist","housenumber":"1","street":"Metropolitan Court"}},{"type":"Feature","geometry":{"type":"Point","coordinates":[-77.19553,39.11553]},"properties":{"id":"node/12210072849","name":"Tiki Bar and Grill","group":"food","category":"amenity=restaurant"}},{"type":"Feature","geometry":{"type":"Point","coordinates":[-77.20633,39.14984]},"properties":{"id":"node/12230599605","name":"Inari Sushi","group":"food","category":"amenity=restaurant","cuisine":"sushi"}},{"type":"Feature","geometry":{"type":"Point","coordinates":[-77.23514,39.12258]},"properties":{"id":"node/12240155105","name":"Potomac Cookie","group":"food","category":"shop=pastry","housenumber":"109","street":"Market Street","city":"Gaithersburg","postcode":"20878"}},{"type":"Feature","geometry":{"type":"Point","coordinates":[-77.2345,39.12249]},"properties":{"id":"node/12240155107","name":"Neal's Bagels","group":"food","category":"amenity=fast_food","cuisine":"bagel","housenumber":"113","street":"Commerce Square Place","city":"Gaithersburg","postcode":"20878"}},{"type":"Feature","geometry":{"type":"Point","coordinates":[-77.23564,39.12171]},"properties":{"id":"node/12240155108","name":"Tea Spa Wellness","group":"personal_care","category":"shop=massage","housenumber":"209","street":"Market Street West","city":"Gaithersburg","postcode":"20878"}},{"type":"Feature","geometry":{"type":"Point","coordinates":[-77.23566,39.12151]},"properties":{"id":"node/12240155109","name":"Rue + Roe","group":"shopping","category":"shop=clothes","housenumber":"217","street":"Market Street West","city":"Gaithersburg","postcode":"20878"}},{"type":"Feature","geometry":{"type":"Point","coordinates":[-77.23565,39.12159]},"properties":{"id":"node/12240155110","name":"SkinSpirit","group":"personal_care","category":"shop=beauty","housenumber":"215","street":"Market Street West","city":"Gaithersburg","postcode":"20878"}},{"type":"Feature","geometry":{"type":"Point","coordinates":[-77.23756,39.1244]},"properties":{"id":"node/12240670375","name":"Coal Fire","group":"food","category":"amenity=restaurant","cuisine":"pizza","housenumber":"116","street":"Main Street","city":"Gaithersburg","postcode":"20878"}},{"type":"Feature","geometry":{"type":"Point","coordinates":[-77.23876,39.12409]},"properties":{"id":"node/12240716525","name":"Kentlands Salon & The Nail Bar","group":"personal_care","category":"shop=beauty","housenumber":"273","street":"Kentlands Boulevard","city":"Gaithersburg","postcode":"20878"}},{"type":"Feature","geometry":{"type":"Point","coordinates":[-77.23912,39.12504]},"properties":{"id":"node/12240814392","name":"Jessa Medical Supply","group":"groceries","category":"shop=medical_supply","hours":"Mo-Fr 10:00-17:00; Sa-Su off","phone":"+1 301-990-8706","website":"https://jessamedical.com/","housenumber":"235","street":"Kentlands Boulevard","city":"Gaithersburg","postcode":"20878"}},{"type":"Feature","geometry":{"type":"Point","coordinates":[-77.23904,39.12509]},"properties":{"id":"node/12240814393","name":"Crest Advanced Dry Cleaners","group":"services","category":"shop=dry_cleaning","hours":"Mo-Fr 07:00-19:00; Sa 08:00-18:00; Su off","phone":"+1 301-212-9595","website":"https://www.crestadvanceddrycleaners.com/locations/gaithersburg/kentlands-shopping-center/","housenumber":"233","street":"Kentlands Boulevard","city":"Gaithersburg","postcode":"20878"}},{"type":"Feature","geometry":{"type":"Point","coordinates":[-77.23925,39.12732]},"properties":{"id":"node/12242060064","name":"Tara Nails","group":"personal_care","category":"shop=beauty","housenumber":"7","street":"Granite Place","city":"Gaithersburg","postcode":"20878"}},{"type":"Feature","geometry":{"type":"Point","coordinates":[-77.23917,39.12724]},"properties":{"id":"node/12242060065","name":"Salon Chahine","group":"personal_care","category":"shop=beauty","housenumber":"7","street":"Granite Place","city":"Gaithersburg","postcode":"20878"}},{"type":"Feature","geometry":{"type":"Point","coordinates":[-77.23962,39.12399]},"properties":{"id":"node/12242776747","name":"Kentlands Custom Tailor","group":"services","category":"shop=tailor","housenumber":"339","street":"Kentlands Boulevard","city":"Gaithersburg","postcode":"20878"}},{"type":"Feature","geometry":{"type":"Point","coordinates":[-77.23971,39.12433]},"properties":{"id":"node/12242776749","name":"Fashion Craft Cleaners","group":"services","category":"shop=dry_cleaning","housenumber":"105","street":"Booth Street","city":"Gaithersburg","postcode":"20878"}},{"type":"Feature","geometry":{"type":"Point","coordinates":[-77.23767,39.12145]},"properties":{"id":"node/12254399434","name":"HT Salon","group":"personal_care","category":"shop=beauty"}},{"type":"Feature","geometry":{"type":"Point","coordinates":[-77.23786,39.12158]},"properties":{"id":"node/12254399438","name":"Silky Gem","group":"food","category":"shop=confectionery"}},{"type":"Feature","geometry":{"type":"Point","coordinates":[-77.2385,39.12258]},"properties":{"id":"node/12254399439","name":"Regal Cuts","group":"personal_care","category":"shop=hairdresser"}},{"type":"Feature","geometry":{"type":"Point","coordinates":[-77.2385,39.12251]},"properties":{"id":"node/12254399440","name":"Royal Cut Kings","group":"personal_care","category":"shop=hairdresser"}},{"type":"Feature","geometry":{"type":"Point","coordinates":[-77.23851,39.12245]},"properties":{"id":"node/12254399441","name":"Dee Nails","group":"personal_care","category":"shop=beauty"}},{"type":"Feature","geometry":{"type":"Point","coordinates":[-77.23852,39.12232]},"properties":{"id":"node/12254399442","name":"Our Neighborhood Deli","group":"food","category":"shop=deli"}},{"type":"Feature","geometry":{"type":"Point","coordinates":[-77.23853,39.12225]},"properties":{"id":"node/12254399443","name":"Textures Hair Salon","group":"personal_care","category":"shop=hairdresser"}},{"type":"Feature","geometry":{"type":"Point","coordinates":[-77.23854,39.12219]},"properties":{"id":"node/12254399444","name":"Kentlands Main Street Barber & Stylists","group":"personal_care","category":"shop=hairdresser"}},{"type":"Feature","geometry":{"type":"Point","coordinates":[-77.23845,39.12298]},"properties":{"id":"node/12254399445","name":"Smoke World","group":"shopping","category":"shop=cannabis"}},{"type":"Feature","geometry":{"type":"Point","coordinates":[-77.23846,39.12285]},"properties":{"id":"node/12254399446","name":"Bon Juju","group":"shopping","category":"shop=clothes"}},{"type":"Feature","geometry":{"type":"Point","coordinates":[-77.25094,39.11817]},"properties":{"id":"node/12850402161","name":"Chopin Noodle House","group":"food","category":"amenity=restaurant","cuisine":"chinese"}},{"type":"Feature","geometry":{"type":"Point","coordinates":[-77.23923,39.12498]},"properties":{"id":"node/13096698784","name":"Ah'haan","group":"food","category":"amenity=restaurant","cuisine":"thai","hours":"Mo-Su 11:00-22:00","website":"http://wwww.ahhaan.com/","housenumber":"237","street":"Kentlands Boulevard","city":"Gaithersburg","postcode":"20878"}},{"type":"Feature","geometry":{"type":"Point","coordinates":[-77.27348,39.1485]},"properties":{"id":"node/13125656706","name":"Laperaux","group":"food","category":"amenity=restaurant","cuisine":"french","hours":"Tu-Th 11:00-15:00,17:00-22:00; Fr-Sa 11:00-15:00,17:00-23:00","phone":"+1-240-912-3100","website":"https://laperaux.com/","housenumber":"18056","street":"Mateny Road Sidepath","city":"Germantown","postcode":"20874"}},{"type":"Feature","geometry":{"type":"Point","coordinates":[-77.19322,39.14341]},"properties":{"id":"node/13198127220","name":"Chicken Basket","group":"food","category":"amenity=fast_food","cuisine":"chicken","hours":"Mo-Th 11:00-20:00; Fr-Sa 11:00-21:00; Su off","phone":"+1-240-477-4026","website":"https://www.chickenbasketmoco.com/"}},{"type":"Feature","geometry":{"type":"Point","coordinates":[-77.17586,39.13044]},"properties":{"id":"node/13419061200","name":"Mackie\u2019s Barbecue","group":"food","category":"amenity=restaurant","cuisine":"barbecue","hours":"Tu-Su 11:00-19:00","phone":"+1-301-685-6565","website":"https://www.mackiesbarbecue.com/","housenumber":"8547","street":"Ziggy Lane","city":"Gaithersburg","postcode":"20877-4107"}},{"type":"Feature","geometry":{"type":"Point","coordinates":[-77.23467,39.12206]},"properties":{"id":"node/13535385054","name":"Third Echelon Barbershop","group":"personal_care","category":"shop=hairdresser","hours":"We-Fr 09:00-20:00; Sa 09:00-18:00","phone":"+1-301-355-3328","website":"https://thirdechelongaithersburgbarbershop.com","housenumber":"652","street":"Center Point Way","city":"Gaithersburg","postcode":"20878"}},{"type":"Feature","geometry":{"type":"Point","coordinates":[-77.25012,39.11781]},"properties":{"id":"node/13926770701","name":"Gemelli's Italian Market","group":"food","category":"shop=deli","hours":"Mo-Fr 10:00-20:00; Sa 10:00-19:00","phone":"+1 240-246-7674","website":"https://gemellisitalianmarket.com/","housenumber":"12169","street":"Darnestown Road","postcode":"20879"}},{"type":"Feature","geometry":{"type":"Point","coordinates":[-77.18891,39.11368]},"properties":{"id":"way/46972930","name":"Carvana","group":"shopping","category":"shop=car","housenumber":"15710","street":"Shady Grove Road"}},{"type":"Feature","geometry":{"type":"Point","coordinates":[-77.18758,39.11484]},"properties":{"id":"way/46972933","name":"Home Depot Garden Center","group":"shopping","category":"shop=garden_centre"}},{"type":"Feature","geometry":{"type":"Point","coordinates":[-77.20004,39.11818]},"properties":{"id":"way/46978511","name":"Uncle Julio's","group":"food","category":"amenity=restaurant","cuisine":"mexican","housenumber":"231","street":"Rio Boulevard"}},{"type":"Feature","geometry":{"type":"Point","coordinates":[-77.19905,39.11743]},"properties":{"id":"way/47244829","name":"Copper Canyon Grill","group":"food","category":"amenity=restaurant","housenumber":"100","street":"Boardwalk Pl"}},{"type":"Feature","geometry":{"type":"Point","coordinates":[-77.20225,39.14399]},"properties":{"id":"way/47403354","name":"Airpark Towing & Auto Repair","group":"services","category":"shop=car_repair","housenumber":"204","street":"North Frederick Avenue"}},{"type":"Feature","geometry":{"type":"Point","coordinates":[-77.21817,39.14544]},"properties":{"id":"way/63939461","name":"Criswell Chevrolet","group":"shopping","category":"shop=car","housenumber":"503","street":"Quince Orchard Road","postcode":"20878"}},{"type":"Feature","geometry":{"type":"Point","coordinates":[-77.21747,39.14353]},"properties":{"id":"way/63939474","name":"Silk Road Choyhona","group":"food","category":"amenity=restaurant","cuisine":"uzbek","housenumber":"28","street":"Bureau Drive"}},{"type":"Feature","geometry":{"type":"Point","coordinates":[-77.21825,39.14437]},"properties":{"id":"way/63939475","name":"American Fashion","group":"shopping","category":"shop=clothes","housenumber":"50","street":"Bureau Drive"}},{"type":"Feature","geometry":{"type":"Point","coordinates":[-77.20415,39.14655]},"properties":{"id":"way/64142939","name":"Ixtapalapa Taqueria","group":"food","category":"amenity=fast_food","cuisine":"mexican","housenumber":"411","street":"North Frederick Avenue"}},{"type":"Feature","geometry":{"type":"Point","coordinates":[-77.20606,39.14705]},"properties":{"id":"way/64142960","name":"Sardis Pollo a la Brasa","group":"food","category":"amenity=restaurant","cuisine":"peruvian","phone":"+1-301-977-3222","website":"https://sardischicken.com/index.php","housenumber":"430","street":"North Frederick Avenue","city":"Gaithersburg","postcode":"20877"}},{"type":"Feature","geometry":{"type":"Point","coordinates":[-77.18694,39.11817]},"properties":{"id":"way/95998973","name":"Self Storage Plus","group":"services","category":"shop=storage_rental","housenumber":"9107","street":"Gaither Road"}},{"type":"Feature","geometry":{"type":"Point","coordinates":[-77.20586,39.11698]},"properties":{"id":"way/120626584","name":"The Lube Center","group":"services","category":"shop=car_repair","street":"Fields Road"}},{"type":"Feature","geometry":{"type":"Point","coordinates":[-77.21696,39.14193]},"properties":{"id":"way/155330863","name":"Dogfish Head Alehouse","group":"food","category":"amenity=pub","cuisine":"regional","hours":"Mo-Th 11:00-23:00;Fr-Sa 11:00-24:00;Su 11:00-22:00","phone":"+1 301 963 4847","website":"http://www.dogfishalehouse.com/locations/dfha-gaithersburg","housenumber":"800","street":"West Diamond Avenue","city":"Gaithersburg","postcode":"20878"}},{"type":"Feature","geometry":{"type":"Point","coordinates":[-77.19374,39.14348]},"properties":{"id":"way/155772979","name":"Cho\u2019s Auto Service","group":"services","category":"shop=car_repair","housenumber":"28","street":"North Summit Avenue"}},{"type":"Feature","geometry":{"type":"Point","coordinates":[-77.17759,39.13575]},"properties":{"id":"way/166986918","name":"Hershey's Restaurant","group":"food","category":"amenity=restaurant","hours":"Tu-Th 11:30-22:00; Fr 11:30-23:30; Sa 09:00-23:30; Su 09:00-22:00","phone":"+1-301-948-9893","website":"https://www.hersheysatthegrove.com","housenumber":"17030","street":"Oakmont Avenue","city":"Gaithersburg","postcode":"20877"}},{"type":"Feature","geometry":{"type":"Point","coordinates":[-77.25059,39.11946]},"properties":{"id":"way/170085572","name":"ISAAC's Poultry Market","group":"food","category":"amenity=restaurant","cuisine":"chicken","hours":"Tu-Sa 10:45-21:30, Su-Mo 10:45-20:30","phone":"+12404775037","website":"https://isaacs.market/","housenumber":"12167","street":"Quince Orchard Road","city":"Gaithersburg","postcode":"20878"}},{"type":"Feature","geometry":{"type":"Point","coordinates":[-77.18602,39.11773]},"properties":{"id":"way/171844332","name":"Don Pollo","group":"food","category":"amenity=restaurant","cuisine":"chicken","hours":"Mo-Th 11:00-20:30,Fr 11:00-21:00, Sa 11:00-15:00","phone":"+13019900981","website":"https://www.donpolloonline.com/","housenumber":"9083","street":"Gaither Road","city":"Gaithersburg","postcode":"20877"}},{"type":"Feature","geometry":{"type":"Point","coordinates":[-77.23364,39.12168]},"properties":{"id":"way/174614138","name":"Brews and Barrels","group":"food","category":"amenity=restaurant","phone":"+1 240 912 7736","website":"http://www.brewsbarrels.com/","housenumber":"625","street":"Center Point Way"}},{"type":"Feature","geometry":{"type":"Point","coordinates":[-77.17526,39.13311]},"properties":{"id":"way/180244501","name":"Pollo A La Vista Restaurant & Carry","group":"food","category":"amenity=restaurant","cuisine":"mexican","website":"https://polloalavista.com/","housenumber":"16905","street":"Oakmont Avenue","city":"Gaithersburg","postcode":"20877"}},{"type":"Feature","geometry":{"type":"Point","coordinates":[-77.21758,39.1153]},"properties":{"id":"way/196741636","name":"Montgomery County Liquor & Wine","group":"groceries","category":"shop=alcohol","housenumber":"866","street":"Muddy Branch Road"}},{"type":"Feature","geometry":{"type":"Point","coordinates":[-77.20561,39.11406]},"properties":{"id":"way/369610899","name":"Kitchen Social","group":"food","category":"amenity=restaurant","housenumber":"203","street":"Crown Park Avenue","city":"Gaithersburg","postcode":"20878"}},{"type":"Feature","geometry":{"type":"Point","coordinates":[-77.20524,39.11432]},"properties":{"id":"way/369610901","name":"Ted's Bulletin","group":"food","category":"amenity=restaurant","cuisine":"american","hours":"07:00-22:00; Fr,Sa 07:00-23:00","phone":"+1 301-990-0600","website":"http://www.tedsbulletindowntowncrown.com","housenumber":"220","street":"Ellington Boulevard","city":"Gaithersburg","postcode":"20878"}},{"type":"Feature","geometry":{"type":"Point","coordinates":[-77.21935,39.14447]},"properties":{"id":"way/1002115542","name":"Lotus Nails","group":"personal_care","category":"shop=beauty","housenumber":"527","street":"Quince Orchard Road","city":"Gaithersburg","postcode":"20878"}},{"type":"Feature","geometry":{"type":"Point","coordinates":[-77.21953,39.14417]},"properties":{"id":"way/1002115546","name":"Roaming Rooster","group":"food","category":"amenity=fast_food","cuisine":"chicken","hours":"Mo-Th,Su 07:00-18:00; Fr-Sa 07:00-19:00","phone":"+1-240-912-4897","website":"https://duckdonuts.olo.com/menu/duck-donuts-gaithersburg-046","housenumber":"511","street":"Quince Orchard Road","city":"Gaithersburg","postcode":"20878"}},{"type":"Feature","geometry":{"type":"Point","coordinates":[-77.21949,39.14422]},"properties":{"id":"way/1002115547","name":"Grog Beer & Wine","group":"groceries","category":"shop=alcohol","housenumber":"517","street":"Quince Orchard Road","city":"Gaithersburg","postcode":"20878"}},{"type":"Feature","geometry":{"type":"Point","coordinates":[-77.2194,39.14435]},"properties":{"id":"way/1002115550","name":"Chef Lee's Element","group":"food","category":"amenity=restaurant","cuisine":"donut","hours":"Mo-Su 07:00-18:00","phone":"+12409124897","website":"https://www.duckdonuts.com/location/gaithersburg-md/","housenumber":"511","street":"Quince Orchard Road","city":"Gaithersburg","postcode":"20878"}},{"type":"Feature","geometry":{"type":"Point","coordinates":[-77.2068,39.11524]},"properties":{"id":"way/1233227186","name":"Downtown Crown Wine and Beer","group":"groceries","category":"shop=wine","hours":"Mo-Th 10:00-22:00; Fr,Sa 10:00-23:00; Su 10:00-21:00","housenumber":"303","street":"Copley Place","city":"Gaithersburg","postcode":"20878"}},{"type":"Feature","geometry":{"type":"Point","coordinates":[-77.2012,39.11853]},"properties":{"id":"way/1235996225","name":"South Moon Under","group":"shopping","category":"shop=clothes","housenumber":"15","street":"Grand Corner Avenue","city":"Gaithersburg","postcode":"20878"}},{"type":"Feature","geometry":{"type":"Point","coordinates":[-77.20068,39.11833]},"properties":{"id":"way/1236007810","name":"Lanzhou Hand Pull Noodle","group":"food","category":"amenity=restaurant","cuisine":"chinese","hours":"Su-Th 11:00-21:00; Fr,Sa 11:00-21:30","housenumber":"3","street":"Grand Corner Avenue","city":"Gaithersburg","postcode":"20878"}},{"type":"Feature","geometry":{"type":"Point","coordinates":[-77.20097,39.11844]},"properties":{"id":"way/1236007812","name":"Le Macaron French Pastries","group":"food","category":"shop=bakery","housenumber":"7","street":"Grand Corner Avenue","city":"Gaithersburg","postcode":"20878"}},{"type":"Feature","geometry":{"type":"Point","coordinates":[-77.20175,39.11837]},"properties":{"id":"way/1236007815","name":"FineWine.com of Maryland","group":"groceries","category":"shop=wine","housenumber":"20","street":"Grand Corner Avenue","city":"Gaithersburg","postcode":"20878"}},{"type":"Feature","geometry":{"type":"Point","coordinates":[-77.202,39.11847]},"properties":{"id":"way/1236007817","name":"Rooster's Men's Grooming Center","group":"personal_care","category":"shop=hairdresser","housenumber":"20","street":"Grand Corner Avenue","city":"Gaithersburg","postcode":"20878"}},{"type":"Feature","geometry":{"type":"Point","coordinates":[-77.1977,39.11651]},"properties":{"id":"way/1236007825","name":"Poki DC","group":"food","category":"amenity=restaurant","cuisine":"poke;hawaiian","housenumber":"236","street":"Boardwalk Place","city":"Gaithersburg","postcode":"20878"}},{"type":"Feature","geometry":{"type":"Point","coordinates":[-77.19793,39.11674]},"properties":{"id":"way/1236007829","name":"IT'SUGAR","group":"food","category":"shop=confectionery","housenumber":"216","street":"Boardwalk Place","city":"Gaithersburg","postcode":"20878"}},{"type":"Feature","geometry":{"type":"Point","coordinates":[-77.19811,39.11681]},"properties":{"id":"way/1236007831","name":"Nouvelle Nail Spa","group":"personal_care","category":"shop=beauty","housenumber":"208","street":"Boardwalk Place","city":"Gaithersburg","postcode":"20878"}},{"type":"Feature","geometry":{"type":"Point","coordinates":[-77.19829,39.11647]},"properties":{"id":"way/1236007834","name":"Donutchew","group":"food","category":"shop=bakery","housenumber":"213","street":"Boardwalk Place","city":"Gaithersburg","postcode":"20878"}},{"type":"Feature","geometry":{"type":"Point","coordinates":[-77.19823,39.11644]},"properties":{"id":"way/1236007835","name":"Fantasticks","group":"food","category":"amenity=ice_cream","housenumber":"215","street":"Boardwalk Place","city":"Gaithersburg","postcode":"20878"}},{"type":"Feature","geometry":{"type":"Point","coordinates":[-77.19804,39.11629]},"properties":{"id":"way/1236007837","name":"Miss Toya's Southern Kitchen","group":"food","category":"amenity=restaurant","cuisine":"chicken;southern","housenumber":"229","street":"Boardwalk Place","city":"Gaithersburg","postcode":"20878"}},{"type":"Feature","geometry":{"type":"Point","coordinates":[-77.19862,39.11673]},"properties":{"id":"way/1236007838","name":"Mason's Famous Lobster Rolls","group":"food","category":"amenity=restaurant","cuisine":"seafood","housenumber":"201","street":"Boardwalk Place"}},{"type":"Feature","geometry":{"type":"Point","coordinates":[-77.20611,39.11436]},"properties":{"id":"way/1236019798","name":"Coastal Flats","group":"food","category":"amenity=restaurant","cuisine":"seafood;american","housenumber":"135","street":"Crown Park Avenue"}},{"type":"Feature","geometry":{"type":"Point","coordinates":[-77.20631,39.1142]},"properties":{"id":"way/1236019802","name":"Art & Chemistry by Diego","group":"personal_care","category":"shop=hairdresser"}},{"type":"Feature","geometry":{"type":"Point","coordinates":[-77.20607,39.11499]},"properties":{"id":"way/1236019810","name":"Ideal Image","group":"personal_care","category":"shop=beauty","hours":"Mo-Sa 08:00-18:00","phone":"+1-240-388-9696","housenumber":"122","street":"Crown Park Avenue","city":"Gaithersburg","postcode":"20878"}},{"type":"Feature","geometry":{"type":"Point","coordinates":[-77.20612,39.11503]},"properties":{"id":"way/1236019811","name":"Rowan","group":"shopping","category":"shop=jewelry","housenumber":"114","street":"Crown Park Avenue","city":"Gaithersburg","postcode":"20878"}},{"type":"Feature","geometry":{"type":"Point","coordinates":[-77.20557,39.1149]},"properties":{"id":"way/1236114609","name":"Woodhouse Spa","group":"personal_care","category":"shop=beauty","hours":"10:00-20:00; Su 10:00-18:00","phone":"+1-240-382-3637","website":"https://locations.woodhousespas.com/dir/md/gaithersburg/217-ellington-blvd","housenumber":"217","street":"Ellington Boulevard","city":"Gaithersburg","postcode":"20878"}},{"type":"Feature","geometry":{"type":"Point","coordinates":[-77.20643,39.11469]},"properties":{"id":"way/1236146016","name":"Amazing Art Studio","group":"shopping","category":"shop=art","housenumber":"115","street":"Crown Park Avenue"}},{"type":"Feature","geometry":{"type":"Point","coordinates":[-77.20453,39.11494]},"properties":{"id":"way/1236156050","name":"Spicelife","group":"food","category":"amenity=restaurant","cuisine":"indian","hours":"Mo-Th 11:30-21:30; Fr 11:30-22:00; Sa 12:00-22:00; Su 12:00-21:00","phone":"+1-240-428-1427","website":"https://spicelifemd.com/","housenumber":"128","street":"Ellington Boulevard","city":"Gaithersburg","postcode":"20878"}},{"type":"Feature","geometry":{"type":"Point","coordinates":[-77.20471,39.11478]},"properties":{"id":"way/1236156051","name":"El G\u00fcero Mexicano","group":"food","category":"amenity=restaurant","cuisine":"mexican","website":"https://tacobarelguero.com/","housenumber":"200","street":"Ellington Boulevard","city":"Gaithersburg","postcode":"20878"}},{"type":"Feature","geometry":{"type":"Point","coordinates":[-77.20483,39.11469]},"properties":{"id":"way/1236156054","name":"Glamorous Nails & Spa","group":"personal_care","category":"shop=beauty","hours":"10:00-19:00; Sa 09:00-18:00; Su 11:00-17:00","phone":"+1-301-977-9555","housenumber":"204","street":"Ellington Boulevard","city":"Gaithersburg","postcode":"20878"}},{"type":"Feature","geometry":{"type":"Point","coordinates":[-77.20499,39.11457]},"properties":{"id":"way/1236156055","name":"Sixty Vines","group":"food","category":"amenity=restaurant","cuisine":"american","website":"https://www.sixtyvines.com/locations/gaithersburg-md","housenumber":"212","street":"Ellington Boulevard","city":"Gaithersburg","postcode":"20878"}},{"type":"Feature","geometry":{"type":"Point","coordinates":[-77.20466,39.11432]},"properties":{"id":"way/1236156057","name":"la Madeleine","group":"food","category":"amenity=restaurant","cuisine":"french","hours":"07:00-21:00","phone":"+1-240-449-4879","website":"https://lamadeleine.com/locations/gaithersburg-downtown-crown","housenumber":"242","street":"Crown Park Avenue","city":"Gaithersburg","postcode":"20878"}},{"type":"Feature","geometry":{"type":"Point","coordinates":[-77.20452,39.11421]},"properties":{"id":"way/1236156059","name":"Asia Nine","group":"food","category":"amenity=restaurant","cuisine":"asian","hours":"Mo-Th 11:00-21:00; Fr 11:00-22:00; Sa 12:00-22:00; Su 12:00-21:00","phone":"+1-301-330-9997","website":"https://www.asianinemd.com/","housenumber":"254","street":"Crown Park Avenue","city":"Gaithersburg","postcode":"20878"}},{"type":"Feature","geometry":{"type":"Point","coordinates":[-77.21036,39.14862]},"properties":{"id":"way/1236542896","name":"Allure Jewelers","group":"shopping","category":"shop=jewelry","housenumber":"568","street":"North Frederick Avenue"}},{"type":"Feature","geometry":{"type":"Point","coordinates":[-77.21033,39.14857]},"properties":{"id":"way/1236542897","name":"Quickway Japanese Hibachi","group":"food","category":"amenity=restaurant","cuisine":"japanese","housenumber":"566","street":"North Frederick Avenue"}},{"type":"Feature","geometry":{"type":"Point","coordinates":[-77.21047,39.14812]},"properties":{"id":"way/1236542899","name":"Yu Zhou Cafe","group":"food","category":"amenity=restaurant","cuisine":"chinese","housenumber":"576","street":"North Frederick Avenue"}},{"type":"Feature","geometry":{"type":"Point","coordinates":[-77.21023,39.14845]},"properties":{"id":"way/1236542900","name":"Ronky Creative Hair Salon","group":"personal_care","category":"shop=hairdresser","housenumber":"562","street":"North Frederick Avenue"}},{"type":"Feature","geometry":{"type":"Point","coordinates":[-77.21017,39.14842]},"properties":{"id":"way/1236542901","name":"DMV Empanadas","group":"food","category":"amenity=restaurant","cuisine":"latin_american","housenumber":"560","street":"North Frederick Avenue","city":"Gaithersburg","postcode":"20877"}},{"type":"Feature","geometry":{"type":"Point","coordinates":[-77.20987,39.14817]},"properties":{"id":"way/1236542905","name":"Fix My Phone","group":"services","category":"craft=electronics_repair","housenumber":"550","street":"North Frederick Avenue"}},{"type":"Feature","geometry":{"type":"Point","coordinates":[-77.20991,39.14788]},"properties":{"id":"way/1236542906","name":"Gerstel Office Furniture","group":"shopping","category":"shop=furniture","hours":"Mo-Fr 09:00-17:30; Sa 10:00-17:00","phone":"+1-301-840-5395","website":"https://gerstelofficefurniture.com/","housenumber":"584","street":"North Frederick Avenue","city":"Gaithersburg","postcode":"20877"}},{"type":"Feature","geometry":{"type":"Point","coordinates":[-77.20911,39.1476]},"properties":{"id":"way/1236542914","name":"Naz's Halal","group":"food","category":"amenity=fast_food","housenumber":"522","street":"North Frederick Avenue"}},{"type":"Feature","geometry":{"type":"Point","coordinates":[-77.21046,39.14854]},"properties":{"id":"way/1236542919","name":"Symmetry Salon Studios","group":"personal_care","category":"shop=beauty","housenumber":"572","street":"North Frederick Avenue"}},{"type":"Feature","geometry":{"type":"Point","coordinates":[-77.20842,39.14745]},"properties":{"id":"way/1236554221","name":"Oak Barrel & Vine","group":"groceries","category":"shop=alcohol","housenumber":"512","street":"North Frederick Avenue"}},{"type":"Feature","geometry":{"type":"Point","coordinates":[-77.20849,39.14763]},"properties":{"id":"way/1236554222","name":"Lil Cakes & Creamery","group":"food","category":"shop=bakery","hours":"Su-Th 10:30-20:30; Fr,Sa 10:30-22:00","housenumber":"488","street":"North Frederick Avenue"}},{"type":"Feature","geometry":{"type":"Point","coordinates":[-77.20814,39.14788]},"properties":{"id":"way/1236554224","name":"Phanxi Nails & Spa","group":"personal_care","category":"shop=beauty","housenumber":"476","street":"North Frederick Avenue"}},{"type":"Feature","geometry":{"type":"Point","coordinates":[-77.20992,39.14821]},"properties":{"id":"way/1238506194","name":"Yogiberry","group":"food","category":"amenity=ice_cream","cuisine":"frozen_yogurt","housenumber":"552","street":"North Frederick Avenue","city":"Gaithersburg","postcode":"20877"}},{"type":"Feature","geometry":{"type":"Point","coordinates":[-77.18767,39.1169]},"properties":{"id":"way/1246024515","name":"Johnstone Supply","group":"services","category":"craft=hvac","housenumber":"9172","street":"Gaither Road"}},{"type":"Feature","geometry":{"type":"Point","coordinates":[-77.18842,39.11555]},"properties":{"id":"way/1246024517","name":"H&H Lock and Security","group":"services","category":"shop=locksmith","housenumber":"9140","street":"Gaither Road"}},{"type":"Feature","geometry":{"type":"Point","coordinates":[-77.18834,39.11576]},"properties":{"id":"way/1246024519","name":"EGI Printing & Graphics","group":"services","category":"shop=copyshop","housenumber":"9148","street":"Gaither Road"}},{"type":"Feature","geometry":{"type":"Point","coordinates":[-77.18839,39.11604]},"properties":{"id":"way/1246024521","name":"Parts Authority","group":"shopping","category":"shop=car_parts","housenumber":"9136","street":"Gaither Road"}},{"type":"Feature","geometry":{"type":"Point","coordinates":[-77.18835,39.11626]},"properties":{"id":"way/1246024523","name":"Morris Tile Distributors","group":"shopping","category":"shop=tiles","housenumber":"9132","street":"Gaither Road"}},{"type":"Feature","geometry":{"type":"Point","coordinates":[-77.18596,39.11804]},"properties":{"id":"way/1246717092","name":"Montgomery Kitchen & Bath","group":"shopping","category":"shop=kitchen","housenumber":"15906","street":"Luanne Drive"}},{"type":"Feature","geometry":{"type":"Point","coordinates":[-77.18591,39.11831]},"properties":{"id":"way/1246717095","name":"Gladiator Trophies","group":"shopping","category":"shop=trophy","housenumber":"15918","street":"Luanne Drive"}},{"type":"Feature","geometry":{"type":"Point","coordinates":[-77.18587,39.1185]},"properties":{"id":"way/1246717098","name":"Capital Quilts Sewing & Creativity Center","group":"shopping","category":"shop=fabric","housenumber":"15926","street":"Luanne Drive"}},{"type":"Feature","geometry":{"type":"Point","coordinates":[-77.18584,39.11863]},"properties":{"id":"way/1246717099","name":"The Bike Center LTD","group":"shopping","category":"shop=bicycle","housenumber":"15938","street":"Luanne Drive"}},{"type":"Feature","geometry":{"type":"Point","coordinates":[-77.18582,39.11871]},"properties":{"id":"way/1246717101","name":"I Do I Do Bridal","group":"shopping","category":"shop=clothes","housenumber":"15932","street":"Luanne Drive"}},{"type":"Feature","geometry":{"type":"Point","coordinates":[-77.18575,39.11903]},"properties":{"id":"way/1246717104","name":"Ski Center LTD","group":"shopping","category":"shop=ski","housenumber":"15944","street":"Luanne Drive"}},{"type":"Feature","geometry":{"type":"Point","coordinates":[-77.21844,39.14444]},"properties":{"id":"way/1319319857","name":"Speedy Laundromat","group":"services","category":"shop=laundry","housenumber":"66","street":"Bureau Drive"}},{"type":"Feature","geometry":{"type":"Point","coordinates":[-77.21862,39.14451]},"properties":{"id":"way/1319319858","name":"Madras Palace","group":"food","category":"amenity=restaurant","cuisine":"indian","website":"http://www.madraspalaceusa.com/","housenumber":"74","street":"Bureau Drive","postcode":"20878"}},{"type":"Feature","geometry":{"type":"Point","coordinates":[-77.21763,39.14328]},"properties":{"id":"way/1319319860","name":"Taco de Birria","group":"food","category":"amenity=restaurant","cuisine":"mexican","housenumber":"14","street":"Bureau Drive"}},{"type":"Feature","geometry":{"type":"Point","coordinates":[-77.21755,39.14341]},"properties":{"id":"way/1319319862","name":"BBill Hair Salon","group":"personal_care","category":"shop=hairdresser","housenumber":"20","street":"Bureau Drive"}},{"type":"Feature","geometry":{"type":"Point","coordinates":[-77.21751,39.14347]},"properties":{"id":"way/1319319863","name":"George's Hotpot & BBQ","group":"food","category":"amenity=restaurant","cuisine":"chinese;korean","housenumber":"24","street":"Bureau Drive"}},{"type":"Feature","geometry":{"type":"Point","coordinates":[-77.21731,39.14379]},"properties":{"id":"way/1319319864","name":"Play More Games","group":"shopping","category":"shop=games","website":"https://www.playmoregamestore.com/","housenumber":"42","street":"Bureau Drive"}},{"type":"Feature","geometry":{"type":"Point","coordinates":[-77.21743,39.1436]},"properties":{"id":"way/1319319865","name":"Massage Season","group":"personal_care","category":"shop=massage","housenumber":"30","street":"Bureau Drive"}},{"type":"Feature","geometry":{"type":"Point","coordinates":[-77.21739,39.14366]},"properties":{"id":"way/1319319866","name":"Merry Nails and Spa","group":"personal_care","category":"shop=beauty","housenumber":"34","street":"Bureau Drive"}},{"type":"Feature","geometry":{"type":"Point","coordinates":[-77.21735,39.14373]},"properties":{"id":"way/1319319867","name":"Diamond Square Beer & Wine","group":"groceries","category":"shop=alcohol","housenumber":"38","street":"Bureau Drive","city":"Gaithersburg","postcode":"20878"}},{"type":"Feature","geometry":{"type":"Point","coordinates":[-77.23836,39.12153]},"properties":{"id":"way/1323773758","name":"Rose Salon & Spa","group":"personal_care","category":"shop=beauty","housenumber":"329","street":"Main Street","city":"Gaithersburg","postcode":"20878"}},{"type":"Feature","geometry":{"type":"Point","coordinates":[-77.23844,39.12154]},"properties":{"id":"way/1323773759","name":"Empress Coffee & Cocktails","group":"food","category":"amenity=cafe","cuisine":"coffee_shop","housenumber":"325","street":"Main Street","city":"Gaithersburg","postcode":"20878"}},{"type":"Feature","geometry":{"type":"Point","coordinates":[-77.23853,39.12154]},"properties":{"id":"way/1323773760","name":"Carefoot Wellness Center","group":"personal_care","category":"shop=massage","housenumber":"321","street":"Main Street","city":"Gaithersburg","postcode":"20878"}},{"type":"Feature","geometry":{"type":"Point","coordinates":[-77.23861,39.12155]},"properties":{"id":"way/1323773761","name":"Yoyogi Sushi","group":"food","category":"amenity=restaurant","cuisine":"sushi","housenumber":"317","street":"Main Street","city":"Gaithersburg","postcode":"20878"}},{"type":"Feature","geometry":{"type":"Point","coordinates":[-77.23887,39.12156]},"properties":{"id":"way/1323773764","name":"MJ Hair Studio","group":"personal_care","category":"shop=hairdresser","housenumber":"304","street":"Main Street","city":"Gaithersburg","postcode":"20878"}},{"type":"Feature","geometry":{"type":"Point","coordinates":[-77.23803,39.12142]},"properties":{"id":"way/1324262619","name":"Miss Bride To Be Bridal","group":"shopping","category":"shop=clothes","housenumber":"341","street":"Main Street","city":"Gaithersburg","postcode":"20878"}},{"type":"Feature","geometry":{"type":"Point","coordinates":[-77.23809,39.12146]},"properties":{"id":"way/1324262620","name":"Drapery Designs","group":"shopping","category":"shop=curtain","housenumber":"337","street":"Main Street","city":"Gaithersburg","postcode":"20878"}},{"type":"Feature","geometry":{"type":"Point","coordinates":[-77.20318,39.14338]},"properties":{"id":"way/1387111691","name":"Lu Buffet & Grill","group":"food","category":"amenity=restaurant","cuisine":"chinese"}},{"type":"Feature","geometry":{"type":"Point","coordinates":[-77.20602,39.11495]},"properties":{"id":"way/1434964202","name":"Rowan Downtown Crown","group":"personal_care","category":"shop=beauty","phone":"+1-347-835-4289","website":"https://heyrowan.com/pages/about-downtown-crown-studio","housenumber":"126","street":"Crown Park Avenue","city":"Gaithersburg","postcode":"20878"}},{"type":"Feature","geometry":{"type":"Point","coordinates":[-77.18826,39.12087]},"properties":{"id":"relation/17170772","name":"Interstate Corporation","group":"services","category":"craft=roofer","housenumber":"16031","street":"Industrial Drive"}},{"type":"Feature","geometry":{"type":"Point","coordinates":[-77.41693,39.14594]},"properties":{"id":"node/158333455","name":"Bassett's","group":"food","category":"amenity=restaurant","cuisine":"american","phone":"+1-301-972-7443","website":"https://www.bassettsrestaurant.net/","housenumber":"17716","street":"Elgin Road","city":"Poolesville","postcode":"20837"}},{"type":"Feature","geometry":{"type":"Point","coordinates":[-77.43167,39.2957]},"properties":{"id":"node/358251471","name":"Lily Pons Water Garden","group":"shopping","category":"shop=garden_centre","phone":"+1-800-999-5459","website":"https://www.lilypons.com/","housenumber":"6800","street":"Lily Pons Road","city":"Adamstown","postcode":"21710"}},{"type":"Feature","geometry":{"type":"Point","coordinates":[-78.92848,39.65744]},"properties":{"id":"node/358252345","name":"Princess Restaurant","group":"food","category":"amenity=restaurant"}},{"type":"Feature","geometry":{"type":"Point","coordinates":[-77.74526,39.46196]},"properties":{"id":"node/479497780","name":"Battleview Market","group":"groceries","category":"shop=convenience","street":"Sharpsburg Pike"}},{"type":"Feature","geometry":{"type":"Point","coordinates":[-77.74869,39.45794]},"properties":{"id":"node/479671413","name":"Nutters","group":"food","category":"amenity=ice_cream","hours":"Mo-Su 13:00-21:00","housenumber":"100","street":"East Main Street"}},{"type":"Feature","geometry":{"type":"Point","coordinates":[-77.3769,39.32753]},"properties":{"id":"node/674383267","name":"club house","group":"food","category":"amenity=cafe"}},{"type":"Feature","geometry":{"type":"Point","coordinates":[-77.54569,39.49113]},"properties":{"id":"node/763618983","name":"club house","group":"food","category":"amenity=cafe"}},{"type":"Feature","geometry":{"type":"Point","coordinates":[-77.74819,39.45849]},"properties":{"id":"node/843547834","name":"Captain Bender's Tavern","group":"food","category":"amenity=pub","housenumber":"111","street":"East Main Street"}},{"type":"Feature","geometry":{"type":"Point","coordinates":[-77.52297,39.47754]},"properties":{"id":"node/852140776","name":"Club House","group":"food","category":"amenity=cafe"}},{"type":"Feature","geometry":{"type":"Point","coordinates":[-78.76259,39.65117]},"properties":{"id":"node/879249297","name":"Cafe Mark","group":"food","category":"amenity=cafe","website":"http://www.cafemarkcumberland.com/","street":"Baltimore Street"}},{"type":"Feature","geometry":{"type":"Point","coordinates":[-77.39688,39.37929]},"properties":{"id":"node/923362765","name":"Wickes Lumber Co (former)","group":"shopping","category":"shop=trade"}},{"type":"Feature","geometry":{"type":"Point","coordinates":[-77.25923,39.18373]},"properties":{"id":"node/1148534518","name":"Senor Tequila's","group":"food","category":"amenity=restaurant","hours":"Mo-We 11:30-22:00; Th, Fr 11:30-00:00; Sa 11:00-00:00; Su 11:00-22:00","phone":"+1-301-569-4574","website":"https://senortequilas.com/","housenumber":"20021","street":"Century Boulevard"}},{"type":"Feature","geometry":{"type":"Point","coordinates":[-77.2698,39.17824]},"properties":{"id":"node/1148536817","name":"Pelican Restaurant","group":"food","category":"amenity=restaurant"}},{"type":"Feature","geometry":{"type":"Point","coordinates":[-77.41194,39.62292]},"properties":{"id":"node/1417114900","name":"Thurmont Kountry Kitchen","group":"food","category":"amenity=restaurant","phone":"+1-301-271-4071","housenumber":"17","street":"Water Street","city":"Thurmont","postcode":"21788"}},{"type":"Feature","geometry":{"type":"Point","coordinates":[-77.71899,39.64329]},"properties":{"id":"node/1558217670","name":"Laila's Kitchen","group":"food","category":"amenity=restaurant","cuisine":"afghan","website":"http://www.lailaskitchen.com/","housenumber":"4","street":"East Franklin Street","postcode":"21740"}},{"type":"Feature","geometry":{"type":"Point","coordinates":[-77.7654,39.62998]},"properties":{"id":"node/1575869109","name":"Sitar of India","group":"food","category":"amenity=restaurant","cuisine":"indian","website":"https://www.sitarofindiamd.com/","housenumber":"110","street":"Railway Lane","postcode":"21740"}},{"type":"Feature","geometry":{"type":"Point","coordinates":[-79.2491,39.69416]},"properties":{"id":"node/1642710247","name":"Keyser's Ridge Auto-Truck Stop","group":"groceries","category":"shop=convenience","housenumber":"4008","street":"National Road","postcode":"21520"}},{"type":"Feature","geometry":{"type":"Point","coordinates":[-77.32727,39.7049]},"properties":{"id":"node/1684744003","name":"The Palms","group":"food","category":"amenity=restaurant","cuisine":"american"}},{"type":"Feature","geometry":{"type":"Point","coordinates":[-77.70961,39.63606]},"properties":{"id":"node/1821603090","name":"Supreme Buffet","group":"food","category":"amenity=restaurant","cuisine":"chinese"}},{"type":"Feature","geometry":{"type":"Point","coordinates":[-77.3995,39.64377]},"properties":{"id":"node/1914288138","name":"Pall Mall","group":"food","category":"amenity=restaurant","website":"https://www.pallmallusa.com/","housenumber":"7701","street":"Fitzgerald Road","postcode":"21788"}},{"type":"Feature","geometry":{"type":"Point","coordinates":[-77.6932,39.61398]},"properties":{"id":"node/1994751477","name":"Martins' Food","group":"groceries","category":"shop=supermarket"}},{"type":"Feature","geometry":{"type":"Point","coordinates":[-77.72053,39.68816]},"properties":{"id":"node/2003048299","name":"Route 11 Antique Mall","group":"shopping","category":"shop=antiques","street":"Pennsylvania Avenue","postcode":"21742"}},{"type":"Feature","geometry":{"type":"Point","coordinates":[-77.72036,39.68813]},"properties":{"id":"node/2003048301","name":"Booksavers","group":"shopping","category":"shop=books","website":"https://www.booksavers.org/","housenumber":"13625-B","street":"Pennsylvania Avenue","postcode":"21742"}},{"type":"Feature","geometry":{"type":"Point","coordinates":[-77.72035,39.68802]},"properties":{"id":"node/2005004579","name":"Ten Thousand Villages","group":"shopping","category":"shop=gift","website":"https://www.tenthousandvillages.com/","housenumber":"13625","street":"Pennsylvania Avenue","postcode":"21742"}},{"type":"Feature","geometry":{"type":"Point","coordinates":[-77.20833,39.28714]},"properties":{"id":"node/2017027617","name":"Hyatt Building Supply","group":"shopping","category":"shop=hardware"}},{"type":"Feature","geometry":{"type":"Point","coordinates":[-77.40596,39.38216]},"properties":{"id":"node/2148260155","name":"Duet with Music","group":"shopping","category":"shop=musical_instrument"}},{"type":"Feature","geometry":{"type":"Point","coordinates":[-77.41234,39.41435]},"properties":{"id":"node/2149531973","name":"Crabapples Delicatessen","group":"food","category":"amenity=cafe","cuisine":"sandwich","hours":"Mo-Fr 07:30-16:00; Sa 08:30-15:30","phone":"+1-301-694-0208","website":"https://www.crabapplesdeli.com","housenumber":"101","street":"West Patrick Street","postcode":"21701"}},{"type":"Feature","geometry":{"type":"Point","coordinates":[-77.41014,39.41302]},"properties":{"id":"node/2149635901","name":"Plaza Mexico Restaurant","group":"food","category":"amenity=restaurant","cuisine":"mexican","housenumber":"50","street":"Carroll Creek Way","city":"Frederick","postcode":"21701"}},{"type":"Feature","geometry":{"type":"Point","coordinates":[-77.41035,39.41302]},"properties":{"id":"node/2149635910","name":"Truth & Beauty","group":"food","category":"amenity=restaurant","cuisine":"american","hours":"Mo off; Tu-Th 11:30-22:00; Fr 11:30-24:00; Sa 11:00-24:00; Su 11:00-21:00","phone":"+1 301-682-2480","website":"http://truthandbeautymd.com/","housenumber":"50","street":"Carroll Creek Way","city":"Frederick","postcode":"21701"}},{"type":"Feature","geometry":{"type":"Point","coordinates":[-77.41025,39.41302]},"properties":{"id":"node/2149635916","name":"Sweeties","group":"food","category":"shop=confectionery","cuisine":"ice_cream","hours":"Mo-Th 12:00-21:00; Fr 12:00-22:00; Sa 11:00-22:30; Su 11:00-21:00","phone":"+1 240-439-4876","website":"https://sweetiescompany.com/store/","housenumber":"50","street":"Carroll Creek Way","city":"Frederick","postcode":"21701"}},{"type":"Feature","geometry":{"type":"Point","coordinates":[-77.40957,39.41301]},"properties":{"id":"node/2149635930","name":"The Wine Kitchen","group":"food","category":"amenity=restaurant","hours":"Tu-Th 12:00-21:00; Fr-Sa 12:00-22:00; Su 11:00-21:00; Mo closed","phone":"+1 301-663-6968","website":"https://www.thewinekitchen.com/location/frederick/","housenumber":"50","street":"Carroll Creek Way","postcode":"21701"}},{"type":"Feature","geometry":{"type":"Point","coordinates":[-77.41225,39.37273]},"properties":{"id":"node/2149915155","name":"WOW Cafe and Wingery","group":"food","category":"amenity=pub"}},{"type":"Feature","geometry":{"type":"Point","coordinates":[-77.37735,39.21866]},"properties":{"id":"node/2248824577","name":"Hilton Funeral Home","group":"services","category":"shop=funeral_directors","housenumber":"22111","street":"Beallsville Road","city":"Barnesville","postcode":"20838"}},{"type":"Feature","geometry":{"type":"Point","coordinates":[-77.37909,39.21603]},"properties":{"id":"node/2251086137","name":"Dancing Leaf Farm","group":"shopping","category":"shop=sewing","housenumber":"21920","street":"Beallsville Road","city":"Barnesville","postcode":"20838"}},{"type":"Feature","geometry":{"type":"Point","coordinates":[-77.24705,39.20107]},"properties":{"id":"node/2296550654","name":"La Gula Mexicana","group":"food","category":"amenity=restaurant","housenumber":"21030","street":"Frederick Road","city":"Germantown","postcode":"20876"}},{"type":"Feature","geometry":{"type":"Point","coordinates":[-77.26669,39.1811]},"properties":{"id":"node/2296563592","name":"Beers & Cheers","group":"groceries","category":"shop=alcohol","website":"https://www.facebook.com/pages/Beers-Cheers/145235690062","housenumber":"19827","street":"Century Boulevard","postcode":"20874"}},{"type":"Feature","geometry":{"type":"Point","coordinates":[-77.43728,39.44222]},"properties":{"id":"node/2340965981","name":"Pizza Blitz","group":"food","category":"amenity=restaurant","cuisine":"pizza"}},{"type":"Feature","geometry":{"type":"Point","coordinates":[-79.35633,39.56292]},"properties":{"id":"node/2362199616","name":"Shop 'N Save Fresh","group":"groceries","category":"shop=supermarket","hours":"Mo-Su 07:00-22:00"}},{"type":"Feature","geometry":{"type":"Point","coordinates":[-79.357,39.56276]},"properties":{"id":"node/2362199617","name":"Bear Creek Traders","group":"shopping","category":"shop=clothes","phone":"+1 301 387 2380","website":"https://www.bearcreektraders.com/"}},{"type":"Feature","geometry":{"type":"Point","coordinates":[-77.71873,39.64292]},"properties":{"id":"node/2387815960","name":"Hub City Convenience Store","group":"groceries","category":"shop=convenience"}},{"type":"Feature","geometry":{"type":"Point","coordinates":[-77.31279,39.28732]},"properties":{"id":"node/2424807635","name":"Burdette Brothers","group":"services","category":"shop=car_repair","phone":"+1-301-831-8855","housenumber":"1909","street":"Urbana Pike","city":"Hyattstown"}},{"type":"Feature","geometry":{"type":"Point","coordinates":[-77.34243,39.32595]},"properties":{"id":"node/2470393116","name":"Pho Yo Bubble","group":"food","category":"amenity=restaurant","cuisine":"vietnamese","website":"www.yo-bubble.com","housenumber":"3327","street":"Worthington Boulevard","city":"Ijamsville","postcode":"21704"}},{"type":"Feature","geometry":{"type":"Point","coordinates":[-77.34346,39.14535]},"properties":{"id":"node/2470456488","name":"Susanna Farm Nursery","group":"shopping","category":"shop=garden_centre","hours":"Su 10:00-16:00; Mo-Fr 08:00-17:00; Sa 09:00-17:00","phone":"+1-301-972-7513","housenumber":"17700","street":"White Ground Road","city":"Boyds Maryland","postcode":"20841"}},{"type":"Feature","geometry":{"type":"Point","coordinates":[-77.41141,39.41155]},"properties":{"id":"node/2502257785","name":"Silver Bakery","group":"food","category":"shop=bakery","phone":"+1-301-624-0014","housenumber":"107","street":"South Market Street","city":"Frederick","postcode":"21701"}},{"type":"Feature","geometry":{"type":"Point","coordinates":[-77.34817,39.32669]},"properties":{"id":"node/2642553931","name":"The Landon House","group":"food","category":"amenity=restaurant","cuisine":"american","website":"www.thelandonhouse.com","housenumber":"3401","street":"Urbana Pike","postcode":"21704"}},{"type":"Feature","geometry":{"type":"Point","coordinates":[-77.52918,39.27571]},"properties":{"id":"node/2689447938","name":"Aroma House","group":"food","category":"amenity=restaurant","cuisine":"pizza"}},{"type":"Feature","geometry":{"type":"Point","coordinates":[-77.52622,39.43897]},"properties":{"id":"node/2695164094","name":"James Gang Pizzeria","group":"food","category":"amenity=restaurant","cuisine":"pizza;italian;sandwich","phone":"+1-301-371-7777","website":"https://jamesgangpizzeria.com/","housenumber":"809","street":"East Main Street","city":"Middletown","postcode":"21769"}},{"type":"Feature","geometry":{"type":"Point","coordinates":[-77.54525,39.44474]},"properties":{"id":"node/2695164115","name":"Asian Cafe","group":"food","category":"amenity=restaurant","cuisine":"asian","phone":"+1-301-731-7088","housenumber":"7","street":"North Church Street","city":"Middletown","postcode":"21769"}},{"type":"Feature","geometry":{"type":"Point","coordinates":[-77.5459,39.44364]},"properties":{"id":"node/2695164117","name":"The Main Cup","group":"food","category":"amenity=restaurant","cuisine":"regional;burger;american","phone":"+1-888-979-5730","website":"https://www.themaincuprestaurant.com/","housenumber":"14","street":"West Main Street","city":"Middletown","postcode":"21769"}},{"type":"Feature","geometry":{"type":"Point","coordinates":[-77.54635,39.44377]},"properties":{"id":"node/2695164118","name":"Dempsey's Grille","group":"food","category":"amenity=restaurant","cuisine":"american;regional","phone":"+1-301-371-7400","housenumber":"116","street":"West Main Street","city":"Middletown","postcode":"21769"}},{"type":"Feature","geometry":{"type":"Point","coordinates":[-77.2777,39.15891]},"properties":{"id":"node/2713016927","name":"Buffalo Wings and Beer","group":"food","category":"amenity=restaurant","cuisine":"american"}},{"type":"Feature","geometry":{"type":"Point","coordinates":[-77.27926,39.16]},"properties":{"id":"node/2724419557","name":"Kingsview Beer & Wine","group":"groceries","category":"shop=alcohol"}},{"type":"Feature","geometry":{"type":"Point","coordinates":[-77.27825,39.1593]},"properties":{"id":"node/2724419559","name":"Montgomery County Liquor & Wine (Kingsview)","group":"groceries","category":"shop=alcohol"}},{"type":"Feature","geometry":{"type":"Point","coordinates":[-77.65439,39.50994]},"properties":{"id":"node/2783962978","name":"Marcy's Laundry","group":"services","category":"shop=laundry","housenumber":"203","street":"North Main Street","city":"Boonsboro","postcode":"21713"}},{"type":"Feature","geometry":{"type":"Point","coordinates":[-77.65269,39.50808]},"properties":{"id":"node/2794557481","name":"Bast of Boonsboro","group":"shopping","category":"shop=furniture"}},{"type":"Feature","geometry":{"type":"Point","coordinates":[-77.65228,39.50628]},"properties":{"id":"node/2794557482","name":"Jeovani's Pizzeria","group":"food","category":"amenity=restaurant","cuisine":"pizza","hours":"Mo-Su 11:00-21:00","phone":"+1-240-769-0021","website":"https://jeovanispizzeria.com/","housenumber":"2","street":"South Main Street","city":"Boonsboro","postcode":"21713"}},{"type":"Feature","geometry":{"type":"Point","coordinates":[-77.65195,39.50638]},"properties":{"id":"node/2794557483","name":"Sizzling Fajita","group":"food","category":"amenity=restaurant","cuisine":"mexican","hours":"Su 11:00-21:00; Mo-Sa 11:00-22:00","phone":"+1-240-769-0904","website":"https://sizzlingfajita.com/","housenumber":"3","street":"South Main Street","postcode":"21713"}},{"type":"Feature","geometry":{"type":"Point","coordinates":[-77.65219,39.50616]},"properties":{"id":"node/2794557486","name":"Boonsboro Liquors","group":"groceries","category":"shop=alcohol"}},{"type":"Feature","geometry":{"type":"Point","coordinates":[-77.3279,39.69433]},"properties":{"id":"node/2889081409","name":"O'Leary's Store","group":"shopping","category":"shop=gift"}},{"type":"Feature","geometry":{"type":"Point","coordinates":[-77.40685,39.38327]},"properties":{"id":"node/2910158497","name":"Reeds Jewelers","group":"shopping","category":"shop=jewelry","phone":"+1-301-696-9610","website":"https://www.reeds.com/","housenumber":"5500","street":"Buckeystown Pike","city":"Frederick","postcode":"21703"}},{"type":"Feature","geometry":{"type":"Point","coordinates":[-77.77113,39.625]},"properties":{"id":"node/2910162064","name":"REEDS Jewelers - Valley Mall","group":"shopping","category":"shop=jewelry","phone":"+1-301-582-0570","website":"https://www.reeds.com/","housenumber":"17301","street":"Valley Mall Rd.","city":"Hagerstown","postcode":"21740"}},{"type":"Feature","geometry":{"type":"Point","coordinates":[-77.41251,39.37193]},"properties":{"id":"node/3029760066","name":"Mayta's Peruvian Cuisine","group":"food","category":"amenity=restaurant","cuisine":"peruvian","housenumber":"5010","street":"Buckeystown Pike","city":"Frederick","postcode":"21704"}},{"type":"Feature","geometry":{"type":"Point","coordinates":[-78.76006,39.65031]},"properties":{"id":"node/3110345579","name":"Queen City Creamery & Deli","group":"food","category":"amenity=cafe","cuisine":"coffee;tea"}},{"type":"Feature","geometry":{"type":"Point","coordinates":[-78.74727,39.63604]},"properties":{"id":"node/3113566635","name":"Oscars","group":"food","category":"amenity=restaurant","cuisine":"italian"}},{"type":"Feature","geometry":{"type":"Point","coordinates":[-78.75969,39.6426]},"properties":{"id":"node/3113610429","name":"Patricks","group":"food","category":"amenity=pub"}},{"type":"Feature","geometry":{"type":"Point","coordinates":[-77.40272,39.42762]},"properties":{"id":"node/3158393017","name":"Bellisario's Pizza","group":"food","category":"amenity=restaurant","cuisine":"pizza;sandwich","hours":"Mo-Sa 11:00-20:30; Su off","phone":"+1 301-662-9233","website":"https://bellisariospizza.com/","housenumber":"934","street":"East Street","city":"Frederick","postcode":"21701"}},{"type":"Feature","geometry":{"type":"Point","coordinates":[-77.42519,39.60234]},"properties":{"id":"node/3158534161","name":"Market Basket","group":"groceries","category":"shop=convenience"}},{"type":"Feature","geometry":{"type":"Point","coordinates":[-77.4247,39.54308]},"properties":{"id":"node/3158542861","name":"Dirt Cheap","group":"groceries","category":"shop=variety_store"}},{"type":"Feature","geometry":{"type":"Point","coordinates":[-77.40266,39.50688]},"properties":{"id":"node/3158548661","name":"Kline Roofing","group":"services","category":"craft=roofer"}},{"type":"Feature","geometry":{"type":"Point","coordinates":[-77.41742,39.61515]},"properties":{"id":"node/3159222570","name":"Mountain View Convenience and Food Market","group":"groceries","category":"shop=convenience","housenumber":"140","street":"Frederick Road","city":"Thurmont","postcode":"21788"}},{"type":"Feature","geometry":{"type":"Point","coordinates":[-77.41761,39.61493]},"properties":{"id":"node/3159222572","name":"Fratelli's","group":"food","category":"amenity=restaurant","cuisine":"pizza","housenumber":"140","street":"Frederick Road","city":"Thurmont","postcode":"21788"}},{"type":"Feature","geometry":{"type":"Point","coordinates":[-77.41752,39.61506]},"properties":{"id":"node/3159222573","name":"Beer And Wine","group":"groceries","category":"shop=alcohol","housenumber":"140","street":"Frederick Road","city":"Thurmont","postcode":"21788"}},{"type":"Feature","geometry":{"type":"Point","coordinates":[-77.41122,39.62199]},"properties":{"id":"node/3159272462","name":"MedOne","group":"groceries","category":"amenity=pharmacy"}},{"type":"Feature","geometry":{"type":"Point","coordinates":[-77.41124,39.62372]},"properties":{"id":"node/3159614852","name":"Lorraine Shorb Photography","group":"services","category":"craft=photographer"}},{"type":"Feature","geometry":{"type":"Point","coordinates":[-77.4114,39.62378]},"properties":{"id":"node/3159614853","name":"Thurmont Barber & Styling","group":"personal_care","category":"shop=hairdresser"}},{"type":"Feature","geometry":{"type":"Point","coordinates":[-77.41115,39.6237]},"properties":{"id":"node/3159614855","name":"Twice is Nice","group":"shopping","category":"shop=second_hand"}},{"type":"Feature","geometry":{"type":"Point","coordinates":[-77.41098,39.62366]},"properties":{"id":"node/3159748756","name":"Gateway Flower and Gift Shop","group":"shopping","category":"shop=gift"}},{"type":"Feature","geometry":{"type":"Point","coordinates":[-77.41031,39.62349]},"properties":{"id":"node/3159748760","name":"Timeless Trends","group":"shopping","category":"shop=gift"}},{"type":"Feature","geometry":{"type":"Point","coordinates":[-77.41177,39.62337]},"properties":{"id":"node/3160029609","name":"Browns Jewelry and Gifts","group":"shopping","category":"shop=jewelry"}},{"type":"Feature","geometry":{"type":"Point","coordinates":[-77.41099,39.43801]},"properties":{"id":"node/3355020655","name":"D.F. Auto Service","group":"services","category":"shop=car_repair","housenumber":"1561","street":"Opossumtown Pike"}},{"type":"Feature","geometry":{"type":"Point","coordinates":[-77.7331,39.5882]},"properties":{"id":"node/3495823232","name":"Hagerstown Hardware","group":"shopping","category":"shop=hardware"}},{"type":"Feature","geometry":{"type":"Point","coordinates":[-77.25011,39.22878]},"properties":{"id":"node/3502149103","name":"Tutti Frutti","group":"food","category":"amenity=restaurant","cuisine":"ice_cream","housenumber":"22610","street":"Newcut Road","city":"Clarksburg","postcode":"20871"}},{"type":"Feature","geometry":{"type":"Point","coordinates":[-77.2495,39.22999]},"properties":{"id":"node/3502149104","name":"Pazzo Pomodoro","group":"food","category":"amenity=restaurant","cuisine":"pizza","website":"https://www.pazzopomodoro.com/","housenumber":"12051","street":"Chestnut Branch Way","city":"Clarksburg","postcode":"20871"}},{"type":"Feature","geometry":{"type":"Point","coordinates":[-77.24988,39.23029]},"properties":{"id":"node/3502149108","name":"Liquor Wine","group":"groceries","category":"shop=alcohol","hours":"Mo-Sa 12:00-19:00","housenumber":"12051","street":"Chestnut Branch Way","city":"Clarksburg","postcode":"20871"}},{"type":"Feature","geometry":{"type":"Point","coordinates":[-78.92565,39.65594]},"properties":{"id":"node/3541573196","name":"Eastern Express","group":"food","category":"amenity=restaurant","cuisine":"chinese"}},{"type":"Feature","geometry":{"type":"Point","coordinates":[-78.92564,39.65618]},"properties":{"id":"node/3541573198","name":"Shogun","group":"food","category":"amenity=restaurant","cuisine":"sushi"}},{"type":"Feature","geometry":{"type":"Point","coordinates":[-78.92682,39.65675]},"properties":{"id":"node/3541577791","name":"Mountain City Coffeehouse & Creamery","group":"food","category":"amenity=cafe","cuisine":"coffee_shop","housenumber":"60","street":"East Main Street","city":"Frostburg","postcode":"21532"}},{"type":"Feature","geometry":{"type":"Point","coordinates":[-78.92802,39.6574]},"properties":{"id":"node/3541583283","name":"Main Street Books","group":"shopping","category":"shop=books"}},{"type":"Feature","geometry":{"type":"Point","coordinates":[-78.92868,39.65763]},"properties":{"id":"node/3544666585","name":"J Bartles","group":"shopping","category":"shop=jewelry","housenumber":"24","street":"West Main Street","city":"Frostburg","postcode":"21532"}},{"type":"Feature","geometry":{"type":"Point","coordinates":[-78.91001,39.65069]},"properties":{"id":"node/3544699053","name":"Sand Springs 2 Go","group":"food","category":"amenity=restaurant","cuisine":"american","phone":"+13016978593","website":"https://sandspringssaloon.com/"}},{"type":"Feature","geometry":{"type":"Point","coordinates":[-78.91164,39.64921]},"properties":{"id":"node/3544712963","name":"Athays Hair Designs","group":"personal_care","category":"shop=hairdresser"}},{"type":"Feature","geometry":{"type":"Point","coordinates":[-78.91158,39.64934]},"properties":{"id":"node/3544712964","name":"PharmaCare","group":"groceries","category":"amenity=pharmacy"}},{"type":"Feature","geometry":{"type":"Point","coordinates":[-77.41629,39.37747]},"properties":{"id":"node/3545052093","name":"Kittiwat Thai Kitchen","group":"food","category":"amenity=restaurant","cuisine":"thai","phone":"+1-301-631-0999","housenumber":"5205","street":"Presidents Court","city":"Frederick","postcode":"21703"}},{"type":"Feature","geometry":{"type":"Point","coordinates":[-77.41625,39.37834]},"properties":{"id":"node/3545063193","name":"Manal\u00fa Bar & Grill","group":"food","category":"amenity=restaurant","cuisine":"italian"}},{"type":"Feature","geometry":{"type":"Point","coordinates":[-77.41096,39.41302]},"properties":{"id":"node/3563575919","name":"Electrolysis of Frederick","group":"personal_care","category":"shop=beauty"}},{"type":"Feature","geometry":{"type":"Point","coordinates":[-79.32493,39.50461]},"properties":{"id":"node/3575276203","name":"Honi-Honi Bar","group":"food","category":"amenity=bar","housenumber":"19745","street":"Garrett Highway","city":"Oakland","postcode":"21550"}},{"type":"Feature","geometry":{"type":"Point","coordinates":[-79.32234,39.51136]},"properties":{"id":"node/3575694743","name":"Copper Kettle Popcorn Factory","group":"shopping","category":"shop=gift","hours":"Mo-Fr 11:00-19:00; Sa-Su 10:00-22:00","phone":"+1 301 387 5655","website":"https://www.copperkettlepopcornfactory.com/","housenumber":"20282","street":"Garrett Highway","city":"Oakland","postcode":"21550"}},{"type":"Feature","geometry":{"type":"Point","coordinates":[-79.32234,39.51132]},"properties":{"id":"node/3595466674","name":"Fun Time Water Sports","group":"shopping","category":"shop=sports","phone":"+1 301 387 0725","website":"https://www.funtimewatersports.com/","housenumber":"20282","street":"Garrett Highway","city":"Oakland","postcode":"21550"}},{"type":"Feature","geometry":{"type":"Point","coordinates":[-77.19323,39.4228]},"properties":{"id":"node/3664100720","name":"Linganore Winecellars","group":"food","category":"craft=winery","phone":"+1 301 831 5889","website":"https://www.linganorewines.com/","housenumber":"13601","street":"Glissans Mill Road","city":"Mount Airy","postcode":"21771"}},{"type":"Feature","geometry":{"type":"Point","coordinates":[-77.41686,39.43219]},"properties":{"id":"node/3676850932","name":"Crown Wine & Spirits","group":"groceries","category":"shop=alcohol","phone":"+1 301 696 2888","housenumber":"1305","street":"West 7th Street","city":"Frederick","postcode":"21702"}},{"type":"Feature","geometry":{"type":"Point","coordinates":[-77.41007,39.39382]},"properties":{"id":"node/3720726507","name":"Cameron's Seafood","group":"groceries","category":"shop=seafood","phone":"+1-301-695-9005","housenumber":"5731","street":"Buckeystown Pike","city":"Frederick","postcode":"21704"}},{"type":"Feature","geometry":{"type":"Point","coordinates":[-77.40915,39.41416]},"properties":{"id":"node/3720819930","name":"Maxwell's","group":"food","category":"amenity=restaurant","hours":"Mo-Sa 11:30-21:00; Su 11:30-19:00","housenumber":"57","street":"East Patrick Street","city":"Frederick","postcode":"21701"}},{"type":"Feature","geometry":{"type":"Point","coordinates":[-77.26095,39.18332]},"properties":{"id":"node/3753130025","name":"Cochran Automotive Service Center","group":"services","category":"shop=car_repair","hours":"Mo-Fr 07:30-17:00","phone":"+13019724120","housenumber":"19961","street":"Aircraft Drive","city":"Germantown","postcode":"20874"}},{"type":"Feature","geometry":{"type":"Point","coordinates":[-77.26093,39.18327]},"properties":{"id":"node/3753130026","name":"Germantown Tire & Automotive","group":"services","category":"shop=car_repair","housenumber":"19971","street":"Aircraft Drive"}},{"type":"Feature","geometry":{"type":"Point","coordinates":[-77.39406,39.44767]},"properties":{"id":"node/3755276306","name":"Candle Day Spa","group":"personal_care","category":"shop=beauty","hours":"Mo-Fr 10:00-20:00; Sa 09:00-19:00; Su 10:00-18:00","phone":"+1-301-662-8135","website":"https://candledayspa.com","housenumber":"2480","street":"Osprey Way","city":"Frederick","postcode":"21701"}},{"type":"Feature","geometry":{"type":"Point","coordinates":[-77.39443,39.44744]},"properties":{"id":"node/3755276309","name":"Phenix Salon Suites","group":"personal_care","category":"shop=beauty","phone":"+1 667-223-1787","website":"https://phenixsalonsuites.com/store/frederick/","housenumber":"220","street":"Shorebird Street","city":"Frederick","postcode":"21701"}},{"type":"Feature","geometry":{"type":"Point","coordinates":[-77.77307,39.70988]},"properties":{"id":"node/3760627175","name":"Givney Florist","group":"shopping","category":"shop=florist"}},{"type":"Feature","geometry":{"type":"Point","coordinates":[-77.41599,39.39727]},"properties":{"id":"node/3790858144","name":"Pacific Kitchen & Home","group":"shopping","category":"shop=interior_decoration","phone":"+1-240-215-2021","website":"http://www.pacificsales.com","housenumber":"7300","street":"Guilford Drive","city":"Frederick","postcode":"21704"}},{"type":"Feature","geometry":{"type":"Point","coordinates":[-77.41012,39.414]},"properties":{"id":"node/3825506357","name":"Jojo's Restaurant & Tap House","group":"food","category":"amenity=restaurant","housenumber":"18","street":"East Patrick Street","city":"Frederick","postcode":"21701"}},{"type":"Feature","geometry":{"type":"Point","coordinates":[-77.71874,39.64113]},"properties":{"id":"node/3829467909","name":"Washington Street Pawnbrokers","group":"services","category":"shop=pawnbroker"}},{"type":"Feature","geometry":{"type":"Point","coordinates":[-77.70477,39.6345]},"properties":{"id":"node/3835841371","name":"McCarthy Tire Service","group":"services","category":"shop=car_repair"}},{"type":"Feature","geometry":{"type":"Point","coordinates":[-77.70523,39.63471]},"properties":{"id":"node/3835841372","name":"House of Kobe","group":"food","category":"amenity=restaurant","cuisine":"japanese"}},{"type":"Feature","geometry":{"type":"Point","coordinates":[-77.50223,39.42409]},"properties":{"id":"node/3837391432","name":"Braddock Motors","group":"shopping","category":"shop=car"}},{"type":"Feature","geometry":{"type":"Point","coordinates":[-77.40808,39.44137]},"properties":{"id":"node/3931514269","name":"Amber Meadows Liquors","group":"groceries","category":"shop=alcohol","phone":"+1 301-694-6678","housenumber":"183C","street":"Thomas Johnson Drive","city":"Frederick","postcode":"21702"}},{"type":"Feature","geometry":{"type":"Point","coordinates":[-77.40791,39.44137]},"properties":{"id":"node/3931514271","name":"Sanctuary Salon","group":"personal_care","category":"shop=beauty","housenumber":"183D","street":"Thomas Johnson Drive"}},{"type":"Feature","geometry":{"type":"Point","coordinates":[-77.40753,39.44129]},"properties":{"id":"node/3989088998","name":"Amber Meadow Cleaners","group":"services","category":"shop=dry_cleaning"}},{"type":"Feature","geometry":{"type":"Point","coordinates":[-77.40771,39.44132]},"properties":{"id":"node/3989088999","name":"Chicken Basket","group":"food","category":"amenity=restaurant","cuisine":"chicken","phone":"+1 301-662-9733","housenumber":"181C","street":"Thomas Johnson Drive"}},{"type":"Feature","geometry":{"type":"Point","coordinates":[-77.40767,39.4413]},"properties":{"id":"node/3989089001","name":"Lucky House","group":"food","category":"amenity=restaurant","cuisine":"chinese","phone":"+1-301-228-3880; +1-301-228-2959"}},{"type":"Feature","geometry":{"type":"Point","coordinates":[-77.40781,39.44132]},"properties":{"id":"node/3989089003","name":"V&A Nails","group":"personal_care","category":"shop=beauty","hours":"Mo-Fr 09:30-19:00, Sa 09:00-18:00, Su closed","phone":"+1 301-620-7197","website":"https://www.vanails.com/","housenumber":"181D","street":"Thomas Johnson Drive"}},{"type":"Feature","geometry":{"type":"Point","coordinates":[-77.41216,39.41282]},"properties":{"id":"node/4017072689","name":"Frederick Social","group":"food","category":"amenity=restaurant","hours":"Mo-Tu 12:00-21:00; We-Th 12:00-22:00; Fr 12:00-23:00; Sa 11:00-23:00; Su 11:00-19:00"}},{"type":"Feature","geometry":{"type":"Point","coordinates":[-77.47472,39.31078]},"properties":{"id":"node/4046049989","name":"Italia New York Pizza 2","group":"food","category":"amenity=restaurant","cuisine":"italian","hours":"Mo-Su 11:00-21:00","website":"https://www.italianewyorkpizzatwo.com/","housenumber":"5549","street":"Mountville Road","city":"Adamstown","postcode":"21710"}},{"type":"Feature","geometry":{"type":"Point","coordinates":[-77.25849,39.38568]},"properties":{"id":"node/4073605716","name":"Pasquales","group":"food","category":"amenity=restaurant","cuisine":"pizza","hours":"Mo off; Tu-Th 10:30-22:00; Fr,Sa 10:30-23:00; Su 11:00-22:00","phone":"+1 301-882-7103","website":"https://www.pasqualesmd.com/","housenumber":"11670","street":"Old National Pike","city":"New Market","postcode":"21774"}},{"type":"Feature","geometry":{"type":"Point","coordinates":[-77.27642,39.23794]},"properties":{"id":"node/4133700359","name":"Up Country","group":"groceries","category":"shop=alcohol","housenumber":"23229","street":"Stringtown Road","city":"Clarksburg","postcode":"20871"}},{"type":"Feature","geometry":{"type":"Point","coordinates":[-77.27674,39.23773]},"properties":{"id":"node/4134442562","name":"Pizza 500","group":"food","category":"amenity=restaurant","cuisine":"pizza","housenumber":"23221","street":"Stringtown Road","city":"Clarksburg","postcode":"20871"}},{"type":"Feature","geometry":{"type":"Point","coordinates":[-77.27727,39.2374]},"properties":{"id":"node/4134446336","name":"Clarksburg Barbershop","group":"personal_care","category":"shop=hairdresser","housenumber":"23203","street":"Stringtown Road","city":"Clarksburg","postcode":"20871"}},{"type":"Feature","geometry":{"type":"Point","coordinates":[-77.277,39.23757]},"properties":{"id":"node/4134446337","name":"Thrive Pharmacy","group":"groceries","category":"amenity=pharmacy","housenumber":"23213","street":"Stringtown Road","city":"Clarksburg","postcode":"20871"}},{"type":"Feature","geometry":{"type":"Point","coordinates":[-77.27689,39.23764]},"properties":{"id":"node/4134446338","name":"Deja Vu II Nail Spa","group":"personal_care","category":"shop=beauty","housenumber":"23217","street":"Stringtown Road","city":"Clarksburg","postcode":"20871"}},{"type":"Feature","geometry":{"type":"Point","coordinates":[-77.27718,39.23744]},"properties":{"id":"node/4134680288","name":"Majorica Cafe","group":"food","category":"amenity=cafe","housenumber":"23207","street":"Stringtown Road","city":"Clarksburg","postcode":"20871"}},{"type":"Feature","geometry":{"type":"Point","coordinates":[-77.27712,39.23748]},"properties":{"id":"node/4134695389","name":"China Spring","group":"food","category":"amenity=restaurant","housenumber":"23209","street":"Stringtown Road","city":"Clarksburg","postcode":"20871"}},{"type":"Feature","geometry":{"type":"Point","coordinates":[-78.60873,39.54102]},"properties":{"id":"node/4190448308","name":"Schoolhouse Kitchen","group":"food","category":"amenity=restaurant"}},{"type":"Feature","geometry":{"type":"Point","coordinates":[-77.23665,39.18049]},"properties":{"id":"node/4238774789","name":"Yuraku Japanese Restaurant","group":"food","category":"amenity=restaurant","cuisine":"japanese","hours":"Tu-Sa 11:00-14:30, Tu-Sa 16:30-21:00, Su 11:30-20:00","phone":"+13015157440","website":"yurakusushi.com","housenumber":"19773","street":"Frederick Road","city":"Germantown","postcode":"20876"}},{"type":"Feature","geometry":{"type":"Point","coordinates":[-78.76152,39.65175]},"properties":{"id":"node/4248715651","name":"Baltimore St. Grill","group":"food","category":"amenity=pub","housenumber":"86","street":"Baltimore St"}},{"type":"Feature","geometry":{"type":"Point","coordinates":[-78.76162,39.65198]},"properties":{"id":"node/4248747338","name":"M&M Bake Shop","group":"food","category":"shop=bakery","housenumber":"84","street":"Baltimore St"}},{"type":"Feature","geometry":{"type":"Point","coordinates":[-77.62781,39.31312]},"properties":{"id":"node/4287064830","name":"Foot Work Shoes","group":"shopping","category":"shop=shoes","housenumber":"25","street":"West Potomac Street"}},{"type":"Feature","geometry":{"type":"Point","coordinates":[-77.39899,39.44032]},"properties":{"id":"node/4319711301","name":"Monocacy Brewing Company","group":"food","category":"craft=brewery","hours":"Th, Fr 16:00-20:00; Sa 12:00-20:00; Su 12:00-18:00","housenumber":"1781","street":"North Market Street","city":"Frederick","postcode":"21701"}},{"type":"Feature","geometry":{"type":"Point","coordinates":[-77.39121,39.40928]},"properties":{"id":"node/4319976360","name":"Olde Mother Brewing","group":"food","category":"craft=brewery","hours":"Th 16:00-20:00; Fr 16:00-22:00; Sa 12:00-22:00; Su 12:00-19:00","housenumber":"911","street":"East Patrick Street","city":"Frederick","postcode":"21701"}},{"type":"Feature","geometry":{"type":"Point","coordinates":[-77.39822,39.4397]},"properties":{"id":"node/4326346664","name":"Dublin Roasters","group":"food","category":"amenity=cafe","hours":"Mo-Fr 07:00-18:00; Sa 09:00-16:00; Su 10:00-16:00","phone":"+1-240-575-9929","website":"http://www.dublinroasterscoffee.com/","housenumber":"1780","street":"North Market Street","city":"Frederick","postcode":"21701"}},{"type":"Feature","geometry":{"type":"Point","coordinates":[-77.62822,39.31279]},"properties":{"id":"node/4341938428","name":"Five Dances Wellness Center","group":"personal_care","category":"shop=massage","housenumber":"15","street":"West Potomac Street","city":"Brunswick","postcode":"21716"}},{"type":"Feature","geometry":{"type":"Point","coordinates":[-77.62719,39.31302]},"properties":{"id":"node/4341938430","name":"Bridgeway Bikes","group":"shopping","category":"shop=bicycle"}},{"type":"Feature","geometry":{"type":"Point","coordinates":[-77.73382,39.60672]},"properties":{"id":"node/4343323793","name":"Legacy Furniture","group":"shopping","category":"shop=furniture"}},{"type":"Feature","geometry":{"type":"Point","coordinates":[-77.73326,39.60647]},"properties":{"id":"node/4343446189","name":"CASA Furniture","group":"shopping","category":"shop=furniture"}},{"type":"Feature","geometry":{"type":"Point","coordinates":[-77.7346,39.60792]},"properties":{"id":"node/4343446212","name":"A\u00e9ropostal","group":"shopping","category":"shop=clothes"}},{"type":"Feature","geometry":{"type":"Point","coordinates":[-77.73407,39.60911]},"properties":{"id":"node/4343465190","name":"Wilsons Leather Outlet","group":"shopping","category":"shop=clothes"}},{"type":"Feature","geometry":{"type":"Point","coordinates":[-77.73001,39.60918]},"properties":{"id":"node/4344288726","name":"AC&T Market","group":"food","category":"amenity=fast_food"}},{"type":"Feature","geometry":{"type":"Point","coordinates":[-77.38922,39.40706]},"properties":{"id":"node/4386496493","name":"JR's Pizza","group":"food","category":"amenity=restaurant"}},{"type":"Feature","geometry":{"type":"Point","coordinates":[-77.41687,39.37822]},"properties":{"id":"node/4389059619","name":"Westview Liquors","group":"groceries","category":"shop=alcohol","housenumber":"5213","street":"Presidents Court","city":"Frederick","postcode":"21703"}},{"type":"Feature","geometry":{"type":"Point","coordinates":[-77.41639,39.37764]},"properties":{"id":"node/4389059620","name":"Baltimore Coffee & Tea","group":"food","category":"shop=coffee","hours":"Mo-Fr 06:30-18:00; Sa 07:30-17:00; Su 08:30-16:00","phone":"+1-301-631-0030","website":"https://www.baltcoffee.com","housenumber":"5209","street":"Presidents Court","city":"Frederick","postcode":"21703"}},{"type":"Feature","geometry":{"type":"Point","coordinates":[-77.41123,39.44814]},"properties":{"id":"node/4407214117","name":"Rocky's New York Pizza and Italian Restaurant","group":"food","category":"amenity=restaurant","cuisine":"pizza","hours":"Mo-Th 11:00-22:00; Fr 11:00-23:00; Sa 11:00-22:00; Su 12:00-20:00","housenumber":"200","street":"Amber Drive"}},{"type":"Feature","geometry":{"type":"Point","coordinates":[-78.84708,39.57846]},"properties":{"id":"node/4418028895","name":"Penny's One Stop","group":"groceries","category":"shop=convenience"}},{"type":"Feature","geometry":{"type":"Point","coordinates":[-77.35426,39.11182]},"properties":{"id":"node/4427754367","name":"Homestead Farm","group":"groceries","category":"shop=farm","hours":"Tu-Su 09:00-16:00","website":"https://homestead-farm.net/","housenumber":"15604","street":"Sugarland Road","city":"Poolesville","postcode":"20837"}},{"type":"Feature","geometry":{"type":"Point","coordinates":[-77.42197,39.38151]},"properties":{"id":"node/4434449138","name":"Toppings Pizza Company","group":"food","category":"amenity=restaurant","cuisine":"pizza","website":"https://www.toppingspizza.com/","housenumber":"5330","street":"New Design Road","city":"Frederick","postcode":"21703"}},{"type":"Feature","geometry":{"type":"Point","coordinates":[-77.68938,39.61264]},"properties":{"id":"node/4478497976","name":"Wise Guys Tattoo & Body Piercing","group":"personal_care","category":"shop=tattoo","phone":"+1-301-733-8343","website":"http://wgtattoos.com","housenumber":"1826","street":"Dual Highway","city":"Hagerstown","postcode":"21740"}},{"type":"Feature","geometry":{"type":"Point","coordinates":[-77.41026,39.42189]},"properties":{"id":"node/4518808898","name":"Cafe 611 Restaurant","group":"food","category":"amenity=restaurant","hours":"Mo-Tu,Su off; We-Th 15:00-19:30; Fr-Sa 15:00-25:00","phone":"+1-301-631-1460","website":"http://cafe611.com","housenumber":"611","street":"North Market Street","city":"Frederick","postcode":"21701"}},{"type":"Feature","geometry":{"type":"Point","coordinates":[-79.40752,39.40719]},"properties":{"id":"node/4557654008","name":"A-1 Appliance Repair","group":"shopping","category":"shop=appliance"}},{"type":"Feature","geometry":{"type":"Point","coordinates":[-77.41077,39.4147]},"properties":{"id":"node/4569019571","name":"Cacique","group":"food","category":"amenity=restaurant","cuisine":"mexican","hours":"Mo-Th,Su 11:30-22:00; Fr-Sa 11:30-23:00","phone":"+1-301-695-2756","website":"https://www.caciquerestaurants.com/","housenumber":"26","street":"North Market Street","city":"Frederick","postcode":"21701"}},{"type":"Feature","geometry":{"type":"Point","coordinates":[-78.7808,39.6507]},"properties":{"id":"node/4627224478","name":"Bella Napoli","group":"food","category":"amenity=restaurant","cuisine":"pizza"}},{"type":"Feature","geometry":{"type":"Point","coordinates":[-78.78065,39.65076]},"properties":{"id":"node/4627224479","name":"Beckman's Pharmacy","group":"groceries","category":"amenity=pharmacy"}},{"type":"Feature","geometry":{"type":"Point","coordinates":[-77.31455,39.28657]},"properties":{"id":"node/4664685398","name":"County Line Jewelry","group":"shopping","category":"shop=jewelry","housenumber":"1896","street":"Urbana Pike","city":"Clarksburg","postcode":"20871"}},{"type":"Feature","geometry":{"type":"Point","coordinates":[-77.49382,39.71276]},"properties":{"id":"node/4669271658","name":"Chocolate Park Tavern","group":"food","category":"amenity=bar","hours":"12:00-24:00","housenumber":"14433","street":"Macafee Hill Road","city":"Highfield-Cascade","postcode":"21719"}},{"type":"Feature","geometry":{"type":"Point","coordinates":[-78.83465,39.63628]},"properties":{"id":"node/4684543306","name":"Grand China Buffet","group":"food","category":"amenity=restaurant","cuisine":"chinese"}},{"type":"Feature","geometry":{"type":"Point","coordinates":[-78.83411,39.63779]},"properties":{"id":"node/4684543315","name":"Sterling Optical","group":"personal_care","category":"shop=optician"}},{"type":"Feature","geometry":{"type":"Point","coordinates":[-77.39699,39.44666]},"properties":{"id":"node/4726959338","name":"Madrones American Grill","group":"food","category":"amenity=restaurant","cuisine":"american","hours":"Mo-Th 11:00-23:00; Fr 11:00-24:00; Sa 10:00-24:00; Su 10:00-22:30","phone":"+1 240-439-4010","website":"https://madrones.net","housenumber":"7810","street":"Wormans Mill Road","city":"Frederick","postcode":"21701"}},{"type":"Feature","geometry":{"type":"Point","coordinates":[-78.76032,39.65043]},"properties":{"id":"node/4757183122","name":"Mezzos Tavern","group":"food","category":"amenity=bar","cuisine":"american;local;sandwich;grill","hours":"Mo-Su 12:00-24:00","website":"https://www.mezzosbar.com/","street":"114 S Centre St","postcode":"21502"}},{"type":"Feature","geometry":{"type":"Point","coordinates":[-77.40492,39.41536]},"properties":{"id":"node/4842558229","name":"Frederick Coffee Company & Cafe","group":"food","category":"amenity=cafe","hours":"Mo-Su 06:00-18:00"}},{"type":"Feature","geometry":{"type":"Point","coordinates":[-77.39493,39.44761]},"properties":{"id":"node/4906433896","name":"The Mint Room","group":"food","category":"amenity=restaurant","housenumber":"221","street":"Shorebird Street","city":"Frederick","postcode":"21701"}},{"type":"Feature","geometry":{"type":"Point","coordinates":[-77.39481,39.44776]},"properties":{"id":"node/4906433897","name":"Black Hog BBQ & Bar","group":"food","category":"amenity=restaurant","cuisine":"barbecue","hours":"11:00-22:00","phone":"+1-301-662-9600","housenumber":"221 Unit A","street":"Shorebird Street","city":"Frederick","postcode":"21701"}},{"type":"Feature","geometry":{"type":"Point","coordinates":[-77.24707,39.20125]},"properties":{"id":"node/4952360921","name":"A1 Nails","group":"personal_care","category":"shop=beauty","housenumber":"21030","street":"Frederick Road","city":"Germantown"}},{"type":"Feature","geometry":{"type":"Point","coordinates":[-77.24678,39.20101]},"properties":{"id":"node/4952360923","name":"Music & Arts","group":"shopping","category":"shop=art_supplies","housenumber":"21040","street":"Frederick Road","city":"Germantown","postcode":"20876"}},{"type":"Feature","geometry":{"type":"Point","coordinates":[-77.24688,39.201]},"properties":{"id":"node/4952360926","name":"Don Pollo","group":"food","category":"amenity=restaurant","hours":"Mo-Su 10:30-21:30","housenumber":"21040","street":"Frederick Road","city":"Germantown","postcode":"20876"}},{"type":"Feature","geometry":{"type":"Point","coordinates":[-77.39649,39.44609]},"properties":{"id":"node/4997400590","name":"The Bicycle Escape","group":"shopping","category":"shop=bicycle","housenumber":"7820","street":"Wormans Mill Road","city":"Frederick","postcode":"21701"}},{"type":"Feature","geometry":{"type":"Point","coordinates":[-77.40276,39.41198]},"properties":{"id":"node/4997416984","name":"Attaboy Brewery","group":"food","category":"craft=brewery","housenumber":"400","street":"Sagner Avenue","city":"Frederick","postcode":"21701"}},{"type":"Feature","geometry":{"type":"Point","coordinates":[-77.40595,39.39784]},"properties":{"id":"node/5178463132","name":"Affordable Signs & Neon","group":"shopping","category":"shop=Custom_signs_&_neon","hours":"Mo-Fr 08:00-17:00","housenumber":"5915","street":"Urbana Pike","city":"Frederick","postcode":"21704"}},{"type":"Feature","geometry":{"type":"Point","coordinates":[-77.40609,39.39806]},"properties":{"id":"node/5178463133","name":"Aireco","group":"shopping","category":"shop=HVAC_supply","hours":"Mo-Fr 07:00-16:30","housenumber":"5915","street":"Urbana Pike","city":"Frederick","postcode":"21704"}},{"type":"Feature","geometry":{"type":"Point","coordinates":[-77.41424,39.39744]},"properties":{"id":"node/5178480121","name":"Off Broadway Shoes","group":"shopping","category":"shop=shoes","housenumber":"7340","street":"Guilford Drive","city":"Frederick","postcode":"21704"}},{"type":"Feature","geometry":{"type":"Point","coordinates":[-77.41644,39.39513]},"properties":{"id":"node/5178480130","name":"Next Day Blinds","group":"shopping","category":"shop=window_blind","housenumber":"7224","street":"Guilford Drive","city":"Frederick","postcode":"21704"}},{"type":"Feature","geometry":{"type":"Point","coordinates":[-77.41208,39.39266]},"properties":{"id":"node/5178525326","name":"Common Market","group":"groceries","category":"shop=supermarket","hours":"Mo-Su 08:00-22:00","phone":"+1-301-663-3416","housenumber":"5728","street":"Buckeystown Pike","city":"Frederick","postcode":"21704"}},{"type":"Feature","geometry":{"type":"Point","coordinates":[-77.39916,39.44022]},"properties":{"id":"node/5200463198","name":"The Flying Barrel","group":"groceries","category":"shop=alcohol"}},{"type":"Feature","geometry":{"type":"Point","coordinates":[-77.77227,39.62656]},"properties":{"id":"node/5203106321","name":"Valley Wine & Spirits","group":"groceries","category":"shop=wine"}},{"type":"Feature","geometry":{"type":"Point","coordinates":[-77.41125,39.413]},"properties":{"id":"node/5226918636","name":"Hootch and Banter","group":"food","category":"amenity=restaurant","cuisine":"american","phone":"+1 301-732-4971","website":"https://hootchandbanter.com/","housenumber":"49","street":"South Market Street"}},{"type":"Feature","geometry":{"type":"Point","coordinates":[-78.76369,39.65407]},"properties":{"id":"node/5246282781","name":"JJ's & Sons Pizzeria","group":"food","category":"amenity=restaurant","phone":"+1 301 777 3994","housenumber":"158","street":"North Centre Street"}},{"type":"Feature","geometry":{"type":"Point","coordinates":[-79.14101,39.69689]},"properties":{"id":"node/5247451059","name":"The Cornucopia Caf\u00e9","group":"food","category":"amenity=cafe","phone":"+1 301-895-8142","website":"https://www.thecornucopiacafe.com/","housenumber":"146","street":"Casselman Road","city":"Grantsville"}},{"type":"Feature","geometry":{"type":"Point","coordinates":[-77.71864,39.65679]},"properties":{"id":"node/5307369502","name":"Spa Warehouse","group":"shopping","category":"shop=swimming_pool"}},{"type":"Feature","geometry":{"type":"Point","coordinates":[-77.72538,39.64808]},"properties":{"id":"node/5307370022","name":"King Kutz","group":"personal_care","category":"shop=hairdresser"}},{"type":"Feature","geometry":{"type":"Point","coordinates":[-77.59022,39.6414]},"properties":{"id":"node/5320386387","name":"Shop and Save","group":"groceries","category":"shop=convenience","housenumber":"22401","street":"Jefferson Boulevard","city":"Smithsburg","postcode":"21783"}},{"type":"Feature","geometry":{"type":"Point","coordinates":[-77.71434,39.62586]},"properties":{"id":"node/5320512271","name":"Dolce Pizza","group":"food","category":"amenity=cafe","cuisine":"pizza","hours":"Mo-Sa 11:00-21:00","housenumber":"792","street":"Frederick Street","city":"Hagerstown","postcode":"21740"}},{"type":"Feature","geometry":{"type":"Point","coordinates":[-77.20325,39.2886]},"properties":{"id":"node/5341610441","name":"Fast Fuels","group":"groceries","category":"shop=convenience","phone":"+1 301 391-6101"}},{"type":"Feature","geometry":{"type":"Point","coordinates":[-79.36281,39.55653]},"properties":{"id":"node/5355427167","name":"Wispers Mountainside Bar","group":"food","category":"amenity=bar"}},{"type":"Feature","geometry":{"type":"Point","coordinates":[-79.36312,39.55661]},"properties":{"id":"node/5355427169","name":"DC's Bar and Restaurant","group":"food","category":"amenity=restaurant"}},{"type":"Feature","geometry":{"type":"Point","coordinates":[-77.25808,39.38374]},"properties":{"id":"node/5378325702","name":"Morgan's American Grill","group":"food","category":"amenity=restaurant","website":"morgansamericangrill.com"}},{"type":"Feature","geometry":{"type":"Point","coordinates":[-77.2584,39.38378]},"properties":{"id":"node/5378325704","name":"Family Cleaners","group":"services","category":"shop=dry_cleaning"}},{"type":"Feature","geometry":{"type":"Point","coordinates":[-77.25855,39.3838]},"properties":{"id":"node/5378325706","name":"Countryside Liquors","group":"groceries","category":"shop=alcohol"}},{"type":"Feature","geometry":{"type":"Point","coordinates":[-77.25875,39.38402]},"properties":{"id":"node/5378325709","name":"Med One New Market Pharmacy","group":"groceries","category":"amenity=pharmacy"}},{"type":"Feature","geometry":{"type":"Point","coordinates":[-77.25811,39.38607]},"properties":{"id":"node/5378339322","name":"Asian Bistro","group":"food","category":"amenity=restaurant"}},{"type":"Feature","geometry":{"type":"Point","coordinates":[-77.25817,39.38602]},"properties":{"id":"node/5378339323","name":"Jim's House of Music","group":"shopping","category":"shop=musical_instrument"}},{"type":"Feature","geometry":{"type":"Point","coordinates":[-77.39087,39.41156]},"properties":{"id":"node/5443781245","name":"Frederick Self Storage","group":"services","category":"shop=storage_rental","hours":"Su-Tu 11:00-23:00; Fr-Sa 11:00-24:00","phone":"+1-301-662-7575","website":"https://selfstorageservicesinc.com/locations/maryland/frederick-storage-units/120-monroe-ave/","housenumber":"120","street":"Monroe Avenue","city":"Frederick","postcode":"21701"}},{"type":"Feature","geometry":{"type":"Point","coordinates":[-77.73378,39.60809]},"properties":{"id":"node/5489560421","name":"Hagerstown Premium Outlets","group":"shopping","category":"shop=department_store","housenumber":"495","street":"Premium Outlets Boulevard","postcode":"21740"}},{"type":"Feature","geometry":{"type":"Point","coordinates":[-77.41653,39.43142]},"properties":{"id":"node/5506834254","name":"Bonefish","group":"food","category":"amenity=restaurant","cuisine":"fish","hours":"Mo-Th 11:00-22:00; Fr,Sa 11:00-23:00; Su 11:00-21:00"}},{"type":"Feature","geometry":{"type":"Point","coordinates":[-77.41686,39.43145]},"properties":{"id":"node/5506834256","name":"Jack's Subs and Pizza","group":"food","category":"amenity=fast_food","cuisine":"sandwich","hours":"Mo,Fr,Sa 11:00-21:00; Tu-Th,Su 11:00-20:30"}},{"type":"Feature","geometry":{"type":"Point","coordinates":[-77.41672,39.43132]},"properties":{"id":"node/5506834257","name":"Glory Days","group":"food","category":"amenity=restaurant","cuisine":"american","hours":"Mo-Sa 11:00-24:00, Su 11:00-23:00"}},{"type":"Feature","geometry":{"type":"Point","coordinates":[-77.39347,39.44503]},"properties":{"id":"node/5541506226","name":"Hippy Chick Hummus","group":"food","category":"amenity=restaurant","cuisine":"smoothie;juice","hours":"Mo-Sa 11:00-18:00; Su 13:00-18:00","website":"https://www.hippychickhummus.com/"}},{"type":"Feature","geometry":{"type":"Point","coordinates":[-77.41558,39.42684]},"properties":{"id":"node/5607774489","name":"Hunan","group":"food","category":"amenity=restaurant","cuisine":"chinese","phone":"+1 301-695-0446","website":"https://www.hunangourmetfrederick.com","housenumber":"915","street":"West 7th Street"}},{"type":"Feature","geometry":{"type":"Point","coordinates":[-77.41801,39.42785]},"properties":{"id":"node/5607775672","name":"Ye Old Spirit Shop","group":"groceries","category":"shop=alcohol","hours":"Mo-Th,Sa 09:00-21:00; Fr 09:00-22:00; Su 12:00-18:00","phone":"+1 301-662-4803","website":"https://www.yeoldspirit.com","housenumber":"1005","street":"West 7th Street"}},{"type":"Feature","geometry":{"type":"Point","coordinates":[-79.14123,39.69649]},"properties":{"id":"node/5608316142","name":"Penn Alps","group":"food","category":"amenity=restaurant","cuisine":"american","website":"https://www.pennalps.com/"}},{"type":"Feature","geometry":{"type":"Point","coordinates":[-77.51833,39.43502]},"properties":{"id":"node/5610492954","name":"Aleko's Village Cafe","group":"food","category":"amenity=restaurant","cuisine":"greek","hours":"Mo-Th 11:00-20:00 || Fr-Sa 11:00-20:30","phone":"+1-301-371-3500","website":"https://alekosvillagecafe.com/","housenumber":"4304","street":"Old National Pike","city":"Middletown","postcode":"21769"}},{"type":"Feature","geometry":{"type":"Point","coordinates":[-77.48931,39.42327]},"properties":{"id":"node/5628651263","name":"Fort Knox Self Storage","group":"services","category":"shop=storage_rental","hours":"Mo-Sa 09:00-17:00","phone":"+1-301-371-4700","website":"https://selfstorageservicesinc.com/locations/maryland/frederick-storage-units/5106-old-national-pike","housenumber":"5106","street":"Old National Pike","city":"Frederick","postcode":"21702"}},{"type":"Feature","geometry":{"type":"Point","coordinates":[-77.72024,39.64392]},"properties":{"id":"node/5656701313","name":"Broad Axe","group":"food","category":"amenity=restaurant","cuisine":"american","housenumber":"28","street":"West Franklin Street","city":"Hagerstown"}},{"type":"Feature","geometry":{"type":"Point","coordinates":[-77.44101,39.41833]},"properties":{"id":"node/5683565732","name":"Rick's Fish & Pet Supply","group":"shopping","category":"shop=pet","hours":"Mo-Sa 10:00-21:00; Su 11:00-18:00","phone":"+1-301-694-9664","website":"http://www.ricksfishandpet.com/","housenumber":"1003","street":"West Patrick Street","city":"Frederick","postcode":"21702"}},{"type":"Feature","geometry":{"type":"Point","coordinates":[-77.41085,39.41369]},"properties":{"id":"node/5684831847","name":"Potters' Guild of Frederick","group":"services","category":"craft=pottery","phone":"+1-301-360-0640","website":"https://www.pottersguildoffrederick.com/","housenumber":"14","street":"South Market Street","city":"Frederick","postcode":"21701"}},{"type":"Feature","geometry":{"type":"Point","coordinates":[-77.26415,39.18251]},"properties":{"id":"node/5693160370","name":"Quickfire Hibachi","group":"food","category":"amenity=restaurant","cuisine":"japanese","hours":"Mo-Sa 11:00-22:00, Su 11:00-21:00","website":"http://www.quickfirejapanesehibachimd.com/","housenumber":"19869","street":"Century Boulevard","city":"Germantown","postcode":"20874"}},{"type":"Feature","geometry":{"type":"Point","coordinates":[-77.34552,39.09478]},"properties":{"id":"node/5696685375","name":"Rocklands Farm","group":"groceries","category":"shop=farm","hours":"Fr 16:00-21:00; Sa 12:00-20:00; Su 12:00-18:00","phone":"+1-301-825-8075","website":"https://www.rocklandsfarmmd.com/","housenumber":"14531","street":"Montevideo Road","city":"Poolesville","postcode":"20837"}},{"type":"Feature","geometry":{"type":"Point","coordinates":[-77.43184,39.42847]},"properties":{"id":"node/5749918331","name":"Fintastic Aquariums of Frederick","group":"shopping","category":"shop=pet","website":"https://fintasticmaryland.com/","housenumber":"1713","street":"Rosemont Avenue","city":"Frederick","postcode":"21702"}},{"type":"Feature","geometry":{"type":"Point","coordinates":[-77.3145,39.28676]},"properties":{"id":"node/5762635526","name":"Laurienzo Brick Oven Cafe","group":"food","category":"amenity=restaurant","cuisine":"pizza;pasta;sandwich","hours":"Mo off; Tu-Su 11:30-20:30","housenumber":"1896","street":"Urbana Pike"}},{"type":"Feature","geometry":{"type":"Point","coordinates":[-77.26963,39.1782]},"properties":{"id":"node/5791482097","name":"Asia Cafe","group":"food","category":"amenity=cafe","phone":"+1-301-528-6610","website":"http://asiacafegermantown.com","housenumber":"12937","street":"Wisteria Drive","city":"Germantown","postcode":"20874"}},{"type":"Feature","geometry":{"type":"Point","coordinates":[-78.83428,39.63775]},"properties":{"id":"node/5843255239","name":"Rio Grande Mexican Restaurant","group":"food","category":"amenity=restaurant","cuisine":"mexican","hours":"Mo-Sa 11:00-22:00; Su 11:00-21:00","phone":"+1-240-362-7311","website":"https://riograndeinc.com","housenumber":"1217","street":"National Highway","city":"Cumberland","postcode":"21502"}},{"type":"Feature","geometry":{"type":"Point","coordinates":[-77.16423,39.45931]},"properties":{"id":"node/5882893507","name":"Black Ankle Vineyards","group":"food","category":"craft=winery","website":"https://www.blackankle.com/","housenumber":"14463","street":"Black Ankle Road","city":"Mount Airy","postcode":"21771"}},{"type":"Feature","geometry":{"type":"Point","coordinates":[-77.13556,39.46522]},"properties":{"id":"node/5882893508","name":"Elk Run Vineyards","group":"food","category":"craft=winery","website":"https://elkrun.com/","housenumber":"15112","street":"Liberty Road","city":"Mt Airy","postcode":"21771"}},{"type":"Feature","geometry":{"type":"Point","coordinates":[-77.17571,39.4765]},"properties":{"id":"node/5882893509","name":"Loew Vineyards","group":"food","category":"craft=winery","website":"https://www.loewvineyards.net/home.html","housenumber":"14001","street":"Liberty Road","city":"Mt Airy","postcode":"21771"}},{"type":"Feature","geometry":{"type":"Point","coordinates":[-77.60352,39.45823]},"properties":{"id":"node/5903940127","name":"South Mountain Creamery","group":"food","category":"amenity=ice_cream","website":"https://southmountaincreamery.com/visit/","housenumber":"8305","street":"Bolivar Road","city":"Middletown","postcode":"21769"}},{"type":"Feature","geometry":{"type":"Point","coordinates":[-77.40997,39.38883]},"properties":{"id":"node/6020207248","name":"Beyond Comics","group":"shopping","category":"shop=books","housenumber":"5632","street":"Buckeystown Pike"}},{"type":"Feature","geometry":{"type":"Point","coordinates":[-77.2224,39.16044]},"properties":{"id":"node/6033487397","name":"Jo's Comfort Zone","group":"shopping","category":"shop=shoes","hours":"Mo-Fr 11:00-19:00; Sa 10:00-18:00; Su 12:00-16:00","phone":"+1 301-330-2436","website":"https://joscomfortzone.com/","housenumber":"218","street":"Spectrum Avenue","city":"Gaithersburg","postcode":"20879"}},{"type":"Feature","geometry":{"type":"Point","coordinates":[-77.20523,39.29007]},"properties":{"id":"node/6044809367","name":"Jimmie Cone","group":"food","category":"amenity=ice_cream","housenumber":"26420","street":"Ridge Road","city":"Damascus","postcode":"20872"}},{"type":"Feature","geometry":{"type":"Point","coordinates":[-77.20778,39.28463]},"properties":{"id":"node/6044813758","name":"J & P's Pizza Restaurant","group":"food","category":"amenity=restaurant","cuisine":"pizza;italian"}},{"type":"Feature","geometry":{"type":"Point","coordinates":[-77.23532,39.24163]},"properties":{"id":"node/6044822717","name":"Cedar Grove Convenience Store","group":"groceries","category":"shop=convenience"}},{"type":"Feature","geometry":{"type":"Point","coordinates":[-77.39655,39.44595]},"properties":{"id":"node/6101560607","name":"Music & Arts;Soft Touch Nails & Spa","group":"shopping","category":"shop=musical_instrument","housenumber":"7820","street":"Wormans Mill Road","city":"Frederick","postcode":"21701"}},{"type":"Feature","geometry":{"type":"Point","coordinates":[-77.39659,39.44591]},"properties":{"id":"node/6101560609","name":"Bubbles","group":"personal_care","category":"shop=hairdresser","housenumber":"7820","street":"Wormans Mill Road","city":"Frederick","postcode":"21701"}},{"type":"Feature","geometry":{"type":"Point","coordinates":[-77.41211,39.41434]},"properties":{"id":"node/6173171885","name":"The Perfect Blend","group":"food","category":"amenity=cafe","hours":"Mo-Fr 07:00-16:00; Sa 08:00-15:00"}},{"type":"Feature","geometry":{"type":"Point","coordinates":[-77.72524,39.61255]},"properties":{"id":"node/6260670213","name":"Turtle\u2019s Subs","group":"food","category":"amenity=cafe","cuisine":"sandwich","housenumber":"120","street":"East Oak Ridge Drive","city":"Hagerstown","postcode":"21740"}},{"type":"Feature","geometry":{"type":"Point","coordinates":[-77.71124,39.64009]},"properties":{"id":"node/6268420005","name":"Gameroom Garage","group":"shopping","category":"shop=antiques","housenumber":"367","street":"East Franklin Street","city":"Hagerstown","postcode":"21740"}},{"type":"Feature","geometry":{"type":"Point","coordinates":[-77.47828,39.42123]},"properties":{"id":"node/6308607871","name":"Meadows Farms Nursery","group":"shopping","category":"shop=garden_centre"}},{"type":"Feature","geometry":{"type":"Point","coordinates":[-77.51712,39.43447]},"properties":{"id":"node/6308882569","name":"Trinity Salon & Spa","group":"personal_care","category":"shop=hairdresser"}},{"type":"Feature","geometry":{"type":"Point","coordinates":[-77.5183,39.43393]},"properties":{"id":"node/6308882574","name":"TT&K Nails","group":"personal_care","category":"shop=beauty"}},{"type":"Feature","geometry":{"type":"Point","coordinates":[-77.51821,39.43387]},"properties":{"id":"node/6308882575","name":"Middletown Pharmacay","group":"groceries","category":"shop=chemist"}},{"type":"Feature","geometry":{"type":"Point","coordinates":[-77.51789,39.43354]},"properties":{"id":"node/6308882582","name":"Fogles Automotive","group":"services","category":"shop=car_repair"}},{"type":"Feature","geometry":{"type":"Point","coordinates":[-77.529,39.43442]},"properties":{"id":"node/6308951607","name":"Valley Grill Sports Bar","group":"food","category":"amenity=bar"}},{"type":"Feature","geometry":{"type":"Point","coordinates":[-77.52995,39.4374]},"properties":{"id":"node/6308951626","name":"Cinco de Mayo","group":"food","category":"amenity=restaurant","cuisine":"mexican"}},{"type":"Feature","geometry":{"type":"Point","coordinates":[-77.37969,39.41588]},"properties":{"id":"node/6309001633","name":"Airways Inn of Frederick","group":"food","category":"amenity=restaurant","cuisine":"diner"}},{"type":"Feature","geometry":{"type":"Point","coordinates":[-78.78375,39.64917]},"properties":{"id":"node/6315584756","name":"Downtown Dollar","group":"shopping","category":"shop=florist"}},{"type":"Feature","geometry":{"type":"Point","coordinates":[-77.27353,39.17554]},"properties":{"id":"node/6327937379","name":"Provisions","group":"food","category":"amenity=cafe"}},{"type":"Feature","geometry":{"type":"Point","coordinates":[-77.26999,39.47372]},"properties":{"id":"node/6361551142","name":"The House of Style","group":"personal_care","category":"shop=hairdresser"}},{"type":"Feature","geometry":{"type":"Point","coordinates":[-77.2699,39.47379]},"properties":{"id":"node/6361551143","name":"Frank's Pizza of Libertytown","group":"food","category":"amenity=restaurant","cuisine":"pizza;italian","hours":"Mo-Su 11:00-21:00","phone":"+1 301-304-9327","website":"https://frankspizzaoflibertytown.com/","housenumber":"11339","street":"Liberty Road","city":"Libertytown","postcode":"21762"}},{"type":"Feature","geometry":{"type":"Point","coordinates":[-77.26975,39.47395]},"properties":{"id":"node/6361551144","name":"The Healthy Horse and Pet","group":"shopping","category":"shop=pet","hours":"Mo-Fr 10:00-18:00; Sa 10:00-16:00","phone":"+1-443-745-0207","website":"http://www.healthy-horse-and-pet.com/","housenumber":"11339","street":"Liberty Road","city":"Frederick","postcode":"21701"}},{"type":"Feature","geometry":{"type":"Point","coordinates":[-77.26982,39.47388]},"properties":{"id":"node/6361551167","name":"Spirit of Liberty","group":"groceries","category":"shop=alcohol","hours":"Mo-Sa 10:00-21:00; Su 11:00-19:00","phone":"+1-301-304-5553","housenumber":"11339","street":"Liberty Road","city":"Frederick","postcode":"21701"}},{"type":"Feature","geometry":{"type":"Point","coordinates":[-77.44533,39.41927]},"properties":{"id":"node/6382318685","name":"Il Forno Pizzeria","group":"food","category":"amenity=restaurant","hours":"Mo-Th,Su 11:30-21:45; Fr-Sa 11:30-22:45","phone":"+1 301-846-0422","website":"http://www.ilfornopizzeria.net/","housenumber":"1035","street":"West Patrick Street"}},{"type":"Feature","geometry":{"type":"Point","coordinates":[-77.25301,39.34372]},"properties":{"id":"node/6388427495","name":"The Buzz","group":"food","category":"amenity=cafe","website":"https://www.thebuzzgreenvalley.com/"}},{"type":"Feature","geometry":{"type":"Point","coordinates":[-77.25293,39.34374]},"properties":{"id":"node/6388427496","name":"Young Chow","group":"food","category":"amenity=restaurant","cuisine":"chinese"}},{"type":"Feature","geometry":{"type":"Point","coordinates":[-77.25285,39.34375]},"properties":{"id":"node/6388427497","name":"Monrovia Salon","group":"personal_care","category":"shop=beauty"}},{"type":"Feature","geometry":{"type":"Point","coordinates":[-77.25277,39.34377]},"properties":{"id":"node/6388427498","name":"Community Care Rx","group":"groceries","category":"amenity=pharmacy"}},{"type":"Feature","geometry":{"type":"Point","coordinates":[-77.25261,39.3438]},"properties":{"id":"node/6388427500","name":"Green Valley Carry-Out","group":"food","category":"amenity=restaurant"}},{"type":"Feature","geometry":{"type":"Point","coordinates":[-77.25253,39.34381]},"properties":{"id":"node/6388427501","name":"Green Valley Wine and Spirits","group":"groceries","category":"shop=alcohol"}},{"type":"Feature","geometry":{"type":"Point","coordinates":[-78.76374,39.65432]},"properties":{"id":"node/6437388785","name":"Corner Tavern & Cafe","group":"food","category":"amenity=cafe","housenumber":"171","street":"North Centre Street"}},{"type":"Feature","geometry":{"type":"Point","coordinates":[-77.26546,39.1818]},"properties":{"id":"node/6437449185","name":"Sabai Sabai Simply Thai","group":"food","category":"amenity=restaurant","phone":"+1 301-528-1400","website":"https://www.sabaisimplythai.com/","housenumber":"19847","street":"Century Boulevard"}},{"type":"Feature","geometry":{"type":"Point","coordinates":[-77.78347,39.6126]},"properties":{"id":"node/6450861687","name":"Scoop-A-Licious & More","group":"food","category":"amenity=ice_cream","housenumber":"16904","street":"Virginia Avenue"}},{"type":"Feature","geometry":{"type":"Point","coordinates":[-78.7671,39.65568]},"properties":{"id":"node/6481187890","name":"Statik","group":"personal_care","category":"shop=hairdresser"}},{"type":"Feature","geometry":{"type":"Point","coordinates":[-78.76865,39.65709]},"properties":{"id":"node/6481187893","name":"Ask Jesse","group":"shopping","category":"shop=computer"}},{"type":"Feature","geometry":{"type":"Point","coordinates":[-78.78113,39.66416]},"properties":{"id":"node/6481187895","name":"Personal Best Athletes","group":"shopping","category":"shop=sports"}},{"type":"Feature","geometry":{"type":"Point","coordinates":[-78.77005,39.65787]},"properties":{"id":"node/6481187897","name":"Fox\u2019s Den Pizza","group":"food","category":"amenity=restaurant","cuisine":"pizza"}},{"type":"Feature","geometry":{"type":"Point","coordinates":[-78.76213,39.65128]},"properties":{"id":"node/6481187898","name":"Morton\u2019s Jewelry","group":"shopping","category":"shop=jewelry","housenumber":"57","street":"Baltimore Street","city":"Cumberland"}},{"type":"Feature","geometry":{"type":"Point","coordinates":[-78.76274,39.65089]},"properties":{"id":"node/6481187900","name":"Uncle Jacks Pizzeria & Pub","group":"food","category":"amenity=pub","cuisine":"pizza","street":"South Mechanic Street"}},{"type":"Feature","geometry":{"type":"Point","coordinates":[-78.76439,39.65404]},"properties":{"id":"node/6481187902","name":"Caporale\u2019s Bakery","group":"food","category":"shop=bakery"}},{"type":"Feature","geometry":{"type":"Point","coordinates":[-78.77377,39.65889]},"properties":{"id":"node/6481187906","name":"High Point Furniture Outlet","group":"shopping","category":"shop=furniture"}},{"type":"Feature","geometry":{"type":"Point","coordinates":[-78.7682,39.6569]},"properties":{"id":"node/6481187907","name":"Healing Hands Massage","group":"personal_care","category":"shop=massage"}},{"type":"Feature","geometry":{"type":"Point","coordinates":[-78.7618,39.65092]},"properties":{"id":"node/6481187908","name":"Cartridges Galore Video Games","group":"shopping","category":"shop=video_games"}},{"type":"Feature","geometry":{"type":"Point","coordinates":[-78.76952,39.65779]},"properties":{"id":"node/6481187911","name":"Epic Pharmacies","group":"groceries","category":"shop=chemist"}},{"type":"Feature","geometry":{"type":"Point","coordinates":[-78.76203,39.65129]},"properties":{"id":"node/6481187912","name":"City Lights","group":"food","category":"amenity=restaurant","cuisine":"american","phone":"+1 301 722 9800","housenumber":"59","street":"Baltimore Street","city":"Cumberland","postcode":"21502"}},{"type":"Feature","geometry":{"type":"Point","coordinates":[-78.76246,39.65121]},"properties":{"id":"node/6481187913","name":"Terry\u2019s Jewelry","group":"shopping","category":"shop=jewelry","street":"Baltimore Street"}},{"type":"Feature","geometry":{"type":"Point","coordinates":[-78.7651,39.65465]},"properties":{"id":"node/6481187916","name":"Reptilian Arts","group":"shopping","category":"shop=pet","hours":"Mo-Fr 09:00-16:30","phone":"+1-301-892-5405","website":"https://reptilianarts.com/","housenumber":"205","street":"North Mechanic Street","city":"Cumberland","postcode":"21502"}},{"type":"Feature","geometry":{"type":"Point","coordinates":[-78.77137,39.65766]},"properties":{"id":"node/6481187918","name":"Bill\u2019s Muffler Shop","group":"services","category":"shop=car_repair"}},{"type":"Feature","geometry":{"type":"Point","coordinates":[-78.76497,39.65386]},"properties":{"id":"node/6481187919","name":"The Cumberland Corner Laundry","group":"services","category":"shop=laundry"}},{"type":"Feature","geometry":{"type":"Point","coordinates":[-78.77269,39.65824]},"properties":{"id":"node/6481187920","name":"True Value Hardware Of Cumberland","group":"shopping","category":"shop=hardware"}},{"type":"Feature","geometry":{"type":"Point","coordinates":[-78.76814,39.65627]},"properties":{"id":"node/6481187921","name":"The Salon","group":"personal_care","category":"shop=beauty"}},{"type":"Feature","geometry":{"type":"Point","coordinates":[-78.77565,39.65948]},"properties":{"id":"node/6481187923","name":"Kimble\u2019s Excelo Liquors","group":"groceries","category":"shop=alcohol"}},{"type":"Feature","geometry":{"type":"Point","coordinates":[-78.76878,39.65713]},"properties":{"id":"node/6481187924","name":"Bridges Beauty Salon","group":"personal_care","category":"shop=hairdresser"}},{"type":"Feature","geometry":{"type":"Point","coordinates":[-78.76195,39.65132]},"properties":{"id":"node/6481187925","name":"Manhattan Golf and Gallery","group":"shopping","category":"shop=sports","street":"Baltimore Street"}},{"type":"Feature","geometry":{"type":"Point","coordinates":[-78.78112,39.66384]},"properties":{"id":"node/6481187926","name":"Kline\u2019s Restaurant","group":"food","category":"amenity=restaurant"}},{"type":"Feature","geometry":{"type":"Point","coordinates":[-78.76969,39.65742]},"properties":{"id":"node/6481187928","name":"Gianni\u2019s Pizza & Wings","group":"food","category":"amenity=restaurant","cuisine":"pizza"}},{"type":"Feature","geometry":{"type":"Point","coordinates":[-78.76232,39.65123]},"properties":{"id":"node/6481187929","name":"Barkin Basement","group":"shopping","category":"shop=second_hand","website":"https://www.barkinbasementthriftshop.com/","housenumber":"45","street":"Baltimore Street","city":"Cumberland","postcode":"21502"}},{"type":"Feature","geometry":{"type":"Point","coordinates":[-78.76118,39.6519]},"properties":{"id":"node/6481830185","name":"Awesome Gifts & Collectibles","group":"groceries","category":"shop=variety_store"}},{"type":"Feature","geometry":{"type":"Point","coordinates":[-78.76211,39.65267]},"properties":{"id":"node/6481830190","name":"The Studio","group":"personal_care","category":"shop=beauty"}},{"type":"Feature","geometry":{"type":"Point","coordinates":[-78.76077,39.65163]},"properties":{"id":"node/6481830193","name":"Western Maryland Music Center","group":"shopping","category":"shop=music"}},{"type":"Feature","geometry":{"type":"Point","coordinates":[-78.76231,39.65245]},"properties":{"id":"node/6481830200","name":"Mountain Shine Creative","group":"shopping","category":"shop=craft"}},{"type":"Feature","geometry":{"type":"Point","coordinates":[-78.762,39.6525]},"properties":{"id":"node/6481830206","name":"Lew Lew Belle","group":"shopping","category":"shop=clothes"}},{"type":"Feature","geometry":{"type":"Point","coordinates":[-78.76152,39.65225]},"properties":{"id":"node/6481830210","name":"Book Center","group":"shopping","category":"shop=books"}},{"type":"Feature","geometry":{"type":"Point","coordinates":[-78.76212,39.65222]},"properties":{"id":"node/6481830212","name":"Curtis Famous Weiners","group":"food","category":"amenity=restaurant","cuisine":"burger"}},{"type":"Feature","geometry":{"type":"Point","coordinates":[-78.76184,39.65229]},"properties":{"id":"node/6481830219","name":"Sow\u2019s Ear Antiques","group":"shopping","category":"shop=antiques"}},{"type":"Feature","geometry":{"type":"Point","coordinates":[-78.76179,39.6522]},"properties":{"id":"node/6481830226","name":"Sammies","group":"food","category":"amenity=restaurant","cuisine":"american"}},{"type":"Feature","geometry":{"type":"Point","coordinates":[-78.75868,39.64611]},"properties":{"id":"node/6481830227","name":"Martin's","group":"groceries","category":"shop=supermarket"}},{"type":"Feature","geometry":{"type":"Point","coordinates":[-78.76099,39.65104]},"properties":{"id":"node/6481830229","name":"Divine Reflections","group":"personal_care","category":"shop=beauty"}},{"type":"Feature","geometry":{"type":"Point","coordinates":[-78.76084,39.65068]},"properties":{"id":"node/6481830232","name":"SPECS","group":"personal_care","category":"shop=optician"}},{"type":"Feature","geometry":{"type":"Point","coordinates":[-78.75994,39.64735]},"properties":{"id":"node/6481830234","name":"CapitalTristate","group":"shopping","category":"shop=hardware"}},{"type":"Feature","geometry":{"type":"Point","coordinates":[-78.7618,39.65273]},"properties":{"id":"node/6481830237","name":"Hush Skin Care & Mountain Massage","group":"personal_care","category":"shop=beauty"}},{"type":"Feature","geometry":{"type":"Point","coordinates":[-78.76089,39.65194]},"properties":{"id":"node/6481830239","name":"The Culinaire Caf\u00e9","group":"food","category":"amenity=restaurant","cuisine":"american"}},{"type":"Feature","geometry":{"type":"Point","coordinates":[-78.76064,39.65166]},"properties":{"id":"node/6481830241","name":"Mr. Toad\u2019s Pottery","group":"shopping","category":"shop=craft"}},{"type":"Feature","geometry":{"type":"Point","coordinates":[-77.40397,39.38499]},"properties":{"id":"node/6644337057","name":"Anchor Bar","group":"food","category":"amenity=restaurant","phone":"+1-240-651-5580","housenumber":"5605","street":"Spectrum Drive","city":"Frederick","postcode":"21703"}},{"type":"Feature","geometry":{"type":"Point","coordinates":[-77.25839,39.38579]},"properties":{"id":"node/6880146728","name":"Tamara & Co. Salon and Spa","group":"personal_care","category":"shop=beauty"}},{"type":"Feature","geometry":{"type":"Point","coordinates":[-77.25873,39.38388]},"properties":{"id":"node/6880146741","name":"Euphoria Wellness Dispensary","group":"shopping","category":"shop=cannabis"}},{"type":"Feature","geometry":{"type":"Point","coordinates":[-77.25872,39.38395]},"properties":{"id":"node/6880146742","name":"Shear Images Salon","group":"personal_care","category":"shop=hairdresser","phone":"+1 301 831 3418"}},{"type":"Feature","geometry":{"type":"Point","coordinates":[-77.34569,39.39857]},"properties":{"id":"node/6885595128","name":"Spring Ridge Cleaners","group":"services","category":"shop=dry_cleaning","housenumber":"6081","street":"Spring Ridge Parkway","city":"Frederick","postcode":"21701"}},{"type":"Feature","geometry":{"type":"Point","coordinates":[-77.34685,39.39963]},"properties":{"id":"node/6887576978","name":"Spring Ridge Barbershop","group":"personal_care","category":"shop=hairdresser","housenumber":"6105","street":"Spring Ridge Parkway","city":"Frederick","postcode":"21701"}},{"type":"Feature","geometry":{"type":"Point","coordinates":[-77.34661,39.39956]},"properties":{"id":"node/6887576980","name":"New York J&P Pizza","group":"food","category":"amenity=restaurant","cuisine":"italian","website":"https://newyorkjandppizza.com/","housenumber":"6103","street":"Spring Ridge Parkway","city":"Frederick","postcode":"21701"}},{"type":"Feature","geometry":{"type":"Point","coordinates":[-77.34652,39.39954]},"properties":{"id":"node/6887576981","name":"Great Wall","group":"food","category":"amenity=restaurant","housenumber":"6099","street":"Spring Ridge Parkway","city":"Frederick","postcode":"21701"}},{"type":"Feature","geometry":{"type":"Point","coordinates":[-77.34566,39.39869]},"properties":{"id":"node/6887576983","name":"Spring Ridge Liquors","group":"groceries","category":"shop=alcohol","housenumber":"6085","street":"Spring Ridge Parkway","city":"Frederick","postcode":"21701"}},{"type":"Feature","geometry":{"type":"Point","coordinates":[-77.34568,39.39864]},"properties":{"id":"node/6887576984","name":"Copy That! Print & Ship","group":"services","category":"shop=shipping","website":"https://www.copythatprintandship.com","housenumber":"6083","street":"Spring Ridge Parkway","city":"Frederick","postcode":"21701"}},{"type":"Feature","geometry":{"type":"Point","coordinates":[-77.76995,39.62041]},"properties":{"id":"node/6901298783","name":"Pro Nails","group":"personal_care","category":"shop=beauty"}},{"type":"Feature","geometry":{"type":"Point","coordinates":[-77.75672,39.62387]},"properties":{"id":"node/6901340918","name":"Halfway Bargain Shop","group":"shopping","category":"shop=second_hand"}},{"type":"Feature","geometry":{"type":"Point","coordinates":[-77.75664,39.62389]},"properties":{"id":"node/6901340919","name":"Hair After Style Quarters","group":"personal_care","category":"shop=hairdresser"}},{"type":"Feature","geometry":{"type":"Point","coordinates":[-77.76694,39.62764]},"properties":{"id":"node/6903337651","name":"Mattress Discounters","group":"shopping","category":"shop=bed"}},{"type":"Feature","geometry":{"type":"Point","coordinates":[-78.93596,39.66623]},"properties":{"id":"node/6956293028","name":"Frostburg freeze","group":"food","category":"amenity=ice_cream"}},{"type":"Feature","geometry":{"type":"Point","coordinates":[-77.62128,39.32438]},"properties":{"id":"node/7012516434","name":"Wing\u2019n Pizza Shack","group":"food","category":"amenity=restaurant","cuisine":"pizza","hours":"Mo-Th 11:30-21:30; Fr-Sa 11:00-22:30; Su 11:00-21:00","phone":"+1-301-834-5555","housenumber":"100","street":"Souder Road","city":"Brunswick","postcode":"21716"}},{"type":"Feature","geometry":{"type":"Point","coordinates":[-79.15644,39.69667]},"properties":{"id":"node/7084495455","name":"Hey Pizza","group":"food","category":"amenity=fast_food"}},{"type":"Feature","geometry":{"type":"Point","coordinates":[-78.73042,39.65271]},"properties":{"id":"node/7087455837","name":"Campus Store","group":"shopping","category":"shop=books"}},{"type":"Feature","geometry":{"type":"Point","coordinates":[-77.30013,39.36281]},"properties":{"id":"node/7089482347","name":"club house","group":"food","category":"amenity=cafe"}},{"type":"Feature","geometry":{"type":"Point","coordinates":[-77.7413,39.63214]},"properties":{"id":"node/7147434731","name":"Compressed Air Services Inc","group":"services","category":"craft=compressed_air","hours":"Mo-Fr 08:00-17:00; Sa,Su off","phone":"+1 240-420-8132","website":"https://compressedairservices.com","housenumber":"934","street":"Sweeney Drive","city":"Hagerstown","postcode":"21740"}},{"type":"Feature","geometry":{"type":"Point","coordinates":[-77.20139,39.2902]},"properties":{"id":"node/7177215796","name":"Ledo's Pizza & Pasta","group":"food","category":"amenity=restaurant"}},{"type":"Feature","geometry":{"type":"Point","coordinates":[-78.94826,39.63438]},"properties":{"id":"node/7518122719","name":"Knieriem Tires","group":"services","category":"shop=tyres","housenumber":"11603","street":"Furnace Hill Road","city":"Midlothian","postcode":"21543"}},{"type":"Feature","geometry":{"type":"Point","coordinates":[-77.62674,39.3125]},"properties":{"id":"node/7653645319","name":"Boxcar Burgers","group":"food","category":"amenity=restaurant","cuisine":"burger;sandwich","housenumber":"12","street":"South Maple Avenue","city":"Brunswick","postcode":"21716"}},{"type":"Feature","geometry":{"type":"Point","coordinates":[-77.62008,39.31344]},"properties":{"id":"node/7653654363","name":"The Rusty Nail","group":"food","category":"amenity=restaurant","cuisine":"regional;cocktails","housenumber":"119","street":"5th Avenue","city":"Brunswick","postcode":"21716"}},{"type":"Feature","geometry":{"type":"Point","coordinates":[-77.4108,39.41442]},"properties":{"id":"node/7681419629","name":"Curious Iguana","group":"shopping","category":"shop=books","housenumber":"12","street":"North Market Street"}},{"type":"Feature","geometry":{"type":"Point","coordinates":[-77.41081,39.41435]},"properties":{"id":"node/7681419630","name":"Voila! in Frederick","group":"food","category":"shop=tea","housenumber":"10","street":"North Market Street","city":"Frederick","postcode":"21701"}},{"type":"Feature","geometry":{"type":"Point","coordinates":[-77.20122,39.2248]},"properties":{"id":"node/7903613340","name":"Doc Water's Cidery","group":"food","category":"craft=distillery","housenumber":"22529","street":"Wildcat Road","city":"Germantown","postcode":"20876"}},{"type":"Feature","geometry":{"type":"Point","coordinates":[-77.63878,39.33434]},"properties":{"id":"node/7929735122","name":"Always Polish'd","group":"personal_care","category":"shop=beauty","housenumber":"1201","street":"Dutchmans Creek Drive","city":"Brunswick","postcode":"21716"}},{"type":"Feature","geometry":{"type":"Point","coordinates":[-77.63952,39.33489]},"properties":{"id":"node/7929735123","name":"Asia Star","group":"food","category":"amenity=restaurant","housenumber":"1201","street":"Dutchmans Creek Drive","city":"Brunswick","postcode":"21716"}},{"type":"Feature","geometry":{"type":"Point","coordinates":[-77.54848,39.46772]},"properties":{"id":"node/7967255653","name":"Orchid Cellar Meadery and Winery","group":"food","category":"craft=winery","phone":"+1-301-473-3568","website":"https://www.orchidcellar.com/","housenumber":"8546","street":"Pete Wiles Road"}},{"type":"Feature","geometry":{"type":"Point","coordinates":[-77.41411,39.36938]},"properties":{"id":"node/8072988596","name":"Chaps Pit Beef","group":"food","category":"amenity=restaurant","cuisine":"barbecue","housenumber":"4969","street":"Westview Drive","city":"Frederick","postcode":"21703"}},{"type":"Feature","geometry":{"type":"Point","coordinates":[-77.34053,39.4851]},"properties":{"id":"node/8073094731","name":"Village Tavern","group":"food","category":"amenity=restaurant","cuisine":"american","hours":"Mo-Th 11:00-23:00; Fr-Sa 11:00-24:00","phone":"+1-301-845-2262","website":"https://villagetavernwalkersville.com/","housenumber":"122","street":"Walkers Village Way","city":"Walkersville","postcode":"21793"}},{"type":"Feature","geometry":{"type":"Point","coordinates":[-77.34068,39.48501]},"properties":{"id":"node/8073094732","name":"Walkersville Wine & Spirits","group":"groceries","category":"shop=alcohol","hours":"Mo-Th 10:30-20:30; Fr-Sa 10:00-21:00; Su 10:30-19:00","phone":"+1-301-845-2222","housenumber":"130","street":"Walkers Village Way","city":"Walkersville","postcode":"21793"}},{"type":"Feature","geometry":{"type":"Point","coordinates":[-77.40138,39.41663]},"properties":{"id":"node/8073114565","name":"Tenth Ward Distilling","group":"food","category":"craft=distillery"}},{"type":"Feature","geometry":{"type":"Point","coordinates":[-77.40155,39.41659]},"properties":{"id":"node/8073114566","name":"Ragin' Reef","group":"food","category":"amenity=restaurant","cuisine":"seafood"}},{"type":"Feature","geometry":{"type":"Point","coordinates":[-77.37669,39.45151]},"properties":{"id":"node/8089684151","name":"Pasquale's Pizza","group":"food","category":"amenity=restaurant","cuisine":"pizza;italian"}},{"type":"Feature","geometry":{"type":"Point","coordinates":[-77.37671,39.45156]},"properties":{"id":"node/8089684152","name":"Mystique","group":"personal_care","category":"shop=hairdresser"}},{"type":"Feature","geometry":{"type":"Point","coordinates":[-77.34847,39.32396]},"properties":{"id":"node/8095412987","name":"Mangia e Bevi, Ristorante Italiano","group":"food","category":"amenity=restaurant","cuisine":"italian","hours":"Mo-Sa 16:00-21:00; Su 12:00-21:00","phone":"+1-301-874-0338","website":"https://mangiaebevi.us/","housenumber":"8927","street":"Fingerboard Road","city":"Frederick","postcode":"21704"}},{"type":"Feature","geometry":{"type":"Point","coordinates":[-77.34804,39.32398]},"properties":{"id":"node/8095416672","name":"Orion Wine & Spirits","group":"groceries","category":"shop=alcohol","hours":"Mo-Sa 10:00-21:00; Su 11:00-19:00","phone":"+1-301-810-5328","website":"https://www.orionwineandspirits.com/","housenumber":"8927","street":"Fingerboard Road","city":"Frederick","postcode":"21704"}},{"type":"Feature","geometry":{"type":"Point","coordinates":[-78.84411,39.58439]},"properties":{"id":"node/8156605229","name":"Wilson Supply","group":"shopping","category":"shop=hardware"}},{"type":"Feature","geometry":{"type":"Point","coordinates":[-78.80525,39.61208]},"properties":{"id":"node/8156605231","name":"Fairgo Grill & BBQ","group":"food","category":"amenity=restaurant","cuisine":"barbecue","housenumber":"13408","street":"McMullen Highway","city":"Cumberland","postcode":"21502"}},{"type":"Feature","geometry":{"type":"Point","coordinates":[-77.69993,39.63353]},"properties":{"id":"node/8187894068","name":"J's Diner","group":"food","category":"amenity=restaurant","cuisine":"american","phone":"+1-301-745-3091","housenumber":"43","street":"Eastern Boulevard North","city":"Hagerstown","postcode":"21740"}},{"type":"Feature","geometry":{"type":"Point","coordinates":[-77.45436,39.41947]},"properties":{"id":"node/8279736770","name":"Mr. Tire Auto Service Center","group":"services","category":"shop=tyres","hours":"Mo-Fr 07:30-19:00; Sa 07:30-18:00; Su 09:00-17:00","phone":"+1 301-663-3431","website":"https://www.homedepot.com/l/West-Frederick/MD/Frederick/21702/2511","housenumber":"1317","street":"West Patrick Street","city":"Frederick","postcode":"21702"}},{"type":"Feature","geometry":{"type":"Point","coordinates":[-77.45821,39.4203]},"properties":{"id":"node/8279745920","name":"Saffron Grill & Bar","group":"food","category":"amenity=restaurant","cuisine":"indian","hours":"Mo-Sa 11:00-15:00,17:00-22:00; Su 12:00-21:00","phone":"+1 301-682-2213","website":"https://saffrongrillandbarmd.com","housenumber":"1301","street":"West Patrick Street","city":"Frederick","postcode":"21702"}},{"type":"Feature","geometry":{"type":"Point","coordinates":[-77.45622,39.42038]},"properties":{"id":"node/8279745921","name":"Frederick Furniture","group":"shopping","category":"shop=furniture","housenumber":"1301","street":"West Patrick Street","city":"Frederick","postcode":"21702"}},{"type":"Feature","geometry":{"type":"Point","coordinates":[-77.41091,39.41338]},"properties":{"id":"node/8294686617","name":"Wag\u2019s Restaurant","group":"food","category":"amenity=restaurant","cuisine":"burger","hours":"Mo-Sa 11:00-26:00","phone":"+1 301-694-8451","website":"https://www.eatatwags.com","housenumber":"24","street":"South Market Street"}},{"type":"Feature","geometry":{"type":"Point","coordinates":[-77.41239,39.37467]},"properties":{"id":"node/8317286955","name":"Matsutake Sushi & Steak","group":"food","category":"amenity=restaurant","cuisine":"japanese","website":"https://www.matsutakerestaurant.com/","housenumber":"5225","street":"Buckeystown Pike","city":"Frederick","postcode":"21704"}},{"type":"Feature","geometry":{"type":"Point","coordinates":[-77.41281,39.37565]},"properties":{"id":"node/8317305209","name":"KPOT","group":"food","category":"amenity=restaurant","cuisine":"korean","housenumber":"5269","street":"Buckeystown Pike","city":"Frederick","postcode":"21704"}},{"type":"Feature","geometry":{"type":"Point","coordinates":[-77.41285,39.37553]},"properties":{"id":"node/8317305211","name":"Ugly Dumpling Express","group":"food","category":"amenity=fast_food","cuisine":"chinese","housenumber":"5267","street":"Buckeystown Pike","city":"Frederick","postcode":"21704"}},{"type":"Feature","geometry":{"type":"Point","coordinates":[-77.42203,39.38143]},"properties":{"id":"node/8356164526","name":"Gorgeous Nails","group":"personal_care","category":"shop=beauty","housenumber":"5326","street":"New Design Road","city":"Frederick","postcode":"21703"}},{"type":"Feature","geometry":{"type":"Point","coordinates":[-77.422,39.38146]},"properties":{"id":"node/8356164533","name":"Eastern 89","group":"food","category":"amenity=restaurant","cuisine":"chinese","website":"https://www.eastern89.com/","housenumber":"5328","street":"New Design Road","city":"Frederick","postcode":"21703"}},{"type":"Feature","geometry":{"type":"Point","coordinates":[-77.41254,39.37131]},"properties":{"id":"node/8356353289","name":"Mayta's Peruvian Cuisine","group":"food","category":"amenity=restaurant","cuisine":"peruvian","housenumber":"5010","street":"Buckeystown Pike","city":"Frederick","postcode":"21704"}},{"type":"Feature","geometry":{"type":"Point","coordinates":[-77.41259,39.37129]},"properties":{"id":"node/8356353290","name":"Tobacco Hut","group":"shopping","category":"shop=tobacco","housenumber":"5010","street":"Buckeystown Pike","city":"Frederick","postcode":"21704"}},{"type":"Feature","geometry":{"type":"Point","coordinates":[-77.41264,39.3712]},"properties":{"id":"node/8356353291","name":"Belle Nail","group":"personal_care","category":"shop=beauty","housenumber":"5010","street":"Buckeystown Pike","city":"Frederick","postcode":"21704"}},{"type":"Feature","geometry":{"type":"Point","coordinates":[-78.92833,39.65773]},"properties":{"id":"node/8441895870","name":"Toasted Goat","group":"food","category":"amenity=restaurant","phone":"+1 240 558 9463","housenumber":"11","street":"West Main Street","city":"Frostburg","postcode":"21532"}},{"type":"Feature","geometry":{"type":"Point","coordinates":[-78.9239,39.65527]},"properties":{"id":"node/8493698114","name":"Dedi's Kitchen","group":"food","category":"amenity=restaurant","housenumber":"167","street":"East Main Street","city":"Frostburg","postcode":"21532"}},{"type":"Feature","geometry":{"type":"Point","coordinates":[-77.20342,39.28908]},"properties":{"id":"node/8633251631","name":"Quincys Bar and grill","group":"food","category":"amenity=restaurant"}},{"type":"Feature","geometry":{"type":"Point","coordinates":[-77.20351,39.28938]},"properties":{"id":"node/8633251632","name":"Tokyo Fire","group":"food","category":"amenity=restaurant","hours":"We,Th,Su,Mo 11:30-21:00; Fr,Sa 11:30-21:30"}},{"type":"Feature","geometry":{"type":"Point","coordinates":[-77.20439,39.28948]},"properties":{"id":"node/8633251635","name":"Molesworth WIlliams Funeral Home","group":"services","category":"shop=funeral_directors"}},{"type":"Feature","geometry":{"type":"Point","coordinates":[-77.41144,39.14415]},"properties":{"id":"node/8677861819","name":"Total Automotive & Diesel Services","group":"services","category":"shop=car_repair","housenumber":"19640","street":"Fisher Avenue","city":"Poolesville","postcode":"20837"}},{"type":"Feature","geometry":{"type":"Point","coordinates":[-77.41027,39.14361]},"properties":{"id":"node/8677861820","name":"Cuginis Resturant and Bar","group":"food","category":"amenity=restaurant","cuisine":"pizza","phone":"+1-301-349-5800","website":"https://www.cuginisrestaurantbar.com","housenumber":"19616","street":"Fisher Avenue","city":"Poolesville","postcode":"20837"}},{"type":"Feature","geometry":{"type":"Point","coordinates":[-77.41032,39.14345]},"properties":{"id":"node/8677861821","name":"Poolesville Nail Spa","group":"personal_care","category":"shop=beauty","phone":"+1-301-349-2233","housenumber":"19616","street":"Fisher Avenue","city":"Poolesville","postcode":"20837"}},{"type":"Feature","geometry":{"type":"Point","coordinates":[-77.41045,39.14413]},"properties":{"id":"node/8677861822","name":"Shear Elegance Hair Salon","group":"personal_care","category":"shop=hairdresser","phone":"+1-301-349-3773","housenumber":"19628","street":"Fisher Avenue","city":"Poolesville","postcode":"20837"}},{"type":"Feature","geometry":{"type":"Point","coordinates":[-77.41274,39.14455]},"properties":{"id":"node/8677861824","name":"Mexican Grill","group":"food","category":"amenity=restaurant","cuisine":"mexican","phone":"+1 301-349-0010","website":"https://poolesvillemexicangrill.hrpos.heartland.us/menu","housenumber":"1910","street":"Fisher Avenue","city":"Poolesville","postcode":"20837"}},{"type":"Feature","geometry":{"type":"Point","coordinates":[-77.41255,39.14411]},"properties":{"id":"node/8677861825","name":"Kristopher's Pizza","group":"food","category":"amenity=restaurant","cuisine":"pizza","phone":"+1-301-349-0000","website":"https://www.kristopherspizzamenu.com","housenumber":"19710","street":"Fisher Avenue","city":"Poolesville","postcode":"20837"}},{"type":"Feature","geometry":{"type":"Point","coordinates":[-77.41278,39.14439]},"properties":{"id":"node/8677861826","name":"Banana Tree Embroidery","group":"shopping","category":"shop=sewing","phone":"+1-240-812-9150","website":"https://www.bananatreeembroidery.com","housenumber":"19710","street":"Fisher Avenue","city":"Poolesville","postcode":"20837"}},{"type":"Feature","geometry":{"type":"Point","coordinates":[-77.41046,39.14514]},"properties":{"id":"node/8680943767","name":"Oriental Gormet","group":"food","category":"amenity=restaurant","cuisine":"chinese","phone":"+1-301-349-9898","housenumber":"19635","street":"Fisher Avenue","city":"Poolesville","postcode":"20837"}},{"type":"Feature","geometry":{"type":"Point","coordinates":[-77.41729,39.14608]},"properties":{"id":"node/8681226753","name":"Crafts-A-Plenty","group":"shopping","category":"shop=craft","phone":"+1-301-972-7660"}},{"type":"Feature","geometry":{"type":"Point","coordinates":[-77.41718,39.14606]},"properties":{"id":"node/8681226755","name":"Poolesville Fine Framing","group":"shopping","category":"shop=frame"}},{"type":"Feature","geometry":{"type":"Point","coordinates":[-79.10026,39.69635]},"properties":{"id":"node/8706722796","name":"Chestnut Ridge Home & Hardware","group":"shopping","category":"shop=hardware","housenumber":"3235","street":"Chestnut Ridge Road","city":"Grantsville","postcode":"21536"}},{"type":"Feature","geometry":{"type":"Point","coordinates":[-77.24941,39.23011]},"properties":{"id":"node/8730411807","name":"Villa Maya","group":"food","category":"amenity=restaurant","cuisine":"mexican"}},{"type":"Feature","geometry":{"type":"Point","coordinates":[-77.74681,39.45565]},"properties":{"id":"node/8893159965","name":"Burkholder's Baked Goods","group":"food","category":"shop=bakery","phone":"+1-301-432-2292"}},{"type":"Feature","geometry":{"type":"Point","coordinates":[-77.48004,39.38037]},"properties":{"id":"node/8987960532","name":"Gladhill Furniture Warehouse","group":"shopping","category":"shop=furniture","housenumber":"5301","street":"King's Court"}},{"type":"Feature","geometry":{"type":"Point","coordinates":[-79.31832,39.50194]},"properties":{"id":"node/8991432146","name":"Dutch\u2019s at Silver Tree","group":"food","category":"amenity=restaurant"}},{"type":"Feature","geometry":{"type":"Point","coordinates":[-79.3254,39.50587]},"properties":{"id":"node/8998376558","name":"The Tourist Trap","group":"shopping","category":"shop=gift"}},{"type":"Feature","geometry":{"type":"Point","coordinates":[-79.3506,39.55101]},"properties":{"id":"node/8998376599","name":"OMG Relax","group":"personal_care","category":"shop=massage"}},{"type":"Feature","geometry":{"type":"Point","coordinates":[-79.35604,39.56283]},"properties":{"id":"node/9000027728","name":"Tru South","group":"shopping","category":"shop=sports"}},{"type":"Feature","geometry":{"type":"Point","coordinates":[-79.3567,39.56302]},"properties":{"id":"node/9000027729","name":"Huey's Ice Cream","group":"food","category":"amenity=ice_cream"}},{"type":"Feature","geometry":{"type":"Point","coordinates":[-79.3569,39.56296]},"properties":{"id":"node/9000027730","name":"Deep Creek Salon","group":"personal_care","category":"shop=hairdresser","phone":"+1 301 387 5380"}},{"type":"Feature","geometry":{"type":"Point","coordinates":[-79.35198,39.55641]},"properties":{"id":"node/9007399860","name":"BFS Foods","group":"groceries","category":"shop=convenience","website":"https://www.bfscompanies.com"}},{"type":"Feature","geometry":{"type":"Point","coordinates":[-77.40314,39.412]},"properties":{"id":"node/9038416323","name":"Rak Brewing","group":"food","category":"craft=brewery"}},{"type":"Feature","geometry":{"type":"Point","coordinates":[-77.4456,39.41576]},"properties":{"id":"node/9044369660","name":"Sabor Casero Bakery","group":"food","category":"amenity=restaurant","hours":"Mo-Sa 06:00-21:00; Su 06:00-22:00","phone":"+1 301-668-2888","housenumber":"1080","street":"West Patrick Street"}},{"type":"Feature","geometry":{"type":"Point","coordinates":[-77.44552,39.41552]},"properties":{"id":"node/9044369662","name":"Green Goods","group":"shopping","category":"shop=cannabis"}},{"type":"Feature","geometry":{"type":"Point","coordinates":[-77.44544,39.41534]},"properties":{"id":"node/9044369664","name":"Hill Crest Pharmacy Compounding","group":"groceries","category":"amenity=pharmacy"}},{"type":"Feature","geometry":{"type":"Point","coordinates":[-77.44538,39.41529]},"properties":{"id":"node/9044369665","name":"El Eden - J&V Mexican Restaurant","group":"food","category":"amenity=restaurant","cuisine":"mexican"}},{"type":"Feature","geometry":{"type":"Point","coordinates":[-77.4453,39.41522]},"properties":{"id":"node/9044369666","name":"Cali Nails","group":"personal_care","category":"shop=beauty"}},{"type":"Feature","geometry":{"type":"Point","coordinates":[-77.20273,39.28508]},"properties":{"id":"node/9187849182","name":"Damascus motors","group":"services","category":"shop=car_repair"}},{"type":"Feature","geometry":{"type":"Point","coordinates":[-77.20333,39.2845]},"properties":{"id":"node/9187849183","name":"Trajas dominican hair salon","group":"personal_care","category":"shop=hairdresser"}},{"type":"Feature","geometry":{"type":"Point","coordinates":[-77.20208,39.28731]},"properties":{"id":"node/9187849184","name":"Harwood house Thrift shop","group":"shopping","category":"shop=second_hand"}},{"type":"Feature","geometry":{"type":"Point","coordinates":[-77.20412,39.28824]},"properties":{"id":"node/9187849185","name":"Hornets nest","group":"food","category":"amenity=restaurant","cuisine":"american","hours":"Mo-Sa 11:30-21:00, Su 10:30-20:00","phone":"+1-301-253-3707","website":"https://hornetsnestgrille.com","housenumber":"9876","street":"Main Street","city":"Damascus","postcode":"20872"}},{"type":"Feature","geometry":{"type":"Point","coordinates":[-77.20445,39.28905]},"properties":{"id":"node/9187849186","name":"Damascus Barber Shop","group":"personal_care","category":"shop=hairdresser"}},{"type":"Feature","geometry":{"type":"Point","coordinates":[-77.16588,39.36657]},"properties":{"id":"node/9215239586","name":"Castle Liquors","group":"groceries","category":"shop=alcohol","housenumber":"1312","street":"South Main Street","city":"Mount Airy","postcode":"21771"}},{"type":"Feature","geometry":{"type":"Point","coordinates":[-77.40755,39.62235]},"properties":{"id":"node/9245747819","name":"Barnstone Studios","group":"services","category":"craft=atelier","hours":"Mo-Fr 09:00-17:00; Sa,Su off","phone":"+1-301-788-6241","website":"https://www.barnstonestudios.com/","housenumber":"202","street":"East Main Street","city":"Thurmont","postcode":"21788"}},{"type":"Feature","geometry":{"type":"Point","coordinates":[-78.92954,39.65719]},"properties":{"id":"node/9261083029","name":"Yellow K Records","group":"shopping","category":"shop=music"}},{"type":"Feature","geometry":{"type":"Point","coordinates":[-78.92878,39.65772]},"properties":{"id":"node/9261083035","name":"Wholesome Harvest Food Co-op","group":"groceries","category":"shop=greengrocer"}},{"type":"Feature","geometry":{"type":"Point","coordinates":[-78.92578,39.65595]},"properties":{"id":"node/9261115002","name":"Frostburg Fiber Depot","group":"shopping","category":"shop=art"}},{"type":"Feature","geometry":{"type":"Point","coordinates":[-78.92846,39.65776]},"properties":{"id":"node/9261158983","name":"Madison Paige Boutique","group":"shopping","category":"shop=clothes"}},{"type":"Feature","geometry":{"type":"Point","coordinates":[-78.92822,39.65757]},"properties":{"id":"node/9261158987","name":"Old Forty Trading Co","group":"shopping","category":"shop=sports","phone":"+13012655703","website":"http://www.old40tradingco.com/"}},{"type":"Feature","geometry":{"type":"Point","coordinates":[-78.92823,39.65773]},"properties":{"id":"node/9261158988","name":"Route 40 Brewing Co.","group":"food","category":"craft=brewery"}},{"type":"Feature","geometry":{"type":"Point","coordinates":[-78.92826,39.65774]},"properties":{"id":"node/9261158989","name":"Route 40 Distilling Co.","group":"food","category":"craft=distillery"}},{"type":"Feature","geometry":{"type":"Point","coordinates":[-78.92826,39.65772]},"properties":{"id":"node/9261158990","name":"Toasted Goat Winery","group":"food","category":"craft=winery"}},{"type":"Feature","geometry":{"type":"Point","coordinates":[-78.92859,39.65755]},"properties":{"id":"node/9261239179","name":"The Deep End","group":"food","category":"amenity=pub"}},{"type":"Feature","geometry":{"type":"Point","coordinates":[-78.92897,39.65695]},"properties":{"id":"node/9261429897","name":"Cauldron Vintage","group":"shopping","category":"shop=clothes"}},{"type":"Feature","geometry":{"type":"Point","coordinates":[-78.92873,39.65689]},"properties":{"id":"node/9261450416","name":"The Nettle Patch","group":"personal_care","category":"shop=herbalist"}},{"type":"Feature","geometry":{"type":"Point","coordinates":[-78.9286,39.65697]},"properties":{"id":"node/9261462438","name":"Lorenzo's Bakery","group":"food","category":"shop=bakery"}},{"type":"Feature","geometry":{"type":"Point","coordinates":[-78.92896,39.65674]},"properties":{"id":"node/9261472517","name":"McFarland's Candies","group":"food","category":"craft=confectionery"}},{"type":"Feature","geometry":{"type":"Point","coordinates":[-78.92795,39.65732]},"properties":{"id":"node/9261658274","name":"Gianni's Pizza and Wings","group":"food","category":"amenity=restaurant","cuisine":"pizza"}},{"type":"Feature","geometry":{"type":"Point","coordinates":[-78.8542,39.63928]},"properties":{"id":"node/9261906632","name":"In the Skin","group":"personal_care","category":"shop=tattoo"}},{"type":"Feature","geometry":{"type":"Point","coordinates":[-78.84956,39.63866]},"properties":{"id":"node/9261906634","name":"The Fitted Joint","group":"shopping","category":"shop=clothes"}},{"type":"Feature","geometry":{"type":"Point","coordinates":[-78.84889,39.63861]},"properties":{"id":"node/9261906636","name":"Amelia's Closet","group":"shopping","category":"shop=clothes"}},{"type":"Feature","geometry":{"type":"Point","coordinates":[-78.84903,39.63865]},"properties":{"id":"node/9261906637","name":"Mr. Toad's Pottery","group":"shopping","category":"shop=pottery"}},{"type":"Feature","geometry":{"type":"Point","coordinates":[-78.83501,39.62814]},"properties":{"id":"node/9261928528","name":"In-Between Cafe","group":"food","category":"amenity=restaurant"}},{"type":"Feature","geometry":{"type":"Point","coordinates":[-78.83508,39.63754]},"properties":{"id":"node/9261933924","name":"Holy Grounds Coffee and Bagel Shop","group":"food","category":"amenity=cafe","cuisine":"coffee_shop"}},{"type":"Feature","geometry":{"type":"Point","coordinates":[-78.92821,39.65722]},"properties":{"id":"node/9264207441","name":"Fran's","group":"services","category":"shop=tailor"}},{"type":"Feature","geometry":{"type":"Point","coordinates":[-78.92873,39.65768]},"properties":{"id":"node/9264250876","name":"Muddy Creek Crafts","group":"shopping","category":"shop=craft"}},{"type":"Feature","geometry":{"type":"Point","coordinates":[-77.16645,39.3656]},"properties":{"id":"node/9310781545","name":"Four County Barber Shop","group":"personal_care","category":"shop=hairdresser"}},{"type":"Feature","geometry":{"type":"Point","coordinates":[-77.24967,39.23013]},"properties":{"id":"node/9370791054","name":"Red Bowl Sushi","group":"food","category":"amenity=restaurant","hours":"Mo-Th, Su 11:00-21:30; Fr, Sa 11:00-22:00","phone":"+1-301-528-5888","website":"https://www.redbowlbistro.com/","housenumber":"12051, C-4","street":"Chestnut Branch Way"}},{"type":"Feature","geometry":{"type":"Point","coordinates":[-78.76738,39.64984]},"properties":{"id":"node/9379739822","name":"Basecamp Coffee Company","group":"food","category":"amenity=cafe","phone":"+1-240-362-7022","website":"https://www.basecampcoffees.com/","housenumber":"108","street":"Greene Street"}},{"type":"Feature","geometry":{"type":"Point","coordinates":[-77.75685,39.63348]},"properties":{"id":"node/9379771431","name":"Pho Viet Restaurant","group":"food","category":"amenity=restaurant","housenumber":"1441","street":"Wesel Boulevard"}},{"type":"Feature","geometry":{"type":"Point","coordinates":[-78.75872,39.655]},"properties":{"id":"node/9380150517","name":"Ray the Reliable Cleaners","group":"services","category":"shop=dry_cleaning","hours":"Mo-Fr 09:00-18:00","housenumber":"208","street":"Decatur Street","city":"Cumberland","postcode":"21502"}},{"type":"Feature","geometry":{"type":"Point","coordinates":[-77.72045,39.64167]},"properties":{"id":"node/9407607969","name":"Cannon Coffee","group":"food","category":"shop=coffee","hours":"Mo-Fr 07:00-16:30; Sa 08:00-15:00; Su 08:00-14:00","phone":"+1 240-310-9544","website":"https://www.cannoncoffeemd.com/","housenumber":"2","street":"South Potomac Street","city":"Hagerstown","postcode":"21740"}},{"type":"Feature","geometry":{"type":"Point","coordinates":[-77.65218,39.5061]},"properties":{"id":"node/9489446154","name":"Talon Studio Tattoo","group":"personal_care","category":"shop=tattoo","hours":"We-Th 10:00-19:00; Fr-Sa 10:00-20:00; Su 11:00-16:00","phone":"+1-301-799-5060","website":"https://talonstudiotattoo.com/","housenumber":"14","street":"S Main St","city":"Boonsboro","postcode":"21713"}},{"type":"Feature","geometry":{"type":"Point","coordinates":[-77.40191,39.37502]},"properties":{"id":"node/9524137264","name":"ACDi - American Computer Development, Inc","group":"shopping","category":"shop=computer","hours":"Mo-Fr 08:00-17:00","phone":"+1-301-685-5301","website":"https://www.acdi.com/","housenumber":"7435","street":"New Technology Way","city":"Frederick","postcode":"21703"}},{"type":"Feature","geometry":{"type":"Point","coordinates":[-77.69991,39.63361]},"properties":{"id":"node/9525852834","name":"Benny's Pub","group":"food","category":"amenity=bar"}},{"type":"Feature","geometry":{"type":"Point","coordinates":[-77.69989,39.63371]},"properties":{"id":"node/9525852835","name":"Holiday Hair","group":"personal_care","category":"shop=hairdresser"}},{"type":"Feature","geometry":{"type":"Point","coordinates":[-77.69985,39.63398]},"properties":{"id":"node/9527198556","name":"Nails Today","group":"personal_care","category":"shop=beauty"}},{"type":"Feature","geometry":{"type":"Point","coordinates":[-77.69966,39.63434]},"properties":{"id":"node/9527208886","name":"T-Mobil","group":"shopping","category":"shop=mobile_phone"}},{"type":"Feature","geometry":{"type":"Point","coordinates":[-77.69959,39.63441]},"properties":{"id":"node/9527208887","name":"Brothers Pizza","group":"food","category":"amenity=restaurant","cuisine":"pizza"}},{"type":"Feature","geometry":{"type":"Point","coordinates":[-77.69941,39.63456]},"properties":{"id":"node/9527208888","name":"Rent-A-Center","group":"services","category":"shop=rental"}},{"type":"Feature","geometry":{"type":"Point","coordinates":[-77.69874,39.63426]},"properties":{"id":"node/9527208889","name":"Ultra Clean Laundromat","group":"services","category":"shop=laundry"}},{"type":"Feature","geometry":{"type":"Point","coordinates":[-77.7001,39.6336]},"properties":{"id":"node/9596312746","name":"Benny's","group":"groceries","category":"shop=alcohol"}},{"type":"Feature","geometry":{"type":"Point","coordinates":[-79.1561,39.69754]},"properties":{"id":"node/9687070333","name":"Guy's Tire Shop","group":"services","category":"shop=car_repair"}},{"type":"Feature","geometry":{"type":"Point","coordinates":[-79.15105,39.69714]},"properties":{"id":"node/9688250914","name":"Fechheimer Brothers","group":"shopping","category":"shop=clothes"}},{"type":"Feature","geometry":{"type":"Point","coordinates":[-79.15709,39.69708]},"properties":{"id":"node/9688263923","name":"Grantsville Liquors","group":"groceries","category":"shop=alcohol"}},{"type":"Feature","geometry":{"type":"Point","coordinates":[-79.15597,39.69656]},"properties":{"id":"node/9688299991","name":"Rattlehead","group":"shopping","category":"shop=video_games"}},{"type":"Feature","geometry":{"type":"Point","coordinates":[-77.65289,39.44388]},"properties":{"id":"node/9712986975","name":"Surber Construction Inc","group":"services","category":"craft=general_contractor","phone":"+1-301-788-5091","website":"https://surberconstruction.com","street":"20529 Locust Grove Rd","city":"Rohrersville","postcode":"21779"}},{"type":"Feature","geometry":{"type":"Point","coordinates":[-77.5381,39.36148]},"properties":{"id":"node/9722376927","name":"Hemps Meats","group":"groceries","category":"shop=butcher","phone":"+1-301-473-5700","website":"http://www.hempsmeat.com"}},{"type":"Feature","geometry":{"type":"Point","coordinates":[-79.10567,39.69465]},"properties":{"id":"node/9787486585","name":"The Rooster's Nest","group":"food","category":"amenity=restaurant","hours":"Mo-Th 11:00-20:00; Fr 08:00-21:00; Sa 06:00-21:00; Su 06:00-20:00","phone":"+1-301-895-5168","website":"https://theroostersnestmd.com","housenumber":"12336","street":"National Pike","city":"Grantsville","postcode":"21536"}},{"type":"Feature","geometry":{"type":"Point","coordinates":[-78.76031,39.65282]},"properties":{"id":"node/9797547347","name":"Jin\u2019s Asian Cuisine","group":"food","category":"amenity=restaurant","cuisine":"chinese"}},{"type":"Feature","geometry":{"type":"Point","coordinates":[-77.62968,39.39397]},"properties":{"id":"node/9914295376","name":"P.J. Gilligan Dry Goods & Mercantile Company","group":"shopping","category":"shop=antiques","street":"West Main Street","city":"Burkittsville","postcode":"21718"}},{"type":"Feature","geometry":{"type":"Point","coordinates":[-77.19438,39.32652]},"properties":{"id":"node/9922989677","name":"Brown Cow Creamery","group":"food","category":"amenity=ice_cream","hours":"Mo-We off; Th-Fr 12:00-17:00; Sa-Su 11:00-18:00"}},{"type":"Feature","geometry":{"type":"Point","coordinates":[-77.73311,39.58809]},"properties":{"id":"node/9951649522","name":"Evergreen","group":"food","category":"amenity=restaurant","cuisine":"chinese","hours":"Mo,We,Th 11:00-21:00; Fr,Sa 11:00-21:30; Su 11:30-21:00; Tu off"}},{"type":"Feature","geometry":{"type":"Point","coordinates":[-77.2213,39.15961]},"properties":{"id":"node/9987165359","name":"Hot Pot Hero","group":"food","category":"amenity=restaurant","cuisine":"hotpot","hours":"Mo-Su 11:30-22:00","phone":"+1 301-977-0404","website":"https://thehotpothero.com/","housenumber":"100","street":"Paramount Park Drive"}},{"type":"Feature","geometry":{"type":"Point","coordinates":[-78.00491,39.61031]},"properties":{"id":"node/10000713891","name":"Captain Wort\u2019s Sutlery","group":"shopping","category":"shop=gift"}},{"type":"Feature","geometry":{"type":"Point","coordinates":[-77.40521,39.38287]},"properties":{"id":"node/10005363100","name":"Halal Diversity","group":"food","category":"amenity=restaurant"}},{"type":"Feature","geometry":{"type":"Point","coordinates":[-77.40529,39.38282]},"properties":{"id":"node/10005363101","name":"Chopsticks Express","group":"food","category":"amenity=restaurant","cuisine":"asian"}},{"type":"Feature","geometry":{"type":"Point","coordinates":[-77.6284,39.31308]},"properties":{"id":"node/10064619189","name":"Corner Store","group":"groceries","category":"shop=convenience","housenumber":"102","street":"West Potomac Street","city":"Brunswick","postcode":"21716"}},{"type":"Feature","geometry":{"type":"Point","coordinates":[-77.47831,39.31378]},"properties":{"id":"node/10137329323","name":"Garden And Vintage Goods","group":"shopping","category":"shop=antiques","hours":"Th-Sa 10:00-17:00; Su 12:00-17:00","phone":"+1-240-575-4989","website":"https://gvgoods.com","housenumber":"5431","street":"Mountville Road","city":"Adamstown","postcode":"21710"}},{"type":"Feature","geometry":{"type":"Point","coordinates":[-77.21997,39.15941]},"properties":{"id":"node/10181084436","name":"Firebirds","group":"food","category":"amenity=restaurant","hours":"Mo-Th, Su 11:00-22:00; Fr, Sa 11:00-23:00","housenumber":"390","street":"Spectrum Avenue"}},{"type":"Feature","geometry":{"type":"Point","coordinates":[-78.84848,39.63857]},"properties":{"id":"node/10200584844","name":"Pets Unlimited","group":"shopping","category":"shop=pet","phone":"+12403627250","housenumber":"1313","street":"National Highway","city":"La Vale","postcode":"21502"}},{"type":"Feature","geometry":{"type":"Point","coordinates":[-78.92394,39.65529]},"properties":{"id":"node/10200611464","name":"Main Street Pub","group":"food","category":"amenity=bar","housenumber":"163","street":"East Main Street","city":"Frostburg","postcode":"21532"}},{"type":"Feature","geometry":{"type":"Point","coordinates":[-78.82169,39.6455]},"properties":{"id":"node/10208282591","name":"Lennox East","group":"shopping","category":"shop=clothes","housenumber":"931","street":"National Highway","city":"LaVale","postcode":"21502"}},{"type":"Feature","geometry":{"type":"Point","coordinates":[-78.82162,39.64567]},"properties":{"id":"node/10208282592","name":"Quality Automotive","group":"services","category":"shop=car_repair","housenumber":"931","street":"National Highway","city":"LaVale","postcode":"21502"}},{"type":"Feature","geometry":{"type":"Point","coordinates":[-78.82053,39.64535]},"properties":{"id":"node/10208282597","name":"Nails 1st","group":"personal_care","category":"shop=beauty"}},{"type":"Feature","geometry":{"type":"Point","coordinates":[-78.82049,39.64539]},"properties":{"id":"node/10208282598","name":"Bruck's Custom Cabinetry","group":"services","category":"craft=carpenter"}},{"type":"Feature","geometry":{"type":"Point","coordinates":[-78.82245,39.64479]},"properties":{"id":"node/10210479513","name":"CosmoProf","group":"personal_care","category":"shop=beauty","housenumber":"959","street":"National Highway","city":"LaVale","postcode":"21502"}},{"type":"Feature","geometry":{"type":"Point","coordinates":[-78.82245,39.6449]},"properties":{"id":"node/10210479514","name":"Vacuum Cleaner Factory Outlet","group":"shopping","category":"shop=vacuum_cleaner","housenumber":"959","street":"National Highway","city":"LaVale","postcode":"21502"}},{"type":"Feature","geometry":{"type":"Point","coordinates":[-77.20572,39.17083]},"properties":{"id":"node/10215234559","name":"La Poteria Local","group":"food","category":"amenity=cafe","cuisine":"coffee_shop;colombian","hours":"Mo-Su 07:00-19:00","phone":"+1 240 477 6636","website":"https://www.lapoterialocal.com/?location=LK74PGZW8DQ0N","housenumber":"19116","postcode":"20886-3701"}},{"type":"Feature","geometry":{"type":"Point","coordinates":[-77.32693,39.7049]},"properties":{"id":"node/10217610719","name":"Emmitsburg Tattoo Company","group":"personal_care","category":"shop=tattoo","hours":"Tu-Fr 12:00-21:00; Sa 12:00-20:00","phone":"+1 301-447-6837","website":"https://www.emmitsburgtattoocompany.com/","housenumber":"2","street":"West Main Street","city":"Emmitsburg","postcode":"21727"}},{"type":"Feature","geometry":{"type":"Point","coordinates":[-77.20588,39.17214]},"properties":{"id":"node/10218324445","name":"Beer, Wine & More","group":"groceries","category":"shop=alcohol"}},{"type":"Feature","geometry":{"type":"Point","coordinates":[-77.2058,39.17242]},"properties":{"id":"node/10218324447","name":"Floors, Kitchen & Bath","group":"shopping","category":"shop=furniture"}},{"type":"Feature","geometry":{"type":"Point","coordinates":[-77.20507,39.17317]},"properties":{"id":"node/10218324451","name":"New Windsor Cleaners","group":"services","category":"shop=dry_cleaning","hours":"Mo-Fr 09:00-21:00; Sa 09:00-19:00; Su off; Nov 24-25 off","housenumber":"19330","street":"Montgomery Village Avenue"}},{"type":"Feature","geometry":{"type":"Point","coordinates":[-77.26615,39.18031]},"properties":{"id":"node/10233527459","name":"Thrive Pet Healthcare","group":"shopping","category":"shop=pet","housenumber":"19728","street":"Germantown Road","city":"Germantown","postcode":"20874"}},{"type":"Feature","geometry":{"type":"Point","coordinates":[-77.26605,39.17917]},"properties":{"id":"node/10233529313","name":"Mi Rancho","group":"food","category":"amenity=restaurant","cuisine":"mexican","hours":"11:30-22:00","housenumber":"19725","street":"Germantown Road"}},{"type":"Feature","geometry":{"type":"Point","coordinates":[-77.2381,39.18268]},"properties":{"id":"node/10268757467","name":"Caspian Kabob","group":"food","category":"amenity=restaurant","cuisine":"mediterranean","hours":"Mo-Sa 11:00-21:00, Su 12:00-21:00","phone":"+12406860000","website":"https://www.caspiankabob.com/","housenumber":"19911","street":"Frederick Road","city":"Germantown","postcode":"20876"}},{"type":"Feature","geometry":{"type":"Point","coordinates":[-77.23926,39.17997]},"properties":{"id":"node/10558378862","name":"Sakura Japanese Steak & Seafood House","group":"food","category":"amenity=restaurant","cuisine":"japanese","hours":"Mo-Fr 16:00-21:00,Sa-Su 12:00-21:00","phone":"+13019729728","website":"https://www.sakurasteakhouse.com/","housenumber":"11502","street":"Middlebrook Road","city":"Germantown","postcode":"20876"}},{"type":"Feature","geometry":{"type":"Point","coordinates":[-77.56138,39.41491]},"properties":{"id":"node/10576660551","name":"Open Book Farm","group":"groceries","category":"shop=farm","housenumber":"6600","street":"Roy Shafer Rd","city":"Middletown","postcode":"21769"}},{"type":"Feature","geometry":{"type":"Point","coordinates":[-77.24034,39.1787]},"properties":{"id":"node/10592196438","name":"The Lube Center","group":"services","category":"shop=car_repair","hours":"Mo-Fr 08:00-19:00; Su 09:00-16:00; Sa 08:00-17:00","phone":"+13015409550","website":"https://www.washluberepair.com/location/germantown-lube-center/","housenumber":"11612","street":"Middlebrook Road"}},{"type":"Feature","geometry":{"type":"Point","coordinates":[-77.41693,39.61726]},"properties":{"id":"node/10650374877","name":"Criswell Chevrolet","group":"shopping","category":"shop=car"}},{"type":"Feature","geometry":{"type":"Point","coordinates":[-77.72025,39.67527]},"properties":{"id":"node/10666057761","name":"Hub City Cycles","group":"shopping","category":"shop=bicycle","phone":"+1-301-797-9877","website":"https://www.hubcitycycles.com/","housenumber":"13148","street":"Pennsylvania Avenue","city":"Hagerstown","postcode":"21742"}},{"type":"Feature","geometry":{"type":"Point","coordinates":[-78.18234,39.69845]},"properties":{"id":"node/10666073814","name":"C&O Bicycle","group":"shopping","category":"shop=bicycle","phone":"+1-301-678-6665","website":"https://www.candobicycle.com/","housenumber":"9","street":"South Pennsylvania Avenue","city":"Hancock","postcode":"21750"}},{"type":"Feature","geometry":{"type":"Point","coordinates":[-77.23592,39.15129]},"properties":{"id":"node/10688068659","name":"Bluehawk Flooring, LLC","group":"shopping","category":"shop=carpet","hours":"Mo-Fr 07:30-18:00; Sa 08:30-16:30","phone":"+1-301-338-5041","website":"https://bluehawkflooringllcmd.com","street":"15 Goodport Ct","city":"Gaithersburg","postcode":"20878"}},{"type":"Feature","geometry":{"type":"Point","coordinates":[-77.20708,39.17103]},"properties":{"id":"node/10824717309","name":"Little Island Kitchen","group":"food","category":"amenity=restaurant","cuisine":"caribbean","phone":"+12406945554","housenumber":"10003","street":"Stedwick Road"}},{"type":"Feature","geometry":{"type":"Point","coordinates":[-77.20701,39.17102]},"properties":{"id":"node/10824717311","name":"Eddie's Carry Out","group":"food","category":"amenity=restaurant"}},{"type":"Feature","geometry":{"type":"Point","coordinates":[-77.2068,39.17099]},"properties":{"id":"node/10824717313","name":"GMC Nails","group":"personal_care","category":"shop=beauty","website":"https://gmcnailsandspa.weebly.com/","housenumber":"9993","street":"Stedwick Road"}},{"type":"Feature","geometry":{"type":"Point","coordinates":[-77.20694,39.17101]},"properties":{"id":"node/10824717314","name":"Village Cleaners","group":"services","category":"shop=dry_cleaning"}},{"type":"Feature","geometry":{"type":"Point","coordinates":[-77.20673,39.17098]},"properties":{"id":"node/10824717315","name":"Village Center Beer & Wine","group":"groceries","category":"shop=alcohol","website":"https://village-center-beer-wine.business.site/","housenumber":"9991","street":"Stedwick Road"}},{"type":"Feature","geometry":{"type":"Point","coordinates":[-77.20715,39.17104]},"properties":{"id":"node/10824717316","name":"Uniq Salon","group":"personal_care","category":"shop=hairdresser","housenumber":"10005","street":"Stedwick Road"}},{"type":"Feature","geometry":{"type":"Point","coordinates":[-77.27709,39.23752]},"properties":{"id":"node/10826760918","name":"Procare Pharmacy Cosmetic & Beauty System","group":"groceries","category":"shop=chemist","hours":"Mo-Fr 10:00-19:00; Sa 11:00-17:00","phone":"+1-240-912-4318","website":"https://procarepharmacyclarksburg.com","housenumber":"23213","street":"Stringtown Road","city":"Clarksburg","postcode":"20871"}},{"type":"Feature","geometry":{"type":"Point","coordinates":[-77.4123,39.37261]},"properties":{"id":"node/10855978923","name":"Lucky Corner","group":"food","category":"amenity=restaurant","cuisine":"vietnamese","hours":"Mo-Th,Su 11:00-21:00; Fr-Sa 11:00-22:00","phone":"+1 301-360-5913","website":"https://www.luckycornerrestaurant.com","housenumber":"5100","street":"Buckeystown Pike"}},{"type":"Feature","geometry":{"type":"Point","coordinates":[-77.26064,39.18294]},"properties":{"id":"node/10863607142","name":"Century Auto Service","group":"services","category":"shop=car_repair","hours":"Mo-Fr 07:00-18:00","housenumber":"19931","street":"Aircraft Drive","city":"Germantown","postcode":"20874"}},{"type":"Feature","geometry":{"type":"Point","coordinates":[-77.42308,39.39183]},"properties":{"id":"node/10881152618","name":"Crestwood Liquor","group":"groceries","category":"shop=alcohol","housenumber":"6930","street":"Crestwood Boulevard","city":"Frederick","postcode":"21703"}},{"type":"Feature","geometry":{"type":"Point","coordinates":[-77.4229,39.39178]},"properties":{"id":"node/10881152621","name":"Habanero Pizza","group":"food","category":"amenity=fast_food","cuisine":"pizza","phone":"+1-301-228-9000","website":"https://habaneropizza.com","housenumber":"6942","street":"Crestwood Boulevard","city":"Frederick","postcode":"21703"}},{"type":"Feature","geometry":{"type":"Point","coordinates":[-77.42284,39.39176]},"properties":{"id":"node/10881152622","name":"China Sea","group":"food","category":"amenity=fast_food","cuisine":"chinese","website":"https://www.chinasea-md.com","housenumber":"6942","street":"Crestwood Boulevard","city":"Frederick","postcode":"21703"}},{"type":"Feature","geometry":{"type":"Point","coordinates":[-77.43642,39.41927]},"properties":{"id":"node/10909821519","name":"Fitzgerald Chevrolet","group":"shopping","category":"shop=car","website":"https://www.fitzgeraldchevrolet.com"}},{"type":"Feature","geometry":{"type":"Point","coordinates":[-77.43648,39.41905]},"properties":{"id":"node/10909821520","name":"Fitzgerald Cadillac","group":"shopping","category":"shop=car","website":"https://www.fitzgeraldcadillacfrederick.com"}},{"type":"Feature","geometry":{"type":"Point","coordinates":[-78.7322,39.6855]},"properties":{"id":"node/10916876572","name":"The Balcony","group":"food","category":"amenity=bar"}},{"type":"Feature","geometry":{"type":"Point","coordinates":[-78.73237,39.68528]},"properties":{"id":"node/10916896430","name":"Lindy's","group":"food","category":"amenity=restaurant"}},{"type":"Feature","geometry":{"type":"Point","coordinates":[-78.76033,39.65531]},"properties":{"id":"node/10923003589","name":"Queen City Motors","group":"shopping","category":"shop=car"}},{"type":"Feature","geometry":{"type":"Point","coordinates":[-78.75967,39.65458]},"properties":{"id":"node/10923003612","name":"Queen City Tire and Auto","group":"services","category":"shop=car_repair"}},{"type":"Feature","geometry":{"type":"Point","coordinates":[-77.41137,39.41202]},"properties":{"id":"node/10933999714","name":"Toniq","group":"groceries","category":"shop=convenience","housenumber":"89","street":"South Market Street","city":"Frederick","postcode":"21701"}},{"type":"Feature","geometry":{"type":"Point","coordinates":[-77.19869,39.15454]},"properties":{"id":"node/10967871103","name":"Patel Brothers","group":"groceries","category":"shop=grocery","website":"https://www.patelbros.com/specials/18270-contour-road-montgomery-village","housenumber":"18270","street":"Contour Road","city":"Montgomery Village","postcode":"29877"}},{"type":"Feature","geometry":{"type":"Point","coordinates":[-77.38686,39.45497]},"properties":{"id":"node/10968383676","name":"Elements of Style Hair Salon","group":"personal_care","category":"shop=hairdresser"}},{"type":"Feature","geometry":{"type":"Point","coordinates":[-77.38667,39.45514]},"properties":{"id":"node/10968383677","name":"Worman's Mill Nail & Spa","group":"personal_care","category":"shop=beauty","hours":"Mo-Fr 10:00-19:00; Sa 10:00-18:00; Su 11:00-17:00"}},{"type":"Feature","geometry":{"type":"Point","coordinates":[-77.20509,39.17232]},"properties":{"id":"node/10981589138","name":"Kobe Japan Hibachi & Sushi","group":"food","category":"amenity=restaurant","cuisine":"japanese","hours":"Mo-Th 11:00-21:30; Fr, Sa 11:00-22:00; Su 12:00-21:30","phone":"+1-240-268-0006","website":"https://www.kobejapanmd.com/","housenumber":"19224","street":"Montgomery Village Avenue","postcode":"20886"}},{"type":"Feature","geometry":{"type":"Point","coordinates":[-77.4627,39.41906]},"properties":{"id":"node/10985323450","name":"The Capital Crave","group":"food","category":"amenity=restaurant","cuisine":"burger;pasta;sandwich;salad;pizza","phone":"+1 301-631-9400","housenumber":"5901","street":"Old National Pike"}},{"type":"Feature","geometry":{"type":"Point","coordinates":[-77.35407,39.32928]},"properties":{"id":"node/10997458961","name":"The Pleasant Pet","group":"shopping","category":"shop=pet"}},{"type":"Feature","geometry":{"type":"Point","coordinates":[-77.35376,39.32912]},"properties":{"id":"node/10997458966","name":"Chroma Culture","group":"personal_care","category":"shop=hairdresser"}},{"type":"Feature","geometry":{"type":"Point","coordinates":[-77.35342,39.32895]},"properties":{"id":"node/10997458970","name":"Style Station","group":"personal_care","category":"shop=hairdresser"}},{"type":"Feature","geometry":{"type":"Point","coordinates":[-77.35314,39.32881]},"properties":{"id":"node/10997458971","name":"Nate's Barber Shop","group":"personal_care","category":"shop=hairdresser"}},{"type":"Feature","geometry":{"type":"Point","coordinates":[-77.35306,39.32877]},"properties":{"id":"node/10997458972","name":"Elegant Goodies","group":"shopping","category":"shop=gift"}},{"type":"Feature","geometry":{"type":"Point","coordinates":[-77.35299,39.32874]},"properties":{"id":"node/10997458973","name":"Elegant Forever","group":"shopping","category":"shop=clothes"}},{"type":"Feature","geometry":{"type":"Point","coordinates":[-77.35281,39.32865]},"properties":{"id":"node/10997458975","name":"Mane Lounge Art & Co.","group":"personal_care","category":"shop=beauty"}},{"type":"Feature","geometry":{"type":"Point","coordinates":[-77.35493,39.3297]},"properties":{"id":"node/10997458978","name":"Lauren Abagale Lash","group":"personal_care","category":"shop=beauty"}},{"type":"Feature","geometry":{"type":"Point","coordinates":[-77.35529,39.32988]},"properties":{"id":"node/10997458982","name":"Executive Grooming Lounge","group":"personal_care","category":"shop=hairdresser"}},{"type":"Feature","geometry":{"type":"Point","coordinates":[-77.35543,39.32994]},"properties":{"id":"node/10997458983","name":"Modern Nails and Organic Spa","group":"personal_care","category":"shop=beauty"}},{"type":"Feature","geometry":{"type":"Point","coordinates":[-77.35536,39.32991]},"properties":{"id":"node/10997458984","name":"La'Vende Nails Spa","group":"personal_care","category":"shop=beauty"}},{"type":"Feature","geometry":{"type":"Point","coordinates":[-77.41172,39.42328]},"properties":{"id":"node/11011048864","name":"Charley's Restaurant","group":"food","category":"amenity=restaurant","cuisine":"american;chinese"}},{"type":"Feature","geometry":{"type":"Point","coordinates":[-77.41194,39.42321]},"properties":{"id":"node/11011048866","name":"Sunshine Liquors","group":"groceries","category":"shop=alcohol"}},{"type":"Feature","geometry":{"type":"Point","coordinates":[-77.58984,39.64141]},"properties":{"id":"node/11040866433","name":"China 88","group":"food","category":"amenity=fast_food","cuisine":"chinese","housenumber":"22405","street":"Jefferson Boulevard","city":"Smithsburg","postcode":"21783"}},{"type":"Feature","geometry":{"type":"Point","coordinates":[-77.71978,39.64375]},"properties":{"id":"node/11042507743","name":"Atomic Comics","group":"shopping","category":"shop=books","hours":"We-Sa 12:00-19:00","housenumber":"18","street":"West Franklin Street","city":"Hagerstown","postcode":"21740"}},{"type":"Feature","geometry":{"type":"Point","coordinates":[-77.71996,39.64382]},"properties":{"id":"node/11042507744","name":"La Bodega","group":"groceries","category":"shop=convenience"}},{"type":"Feature","geometry":{"type":"Point","coordinates":[-77.47283,39.42572]},"properties":{"id":"node/11071831417","name":"Hi-Way Liquors","group":"groceries","category":"shop=alcohol","housenumber":"6915","street":"Baltimore National Pike","city":"Frederick"}},{"type":"Feature","geometry":{"type":"Point","coordinates":[-77.49058,39.42332]},"properties":{"id":"node/11071831444","name":"Trout Liquors","group":"groceries","category":"shop=alcohol"}},{"type":"Feature","geometry":{"type":"Point","coordinates":[-77.472,39.42546]},"properties":{"id":"node/11071831452","name":"Stover Hearth & Patio","group":"shopping","category":"shop=furniture","hours":"Mo-Sa 10:00-18:00; Su off","phone":"+1-301-473-7970","website":"https://www.stoverhearthpatio.com/","housenumber":"6905","street":"Baltimore National Pike","city":"Frederick","postcode":"21702"}},{"type":"Feature","geometry":{"type":"Point","coordinates":[-77.46285,39.42076]},"properties":{"id":"node/11071831476","name":"Frederick Motor Company Used Car Center","group":"shopping","category":"shop=car","website":"https://www.fredmotorco.com/used-inventory/index.htm","housenumber":"1415","street":"West Patrick Street","city":"Frederick","postcode":"21702"}},{"type":"Feature","geometry":{"type":"Point","coordinates":[-77.7331,39.60132]},"properties":{"id":"node/11084152729","name":"Lendmark","group":"services","category":"shop=money_lender"}},{"type":"Feature","geometry":{"type":"Point","coordinates":[-77.73379,39.6019]},"properties":{"id":"node/11084152737","name":"Los Amigos","group":"food","category":"amenity=restaurant","cuisine":"mexican"}},{"type":"Feature","geometry":{"type":"Point","coordinates":[-77.73382,39.60172]},"properties":{"id":"node/11084152738","name":"Brother's Pizza & Italian Restaurant","group":"food","category":"amenity=restaurant","cuisine":"italian"}},{"type":"Feature","geometry":{"type":"Point","coordinates":[-77.73384,39.60154]},"properties":{"id":"node/11084152739","name":"Oishi Sushi & Hibachi","group":"food","category":"amenity=restaurant","cuisine":"japanese"}},{"type":"Feature","geometry":{"type":"Point","coordinates":[-77.73388,39.60129]},"properties":{"id":"node/11084152740","name":"Thick-N-Thin Brewing Co.","group":"food","category":"amenity=pub"}},{"type":"Feature","geometry":{"type":"Point","coordinates":[-77.73386,39.60143]},"properties":{"id":"node/11084152741","name":"Happy Nails Spa","group":"personal_care","category":"shop=beauty"}},{"type":"Feature","geometry":{"type":"Point","coordinates":[-77.73385,39.60148]},"properties":{"id":"node/11084152742","name":"A Class Hair Studio","group":"personal_care","category":"shop=hairdresser"}},{"type":"Feature","geometry":{"type":"Point","coordinates":[-77.41989,39.42317]},"properties":{"id":"node/11114860780","name":"Print@Hood","group":"services","category":"shop=copyshop"}},{"type":"Feature","geometry":{"type":"Point","coordinates":[-77.7288,39.6119]},"properties":{"id":"node/11158188104","name":"Nub City Nutrition","group":"food","category":"amenity=cafe"}},{"type":"Feature","geometry":{"type":"Point","coordinates":[-77.72889,39.61191]},"properties":{"id":"node/11158203805","name":"Lifeline Rescue","group":"services","category":"craft=electronics_repair"}},{"type":"Feature","geometry":{"type":"Point","coordinates":[-77.72897,39.61192]},"properties":{"id":"node/11158203806","name":"Frayed Berry Hair Studio","group":"personal_care","category":"shop=hairdresser"}},{"type":"Feature","geometry":{"type":"Point","coordinates":[-77.72906,39.61193]},"properties":{"id":"node/11158203807","name":"Green Health Docs","group":"shopping","category":"shop=cannabis"}},{"type":"Feature","geometry":{"type":"Point","coordinates":[-77.72932,39.61195]},"properties":{"id":"node/11158203809","name":"Galaxy Liquors","group":"groceries","category":"shop=alcohol"}},{"type":"Feature","geometry":{"type":"Point","coordinates":[-77.72949,39.61196]},"properties":{"id":"node/11158203810","name":"One Stop Jewelry Shop","group":"shopping","category":"shop=jewelry"}},{"type":"Feature","geometry":{"type":"Point","coordinates":[-77.72868,39.61189]},"properties":{"id":"node/11158203811","name":"La Lune Metaphysical Shop","group":"shopping","category":"shop=gift"}},{"type":"Feature","geometry":{"type":"Point","coordinates":[-77.45115,39.41809]},"properties":{"id":"node/11166266987","name":"Frederick Sunoco Auto Repair Shop","group":"services","category":"shop=car_repair","hours":"Mo-Su 06:00-22:00","phone":"+1-240-578-4914","website":"https://sunocofrederick.com","street":"1200 W Patrick St","city":"Frederick","postcode":"21703"}},{"type":"Feature","geometry":{"type":"Point","coordinates":[-79.39509,39.41486]},"properties":{"id":"node/11167208966","name":"Stonecroft Manor","group":"food","category":"amenity=restaurant","cuisine":"american","hours":"Tu-Su 11:00-19:00","phone":"+1-240-488-1104","website":"https://stonecroftmanor1868.com/","housenumber":"830","street":"Memorial Drive","city":"Oakland","postcode":"21550"}},{"type":"Feature","geometry":{"type":"Point","coordinates":[-77.39895,39.16604]},"properties":{"id":"node/11229061279","name":"Landmade Brewery","group":"food","category":"craft=brewery","phone":"+13016857139","website":"https://www.landmadebeer.com/","housenumber":"19130","street":"Jerusalem Road","city":"Poolesville","postcode":"20837"}},{"type":"Feature","geometry":{"type":"Point","coordinates":[-78.76261,39.64818]},"properties":{"id":"node/11279894976","name":"European Desserts and More","group":"food","category":"shop=bakery"}},{"type":"Feature","geometry":{"type":"Point","coordinates":[-78.76099,39.65156]},"properties":{"id":"node/11280450252","name":"Allegany Pawn Co., LLC","group":"services","category":"shop=pawnbroker"}},{"type":"Feature","geometry":{"type":"Point","coordinates":[-78.76144,39.65174]},"properties":{"id":"node/11280450253","name":"Wheelzup Adventures","group":"shopping","category":"shop=bicycle"}},{"type":"Feature","geometry":{"type":"Point","coordinates":[-77.40886,39.39313]},"properties":{"id":"node/11364626864","name":"Happy Dog Grooming Salon","group":"services","category":"shop=pet_grooming","phone":"+1-301-364-9118","website":"https://hdgrooming.com/","housenumber":"5733","street":"Buckeystown Pike","city":"Frederick","postcode":"21704"}},{"type":"Feature","geometry":{"type":"Point","coordinates":[-77.41025,39.39299]},"properties":{"id":"node/11364640294","name":"Old Dominion Grill & Sushi","group":"food","category":"amenity=restaurant","cuisine":"sushi;japanese;asian;fusion","hours":"Mo-Th 11:00-21:00; Fr-Sa 11:00-22:00; Su 12:00-21:00","phone":"+1-301-682-6888","website":"https://www.olddominiongrillsushi.com/","housenumber":"5272","street":"Buckeystown Pike","city":"Frederick"}},{"type":"Feature","geometry":{"type":"Point","coordinates":[-77.40891,39.39342]},"properties":{"id":"node/11364640328","name":"MD Kitchen Center","group":"shopping","category":"shop=kitchen","hours":"Mo-Fr 09:00-17:00; \"by appointment\"","phone":"+1-240-422-1079","website":"https://mdkitchencenter.com/"}},{"type":"Feature","geometry":{"type":"Point","coordinates":[-77.40864,39.39341]},"properties":{"id":"node/11364640331","name":"Airarm Sports","group":"shopping","category":"shop=sports","hours":"Mo-Tu 12:00-18:00; Th-Sa 12:00-18:00; We off; Su \"varies\"","website":"https://airarmsports.com/"}},{"type":"Feature","geometry":{"type":"Point","coordinates":[-77.40887,39.39298]},"properties":{"id":"node/11364733740","name":"Vehicle Wish","group":"shopping","category":"shop=car","hours":"Mo-Fr 10:00-18:30; Sa 10:00-18:00; Su off","phone":"+1-301-620-2100","website":"https://www.vehiclewish.com/","housenumber":"5733","street":"Buckeystown Pike","city":"Frederick","postcode":"21704"}},{"type":"Feature","geometry":{"type":"Point","coordinates":[-77.40839,39.3927]},"properties":{"id":"node/11364856418","name":"Zach's Auto Clinic","group":"services","category":"shop=car_repair","hours":"Mo-Fr 08:00-17:00; Sa-Su off","phone":"+1-240-446-3659","website":"https://zachsautoclinic.com/","housenumber":"5733","street":"Buckeystown Pike","city":"Frederick","postcode":"21704"}},{"type":"Feature","geometry":{"type":"Point","coordinates":[-77.39657,39.44628]},"properties":{"id":"node/11480828497","name":"Coal Fire Pizza","group":"food","category":"amenity=restaurant","cuisine":"pizza;italian","hours":"Su-Th 11:30-21:00; Fr-Sa 11:30-22:00","phone":"+1-301-631-2625","website":"https://www.coalfireonline.com","housenumber":"7820","street":"Wormans Mill Road","city":"Frederick","postcode":"21701"}},{"type":"Feature","geometry":{"type":"Point","coordinates":[-77.20941,39.15104]},"properties":{"id":"node/11482276182","name":"Okey Poke","group":"food","category":"amenity=restaurant","cuisine":"poke;hawaiian"}},{"type":"Feature","geometry":{"type":"Point","coordinates":[-79.15744,39.69794]},"properties":{"id":"node/11514140169","name":"The Travel Mug","group":"food","category":"amenity=cafe","cuisine":"coffee_shop","phone":"+1-301-895-8067","housenumber":"168","street":"Miller Street","postcode":"21536"}},{"type":"Feature","geometry":{"type":"Point","coordinates":[-77.20009,39.15463]},"properties":{"id":"node/11529292342","name":"ViVi Bubble Tea","group":"food","category":"amenity=cafe","cuisine":"bubble_tea","housenumber":"18320","street":"Contour Road"}},{"type":"Feature","geometry":{"type":"Point","coordinates":[-77.19931,39.1555]},"properties":{"id":"node/11529292343","name":"Micky's Chinese Restaurant","group":"food","category":"amenity=restaurant","cuisine":"chinese","housenumber":"18204","street":"Contour Road"}},{"type":"Feature","geometry":{"type":"Point","coordinates":[-77.19967,39.15528]},"properties":{"id":"node/11529292346","name":"Do\u00f1a Bessy Pupuseria","group":"food","category":"amenity=restaurant"}},{"type":"Feature","geometry":{"type":"Point","coordinates":[-77.19959,39.15534]},"properties":{"id":"node/11529292347","name":"MVP Barber","group":"personal_care","category":"shop=hairdresser","housenumber":"18212","street":"Contour Road"}},{"type":"Feature","geometry":{"type":"Point","coordinates":[-77.1977,39.1541]},"properties":{"id":"node/11529310843","name":"Hook & Reel","group":"food","category":"amenity=restaurant","cuisine":"seafood","housenumber":"9643","street":"Lost Knife Road"}},{"type":"Feature","geometry":{"type":"Point","coordinates":[-77.19781,39.15406]},"properties":{"id":"node/11529310844","name":"Boby's Furniture","group":"shopping","category":"shop=furniture","housenumber":"9645","street":"Lost Knife Road"}},{"type":"Feature","geometry":{"type":"Point","coordinates":[-77.19822,39.15389]},"properties":{"id":"node/11529310846","name":"Copacabana Bakery","group":"food","category":"shop=bakery","housenumber":"9655","street":"Lost Knife Road"}},{"type":"Feature","geometry":{"type":"Point","coordinates":[-77.19841,39.15378]},"properties":{"id":"node/11529310848","name":"Dollar Buys","group":"groceries","category":"shop=variety_store","housenumber":"9661","street":"Lost Knife Road"}},{"type":"Feature","geometry":{"type":"Point","coordinates":[-77.19859,39.15367]},"properties":{"id":"node/11529310849","name":"Lakeside Laundromat","group":"services","category":"shop=laundry","housenumber":"9669","street":"Lost Knife Road"}},{"type":"Feature","geometry":{"type":"Point","coordinates":[-77.1968,39.15312]},"properties":{"id":"node/11529310851","name":"Los Amigos Authentic Mexican Restaurant","group":"food","category":"amenity=restaurant","cuisine":"mexican","housenumber":"9631","street":"Lost Knife Road"}},{"type":"Feature","geometry":{"type":"Point","coordinates":[-77.19677,39.15306]},"properties":{"id":"node/11529310852","name":"B2J Fish Soup","group":"food","category":"amenity=restaurant","cuisine":"chinese","housenumber":"9629","street":"Lost Knife Road"}},{"type":"Feature","geometry":{"type":"Point","coordinates":[-77.19673,39.15296]},"properties":{"id":"node/11529310853","name":"Phoenix Nails","group":"personal_care","category":"shop=beauty","housenumber":"9625","street":"Lost Knife Road"}},{"type":"Feature","geometry":{"type":"Point","coordinates":[-77.19671,39.15291]},"properties":{"id":"node/11529310854","name":"BLT Grill","group":"food","category":"amenity=restaurant","housenumber":"9623","street":"Lost Knife Road"}},{"type":"Feature","geometry":{"type":"Point","coordinates":[-77.19667,39.15285]},"properties":{"id":"node/11529310855","name":"Lakeside Beer & Wine","group":"groceries","category":"shop=alcohol","housenumber":"9621","street":"Lost Knife Road"}},{"type":"Feature","geometry":{"type":"Point","coordinates":[-77.19662,39.15275]},"properties":{"id":"node/11529310856","name":"Village Bazaar - Halal Meat & Ethnic Grocery","group":"groceries","category":"shop=supermarket","housenumber":"9617","street":"Lost Knife Road"}},{"type":"Feature","geometry":{"type":"Point","coordinates":[-77.19958,39.15404]},"properties":{"id":"node/11529368809","name":"Crisp & Juicy","group":"food","category":"amenity=restaurant","cuisine":"peruvian;chicken","hours":"11:00-21:00","phone":"+1-301-355-7377","website":"https://www.crispjuicy.com/","housenumber":"18312","street":"Contour Road","city":"Gaithersburg","postcode":"20877"}},{"type":"Feature","geometry":{"type":"Point","coordinates":[-77.19953,39.15407]},"properties":{"id":"node/11529368810","name":"Pho & Grill","group":"food","category":"amenity=restaurant","cuisine":"vietnamese","hours":"11:00-21:00","phone":"+1-301-740-7728","website":"https://www.pho-grill.com/","housenumber":"18310","street":"Contour Road","city":"Montgomery Village","postcode":"29877"}},{"type":"Feature","geometry":{"type":"Point","coordinates":[-77.19908,39.1543]},"properties":{"id":"node/11529368814","name":"Montgomery Village Beer & Wine","group":"groceries","category":"shop=alcohol","housenumber":"18302","street":"Contour Road"}},{"type":"Feature","geometry":{"type":"Point","coordinates":[-77.19838,39.15499]},"properties":{"id":"node/11529368818","name":"KC Beauty","group":"personal_care","category":"shop=beauty","housenumber":"18248","street":"Contour Road"}},{"type":"Feature","geometry":{"type":"Point","coordinates":[-77.19892,39.15551]},"properties":{"id":"node/11529368820","name":"Beautiful Nails","group":"personal_care","category":"shop=beauty","housenumber":"18224","street":"Contour Road"}},{"type":"Feature","geometry":{"type":"Point","coordinates":[-77.19896,39.15555]},"properties":{"id":"node/11529368821","name":"Aurora's Hair Design","group":"personal_care","category":"shop=hairdresser","housenumber":"18224","street":"Contour Road"}},{"type":"Feature","geometry":{"type":"Point","coordinates":[-77.77496,39.55686]},"properties":{"id":"node/11680264260","name":"Frederick Glass Shop","group":"services","category":"craft=glaziery","hours":"Mo-Fr 09:00-15:00","phone":"+1-301-663-3117","website":"https://frederickglass.com/","housenumber":"8882","street":"Jordan Road","city":"Fairplay","postcode":"21733"}},{"type":"Feature","geometry":{"type":"Point","coordinates":[-78.97448,39.4506]},"properties":{"id":"node/11697301157","name":"Chat & Chew","group":"food","category":"amenity=restaurant"}},{"type":"Feature","geometry":{"type":"Point","coordinates":[-77.4543,39.41751]},"properties":{"id":"node/11767212517","name":"Los Trios Restaurant","group":"food","category":"amenity=restaurant"}},{"type":"Feature","geometry":{"type":"Point","coordinates":[-77.40858,39.41198]},"properties":{"id":"node/11774407903","name":"Brad Barnwell Photography","group":"services","category":"craft=photographer","phone":"+13016931906","website":"https://www.bradbarnwell.com","housenumber":"47","street":"East All Saints Street","city":"Frederick","postcode":"21701"}},{"type":"Feature","geometry":{"type":"Point","coordinates":[-77.26512,39.18184]},"properties":{"id":"node/11851744699","name":"Moby Dick","group":"food","category":"amenity=restaurant","cuisine":"mediterranean","hours":"Su-Sa 11:00-21:00","phone":"+1-301-916-1555","website":"https://www.mobyskabob.com/","housenumber":"12844;12846","street":"Pinnacle Drive","city":"Germantown","postcode":"20874"}},{"type":"Feature","geometry":{"type":"Point","coordinates":[-77.41068,39.41759]},"properties":{"id":"node/11863222089","name":"North Market Pop Shop","group":"food","category":"amenity=ice_cream","hours":"Mo-We 12:00-20:00; Th 12:00-20:00; Fr-Sa 12:00-21:00; Su 12:00-20:00","phone":"+1 240-575-9070","website":"https://www.northmarketpopshop.com/","housenumber":"241","street":"North Market Street","postcode":"21701"}},{"type":"Feature","geometry":{"type":"Point","coordinates":[-77.28413,39.22773]},"properties":{"id":"node/11985638040","name":"The Pink Room Salon","group":"personal_care","category":"shop=hairdresser"}},{"type":"Feature","geometry":{"type":"Point","coordinates":[-77.28415,39.22801]},"properties":{"id":"node/11985638041","name":"Ink and Riddle","group":"shopping","category":"shop=stationery"}},{"type":"Feature","geometry":{"type":"Point","coordinates":[-77.28427,39.22827]},"properties":{"id":"node/11985638043","name":"It's Chic by Chantele","group":"shopping","category":"shop=clothes"}},{"type":"Feature","geometry":{"type":"Point","coordinates":[-77.28446,39.2284]},"properties":{"id":"node/11985638046","name":"The Cosmetics Company Store","group":"personal_care","category":"shop=cosmetics"}},{"type":"Feature","geometry":{"type":"Point","coordinates":[-77.28464,39.22846]},"properties":{"id":"node/11985638048","name":"Theory Outlet","group":"shopping","category":"shop=clothes"}},{"type":"Feature","geometry":{"type":"Point","coordinates":[-77.28497,39.22855]},"properties":{"id":"node/11985638050","name":"ixora","group":"shopping","category":"shop=clothes"}},{"type":"Feature","geometry":{"type":"Point","coordinates":[-77.2851,39.22859]},"properties":{"id":"node/11985638051","name":"Ferragamo","group":"shopping","category":"shop=clothes"}},{"type":"Feature","geometry":{"type":"Point","coordinates":[-77.28695,39.22822]},"properties":{"id":"node/11985638059","name":"SoleInspires","group":"shopping","category":"shop=shoes"}},{"type":"Feature","geometry":{"type":"Point","coordinates":[-77.28597,39.22802]},"properties":{"id":"node/11985687275","name":"Rise Pies Handcrafted Pizza","group":"food","category":"amenity=restaurant","cuisine":"pizza"}},{"type":"Feature","geometry":{"type":"Point","coordinates":[-77.28597,39.22807]},"properties":{"id":"node/11985687276","name":"Melt Gelato","group":"food","category":"amenity=ice_cream"}},{"type":"Feature","geometry":{"type":"Point","coordinates":[-77.28597,39.22819]},"properties":{"id":"node/11985687278","name":"Paul Jewelers","group":"shopping","category":"shop=jewelry"}},{"type":"Feature","geometry":{"type":"Point","coordinates":[-77.28617,39.22819]},"properties":{"id":"node/11985687279","name":"Perfumes 4U","group":"personal_care","category":"shop=perfumery"}},{"type":"Feature","geometry":{"type":"Point","coordinates":[-77.28632,39.22817]},"properties":{"id":"node/11985687280","name":"Fragrance Outlet","group":"personal_care","category":"shop=perfumery"}},{"type":"Feature","geometry":{"type":"Point","coordinates":[-77.28513,39.22779]},"properties":{"id":"node/11985687293","name":"Guaca-Mole","group":"food","category":"amenity=restaurant"}},{"type":"Feature","geometry":{"type":"Point","coordinates":[-77.28505,39.22814]},"properties":{"id":"node/11985687295","name":"Beautiful U","group":"personal_care","category":"shop=beauty"}},{"type":"Feature","geometry":{"type":"Point","coordinates":[-77.28577,39.22891]},"properties":{"id":"node/11985691118","name":"Clarins Factory Store","group":"personal_care","category":"shop=beauty"}},{"type":"Feature","geometry":{"type":"Point","coordinates":[-77.28417,39.2286]},"properties":{"id":"node/11985691128","name":"JW Showroom","group":"shopping","category":"shop=clothes"}},{"type":"Feature","geometry":{"type":"Point","coordinates":[-77.28401,39.22844]},"properties":{"id":"node/11985691129","name":"Canvas Corner","group":"shopping","category":"shop=frame"}},{"type":"Feature","geometry":{"type":"Point","coordinates":[-77.34163,39.48642]},"properties":{"id":"node/12036531959","name":"Walkersville Food Mart","group":"groceries","category":"shop=convenience"}},{"type":"Feature","geometry":{"type":"Point","coordinates":[-77.34154,39.48645]},"properties":{"id":"node/12036531960","name":"Taqueria Los Primos","group":"food","category":"amenity=fast_food","cuisine":"mexican","hours":"Mo-Su 09:00-21:00","phone":"+12409358025","website":"https://www.taquerialosprimos.biz/","housenumber":"100","street":"Sandstone Drive","city":"Walkersville","postcode":"21793"}},{"type":"Feature","geometry":{"type":"Point","coordinates":[-77.43315,39.52128]},"properties":{"id":"node/12040763109","name":"Mountaindale Convenience Store","group":"groceries","category":"shop=convenience"}},{"type":"Feature","geometry":{"type":"Point","coordinates":[-77.71307,39.64057]},"properties":{"id":"node/12056273210","name":"Hub City","group":"services","category":"shop=tyres","housenumber":"320","street":"Dual Highway"}},{"type":"Feature","geometry":{"type":"Point","coordinates":[-77.27797,39.1591]},"properties":{"id":"node/12074378599","name":"Paisano's Pizza","group":"food","category":"amenity=fast_food","cuisine":"pizza"}},{"type":"Feature","geometry":{"type":"Point","coordinates":[-77.51573,39.66939]},"properties":{"id":"node/12117365001","name":"Red Heifer Winery","group":"food","category":"craft=winery","phone":"+1-301-824-5210","website":"https://www.redheiferwinery.com/","street":"Red Heifer Winery Lane","postcode":"21783-2107"}},{"type":"Feature","geometry":{"type":"Point","coordinates":[-78.11717,39.68859]},"properties":{"id":"node/12132283470","name":"Jimmy Joy's Log Cabin Inn","group":"food","category":"amenity=restaurant","cuisine":"steak_house;seafood;bar_and_grill"}},{"type":"Feature","geometry":{"type":"Point","coordinates":[-77.23632,39.17975]},"properties":{"id":"node/12162628406","name":"India Palace Bar & Tandoor","group":"food","category":"amenity=restaurant","cuisine":"indian","housenumber":"19743","street":"Frederick Road"}},{"type":"Feature","geometry":{"type":"Point","coordinates":[-77.23637,39.17971]},"properties":{"id":"node/12162628407","name":"Fox Chapel Beer & Wine","group":"groceries","category":"shop=alcohol","housenumber":"19737","street":"Frederick Road"}},{"type":"Feature","geometry":{"type":"Point","coordinates":[-77.23641,39.17968]},"properties":{"id":"node/12162628408","name":"Pho 81","group":"food","category":"amenity=restaurant","cuisine":"vietnamese","housenumber":"19735","street":"Frederick Road"}},{"type":"Feature","geometry":{"type":"Point","coordinates":[-77.23665,39.17945]},"properties":{"id":"node/12162628411","name":"K-Pot Korean BBQ & Hot Pot","group":"food","category":"amenity=restaurant","cuisine":"korean","housenumber":"19727","street":"Frederick Road"}},{"type":"Feature","geometry":{"type":"Point","coordinates":[-77.23734,39.17854]},"properties":{"id":"node/12162628412","name":"Dino's Barber & Stylists","group":"personal_care","category":"shop=hairdresser","housenumber":"19715","street":"Frederick Road"}},{"type":"Feature","geometry":{"type":"Point","coordinates":[-77.23744,39.17846]},"properties":{"id":"node/12162628414","name":"Gossip Nails","group":"personal_care","category":"shop=beauty","housenumber":"19709","street":"Frederick Road"}},{"type":"Feature","geometry":{"type":"Point","coordinates":[-77.23749,39.17842]},"properties":{"id":"node/12162628415","name":"Fidoz N' Felinez Grooming Salon & Day Spa","group":"services","category":"shop=pet_grooming","housenumber":"19707","street":"Frederick Road"}},{"type":"Feature","geometry":{"type":"Point","coordinates":[-77.2218,39.1596]},"properties":{"id":"node/12162675750","name":"Akira Ramen & Izakaya","group":"food","category":"amenity=restaurant","cuisine":"ramen","housenumber":"105","street":"Paramount Park Drive"}},{"type":"Feature","geometry":{"type":"Point","coordinates":[-77.22189,39.15963]},"properties":{"id":"node/12162675751","name":"Ela Mesa Taste of Greece","group":"food","category":"amenity=restaurant","cuisine":"greek","phone":"+1-301-944-3750","website":"https://elamesatasteofgreece.com/","housenumber":"109","street":"Paramount Park Drive","city":"Gaithersburg","postcode":"20879"}},{"type":"Feature","geometry":{"type":"Point","coordinates":[-77.23882,39.17946]},"properties":{"id":"node/12164588071","name":"ABI Azteca","group":"food","category":"amenity=restaurant","cuisine":"mexican","housenumber":"11514","street":"Middlebrook Road"}},{"type":"Feature","geometry":{"type":"Point","coordinates":[-77.23891,39.17946]},"properties":{"id":"node/12164588072","name":"Extreme Hair","group":"personal_care","category":"shop=hairdresser","housenumber":"11518","street":"Middlebrook Road"}},{"type":"Feature","geometry":{"type":"Point","coordinates":[-77.23898,39.17947]},"properties":{"id":"node/12164588073","name":"Top Nails","group":"personal_care","category":"shop=beauty","housenumber":"11520","street":"Middlebrook Road"}},{"type":"Feature","geometry":{"type":"Point","coordinates":[-77.23911,39.17947]},"properties":{"id":"node/12164588075","name":"Caribbean Flavor","group":"food","category":"amenity=restaurant","cuisine":"caribbean","housenumber":"11524","street":"Middlebrook Road"}},{"type":"Feature","geometry":{"type":"Point","coordinates":[-77.23918,39.17947]},"properties":{"id":"node/12164588076","name":"Zen Garden Day Spa","group":"personal_care","category":"shop=massage","housenumber":"11526","street":"Middlebrook Road"}},{"type":"Feature","geometry":{"type":"Point","coordinates":[-77.23938,39.17947]},"properties":{"id":"node/12164588077","name":"Bloom Medicinals","group":"shopping","category":"shop=cannabis","housenumber":"11530","street":"Middlebrook Road"}},{"type":"Feature","geometry":{"type":"Point","coordinates":[-77.2397,39.17948]},"properties":{"id":"node/12164588079","name":"New Village","group":"food","category":"amenity=restaurant","cuisine":"chinese","housenumber":"11542","street":"Middlebrook Road"}},{"type":"Feature","geometry":{"type":"Point","coordinates":[-77.23899,39.17998]},"properties":{"id":"node/12171168642","name":"Deli Plus","group":"food","category":"amenity=restaurant","housenumber":"11512","street":"Middlebrook Road"}},{"type":"Feature","geometry":{"type":"Point","coordinates":[-77.23905,39.17998]},"properties":{"id":"node/12171168643","name":"Beer & Wine","group":"groceries","category":"shop=alcohol"}},{"type":"Feature","geometry":{"type":"Point","coordinates":[-77.23899,39.18007]},"properties":{"id":"node/12171168644","name":"MD Lottery","group":"services","category":"shop=lottery"}},{"type":"Feature","geometry":{"type":"Point","coordinates":[-77.23905,39.18023]},"properties":{"id":"node/12171168645","name":"Romance Cleaners","group":"services","category":"shop=dry_cleaning"}},{"type":"Feature","geometry":{"type":"Point","coordinates":[-77.23897,39.17784]},"properties":{"id":"node/12173812992","name":"First Cash Pawn","group":"services","category":"shop=pawnbroker"}},{"type":"Feature","geometry":{"type":"Point","coordinates":[-77.23759,39.18056]},"properties":{"id":"node/12175824472","name":"Wilson Tire & Auto Service","group":"services","category":"shop=car_repair"}},{"type":"Feature","geometry":{"type":"Point","coordinates":[-77.23781,39.18046]},"properties":{"id":"node/12175824473","name":"Carnitas Don Javier","group":"food","category":"amenity=fast_food","cuisine":"mexican"}},{"type":"Feature","geometry":{"type":"Point","coordinates":[-77.22144,39.15939]},"properties":{"id":"node/12175951703","name":"P\u00e2te \u00e0 Cake","group":"food","category":"shop=bakery"}},{"type":"Feature","geometry":{"type":"Point","coordinates":[-77.22159,39.15916]},"properties":{"id":"node/12175951704","name":"Apple Cleaners","group":"services","category":"shop=dry_cleaning","hours":"Mo-Fr 07:30-18:00; Sa 08:00-17:00","phone":"+1-301-330-0448","website":"https://corecleangroup.com/","housenumber":"132","street":"Paramount Park Drive"}},{"type":"Feature","geometry":{"type":"Point","coordinates":[-77.22168,39.15903]},"properties":{"id":"node/12175951705","name":"Chennai Hoppers","group":"food","category":"amenity=restaurant","cuisine":"indian"}},{"type":"Feature","geometry":{"type":"Point","coordinates":[-77.22226,39.15978]},"properties":{"id":"node/12175951707","name":"Lotus Nails","group":"personal_care","category":"shop=beauty"}},{"type":"Feature","geometry":{"type":"Point","coordinates":[-77.22211,39.16001]},"properties":{"id":"node/12175951708","name":"Barking Mad Cafe","group":"food","category":"amenity=restaurant"}},{"type":"Feature","geometry":{"type":"Point","coordinates":[-77.20513,39.17219]},"properties":{"id":"node/12179634404","name":"Palacio de Per\u00fa","group":"food","category":"amenity=fast_food","cuisine":"peruvian;chicken","housenumber":"19222","street":"Montgomery Village Avenue"}},{"type":"Feature","geometry":{"type":"Point","coordinates":[-77.20545,39.17241]},"properties":{"id":"node/12179634405","name":"Booboo Pho","group":"food","category":"amenity=restaurant","cuisine":"vietnamese","hours":"Mo-Sa 10:00-20:30; Su 11:00-19:00","phone":"+1-240-733-4561","website":"https://www.booboophomd.com/","housenumber":"19230","street":"Montgomery Village Avenue","city":"Montgomery Village","postcode":"20886"}},{"type":"Feature","geometry":{"type":"Point","coordinates":[-77.2047,39.17284]},"properties":{"id":"node/12180972993","name":"Pupuseria Libertad","group":"food","category":"amenity=fast_food","cuisine":"mexican","hours":"Mo-Sa 10:00-19:00; Su 10:00-18:00","city":"Montgomery Village","postcode":"20886"}},{"type":"Feature","geometry":{"type":"Point","coordinates":[-77.20507,39.17325]},"properties":{"id":"node/12181136068","name":"Braiding Center","group":"personal_care","category":"shop=hairdresser"}},{"type":"Feature","geometry":{"type":"Point","coordinates":[-77.205,39.17299]},"properties":{"id":"node/12181136069","name":"Linda Nails","group":"personal_care","category":"shop=beauty"}},{"type":"Feature","geometry":{"type":"Point","coordinates":[-77.205,39.17291]},"properties":{"id":"node/12181136070","name":"Suburban Hair Designer","group":"personal_care","category":"shop=hairdresser"}},{"type":"Feature","geometry":{"type":"Point","coordinates":[-77.20419,39.1738]},"properties":{"id":"node/12181513547","name":"Chavez Beauty Salon","group":"personal_care","category":"shop=beauty"}},{"type":"Feature","geometry":{"type":"Point","coordinates":[-78.76154,39.65229]},"properties":{"id":"node/12183243334","name":"Ristorante Ottaviani","group":"food","category":"amenity=restaurant","cuisine":"italian","website":"https://ottavianis.com/"}},{"type":"Feature","geometry":{"type":"Point","coordinates":[-77.41676,39.43226]},"properties":{"id":"node/12188720854","name":"My Pet Store","group":"shopping","category":"shop=pet"}},{"type":"Feature","geometry":{"type":"Point","coordinates":[-77.20281,39.16104]},"properties":{"id":"node/12189272077","name":"Kia's Hair Studio","group":"personal_care","category":"shop=hairdresser","housenumber":"18546","street":"Office Park Drive","city":"Montgomery Village","postcode":"20886"}},{"type":"Feature","geometry":{"type":"Point","coordinates":[-77.20266,39.16086]},"properties":{"id":"node/12189332610","name":"Ona Barber Shop","group":"personal_care","category":"shop=hairdresser","housenumber":"18518","street":"Office Park Drive","city":"Montgomery Village","postcode":"20886"}},{"type":"Feature","geometry":{"type":"Point","coordinates":[-77.20278,39.1608]},"properties":{"id":"node/12189332613","name":"CT Center","group":"personal_care","category":"shop=massage","housenumber":"18514","street":"Office Park Drive","city":"Montgomery Village","postcode":"20886"}},{"type":"Feature","geometry":{"type":"Point","coordinates":[-77.62793,39.31302]},"properties":{"id":"node/12195311755","name":"Whistle Punk Farm Deli","group":"food","category":"shop=deli"}},{"type":"Feature","geometry":{"type":"Point","coordinates":[-77.21189,39.15699]},"properties":{"id":"node/12195853469","name":"Chinese Express","group":"food","category":"amenity=restaurant","cuisine":"chinese"}},{"type":"Feature","geometry":{"type":"Point","coordinates":[-77.2202,39.16153]},"properties":{"id":"node/12196309615","name":"Corner Pizza & Subs","group":"food","category":"amenity=restaurant","cuisine":"pizza"}},{"type":"Feature","geometry":{"type":"Point","coordinates":[-77.21711,39.15799]},"properties":{"id":"node/12207731139","name":"Fitzgerald Collision Center","group":"services","category":"shop=car_repair"}},{"type":"Feature","geometry":{"type":"Point","coordinates":[-77.24826,39.4843]},"properties":{"id":"node/12213019412","name":"Dynamic Automotive","group":"services","category":"shop=car_repair","hours":"Mo-Fr 07:00-17:00","phone":"+1-301-383-9835","housenumber":"11931","street":"Main Street","city":"Libertytown","postcode":"21762"}},{"type":"Feature","geometry":{"type":"Point","coordinates":[-77.27719,39.46811]},"properties":{"id":"node/12213019414","name":"Widespread Country Market","group":"groceries","category":"shop=farm","hours":"We-Th 10:00-19:00; Fr-Sa 10:00-20:00; Su 10:00-17:00","phone":"+1-301-304-0026","housenumber":"11037","street":"Liberty Road","city":"Frederick","postcode":"21701"}},{"type":"Feature","geometry":{"type":"Point","coordinates":[-77.21594,39.15701]},"properties":{"id":"node/12216393326","name":"Sheehy Ford of Gaithersburg Service Department","group":"services","category":"shop=car_repair"}},{"type":"Feature","geometry":{"type":"Point","coordinates":[-77.21031,39.15454]},"properties":{"id":"node/12216474383","name":"Firehouse Deli","group":"food","category":"amenity=restaurant","housenumber":"6","street":"Montgomery Village Avenue","city":"Gaithersburg","postcode":"20879"}},{"type":"Feature","geometry":{"type":"Point","coordinates":[-77.20886,39.1556]},"properties":{"id":"node/12216643799","name":"Pho Chi","group":"food","category":"amenity=restaurant","cuisine":"vietnamese","housenumber":"20","street":"Montgomery Village Avenue"}},{"type":"Feature","geometry":{"type":"Point","coordinates":[-77.20876,39.1555]},"properties":{"id":"node/12216643800","name":"Kacey Hair Salon","group":"personal_care","category":"shop=hairdresser","housenumber":"20","street":"Montgomery Village Avenue"}},{"type":"Feature","geometry":{"type":"Point","coordinates":[-77.22574,39.16391]},"properties":{"id":"node/12219913769","name":"Hunan Cafe","group":"food","category":"amenity=fast_food","cuisine":"chinese","housenumber":"18749","street":"North Frederick Avenue"}},{"type":"Feature","geometry":{"type":"Point","coordinates":[-77.21099,39.15638]},"properties":{"id":"node/12230677288","name":"Flowers World Wide","group":"shopping","category":"shop=florist","housenumber":"811","street":"Russell Avenue","city":"Gaithersburg","postcode":"20879"}},{"type":"Feature","geometry":{"type":"Point","coordinates":[-77.21167,39.15715]},"properties":{"id":"node/12234224399","name":"Beer & Wine","group":"groceries","category":"shop=alcohol","housenumber":"857","street":"Russell Avenue","city":"Gaithersburg","postcode":"20879"}},{"type":"Feature","geometry":{"type":"Point","coordinates":[-77.21194,39.15696]},"properties":{"id":"node/12234224400","name":"American Dry Cleaners","group":"services","category":"shop=dry_cleaning","housenumber":"845","street":"Russell Avenue","city":"Gaithersburg","postcode":"20879"}},{"type":"Feature","geometry":{"type":"Point","coordinates":[-77.21457,39.15922]},"properties":{"id":"node/12236630819","name":"Four Season Cleaning Services","group":"services","category":"craft=cleaning","housenumber":"961","street":"Russell Avenue","city":"Gaithersburg","postcode":"20879"}},{"type":"Feature","geometry":{"type":"Point","coordinates":[-77.21409,39.15906]},"properties":{"id":"node/12236630823","name":"Budget Maids","group":"services","category":"craft=cleaning","housenumber":"953","street":"Russell Avenue","city":"Gaithersburg","postcode":"20879"}},{"type":"Feature","geometry":{"type":"Point","coordinates":[-77.35996,39.32172]},"properties":{"id":"node/12334399038","name":"CULTA","group":"shopping","category":"shop=cannabis","hours":"Mo-Su 10:00-21:00","phone":"+1-301-810-2962; +1-844-507-9333","website":"https://www.culta.com/location/urbana","housenumber":"8709","street":"Fingerboard Road","city":"Frederick","postcode":"21704"}},{"type":"Feature","geometry":{"type":"Point","coordinates":[-77.68004,39.67994]},"properties":{"id":"node/12347386774","name":"Simply Blessed Treasures","group":"shopping","category":"shop=gift","housenumber":"19776","street":"Longmeadow Road","city":"Hagerstown","postcode":"21742"}},{"type":"Feature","geometry":{"type":"Point","coordinates":[-77.68008,39.68002]},"properties":{"id":"node/12347386775","name":"Elegance Jewelers","group":"shopping","category":"shop=jewelry","housenumber":"19776","street":"Longmeadow Road","city":"Hagerstown","postcode":"21742"}},{"type":"Feature","geometry":{"type":"Point","coordinates":[-77.70151,39.66481]},"properties":{"id":"node/12347387126","name":"The Pizza Corner","group":"food","category":"amenity=fast_food","cuisine":"pizza"}},{"type":"Feature","geometry":{"type":"Point","coordinates":[-77.7015,39.66489]},"properties":{"id":"node/12347387127","name":"Olde Time Candy and Bulk Food","group":"food","category":"shop=confectionery"}},{"type":"Feature","geometry":{"type":"Point","coordinates":[-77.70157,39.66494]},"properties":{"id":"node/12347387128","name":"Hagerstown Dutch Bakery","group":"food","category":"shop=bakery"}},{"type":"Feature","geometry":{"type":"Point","coordinates":[-77.70155,39.66507]},"properties":{"id":"node/12347387129","name":"Lapp's Gourmet Donuts","group":"food","category":"amenity=fast_food","cuisine":"donut"}},{"type":"Feature","geometry":{"type":"Point","coordinates":[-77.70147,39.6651]},"properties":{"id":"node/12347387130","name":"Ben's BBQ","group":"food","category":"amenity=restaurant","cuisine":"barbecue"}},{"type":"Feature","geometry":{"type":"Point","coordinates":[-77.70136,39.66509]},"properties":{"id":"node/12347387131","name":"J&D Meats","group":"groceries","category":"shop=butcher"}},{"type":"Feature","geometry":{"type":"Point","coordinates":[-77.70132,39.66496]},"properties":{"id":"node/12347387132","name":"Verna's Sub Shop","group":"food","category":"amenity=fast_food","cuisine":"sandwich"}},{"type":"Feature","geometry":{"type":"Point","coordinates":[-77.70131,39.66503]},"properties":{"id":"node/12347387133","name":"The Daily Grind Cafe","group":"food","category":"amenity=cafe"}},{"type":"Feature","geometry":{"type":"Point","coordinates":[-77.70146,39.66501]},"properties":{"id":"node/12347387134","name":"Mandy's Soft Pretzels","group":"food","category":"amenity=fast_food","cuisine":"pretzel"}},{"type":"Feature","geometry":{"type":"Point","coordinates":[-77.70136,39.6648]},"properties":{"id":"node/12347387135","name":"Lapp's Produce Company","group":"groceries","category":"shop=greengrocer"}},{"type":"Feature","geometry":{"type":"Point","coordinates":[-77.70134,39.66488]},"properties":{"id":"node/12347387136","name":"Lapp's Furniture & Home Decor","group":"shopping","category":"shop=furniture"}},{"type":"Feature","geometry":{"type":"Point","coordinates":[-77.7014,39.665]},"properties":{"id":"node/12347387137","name":"The Farmer's Cookhouse","group":"food","category":"amenity=restaurant","cuisine":"american"}},{"type":"Feature","geometry":{"type":"Point","coordinates":[-77.70145,39.66493]},"properties":{"id":"node/12347387144","name":"Blue Mountain Deli","group":"food","category":"shop=deli"}},{"type":"Feature","geometry":{"type":"Point","coordinates":[-77.70142,39.6651]},"properties":{"id":"node/12347387145","name":"Ben's Fresh Poultry","group":"food","category":"amenity=fast_food","cuisine":"chicken"}},{"type":"Feature","geometry":{"type":"Point","coordinates":[-77.70208,39.66464]},"properties":{"id":"node/12347420412","name":"Shear Image","group":"personal_care","category":"shop=hairdresser"}},{"type":"Feature","geometry":{"type":"Point","coordinates":[-77.70232,39.66452]},"properties":{"id":"node/12347420417","name":"Nail Palace & Spa","group":"personal_care","category":"shop=beauty","housenumber":"1563","street":"Potomac Avenue","city":"Hagerstown","postcode":"21742"}},{"type":"Feature","geometry":{"type":"Point","coordinates":[-77.70245,39.66446]},"properties":{"id":"node/12347420418","name":"The 301 Tacos & Pizza","group":"food","category":"amenity=restaurant","cuisine":"tacos;pizza;mexican;italian","housenumber":"1561","street":"Potomac Avenue","city":"Hagerstown","postcode":"21742"}},{"type":"Feature","geometry":{"type":"Point","coordinates":[-77.70253,39.6645]},"properties":{"id":"node/12347420419","name":"Long Meadow Barber Shop","group":"personal_care","category":"shop=hairdresser","housenumber":"1557","street":"Potomac Avenue"}},{"type":"Feature","geometry":{"type":"Point","coordinates":[-77.70258,39.66453]},"properties":{"id":"node/12347420437","name":"Weyira Olive Oil & Vinegar Tasting Gallery","group":"food","category":"shop=deli","housenumber":"1555","street":"Potomac Avenue","city":"Hagerstown","postcode":"21742"}},{"type":"Feature","geometry":{"type":"Point","coordinates":[-77.70273,39.66435]},"properties":{"id":"node/12347420439","name":"K&K Hearing Associates","group":"personal_care","category":"shop=hearing_aids","housenumber":"1549","street":"Potomac Avenue","city":"Hagerstown","postcode":"21742"}},{"type":"Feature","geometry":{"type":"Point","coordinates":[-77.70277,39.66413]},"properties":{"id":"node/12347420491","name":"Family Farm & Home","group":"groceries","category":"shop=country_store","housenumber":"1535","street":"Potomac Avenue","city":"Hagerstown","postcode":"21742"}},{"type":"Feature","geometry":{"type":"Point","coordinates":[-77.70301,39.66388]},"properties":{"id":"node/12347420501","name":"China Wok","group":"food","category":"amenity=restaurant","cuisine":"chinese","housenumber":"1533","street":"Potomac Avenue","city":"Hagerstown","postcode":"21742"}},{"type":"Feature","geometry":{"type":"Point","coordinates":[-77.7034,39.6633]},"properties":{"id":"node/12347420508","name":"Longmeadow Wine & Liquors","group":"groceries","category":"shop=alcohol","housenumber":"1515","street":"Potomac Avenue","city":"Hagerstown","postcode":"21742"}},{"type":"Feature","geometry":{"type":"Point","coordinates":[-77.70346,39.66316]},"properties":{"id":"node/12347420510","name":"Longmeadow Cleaners","group":"services","category":"shop=dry_cleaning","housenumber":"1511","street":"Potomac Avenue","city":"Hagerstown","postcode":"21742"}},{"type":"Feature","geometry":{"type":"Point","coordinates":[-77.70275,39.66451]},"properties":{"id":"node/12347421172","name":"Rooster Moon Coffeehouse","group":"food","category":"amenity=cafe","cuisine":"coffee_shop","housenumber":"1551","street":"Potomac Avenue","city":"Hagerstown","postcode":"21742"}},{"type":"Feature","geometry":{"type":"Point","coordinates":[-77.27187,39.18087]},"properties":{"id":"node/12431589207","name":"Tortacos","group":"food","category":"amenity=restaurant","cuisine":"mexican","hours":"Mo-Su 11:00-21:00","phone":"+1-301-450-8800","website":"https://www.eattortacos.com","housenumber":"13024","street":"Middlebrook Road","city":"Germantown","postcode":"20874"}},{"type":"Feature","geometry":{"type":"Point","coordinates":[-77.73385,39.62391]},"properties":{"id":"node/12485143259","name":"Rik's Cafe","group":"food","category":"amenity=cafe","phone":"+1-301-302-7541","website":"http://rikscafexperience.com/","housenumber":"1065","street":"Maryland Avenue","city":"Hagerstown","postcode":"21740"}},{"type":"Feature","geometry":{"type":"Point","coordinates":[-77.7338,39.62399]},"properties":{"id":"node/12485143260","name":"Hub City Liquors","group":"groceries","category":"shop=alcohol","website":"https://www.facebook.com/people/Hub-City-Liquor/100049751779288/","housenumber":"1061","street":"Maryland Avenue","city":"Hagerstown","postcode":"21740"}},{"type":"Feature","geometry":{"type":"Point","coordinates":[-77.73398,39.62376]},"properties":{"id":"node/12485143262","name":"The shop by Los","group":"personal_care","category":"shop=hairdresser"}},{"type":"Feature","geometry":{"type":"Point","coordinates":[-77.73338,39.62449]},"properties":{"id":"node/12485143265","name":"China Buffet","group":"food","category":"amenity=fast_food","cuisine":"chinese","phone":"+1-240-420-5955","website":"https://chinabuffethm.com/","housenumber":"1041","street":"Maryland Avenue","city":"Hagerstown","postcode":"21740"}},{"type":"Feature","geometry":{"type":"Point","coordinates":[-77.7111,39.63788]},"properties":{"id":"node/12485214730","name":"Family Diner","group":"food","category":"amenity=restaurant","housenumber":"431","street":"Dual Highway","city":"Hagerstown","postcode":"21740"}},{"type":"Feature","geometry":{"type":"Point","coordinates":[-77.7081,39.63566]},"properties":{"id":"node/12485228163","name":"Cartridges Galore","group":"shopping","category":"shop=video_games","phone":"+1-240-707-6110","website":"https://www.cartridgesgaloregames.com/","housenumber":"609","street":"Dual Highway","city":"Hagerstown","postcode":"21740"}},{"type":"Feature","geometry":{"type":"Point","coordinates":[-77.70805,39.63576]},"properties":{"id":"node/12485228165","name":"Smoker Friendly","group":"shopping","category":"shop=tobacco","phone":"+1-301-739-9120","housenumber":"615","street":"Dual Highway","city":"Hagerstown","postcode":"21740"}},{"type":"Feature","geometry":{"type":"Point","coordinates":[-77.70799,39.63588]},"properties":{"id":"node/12485228167","name":"Le's Nails","group":"personal_care","category":"shop=beauty"}},{"type":"Feature","geometry":{"type":"Point","coordinates":[-77.70792,39.63603]},"properties":{"id":"node/12485228172","name":"McCormick Paints","group":"shopping","category":"shop=paint","phone":"+1-301-797-1122","website":"https://www.mccormickpaints.com/locations/hagerstown/","housenumber":"629","street":"Dual Highway","city":"Hagerstown","postcode":"21740"}},{"type":"Feature","geometry":{"type":"Point","coordinates":[-77.3941,39.44779]},"properties":{"id":"node/12485890605","name":"TECHY Frederick","group":"services","category":"shop=repair","hours":"Mo-Sa 10:00-19:00; Su 12:00-18:00","phone":"+1-240-422-8330","website":"https://techycompany.com/frederick-md","housenumber":"Unit B","street":"2480 Osprey Way","city":"Frederick","postcode":"21701"}},{"type":"Feature","geometry":{"type":"Point","coordinates":[-77.41069,39.41751]},"properties":{"id":"node/12488437581","name":"Hippy Chick Hummus","group":"food","category":"amenity=restaurant","phone":"+1-240-815-7175","website":"https://hippy-chick-hummus.square.site/","housenumber":"237","street":"n market st","city":"Frederick","postcode":"21701"}},{"type":"Feature","geometry":{"type":"Point","coordinates":[-77.39559,39.4471]},"properties":{"id":"node/12608708945","name":"QuickWay","group":"food","category":"amenity=restaurant","cuisine":"japanese"}},{"type":"Feature","geometry":{"type":"Point","coordinates":[-77.39466,39.44739]},"properties":{"id":"node/12608708946","name":"Gwenie's Pastries","group":"food","category":"shop=pastry"}},{"type":"Feature","geometry":{"type":"Point","coordinates":[-77.39505,39.4475]},"properties":{"id":"node/12608708947","name":"Wok In Wok Out","group":"food","category":"amenity=restaurant","cuisine":"japanese","website":"https://woksup.world/","housenumber":"211","street":"Shorebird Street","city":"Frederick","postcode":"21701"}},{"type":"Feature","geometry":{"type":"Point","coordinates":[-77.52887,39.2756]},"properties":{"id":"node/12608866021","name":"One Stop Deli","group":"food","category":"shop=deli","housenumber":"1595","street":"Bowis Drive","city":"Point of Rocks","postcode":"21777"}},{"type":"Feature","geometry":{"type":"Point","coordinates":[-77.42096,39.61655]},"properties":{"id":"node/12610902334","name":"Thurmont Liquors","group":"groceries","category":"shop=alcohol","website":"https://www.facebook.com/ThurmontLiquor/","housenumber":"217","street":"Tippin Drive","city":"Thurmont","postcode":"21788"}},{"type":"Feature","geometry":{"type":"Point","coordinates":[-77.42103,39.61647]},"properties":{"id":"node/12610902341","name":"Thurmont Number One Nails","group":"personal_care","category":"shop=beauty","housenumber":"213","street":"Tippin Drive","city":"Thurmont","postcode":"21788"}},{"type":"Feature","geometry":{"type":"Point","coordinates":[-77.42109,39.61639]},"properties":{"id":"node/12610902342","name":"Orchard Village Cleaners","group":"services","category":"shop=dry_cleaners","housenumber":"209","street":"Tippin Drive","city":"Thurmont","postcode":"21788"}},{"type":"Feature","geometry":{"type":"Point","coordinates":[-77.42115,39.61628]},"properties":{"id":"node/12610902343","name":"Rocky's Pizza","group":"food","category":"amenity=restaurant","cuisine":"pizza","website":"http://www.rockysthurmont.com/","housenumber":"205","street":"Tippin Drive","city":"Thurmont","postcode":"21788"}},{"type":"Feature","geometry":{"type":"Point","coordinates":[-77.40372,39.41311]},"properties":{"id":"node/12648480635","name":"Idiom Brewing","group":"food","category":"craft=brewery"}},{"type":"Feature","geometry":{"type":"Point","coordinates":[-77.40383,39.41352]},"properties":{"id":"node/12648480648","name":"Steinhardt Brewing","group":"food","category":"craft=brewery"}},{"type":"Feature","geometry":{"type":"Point","coordinates":[-77.41028,39.41546]},"properties":{"id":"node/12648587201","name":"Juliet's Italian Market & Caf\u00e9","group":"food","category":"amenity=cafe","cuisine":"italian","hours":"Mo-Sa 11:30-17:30","phone":"+1-301-620-0077","website":"https://www.julietsitalianmarketandcafe.com/","postcode":"21701"}},{"type":"Feature","geometry":{"type":"Point","coordinates":[-77.41777,39.43181]},"properties":{"id":"node/12656928285","name":"Massage Shop","group":"personal_care","category":"shop=massage"}},{"type":"Feature","geometry":{"type":"Point","coordinates":[-77.41792,39.43181]},"properties":{"id":"node/12656971528","name":"America's Best Wings","group":"food","category":"amenity=fast_food"}},{"type":"Feature","geometry":{"type":"Point","coordinates":[-77.4181,39.43179]},"properties":{"id":"node/12656971529","name":"Thomas Scott Salon","group":"personal_care","category":"shop=hairdresser"}},{"type":"Feature","geometry":{"type":"Point","coordinates":[-77.41821,39.43175]},"properties":{"id":"node/12656971530","name":"Kitchen & Bath","group":"shopping","category":"shop=kitchen"}},{"type":"Feature","geometry":{"type":"Point","coordinates":[-77.38638,39.4554]},"properties":{"id":"node/12699385301","name":"Andaz","group":"food","category":"amenity=restaurant","cuisine":"indian","hours":"Su-Th 11:30-21:30; Fr,Sa 11:30-22:30","street":"Mill Pond Road"}},{"type":"Feature","geometry":{"type":"Point","coordinates":[-77.41078,39.41382]},"properties":{"id":"node/12703647364","name":"Juno Bakery","group":"food","category":"shop=bakery","hours":"Mo-Sa 08:00-20:00; Su 09:00-18:00"}},{"type":"Feature","geometry":{"type":"Point","coordinates":[-77.41078,39.41451]},"properties":{"id":"node/12703651207","name":"Atomic 97","group":"food","category":"amenity=bar"}},{"type":"Feature","geometry":{"type":"Point","coordinates":[-77.411,39.41485]},"properties":{"id":"node/12703660958","name":"Rare Morsel","group":"food","category":"shop=chocolate","hours":"Mo-We 10:00-17:00; Fr-Sa 10:00-19:00; Su 12:00-17:00","housenumber":"25","street":"North Market Street","city":"Frederick","postcode":"21701-5419"}},{"type":"Feature","geometry":{"type":"Point","coordinates":[-77.41097,39.41507]},"properties":{"id":"node/12703666958","name":"Market Street Boba & Beans","group":"food","category":"amenity=cafe"}},{"type":"Feature","geometry":{"type":"Point","coordinates":[-77.41076,39.41461]},"properties":{"id":"node/12703687627","name":"Tsunami","group":"food","category":"amenity=restaurant","cuisine":"ramen"}},{"type":"Feature","geometry":{"type":"Point","coordinates":[-77.41101,39.41477]},"properties":{"id":"node/12703687957","name":"The Muse","group":"shopping","category":"shop=gift"}},{"type":"Feature","geometry":{"type":"Point","coordinates":[-77.41105,39.41514]},"properties":{"id":"node/12703692775","name":"Simple Theory","group":"groceries","category":"shop=wine"}},{"type":"Feature","geometry":{"type":"Point","coordinates":[-77.41077,39.41454]},"properties":{"id":"node/12703697142","name":"Charm City Hemp","group":"shopping","category":"shop=cannabis"}},{"type":"Feature","geometry":{"type":"Point","coordinates":[-77.41103,39.41464]},"properties":{"id":"node/12703697143","name":"Brick and Mortar Mercantile","group":"shopping","category":"shop=gift"}},{"type":"Feature","geometry":{"type":"Point","coordinates":[-77.41102,39.4147]},"properties":{"id":"node/12703697144","name":"Molly's Meanderings","group":"shopping","category":"shop=gift"}},{"type":"Feature","geometry":{"type":"Point","coordinates":[-77.41099,39.41493]},"properties":{"id":"node/12703705404","name":"Lou Lou","group":"shopping","category":"shop=clothes"}},{"type":"Feature","geometry":{"type":"Point","coordinates":[-77.411,39.41518]},"properties":{"id":"node/12703710401","name":"Serendipity on Market","group":"food","category":"amenity=restaurant","hours":"Su,Mo 09:00-17:00; We-Fr 08:00-17:00; Sa 08:00-18:00"}},{"type":"Feature","geometry":{"type":"Point","coordinates":[-77.38227,39.39771]},"properties":{"id":"node/12725227142","name":"Smock Heating & Air","group":"services","category":"craft=hvac","hours":"Mo-Su 08:00-20:00","phone":"+1-301-831-8288","website":"https://smockhvac.com/","housenumber":"1539","street":"Tilco Drive","city":"Frederick","postcode":"21704"}},{"type":"Feature","geometry":{"type":"Point","coordinates":[-77.4385,39.41804]},"properties":{"id":"node/12753286387","name":"Santa Rosa Restaurant","group":"food","category":"amenity=restaurant","cuisine":"mexican"}},{"type":"Feature","geometry":{"type":"Point","coordinates":[-77.75961,39.64822]},"properties":{"id":"node/12757752337","name":"Kline Electrical Services","group":"services","category":"craft=electrician","hours":"Mo-Su 07:00-20:00","phone":"+1-240-465-5463","website":"https://www.gokline.com/","housenumber":"12113","street":"Insurance Way","city":"Hagerstown","postcode":"21740"}},{"type":"Feature","geometry":{"type":"Point","coordinates":[-77.51832,39.4349]},"properties":{"id":"node/12771184545","name":"Fountaindale Convenience","group":"groceries","category":"shop=convenience"}},{"type":"Feature","geometry":{"type":"Point","coordinates":[-77.51667,39.43411]},"properties":{"id":"node/12771184549","name":"Heritage Spirit","group":"groceries","category":"shop=alcohol"}},{"type":"Feature","geometry":{"type":"Point","coordinates":[-77.51966,39.43439]},"properties":{"id":"node/12771184550","name":"Provident Electric","group":"services","category":"craft=electrician"}},{"type":"Feature","geometry":{"type":"Point","coordinates":[-77.58712,39.63925]},"properties":{"id":"node/12806712605","name":"Lewis' Orchards","group":"groceries","category":"shop=farm"}},{"type":"Feature","geometry":{"type":"Point","coordinates":[-77.58253,39.64238]},"properties":{"id":"node/12806731239","name":"Mountain Valley Orchard","group":"groceries","category":"shop=farm"}},{"type":"Feature","geometry":{"type":"Point","coordinates":[-77.45923,39.4223]},"properties":{"id":"node/12817238164","name":"Bargain Bin","group":"groceries","category":"shop=variety_store","housenumber":"66","street":"Waverley Drive","city":"Frederick","postcode":"21702"}},{"type":"Feature","geometry":{"type":"Point","coordinates":[-78.76191,39.65238]},"properties":{"id":"node/12859790101","name":"Center Street Collective","group":"food","category":"amenity=restaurant","cuisine":"asian;breakfast;international;mexican;ramen;sushi","website":"http://centerstreetcollective.com","housenumber":"36","street":"North Centre Street","postcode":"21502"}},{"type":"Feature","geometry":{"type":"Point","coordinates":[-77.36486,39.57686]},"properties":{"id":"node/12861651285","name":"Town Liquors","group":"groceries","category":"shop=alcohol","hours":"Mo-Th 10:00-20:00; Fr-Sa 10:00-22:00; Su 11:00-20:00","phone":"+1-301-898-7565","housenumber":"12439","street":"Creagerstown Road","city":"Thurmont","postcode":"21788"}},{"type":"Feature","geometry":{"type":"Point","coordinates":[-77.35429,39.32662]},"properties":{"id":"node/12879042384","name":"Kyo Sushi","group":"food","category":"amenity=restaurant","cuisine":"japanese","housenumber":"3532 A","street":"Urbana Pike","city":"Urbana","postcode":"21704"}},{"type":"Feature","geometry":{"type":"Point","coordinates":[-77.38658,39.45521]},"properties":{"id":"node/12879908392","name":"SweetHaus","group":"food","category":"amenity=ice_cream"}},{"type":"Feature","geometry":{"type":"Point","coordinates":[-77.38699,39.45485]},"properties":{"id":"node/12879929300","name":"Bridal & Sewing Works","group":"services","category":"shop=tailor","hours":"We,Fr 10:00-17:00; Tu 10:00-19:00; Th 12:00-19:00; Sa 10:00-15:00; Su,Mo off"}},{"type":"Feature","geometry":{"type":"Point","coordinates":[-77.26561,39.18172]},"properties":{"id":"node/12926368498","name":"BoBaPoP Tea Bar","group":"food","category":"amenity=cafe","cuisine":"bubble_tea","hours":"Mo-Th,Su 10:30-21:30; Fr-Sa 10:30-22:00","phone":"+1-301-972-1418","website":"https://www.bobapopdmv.com","housenumber":"19847","street":"Century Boulevard","city":"Germantown","postcode":"20874"}},{"type":"Feature","geometry":{"type":"Point","coordinates":[-77.26583,39.1816]},"properties":{"id":"node/12926463339","name":"Passion Nail Spa","group":"personal_care","category":"shop=beauty","phone":"+1-301-916-4900","website":"https://passionnailspa.com","housenumber":"19847","street":"Century Boulevard","city":"Germantown","postcode":"20874"}},{"type":"Feature","geometry":{"type":"Point","coordinates":[-77.26463,39.18225]},"properties":{"id":"node/12926463341","name":"MoCo Nutrition","group":"food","category":"amenity=fast_food","cuisine":"juice","phone":"+1-240-912-4334","housenumber":"19857","street":"Century Boulevard","city":"Germantown","postcode":"20874"}},{"type":"Feature","geometry":{"type":"Point","coordinates":[-77.26584,39.18046]},"properties":{"id":"node/12945483605","name":"Tea Taipei","group":"food","category":"amenity=cafe","cuisine":"bubble_tea;tea;smoothie;juice;taiwanese","housenumber":"19732","street":"Germantown Road","city":"Germantown","postcode":"20874"}},{"type":"Feature","geometry":{"type":"Point","coordinates":[-77.26593,39.18042]},"properties":{"id":"node/12945483606","name":"Acqua Nails","group":"personal_care","category":"shop=beauty","housenumber":"19732","street":"Germantown Road","city":"Germantown","postcode":"20874"}},{"type":"Feature","geometry":{"type":"Point","coordinates":[-79.33385,39.5227]},"properties":{"id":"node/12946879597","name":"High Mountain Sports","group":"shopping","category":"shop=sports"}},{"type":"Feature","geometry":{"type":"Point","coordinates":[-79.33364,39.52264]},"properties":{"id":"node/12946879598","name":"Brenda's Pizza and Traders Coffee House","group":"food","category":"amenity=restaurant"}},{"type":"Feature","geometry":{"type":"Point","coordinates":[-77.41039,39.41756]},"properties":{"id":"node/12981096743","name":"Embark Skate Shop","group":"shopping","category":"shop=clothes"}},{"type":"Feature","geometry":{"type":"Point","coordinates":[-77.41039,39.41753]},"properties":{"id":"node/12981100048","name":"Another Slice of Cake","group":"food","category":"shop=bakery","housenumber":"238A","street":"North Market Street","city":"Frederick","postcode":"21701"}},{"type":"Feature","geometry":{"type":"Point","coordinates":[-77.4104,39.41744]},"properties":{"id":"node/12981128234","name":"Whitesell Pharmacy","group":"groceries","category":"amenity=pharmacy"}},{"type":"Feature","geometry":{"type":"Point","coordinates":[-77.41041,39.41764]},"properties":{"id":"node/12981178810","name":"Cole\u2019s Pawnbrokers Outlet","group":"services","category":"shop=pawnbroker","housenumber":"242","street":"North Market Street","city":"Frederick","postcode":"21701"}},{"type":"Feature","geometry":{"type":"Point","coordinates":[-77.71958,39.64476]},"properties":{"id":"node/13004123701","name":"Hub City Brewery","group":"food","category":"craft=brewery","hours":"We-Su 12:00-22:00; Tu 17:00-22:00","website":"https://hubcitybrewery.com/","housenumber":"25","street":"West Church Street","postcode":"21740"}},{"type":"Feature","geometry":{"type":"Point","coordinates":[-77.72045,39.64219]},"properties":{"id":"node/13004878401","name":"The Dog House Bar and Grill","group":"food","category":"amenity=restaurant","hours":"Mo-Sa 11:00-22:00; Su 11:00-19:00","housenumber":"20 22","street":"Public Square","postcode":"21740"}},{"type":"Feature","geometry":{"type":"Point","coordinates":[-77.72106,39.64092]},"properties":{"id":"node/13004885601","name":"Meinelschmidt Diatillery","group":"food","category":"amenity=bar","hours":"Th-Fr 16:00-22:00; Sa 12:00-22:00; Su 12:00-16:00; We 16:00-19:00","website":"https://meineldistillery.com/","housenumber":"54","street":"South Potomac Street","postcode":"21740"}},{"type":"Feature","geometry":{"type":"Point","coordinates":[-77.76877,39.62519]},"properties":{"id":"node/13027379357","name":"Black Rock Bar & Grill","group":"food","category":"amenity=restaurant"}},{"type":"Feature","geometry":{"type":"Point","coordinates":[-77.77234,39.6272]},"properties":{"id":"node/13027447799","name":"District Cannabis","group":"shopping","category":"shop=cannabis"}},{"type":"Feature","geometry":{"type":"Point","coordinates":[-78.76038,39.65143]},"properties":{"id":"node/13058220901","name":"Queen City Scoop Shop","group":"food","category":"amenity=ice_cream","hours":"Mo-Sa 11:00-20:00; Su 12:00-18:00","phone":"+1-240-727-7779","website":"https://queencityscoopshop.com","housenumber":"152","street":"Baltimore Street","city":"Cumberland","postcode":"21502"}},{"type":"Feature","geometry":{"type":"Point","coordinates":[-77.34247,39.32619]},"properties":{"id":"node/13076889653","name":"The Urbana Lodge","group":"food","category":"amenity=restaurant","phone":"+12403412612","website":"https://theurbanalodge.com/","housenumber":"3335","street":"Worthington Boulevard","city":"Ijamsville","postcode":"21754"}},{"type":"Feature","geometry":{"type":"Point","coordinates":[-77.34243,39.3259]},"properties":{"id":"node/13076889654","name":"Black Hog BBQ","group":"food","category":"amenity=restaurant","cuisine":"barbecue","housenumber":"3323","street":"Worthington Boulevard","city":"Ijamsville","postcode":"21754"}},{"type":"Feature","geometry":{"type":"Point","coordinates":[-77.34241,39.3258]},"properties":{"id":"node/13076889655","name":"Moby Dick House of Kabob","group":"food","category":"amenity=restaurant","cuisine":"falafel","housenumber":"3321","street":"Worthington Boulevard","city":"Ijamsville","postcode":"21754"}},{"type":"Feature","geometry":{"type":"Point","coordinates":[-77.26104,39.17133]},"properties":{"id":"node/13108826936","name":"Ultracare Pharmacy","group":"groceries","category":"amenity=pharmacy"}},{"type":"Feature","geometry":{"type":"Point","coordinates":[-77.26093,39.17118]},"properties":{"id":"node/13108826938","name":"Halal Meat & Groceries","group":"groceries","category":"shop=convenience"}},{"type":"Feature","geometry":{"type":"Point","coordinates":[-77.26082,39.17082]},"properties":{"id":"node/13108826940","name":"Funcle Dan's","group":"shopping","category":"shop=tobacco"}},{"type":"Feature","geometry":{"type":"Point","coordinates":[-77.26061,39.17087]},"properties":{"id":"node/13108867113","name":"Sweet as Fudge","group":"food","category":"shop=confectionery","hours":"Su-We off","website":"https://sweetasfudge.com/","housenumber":"12613","street":"Wisteria Drive"}},{"type":"Feature","geometry":{"type":"Point","coordinates":[-77.26047,39.171]},"properties":{"id":"node/13108867114","name":"Beautiful Home","group":"shopping","category":"shop=interior_decoration","housenumber":"12613","street":"Wisteria Drive"}},{"type":"Feature","geometry":{"type":"Point","coordinates":[-77.26038,39.17092]},"properties":{"id":"node/13108867115","name":"Lancaster County Meats","group":"groceries","category":"shop=butcher","housenumber":"12613","street":"Wisteria Drive"}},{"type":"Feature","geometry":{"type":"Point","coordinates":[-77.26052,39.17094]},"properties":{"id":"node/13108867116","name":"Dutch Family Restaurant","group":"food","category":"amenity=restaurant","website":"https://dutchfamilyrestaurantmd.com/"}},{"type":"Feature","geometry":{"type":"Point","coordinates":[-77.26043,39.17085]},"properties":{"id":"node/13108867117","name":"King's Bar-B-Que Pit","group":"food","category":"amenity=fast_food","cuisine":"barbecue","housenumber":"12613","street":"Wisteria Drive"}},{"type":"Feature","geometry":{"type":"Point","coordinates":[-77.23488,39.17033]},"properties":{"id":"node/13108889487","name":"Santa Elena Pupuseria & Antojitos","group":"food","category":"amenity=restaurant","cuisine":"salvadoran"}},{"type":"Feature","geometry":{"type":"Point","coordinates":[-77.26086,39.17079]},"properties":{"id":"node/13108937673","name":"Mr. K's Oriental Cuisine","group":"food","category":"amenity=restaurant","cuisine":"chinese"}},{"type":"Feature","geometry":{"type":"Point","coordinates":[-77.2609,39.17077]},"properties":{"id":"node/13108937674","name":"Super Chicken","group":"food","category":"amenity=fast_food","cuisine":"chicken"}},{"type":"Feature","geometry":{"type":"Point","coordinates":[-77.26095,39.17073]},"properties":{"id":"node/13108937675","name":"Spice Grill","group":"food","category":"amenity=restaurant"}},{"type":"Feature","geometry":{"type":"Point","coordinates":[-77.26125,39.17054]},"properties":{"id":"node/13108937678","name":"Palmeras Mercado Latino","group":"groceries","category":"shop=supermarket"}},{"type":"Feature","geometry":{"type":"Point","coordinates":[-77.2608,39.17104]},"properties":{"id":"node/13108937679","name":"Andy's Nails","group":"personal_care","category":"shop=beauty"}},{"type":"Feature","geometry":{"type":"Point","coordinates":[-77.27176,39.18058]},"properties":{"id":"node/13110962218","name":"C&C Cafe","group":"food","category":"amenity=cafe","cuisine":"korean","housenumber":"13012","street":"Middlebrook Road"}},{"type":"Feature","geometry":{"type":"Point","coordinates":[-77.62098,39.32982]},"properties":{"id":"node/13125103201","name":"Knoxville HVAC","group":"services","category":"craft=hvac","hours":"00:00-24:00","phone":"+1-240-626-9510","website":"https://flyinghvacpro.com/","housenumber":"3611","street":"Petersville Road","city":"Knoxville","postcode":"21758"}},{"type":"Feature","geometry":{"type":"Point","coordinates":[-77.41133,39.41243]},"properties":{"id":"node/13134417201","name":"Bakehouse","group":"food","category":"shop=pastry","hours":"Th-Su 08:00-14:00 \"or until sold out\""}},{"type":"Feature","geometry":{"type":"Point","coordinates":[-77.73471,39.6077]},"properties":{"id":"node/13141671507","name":"Truly Local","group":"groceries","category":"shop=variety_store"}},{"type":"Feature","geometry":{"type":"Point","coordinates":[-77.73288,39.60619]},"properties":{"id":"node/13141671509","name":"The Overwatch","group":"shopping","category":"shop=second_hand"}},{"type":"Feature","geometry":{"type":"Point","coordinates":[-77.73476,39.60683]},"properties":{"id":"node/13141671510","name":"Feast Grill & Creamery","group":"food","category":"amenity=ice_cream"}},{"type":"Feature","geometry":{"type":"Point","coordinates":[-77.73466,39.6078]},"properties":{"id":"node/13141671511","name":"MA Carpet & Flooring","group":"shopping","category":"shop=flooring"}},{"type":"Feature","geometry":{"type":"Point","coordinates":[-77.73388,39.60741]},"properties":{"id":"node/13141671517","name":"Kid's Closet Connection","group":"shopping","category":"shop=clothes"}},{"type":"Feature","geometry":{"type":"Point","coordinates":[-77.73355,39.60746]},"properties":{"id":"node/13141671519","name":"Alfred Dunner","group":"shopping","category":"shop=clothes"}},{"type":"Feature","geometry":{"type":"Point","coordinates":[-77.73377,39.60929]},"properties":{"id":"node/13141671528","name":"Uniform Outlet","group":"shopping","category":"shop=clothes"}},{"type":"Feature","geometry":{"type":"Point","coordinates":[-77.73352,39.60752]},"properties":{"id":"node/13141671529","name":"N&J'z","group":"shopping","category":"shop=clothes"}},{"type":"Feature","geometry":{"type":"Point","coordinates":[-77.73439,39.60822]},"properties":{"id":"node/13141671535","name":"Gye Nyame","group":"shopping","category":"shop=clothes"}},{"type":"Feature","geometry":{"type":"Point","coordinates":[-77.73385,39.61027]},"properties":{"id":"node/13141671539","name":"Persiano Furniture Outlet","group":"shopping","category":"shop=furniture"}},{"type":"Feature","geometry":{"type":"Point","coordinates":[-77.73265,39.60689]},"properties":{"id":"node/13141671540","name":"A Omon","group":"personal_care","category":"shop=beauty"}},{"type":"Feature","geometry":{"type":"Point","coordinates":[-77.73469,39.60681]},"properties":{"id":"node/13141671543","name":"Hibachi Express","group":"food","category":"amenity=fast_food"}},{"type":"Feature","geometry":{"type":"Point","coordinates":[-77.73421,39.60685]},"properties":{"id":"node/13141671544","name":"The Toy Box","group":"shopping","category":"shop=toys"}},{"type":"Feature","geometry":{"type":"Point","coordinates":[-77.73369,39.60791]},"properties":{"id":"node/13141671545","name":"1st Capital Gaming","group":"shopping","category":"shop=video_games"}},{"type":"Feature","geometry":{"type":"Point","coordinates":[-77.41232,39.37398]},"properties":{"id":"node/13141871925","name":"Olive & Basket","group":"shopping","category":"shop=gift","housenumber":"5253","street":"Buckeystown Pike","city":"Frederick","postcode":"21704"}},{"type":"Feature","geometry":{"type":"Point","coordinates":[-77.41279,39.3745]},"properties":{"id":"node/13141871927","name":"Comfort One Shoes","group":"shopping","category":"shop=shoes"}},{"type":"Feature","geometry":{"type":"Point","coordinates":[-77.41223,39.37424]},"properties":{"id":"node/13141871934","name":"Thai Table","group":"food","category":"amenity=restaurant","cuisine":"thai","housenumber":"5221","street":"Buckeystown Pike","city":"Frederick","postcode":"21704"}},{"type":"Feature","geometry":{"type":"Point","coordinates":[-77.41293,39.37465]},"properties":{"id":"node/13141871935","name":"Pok\u00e8 Bowl","group":"food","category":"amenity=fast_food"}},{"type":"Feature","geometry":{"type":"Point","coordinates":[-77.76864,39.62452]},"properties":{"id":"node/13172287355","name":"Branham's Candies","group":"food","category":"shop=confectionery","hours":"Mo-Fr 09:00-17:00","phone":"+1-240-707-6652","housenumber":"17301","street":"Valley Mall Road","city":"Hagerstown","postcode":"21740-8305"}},{"type":"Feature","geometry":{"type":"Point","coordinates":[-77.73931,39.64766]},"properties":{"id":"node/13172313414","name":"Summit Liquors","group":"groceries","category":"shop=alcohol"}},{"type":"Feature","geometry":{"type":"Point","coordinates":[-77.73795,39.6483]},"properties":{"id":"node/13172313415","name":"RainVac","group":"shopping","category":"shop=vacuum_cleaner"}},{"type":"Feature","geometry":{"type":"Point","coordinates":[-77.73656,39.64767]},"properties":{"id":"node/13172313416","name":"Family Laundry","group":"services","category":"shop=laundry"}},{"type":"Feature","geometry":{"type":"Point","coordinates":[-77.7366,39.64755]},"properties":{"id":"node/13172313417","name":"Giant Washers","group":"services","category":"shop=laundry"}},{"type":"Feature","geometry":{"type":"Point","coordinates":[-77.72586,39.64904]},"properties":{"id":"node/13172315196","name":"Harmans Tavern Inc","group":"food","category":"amenity=bar"}},{"type":"Feature","geometry":{"type":"Point","coordinates":[-77.72593,39.64911]},"properties":{"id":"node/13172315197","name":"Calls Used Appliances","group":"shopping","category":"shop=appliance"}},{"type":"Feature","geometry":{"type":"Point","coordinates":[-77.80854,39.6336]},"properties":{"id":"node/13172355356","name":"Smith & Son Automotive","group":"services","category":"shop=car_repair"}},{"type":"Feature","geometry":{"type":"Point","coordinates":[-77.73415,39.62351]},"properties":{"id":"node/13172358231","name":"Brooke's House Coffee and Chocolate","group":"food","category":"amenity=cafe","cuisine":"dessert;coffee_shop"}},{"type":"Feature","geometry":{"type":"Point","coordinates":[-77.7333,39.62458]},"properties":{"id":"node/13172358233","name":"Taqueria Jalisco Authentic Mexican Grill","group":"food","category":"amenity=restaurant","cuisine":"mexican"}},{"type":"Feature","geometry":{"type":"Point","coordinates":[-77.73324,39.62466]},"properties":{"id":"node/13172358234","name":"Signature Hair Salon","group":"personal_care","category":"shop=hairdresser"}},{"type":"Feature","geometry":{"type":"Point","coordinates":[-77.73303,39.62489]},"properties":{"id":"node/13172358235","name":"Clean and Bright II","group":"services","category":"shop=laundry"}},{"type":"Feature","geometry":{"type":"Point","coordinates":[-77.73275,39.6252]},"properties":{"id":"node/13172358237","name":"Brooke's House","group":"shopping","category":"shop=second_hand"}},{"type":"Feature","geometry":{"type":"Point","coordinates":[-77.71879,39.64324]},"properties":{"id":"node/13172358238","name":"Bangkok On Franklin","group":"food","category":"amenity=restaurant","cuisine":"thai;curry"}},{"type":"Feature","geometry":{"type":"Point","coordinates":[-77.71791,39.64073]},"properties":{"id":"node/13172411615","name":"Penny Mart","group":"groceries","category":"shop=convenience"}},{"type":"Feature","geometry":{"type":"Point","coordinates":[-77.71556,39.64146]},"properties":{"id":"node/13172411616","name":"Moon Appliances LLC","group":"shopping","category":"shop=appliance"}},{"type":"Feature","geometry":{"type":"Point","coordinates":[-77.71503,39.64145]},"properties":{"id":"node/13172411617","name":"Sibara Catering & Global Cafe","group":"food","category":"amenity=restaurant","cuisine":"african;american"}},{"type":"Feature","geometry":{"type":"Point","coordinates":[-77.71936,39.64281]},"properties":{"id":"node/13172413658","name":"Rice Thai Dining","group":"food","category":"amenity=restaurant","cuisine":"thai;curry"}},{"type":"Feature","geometry":{"type":"Point","coordinates":[-77.71863,39.6428]},"properties":{"id":"node/13172413659","name":"Eliza's Apothecary and Collectibles Bookstore","group":"shopping","category":"shop=books"}},{"type":"Feature","geometry":{"type":"Point","coordinates":[-77.71821,39.6427]},"properties":{"id":"node/13172413660","name":"Universal Laundry","group":"services","category":"shop=laundry"}},{"type":"Feature","geometry":{"type":"Point","coordinates":[-77.7182,39.6426]},"properties":{"id":"node/13172413661","name":"Universal Liquor","group":"groceries","category":"shop=alcohol"}},{"type":"Feature","geometry":{"type":"Point","coordinates":[-77.71767,39.64244]},"properties":{"id":"node/13172413662","name":"Five Star Divas","group":"personal_care","category":"shop=cosmetics"}},{"type":"Feature","geometry":{"type":"Point","coordinates":[-77.71706,39.64215]},"properties":{"id":"node/13172413664","name":"Potomac Seafood Market","group":"groceries","category":"shop=seafood"}},{"type":"Feature","geometry":{"type":"Point","coordinates":[-77.71645,39.64253]},"properties":{"id":"node/13172413665","name":"Kids\u2019 Closet at Otterbein UMC","group":"shopping","category":"shop=clothes"}},{"type":"Feature","geometry":{"type":"Point","coordinates":[-77.7165,39.64236]},"properties":{"id":"node/13172413666","name":"Ti Boutik Caribbean and Haitian Cuisine","group":"food","category":"amenity=restaurant","cuisine":"caribbean;curry"}},{"type":"Feature","geometry":{"type":"Point","coordinates":[-77.71477,39.63996]},"properties":{"id":"node/13172420018","name":"Express Pharmacy","group":"groceries","category":"amenity=pharmacy"}},{"type":"Feature","geometry":{"type":"Point","coordinates":[-77.77136,39.62378]},"properties":{"id":"node/13173724114","name":"Stir Fry 88","group":"food","category":"amenity=restaurant","cuisine":"chinese"}},{"type":"Feature","geometry":{"type":"Point","coordinates":[-77.77101,39.62454]},"properties":{"id":"node/13173725551","name":"Dr Phone Repair Kiosk","group":"services","category":"craft=electronics_repair"}},{"type":"Feature","geometry":{"type":"Point","coordinates":[-77.77106,39.62447]},"properties":{"id":"node/13173725552","name":"Sj Express Repair","group":"services","category":"shop=repair"}},{"type":"Feature","geometry":{"type":"Point","coordinates":[-77.77144,39.62368]},"properties":{"id":"node/13173735331","name":"Nori Japan","group":"food","category":"amenity=restaurant","cuisine":"japanese;noodle"}},{"type":"Feature","geometry":{"type":"Point","coordinates":[-77.77151,39.62357]},"properties":{"id":"node/13173735332","name":"Bubble House","group":"food","category":"amenity=cafe","cuisine":"bubble_tea"}},{"type":"Feature","geometry":{"type":"Point","coordinates":[-77.77145,39.62347]},"properties":{"id":"node/13173735333","name":"Tacos Carlitos","group":"food","category":"amenity=restaurant","cuisine":"mexican;tacos"}},{"type":"Feature","geometry":{"type":"Point","coordinates":[-77.77056,39.62483]},"properties":{"id":"node/13173766415","name":"Sears Appliance Repair","group":"shopping","category":"shop=appliance"}},{"type":"Feature","geometry":{"type":"Point","coordinates":[-77.76253,39.63331]},"properties":{"id":"node/13173836869","name":"Nikko Japanese Steak and Seafood","group":"food","category":"amenity=restaurant","cuisine":"japanese;sushi"}},{"type":"Feature","geometry":{"type":"Point","coordinates":[-77.76352,39.63268]},"properties":{"id":"node/13173836872","name":"Classy Nails & Spa","group":"personal_care","category":"shop=beauty"}},{"type":"Feature","geometry":{"type":"Point","coordinates":[-77.76368,39.63263]},"properties":{"id":"node/13173836873","name":"Cafe Liquors","group":"groceries","category":"shop=alcohol"}},{"type":"Feature","geometry":{"type":"Point","coordinates":[-77.76377,39.63253]},"properties":{"id":"node/13173836874","name":"Martin's Floral","group":"shopping","category":"shop=florist"}},{"type":"Feature","geometry":{"type":"Point","coordinates":[-77.76447,39.63221]},"properties":{"id":"node/13173836875","name":"Martin's Bakery","group":"food","category":"shop=bakery"}},{"type":"Feature","geometry":{"type":"Point","coordinates":[-77.71809,39.68477]},"properties":{"id":"node/13173895438","name":"Top China","group":"food","category":"amenity=restaurant","cuisine":"chinese"}},{"type":"Feature","geometry":{"type":"Point","coordinates":[-77.71893,39.68486]},"properties":{"id":"node/13173895441","name":"Martin's Pharmacy","group":"groceries","category":"amenity=pharmacy"}},{"type":"Feature","geometry":{"type":"Point","coordinates":[-77.7189,39.68514]},"properties":{"id":"node/13173895442","name":"Martin's Deli","group":"food","category":"shop=deli"}},{"type":"Feature","geometry":{"type":"Point","coordinates":[-77.72017,39.67498]},"properties":{"id":"node/13173895449","name":"Penn Avenue Meats","group":"groceries","category":"shop=butcher"}},{"type":"Feature","geometry":{"type":"Point","coordinates":[-77.72014,39.67488]},"properties":{"id":"node/13173895450","name":"Sanders Cookie Jar Bakery","group":"food","category":"shop=bakery"}},{"type":"Feature","geometry":{"type":"Point","coordinates":[-77.7198,39.67151]},"properties":{"id":"node/13173895451","name":"Red Hill Tactical","group":"shopping","category":"shop=gun"}},{"type":"Feature","geometry":{"type":"Point","coordinates":[-77.74314,39.69332]},"properties":{"id":"node/13173895452","name":"Sushi Palax","group":"food","category":"amenity=restaurant","cuisine":"sushi"}},{"type":"Feature","geometry":{"type":"Point","coordinates":[-77.74426,39.6932]},"properties":{"id":"node/13173895453","name":"Holsinger's Meat Market","group":"groceries","category":"shop=butcher"}},{"type":"Feature","geometry":{"type":"Point","coordinates":[-77.74467,39.69413]},"properties":{"id":"node/13173895454","name":"Brewer's Saab","group":"services","category":"shop=car_repair"}},{"type":"Feature","geometry":{"type":"Point","coordinates":[-77.6681,39.62994]},"properties":{"id":"node/13173930432","name":"Hilltop Grill","group":"food","category":"amenity=restaurant","cuisine":"burger;sandwich;salad;pizza;diner;breakfast;wings","hours":"Mo-Th 08:30-15:00; Fr 08:30-13:30","phone":"+1-240-500-2345","housenumber":"20101","street":"Student Circle","city":"Hagerstown","postcode":"21742"}},{"type":"Feature","geometry":{"type":"Point","coordinates":[-77.66816,39.63003]},"properties":{"id":"node/13173930433","name":"Hawk Caf\u00e9","group":"food","category":"amenity=cafe","cuisine":"coffee_shop","hours":"Mo-Th 08:30-12:00","housenumber":"20101","street":"Student Circle","city":"Hagerstown","postcode":"21742"}},{"type":"Feature","geometry":{"type":"Point","coordinates":[-77.41084,39.41609]},"properties":{"id":"node/13180550181","name":"agave 137 bar","group":"food","category":"amenity=bar","housenumber":"137","street":"North Market Street","city":"Frederick","postcode":"21701"}},{"type":"Feature","geometry":{"type":"Point","coordinates":[-77.40825,39.4109]},"properties":{"id":"node/13180553497","name":"ReCycles Bicycles","group":"shopping","category":"shop=bicycle","phone":"+1-301-606-8913","housenumber":"125","street":"South Carroll Street","city":"Frederick","postcode":"21701"}},{"type":"Feature","geometry":{"type":"Point","coordinates":[-77.41557,39.42753]},"properties":{"id":"node/13180558146","name":"The Common Market","group":"groceries","category":"shop=supermarket","hours":"Mo-Su 08:00-21:00","phone":"+1-301-663-3416","housenumber":"927","street":"west 7th st","city":"frederick","postcode":"21704"}},{"type":"Feature","geometry":{"type":"Point","coordinates":[-77.40498,39.41551]},"properties":{"id":"node/13180567516","name":"Shab Row Tea Emporium","group":"food","category":"shop=tea","phone":"+1-301-378-8537","housenumber":"112","street":"N East St","city":"Frederick","postcode":"21701"}},{"type":"Feature","geometry":{"type":"Point","coordinates":[-77.40824,39.41105]},"properties":{"id":"node/13180573536","name":"Twin Bears Bakery","group":"food","category":"shop=bakery","housenumber":"125","street":"South Carroll Street","city":"Frederick","postcode":"21701"}},{"type":"Feature","geometry":{"type":"Point","coordinates":[-77.41074,39.41726]},"properties":{"id":"node/13180584113","name":"Wheelbase Bicycle Shop","group":"shopping","category":"shop=bicycle","phone":"+1-301-663-9288","housenumber":"229","street":"n market st","city":"Frederick","postcode":"21701"}},{"type":"Feature","geometry":{"type":"Point","coordinates":[-77.41466,39.39188]},"properties":{"id":"node/13180633651","name":"Big Papi's Tacos","group":"food","category":"amenity=restaurant","cuisine":"mexican","phone":"+1-240-651-5969","website":"https://bigpapistacos.com/","housenumber":"5711","street":"Industry Lane","city":"Frederick","postcode":"21704"}},{"type":"Feature","geometry":{"type":"Point","coordinates":[-77.41019,39.39341]},"properties":{"id":"node/13180636135","name":"Cartridges Galore","group":"shopping","category":"shop=video_games","phone":"+1-301-662-8715","housenumber":"5732","street":"Buckeystown Pike","city":"Frederick","postcode":"21704"}},{"type":"Feature","geometry":{"type":"Point","coordinates":[-77.43219,39.42774]},"properties":{"id":"node/13180643637","name":"Rosemont Service Station","group":"services","category":"shop=car_repair","phone":"+1-301-662-3063","housenumber":"1704","street":"Rosemont Avenue","city":"frederick","postcode":"21702"}},{"type":"Feature","geometry":{"type":"Point","coordinates":[-77.7844,39.63102]},"properties":{"id":"node/13184921783","name":"AC&T","group":"groceries","category":"shop=convenience"}},{"type":"Feature","geometry":{"type":"Point","coordinates":[-77.49086,39.70965]},"properties":{"id":"node/13201403219","name":"Rocky's New York Pizza","group":"food","category":"amenity=restaurant","cuisine":"italian;pizza;sandwich","hours":"Mo off; Tu 16:00-22:00; We-Th 11:00-22:00; Fr 11:00-23:00; Sa 12:00-23:00; Su 12:00-22:00","phone":"+1-301-241-3470","website":"https://www.rockyspizzacascade.com/","housenumber":"14323","street":"Macafee Hill Road","city":"Cascade"}},{"type":"Feature","geometry":{"type":"Point","coordinates":[-77.24101,39.38394]},"properties":{"id":"node/13207096950","name":"Gaver Farms","group":"groceries","category":"shop=farm","phone":"+1-301-865-3515","website":"https://gaverfarm.com/","housenumber":"5501","street":"Detrick Road"}},{"type":"Feature","geometry":{"type":"Point","coordinates":[-77.41838,39.43167]},"properties":{"id":"node/13289665703","name":"Swirls of Frederick","group":"food","category":"amenity=ice_cream","hours":"Tu-Th 13:00-20:00; Fr-Su 13:00-21:00","website":"https://swirlsfrederick.com","housenumber":"1305","street":"West 7th Street","postcode":"21702"}},{"type":"Feature","geometry":{"type":"Point","coordinates":[-77.73485,39.60682]},"properties":{"id":"node/13289960598","name":"Eyebrow Threading","group":"personal_care","category":"shop=hairdresser"}},{"type":"Feature","geometry":{"type":"Point","coordinates":[-77.4122,39.42291]},"properties":{"id":"node/13297244208","name":"The Station Market & Cafe","group":"food","category":"amenity=cafe","hours":"Su, We-Th 09:00-16:00; Fr-Sa 09:00-17:00","website":"https://thestationmarketandcafe.com","housenumber":"629","street":"North Bentz Street","postcode":"21701"}},{"type":"Feature","geometry":{"type":"Point","coordinates":[-77.406,39.38285]},"properties":{"id":"node/13358215713","name":"Empire Jewelry & Watch","group":"shopping","category":"shop=jewelry","housenumber":"5500","street":"Buckeystown Pike","city":"Frederick","postcode":"21703-8331"}},{"type":"Feature","geometry":{"type":"Point","coordinates":[-77.76987,39.62477]},"properties":{"id":"node/13358225971","name":"Empire Jewelry & Diamonds","group":"shopping","category":"shop=jewelry","housenumber":"17301","street":"Valley Mall Road","city":"Hagerstown","postcode":"21740-8306"}},{"type":"Feature","geometry":{"type":"Point","coordinates":[-77.40835,39.41386]},"properties":{"id":"node/13387677305","name":"One Goods Company","group":"shopping","category":"shop=clothes","hours":"Mo,Fr,Sa,Su 12:00-19:00","website":"https://onegoodsco.com/","housenumber":"112","street":"East Patrick Street","city":"Frederick","postcode":"21701-5630"}},{"type":"Feature","geometry":{"type":"Point","coordinates":[-77.40477,39.38653]},"properties":{"id":"node/13396140226","name":"Red Wing - Frederick, MD","group":"shopping","category":"shop=shoes","hours":"Su 11:00-16:00, Mo-Fr 09:30-19:00, Sa 09:00-17:00","phone":"+1 301-815-5430","website":"https://stores.redwingshoes.com/frederick-md","housenumber":"5600","street":"Urbana Pike","city":"Frederick","postcode":"21704"}},{"type":"Feature","geometry":{"type":"Point","coordinates":[-77.36521,39.57682]},"properties":{"id":"node/13413231130","name":"D&J Auto Enterprises / New Bill's Auto Body","group":"services","category":"shop=car_repair","hours":"Mo-Fr 08:00-17:00","phone":"+1-301-898-5080","website":"https://www.newbillsautobody.com/","housenumber":"12440A","street":"Creagerstown Road","city":"Thurmont","postcode":"21788"}},{"type":"Feature","geometry":{"type":"Point","coordinates":[-77.20622,39.28446]},"properties":{"id":"node/13414443393","name":"Bradley Technology Studios","group":"services","category":"craft=electronics_repair","hours":"Mo-Fr 04:00-20:00; Sa 10:00-18:00","phone":"+1-240-575-4737","website":"https://www.bradleytechnologystudios.com/","housenumber":"26025","street":"Ridge Manor Drive","city":"Damascus","postcode":"20872"}},{"type":"Feature","geometry":{"type":"Point","coordinates":[-77.40393,39.42644]},"properties":{"id":"node/13433343699","name":"Mazako","group":"food","category":"amenity=restaurant","cuisine":"afghan","hours":"Fr-Sa 11:30-21:00; Su-Th 11:30-20:00","phone":"+1-240-575-9256","website":"https://www.mazakofrederick.com","housenumber":"911","street":"North East Street","city":"Frederick","postcode":"21701-5088"}},{"type":"Feature","geometry":{"type":"Point","coordinates":[-77.41095,39.41559]},"properties":{"id":"node/13449255001","name":"Fire & Oak","group":"food","category":"amenity=restaurant","hours":"Su-Th 11:00-23:00; Fr-Sa 11:00-01:00","phone":"+1-240-575-9639","website":"https://fireandoakrestaurant.com","housenumber":"105","street":"North Market Street","postcode":"21701"}},{"type":"Feature","geometry":{"type":"Point","coordinates":[-78.77324,39.62592]},"properties":{"id":"node/13533298095","name":"Western Maryland Outdoor Power","group":"services","category":"shop=groundskeeping","phone":"+13017593200","website":"https://www.westernmarylandoutdoorpower.com/"}},{"type":"Feature","geometry":{"type":"Point","coordinates":[-78.76787,39.62761]},"properties":{"id":"node/13533365353","name":"K Bar & Lunch","group":"food","category":"amenity=restaurant","phone":"+13017779748"}},{"type":"Feature","geometry":{"type":"Point","coordinates":[-78.7699,39.62888]},"properties":{"id":"node/13534522674","name":"Mallow Landscaping","group":"services","category":"craft=gardener","housenumber":"1100","street":"Lexington Avenue","city":"Cumberland","postcode":"21502"}},{"type":"Feature","geometry":{"type":"Point","coordinates":[-78.76389,39.6342]},"properties":{"id":"node/13534522681","name":"Virginia Avenue Liquors","group":"groceries","category":"shop=alcohol"}},{"type":"Feature","geometry":{"type":"Point","coordinates":[-78.76369,39.63474]},"properties":{"id":"node/13534536517","name":"Clayton's Collectables","group":"shopping","category":"shop=collector","phone":"+12403627330","website":"https://www.claytonscollectables.com/"}},{"type":"Feature","geometry":{"type":"Point","coordinates":[-78.76325,39.63535]},"properties":{"id":"node/13534536528","name":"Groom N Tails","group":"services","category":"shop=pet_grooming","phone":"+13017248623","website":"https://groomtails.top/"}},{"type":"Feature","geometry":{"type":"Point","coordinates":[-78.76308,39.63571]},"properties":{"id":"node/13534536553","name":"Marvin's Floor Center","group":"shopping","category":"shop=flooring"}},{"type":"Feature","geometry":{"type":"Point","coordinates":[-78.75864,39.64588]},"properties":{"id":"node/13534912669","name":"Martin's Pharmacy","group":"groceries","category":"amenity=pharmacy"}},{"type":"Feature","geometry":{"type":"Point","coordinates":[-77.28732,39.1506]},"properties":{"id":"node/13535908780","name":"New You Salon","group":"personal_care","category":"shop=hairdresser","hours":"Tu-Fr 10:00-17:00; Sa 10:00-15:00","phone":"+1 240-474-5676","website":"https://newyousalonmd.com","housenumber":"17639","street":"Charity Lane","city":"Germantown","postcode":"20874"}},{"type":"Feature","geometry":{"type":"Point","coordinates":[-78.74866,39.63041]},"properties":{"id":"node/13537394691","name":"PharmacaCare South Cumberland","group":"groceries","category":"amenity=pharmacy","website":"https://www.pharmacareofcumberland.com/mobile/SouthCumberland"}},{"type":"Feature","geometry":{"type":"Point","coordinates":[-78.7555,39.63131]},"properties":{"id":"node/13537401803","name":"South Cumberland Liquors","group":"groceries","category":"shop=alcohol","phone":"+13017592626"}},{"type":"Feature","geometry":{"type":"Point","coordinates":[-78.75758,39.63167]},"properties":{"id":"node/13537401804","name":"Stafford Market","group":"groceries","category":"shop=greengrocer","phone":"+13017778982"}},{"type":"Feature","geometry":{"type":"Point","coordinates":[-78.75924,39.63157]},"properties":{"id":"node/13537401807","name":"JM's Transmission and Exhaust","group":"services","category":"shop=car_repair","phone":"+13017592940"}},{"type":"Feature","geometry":{"type":"Point","coordinates":[-78.75682,39.64884]},"properties":{"id":"node/13539347101","name":"The Beverage Depot","group":"groceries","category":"shop=alcohol","phone":"+13018675309"}},{"type":"Feature","geometry":{"type":"Point","coordinates":[-78.76555,39.64969]},"properties":{"id":"node/13539367278","name":"Cumberland Optical / Dr. Shawn Ricker","group":"personal_care","category":"shop=optician","website":"http://www.cumberlandoptician.com/"}},{"type":"Feature","geometry":{"type":"Point","coordinates":[-78.76612,39.64974]},"properties":{"id":"node/13539367279","name":"PharmaCare West","group":"groceries","category":"amenity=pharmacy"}},{"type":"Feature","geometry":{"type":"Point","coordinates":[-78.76688,39.64983]},"properties":{"id":"node/13539367281","name":"Parkview Discount Liquor Store","group":"groceries","category":"shop=alcohol","phone":"+13017225257"}},{"type":"Feature","geometry":{"type":"Point","coordinates":[-78.77105,39.64838]},"properties":{"id":"node/13539367291","name":"Grow West Cannabis Company Dispensary and CBD Wellness Pharmacy","group":"shopping","category":"shop=cannabis","phone":"+18339429900","website":"https://www.growwestmd.com/dispensary/"}},{"type":"Feature","geometry":{"type":"Point","coordinates":[-78.75836,39.65779]},"properties":{"id":"node/13541362497","name":"Pit N Go","group":"groceries","category":"shop=convenience","phone":"+12403627413"}},{"type":"Feature","geometry":{"type":"Point","coordinates":[-78.75808,39.65206]},"properties":{"id":"node/13542341211","name":"Chopsticks Chinese Restaurant","group":"food","category":"amenity=fast_food","cuisine":"chinese","phone":"+13017241082","website":"http://www.order.chopsticksfood.com/"}},{"type":"Feature","geometry":{"type":"Point","coordinates":[-78.75765,39.65145]},"properties":{"id":"node/13542341212","name":"Suds Laundry Lounge Convenience","group":"groceries","category":"shop=alcohol"}},{"type":"Feature","geometry":{"type":"Point","coordinates":[-78.76152,39.64534]},"properties":{"id":"node/13544500106","name":"Queen City Armory","group":"shopping","category":"shop=weapons","housenumber":"102","street":"South Wineow Street","city":"Cumberland","postcode":"21502"}},{"type":"Feature","geometry":{"type":"Point","coordinates":[-78.75355,39.63127]},"properties":{"id":"node/13546578861","name":"Raines Roofing & Siding","group":"services","category":"craft=roofer","phone":"+13017594600"}},{"type":"Feature","geometry":{"type":"Point","coordinates":[-78.74672,39.6358]},"properties":{"id":"node/13546578887","name":"Oil Works Plus","group":"services","category":"shop=car_repair"}},{"type":"Feature","geometry":{"type":"Point","coordinates":[-78.74812,39.6366]},"properties":{"id":"node/13546581914","name":"Squires Electric & Mechanical","group":"shopping","category":"shop=electrical"}},{"type":"Feature","geometry":{"type":"Point","coordinates":[-78.75009,39.63797]},"properties":{"id":"node/13546581963","name":"Pappy's Pizza","group":"food","category":"amenity=restaurant","cuisine":"pizza","phone":"+13012685558","website":"https://pappyspizza.square.site/"}},{"type":"Feature","geometry":{"type":"Point","coordinates":[-78.75047,39.63821]},"properties":{"id":"node/13546581970","name":"Chrisclean Laundry","group":"services","category":"shop=laundry","phone":"+13016970911"}},{"type":"Feature","geometry":{"type":"Point","coordinates":[-78.7505,39.638]},"properties":{"id":"node/13546581971","name":"Chrisstudio","group":"services","category":"craft=photographer","phone":"+13017222114","website":"http://www.chrisstudio.com/"}},{"type":"Feature","geometry":{"type":"Point","coordinates":[-77.72243,39.64319]},"properties":{"id":"node/13546982833","name":"96 Royal Coffee Cream","group":"food","category":"amenity=cafe","hours":"Mo-Sa 07:00-15:00","phone":"+1-240-350-2325","website":"https://linktr.ee/96RoyalCoffeeCream","housenumber":"96","street":"West Washington Street","city":"Hagerstown","postcode":"21740-4804"}},{"type":"Feature","geometry":{"type":"Point","coordinates":[-78.75285,39.64483]},"properties":{"id":"node/13556352335","name":"Hartley's","group":"food","category":"amenity=restaurant","cuisine":"pizza","phone":"+13017593095"}},{"type":"Feature","geometry":{"type":"Point","coordinates":[-78.76258,39.65334]},"properties":{"id":"node/13556352395","name":"Walsh-Mc Cagh & Kellough Pharmacy","group":"groceries","category":"amenity=pharmacy","phone":"+13017243646","website":"https://www.ampland.com/","housenumber":"101","street":"North Centre Street","city":"Cumberland","postcode":"21502"}},{"type":"Feature","geometry":{"type":"Point","coordinates":[-78.76422,39.65306]},"properties":{"id":"node/13556368961","name":"Putra's Hibachi Grill","group":"food","category":"amenity=restaurant","phone":"+13042091781","website":"https://putrastakeout.square.site/","housenumber":"130","street":"North Mechanic Street","city":"Cumberland","postcode":"21502"}},{"type":"Feature","geometry":{"type":"Point","coordinates":[-78.76431,39.65324]},"properties":{"id":"node/13556368962","name":"The Downtown Dapper","group":"personal_care","category":"shop=hairdresser","website":"https://the-downtown-dapper.booksy.com/a/","housenumber":"136","street":"North Mechanic Street","city":"Cumberland","postcode":"21502"}},{"type":"Feature","geometry":{"type":"Point","coordinates":[-78.76433,39.65367]},"properties":{"id":"node/13556368964","name":"The Unfinished Furniture Co.","group":"shopping","category":"shop=antiques","housenumber":"143","street":"North Mechanic Street","city":"Cumberland","postcode":"21502"}},{"type":"Feature","geometry":{"type":"Point","coordinates":[-78.76449,39.65381]},"properties":{"id":"node/13556368965","name":"Caporale's Bakery Inc","group":"food","category":"shop=bakery","phone":"+13017227755"}},{"type":"Feature","geometry":{"type":"Point","coordinates":[-78.91088,39.64721]},"properties":{"id":"node/13564478924","name":"Yamato Japanese Steak House","group":"food","category":"amenity=restaurant","cuisine":"japanese"}},{"type":"Feature","geometry":{"type":"Point","coordinates":[-78.91028,39.64703]},"properties":{"id":"node/13564478927","name":"Frostburg Smoke Shop","group":"shopping","category":"shop=tobacco"}},{"type":"Feature","geometry":{"type":"Point","coordinates":[-78.90982,39.64052]},"properties":{"id":"node/13565401870","name":"Apex Heating and Cooling Inc","group":"services","category":"craft=hvac","phone":"+12402842092","website":"https://www.apexheatingcoolinginc.com/"}},{"type":"Feature","geometry":{"type":"Point","coordinates":[-78.92629,39.65644]},"properties":{"id":"node/13574520184","name":"Baker Babes LLC","group":"food","category":"shop=bakery","phone":"+13016160292"}},{"type":"Feature","geometry":{"type":"Point","coordinates":[-78.92827,39.65762]},"properties":{"id":"node/13578166631","name":"Gladstone Mercantile","group":"groceries","category":"shop=alcohol","phone":"+13012655703","website":"https://www.gladstonemercantile.com/","housenumber":"9","street":"West Main Street","city":"Frostburg","postcode":"21532"}},{"type":"Feature","geometry":{"type":"Point","coordinates":[-78.89968,39.65351]},"properties":{"id":"node/13587233889","name":"Earth & Aura Esthetics","group":"personal_care","category":"shop=beauty","website":"https://earthaura.glossgenius.com/"}},{"type":"Feature","geometry":{"type":"Point","coordinates":[-77.44653,39.41722]},"properties":{"id":"node/13591709979","name":"Johncutzhair","group":"personal_care","category":"shop=hairdresser","hours":"Mo-Th 10:00-19:00; Fr-Sa 10:00-20:00; Su 10:00-17:00","phone":"+1-410-635-4517","website":"https://www.johncutz.com","housenumber":"1100","street":"West Patrick Street","city":"Frederick","postcode":"21703"}},{"type":"Feature","geometry":{"type":"Point","coordinates":[-78.73393,39.68259]},"properties":{"id":"node/13641571112","name":"Lash Diamond Studio","group":"personal_care","category":"shop=beauty","hours":"Mo-We 09:00-20:00; Th-Fr 09:00-16:00; Sa 09:00-18:00","phone":"+1-301-744-0400","website":"https://www.lashdiamondstudio.com/","housenumber":"11600","street":"Bedford Road Northeast","city":"Cumberland","postcode":"21502"}},{"type":"Feature","geometry":{"type":"Point","coordinates":[-78.7661,39.65657]},"properties":{"id":"node/13669710001","name":"Allegania","group":"food","category":"amenity=restaurant","housenumber":"301","street":"North Centre Street","postcode":"21502"}},{"type":"Feature","geometry":{"type":"Point","coordinates":[-77.45546,39.41721]},"properties":{"id":"node/13669721501","name":"Wonder Book & Video","group":"shopping","category":"shop=books","hours":"Mo-Su 10:00-21:00","phone":"+1-301-694-5955","website":"https://www.wonderbk.com/","housenumber":"1306","street":"W Patrick Street","postcode":"21703"}},{"type":"Feature","geometry":{"type":"Point","coordinates":[-78.83609,39.63743]},"properties":{"id":"node/13715448223","name":"Cartridge Galore","group":"shopping","category":"shop=video_games"}},{"type":"Feature","geometry":{"type":"Point","coordinates":[-78.83606,39.6374]},"properties":{"id":"node/13715448229","name":"The FroYo Factory","group":"food","category":"amenity=ice_cream","cuisine":"frozen_yogurt"}},{"type":"Feature","geometry":{"type":"Point","coordinates":[-78.83448,39.6273]},"properties":{"id":"node/13715448230","name":"Arkham Games","group":"shopping","category":"shop=games"}},{"type":"Feature","geometry":{"type":"Point","coordinates":[-78.82918,39.63918]},"properties":{"id":"node/13715448231","name":"D'Atri's Resturant","group":"food","category":"amenity=restaurant"}},{"type":"Feature","geometry":{"type":"Point","coordinates":[-78.86066,39.64061]},"properties":{"id":"node/13715448232","name":"Tattoo Nouveau","group":"personal_care","category":"shop=tattoo"}},{"type":"Feature","geometry":{"type":"Point","coordinates":[-78.91031,39.64706]},"properties":{"id":"node/13715448237","name":"Cafe Oasis","group":"food","category":"amenity=restaurant"}},{"type":"Feature","geometry":{"type":"Point","coordinates":[-77.73306,39.60186]},"properties":{"id":"node/13719643576","name":"Ciao Pasta","group":"food","category":"amenity=fast_food"}},{"type":"Feature","geometry":{"type":"Point","coordinates":[-77.27064,39.17876]},"properties":{"id":"node/13796406656","name":"Hinzi's Kitchen","group":"food","category":"amenity=restaurant","cuisine":"asian;mediterranean;gyros","hours":"Mo-Su 11:00-21:00","phone":"+1-240-243-6902","website":"https://hinzis.com","housenumber":"13015","street":"Wisteria Drive","city":"Germantown","postcode":"20874-2621"}},{"type":"Feature","geometry":{"type":"Point","coordinates":[-77.73465,39.60679]},"properties":{"id":"node/13829959394","name":"Jpmino Coffee Kiosk","group":"food","category":"shop=coffee"}},{"type":"Feature","geometry":{"type":"Point","coordinates":[-77.7708,39.62153]},"properties":{"id":"node/13829970688","name":"Z Buffet","group":"food","category":"amenity=restaurant","cuisine":"chinese;japanese;american;asian;sushi"}},{"type":"Feature","geometry":{"type":"Point","coordinates":[-77.81285,39.64351]},"properties":{"id":"node/13829983588","name":"My Wood Shop","group":"services","category":"shop=3d_printing"}},{"type":"Feature","geometry":{"type":"Point","coordinates":[-77.64655,39.49827]},"properties":{"id":"node/13906094282","name":"Boonsboro Ace Hardware","group":"shopping","category":"shop=hardware","hours":"Mo-Fr 07:00-19:00; Sa 08:00-19:00; Su 10:00-16:00","phone":"+1-301-799-7070","website":"https://www.acehardware.com/store-details/18339","housenumber":"6720","street":"Old National Pike","city":"Boonsboro","postcode":"21713"}},{"type":"Feature","geometry":{"type":"Point","coordinates":[-77.62707,39.31286]},"properties":{"id":"node/13917756224","name":"Celeste","group":"food","category":"amenity=restaurant"}},{"type":"Feature","geometry":{"type":"Point","coordinates":[-77.44648,39.41876]},"properties":{"id":"node/13921401501","name":"H Mart","group":"groceries","category":"shop=grocery","housenumber":"1063","street":"West Patrick Street","postcode":"21702"}},{"type":"Feature","geometry":{"type":"Point","coordinates":[-77.76123,39.6308]},"properties":{"id":"node/13966986034","name":"Sushi Bomb","group":"food","category":"amenity=restaurant","hours":"Su 12:00-21:30; Mo-Th 11:30-15:00, 16:30-21:30; Fr 11:30-15:00, 16:30-22:00; Sa 12:00-22:00","phone":"+1-240-730-1633","website":"https://usasushibomb.com/","street":"1645 Wesel Blvd"}},{"type":"Feature","geometry":{"type":"Point","coordinates":[-79.33209,39.47513]},"properties":{"id":"node/13998737868","name":"Pawn Run Bar + Kitchen","group":"food","category":"amenity=restaurant","cuisine":"american;italian;asian;mexican","phone":"+1-240-442-5774","website":"https://www.pawnrun.com/","housenumber":"485","street":"Boy Scout Road","city":"Oakland","postcode":"21550"}},{"type":"Feature","geometry":{"type":"Point","coordinates":[-77.40546,39.40202]},"properties":{"id":"node/14000810827","name":"Frederick Wine House","group":"groceries","category":"shop=alcohol","website":"https://frederickwinehouse.com/","housenumber":"30","street":"Monocacy Boulevard","city":"Frederick","postcode":"21704"}},{"type":"Feature","geometry":{"type":"Point","coordinates":[-77.24062,39.3883]},"properties":{"id":"node/14008059485","name":"England Acres Farm & Market","group":"groceries","category":"shop=farm","hours":"Mo-Su 10:00-18:00","phone":"+1-301-835-9656","website":"https://www.englandacresfarmandmarket.com/","housenumber":"5620","street":"Detrick Road","city":"Mount Airy","postcode":"21771"}},{"type":"Feature","geometry":{"type":"Point","coordinates":[-77.24084,39.38835]},"properties":{"id":"node/14008084567","name":"Clint's Cuts","group":"groceries","category":"shop=butcher","hours":"24/7","phone":"+1-301-865-5120","website":"https://clints-cuts.com/","housenumber":"5620","street":"Detrick Road","city":"Mount Airy","postcode":"21771"}},{"type":"Feature","geometry":{"type":"Point","coordinates":[-77.41078,39.41685]},"properties":{"id":"node/14073428421","name":"Bushwaller's","group":"food","category":"amenity=pub","cuisine":"irish","hours":"Mo-Th 11:30-02:00; Fr-Su 11:00-02:00","phone":"+1-301-695-6988","website":"https://www.bushwallers.com"}},{"type":"Feature","geometry":{"type":"Point","coordinates":[-77.40795,39.41113]},"properties":{"id":"node/14073455676","name":"Frederick Soups and Comfort Foods","group":"food","category":"amenity=restaurant","cuisine":"soup;sandwich","hours":"Th-Su 11:00-16:00","website":"https://www.fredericksoups.com"}},{"type":"Feature","geometry":{"type":"Point","coordinates":[-77.41103,39.41672]},"properties":{"id":"node/14073455678","name":"Magoo's Pub and Eatery","group":"food","category":"amenity=pub","cuisine":"irish","hours":"Mo-We 11:00-21:00; Th 11:00-22:00; Fr-Sa 11:00-23:00; Su 11:00-21:00","phone":"+1-301-378-2237","website":"https://magoosfrederick.com"}},{"type":"Feature","geometry":{"type":"Point","coordinates":[-77.38096,39.44003]},"properties":{"id":"node/14079698550","name":"Rockwell Brewery","group":"food","category":"craft=brewery","website":"https://www.rockwellbrewery.com"}},{"type":"Feature","geometry":{"type":"Point","coordinates":[-77.19896,39.15352]},"properties":{"id":"node/14086707601","name":"T-Pot & BBQ","group":"food","category":"amenity=restaurant","cuisine":"asian;barbecue","housenumber":"9643-9679","street":"Lost Knife Road"}},{"type":"Feature","geometry":{"type":"Point","coordinates":[-77.41025,39.41423]},"properties":{"id":"node/14097395489","name":"Dancing Bear Toys","group":"shopping","category":"shop=toys"}},{"type":"Feature","geometry":{"type":"Point","coordinates":[-77.41001,39.41422]},"properties":{"id":"node/14097395500","name":"Roz&Dotties","group":"shopping","category":"shop=gift"}},{"type":"Feature","geometry":{"type":"Point","coordinates":[-77.40982,39.41399]},"properties":{"id":"node/14097418806","name":"Treaty General Store","group":"groceries","category":"shop=general"}},{"type":"Feature","geometry":{"type":"Point","coordinates":[-77.41184,39.41284]},"properties":{"id":"node/14104362351","name":"Umi Sushi","group":"food","category":"amenity=restaurant","cuisine":"sushi","hours":"Mo-Th 11:00-21:30; Fr,Sa 11:00-22:30; Su 11:30-21:30","website":"https://www.umisushimd.com"}},{"type":"Feature","geometry":{"type":"Point","coordinates":[-77.82114,39.60004]},"properties":{"id":"node/14113644867","name":"Third Base Tavern","group":"food","category":"amenity=pub","housenumber":"35","street":"North Conococheague Street"}},{"type":"Feature","geometry":{"type":"Point","coordinates":[-77.82115,39.60035]},"properties":{"id":"node/14113644868","name":"Williamsport Diner","group":"food","category":"amenity=restaurant","housenumber":"2","street":"East Potomac Street"}},{"type":"Feature","geometry":{"type":"Point","coordinates":[-77.82117,39.60099]},"properties":{"id":"node/14113644869","name":"C&O grill and pub","group":"food","category":"amenity=pub","housenumber":"111","street":"North Conococheague Street"}},{"type":"Feature","geometry":{"type":"Point","coordinates":[-77.40675,39.39414]},"properties":{"id":"node/14121006164","name":"Snakeman's Leather Piercing and Tattoo","group":"personal_care","category":"shop=tattoo","hours":"Tu-Sa 12:00-18:00","website":"https://fredericktattoos.com","housenumber":"5850A","street":"Urbana Pike"}},{"type":"Feature","geometry":{"type":"Point","coordinates":[-77.72128,39.64408]},"properties":{"id":"node/14125409605","name":"Goyo Da Barber","group":"personal_care","category":"shop=hairdresser","hours":"Mo,We,Th,Su 09:00-17:00; Tu 09:00-18:00; Fr 08:00-19:00; Sa 09:00-17:00","phone":"+1-240-500-8100","website":"https://goyodabarber.booksy.com/","housenumber":"57","street":"West Franklin Street","city":"Hagerstown","postcode":"21740"}},{"type":"Feature","geometry":{"type":"Point","coordinates":[-77.35268,39.48637]},"properties":{"id":"node/14129436173","name":"Glade Valley Community Thrift Shop","group":"shopping","category":"shop=second_hand","hours":"Sa 10:00-14:00","phone":"+1-301-845-0213","website":"https://gladevalley.org/thrift-shop/","housenumber":"19","street":"West Pennsylvania Avenue","city":"Walkersville","postcode":"21793"}},{"type":"Feature","geometry":{"type":"Point","coordinates":[-77.30998,39.52812]},"properties":{"id":"node/14131554950","name":"Advantage Self Storage","group":"services","category":"shop=storage_rental","hours":"24/7","phone":"+1-301-898-9046","website":"https://www.advantagestorage.com/storage-locations/maryland/woodsboro/council-dr","housenumber":"10","street":"Council Drive","city":"Woodsboro","postcode":"21798"}},{"type":"Feature","geometry":{"type":"Point","coordinates":[-77.31863,39.6054]},"properties":{"id":"node/14132036509","name":"Eyler's Service Center","group":"services","category":"shop=car_repair","phone":"+1-301-271-7780","housenumber":"10002","street":"Rocky Ridge Road","city":"Rocky Ridge","postcode":"21778"}},{"type":"Feature","geometry":{"type":"Point","coordinates":[-77.27868,39.57328]},"properties":{"id":"node/14132068850","name":"Glade Link Farms","group":"groceries","category":"shop=farm","phone":"+1-301-898-7131","website":"https://www.gladelink.com/","housenumber":"12270","street":"Woodsboro Pike","city":"Keymar","postcode":"21757"}},{"type":"Feature","geometry":{"type":"Point","coordinates":[-77.32822,39.49817]},"properties":{"id":"node/14132149331","name":"Green Glade Welding","group":"services","category":"craft=welder","hours":"Mo-Fr 06:30-15:00","phone":"+1-301-845-7350","website":"https://www.greengladewelding.com/","housenumber":"9622","street":"Woodsboro Pike","city":"Walkersville","postcode":"21793"}},{"type":"Feature","geometry":{"type":"Point","coordinates":[-77.32098,39.50455]},"properties":{"id":"node/14132164824","name":"Glamourview Creamery","group":"groceries","category":"shop=dairy","phone":"+1-301-741-0753","website":"https://www.facebook.com/share/191rbLqdvr/","housenumber":"9847","street":"Woodsboro Pike","city":"Walkersville","postcode":"21793"}},{"type":"Feature","geometry":{"type":"Point","coordinates":[-77.34688,39.48411]},"properties":{"id":"node/14132194735","name":"Sweet Babe's Creamery","group":"food","category":"shop=ice_cream","hours":"Mo-We 13:00-21:00; Th 16:00-21:00; Fr-Su 13:00-21:00","phone":"+1-301-639-4377","website":"https://sweetbabescreamery.com/","housenumber":"25","street":"East Frederick Street","city":"Walkersville","postcode":"21793"}},{"type":"Feature","geometry":{"type":"Point","coordinates":[-77.34552,39.4838]},"properties":{"id":"node/14132195700","name":"Italia New York Pizza","group":"food","category":"amenity=restaurant","cuisine":"pizza;italian","hours":"Mo-Sa 11:00-21:00; Su 11:30-20:00","phone":"+1-301-845-0641","website":"https://italianewyorkpizza.com/","housenumber":"30","street":"East Frederick Street","city":"Walkersville","postcode":"21793"}},{"type":"Feature","geometry":{"type":"Point","coordinates":[-77.34544,39.48383]},"properties":{"id":"node/14132206673","name":"Azteca Bar and Grill","group":"food","category":"amenity=restaurant","cuisine":"mexican","hours":"Mo-Th 11:00-21:00; Fr-Sa 11:00-22:00; Su 11:00-20:00","phone":"+1-301-304-5428","website":"https://www.aztecasbarandgrill.com/","housenumber":"32","street":"East Frederick Street","city":"Walkersville","postcode":"21793"}},{"type":"Feature","geometry":{"type":"Point","coordinates":[-77.34517,39.48384]},"properties":{"id":"node/14132224629","name":"Olde Towne Jewelers","group":"shopping","category":"shop=jewelry","hours":"Mo-Tu 10:00-17:00; Th 10:00-17:00; Fr 10:00-19:00; Sa 10:00-17:00","phone":"+1-301-845-2200","website":"https://oldetownejewelers.store/","housenumber":"36","street":"East Frederick Street","city":"Walkersville","postcode":"21793"}},{"type":"Feature","geometry":{"type":"Point","coordinates":[-77.34897,39.48224]},"properties":{"id":"node/14132238592","name":"Louie's Famous Fried Chicken","group":"food","category":"amenity=restaurant","cuisine":"chicken","hours":"Tu-Sa 11:00-21:00; Su 12:00-20:00","phone":"+1-301-304-0384","housenumber":"2A","street":"West Frederick Street","city":"Walkersville","postcode":"21793"}},{"type":"Feature","geometry":{"type":"Point","coordinates":[-77.34915,39.4826]},"properties":{"id":"node/14132257447","name":"Pup Lovers Grooming, LLC","group":"services","category":"shop=pet_grooming","hours":"Mo-Fr 10:00-17:00; Sa-Su 10:00-18:00","phone":"+1-240-848-3731","website":"https://www.petgroomingwalkersvillemd.com/","housenumber":"3","street":"West Frederick Street","city":"Walkersville","postcode":"21793"}},{"type":"Feature","geometry":{"type":"Point","coordinates":[-77.34901,39.48267]},"properties":{"id":"node/14132260595","name":"Walkersville Barbershop","group":"personal_care","category":"shop=hairdresser","hours":"Mo-Fr 09:00-18:00; Sa 08:00-13:00","phone":"+1-301-845-6362","housenumber":"1","street":"West Frederick Street","city":"Walkersville","postcode":"21793"}},{"type":"Feature","geometry":{"type":"Point","coordinates":[-77.31731,39.52051]},"properties":{"id":"node/14132458523","name":"Gladhill Plumbing & Heating, Inc.","group":"services","category":"craft=plumber","hours":"Mo-Fr 07:30-16:00","phone":"+1-301-898-3875","website":"https://www.gladhillplumbing.com/","housenumber":"10510","street":"Woodsboro Pike","city":"Walkersville","postcode":"21793"}},{"type":"Feature","geometry":{"type":"Point","coordinates":[-77.40276,39.42652]},"properties":{"id":"node/14132487603","name":"Oscar's West Alehouse","group":"food","category":"amenity=restaurant","housenumber":"908","street":"East Street"}},{"type":"Feature","geometry":{"type":"Point","coordinates":[-77.40273,39.42674]},"properties":{"id":"node/14132487604","name":"Key City Tattoo","group":"personal_care","category":"shop=tattoo","housenumber":"910","street":"East Street"}},{"type":"Feature","geometry":{"type":"Point","coordinates":[-77.40272,39.42681]},"properties":{"id":"node/14132487605","name":"Midnight Run Brewing","group":"food","category":"craft=brewery","housenumber":"912","street":"East Street"}},{"type":"Feature","geometry":{"type":"Point","coordinates":[-77.4027,39.42706]},"properties":{"id":"node/14132487607","name":"Live Young Candle Company","group":"shopping","category":"shop=candles","housenumber":"916","street":"East Street"}},{"type":"Feature","geometry":{"type":"Point","coordinates":[-77.40268,39.42722]},"properties":{"id":"node/14132487608","name":"Potomac Tile & Carpet","group":"shopping","category":"shop=flooring","housenumber":"918","street":"East Street"}},{"type":"Feature","geometry":{"type":"Point","coordinates":[-77.7294,39.71092]},"properties":{"id":"node/14133661918","name":"The Grille at Runways","group":"food","category":"amenity=restaurant"}},{"type":"Feature","geometry":{"type":"Point","coordinates":[-77.41056,39.41836]},"properties":{"id":"node/14143113116","name":"Olde Towne Tavern","group":"food","category":"amenity=pub","hours":"Mo-Su 11:30-01:30","phone":"+1-301-695-1454","website":"https://www.ottfrederick.com","housenumber":"325","street":"North Market Street"}},{"type":"Feature","geometry":{"type":"Point","coordinates":[-77.4532,39.42083]},"properties":{"id":"node/14155521131","name":"Manantial Grocery","group":"groceries","category":"shop=convenience"}},{"type":"Feature","geometry":{"type":"Point","coordinates":[-77.45322,39.4209]},"properties":{"id":"node/14155521132","name":"Sardi's Peruvian Chicken","group":"food","category":"amenity=restaurant","cuisine":"peruvian","website":"https://sardischicken.com"}},{"type":"Feature","geometry":{"type":"Point","coordinates":[-77.40256,39.64158]},"properties":{"id":"node/14170817772","name":"Gateway Liquors","group":"groceries","category":"shop=alcohol","website":"https://www.gatewayliquors.org"}},{"type":"Feature","geometry":{"type":"Point","coordinates":[-77.40256,39.64143]},"properties":{"id":"node/14170817773","name":"Gateway Candyland","group":"food","category":"shop=confectionery","website":"https://www.gatewaycandy.com"}},{"type":"Feature","geometry":{"type":"Point","coordinates":[-77.40256,39.64129]},"properties":{"id":"node/14170817774","name":"Farmhouse Exchange","group":"groceries","category":"shop=convenience","website":"https://www.farmhouseexchange.net"}},{"type":"Feature","geometry":{"type":"Point","coordinates":[-77.44582,39.41702]},"properties":{"id":"node/14173400768","name":"Hillcrest Beer Wine & Spirits","group":"groceries","category":"shop=alcohol","website":"https://www.yelp.com/biz/hillcrest-beer-wine-and-spirits-frederick"}},{"type":"Feature","geometry":{"type":"Point","coordinates":[-77.71977,39.64301]},"properties":{"id":"node/14174279401","name":"Eliza\u2019s Apothecary and Collectibles Bookstore","group":"shopping","category":"shop=books","hours":"Tu-Sa 11:00-16:00","phone":"+1-240-347-1213","website":"http://elizashouse.org","housenumber":"35","street":"North Potomac Street","postcode":"21740"}},{"type":"Feature","geometry":{"type":"Point","coordinates":[-77.44289,39.38202]},"properties":{"id":"node/14180882111","name":"Market @ the Creek","group":"groceries","category":"shop=convenience","housenumber":"6459","street":"Corporate Drive","city":"Frederick","postcode":"21703"}},{"type":"Feature","geometry":{"type":"Point","coordinates":[-77.68175,39.6214]},"properties":{"id":"node/14185308418","name":"Meritus Pharmacy - Robinwood","group":"groceries","category":"amenity=pharmacy","hours":"Mo-Fr 08:00-18:00","phone":"+1-301-790-9391","website":"https://www.meritushealth.com/locations/meritus-pharmacy-robinwood","housenumber":"11110","street":"Medical Campus Road","city":"Hagerstown","postcode":"21742"}},{"type":"Feature","geometry":{"type":"Point","coordinates":[-77.41093,39.41315]},"properties":{"id":"node/14210558150","name":"Flamin' Pizza","group":"food","category":"amenity=restaurant","cuisine":"pizza"}},{"type":"Feature","geometry":{"type":"Point","coordinates":[-77.41121,39.41318]},"properties":{"id":"node/14210570600","name":"Classic Electric","group":"personal_care","category":"shop=tattoo"}},{"type":"Feature","geometry":{"type":"Point","coordinates":[-77.40839,39.41298]},"properties":{"id":"node/14210573160","name":"McClintock Distillery","group":"food","category":"craft=distillery"}},{"type":"Feature","geometry":{"type":"Point","coordinates":[-77.41106,39.41249]},"properties":{"id":"node/14210582104","name":"Ardor Home","group":"shopping","category":"shop=furniture"}},{"type":"Feature","geometry":{"type":"Point","coordinates":[-77.411,39.41313]},"properties":{"id":"node/14210593636","name":"Smoker's Paradise","group":"shopping","category":"shop=tobacco"}},{"type":"Feature","geometry":{"type":"Point","coordinates":[-77.41103,39.4126]},"properties":{"id":"node/14210600748","name":"CHUN","group":"food","category":"amenity=restaurant","cuisine":"thai","hours":"Mo-Su 11:00-21:30","website":"https://www.chunfrederick.com","housenumber":"46","street":"South Market Street","postcode":"21701"}},{"type":"Feature","geometry":{"type":"Point","coordinates":[-77.40821,39.4133]},"properties":{"id":"node/14213122098","name":"McClintock's Back Bar","group":"food","category":"amenity=bar"}},{"type":"Feature","geometry":{"type":"Point","coordinates":[-77.40833,39.4139]},"properties":{"id":"node/14213152628","name":"Tried & True Barbershop","group":"personal_care","category":"shop=hairdresser"}},{"type":"Feature","geometry":{"type":"Point","coordinates":[-77.41004,39.42044]},"properties":{"id":"node/14232730316","name":"Ekiben","group":"food","category":"amenity=restaurant","cuisine":"asian;ethiopian","website":"https://www.ekibenbaltimore.com","housenumber":"500","street":"North Market Street"}},{"type":"Feature","geometry":{"type":"Point","coordinates":[-77.41054,39.41647]},"properties":{"id":"node/14235557128","name":"Magpie Fibers","group":"shopping","category":"shop=craft","website":"https://www.magpiefibers.com/?srsltid=AU7gw4WluFz9Bw7zREZeKg7A9cg11Un9_y03EyFSQol3NGlXvHGMgYpg"}},{"type":"Feature","geometry":{"type":"Point","coordinates":[-77.41067,39.41545]},"properties":{"id":"node/14235557130","name":"Zest","group":"shopping","category":"shop=clothes","website":"https://www.zestclothingandco.com"}},{"type":"Feature","geometry":{"type":"Point","coordinates":[-77.41064,39.41575]},"properties":{"id":"node/14235557135","name":"Yaneth Reyes","group":"shopping","category":"shop=jewelry","website":"https://www.yanethreyes.com"}},{"type":"Feature","geometry":{"type":"Point","coordinates":[-77.41058,39.41544]},"properties":{"id":"node/14235557136","name":"Cellar Door","group":"food","category":"amenity=restaurant","hours":"Mo off; Tu 16:00-23:00; We 16:00-24:00; Th 16:00-25:00; Fr-Sa 16:00-25:30; Su 11:30-22:00","phone":"+1 301-695-8460","website":"https://www.cellardoorfrederick.com/","housenumber":"5","street":"East Church Street","postcode":"21701"}},{"type":"Feature","geometry":{"type":"Point","coordinates":[-77.20381,39.28795]},"properties":{"id":"way/63521680","name":"Brazil Gourmet Pizzeria & Grill","group":"food","category":"amenity=restaurant","cuisine":"pizza","housenumber":"9872","street":"Main Street"}},{"type":"Feature","geometry":{"type":"Point","coordinates":[-77.20434,39.28883]},"properties":{"id":"way/63521747","name":"Maggi's Pizza and Subs","group":"food","category":"amenity=restaurant","cuisine":"pizza;italian","housenumber":"26317","street":"Ridge Road","city":"Damascus","postcode":"20872"}},{"type":"Feature","geometry":{"type":"Point","coordinates":[-77.20514,39.28968]},"properties":{"id":"way/63521755","name":"Papi's Chicken and Grill","group":"food","category":"amenity=restaurant","cuisine":"chicken","housenumber":"26400","street":"Ridge Road","city":"Damascus","postcode":"20872"}},{"type":"Feature","geometry":{"type":"Point","coordinates":[-77.21425,39.15479]},"properties":{"id":"way/63929370","name":"Peter Chang","group":"food","category":"amenity=restaurant","cuisine":"chinese","housenumber":"637","street":"North Frederick Avenue"}},{"type":"Feature","geometry":{"type":"Point","coordinates":[-77.41617,39.14552]},"properties":{"id":"way/63939775","name":"Poolesville Tire & Auto","group":"services","category":"shop=car_repair","phone":"+1-301-349-3880","housenumber":"19914","street":"Fisher Avenue","city":"Poolesville","postcode":"20837"}},{"type":"Feature","geometry":{"type":"Point","coordinates":[-77.41817,39.14661]},"properties":{"id":"way/63939783","name":"Poolesville Liberty","group":"groceries","category":"shop=convenience"}},{"type":"Feature","geometry":{"type":"Point","coordinates":[-77.41748,39.14602]},"properties":{"id":"way/63939792","name":"The Blue Hearth Revitalized Furnishings","group":"shopping","category":"shop=furniture","phone":"+1-240-393-2499","housenumber":"19964","street":"Fisher Avenue","city":"Poolesville","postcode":"20837"}},{"type":"Feature","geometry":{"type":"Point","coordinates":[-77.41295,39.14463]},"properties":{"id":"way/63939798","name":"Poolesville Beer Wine & Cheese","group":"groceries","category":"shop=alcohol","housenumber":"19716","street":"Fisher Avenue","city":"Poolesville","postcode":"20837"}},{"type":"Feature","geometry":{"type":"Point","coordinates":[-77.41706,39.14677]},"properties":{"id":"way/63939801","name":"The Healthy Hub","group":"food","category":"amenity=restaurant","housenumber":"19961","street":"Fisher Avenue","city":"Poolesville","postcode":"20837"}},{"type":"Feature","geometry":{"type":"Point","coordinates":[-77.41525,39.14551]},"properties":{"id":"way/63939803","name":"Professional Dry Cleaners","group":"services","category":"shop=dry_cleaning","phone":"+1-301-972-8261","housenumber":"19900","street":"Fisher Avenue","city":"Poolesville","postcode":"20837"}},{"type":"Feature","geometry":{"type":"Point","coordinates":[-77.41714,39.14649]},"properties":{"id":"way/63939819","name":"Poolesville Hardware & Propane","group":"shopping","category":"shop=hardware","housenumber":"19961","street":"Fisher Avenue","city":"Poolesville","postcode":"20837"}},{"type":"Feature","geometry":{"type":"Point","coordinates":[-77.25879,39.18335]},"properties":{"id":"way/64142349","name":"Longhorn","group":"food","category":"amenity=restaurant","cuisine":"steak_house","hours":"Su-Th 11:00-22:00; Fr,Sa 11:00-23:00","housenumber":"20017","street":"Century Boulevard"}},{"type":"Feature","geometry":{"type":"Point","coordinates":[-77.26484,39.18109]},"properties":{"id":"way/64142357","name":"EuroMotorcars Germantown","group":"shopping","category":"shop=car","website":"https://www.eurogermantownmercedes.com/","housenumber":"19750","street":"Germantown Road","city":"Germantown","postcode":"20874"}},{"type":"Feature","geometry":{"type":"Point","coordinates":[-77.26174,39.18345]},"properties":{"id":"way/64142390","name":"D1 Seafood Buffet","group":"food","category":"amenity=restaurant","cuisine":"sushi;seafood","hours":"Su-Th 11:00-21:00; Fr-Sa 11:00-21:30","phone":"+1-240-750-7618","website":"http://d1buffet.com/","housenumber":"19961","street":"Century Boulevard","city":"Germantown","postcode":"20874"}},{"type":"Feature","geometry":{"type":"Point","coordinates":[-77.26558,39.17823]},"properties":{"id":"way/64142395","name":"Precision Auto","group":"services","category":"shop=car_repair","housenumber":"12801","street":"Middlebrook Road"}},{"type":"Feature","geometry":{"type":"Point","coordinates":[-77.20487,39.28874]},"properties":{"id":"way/64505529","name":"Safeway Convenience Store","group":"groceries","category":"shop=convenience","housenumber":"26300","street":"Ridge Road","city":"Damascus","postcode":"20872"}},{"type":"Feature","geometry":{"type":"Point","coordinates":[-77.20872,39.28691]},"properties":{"id":"way/64505543","name":"Damascus Tattoo Company","group":"personal_care","category":"shop=tattoo","housenumber":"26138","street":"Ridge Road","city":"Damascus","postcode":"20872"}},{"type":"Feature","geometry":{"type":"Point","coordinates":[-77.73148,39.6072]},"properties":{"id":"way/107086568","name":"Tim's Furniture Mart","group":"shopping","category":"shop=furniture"}},{"type":"Feature","geometry":{"type":"Point","coordinates":[-77.25037,39.17529]},"properties":{"id":"way/107392120","name":"Criswell Honda","group":"shopping","category":"shop=car","phone":"+1-301-637-3589","website":"https://www.criswellhonda.com/","housenumber":"19525","street":"Amaranth Drive"}},{"type":"Feature","geometry":{"type":"Point","coordinates":[-77.20397,39.1731]},"properties":{"id":"way/118407276","name":"P&C Complete Car Service","group":"services","category":"shop=car_repair","hours":"Mo-Fr 08:00-17:00; Sa 08:00-13:00; Su off","housenumber":"19300","street":"Montgomery Village Avenue","city":"Montgomery Village","postcode":"20886"}},{"type":"Feature","geometry":{"type":"Point","coordinates":[-77.40968,39.14436]},"properties":{"id":"way/120445561","name":"House of Poolesville","group":"food","category":"amenity=restaurant","cuisine":"chinese","hours":"Mo-Su 11:00-21:30","phone":"+1-301-349-2935","housenumber":"19611","street":"Fisher Avenue","city":"Poolesville","postcode":"20837"}},{"type":"Feature","geometry":{"type":"Point","coordinates":[-77.41876,39.14539]},"properties":{"id":"way/120445564","name":"K2 Cafe","group":"food","category":"amenity=cafe","cuisine":"american;breakfast;coffee_shop;bakery","website":"https://www.k2-cafe.com/","housenumber":"17610","street":"West Willard Road","city":"Poolesville","postcode":"20837"}},{"type":"Feature","geometry":{"type":"Point","coordinates":[-77.41656,39.14618]},"properties":{"id":"way/120445595","name":"Poolesville Barber Shop","group":"personal_care","category":"shop=hairdresser","phone":"+1-301-407-2544","housenumber":"19945","street":"Fisher Avenue","city":"Poolesville","postcode":"20837"}},{"type":"Feature","geometry":{"type":"Point","coordinates":[-78.74881,39.63048]},"properties":{"id":"way/134010140","name":"Grow West Cannabis Dispensary","group":"shopping","category":"shop=cannabis","housenumber":"1096","street":"Industrial Boulevard"}},{"type":"Feature","geometry":{"type":"Point","coordinates":[-78.38656,39.62646]},"properties":{"id":"way/134652087","name":"Bill's","group":"food","category":"amenity=restaurant","housenumber":"12719","street":"High Germany Road","city":"Little Orleans"}},{"type":"Feature","geometry":{"type":"Point","coordinates":[-77.75782,39.65489]},"properties":{"id":"way/142402136","name":"No. 1 Chinese Restaurant","group":"food","category":"amenity=restaurant","cuisine":"chinese","housenumber":"17608","street":"Garland Groh Boulevard","city":"Hagerstown","postcode":"21740"}},{"type":"Feature","geometry":{"type":"Point","coordinates":[-77.76673,39.62895]},"properties":{"id":"way/144005719","name":"Hagerstown Ford","group":"shopping","category":"shop=car"}},{"type":"Feature","geometry":{"type":"Point","coordinates":[-77.74923,39.65572]},"properties":{"id":"way/151363200","name":"KPOT","group":"food","category":"amenity=restaurant","cuisine":"korean;seafood"}},{"type":"Feature","geometry":{"type":"Point","coordinates":[-77.71911,39.685]},"properties":{"id":"way/151397494","name":"Martin's Grocery","group":"groceries","category":"shop=supermarket"}},{"type":"Feature","geometry":{"type":"Point","coordinates":[-77.72018,39.6757]},"properties":{"id":"way/151397501","name":"Olympia Candy Kitchen","group":"food","category":"shop=confectionery"}},{"type":"Feature","geometry":{"type":"Point","coordinates":[-77.75796,39.63282]},"properties":{"id":"way/151517688","name":"El Ranchero","group":"food","category":"amenity=restaurant","cuisine":"mexican","website":"https://elranchero-restaurant.com","housenumber":"1481","street":"Wesel Boulevard","city":"Hagerstown","postcode":"21740"}},{"type":"Feature","geometry":{"type":"Point","coordinates":[-77.32719,39.70462]},"properties":{"id":"way/160050930","name":"Ott House","group":"food","category":"amenity=restaurant","cuisine":"american","housenumber":"5","street":"West Main Street","postcode":"21727"}},{"type":"Feature","geometry":{"type":"Point","coordinates":[-77.3186,39.70335]},"properties":{"id":"way/160182715","name":"Jubilee","group":"groceries","category":"shop=supermarket"}},{"type":"Feature","geometry":{"type":"Point","coordinates":[-77.42041,39.61249]},"properties":{"id":"way/160207452","name":"Los Amigos","group":"food","category":"amenity=restaurant","cuisine":"mexican","housenumber":"205","street":"Frederick Road","city":"Thurmont","postcode":"21788"}},{"type":"Feature","geometry":{"type":"Point","coordinates":[-77.36575,39.46356]},"properties":{"id":"way/160421079","name":"Self-Storage Plus","group":"services","category":"shop=storage_rental","hours":"Mo-Su 06:00-22:00","phone":"+1-301-845-4400","website":"https://www.selfstorageplus.com/storage-facilities/md/walkersville/201-stauffer-ct-storage-units/","housenumber":"201","street":"Stauffer Court","city":"Walkersville","postcode":"21793"}},{"type":"Feature","geometry":{"type":"Point","coordinates":[-77.25614,39.38406]},"properties":{"id":"way/164270399","name":"High's Dairy Store","group":"groceries","category":"shop=convenience","hours":"24/7","housenumber":"11780","street":"Old National Pike","city":"New Market","postcode":"21774"}},{"type":"Feature","geometry":{"type":"Point","coordinates":[-77.72374,39.64514]},"properties":{"id":"way/164618133","name":"Hub City Cycles","group":"shopping","category":"shop=bicycle","website":"https://www.hubcitycycles.com/","housenumber":"35","street":"North Prospect Street"}},{"type":"Feature","geometry":{"type":"Point","coordinates":[-77.72105,39.64076]},"properties":{"id":"way/164657977","name":"Schmankerl Stube","group":"food","category":"amenity=restaurant","cuisine":"german","hours":"Mo-Tu off; We-Th,Su 11:00-21:00; Fr-Sa 11:00-22:00","phone":"+1 301 797-3354","website":"https://www.schmankerlstube.com/","housenumber":"58","street":"South Potomac Street","city":"Hagerstown","postcode":"21740"}},{"type":"Feature","geometry":{"type":"Point","coordinates":[-77.40846,39.41126]},"properties":{"id":"way/165190232","name":"Cannon Hill Place","group":"shopping","category":"shop=antiques"}},{"type":"Feature","geometry":{"type":"Point","coordinates":[-77.2507,39.38142]},"properties":{"id":"way/165268876","name":"Trout's Supreme Seafood","group":"food","category":"amenity=restaurant","cuisine":"seafood","phone":"+1-301-865-8921","website":"https://troutsupremeseafood.com/","housenumber":"12051","street":"Old National Pike","city":"New Market","postcode":"21774"}},{"type":"Feature","geometry":{"type":"Point","coordinates":[-77.31403,39.28709]},"properties":{"id":"way/165513803","name":"Carroll Mart","group":"groceries","category":"shop=convenience","housenumber":"1904","street":"Urbana Pike"}},{"type":"Feature","geometry":{"type":"Point","coordinates":[-77.28028,39.15994]},"properties":{"id":"way/167325137","name":"Four Seasons Nails","group":"personal_care","category":"shop=beauty","housenumber":"13417","street":"Kingsview Village Avenue"}},{"type":"Feature","geometry":{"type":"Point","coordinates":[-77.24961,39.17743]},"properties":{"id":"way/168648229","name":"Criswell Nissan","group":"shopping","category":"shop=car","housenumber":"19574","street":"Amaranth Drive"}},{"type":"Feature","geometry":{"type":"Point","coordinates":[-77.23699,39.17899]},"properties":{"id":"way/168664595","name":"Great Wall Supermarket","group":"groceries","category":"shop=supermarket","housenumber":"19721","street":"Frederick Road","postcode":"20876"}},{"type":"Feature","geometry":{"type":"Point","coordinates":[-77.238,39.17889]},"properties":{"id":"way/168664599","name":"Dumpling District","group":"food","category":"amenity=restaurant","cuisine":"chinese","housenumber":"19775","street":"Frederick Road"}},{"type":"Feature","geometry":{"type":"Point","coordinates":[-77.23814,39.17798]},"properties":{"id":"way/168851603","name":"El Nazareno Latin Market","group":"groceries","category":"shop=supermarket","housenumber":"19609","street":"Frederick Road"}},{"type":"Feature","geometry":{"type":"Point","coordinates":[-77.16611,39.36563]},"properties":{"id":"way/169924633","name":"Anita's Liquor","group":"groceries","category":"shop=alcohol"}},{"type":"Feature","geometry":{"type":"Point","coordinates":[-77.16729,39.36592]},"properties":{"id":"way/169924680","name":"Jimmie Cone","group":"food","category":"amenity=ice_cream","phone":"+1-301-829-6047","website":"https://www.jimmiecone.com/","housenumber":"1512","street":"South Main Street","city":"Mount Airy","postcode":"21771"}},{"type":"Feature","geometry":{"type":"Point","coordinates":[-77.41078,39.37486]},"properties":{"id":"way/170221647","name":"Firebirds Wood Fired Grill","group":"food","category":"amenity=restaurant","cuisine":"american","housenumber":"5201","street":"Buckeystown Pike","city":"Frederick","postcode":"21704"}},{"type":"Feature","geometry":{"type":"Point","coordinates":[-78.32852,39.70406]},"properties":{"id":"way/170259277","name":"Oak Barrel Cafe","group":"food","category":"amenity=cafe"}},{"type":"Feature","geometry":{"type":"Point","coordinates":[-77.40328,39.42517]},"properties":{"id":"way/175801884","name":"Showroom","group":"food","category":"amenity=restaurant","cuisine":"modern_american;breakfast;lunch;dinner;cocktails;beer","hours":"Mo,Tu off; We-Su 08:00-20:00","phone":"+1-301-835-7628","website":"www.ShowroomFrederick.com","housenumber":"882","street":"North East Street","city":"Frederixck","postcode":"21701"}},{"type":"Feature","geometry":{"type":"Point","coordinates":[-77.41102,39.4155]},"properties":{"id":"way/177920706","name":"The Tasting Room","group":"food","category":"amenity=restaurant","phone":"+1 240-379-7772","website":"https://www.trrestaurant.com/","housenumber":"101","street":"North Market Street","postcode":"21701"}},{"type":"Feature","geometry":{"type":"Point","coordinates":[-77.41042,39.41606]},"properties":{"id":"way/177921529","name":"Brewer's Alley","group":"food","category":"amenity=pub","hours":"Mo,We-Th 11:00-23:30; Tu,Fr-Sa 11:00-25:00; Su 10:00-23:30","phone":"+1 301 631 0089","website":"https://www.brewers-alley.com/","housenumber":"124","street":"North Market Street","city":"Frederick","postcode":"21701"}},{"type":"Feature","geometry":{"type":"Point","coordinates":[-77.4082,39.41342]},"properties":{"id":"way/177922537","name":"Emporium Antiques","group":"shopping","category":"shop=antique_mall","website":"https://emporiumantiques.com/","housenumber":"112","street":"East Patrick Street","postcode":"21701"}},{"type":"Feature","geometry":{"type":"Point","coordinates":[-77.40537,39.41515]},"properties":{"id":"way/177929215","name":"Frederick Fudge & Ice Cream","group":"food","category":"amenity=ice_cream","hours":"Su-Th 11:30-20:00 || Fr-Sa 11:30-21:00","phone":"+1-301-631-5333","housenumber":"253","street":"East Church Street","city":"Frederick","postcode":"21701"}},{"type":"Feature","geometry":{"type":"Point","coordinates":[-77.4103,39.41724]},"properties":{"id":"way/177929217","name":"7th Sister","group":"food","category":"amenity=restaurant","cuisine":"american","housenumber":"228","street":"North Market Street","postcode":"21701"}},{"type":"Feature","geometry":{"type":"Point","coordinates":[-77.40902,39.41388]},"properties":{"id":"way/177929219","name":"Terresentials","group":"shopping","category":"shop=jewelry"}},{"type":"Feature","geometry":{"type":"Point","coordinates":[-77.41105,39.41525]},"properties":{"id":"way/177929220","name":"The Orchard","group":"food","category":"amenity=restaurant","hours":"Mo,Su off; Tu-Sa 11:30-20:00","phone":"+1-301-663-4912","website":"https://www.theorchardrestaurant.com/","housenumber":"45","street":"North Market Street","city":"Frederick","postcode":"21701"}},{"type":"Feature","geometry":{"type":"Point","coordinates":[-77.41041,39.41397]},"properties":{"id":"way/177929793","name":"Sumittra Thai Cusine","group":"food","category":"amenity=restaurant","housenumber":"12","street":"East Patrick Street","postcode":"21701"}},{"type":"Feature","geometry":{"type":"Point","coordinates":[-77.41062,39.41397]},"properties":{"id":"way/177929796","name":"Cafe Nola","group":"food","category":"amenity=cafe","hours":"Mo 08:00-24:00; Tu 08:00-15:00; We-Sa 08:00-25:00; Su 08:00-24:00","phone":"+1 301-694-6652","website":"http://www.cafe-nola.com/","housenumber":"4","street":"East Patrick Street","city":"Frederick","postcode":"21701"}},{"type":"Feature","geometry":{"type":"Point","coordinates":[-77.41122,39.41398]},"properties":{"id":"way/177966968","name":"Colonial Jewelers","group":"shopping","category":"shop=jewelry","website":"https://colonialjewelers.com/","housenumber":"1","street":"South Market Street","postcode":"21701"}},{"type":"Feature","geometry":{"type":"Point","coordinates":[-77.43713,39.408]},"properties":{"id":"way/178327815","name":"Dutch's Daughter Restaurant","group":"food","category":"amenity=restaurant","website":"https://dutchsdaughter.com/","housenumber":"581","street":"Himes Avenue","postcode":"21703"}},{"type":"Feature","geometry":{"type":"Point","coordinates":[-77.38666,39.40728]},"properties":{"id":"way/185918289","name":"Cycles & Trikes","group":"shopping","category":"shop=bicycle","housenumber":"1301A","street":"East Patrick Street","postcode":"21701"}},{"type":"Feature","geometry":{"type":"Point","coordinates":[-77.38706,39.40778]},"properties":{"id":"way/185918302","name":"Grimes Truck Center","group":"services","category":"shop=car_repair","housenumber":"1301","street":"East Patrick Street","postcode":"21701"}},{"type":"Feature","geometry":{"type":"Point","coordinates":[-77.40752,39.3954]},"properties":{"id":"way/185921392","name":"Old Glory Antique Marketplace","group":"shopping","category":"shop=antiques"}},{"type":"Feature","geometry":{"type":"Point","coordinates":[-77.4071,39.39489]},"properties":{"id":"way/185922383","name":"Mariachi","group":"food","category":"amenity=restaurant","hours":"Mo-Th,Su 11:00-21:00; Fr-Sa 11:00-22:00","phone":"+1 301-418-6367","website":"https://mariachifrederick.com","housenumber":"5854","street":"Urbana Pike"}},{"type":"Feature","geometry":{"type":"Point","coordinates":[-77.40738,39.3944]},"properties":{"id":"way/185923582","name":"JT Motorsports","group":"shopping","category":"shop=car","housenumber":"5848","street":"Urbana Pike","postcode":"21704"}},{"type":"Feature","geometry":{"type":"Point","coordinates":[-77.40557,39.39092]},"properties":{"id":"way/186076879","name":"Fredericktown Yamaha","group":"shopping","category":"shop=motorcycle","housenumber":"5734","street":"Urbana Pike","postcode":"21704"}},{"type":"Feature","geometry":{"type":"Point","coordinates":[-77.40469,39.38896]},"properties":{"id":"way/186076880","name":"Roasthouse Pub","group":"food","category":"amenity=pub","hours":"Mo-Tu 16:00-21:00; We-Th 11:30-21:00; Fr-Sa 11:30-22:00; Su 11:30-20:00","phone":"+1 301-418-6098","website":"https://roasthousepub.com","housenumber":"5700","street":"Urbana Pike"}},{"type":"Feature","geometry":{"type":"Point","coordinates":[-77.40543,39.38961]},"properties":{"id":"way/186076882","name":"Tate Used Cars","group":"shopping","category":"shop=car","housenumber":"5708","street":"Urbana Pike","postcode":"21704"}},{"type":"Feature","geometry":{"type":"Point","coordinates":[-77.40567,39.39148]},"properties":{"id":"way/186076888","name":"Fredericktown Yamaha","group":"shopping","category":"shop=motorcycle","website":"https://www.fredericktownyamaha.com/","housenumber":"5800","street":"Urbana Pike","postcode":"21704"}},{"type":"Feature","geometry":{"type":"Point","coordinates":[-77.40419,39.38708]},"properties":{"id":"way/186077768","name":"SMH Auto Sales","group":"shopping","category":"shop=car","housenumber":"5616","street":"Urbana Pike","postcode":"21704"}},{"type":"Feature","geometry":{"type":"Point","coordinates":[-77.40455,39.38853]},"properties":{"id":"way/186077769","name":"May's Seafood Restaurant","group":"food","category":"amenity=restaurant","cuisine":"seafood","hours":"Mo,We-Th,Su 12:00-20:00; Tu off; Fr-Sa 12:00-21:00","phone":"+1 301-662-4233","website":"https://maysrestaurant.com","housenumber":"5640","street":"Urbana Pike","postcode":"21704"}},{"type":"Feature","geometry":{"type":"Point","coordinates":[-77.40089,39.38531]},"properties":{"id":"way/186238627","name":"Marvel Nail Spa","group":"personal_care","category":"shop=beauty","housenumber":"5551","street":"Urbana Pike","city":"Frederick","postcode":"21704"}},{"type":"Feature","geometry":{"type":"Point","coordinates":[-77.62734,39.31404]},"properties":{"id":"way/186412851","name":"Jerry's Liquors","group":"groceries","category":"shop=alcohol","housenumber":"30","street":"Petersville Road","postcode":"21716"}},{"type":"Feature","geometry":{"type":"Point","coordinates":[-77.42679,39.36283]},"properties":{"id":"way/187131126","name":"Flying Dog Brewery","group":"food","category":"craft=brewery","website":"http://flyingdogbrewery.com/","housenumber":"4607","street":"Wedgewood Boulevard","city":"Ballenger Creek"}},{"type":"Feature","geometry":{"type":"Point","coordinates":[-77.72005,39.68713]},"properties":{"id":"way/189716565","name":"Martin's Farm Market","group":"groceries","category":"shop=supermarket"}},{"type":"Feature","geometry":{"type":"Point","coordinates":[-77.72035,39.68767]},"properties":{"id":"way/189718500","name":"Olde Time Treasures","group":"shopping","category":"shop=antiques"}},{"type":"Feature","geometry":{"type":"Point","coordinates":[-77.63029,39.31382]},"properties":{"id":"way/191653042","name":"Smoketown Brewing Station","group":"food","category":"craft=brewery","housenumber":"223","street":"West Potomac Street","city":"Brunswick","postcode":"21716"}},{"type":"Feature","geometry":{"type":"Point","coordinates":[-77.35001,39.24751]},"properties":{"id":"way/219933869","name":"Comus Inn","group":"food","category":"amenity=restaurant","hours":"Th-Fr 16:00-21:00; Sa-Su 10:00-13:45,14:15-21:00","phone":"+1 301 349 2015","website":"https://www.thecomusinn.com/","housenumber":"23900","street":"Old Hundred Road","city":"Dickerson","postcode":"20842"}},{"type":"Feature","geometry":{"type":"Point","coordinates":[-77.66627,39.5857]},"properties":{"id":"way/223135321","name":"Antique Crossroads","group":"shopping","category":"shop=antique_mall"}},{"type":"Feature","geometry":{"type":"Point","coordinates":[-77.66529,39.58493]},"properties":{"id":"way/223135322","name":"Beaver Creek Antiques","group":"shopping","category":"shop=antiques"}},{"type":"Feature","geometry":{"type":"Point","coordinates":[-78.17754,39.71042]},"properties":{"id":"way/223142473","name":"Hancock Antique Mall","group":"shopping","category":"shop=antiques"}},{"type":"Feature","geometry":{"type":"Point","coordinates":[-79.35854,39.56057]},"properties":{"id":"way/227556210","name":"The Greene Turtle","group":"food","category":"amenity=restaurant","website":"https://thegreeneturtle.com","housenumber":"75","street":"Visitors Center Drive","city":"McHenry","postcode":"21541"}},{"type":"Feature","geometry":{"type":"Point","coordinates":[-77.79766,39.57767]},"properties":{"id":"way/231829721","name":"Camp Store","group":"shopping","category":"shop=camp"}},{"type":"Feature","geometry":{"type":"Point","coordinates":[-77.4177,39.61625]},"properties":{"id":"way/238998019","name":"Mountain Gate Family Restaurant","group":"food","category":"amenity=restaurant","hours":"08:00-20:00","phone":"+1 301-271-4373","website":"https://mountaingatefamilyrestaurant.com/","housenumber":"133","street":"Frederick Road","city":"Thurmont","postcode":"21788"}},{"type":"Feature","geometry":{"type":"Point","coordinates":[-77.41545,39.39326]},"properties":{"id":"way/239527011","name":"Kenwood Auto Body","group":"services","category":"shop=car_repair","hours":"Mo-Fr 08:00-17:30","phone":"+1-301-888-7328","website":"https://www.kenwoodinc.com/","housenumber":"5719","street":"Industry Lane","city":"Frederick","postcode":"21704"}},{"type":"Feature","geometry":{"type":"Point","coordinates":[-77.40873,39.3913]},"properties":{"id":"way/239530107","name":"The Lube Center","group":"services","category":"shop=car_repair","hours":"Mo-Fr 08:00-19:00; Sa 08:00-17:00; Su 09:00-16:00","phone":"+1 301-668-1151","website":"https://www.washluberepair.com/location/route-85-lube-center/","housenumber":"5715","street":"Buckeystown Pike","city":"Frederick","postcode":"21704"}},{"type":"Feature","geometry":{"type":"Point","coordinates":[-77.42322,39.38014]},"properties":{"id":"way/239530388","name":"Sweet Buds Dispensary","group":"shopping","category":"shop=cannabis","website":"https://mysweetbuds.com/","housenumber":"5312","street":"New Design Road","city":"Frederick","postcode":"21703"}},{"type":"Feature","geometry":{"type":"Point","coordinates":[-77.4384,39.41898]},"properties":{"id":"way/239531757","name":"The Dutch Plant Farm","group":"shopping","category":"shop=garden_centre","phone":"+1-301-694-7012","website":"http://www.thedutchplantfarm.com/","housenumber":"151","street":"Baughmans Lane","city":"Frederick","postcode":"21702"}},{"type":"Feature","geometry":{"type":"Point","coordinates":[-77.7683,39.45225]},"properties":{"id":"way/253548763","name":"Sharpsburg Pharmacy","group":"groceries","category":"shop=chemist"}},{"type":"Feature","geometry":{"type":"Point","coordinates":[-77.7433,39.44507]},"properties":{"id":"way/253554755","name":"Antietam Creek Vineyards - The Barn","group":"food","category":"craft=winery"}},{"type":"Feature","geometry":{"type":"Point","coordinates":[-78.84074,39.63214]},"properties":{"id":"way/258515353","name":"Martin's","group":"groceries","category":"shop=supermarket"}},{"type":"Feature","geometry":{"type":"Point","coordinates":[-78.92565,39.65572]},"properties":{"id":"way/259147458","name":"LG's","group":"food","category":"amenity=restaurant","cuisine":"pizza;burger","hours":"Mo,We-Fr 16:00-22:00; Sa,Su 11:00-22:00"}},{"type":"Feature","geometry":{"type":"Point","coordinates":[-77.7427,39.51327]},"properties":{"id":"way/279933580","name":"Sawmill","group":"services","category":"craft=sawmill"}},{"type":"Feature","geometry":{"type":"Point","coordinates":[-77.65685,39.51904]},"properties":{"id":"way/286006397","name":"Weis Markets","group":"groceries","category":"shop=supermarket"}},{"type":"Feature","geometry":{"type":"Point","coordinates":[-77.65741,39.51854]},"properties":{"id":"way/286006400","name":"Antietam Spirits","group":"groceries","category":"shop=alcohol"}},{"type":"Feature","geometry":{"type":"Point","coordinates":[-77.65222,39.50702]},"properties":{"id":"way/286009541","name":"Pete's Barber Shop","group":"personal_care","category":"shop=hairdresser"}},{"type":"Feature","geometry":{"type":"Point","coordinates":[-77.65299,39.50636]},"properties":{"id":"way/286009545","name":"Potomac Street Creamery","group":"food","category":"amenity=ice_cream"}},{"type":"Feature","geometry":{"type":"Point","coordinates":[-77.65462,39.51014]},"properties":{"id":"way/286011168","name":"Alex Convenience Store","group":"groceries","category":"shop=convenience","phone":"+1 301 432 7000"}},{"type":"Feature","geometry":{"type":"Point","coordinates":[-77.69266,39.61531]},"properties":{"id":"way/294583712","name":"El Ranchero","group":"food","category":"amenity=restaurant","cuisine":"mexican"}},{"type":"Feature","geometry":{"type":"Point","coordinates":[-77.69042,39.61151]},"properties":{"id":"way/294583767","name":"Byrd Tire & Automotive","group":"services","category":"shop=car_repair"}},{"type":"Feature","geometry":{"type":"Point","coordinates":[-78.64562,39.71266]},"properties":{"id":"way/306469710","name":"Rocky Gap State Park Campstore","group":"groceries","category":"shop=convenience"}},{"type":"Feature","geometry":{"type":"Point","coordinates":[-77.41696,39.61727]},"properties":{"id":"way/310502007","name":"Criswell Chevrolet","group":"shopping","category":"shop=car","hours":"24/7"}},{"type":"Feature","geometry":{"type":"Point","coordinates":[-77.40371,39.42979]},"properties":{"id":"way/310740548","name":"Asian Cafe","group":"food","category":"amenity=restaurant","cuisine":"chinese","website":"http://asiancafefrederick.com/"}},{"type":"Feature","geometry":{"type":"Point","coordinates":[-77.40363,39.42956]},"properties":{"id":"way/310740550","name":"Liberty","group":"groceries","category":"shop=convenience"}},{"type":"Feature","geometry":{"type":"Point","coordinates":[-77.41139,39.62228]},"properties":{"id":"way/311450786","name":"Town and County Liquors","group":"groceries","category":"shop=alcohol"}},{"type":"Feature","geometry":{"type":"Point","coordinates":[-77.41058,39.62297]},"properties":{"id":"way/311546092","name":"Here's Clyde's","group":"personal_care","category":"shop=hairdresser","phone":"+1-301-271-4479"}},{"type":"Feature","geometry":{"type":"Point","coordinates":[-77.41004,39.62307]},"properties":{"id":"way/311546094","name":"Stauffer Funeral Homes","group":"services","category":"shop=funeral_directors"}},{"type":"Feature","geometry":{"type":"Point","coordinates":[-77.41072,39.62376]},"properties":{"id":"way/311601637","name":"Hobbs Hardware","group":"shopping","category":"shop=hardware"}},{"type":"Feature","geometry":{"type":"Point","coordinates":[-77.40002,39.44116]},"properties":{"id":"way/313029728","name":"Morgan-Keller, Inc.","group":"services","category":"craft=builder","website":"https://www.morgankeller.com","housenumber":"1840","street":"Brook Field Court","city":"Frederick","postcode":"21701"}},{"type":"Feature","geometry":{"type":"Point","coordinates":[-77.4153,39.42703]},"properties":{"id":"way/313963437","name":"Charm City Run","group":"shopping","category":"shop=sports"}},{"type":"Feature","geometry":{"type":"Point","coordinates":[-77.41565,39.42669]},"properties":{"id":"way/313963440","name":"BeU Nails Spa","group":"personal_care","category":"shop=beauty"}},{"type":"Feature","geometry":{"type":"Point","coordinates":[-77.43248,39.33256]},"properties":{"id":"way/313987341","name":"Traditional Authentic Mexican Food","group":"food","category":"amenity=restaurant","cuisine":"mexican"}},{"type":"Feature","geometry":{"type":"Point","coordinates":[-77.39696,39.44065]},"properties":{"id":"way/314033456","name":"Triangle Motors","group":"services","category":"shop=car_repair","phone":"+1-301-662-1067"}},{"type":"Feature","geometry":{"type":"Point","coordinates":[-77.53993,39.27473]},"properties":{"id":"way/315226935","name":"Big Belly's","group":"food","category":"amenity=restaurant","cuisine":"american","housenumber":"3710","street":"Clay Street","city":"Point of Rocks","postcode":"21777"}},{"type":"Feature","geometry":{"type":"Point","coordinates":[-79.38138,39.56443]},"properties":{"id":"way/327815368","name":"Mountain State Brewing Company","group":"food","category":"amenity=bar","hours":"Su-Th 11:00-22:00; Fr-Sa 11:00-23:00","phone":"+13013873360","website":"https://mountainstatebrewing.com/","housenumber":"6690","street":"Sang Run Road","city":"McHenry","postcode":"21541"}},{"type":"Feature","geometry":{"type":"Point","coordinates":[-77.74458,39.69332]},"properties":{"id":"way/335032196","name":"Maugansville Creamery","group":"food","category":"amenity=ice_cream"}},{"type":"Feature","geometry":{"type":"Point","coordinates":[-77.25052,39.22879]},"properties":{"id":"way/342562787","name":"GrillMarx","group":"food","category":"amenity=restaurant","hours":"We,Th,Su 15:00-20:00; Fr,Sa 15:00-21:00","housenumber":"12011","street":"Snowden Farm Parkway","city":"Clarksburg"}},{"type":"Feature","geometry":{"type":"Point","coordinates":[-77.32905,39.31383]},"properties":{"id":"way/348314533","name":"Aquatic Creations Ltd","group":"shopping","category":"shop=pet","housenumber":"2909","street":"Urbana Pike","city":"Ijamsville","postcode":"21754"}},{"type":"Feature","geometry":{"type":"Point","coordinates":[-77.32869,39.31364]},"properties":{"id":"way/348315691","name":"Franklin Liquors","group":"groceries","category":"shop=alcohol"}},{"type":"Feature","geometry":{"type":"Point","coordinates":[-77.41111,39.41115]},"properties":{"id":"way/350640618","name":"Black Hog BBQ","group":"food","category":"amenity=restaurant","cuisine":"barbecue","hours":"Mo,We-Th 11:00-21:00; Tu off; Fr-Sa 11:00-22:00; Su 11:00-20:00","phone":"+1-301-662-9090","website":"https://blackhogbbq.com","housenumber":"118","street":"South Market Street","city":"Frederick","postcode":"21701"}},{"type":"Feature","geometry":{"type":"Point","coordinates":[-79.32545,39.50365]},"properties":{"id":"way/351701392","name":"Arrowhead Market","group":"groceries","category":"shop=supermarket","phone":"+1 301 387 4020","website":"https://arrowheadmarket.com/","housenumber":"19746","street":"Garrett Highway","city":"Oakland","postcode":"21550"}},{"type":"Feature","geometry":{"type":"Point","coordinates":[-79.3224,39.51097]},"properties":{"id":"way/351744911","name":"Lakeside Creamery","group":"food","category":"amenity=fast_food","cuisine":"ice_cream","hours":"Mo-Fr 11:00-22:00; Sa-Su 11:00-23:00","phone":"+1 301 387 5655","website":"https://lakesidecreamery.com/","housenumber":"20282","street":"Garrett Highway","city":"Oakland","postcode":"21550"}},{"type":"Feature","geometry":{"type":"Point","coordinates":[-79.32312,39.50898]},"properties":{"id":"way/351744913","name":"Ace's Run Restraunt and Pub","group":"food","category":"amenity=restaurant","hours":"Su-Th 11:00-21:00; Fr,Sa 11:00-22:00","housenumber":"20160","street":"Garrett Highway"}},{"type":"Feature","geometry":{"type":"Point","coordinates":[-77.27872,39.23862]},"properties":{"id":"way/357571393","name":"Clarksburg Tavern","group":"food","category":"amenity=restaurant","hours":"Mo-Th 15:00-21:00; Fr, Sa 12:00-22:00; Su 12:00-20:00","phone":"+1-301-540-1499","website":"https://www.clarksburgtavern.com/","housenumber":"23315","street":"Frederick Road","city":"Clarksburg","postcode":"20871"}},{"type":"Feature","geometry":{"type":"Point","coordinates":[-77.71758,39.64154]},"properties":{"id":"way/361743265","name":"Catrachos Restaurant","group":"food","category":"amenity=restaurant","cuisine":"mexican"}},{"type":"Feature","geometry":{"type":"Point","coordinates":[-77.73834,39.66083]},"properties":{"id":"way/361979999","name":"Foster's on the Point","group":"food","category":"amenity=restaurant","cuisine":"american","hours":"Mo off; Tu-Sa 11:00-22:00; Su 12:00-20:00","phone":"+1 301 739 7182","website":"https://fostersonthepoint.com/","housenumber":"1437","street":"Salem Avenue","city":"Hagerstown","postcode":"21740"}},{"type":"Feature","geometry":{"type":"Point","coordinates":[-77.30314,39.30171]},"properties":{"id":"way/364040430","name":"Rolling Green Farm Market","group":"groceries","category":"shop=farm"}},{"type":"Feature","geometry":{"type":"Point","coordinates":[-79.32615,39.51649]},"properties":{"id":"way/366383628","name":"Bill's Marine Service","group":"shopping","category":"shop=boat"}},{"type":"Feature","geometry":{"type":"Point","coordinates":[-77.4083,39.38921]},"properties":{"id":"way/368214248","name":"Tate","group":"shopping","category":"shop=car"}},{"type":"Feature","geometry":{"type":"Point","coordinates":[-77.40898,39.41425]},"properties":{"id":"way/368228610","name":"Venus on the Half Shell","group":"shopping","category":"shop=clothes","housenumber":"101","street":"East Patrick Street","city":"Frederick","postcode":"21701"}},{"type":"Feature","geometry":{"type":"Point","coordinates":[-79.41983,39.66336]},"properties":{"id":"way/369000962","name":"Good To Go","group":"groceries","category":"shop=convenience","housenumber":"8025","street":"Friendsville Road","city":"Friendsville","postcode":"21531"}},{"type":"Feature","geometry":{"type":"Point","coordinates":[-77.51897,39.15479]},"properties":{"id":"way/369917214","name":"Whites Ferry Store & Grill","group":"food","category":"amenity=restaurant","cuisine":"american","phone":"+1-301-250-3077","website":"https://www.facebook.com/whitesferrystoreandgrill/","housenumber":"24801","street":"Whites Ferry Road","city":"Dickerson","postcode":"20842"}},{"type":"Feature","geometry":{"type":"Point","coordinates":[-77.72701,39.64483]},"properties":{"id":"way/379543779","name":"China King","group":"food","category":"amenity=restaurant"}},{"type":"Feature","geometry":{"type":"Point","coordinates":[-77.72725,39.64518]},"properties":{"id":"way/379543781","name":"Central City Liquors","group":"groceries","category":"shop=alcohol"}},{"type":"Feature","geometry":{"type":"Point","coordinates":[-79.39263,39.42562]},"properties":{"id":"way/391668247","name":"Don Patr\u00f3n Mexican Grill","group":"food","category":"amenity=restaurant","cuisine":"mexican","hours":"Mo-Th 11:00-21:45; Fr-Sa 11:00-22:15; Su 11:00-20:45","phone":"+1 301-914-1285","housenumber":"13107","street":"Garrett Highway","city":"Oakland","postcode":"21550"}},{"type":"Feature","geometry":{"type":"Point","coordinates":[-77.38218,39.358]},"properties":{"id":"way/399135043","name":"Monocacy Crossing Restaurant & Bar","group":"food","category":"amenity=restaurant","website":"https://www.monocacycrossing.com/","housenumber":"4424A","street":"Urbana Pike","city":"Frederick","postcode":"21704"}},{"type":"Feature","geometry":{"type":"Point","coordinates":[-79.40782,39.4068]},"properties":{"id":"way/399148805","name":"Black Hawk Coffee Company","group":"food","category":"amenity=cafe","cuisine":"coffee_shop","hours":"Mo-Fr 07:00-16:00; Sa 08:00-16:00","phone":"+1 240-488-2326","housenumber":"225","street":"East Oak Street","city":"Oakland","postcode":"21550"}},{"type":"Feature","geometry":{"type":"Point","coordinates":[-78.77451,39.66044]},"properties":{"id":"way/422085883","name":"Queen City Flea Market","group":"groceries","category":"shop=variety_store"}},{"type":"Feature","geometry":{"type":"Point","coordinates":[-77.62908,39.31315]},"properties":{"id":"way/428990737","name":"Beans In The Belfry","group":"food","category":"amenity=cafe","cuisine":"coffee_shop","hours":"Mo-We 08:00-20:00;Th 08:00-21:00;Fr-Sa 08:00-22:00;Su 08:00-19:00","phone":"+1 301 834 7178","website":"https://beansinthebelfry.com/","housenumber":"122","street":"West Potomac Street","city":"Brunswick","postcode":"21716"}},{"type":"Feature","geometry":{"type":"Point","coordinates":[-77.63002,39.31364]},"properties":{"id":"way/431971268","name":"Kings Pizza","group":"food","category":"amenity=restaurant","cuisine":"pizza","housenumber":"215","street":"West Potomac Street","city":"Brunswick","postcode":"21716"}},{"type":"Feature","geometry":{"type":"Point","coordinates":[-77.82144,39.59365]},"properties":{"id":"way/432459464","name":"Wetsuit Wearhouse","group":"shopping","category":"shop=clothes"}},{"type":"Feature","geometry":{"type":"Point","coordinates":[-77.81859,39.60008]},"properties":{"id":"way/432459492","name":"Williamsport Pharmacy","group":"groceries","category":"amenity=pharmacy"}},{"type":"Feature","geometry":{"type":"Point","coordinates":[-77.62608,39.31291]},"properties":{"id":"way/432710959","name":"Antiques N Ole Stuff","group":"shopping","category":"shop=antiques","housenumber":"25","street":"East Potomac Street","city":"Brunswick","postcode":"21716"}},{"type":"Feature","geometry":{"type":"Point","coordinates":[-77.62594,39.31267]},"properties":{"id":"way/432711156","name":"Potomac Street Grill","group":"food","category":"amenity=restaurant","cuisine":"american;middle_eastern","hours":"Mo-Su 11:00-20:00","phone":"+1-301-969-0046","website":"https://www.potomacstreetgrill.com/","housenumber":"31","street":"East Potomac Street","city":"Brunswick","postcode":"21716"}},{"type":"Feature","geometry":{"type":"Point","coordinates":[-77.71232,39.65141]},"properties":{"id":"way/433149513","name":"Copyquik","group":"services","category":"shop=copyshop","phone":"+1 301 791 7400","website":"https://www.hasslefreeprinting.com/","housenumber":"710","street":"Oak Hill Avenue"}},{"type":"Feature","geometry":{"type":"Point","coordinates":[-77.73844,39.62759]},"properties":{"id":"way/433149652","name":"The Big Dipper","group":"food","category":"amenity=ice_cream"}},{"type":"Feature","geometry":{"type":"Point","coordinates":[-78.78136,39.66566]},"properties":{"id":"way/433356504","name":"Fruit Bowl","group":"groceries","category":"shop=greengrocer","phone":"+1-301-777-2790","housenumber":"10325","street":"National Highway","city":"Cumberland","postcode":"21502"}},{"type":"Feature","geometry":{"type":"Point","coordinates":[-77.62794,39.31664]},"properties":{"id":"way/436029037","name":"The Hive Bakeshop","group":"food","category":"shop=bakery","housenumber":"318","street":"Petersville Road","city":"Brunswick","postcode":"21716"}},{"type":"Feature","geometry":{"type":"Point","coordinates":[-77.62225,39.32337]},"properties":{"id":"way/436147562","name":"Stauffer Funeral Home","group":"services","category":"shop=funeral_directors"}},{"type":"Feature","geometry":{"type":"Point","coordinates":[-77.62265,39.32477]},"properties":{"id":"way/436147642","name":"Tri State Liquors","group":"groceries","category":"shop=alcohol","housenumber":"96","street":"Souder Road","city":"Brunswick","postcode":"21716"}},{"type":"Feature","geometry":{"type":"Point","coordinates":[-77.77337,39.62699]},"properties":{"id":"way/436487010","name":"Valley Mall Diner","group":"food","category":"amenity=restaurant"}},{"type":"Feature","geometry":{"type":"Point","coordinates":[-77.73007,39.60918]},"properties":{"id":"way/436539448","name":"AC&T","group":"groceries","category":"shop=convenience","website":"https://www.acandt.com/"}},{"type":"Feature","geometry":{"type":"Point","coordinates":[-77.41521,39.4137]},"properties":{"id":"way/438005967","name":"Mon Bon Croissant","group":"food","category":"amenity=restaurant","cuisine":"breakfast;coffee_shop","housenumber":"162","street":"West Patrick Street","postcode":"21701"}},{"type":"Feature","geometry":{"type":"Point","coordinates":[-78.84455,39.63648]},"properties":{"id":"way/444487398","name":"Henry's Grill and Bar","group":"food","category":"amenity=restaurant"}},{"type":"Feature","geometry":{"type":"Point","coordinates":[-79.40791,39.40851]},"properties":{"id":"way/446154135","name":"Jan Florist","group":"shopping","category":"shop=florist","housenumber":"114","street":"South 2nd Street","city":"Oakland","postcode":"21550"}},{"type":"Feature","geometry":{"type":"Point","coordinates":[-79.40798,39.40837]},"properties":{"id":"way/446154138","name":"Alder Antiques and Gifts","group":"shopping","category":"shop=gift","housenumber":"200","street":"East Alder Street","city":"Oakland","postcode":"21550"}},{"type":"Feature","geometry":{"type":"Point","coordinates":[-79.40776,39.40836]},"properties":{"id":"way/446154140","name":"Affinity Wellness Studio","group":"personal_care","category":"shop=beauty","hours":"Tu,Th 08:00-14:00; We 14:00-18:00; Fr 09:00-14:30","phone":"+1 240-488-1117","website":"https://affinity.glossgenius.com","housenumber":"210","street":"East Alder Street","city":"Oakland","postcode":"21550"}},{"type":"Feature","geometry":{"type":"Point","coordinates":[-79.40768,39.40834]},"properties":{"id":"way/446154141","name":"Nolas Salon","group":"personal_care","category":"shop=hairdresser","hours":"Tu,Fr 09:00-18:00; We-Th 09:00-19:00; Sa 09:00-14:00","phone":"+1 301-533-0533","website":"https://www.mynolassalon.com","housenumber":"212","street":"East Alder Street","city":"Oakland","postcode":"21550"}},{"type":"Feature","geometry":{"type":"Point","coordinates":[-79.4076,39.40831]},"properties":{"id":"way/446154142","name":"The Painted Cupboard","group":"shopping","category":"shop=furniture","hours":"Mo-Sa 10:00-17:30; Su 10:00-15:00","phone":"+1 301-533-0097","housenumber":"214","street":"East Alder Street","city":"Oakland","postcode":"21550"}},{"type":"Feature","geometry":{"type":"Point","coordinates":[-79.40765,39.40791]},"properties":{"id":"way/446156897","name":"J & S Pawn and Guns","group":"services","category":"shop=pawnbroker","hours":"Mo-Fr 10:00-18:00; Sa 10:00-15:00","phone":"+1 240-488-1121","website":"https://jspawnguns.com","housenumber":"223","street":"East Alder Street","city":"Oakland","postcode":"21550"}},{"type":"Feature","geometry":{"type":"Point","coordinates":[-77.38913,39.44658]},"properties":{"id":"way/450837691","name":"Tire World","group":"services","category":"shop=tyres","hours":"Mo-Fr 07:30-18:00; Sa 07:30-15:00; Su off","phone":"+1-301-668-5009","website":"https://shoptireworld.com/","housenumber":"1291","street":"Riverbend Way","city":"Frederick","postcode":"21701"}},{"type":"Feature","geometry":{"type":"Point","coordinates":[-77.40427,39.42008]},"properties":{"id":"way/451394498","name":"ABA Locksmith","group":"services","category":"craft=locksmith"}},{"type":"Feature","geometry":{"type":"Point","coordinates":[-77.40513,39.42033]},"properties":{"id":"way/451394499","name":"Hinzi's Kitchen","group":"food","category":"amenity=restaurant","hours":"Mo-Sa 11:00-21:00; Su 12:00-20:00","phone":"+1-301-835-7694","website":"https://www.hinziskitchen.com","housenumber":"503","street":"North East Street","city":"Frederick","postcode":"21701-5234"}},{"type":"Feature","geometry":{"type":"Point","coordinates":[-77.40512,39.4205]},"properties":{"id":"way/451394501","name":"Liquors","group":"groceries","category":"shop=alcohol"}},{"type":"Feature","geometry":{"type":"Point","coordinates":[-77.40513,39.4204]},"properties":{"id":"way/451394502","name":"Spot Laundry","group":"services","category":"shop=laundry"}},{"type":"Feature","geometry":{"type":"Point","coordinates":[-77.40482,39.41899]},"properties":{"id":"way/451406939","name":"Cafe Bueno","group":"food","category":"amenity=restaurant","cuisine":"mexican","hours":"Mo-Sa 11:00-21:00","phone":"+1-301-620-8858","website":"https://cafebuenofrederick.com"}},{"type":"Feature","geometry":{"type":"Point","coordinates":[-77.40537,39.42022]},"properties":{"id":"way/451412737","name":"Red's Tavern","group":"food","category":"amenity=bar"}},{"type":"Feature","geometry":{"type":"Point","coordinates":[-77.40462,39.42147]},"properties":{"id":"way/451413996","name":"Great Stuff By Paul","group":"shopping","category":"shop=antiques"}},{"type":"Feature","geometry":{"type":"Point","coordinates":[-77.45226,39.4203]},"properties":{"id":"way/451634846","name":"Wolf's Furniture","group":"shopping","category":"shop=furniture"}},{"type":"Feature","geometry":{"type":"Point","coordinates":[-77.4086,39.42412]},"properties":{"id":"way/451651691","name":"Market and 8th Street Laundromat","group":"services","category":"shop=laundry"}},{"type":"Feature","geometry":{"type":"Point","coordinates":[-77.40918,39.42291]},"properties":{"id":"way/451651692","name":"Lucky Corner","group":"food","category":"amenity=restaurant","cuisine":"vietnamese"}},{"type":"Feature","geometry":{"type":"Point","coordinates":[-77.66648,39.63132]},"properties":{"id":"way/452126764","name":"Heating Plant","group":"services","category":"craft=hvac"}},{"type":"Feature","geometry":{"type":"Point","coordinates":[-77.35363,39.3255]},"properties":{"id":"way/454495718","name":"Dynamic Automotive","group":"services","category":"shop=car_repair","phone":"+1 301-874-8803","housenumber":"8824","street":"Urbana Church Road","city":"Frederick","postcode":"21704"}},{"type":"Feature","geometry":{"type":"Point","coordinates":[-77.3842,39.44741]},"properties":{"id":"way/454977567","name":"Mamma Lucia","group":"food","category":"amenity=restaurant","cuisine":"italian","phone":"+1-301-694-2600","website":"http://www.mammaluciasfrederick.com/","housenumber":"1700 (#13)","street":"Kingfisher Drive","city":"Frederick","postcode":"21701"}},{"type":"Feature","geometry":{"type":"Point","coordinates":[-78.84206,39.63701]},"properties":{"id":"way/460095693","name":"Liberty Liquors","group":"groceries","category":"shop=alcohol"}},{"type":"Feature","geometry":{"type":"Point","coordinates":[-78.86067,39.64061]},"properties":{"id":"way/460095734","name":"Tattoo Nouveau","group":"personal_care","category":"shop=tattoo"}},{"type":"Feature","geometry":{"type":"Point","coordinates":[-79.40869,39.40707]},"properties":{"id":"way/460754466","name":"Tomanetti's Pizza and Otalian Eatery","group":"food","category":"amenity=restaurant","cuisine":"Pizza;Italian","phone":"+1 301-334-4844","website":"https://foodeist.com/place/tomanettispizza","housenumber":"308","street":"South 2nd Street","city":"Oakland","postcode":"21550"}},{"type":"Feature","geometry":{"type":"Point","coordinates":[-79.40935,39.40736]},"properties":{"id":"way/460761391","name":"Shirer's Tin Shop","group":"services","category":"craft=hvac","hours":"Mo-Fr 07:00-17:00","phone":"+1 301-334-3320","website":"https://shirerstinshop.com","housenumber":"117","street":"East Oak Street","city":"Oakland","postcode":"21550"}},{"type":"Feature","geometry":{"type":"Point","coordinates":[-77.44018,39.39333]},"properties":{"id":"way/460806341","name":"Wolf's Furniture Outlet","group":"shopping","category":"shop=furniture"}},{"type":"Feature","geometry":{"type":"Point","coordinates":[-79.40789,39.40593]},"properties":{"id":"way/461209083","name":"Preston Stump and Tree Removal","group":"services","category":"craft=gardener","hours":"07:00-19:00","phone":"+1 240-321-1266","housenumber":"400","street":"South 3rd Street"}},{"type":"Feature","geometry":{"type":"Point","coordinates":[-79.39959,39.40355]},"properties":{"id":"way/461262569","name":"BFS Foods","group":"groceries","category":"shop=convenience","housenumber":"837","street":"East Oak Street"}},{"type":"Feature","geometry":{"type":"Point","coordinates":[-79.40477,39.41141]},"properties":{"id":"way/461448161","name":"Ace Quick Lube","group":"services","category":"shop=car_repair","housenumber":"103","street":"North 3rd Street","city":"Oakland","postcode":"21550"}},{"type":"Feature","geometry":{"type":"Point","coordinates":[-79.41472,39.40271]},"properties":{"id":"way/464160459","name":"Tri-State Memorial Company","group":"services","category":"craft=stonemason","hours":"Mo-Th 09:00-17:00; Fr 09:00-16:00","phone":"+1 301-334-1139","website":"https://tristatememorialcompany.com","city":"Oakland","postcode":"21550"}},{"type":"Feature","geometry":{"type":"Point","coordinates":[-77.3862,39.44739]},"properties":{"id":"way/472364529","name":"Riverside Liquors","group":"groceries","category":"shop=alcohol","phone":"+1-301-624-1742","housenumber":"1299","street":"Riverbend Way","city":"Frederick","postcode":"21701"}},{"type":"Feature","geometry":{"type":"Point","coordinates":[-78.83188,39.63731]},"properties":{"id":"way/474512076","name":"Surplus City","group":"groceries","category":"shop=variety_store"}},{"type":"Feature","geometry":{"type":"Point","coordinates":[-78.83757,39.63721]},"properties":{"id":"way/474512078","name":"Asian Garden Cuisine","group":"food","category":"amenity=restaurant","cuisine":"chinese"}},{"type":"Feature","geometry":{"type":"Point","coordinates":[-78.83626,39.63733]},"properties":{"id":"way/474512080","name":"The Locked Door","group":"shopping","category":"shop=erotic"}},{"type":"Feature","geometry":{"type":"Point","coordinates":[-78.83293,39.63749]},"properties":{"id":"way/474512081","name":"Texas Grillhouse","group":"food","category":"amenity=restaurant"}},{"type":"Feature","geometry":{"type":"Point","coordinates":[-77.35373,39.32983]},"properties":{"id":"way/480941656","name":"Green Turtle","group":"food","category":"amenity=restaurant","housenumber":"3501","street":"John Simmons Street","city":"Urbana","postcode":"21704"}},{"type":"Feature","geometry":{"type":"Point","coordinates":[-78.18643,39.69832]},"properties":{"id":"way/483340634","name":"Potomac River Grill","group":"food","category":"amenity=restaurant","hours":"We-Su 08:00-20:00","phone":"+1-301-678-6100","website":"https://www.potomacrivergrill.com","housenumber":"4","street":"Blue Hill Road","city":"Hancock","postcode":"21750"}},{"type":"Feature","geometry":{"type":"Point","coordinates":[-77.62053,39.48457]},"properties":{"id":"way/489105305","name":"South Mountain Inn","group":"food","category":"amenity=restaurant"}},{"type":"Feature","geometry":{"type":"Point","coordinates":[-77.3855,39.45002]},"properties":{"id":"way/490972283","name":"Ceresville New Holland","group":"shopping","category":"shop=agrarian","phone":"+1-800-331-9122","website":"https://www.ceresvillenh.com/","housenumber":"8102","street":"Liberty Road","city":"Frederick","postcode":"21701"}},{"type":"Feature","geometry":{"type":"Point","coordinates":[-77.72325,39.64216]},"properties":{"id":"way/491961831","name":"Just Lookin'","group":"shopping","category":"shop=art","hours":"Tu-Sa 11:00-19:00","website":"https://www.justlookin.com/","housenumber":"40","street":"Summit Avenue","city":"Hagerstown"}},{"type":"Feature","geometry":{"type":"Point","coordinates":[-78.76272,39.64852]},"properties":{"id":"way/542523261","name":"Wheelzup at Canal Place","group":"shopping","category":"shop=bicycle"}},{"type":"Feature","geometry":{"type":"Point","coordinates":[-78.76267,39.64837]},"properties":{"id":"way/542523263","name":"Charis Winery & Distillery","group":"groceries","category":"shop=wine","cuisine":"modern_european","phone":"+1 301 777 0404","housenumber":"17","street":"Howard Street","city":"Cumberland","postcode":"21502"}},{"type":"Feature","geometry":{"type":"Point","coordinates":[-78.76282,39.64866]},"properties":{"id":"way/542523264","name":"The Crabby Pig","group":"food","category":"amenity=restaurant","phone":"+1 301 724 7472","website":"https://www.crabbypig.com/","housenumber":"13","street":"Canal Street","city":"Cumberland","postcode":"21502"}},{"type":"Feature","geometry":{"type":"Point","coordinates":[-77.40821,39.62858]},"properties":{"id":"way/552255526","name":"Hillside Turkey Farms","group":"groceries","category":"shop=butcher","housenumber":"30","street":"Elm Street","city":"Thurmont","postcode":"21788"}},{"type":"Feature","geometry":{"type":"Point","coordinates":[-77.40768,39.63333]},"properties":{"id":"way/552259944","name":"Eyler's Indoor/Outdoor Flea Market","group":"shopping","category":"shop=second_hand"}},{"type":"Feature","geometry":{"type":"Point","coordinates":[-77.41029,39.42149]},"properties":{"id":"way/559174708","name":"Spacie Gracie","group":"food","category":"amenity=bar","hours":"Mo-Th 16:00-00:00; Fr 16:00-02:00; Sa 12:00-02:00; Su 12:00-00:00","phone":"301-898-2056","website":"https://spacie-gracie.com/","housenumber":"543","street":"North Market Street","postcode":"21701"}},{"type":"Feature","geometry":{"type":"Point","coordinates":[-77.41016,39.42264]},"properties":{"id":"way/559174722","name":"Clearview Car Care","group":"services","category":"shop=car_repair","hours":"Mo-Fr 07:30-17:00"}},{"type":"Feature","geometry":{"type":"Point","coordinates":[-78.92859,39.63999]},"properties":{"id":"way/583325635","name":"B&B Country Meats","group":"food","category":"shop=deli"}},{"type":"Feature","geometry":{"type":"Point","coordinates":[-77.2692,39.47431]},"properties":{"id":"way/583812844","name":"Sunset Supply","group":"shopping","category":"shop=doityourself","hours":"Mo 08:00-17:00; We-Sa 08:00-17:00; Su 09:00-16:00","phone":"+1 301-898-5445","website":"https://www.sunsetsupplyllc.com/","housenumber":"11339","street":"Liberty Road","city":"Frederick","postcode":"21701"}},{"type":"Feature","geometry":{"type":"Point","coordinates":[-79.18223,39.38765]},"properties":{"id":"way/584027955","name":"Coal Bucket Cafe","group":"food","category":"amenity=restaurant","cuisine":"american;burger;coffee_shop","street":"West Main Street","city":"Kitzmiller"}},{"type":"Feature","geometry":{"type":"Point","coordinates":[-77.24218,39.48518]},"properties":{"id":"way/584299476","name":"Integrity Auto Pros","group":"services","category":"shop=car_repair","hours":"Mo-Fr 08:00-17:00","phone":"+1-301-898-5541","website":"https://www.airparkautopros.com/integrity-auto-pros","housenumber":"12052","street":"Main Street","city":"Libertytown","postcode":"21762"}},{"type":"Feature","geometry":{"type":"Point","coordinates":[-77.25473,39.48262]},"properties":{"id":"way/584306698","name":"Hartzler Funeral Home","group":"services","category":"shop=funeral_directors","website":"https://www.hartzlerfuneralhome.com","housenumber":"11802","street":"Liberty Road","city":"Frederick","postcode":"21701"}},{"type":"Feature","geometry":{"type":"Point","coordinates":[-77.32858,39.4936]},"properties":{"id":"way/591475304","name":"Barrick Garden Center","group":"shopping","category":"shop=garden_centre"}},{"type":"Feature","geometry":{"type":"Point","coordinates":[-78.17731,39.69853]},"properties":{"id":"way/593923519","name":"Buddy Lou's","group":"shopping","category":"shop=antiques","hours":"Mo,Th 11:00-20:30; Fr,Sa 11:00-21:00; Su 10:00-20:30","phone":"+1 301 678 6460","housenumber":"11","street":"East Main Street","city":"Hancock","postcode":"21750"}},{"type":"Feature","geometry":{"type":"Point","coordinates":[-78.84941,39.63782]},"properties":{"id":"way/603162482","name":"Penzoil","group":"services","category":"shop=car_repair"}},{"type":"Feature","geometry":{"type":"Point","coordinates":[-78.82976,39.63888]},"properties":{"id":"way/603163038","name":"bfs","group":"groceries","category":"shop=convenience"}},{"type":"Feature","geometry":{"type":"Point","coordinates":[-77.64132,39.3368]},"properties":{"id":"way/613469080","name":"Brunswick Liquors","group":"groceries","category":"shop=alcohol","hours":"Mo-Su 09:00-22:00","phone":"+1 301-676-5400","housenumber":"840","street":"Jefferson Pike"}},{"type":"Feature","geometry":{"type":"Point","coordinates":[-77.61481,39.31918]},"properties":{"id":"way/631257093","name":"Penny's Diner","group":"food","category":"amenity=restaurant","cuisine":"american","hours":"24/7","housenumber":"620","street":"Souder Road","city":"Brunswick","postcode":"21712"}},{"type":"Feature","geometry":{"type":"Point","coordinates":[-77.72383,39.63191]},"properties":{"id":"way/641669722","name":"Lovell Auto Repair","group":"services","category":"shop=car_repair","phone":"+1-240-291-4956","housenumber":"9","street":"Memorial Boulevard West","city":"Hagerstown","postcode":"21740"}},{"type":"Feature","geometry":{"type":"Point","coordinates":[-77.72394,39.63129]},"properties":{"id":"way/641709633","name":"Hartle's Subs","group":"food","category":"amenity=restaurant","cuisine":"american","hours":"Mo-We 10:00-20:00; Th-Sa 10:00-21:00; Su 11:00-19:00","phone":"+1-301-739-5473","website":"https://www.hartlessubs.com/","housenumber":"635","street":"South Potomac Street","city":"Hagerstown","postcode":"21740"}},{"type":"Feature","geometry":{"type":"Point","coordinates":[-77.73118,39.62569]},"properties":{"id":"way/641965458","name":"Charley's Resturant","group":"food","category":"amenity=fast_food","cuisine":"american;chinese","phone":"+1-301-790-0768","website":"http://www.charleysrestaurant.us","housenumber":"991","street":"Maryland Avenue","city":"Hagerstown","postcode":"21740"}},{"type":"Feature","geometry":{"type":"Point","coordinates":[-77.72266,39.635]},"properties":{"id":"way/641980946","name":"Locust Point Market","group":"food","category":"shop=deli","housenumber":"360","street":"South Locust Street","city":"Hagerstown","postcode":"21740"}},{"type":"Feature","geometry":{"type":"Point","coordinates":[-77.72661,39.63775]},"properties":{"id":"way/642019822","name":"Chic's Seafood","group":"food","category":"amenity=restaurant","cuisine":"seafood","housenumber":"300","street":"Summit Avenue","city":"Hagerstown","postcode":"21740"}},{"type":"Feature","geometry":{"type":"Point","coordinates":[-77.72729,39.62988]},"properties":{"id":"way/642028806","name":"Bonebrake Tire & Alignment","group":"services","category":"shop=car_repair","website":"https://www.bonebraketire.com/","housenumber":"700","street":"Maryland Avenue","city":"Hagerstown","postcode":"21740"}},{"type":"Feature","geometry":{"type":"Point","coordinates":[-77.72689,39.62738]},"properties":{"id":"way/642236271","name":"Side Pockets","group":"food","category":"amenity=bar"}},{"type":"Feature","geometry":{"type":"Point","coordinates":[-77.71712,39.65054]},"properties":{"id":"way/642306770","name":"ReStore","group":"shopping","category":"shop=charity","website":"http://www.restorehagerstown.org/","housenumber":"100","street":"Charles Street","city":"Hagerstown","postcode":"21740"}},{"type":"Feature","geometry":{"type":"Point","coordinates":[-77.7276,39.62564]},"properties":{"id":"way/642624725","name":"Rocky's New York Pizza","group":"food","category":"amenity=restaurant"}},{"type":"Feature","geometry":{"type":"Point","coordinates":[-77.7336,39.631]},"properties":{"id":"way/642686922","name":"Brothers Pizza City Park","group":"food","category":"amenity=fast_food","cuisine":"pizza","housenumber":"736","street":"Virginia Avenue","city":"Hagerstown","postcode":"21740"}},{"type":"Feature","geometry":{"type":"Point","coordinates":[-77.73189,39.63257]},"properties":{"id":"way/642686963","name":"Chas. A. Gibney Florist & Greenhouse","group":"shopping","category":"shop=florist","website":"https://www.gibneysflorist.com/","housenumber":"662","street":"Virginia Avenue","city":"Hagerstown","postcode":"21740"}},{"type":"Feature","geometry":{"type":"Point","coordinates":[-77.43081,39.40734]},"properties":{"id":"way/642888578","name":"The Lube Center","group":"services","category":"shop=car_repair","phone":"+1-301-846-4380","housenumber":"421","street":"South Jefferson Street","city":"Frederick","postcode":"21701"}},{"type":"Feature","geometry":{"type":"Point","coordinates":[-77.82081,39.59542]},"properties":{"id":"way/651607769","name":"Hub Bubbles","group":"services","category":"shop=laundry"}},{"type":"Feature","geometry":{"type":"Point","coordinates":[-77.45157,39.41968]},"properties":{"id":"way/668787721","name":"Pawn Shop","group":"services","category":"shop=pawnbroker"}},{"type":"Feature","geometry":{"type":"Point","coordinates":[-77.45154,39.42003]},"properties":{"id":"way/668787723","name":"Merry Maids","group":"shopping","category":"shop=vacuum_cleaner"}},{"type":"Feature","geometry":{"type":"Point","coordinates":[-77.45069,39.42034]},"properties":{"id":"way/668787726","name":"Lallo's Pizza","group":"food","category":"amenity=fast_food","cuisine":"pizza"}},{"type":"Feature","geometry":{"type":"Point","coordinates":[-77.45081,39.42035]},"properties":{"id":"way/668787727","name":"Professional Nails","group":"personal_care","category":"shop=beauty"}},{"type":"Feature","geometry":{"type":"Point","coordinates":[-77.45055,39.4203]},"properties":{"id":"way/668787729","name":"Willow Tree Liquors","group":"groceries","category":"shop=alcohol"}},{"type":"Feature","geometry":{"type":"Point","coordinates":[-77.45041,39.42027]},"properties":{"id":"way/668787730","name":"Fajita Grande","group":"food","category":"amenity=restaurant"}},{"type":"Feature","geometry":{"type":"Point","coordinates":[-77.4489,39.41949]},"properties":{"id":"way/668789376","name":"Beauty Max","group":"personal_care","category":"shop=beauty"}},{"type":"Feature","geometry":{"type":"Point","coordinates":[-77.71222,39.6395]},"properties":{"id":"way/669393621","name":"Dual Highway Liquors","group":"groceries","category":"shop=alcohol","phone":"+1-240-329-5277","website":"https://hagerstownliquors.com/","housenumber":"350","street":"Dual Highway","city":"Hagerstown","postcode":"21740"}},{"type":"Feature","geometry":{"type":"Point","coordinates":[-78.72461,39.67278]},"properties":{"id":"way/672198045","name":"Pucinni's Coal Fired Pizza","group":"food","category":"amenity=restaurant","cuisine":"pizza;sandwich;steak_house;fine_dining;american","hours":"Mo,We-Su 11:00-22:00; Tu off","website":"https://www.puccinirestaurant.com/"}},{"type":"Feature","geometry":{"type":"Point","coordinates":[-78.76178,39.64849]},"properties":{"id":"way/674610515","name":"Dig Deep Brewing","group":"food","category":"craft=brewery","phone":"+1 301-338-1013","housenumber":"2","street":"Howard Street"}},{"type":"Feature","geometry":{"type":"Point","coordinates":[-78.76996,39.6568]},"properties":{"id":"way/676382407","name":"El Jinete","group":"food","category":"amenity=restaurant","cuisine":"mexican"}},{"type":"Feature","geometry":{"type":"Point","coordinates":[-77.71273,39.63402]},"properties":{"id":"way/689995080","name":"Stadium Bar & Grill","group":"food","category":"amenity=restaurant"}},{"type":"Feature","geometry":{"type":"Point","coordinates":[-78.76987,39.65716]},"properties":{"id":"way/690757317","name":"Gold Marlin Pawn & Guns","group":"services","category":"shop=pawnbroker"}},{"type":"Feature","geometry":{"type":"Point","coordinates":[-77.72985,39.68864]},"properties":{"id":"way/692335935","name":"Harp's","group":"services","category":"shop=car_repair"}},{"type":"Feature","geometry":{"type":"Point","coordinates":[-77.81521,39.63902]},"properties":{"id":"way/734022430","name":"Talley Metal Products","group":"services","category":"craft=metal_construction","housenumber":"16020","street":"Business Parkway","city":"Hagerstown","postcode":"21740"}},{"type":"Feature","geometry":{"type":"Point","coordinates":[-77.8104,39.63659]},"properties":{"id":"way/734022441","name":"Kimble's Truck & Auto Repair","group":"services","category":"shop=car_repair","housenumber":"16129","street":"Business Parkway","city":"Hagerstown","postcode":"21740"}},{"type":"Feature","geometry":{"type":"Point","coordinates":[-77.81624,39.63955]},"properties":{"id":"way/734022442","name":"Mastec Network Solutions","group":"shopping","category":"shop=electronics","housenumber":"16014","street":"Business Parkway","city":"Hagerstown","postcode":"21740"}},{"type":"Feature","geometry":{"type":"Point","coordinates":[-77.81354,39.63677]},"properties":{"id":"way/734022443","name":"Aquaflow Pump & Supply Co","group":"services","category":"craft=plumber","housenumber":"16051","street":"Business Parkway","city":"Hagerstown","postcode":"21740"}},{"type":"Feature","geometry":{"type":"Point","coordinates":[-78.14647,39.69379]},"properties":{"id":"way/734027982","name":"Blue Goose Market","group":"groceries","category":"shop=supermarket","housenumber":"557","street":"East Main Street","city":"Hancock","postcode":"21750"}},{"type":"Feature","geometry":{"type":"Point","coordinates":[-77.76433,39.63252]},"properties":{"id":"way/737350837","name":"Martin's Food","group":"groceries","category":"shop=supermarket","street":"Wesel Boulevard"}},{"type":"Feature","geometry":{"type":"Point","coordinates":[-77.74346,39.66474]},"properties":{"id":"way/737644969","name":"AC&T","group":"groceries","category":"shop=convenience"}},{"type":"Feature","geometry":{"type":"Point","coordinates":[-77.32746,39.4545]},"properties":{"id":"way/750621118","name":"Rippeon Equipment Company","group":"groceries","category":"shop=country_store","hours":"Mo-Fr 07:00-17:00; Sa 07:00-12:00","phone":"+1-301-898-1200","website":"https://www.rippeonequipment.com/","housenumber":"9640","street":"Liberty Road","city":"Frederick","postcode":"21701"}},{"type":"Feature","geometry":{"type":"Point","coordinates":[-79.15924,39.70259]},"properties":{"id":"way/753943832","name":"High Country Creamery","group":"food","category":"amenity=restaurant"}},{"type":"Feature","geometry":{"type":"Point","coordinates":[-79.15824,39.69863]},"properties":{"id":"way/753943838","name":"Newman Funeral Home","group":"services","category":"shop=funeral_directors"}},{"type":"Feature","geometry":{"type":"Point","coordinates":[-77.72003,39.67146]},"properties":{"id":"way/771375584","name":"Fairy Dust Home Furnishings and Decor","group":"shopping","category":"shop=furniture"}},{"type":"Feature","geometry":{"type":"Point","coordinates":[-77.71989,39.67197]},"properties":{"id":"way/771375585","name":"Battery Warehouse Hagerstown","group":"shopping","category":"shop=appliance"}},{"type":"Feature","geometry":{"type":"Point","coordinates":[-79.40564,39.40959]},"properties":{"id":"way/774650730","name":"NuWay Restoration & Cleaning","group":"services","category":"craft=cleaning","housenumber":"20","street":"South 3rd Street"}},{"type":"Feature","geometry":{"type":"Point","coordinates":[-77.34703,39.32714]},"properties":{"id":"way/777561179","name":"Sage's Cakery","group":"food","category":"shop=pastry"}},{"type":"Feature","geometry":{"type":"Point","coordinates":[-77.41095,39.41898]},"properties":{"id":"way/780631030","name":"Ibiza Cafe","group":"food","category":"amenity=cafe","website":"theibizacafe.com","housenumber":"8","street":"West 4th Street","city":"Frederick","postcode":"21701"}},{"type":"Feature","geometry":{"type":"Point","coordinates":[-79.35127,39.54983]},"properties":{"id":"way/785405458","name":"Black Bear Tavern","group":"food","category":"amenity=bar"}},{"type":"Feature","geometry":{"type":"Point","coordinates":[-79.35117,39.55023]},"properties":{"id":"way/785638183","name":"Pine Lodge Steakhouse","group":"food","category":"amenity=restaurant"}},{"type":"Feature","geometry":{"type":"Point","coordinates":[-79.34799,39.53878]},"properties":{"id":"way/786352176","name":"Aquatic Center","group":"services","category":"shop=repair","hours":"Mo-Fr 10:00-17:00","phone":"+13013878233","website":"https://www.aquatic-center.com/","housenumber":"634","street":"Deep Creek Drive","city":"McHenry","postcode":"21541"}},{"type":"Feature","geometry":{"type":"Point","coordinates":[-77.20336,39.28909]},"properties":{"id":"way/795677439","name":"Quincy's Uptown Bar and Grill","group":"food","category":"amenity=restaurant"}},{"type":"Feature","geometry":{"type":"Point","coordinates":[-77.20744,39.28494]},"properties":{"id":"way/795694986","name":"Little Far East II","group":"food","category":"amenity=restaurant","cuisine":"chinese","housenumber":"26043","street":"Ridge Road","city":"Damascus","postcode":"20872"}},{"type":"Feature","geometry":{"type":"Point","coordinates":[-77.2075,39.28485]},"properties":{"id":"way/795695329","name":"All American Bicycle Center","group":"shopping","category":"shop=bicycle","housenumber":"26039","street":"Ridge Road","city":"Damascus","postcode":"20872"}},{"type":"Feature","geometry":{"type":"Point","coordinates":[-77.20759,39.28474]},"properties":{"id":"way/795696484","name":"Eyeballs USA","group":"personal_care","category":"shop=optician","housenumber":"26035","street":"Ridge Road","city":"Damascus","postcode":"20872"}},{"type":"Feature","geometry":{"type":"Point","coordinates":[-77.20776,39.28453]},"properties":{"id":"way/795699828","name":"Damascus Nails Salon and More","group":"personal_care","category":"shop=beauty","housenumber":"26025","street":"Ridge Road","city":"Damascus","postcode":"20872"}},{"type":"Feature","geometry":{"type":"Point","coordinates":[-78.92335,39.65163]},"properties":{"id":"way/800021382","name":"Langley's Auto Service","group":"services","category":"shop=car_repair"}},{"type":"Feature","geometry":{"type":"Point","coordinates":[-78.92321,39.65195]},"properties":{"id":"way/800021927","name":"J and J's","group":"shopping","category":"shop=fishing","housenumber":"75","street":"South Grant Street","city":"Frostburg"}},{"type":"Feature","geometry":{"type":"Point","coordinates":[-77.70188,39.3302]},"properties":{"id":"way/801974296","name":"Hillside Station","group":"groceries","category":"shop=convenience","housenumber":"19110","street":"Keep Tryst Road"}},{"type":"Feature","geometry":{"type":"Point","coordinates":[-77.70154,39.33021]},"properties":{"id":"way/802138932","name":"El Charro Bar and Grill","group":"food","category":"amenity=restaurant","cuisine":"mexican","hours":"Mo-Th 11:00-21:30; Fr-Sa 11:00-22:00; Su 11:00-21:00","phone":"+1-240-769-0917","website":"https://charrobarandgrill.com/","housenumber":"19112","street":"Keep Tryst Road","city":"Knoxville","postcode":"21758"}},{"type":"Feature","geometry":{"type":"Point","coordinates":[-77.69968,39.32985]},"properties":{"id":"way/802139347","name":"RL's Welding & Repairs","group":"services","category":"craft=welder","phone":"+1-301-748-0516","website":"https://rls-welding-repair-llc.business.site","housenumber":"19128","street":"Keep Tryst Road","city":"Knoxville","postcode":"21758"}},{"type":"Feature","geometry":{"type":"Point","coordinates":[-78.94371,39.62928]},"properties":{"id":"way/802273509","name":"Coddington Lumber CO.","group":"services","category":"craft=sawmill","housenumber":"19501","street":"Shaft Road","city":"Frostburg","postcode":"21532"}},{"type":"Feature","geometry":{"type":"Point","coordinates":[-78.914,39.65186]},"properties":{"id":"way/802276147","name":"Mario's Italian Eatery","group":"food","category":"amenity=restaurant","cuisine":"italian","housenumber":"314","street":"East Main Street","city":"Frostburg","postcode":"21532"}},{"type":"Feature","geometry":{"type":"Point","coordinates":[-78.92893,39.65703]},"properties":{"id":"way/802279180","name":"Clatter Cafe","group":"food","category":"amenity=cafe","cuisine":"coffee_shop","street":"West Mechanic Street","city":"Frostburg","postcode":"21532"}},{"type":"Feature","geometry":{"type":"Point","coordinates":[-79.4034,39.66305]},"properties":{"id":"way/814922395","name":"Friendsville Public House","group":"food","category":"amenity=pub"}},{"type":"Feature","geometry":{"type":"Point","coordinates":[-79.00465,39.68709]},"properties":{"id":"way/864497191","name":"Hen House Restaurant","group":"food","category":"amenity=restaurant"}},{"type":"Feature","geometry":{"type":"Point","coordinates":[-78.91572,39.65254]},"properties":{"id":"way/864498018","name":"Harveys Florist","group":"shopping","category":"shop=florist"}},{"type":"Feature","geometry":{"type":"Point","coordinates":[-78.90793,39.65182]},"properties":{"id":"way/864498060","name":"Laundry Mat","group":"services","category":"shop=laundry"}},{"type":"Feature","geometry":{"type":"Point","coordinates":[-78.92645,39.65543]},"properties":{"id":"way/864500038","name":"Bronzing Barn","group":"personal_care","category":"shop=beauty"}},{"type":"Feature","geometry":{"type":"Point","coordinates":[-78.76262,39.6507]},"properties":{"id":"way/864708120","name":"Niner's Canal Pub","group":"food","category":"amenity=bar","hours":"Mo-Sa 16:00-01:00","housenumber":"2","street":"Pershing Street","city":"Cumberland","postcode":"21502"}},{"type":"Feature","geometry":{"type":"Point","coordinates":[-78.70477,39.56774]},"properties":{"id":"way/864710900","name":"Millstone Country Store","group":"groceries","category":"shop=general","hours":"Tu-Sa 09:00-16:00","phone":"+1 301-777-9100","housenumber":"13901","street":"Old Oldtown Road Southeast","city":"Oldtown","postcode":"21502"}},{"type":"Feature","geometry":{"type":"Point","coordinates":[-77.38668,39.45457]},"properties":{"id":"way/865438232","name":"Plaza Mexico of Frederick","group":"food","category":"amenity=restaurant","cuisine":"mexican","hours":"Mo-Th 11:00-21:30; Fr,Sa 11:00-22:30; Su 11:00-21:00","website":"https://www.plazamexicomd.com","housenumber":"2418","street":"Merchant Street","city":"Frederick","postcode":"21701"}},{"type":"Feature","geometry":{"type":"Point","coordinates":[-77.34525,39.09486]},"properties":{"id":"way/866046400","name":"Rocklands Farm Winery","group":"food","category":"craft=winery"}},{"type":"Feature","geometry":{"type":"Point","coordinates":[-77.35168,39.48019]},"properties":{"id":"way/866123400","name":"Brownie's Auto Repair","group":"services","category":"shop=car_repair","hours":"Mo-Fr 08:00-17:00","phone":"+1-301-845-8400","website":"https://www.browniesautorepair.com","housenumber":"42","street":"West Frederick Street","city":"Walkersville","postcode":"21793"}},{"type":"Feature","geometry":{"type":"Point","coordinates":[-78.92808,39.65169]},"properties":{"id":"way/868492316","name":"The Beach Club","group":"food","category":"amenity=bar","housenumber":"202","street":"Center Street","city":"Frostburg"}},{"type":"Feature","geometry":{"type":"Point","coordinates":[-79.00632,39.68767]},"properties":{"id":"way/868502592","name":"Hometown Pizzeria","group":"food","category":"amenity=bar"}},{"type":"Feature","geometry":{"type":"Point","coordinates":[-77.75289,39.65593]},"properties":{"id":"way/875110921","name":"Regency Furniture","group":"shopping","category":"shop=furniture","housenumber":"17766","street":"Garland Groh Boulevard","city":"Hagerstown","postcode":"21740"}},{"type":"Feature","geometry":{"type":"Point","coordinates":[-77.75759,39.65493]},"properties":{"id":"way/875461638","name":"Professional Nail","group":"personal_care","category":"shop=beauty","housenumber":"17618","street":"Garland Groh Boulevard","city":"Hagerstown","postcode":"21740"}},{"type":"Feature","geometry":{"type":"Point","coordinates":[-77.75686,39.65493]},"properties":{"id":"way/875461646","name":"2nd & Charles","group":"shopping","category":"shop=books","housenumber":"17636","street":"Garland Groh Boulevard","city":"Hagerstown","postcode":"21740"}},{"type":"Feature","geometry":{"type":"Point","coordinates":[-77.48401,39.71044]},"properties":{"id":"way/879443476","name":"GT's Handimart","group":"groceries","category":"shop=convenience"}},{"type":"Feature","geometry":{"type":"Point","coordinates":[-77.35464,39.32668]},"properties":{"id":"way/895131241","name":"Sweet Babe's Creamery","group":"food","category":"amenity=restaurant","cuisine":"ice_cream","housenumber":"3534","street":"Urbana Pike","city":"Urbana","postcode":"21704"}},{"type":"Feature","geometry":{"type":"Point","coordinates":[-77.35503,39.32698]},"properties":{"id":"way/895131242","name":"Pumpernickel + Rye","group":"food","category":"amenity=restaurant","housenumber":"3538","street":"Urbana Pike","city":"Urbana","postcode":"21704"}},{"type":"Feature","geometry":{"type":"Point","coordinates":[-77.48046,39.71429]},"properties":{"id":"way/912818090","name":"Sanders Market","group":"groceries","category":"shop=supermarket","phone":"+1 301 241 3612","website":"https://sandersmarketllc1956.com/","housenumber":"25451","street":"Military Road","city":"Cascade","postcode":"21719"}},{"type":"Feature","geometry":{"type":"Point","coordinates":[-79.1011,39.69492]},"properties":{"id":"way/924832406","name":"Hill Top Fruit Market","group":"groceries","category":"shop=greengrocer","website":"https://homeofcandyland.com/","housenumber":"12579","street":"National Pike","city":"Grantsville","postcode":"21536"}},{"type":"Feature","geometry":{"type":"Point","coordinates":[-79.10514,39.68771]},"properties":{"id":"way/924937250","name":"Chestnut Ridge Liquor Store","group":"groceries","category":"shop=convenience","housenumber":"2534","street":"Chestnut Ridge Road","city":"Grantsville","postcode":"21536"}},{"type":"Feature","geometry":{"type":"Point","coordinates":[-79.37095,39.39748]},"properties":{"id":"way/925303177","name":"Baja Restaurant","group":"food","category":"amenity=restaurant","housenumber":"1527","street":"Maryland Highway"}},{"type":"Feature","geometry":{"type":"Point","coordinates":[-79.37059,39.3967]},"properties":{"id":"way/925331137","name":"Nu-Finish Collision Center","group":"services","category":"shop=car_repair","phone":"+1 301-334-4727","housenumber":"1470","street":"Maryland Highway","city":"Mountain Lake Park","postcode":"21550"}},{"type":"Feature","geometry":{"type":"Point","coordinates":[-79.37342,39.39652]},"properties":{"id":"way/925331139","name":"Manor Home Center","group":"shopping","category":"shop=doityourself","hours":"Mo-Fr 08:00-17:00; Sa 08:00-12:00","phone":"+1 301-334-2109","housenumber":"1375","street":"Maryland Highway","city":"Mountain Lake Park","postcode":"21550"}},{"type":"Feature","geometry":{"type":"Point","coordinates":[-77.34074,39.48572]},"properties":{"id":"way/928001565","name":"El Rancho Restaurant","group":"food","category":"amenity=restaurant","cuisine":"mexican;american","hours":"Su-Th 07:00-20:00; Fr-Sa 07:00-21:00","phone":"+1-301-304-9474","website":"https://elrancho-restaurant.com/","housenumber":"111","street":"Walkers Village Way","city":"Walkersville","postcode":"21793"}},{"type":"Feature","geometry":{"type":"Point","coordinates":[-77.40922,39.42169]},"properties":{"id":"way/929040750","name":"Gravel & Grind","group":"food","category":"amenity=cafe","hours":"Mo-Tu 08:00-14:00; We-Sa 08:00-17:00; Su 08:00-16:00","housenumber":"15","street":"East 6th Street","postcode":"21701"}},{"type":"Feature","geometry":{"type":"Point","coordinates":[-77.34938,39.48161]},"properties":{"id":"way/929413490","name":"Twelve West Detail","group":"services","category":"shop=car_repair","phone":"+1-301-304-5510","website":"https://twelvewestdetail.com/","housenumber":"12","street":"West Frederick Street","city":"Walkersville","postcode":"21793"}},{"type":"Feature","geometry":{"type":"Point","coordinates":[-77.35038,39.48202]},"properties":{"id":"way/929413491","name":"Main Street Groomers","group":"services","category":"shop=pet_grooming","hours":"Tu-Sa 08:30-17:00","phone":"+1-301-845-6888","housenumber":"17","street":"West Frederick Street","city":"Walkersville","postcode":"21793"}},{"type":"Feature","geometry":{"type":"Point","coordinates":[-78.93566,39.66641]},"properties":{"id":"way/929893037","name":"Workman's Laundry","group":"services","category":"shop=laundry","housenumber":"232","street":"West Main Street","city":"Frostburg","postcode":"21532"}},{"type":"Feature","geometry":{"type":"Point","coordinates":[-78.93009,39.65881]},"properties":{"id":"way/929894692","name":"Sowers Funeral Home","group":"services","category":"shop=funeral_directors","phone":"+1-301-689-8866","housenumber":"60","street":"West Main Street","city":"Frostburg","postcode":"21532"}},{"type":"Feature","geometry":{"type":"Point","coordinates":[-78.83179,39.5959]},"properties":{"id":"way/929921415","name":"Livvy's SoftServe","group":"food","category":"amenity=ice_cream","housenumber":"13125","street":"Warrior Drive","city":"Cresaptown","postcode":"21502"}},{"type":"Feature","geometry":{"type":"Point","coordinates":[-78.93466,39.6641]},"properties":{"id":"way/930441922","name":"Sand Springs Saloon & Steakhouse","group":"food","category":"amenity=restaurant","street":"West Main Street"}},{"type":"Feature","geometry":{"type":"Point","coordinates":[-79.21913,39.50699]},"properties":{"id":"way/932245759","name":"Cobblentz Custom Woodworking","group":"services","category":"craft=carpenter"}},{"type":"Feature","geometry":{"type":"Point","coordinates":[-78.93002,39.64545]},"properties":{"id":"way/934438740","name":"Durr's Auto Specialist","group":"services","category":"shop=car_repair"}},{"type":"Feature","geometry":{"type":"Point","coordinates":[-79.39187,39.40281]},"properties":{"id":"way/934900553","name":"Midway Discount Liquors","group":"groceries","category":"shop=alcohol","hours":"Mo-Th 09:00-21:00; Fr-Sa 09:00-22:00; Su 12:00-18:00","phone":"+1 301-334-2140","housenumber":"464","street":"Weber Road"}},{"type":"Feature","geometry":{"type":"Point","coordinates":[-77.41327,39.17923]},"properties":{"id":"way/936923731","name":"Colony Supply Store","group":"shopping","category":"shop=garden_centre","housenumber":"19800","street":"Darnestown Road","city":"Beallsville","postcode":"20839"}},{"type":"Feature","geometry":{"type":"Point","coordinates":[-77.41243,39.17881]},"properties":{"id":"way/936926385","name":"Beallsville Garage","group":"services","category":"shop=car_repair"}},{"type":"Feature","geometry":{"type":"Point","coordinates":[-77.58521,39.64196]},"properties":{"id":"way/941557212","name":"AC&T","group":"groceries","category":"shop=convenience"}},{"type":"Feature","geometry":{"type":"Point","coordinates":[-79.40817,39.41101]},"properties":{"id":"way/971491395","name":"The Backstage","group":"services","category":"shop=rental","hours":"We 16:00-18:00 || \"by appointment for a $10 fee\"","phone":"+1 301-334-1098","website":"https://www.ourtowntheatre.org/backstage/","housenumber":"105","street":"East Center Street","city":"Oakland","postcode":"21550"}},{"type":"Feature","geometry":{"type":"Point","coordinates":[-79.32752,39.50197]},"properties":{"id":"way/972133931","name":"Casselman Bakery and Caf\u00e9","group":"food","category":"shop=bakery","hours":"Tu-Sa 07:00-14:00, Tu-Sa 14:00-15:00 open \"only baked goods, cooler items, and coffee after 2pm\"","phone":"+1-240-442-5202","website":"https://casselmanbakery.com","housenumber":"19595","street":"Garrett Highway","city":"Oakland","postcode":"21550"}},{"type":"Feature","geometry":{"type":"Point","coordinates":[-79.34616,39.56056]},"properties":{"id":"way/972560460","name":"Moonshadow","group":"food","category":"amenity=restaurant","phone":"+1 240-442-5542","website":"https://www.moonshadow145.com/","housenumber":"145","street":"Bumble Bee Road","city":"McHenry","postcode":"21541"}},{"type":"Feature","geometry":{"type":"Point","coordinates":[-79.36072,39.56234]},"properties":{"id":"way/973884516","name":"Deep Creek Apparel Co.","group":"shopping","category":"shop=clothes","website":"https://deepcreekapparel.com"}},{"type":"Feature","geometry":{"type":"Point","coordinates":[-79.36116,39.5631]},"properties":{"id":"way/974175096","name":"Canoe on the Run","group":"food","category":"amenity=restaurant","phone":"+1 301 387 5933","housenumber":"2622","street":"Deep Creek Drive","city":"McHenry","postcode":"21541"}},{"type":"Feature","geometry":{"type":"Point","coordinates":[-79.3677,39.56609]},"properties":{"id":"way/974175101","name":"Archie's Barbeque","group":"food","category":"amenity=restaurant","cuisine":"barbecue","housenumber":"25259","street":"Garrett Highway","city":"McHenry","postcode":"21541"}},{"type":"Feature","geometry":{"type":"Point","coordinates":[-77.41004,39.41934]},"properties":{"id":"way/976721826","name":"Joy Convenience","group":"groceries","category":"shop=convenience","housenumber":"406","street":"North Market Street","city":"Frederick","postcode":"21701"}},{"type":"Feature","geometry":{"type":"Point","coordinates":[-77.4098,39.42127]},"properties":{"id":"way/998297971","name":"Olde Mother Brewing","group":"food","category":"craft=brewery"}},{"type":"Feature","geometry":{"type":"Point","coordinates":[-78.92155,39.65422]},"properties":{"id":"way/998785189","name":"Forever Nails","group":"personal_care","category":"shop=beauty","housenumber":"209","street":"East Main Street","city":"Frostburg","postcode":"21532"}},{"type":"Feature","geometry":{"type":"Point","coordinates":[-79.36812,39.56658]},"properties":{"id":"way/1001189170","name":"Deep Creek Beverage","group":"groceries","category":"shop=alcohol"}},{"type":"Feature","geometry":{"type":"Point","coordinates":[-78.93261,39.65755]},"properties":{"id":"way/1003668331","name":"Durst Funeral Home","group":"services","category":"shop=funeral_directors"}},{"type":"Feature","geometry":{"type":"Point","coordinates":[-78.929,39.65698]},"properties":{"id":"way/1003677807","name":"Cauldron Vintage","group":"shopping","category":"shop=clothes"}},{"type":"Feature","geometry":{"type":"Point","coordinates":[-78.92575,39.65632]},"properties":{"id":"way/1003704037","name":"Independent Ink Tattoo","group":"personal_care","category":"shop=tattoo"}},{"type":"Feature","geometry":{"type":"Point","coordinates":[-78.93489,39.66549]},"properties":{"id":"way/1003725921","name":"Red Ridge Auto Repair","group":"services","category":"shop=car_repair"}},{"type":"Feature","geometry":{"type":"Point","coordinates":[-78.81177,39.65577]},"properties":{"id":"way/1003740799","name":"Muddy Paws","group":"services","category":"shop=pet_grooming"}},{"type":"Feature","geometry":{"type":"Point","coordinates":[-78.92449,39.65479]},"properties":{"id":"way/1004427719","name":"Giuseppe's Italian Restaurant","group":"food","category":"amenity=restaurant"}},{"type":"Feature","geometry":{"type":"Point","coordinates":[-79.40475,39.41309]},"properties":{"id":"way/1005622213","name":"3rd Street Diner","group":"food","category":"amenity=restaurant","cuisine":"american","hours":"Mo-Fr 08:00-20:00; Sa-Su 08:00-14:00","phone":"+1-301-334-3300","housenumber":"208","street":"North 3rd Street","postcode":"21550"}},{"type":"Feature","geometry":{"type":"Point","coordinates":[-79.40335,39.41392]},"properties":{"id":"way/1005622469","name":"Mane Attraction Beauty Salon","group":"personal_care","category":"shop=hairdresser","housenumber":"237","street":"North 3rd Street","city":"Oakland","postcode":"21550"}},{"type":"Feature","geometry":{"type":"Point","coordinates":[-78.94367,39.67397]},"properties":{"id":"way/1006594284","name":"Frostburg Memorials","group":"services","category":"shop=funeral_directors"}},{"type":"Feature","geometry":{"type":"Point","coordinates":[-78.83992,39.58809]},"properties":{"id":"way/1009758136","name":"Scarpelli Funeral Home","group":"services","category":"shop=funeral_directors"}},{"type":"Feature","geometry":{"type":"Point","coordinates":[-77.71419,39.67664]},"properties":{"id":"way/1026415720","name":"Snack Bar","group":"food","category":"amenity=fast_food","cuisine":"sandwich"}},{"type":"Feature","geometry":{"type":"Point","coordinates":[-77.6634,39.44982]},"properties":{"id":"way/1046487436","name":"Meehan\u2019s Miniatures","group":"shopping","category":"shop=garden_centre","phone":"+1 301 432 2965","website":"https://www.meehansminiatures.com/","housenumber":"4925","street":"Woodstock Lane","city":"Rohrersville","postcode":"21779"}},{"type":"Feature","geometry":{"type":"Point","coordinates":[-77.41116,39.62336]},"properties":{"id":"way/1050690802","name":"10Tavern","group":"food","category":"amenity=bar","website":"https://tentavern.com/","housenumber":"10","street":"East Main Street","city":"Thurmont","postcode":"21788"}},{"type":"Feature","geometry":{"type":"Point","coordinates":[-77.40133,39.62025]},"properties":{"id":"way/1050708291","name":"Gateway Printing","group":"services","category":"shop=copyshop"}},{"type":"Feature","geometry":{"type":"Point","coordinates":[-77.40061,39.61974]},"properties":{"id":"way/1050710598","name":"Viers Auto Repair Service","group":"services","category":"shop=car_repair"}},{"type":"Feature","geometry":{"type":"Point","coordinates":[-78.90141,39.65011]},"properties":{"id":"way/1052690689","name":"Yost Flower Shop","group":"shopping","category":"shop=florist"}},{"type":"Feature","geometry":{"type":"Point","coordinates":[-78.92056,39.65378]},"properties":{"id":"way/1052762887","name":"Frostburg Rental & Sales","group":"services","category":"shop=groundskeeping","phone":"+13016897368","website":"https://rymap.org/business/frostburg-rental-sales-p9ff3h","housenumber":"227","street":"East Main Street","city":"Frostburg","postcode":"21532"}},{"type":"Feature","geometry":{"type":"Point","coordinates":[-77.41513,39.61791]},"properties":{"id":"way/1053540891","name":"Criswell Chrysler Dodge Jeep RAM","group":"shopping","category":"shop=car","website":"https://www.criswelljeepramofthurmont.com","housenumber":"104","street":"Frederick Road","city":"Thurmont","postcode":"21788"}},{"type":"Feature","geometry":{"type":"Point","coordinates":[-78.15396,39.69583]},"properties":{"id":"way/1060276130","name":"BFS","group":"groceries","category":"shop=convenience","housenumber":"434","street":"East Main Street","city":"Hancock","postcode":"21750"}},{"type":"Feature","geometry":{"type":"Point","coordinates":[-79.32325,39.50817]},"properties":{"id":"way/1078004840","name":"Firewater Kitchen + Bar","group":"food","category":"amenity=restaurant"}},{"type":"Feature","geometry":{"type":"Point","coordinates":[-77.27497,39.3828]},"properties":{"id":"way/1085934017","name":"The Derby","group":"food","category":"amenity=restaurant","phone":"+1 301 865 2222","website":"https://www.thederbymd.com","housenumber":"83","street":"West Main Street","city":"New Market","postcode":"21774"}},{"type":"Feature","geometry":{"type":"Point","coordinates":[-77.45555,39.50962]},"properties":{"id":"way/1087139715","name":"Celebration Cellars Winery","group":"food","category":"craft=winery"}},{"type":"Feature","geometry":{"type":"Point","coordinates":[-77.54568,39.44311]},"properties":{"id":"way/1087141914","name":"Fordham Lee Distillery","group":"food","category":"craft=distillery"}},{"type":"Feature","geometry":{"type":"Point","coordinates":[-77.4766,39.3869]},"properties":{"id":"way/1087159585","name":"Prospect Point Brewing","group":"food","category":"craft=brewery"}},{"type":"Feature","geometry":{"type":"Point","coordinates":[-77.57712,39.4044]},"properties":{"id":"way/1087245753","name":"Willow Oaks Craft Cider and Wine","group":"food","category":"craft=winery"}},{"type":"Feature","geometry":{"type":"Point","coordinates":[-77.40971,39.41579]},"properties":{"id":"way/1087246020","name":"White Rabbit Gastropub","group":"food","category":"amenity=pub","cuisine":"pizza;burger;sandwich","hours":"Mo-Su 11:00-22:00","phone":"+1-240-651-1952","website":"https://www.whiterabbitgastropub.com/","housenumber":"18","street":"Market Space","postcode":"21701"}},{"type":"Feature","geometry":{"type":"Point","coordinates":[-77.46459,39.4206]},"properties":{"id":"way/1091404296","name":"Westpointe Crab House","group":"food","category":"amenity=restaurant","cuisine":"seafood","phone":"+1 301 682 6800","website":"https://www.westpointecrabhouse.com/","housenumber":"1440","street":"West Patrick Street","city":"Frederick","postcode":"21702"}},{"type":"Feature","geometry":{"type":"Point","coordinates":[-78.16492,39.69701]},"properties":{"id":"way/1106649858","name":"Triangle Restaurant","group":"food","category":"amenity=restaurant","cuisine":"american","housenumber":"200","street":"East Main Street","city":"Hancock","postcode":"21750-1510"}},{"type":"Feature","geometry":{"type":"Point","coordinates":[-78.82654,39.64033]},"properties":{"id":"way/1109623748","name":"Convenience Express","group":"groceries","category":"shop=convenience","hours":"24/7","housenumber":"1064","street":"National Highway","city":"LaVale","postcode":"21502"}},{"type":"Feature","geometry":{"type":"Point","coordinates":[-78.80448,39.66206]},"properties":{"id":"way/1109630055","name":"Fratelli's Restaurant & Bar","group":"food","category":"amenity=restaurant","cuisine":"italian;steak_house","hours":"Mo-Sa 16:00-21:00","housenumber":"359","street":"National Highway","city":"LaVale","postcode":"21502"}},{"type":"Feature","geometry":{"type":"Point","coordinates":[-78.799,39.6668]},"properties":{"id":"way/1109631112","name":"North Carolina Furniture","group":"shopping","category":"shop=furniture","hours":"Mo-Sa 10:00-19:00","phone":"+1-301-722-1401","housenumber":"130","street":"National Highway","city":"LaVale","postcode":"21502"}},{"type":"Feature","geometry":{"type":"Point","coordinates":[-79.39915,39.42148]},"properties":{"id":"way/1110406292","name":"R.E. Michel Co. HVAC/R Wholesaler","group":"services","category":"craft=hvac","hours":"08:00-19:00","phone":"+1-301-334-9146","housenumber":"12679","street":"Garrett Highway","city":"Oakland","postcode":"21550"}},{"type":"Feature","geometry":{"type":"Point","coordinates":[-79.03973,39.48014]},"properties":{"id":"way/1110934213","name":"Fair Price Market","group":"groceries","category":"shop=convenience","housenumber":"190","street":"Church Street","city":"Westernport","postcode":"21562"}},{"type":"Feature","geometry":{"type":"Point","coordinates":[-79.04479,39.4839]},"properties":{"id":"way/1110934216","name":"Boal Funeral Services","group":"services","category":"shop=funeral_directors","housenumber":"111","street":"Church Street","city":"Westernport","postcode":"21562"}},{"type":"Feature","geometry":{"type":"Point","coordinates":[-79.04516,39.48539]},"properties":{"id":"way/1110934221","name":"Riverside Hair Designs","group":"personal_care","category":"shop=hairdresser","housenumber":"67","street":"Main Street","city":"Westernport","postcode":"21562"}},{"type":"Feature","geometry":{"type":"Point","coordinates":[-79.04522,39.4853]},"properties":{"id":"way/1110934222","name":"Port West Restaurant","group":"food","category":"amenity=restaurant","housenumber":"51","street":"Main Street","city":"Westernport","postcode":"21562"}},{"type":"Feature","geometry":{"type":"Point","coordinates":[-79.04512,39.48423]},"properties":{"id":"way/1110934223","name":"Tri-Town Pharmacy","group":"groceries","category":"amenity=pharmacy","housenumber":"22","street":"Main Street","city":"Westernport","postcode":"21562"}},{"type":"Feature","geometry":{"type":"Point","coordinates":[-79.0422,39.48828]},"properties":{"id":"way/1110934226","name":"Allison's Family Hair Care","group":"personal_care","category":"shop=hairdresser","housenumber":"204","street":"Main Street","city":"Westernport","postcode":"21562"}},{"type":"Feature","geometry":{"type":"Point","coordinates":[-79.04223,39.48818]},"properties":{"id":"way/1110934227","name":"Sam's Sweets","group":"food","category":"shop=bakery","housenumber":"202","street":"Main Street","city":"Westernport","postcode":"21562"}},{"type":"Feature","geometry":{"type":"Point","coordinates":[-79.04195,39.489]},"properties":{"id":"way/1110934228","name":"Roderick's Furniture Outlet","group":"shopping","category":"shop=furniture","housenumber":"203","street":"Main Street","city":"Westernport","postcode":"21562"}},{"type":"Feature","geometry":{"type":"Point","coordinates":[-79.04444,39.48712]},"properties":{"id":"way/1110934231","name":"Time To Tan","group":"personal_care","category":"shop=beauty","housenumber":"121","street":"Main Street","city":"Westernport","postcode":"21562"}},{"type":"Feature","geometry":{"type":"Point","coordinates":[-79.04585,39.48427]},"properties":{"id":"way/1110934233","name":"Murph's","group":"personal_care","category":"shop=hairdresser"}},{"type":"Feature","geometry":{"type":"Point","coordinates":[-77.53839,39.36133]},"properties":{"id":"way/1112825308","name":"Jefferson Bakery","group":"food","category":"shop=bakery"}},{"type":"Feature","geometry":{"type":"Point","coordinates":[-77.53221,39.36165]},"properties":{"id":"way/1112825311","name":"The little red barn","group":"food","category":"amenity=ice_cream","hours":"Mo-Th 11:00-20:00; Fr-Sa 11:00-21:00; Su 13:00-18:00","phone":"+1 301 378 8100","housenumber":"4610","street":"Lander Road","city":"Jefferson","postcode":"21755"}},{"type":"Feature","geometry":{"type":"Point","coordinates":[-77.53161,39.36228]},"properties":{"id":"way/1112825312","name":"Watson's Carry Out","group":"food","category":"amenity=restaurant","cuisine":"chicken;sandwich","phone":"+1-301-473-5300","website":"https://watsonscarryout.weebly.com/","housenumber":"4000","street":"Jefferson Pike","city":"Jefferson","postcode":"21755"}},{"type":"Feature","geometry":{"type":"Point","coordinates":[-77.53378,39.36198]},"properties":{"id":"way/1112825315","name":"Jefferson barber shop","group":"personal_care","category":"shop=hairdresser"}},{"type":"Feature","geometry":{"type":"Point","coordinates":[-77.52895,39.36239]},"properties":{"id":"way/1112825316","name":"Jefferson Auto Services","group":"services","category":"shop=car_repair","housenumber":"4013","street":"Jefferson Pike","city":"Jefferson","postcode":"21755"}},{"type":"Feature","geometry":{"type":"Point","coordinates":[-77.53356,39.36203]},"properties":{"id":"way/1112825317","name":"Adriennes's flower shop","group":"shopping","category":"shop=florist"}},{"type":"Feature","geometry":{"type":"Point","coordinates":[-77.52972,39.35928]},"properties":{"id":"way/1112825320","name":"Karenna's clips","group":"personal_care","category":"shop=hairdresser"}},{"type":"Feature","geometry":{"type":"Point","coordinates":[-77.53537,39.36191]},"properties":{"id":"way/1112825321","name":"Jefferson Archery","group":"shopping","category":"shop=sports","housenumber":"3840","street":"Jefferson Pike","city":"Jefferson","postcode":"21755"}},{"type":"Feature","geometry":{"type":"Point","coordinates":[-77.46318,39.28003]},"properties":{"id":"way/1113132656","name":"Thanksgiving Farms Unique Garden","group":"shopping","category":"shop=garden_centre"}},{"type":"Feature","geometry":{"type":"Point","coordinates":[-79.15641,39.69666]},"properties":{"id":"way/1114754705","name":"Hey Pizza","group":"food","category":"amenity=restaurant","cuisine":"pizza"}},{"type":"Feature","geometry":{"type":"Point","coordinates":[-78.80589,39.65892]},"properties":{"id":"way/1115386934","name":"Jolly Roger Discount Liquors","group":"groceries","category":"shop=alcohol","housenumber":"440","street":"National Highway","city":"LaVale","postcode":"21502"}},{"type":"Feature","geometry":{"type":"Point","coordinates":[-78.81961,39.64678]},"properties":{"id":"way/1116105394","name":"Burkey's Furniture and Carpeting","group":"shopping","category":"shop=furniture","housenumber":"900","street":"National Highway","city":"LaVale","postcode":"21502"}},{"type":"Feature","geometry":{"type":"Point","coordinates":[-78.81932,39.64709]},"properties":{"id":"way/1116105395","name":"Oil Works - Castrol Premium Lube Express","group":"services","category":"shop=car_repair","housenumber":"840","street":"National Highway","city":"LaVale","postcode":"21502"}},{"type":"Feature","geometry":{"type":"Point","coordinates":[-78.82056,39.64525]},"properties":{"id":"way/1116106797","name":"Simply Cakes by Ellie","group":"food","category":"shop=bakery","hours":"Tu-Su 08:00-14:00","housenumber":"926","street":"National Highway","city":"LaVale","postcode":"21502"}},{"type":"Feature","geometry":{"type":"Point","coordinates":[-78.77414,39.72051]},"properties":{"id":"way/1117673958","name":"Ellerslie Tavern","group":"food","category":"amenity=bar"}},{"type":"Feature","geometry":{"type":"Point","coordinates":[-78.82131,39.64593]},"properties":{"id":"way/1117944559","name":"The Filling Station","group":"food","category":"amenity=restaurant","cuisine":"american","housenumber":"927","street":"National Highway","city":"LaVale","postcode":"21502"}},{"type":"Feature","geometry":{"type":"Point","coordinates":[-78.82083,39.64642]},"properties":{"id":"way/1117944560","name":"Rustic Touch Antiques","group":"shopping","category":"shop=antiques","housenumber":"915","street":"National Highway","city":"LaVale","postcode":"21502"}},{"type":"Feature","geometry":{"type":"Point","coordinates":[-78.77705,39.71481]},"properties":{"id":"way/1127947387","name":"Family Hair Care & Tanning Salon","group":"personal_care","category":"shop=hairdresser"}},{"type":"Feature","geometry":{"type":"Point","coordinates":[-79.40969,39.40816]},"properties":{"id":"way/1146142982","name":"Tiny Corner Bike Shop","group":"shopping","category":"shop=bicycle","hours":"Sa 09:30-18:00","phone":"+1 301-756-5080","website":"https://www.thetinycornerbikeshop.com/","housenumber":"103","street":"Town Park Lane"}},{"type":"Feature","geometry":{"type":"Point","coordinates":[-78.70082,39.70217]},"properties":{"id":"way/1153222398","name":"1812 Brewery","group":"food","category":"amenity=pub"}},{"type":"Feature","geometry":{"type":"Point","coordinates":[-78.93555,39.66505]},"properties":{"id":"way/1160577336","name":"Lashbaughs","group":"food","category":"amenity=bar"}},{"type":"Feature","geometry":{"type":"Point","coordinates":[-77.34038,39.07979]},"properties":{"id":"way/1167459670","name":"Poole's General Store","group":"groceries","category":"shop=convenience","hours":"Mo-Fr 08:00-17:00; Sa 08:00-16:00","website":"https://montgomeryparks.org/parks-and-trails/seneca-landing-special-park/seneca-store/","housenumber":"16315","street":"Old River Road","city":"Poolesville","postcode":"20837"}},{"type":"Feature","geometry":{"type":"Point","coordinates":[-77.38634,39.45501]},"properties":{"id":"way/1181045070","name":"Ricci","group":"food","category":"amenity=restaurant","cuisine":"italian","hours":"Su-Th 11:00-22:00; Fr,Sa 11:00-23:00","website":"https://www.ricciitalianrestaurant.com"}},{"type":"Feature","geometry":{"type":"Point","coordinates":[-77.2773,39.46803]},"properties":{"id":"way/1188125495","name":"T J's Roadhouse","group":"food","category":"amenity=restaurant"}},{"type":"Feature","geometry":{"type":"Point","coordinates":[-77.70552,39.60895]},"properties":{"id":"way/1188127579","name":"Blue Mountain Wine Crafters","group":"food","category":"craft=winery"}},{"type":"Feature","geometry":{"type":"Point","coordinates":[-77.48041,39.42687]},"properties":{"id":"way/1192730397","name":"Mountain Motors","group":"shopping","category":"shop=car","hours":"Mo-Fr 09:00-20:00; Sa 09:00-17:00; Su off","phone":"+1-310-473-9025","website":"https://www.mountainmotors.net/","housenumber":"7011","street":"Baltimore National Pike","city":"Frederick","postcode":"21702"}},{"type":"Feature","geometry":{"type":"Point","coordinates":[-77.41101,39.62791]},"properties":{"id":"way/1205663876","name":"ThurmontLiberty Mini-mart","group":"groceries","category":"shop=convenience"}},{"type":"Feature","geometry":{"type":"Point","coordinates":[-78.83031,39.5954]},"properties":{"id":"way/1214865509","name":"Holy Grounds","group":"food","category":"amenity=cafe"}},{"type":"Feature","geometry":{"type":"Point","coordinates":[-77.41123,39.41383]},"properties":{"id":"way/1215190006","name":"Zebop","group":"shopping","category":"shop=clothes","hours":"Mo-Th,Su 12:00-18:00; Fr-Sa 11:00-19:00","phone":"+1 301-694-8743","housenumber":"9","street":"South Market Street","postcode":"21701"}},{"type":"Feature","geometry":{"type":"Point","coordinates":[-79.34191,39.49308]},"properties":{"id":"way/1219104883","name":"Garrett Automotive","group":"services","category":"shop=car_repair"}},{"type":"Feature","geometry":{"type":"Point","coordinates":[-79.35062,39.48287]},"properties":{"id":"way/1219104887","name":"Little Sandy's","group":"food","category":"amenity=restaurant"}},{"type":"Feature","geometry":{"type":"Point","coordinates":[-77.26981,39.38284]},"properties":{"id":"way/1233034349","name":"Fleshman's Antiques","group":"shopping","category":"shop=antiques","housenumber":"2","street":"West Main Street","city":"New Market","postcode":"21774"}},{"type":"Feature","geometry":{"type":"Point","coordinates":[-77.27492,39.38303]},"properties":{"id":"way/1233034367","name":"Derby Cone","group":"food","category":"amenity=ice_cream"}},{"type":"Feature","geometry":{"type":"Point","coordinates":[-79.12296,39.63279]},"properties":{"id":"way/1233860619","name":"Lake House","group":"services","category":"shop=rental","housenumber":"403","street":"McAndrews Hill Road","city":"Grantsville"}},{"type":"Feature","geometry":{"type":"Point","coordinates":[-79.33909,39.4231]},"properties":{"id":"way/1259153199","name":"Stop N Save Foods","group":"groceries","category":"shop=supermarket","hours":"Mo,We,Fr 09:00-17:30; Tu,Th 09:00-19:00; Sa 09:00-15:00","phone":"+1 301-334-6005","website":"https://stopnsavefoodsinc.com/","housenumber":"4137","street":"Maryland Highway","city":"Deer Park","postcode":"21550"}},{"type":"Feature","geometry":{"type":"Point","coordinates":[-79.41564,39.30123]},"properties":{"id":"way/1265620086","name":"Backbone Tavern","group":"food","category":"amenity=pub"}},{"type":"Feature","geometry":{"type":"Point","coordinates":[-77.96092,39.65135]},"properties":{"id":"way/1267722662","name":"Clear Spring Country Diner","group":"food","category":"amenity=restaurant","cuisine":"american","hours":"Su-Sa 08:00-20:00","phone":"+13018420214","housenumber":"11855","street":"National Pike","city":"Clear Spring","postcode":"21722"}},{"type":"Feature","geometry":{"type":"Point","coordinates":[-79.40467,39.36174]},"properties":{"id":"way/1268182007","name":"Rigidply Rafters","group":"services","category":"craft=carpenter","hours":"Mo-Fr 07:00-17:00","phone":"+1 301-334-3977","website":"https://www.rigidply.com/oakland/","housenumber":"1283","street":"Joni Miller Road","city":"Oakland","postcode":"21550"}},{"type":"Feature","geometry":{"type":"Point","coordinates":[-79.40804,39.35456]},"properties":{"id":"way/1268182110","name":"CN Metals","group":"services","category":"craft=metal_construction","hours":"Mo-Fr 07:00-05:00; Apr 01-Dec 31: Sa 07:00-12:00","phone":"+1 301-334-9170","website":"https://www.cnmetalsllc.com","housenumber":"762","street":"Joni Miller Road","city":"Oakland","postcode":"21550"}},{"type":"Feature","geometry":{"type":"Point","coordinates":[-78.91657,39.65221]},"properties":{"id":"way/1268655887","name":"El Maya Mexican Bar & Restaurant","group":"food","category":"amenity=restaurant","cuisine":"mexican"}},{"type":"Feature","geometry":{"type":"Point","coordinates":[-78.90918,39.64289]},"properties":{"id":"way/1268663741","name":"PharmaCare of Frostburg","group":"groceries","category":"amenity=pharmacy"}},{"type":"Feature","geometry":{"type":"Point","coordinates":[-78.9078,39.65173]},"properties":{"id":"way/1268666194","name":"Allegany Computer Services","group":"shopping","category":"shop=computer"}},{"type":"Feature","geometry":{"type":"Point","coordinates":[-79.42943,39.35364]},"properties":{"id":"way/1268669579","name":"Saffitickers Ice Cream","group":"food","category":"amenity=ice_cream"}},{"type":"Feature","geometry":{"type":"Point","coordinates":[-79.43141,39.33585]},"properties":{"id":"way/1268732744","name":"Heidi's Bakery & Caf\u00e9","group":"food","category":"amenity=cafe","hours":"Tu-Sa 07:00-15:00","phone":"+1 240-321-5804","housenumber":"2249","street":"Blue Ribbon Road","city":"Oakland","postcode":"21550"}},{"type":"Feature","geometry":{"type":"Point","coordinates":[-79.41621,39.37089]},"properties":{"id":"way/1270214159","name":"Fairfax Materials","group":"services","category":"craft=stonemason","hours":"Apr 02-Nov 30 Mo-Fr 07:00-16:00; Apr 02-Nov 30 Sa \"by appointment only\"; Dec 01-Apr 01 Mo-Fr 07:30-16:00","phone":"+1-800-325-8663","website":"https://www.fmi-us.com","housenumber":"8490","street":"Garrett Highway","city":"Oakland","postcode":"21550"}},{"type":"Feature","geometry":{"type":"Point","coordinates":[-79.41464,39.37353]},"properties":{"id":"way/1270214176","name":"Sugar and Spice Bakery & Cheese","group":"food","category":"shop=pastry","hours":"Tu-Sa 07:00-15:30","housenumber":"8672","street":"Garrett Highway"}},{"type":"Feature","geometry":{"type":"Point","coordinates":[-79.39393,39.36085]},"properties":{"id":"way/1270214279","name":"Pleasant Valley Greenhouse","group":"shopping","category":"shop=garden_centre","hours":"Mo-Fr 09:00-18:00; Sa 09:00-17:00; Su off","phone":"+1 301-334-0787","housenumber":"2224","street":"Pleasant Valley Road","city":"Oakland","postcode":"21550"}},{"type":"Feature","geometry":{"type":"Point","coordinates":[-79.40114,39.38952]},"properties":{"id":"way/1270639037","name":"Cork's Cars","group":"shopping","category":"shop=car","hours":"Mo-Tu,Th-Fr 09:00-17:00 || \"by appointment\"","phone":"+1 301-334-0601","website":"https://corkscars.com","housenumber":"10012","street":"Garrett Highway"}},{"type":"Feature","geometry":{"type":"Point","coordinates":[-77.2035,39.47062]},"properties":{"id":"way/1271059479","name":"Frey's Brewing Company","group":"food","category":"craft=brewery"}},{"type":"Feature","geometry":{"type":"Point","coordinates":[-79.41686,39.41121]},"properties":{"id":"way/1271464959","name":"Helbigs Repair Shop","group":"services","category":"shop=car_repair"}},{"type":"Feature","geometry":{"type":"Point","coordinates":[-79.43105,39.3974]},"properties":{"id":"way/1271465005","name":"Rapid Repair","group":"services","category":"shop=car_repair"}},{"type":"Feature","geometry":{"type":"Point","coordinates":[-79.41567,39.41399]},"properties":{"id":"way/1274606042","name":"Oakland Oil & Propane","group":"shopping","category":"shop=gas","hours":"Mo-Fr 08:00-17:00","phone":"+1 301 334 2678","website":"https://oaklandoil.com","housenumber":"350","street":"West Liberty Street"}},{"type":"Feature","geometry":{"type":"Point","coordinates":[-79.40793,39.40969]},"properties":{"id":"way/1275700698","name":"Nearly New Shop","group":"shopping","category":"shop=charity","housenumber":"126","street":"East Liberty Street"}},{"type":"Feature","geometry":{"type":"Point","coordinates":[-79.40087,39.40398]},"properties":{"id":"way/1276781668","name":"Lohr Distributors","group":"groceries","category":"shop=water","hours":"Mo-Fr 08:00-17:00","phone":"+1 301-334-3409","housenumber":"320","street":"South 8th Street"}},{"type":"Feature","geometry":{"type":"Point","coordinates":[-79.38595,39.40037]},"properties":{"id":"way/1279637194","name":"Automotive Machine","group":"services","category":"shop=car_repair","hours":"Mo-Fr 08:00-16:30","phone":"+1 301-334-1105","housenumber":"310","street":"Baltimore Avenue","city":"Mountain Lake Park","postcode":"21550"}},{"type":"Feature","geometry":{"type":"Point","coordinates":[-79.3854,39.40039]},"properties":{"id":"way/1279637201","name":"Mighty Auto Parts","group":"shopping","category":"shop=car_parts","hours":"Mo-Fr 08:00-16:30","phone":"+1 301-334-4816","website":"https://distributors.mightyautoparts.com/us/md/mt-lake-park/515-d-street","housenumber":"515","street":"D Street","city":"Mountain Lake Park","postcode":"21550"}},{"type":"Feature","geometry":{"type":"Point","coordinates":[-79.40597,39.41028]},"properties":{"id":"way/1284469993","name":"Green Oak Salon","group":"personal_care","category":"shop=hairdresser","hours":"Mo-Fr 10:00-19:00; Sa \"by appointment only\"","phone":"+1 240-849-7096","website":"https://greenoaksalon.com","housenumber":"3","street":"South 3rd Street","city":"Oakland","postcode":"21550"}},{"type":"Feature","geometry":{"type":"Point","coordinates":[-79.40439,39.41164]},"properties":{"id":"way/1284469997","name":"Sweitzers BBQ","group":"food","category":"amenity=restaurant","cuisine":"barbecue","hours":"Mo,We-Th 11:00-14:00; Fr 11:00-19:00; Sa-Su 11:00-15:00","phone":"+1 240-321-9540","website":"https://sweitzersbbq.com","housenumber":"111","street":"North 3rd Street","city":"Oakland","postcode":"21550"}},{"type":"Feature","geometry":{"type":"Point","coordinates":[-79.40616,39.41145]},"properties":{"id":"way/1284608541","name":"Fredlock & Fenner Funeral Home","group":"services","category":"shop=funeral_directors","hours":"24/7","phone":"+1 301-334-3388","website":"https://www.ffsfunerals.com/about-us/oakland-chapel","housenumber":"21","street":"North 2nd Street"}},{"type":"Feature","geometry":{"type":"Point","coordinates":[-79.39966,39.4207]},"properties":{"id":"way/1284824491","name":"Green Acres Garden Center","group":"shopping","category":"shop=garden_centre","housenumber":"12619","street":"Garrett Highway"}},{"type":"Feature","geometry":{"type":"Point","coordinates":[-79.3962,39.42397]},"properties":{"id":"way/1285596335","name":"Team One Chevrolet GMC","group":"shopping","category":"shop=car","housenumber":"12899","street":"Garrett Highway"}},{"type":"Feature","geometry":{"type":"Point","coordinates":[-79.39413,39.42393]},"properties":{"id":"way/1285596336","name":"CHIPS Network","group":"services","category":"craft=electronics_repair","housenumber":"12978","street":"Garrett Highway"}},{"type":"Feature","geometry":{"type":"Point","coordinates":[-77.35202,39.39617]},"properties":{"id":"way/1288463416","name":"Avery's Maryland Grille","group":"food","category":"amenity=restaurant","cuisine":"seafood;american","hours":"Tu-Th 15:00-21:00, Fr 15:00-22:00, Sa 12:00-22:00, Su 12:00-21:00","phone":"+13012282722","website":"https://averysmarylandgrille.com/","housenumber":"9009","street":"Baltimore Road","city":"Frederick","postcode":"21704"}},{"type":"Feature","geometry":{"type":"Point","coordinates":[-79.34297,39.4932]},"properties":{"id":"way/1288927501","name":"JG's Pub","group":"food","category":"amenity=pub"}},{"type":"Feature","geometry":{"type":"Point","coordinates":[-77.335,39.68732]},"properties":{"id":"way/1301661651","name":"Chubby's Barbecue","group":"food","category":"amenity=restaurant","cuisine":"barbecue","housenumber":"16430","street":"Old Frederick Road","city":"Emmitsburg","postcode":"21727"}},{"type":"Feature","geometry":{"type":"Point","coordinates":[-77.6645,39.32764]},"properties":{"id":"way/1303321757","name":"Stay Gold Tattoo Company","group":"personal_care","category":"shop=tattoo","hours":"Mo-Sa 12:00-20:00","phone":"+1-301-969-6389","housenumber":"209","street":"Jefferson Pike","city":"Knoxville","postcode":"21758"}},{"type":"Feature","geometry":{"type":"Point","coordinates":[-77.21581,39.15805]},"properties":{"id":"way/1319108320","name":"Fitzgerald Auto Malls","group":"shopping","category":"shop=car","phone":"+1 301-670-4813","website":"https://www.fitzmall.com/","housenumber":"905","street":"North Frederick Avenue","city":"Gaithersburg","postcode":"20879"}},{"type":"Feature","geometry":{"type":"Point","coordinates":[-77.6763,39.71145]},"properties":{"id":"way/1334831069","name":"Lehmans Mill","group":"shopping","category":"shop=antiques"}},{"type":"Feature","geometry":{"type":"Point","coordinates":[-77.67628,39.71171]},"properties":{"id":"way/1334831073","name":"The Barn","group":"shopping","category":"shop=antiques"}},{"type":"Feature","geometry":{"type":"Point","coordinates":[-77.66591,39.58522]},"properties":{"id":"way/1334834961","name":"A & J Antiques","group":"shopping","category":"shop=antiques"}},{"type":"Feature","geometry":{"type":"Point","coordinates":[-77.68616,39.60323]},"properties":{"id":"way/1346407459","name":"Younger Toyota","group":"shopping","category":"shop=car"}},{"type":"Feature","geometry":{"type":"Point","coordinates":[-77.4113,39.62346]},"properties":{"id":"way/1368003566","name":"East Main Trains","group":"shopping","category":"shop=model","website":"https://www.eastmaintrains.com/","housenumber":"6","street":"East Main Street","city":"Thurmont","postcode":"21788"}},{"type":"Feature","geometry":{"type":"Point","coordinates":[-78.94986,39.59086]},"properties":{"id":"way/1372249967","name":"Devlin's Pub","group":"food","category":"amenity=pub","housenumber":"14811","street":"Broadway Street","city":"Midland","postcode":"21532"}},{"type":"Feature","geometry":{"type":"Point","coordinates":[-78.95089,39.59013]},"properties":{"id":"way/1372249977","name":"Glow on the Go by Joce","group":"personal_care","category":"shop=beauty","housenumber":"14833","street":"Broadway Street","city":"Midland","postcode":"21532"}},{"type":"Feature","geometry":{"type":"Point","coordinates":[-78.64497,39.71252]},"properties":{"id":"way/1376890883","name":"The Snack Barn","group":"food","category":"amenity=fast_food"}},{"type":"Feature","geometry":{"type":"Point","coordinates":[-77.55528,39.71319]},"properties":{"id":"way/1378804966","name":"Mace Energy Supply","group":"shopping","category":"shop=fireplace"}},{"type":"Feature","geometry":{"type":"Point","coordinates":[-77.41102,39.41604]},"properties":{"id":"way/1385656945","name":"River Bar & Grill","group":"food","category":"amenity=restaurant","cuisine":"mexican;https://riverbargrillfrederick.com/","phone":"+1-301-835-7216","website":"https://riverbargrillfrederick.com/","housenumber":"129","street":"North Market Street","city":"Frederick","postcode":"21701"}},{"type":"Feature","geometry":{"type":"Point","coordinates":[-77.31544,39.53518]},"properties":{"id":"way/1385656952","name":"Trout's Market","group":"groceries","category":"shop=supermarket","hours":"Mo-Sa 07:00-19:00, Su 08:00-18:00","phone":"+1-301-898-4103","housenumber":"3","street":"North Main Street","city":"Woodsboro","postcode":"21798"}},{"type":"Feature","geometry":{"type":"Point","coordinates":[-77.3149,39.53646]},"properties":{"id":"way/1385656954","name":"Barber Dan","group":"personal_care","category":"shop=hairdresser","hours":"Mo-Sa 08:00-18:00","website":"https://www.facebook.com/Barber-Dans-109288416365297/","housenumber":"115","street":"North Main Street","city":"Woodsboro","postcode":"21798"}},{"type":"Feature","geometry":{"type":"Point","coordinates":[-79.40859,39.41049]},"properties":{"id":"way/1393412789","name":"Master Craft Printers","group":"services","category":"shop=copyshop","hours":"Mo-Fr 08:30-17:30","phone":"+1 301-334-3790","website":"http://mastercraftprinters.com","housenumber":"100","street":"East Liberty Street","city":"Oakland","postcode":"21550"}},{"type":"Feature","geometry":{"type":"Point","coordinates":[-79.40129,39.41679]},"properties":{"id":"way/1411696290","name":"Fisher Auto Parts","group":"shopping","category":"shop=car_parts","housenumber":"425","street":"North 3rd Street"}},{"type":"Feature","geometry":{"type":"Point","coordinates":[-79.40771,39.40798]},"properties":{"id":"way/1411762788","name":"Oakland Mercantile","group":"shopping","category":"shop=gift","hours":"We-Sa 10:00-17:30; Su \"by appointment\"","phone":"+1 301-334-2233","website":"https://oaklandmercantile.com","housenumber":"221","street":"East Alder Street","city":"Oakland","postcode":"21550"}},{"type":"Feature","geometry":{"type":"Point","coordinates":[-79.40482,39.41132]},"properties":{"id":"way/1412653118","name":"Chuck's Military Surplus","group":"shopping","category":"shop=military_surplus","housenumber":"103","street":"North 3rd Street","city":"Oakland","postcode":"21550"}},{"type":"Feature","geometry":{"type":"Point","coordinates":[-79.39871,39.40062]},"properties":{"id":"way/1413921974","name":"Allegheny Welding & Machine","group":"services","category":"craft=metal_construction","phone":"+1 855-211-8727","website":"https://alleghenyweldingandmachine.localsearch.com","housenumber":"10","street":"Lumber City Road"}},{"type":"Feature","geometry":{"type":"Point","coordinates":[-77.6687,39.68569]},"properties":{"id":"way/1414664886","name":"Upper Stem Brewery","group":"food","category":"craft=brewery"}},{"type":"Feature","geometry":{"type":"Point","coordinates":[-77.62243,39.69297]},"properties":{"id":"way/1414664896","name":"Leitersburg Tavern","group":"food","category":"amenity=pub"}},{"type":"Feature","geometry":{"type":"Point","coordinates":[-79.41003,39.40723]},"properties":{"id":"way/1414813151","name":"D's Eats","group":"food","category":"amenity=restaurant","cuisine":"barbecue","housenumber":"314","street":"South 1st Street","city":"Oakland","postcode":"21550"}},{"type":"Feature","geometry":{"type":"Point","coordinates":[-79.40169,39.41837]},"properties":{"id":"way/1415250011","name":"Glamour Ray Salon & Apparel","group":"personal_care","category":"shop=hairdresser","hours":"Tu-Fr 08:00-18:00","phone":"+1 240-488-1168","housenumber":"12433","street":"Garrett Highway","city":"Oakland","postcode":"21550"}},{"type":"Feature","geometry":{"type":"Point","coordinates":[-79.40096,39.41694]},"properties":{"id":"way/1416462142","name":"Luke's Liquors","group":"groceries","category":"shop=alcohol","hours":"Mo-Sa 06:00-00:00; Su 12:00-22:00","phone":"+1 301-334-1199","website":"https://lukes-liquor.com","housenumber":"435","street":"North 3rd Street","city":"Oakland","postcode":"21550"}},{"type":"Feature","geometry":{"type":"Point","coordinates":[-79.40086,39.41709]},"properties":{"id":"way/1416462161","name":"Luke's Convenience Store","group":"groceries","category":"shop=convenience","hours":"24/7","phone":"+1 301-334-1199","housenumber":"435","street":"North 3rd Street","city":"Oakland","postcode":"21550"}},{"type":"Feature","geometry":{"type":"Point","coordinates":[-79.39914,39.41835]},"properties":{"id":"way/1416462192","name":"High Mountain Off Road","group":"shopping","category":"shop=car_parts","website":"https://www.highmountainoffroad.com"}},{"type":"Feature","geometry":{"type":"Point","coordinates":[-79.42071,39.36758]},"properties":{"id":"way/1417570437","name":"Mountain Valley Produce","group":"groceries","category":"shop=farm","hours":"Mo 10:00-13:00; Tu-Fr 09:00-18:00; Sa 09:00-15:30","phone":"+1 301-334-9640","website":"https://www.mtvalleyproduce.com","housenumber":"904","street":"Wes White Road","city":"Oakland","postcode":"21550"}},{"type":"Feature","geometry":{"type":"Point","coordinates":[-79.39161,39.4024]},"properties":{"id":"way/1418132515","name":"Ari's Pizza","group":"food","category":"amenity=fast_food","cuisine":"pizza","hours":"Mo-Th 11:00-19:00; Fr-Sa 11:00-20:00; Su 12:00-18:00","phone":"+1 301-334-4343","website":"https://arispizzaandwings.com","housenumber":"446","street":"Weber Road"}},{"type":"Feature","geometry":{"type":"Point","coordinates":[-79.39139,39.40283]},"properties":{"id":"way/1418132522","name":"The Laundry Tub","group":"services","category":"shop=laundry","hours":"Mo-Su 07:00-22:00","housenumber":"290","street":"Oakland Drive"}},{"type":"Feature","geometry":{"type":"Point","coordinates":[-79.39175,39.4021]},"properties":{"id":"way/1418132524","name":"Shear Fantasy Family Hair Salon","group":"personal_care","category":"shop=hairdresser","hours":"Tu-Fr 10:00-18:00; Sa 10:00-13:00","phone":"+1 301-533-1055","housenumber":"426","street":"Weber Road"}},{"type":"Feature","geometry":{"type":"Point","coordinates":[-79.40968,39.40798]},"properties":{"id":"way/1418259621","name":"Hair N' Phernalia","group":"personal_care","category":"shop=hairdresser","housenumber":"104","street":"East Oak Street","city":"Oakland","postcode":"21550"}},{"type":"Feature","geometry":{"type":"Point","coordinates":[-77.52808,39.56478]},"properties":{"id":"way/1418420170","name":"Lee Delauter & Sons, Inc Auto Care Center","group":"services","category":"shop=car_repair"}},{"type":"Feature","geometry":{"type":"Point","coordinates":[-79.40672,39.40802]},"properties":{"id":"way/1419057787","name":"Simon's Family Hair Center","group":"personal_care","category":"shop=hairdresser","hours":"Tu,Th-Fr 08:00-17:00; We 08:00-16:00; Sa 08:00-12:00","phone":"+1 301-334-4905","housenumber":"116","street":"South 3rd Street"}},{"type":"Feature","geometry":{"type":"Point","coordinates":[-79.40676,39.40795]},"properties":{"id":"way/1419057789","name":"Junk N Stuff","group":"shopping","category":"shop=second_hand","phone":"+1 234-567-8900","housenumber":"120","street":"South 3rd Street"}},{"type":"Feature","geometry":{"type":"Point","coordinates":[-79.41471,39.36613]},"properties":{"id":"way/1419477198","name":"Kinsinger Central Tractor Parts","group":"shopping","category":"shop=agrarian","phone":"+1 301-334-4129","housenumber":"199","street":"Paul Friend Road","postcode":"21550"}},{"type":"Feature","geometry":{"type":"Point","coordinates":[-79.40814,39.40796]},"properties":{"id":"way/1419506462","name":"Englanders Grill and Soda Fountain","group":"food","category":"amenity=restaurant","cuisine":"american","housenumber":"205","street":"East Alder Street"}},{"type":"Feature","geometry":{"type":"Point","coordinates":[-79.39561,39.39899]},"properties":{"id":"way/1419704080","name":"Comic Book Buy and Sell","group":"shopping","category":"shop=collector","housenumber":"133","street":"Weber Road"}},{"type":"Feature","geometry":{"type":"Point","coordinates":[-79.39565,39.39906]},"properties":{"id":"way/1419704081","name":"My-O-Tire Auto Services","group":"services","category":"shop=car_repair","website":"http://www.myomanagement.com","housenumber":"133","street":"Weber Road"}},{"type":"Feature","geometry":{"type":"Point","coordinates":[-79.40128,39.39363]},"properties":{"id":"way/1419704082","name":"Riggleman's and Sons Flooring","group":"shopping","category":"shop=flooring","hours":"Mo 10:00-18:00; Tu-Fr 09:00-17:00; Sa 09:00-12:00","phone":"+1 301-334-0735","website":"https://rigglemansflooring.com","housenumber":"89","street":"Pleasant Hill Drive"}},{"type":"Feature","geometry":{"type":"Point","coordinates":[-79.40839,39.40854]},"properties":{"id":"way/1421661602","name":"Flipside Sounds","group":"shopping","category":"shop=music","hours":"Tu-Sa 10:00-16:00","phone":"+1 301-334-2290","website":"https://flipsidesounds.wixsite.com/flipside","housenumber":"121","street":"South 2nd Street","city":"Oakland","postcode":"21550"}},{"type":"Feature","geometry":{"type":"Point","coordinates":[-79.4084,39.4088]},"properties":{"id":"way/1421661603","name":"Book Mark'et & Ancient Mezzanine","group":"shopping","category":"shop=books","hours":"We-Sa 09:30-17:00 || \"call for holiday hours\"","phone":"+1 301-334-8778","website":"http://www.thebookmkt.com","housenumber":"111","street":"South 2nd Street","city":"Oakland","postcode":"21550"}},{"type":"Feature","geometry":{"type":"Point","coordinates":[-79.40838,39.40859]},"properties":{"id":"way/1421661604","name":"The Green Room Lounge","group":"food","category":"amenity=bar","phone":"+1 301-533-2943","housenumber":"119","street":"South 2nd Street","city":"Oakland","postcode":"21550"}},{"type":"Feature","geometry":{"type":"Point","coordinates":[-79.4084,39.40868]},"properties":{"id":"way/1421661605","name":"Rudy's Clothing","group":"shopping","category":"shop=clothes","hours":"Mo-Fr 09:30-17:30; Sa 09:30-17:00","phone":"+1 301-334-2654","website":"http://www.rudysclothing.com","housenumber":"115","street":"South 2nd Street","city":"Oakland","postcode":"21550"}},{"type":"Feature","geometry":{"type":"Point","coordinates":[-79.40284,39.4146]},"properties":{"id":"way/1421679299","name":"Carriage House Antiques","group":"shopping","category":"shop=antiques","housenumber":"259","street":"North 3rd Street","city":"Oakland","postcode":"21550"}},{"type":"Feature","geometry":{"type":"Point","coordinates":[-79.40292,39.41448]},"properties":{"id":"way/1421679300","name":"Furry Friends Boutique & Spa","group":"services","category":"shop=pet_grooming","housenumber":"255","street":"North 3rd Street","city":"Oakland","postcode":"21550"}},{"type":"Feature","geometry":{"type":"Point","coordinates":[-79.40289,39.41454]},"properties":{"id":"way/1421679302","name":"Tangles Hair Salon","group":"personal_care","category":"shop=hairdresser","housenumber":"257","street":"North 3rd Street","city":"Oakland","postcode":"21550"}},{"type":"Feature","geometry":{"type":"Point","coordinates":[-79.39107,39.42696]},"properties":{"id":"way/1421679305","name":"Mountain Top Glass","group":"services","category":"craft=glaziery","hours":"Mo-Fr 08:00-17:00; Sa \"appointment only\"","phone":"+1 301-334-3050","website":"https://www.mountaintopglass.com","housenumber":"13229","street":"Garrett Highway","city":"Oakland","postcode":"21550"}},{"type":"Feature","geometry":{"type":"Point","coordinates":[-79.39847,39.42219]},"properties":{"id":"way/1421916515","name":"This N That Grocery","group":"groceries","category":"shop=supermarket","phone":"+1 724-963-2818","housenumber":"12743","street":"Garrett Highway","city":"Oakland","postcode":"21550"}},{"type":"Feature","geometry":{"type":"Point","coordinates":[-79.39812,39.42206]},"properties":{"id":"way/1421916520","name":"Royal Nails","group":"personal_care","category":"shop=beauty","phone":"+1 301-334-6441","website":"https://royal-nails-md.hub.biz","housenumber":"12743","street":"Garrett Highway"}},{"type":"Feature","geometry":{"type":"Point","coordinates":[-79.39813,39.42081]},"properties":{"id":"way/1421916524","name":"El Canelo Restaurant","group":"food","category":"amenity=restaurant","cuisine":"mexican"}},{"type":"Feature","geometry":{"type":"Point","coordinates":[-79.39787,39.42195]},"properties":{"id":"way/1421916538","name":"Brodak's Discount Liquors","group":"groceries","category":"shop=alcohol","hours":"Mo-Th 09:00-21:00; Fr-Sa 09:00-22:00; Su 10:00-18:00","phone":"+1 301-334-2671","housenumber":"12743","street":"Garrett Highway","city":"Oakland","postcode":"21550"}},{"type":"Feature","geometry":{"type":"Point","coordinates":[-79.39807,39.42204]},"properties":{"id":"way/1421916548","name":"J&M Sports Cards","group":"shopping","category":"shop=collector","housenumber":"12743","street":"Garrett Highway"}},{"type":"Feature","geometry":{"type":"Point","coordinates":[-79.39409,39.42268]},"properties":{"id":"way/1421918594","name":"NuCoin Laundromat","group":"services","category":"shop=laundry","housenumber":"912","street":"North 4th Street","city":"Oakland","postcode":"21550"}},{"type":"Feature","geometry":{"type":"Point","coordinates":[-79.39415,39.42257]},"properties":{"id":"way/1421918595","name":"Christina's Dry Cleaners","group":"services","category":"shop=dry_cleaning","housenumber":"912","street":"North 4th Street","city":"Oakland","postcode":"21550"}},{"type":"Feature","geometry":{"type":"Point","coordinates":[-79.37381,39.39536]},"properties":{"id":"way/1422209743","name":"Hair & Nails","group":"personal_care","category":"shop=hairdresser"}},{"type":"Feature","geometry":{"type":"Point","coordinates":[-79.37409,39.39535]},"properties":{"id":"way/1422209745","name":"Glass Unlimited","group":"services","category":"craft=glaziery","hours":"Mo-Fr 08:00-17:00; Sa 08:00-12:00","phone":"+1 301-334-3900","website":"https://www.glassunlimitedusa.com","housenumber":"107","street":"Arnold Lane","city":"Mountain Lake Park","postcode":"21550"}},{"type":"Feature","geometry":{"type":"Point","coordinates":[-79.37358,39.39542]},"properties":{"id":"way/1422209746","name":"Vanity Station Salon","group":"personal_care","category":"shop=hairdresser","phone":"+1 240-488-1071"}},{"type":"Feature","geometry":{"type":"Point","coordinates":[-79.40779,39.40872]},"properties":{"id":"way/1422780219","name":"The Gallery Shop","group":"shopping","category":"shop=art","hours":"Feb-May: Th-Sa 10:00-17:00","phone":"+1 301-334-6580","website":"https://garrettarts.org/the-gallery-shop/","housenumber":"108","street":"South 2nd Street","city":"Oakland","postcode":"21550"}},{"type":"Feature","geometry":{"type":"Point","coordinates":[-79.40763,39.40878]},"properties":{"id":"way/1422780222","name":"The Cornish Caf\u00e9","group":"food","category":"amenity=cafe","housenumber":"106","street":"South 2nd Street","city":"Oakland","postcode":"21550"}},{"type":"Feature","geometry":{"type":"Point","coordinates":[-79.40753,39.40823]},"properties":{"id":"way/1422876840","name":"Stephanie's Sweet Shop","group":"food","category":"shop=bakery","phone":"+1 301-707-8076","housenumber":"216","street":"East Alder Street","city":"Oakland","postcode":"21550"}},{"type":"Feature","geometry":{"type":"Point","coordinates":[-77.45206,39.41801]},"properties":{"id":"way/1424808136","name":"Panda Sushi","group":"food","category":"amenity=restaurant","cuisine":"japanese","hours":"Mo-Th 11:00-15:00,17:00-21:00; Fr 11:00-15:00,17:00-22:00; Sa 11:30-22:00; Su 12:00-21:00","phone":"+1 301-732-5040","website":"https://pandasushimd.com/","housenumber":"1220","street":"West Patrick Street","city":"Frederick","postcode":"21703"}},{"type":"Feature","geometry":{"type":"Point","coordinates":[-77.73823,39.65103]},"properties":{"id":"way/1433191120","name":"West End Sunoco","group":"groceries","category":"shop=convenience"}},{"type":"Feature","geometry":{"type":"Point","coordinates":[-77.72681,39.64616]},"properties":{"id":"way/1433193272","name":"Los Amigos","group":"food","category":"amenity=restaurant","cuisine":"mexican"}},{"type":"Feature","geometry":{"type":"Point","coordinates":[-77.72131,39.68833]},"properties":{"id":"way/1433384335","name":"The Laundry Room","group":"services","category":"shop=laundry","hours":"24/7"}},{"type":"Feature","geometry":{"type":"Point","coordinates":[-77.54325,39.44516]},"properties":{"id":"way/1447715651","name":"Fountaindale Auto Center","group":"services","category":"shop=car_repair","housenumber":"19","street":"East Green Street","city":"Middletown","postcode":"21769"}},{"type":"Feature","geometry":{"type":"Point","coordinates":[-77.70108,39.32947]},"properties":{"id":"way/1463385627","name":"Hillside Liquors","group":"groceries","category":"shop=alcohol","phone":"+1-301-834-7971","housenumber":"19119","street":"Keep Tryst Road","city":"Knoxville","postcode":"21758"}},{"type":"Feature","geometry":{"type":"Point","coordinates":[-77.42674,39.54384]},"properties":{"id":"way/1464964852","name":"Mountaindale Convenience Store","group":"groceries","category":"shop=convenience","housenumber":"6825","street":"Putman Road","city":"Thurmont","postcode":"21788"}},{"type":"Feature","geometry":{"type":"Point","coordinates":[-79.45212,39.45716]},"properties":{"id":"way/1470074714","name":"Lakehouse","group":"services","category":"shop=rental","hours":"Mo-Su 08:00-sunset","phone":"+1-301-334-9180"}},{"type":"Feature","geometry":{"type":"Point","coordinates":[-77.29854,39.38667]},"properties":{"id":"way/1478724394","name":"Pour Decisions","group":"food","category":"amenity=bar","housenumber":"10519B","street":"Old National Pike","city":"Newmarket","postcode":"21774"}},{"type":"Feature","geometry":{"type":"Point","coordinates":[-77.29841,39.38725]},"properties":{"id":"way/1478724408","name":"Dynamic Automotive","group":"services","category":"shop=car_repair","hours":"Mo-Fr 07:00-17:00","phone":"+13014148969","website":"https://dynamicautomotive.net","housenumber":"10530","street":"Old National Pike","city":"Newmarket","postcode":"21774"}},{"type":"Feature","geometry":{"type":"Point","coordinates":[-78.92464,39.65541]},"properties":{"id":"way/1479264876","name":"Outback Lounge","group":"food","category":"amenity=bar","phone":"+13016893831","website":"https://www.thefrostburginn.com/outback-lounge/","housenumber":"147","street":"East Main Street","city":"Frostburg","postcode":"21532"}},{"type":"Feature","geometry":{"type":"Point","coordinates":[-78.83596,39.63744]},"properties":{"id":"way/1497580683","name":"Cartridge Galore","group":"shopping","category":"shop=video_games"}},{"type":"Feature","geometry":{"type":"Point","coordinates":[-78.83606,39.6374]},"properties":{"id":"way/1497580684","name":"The FroYo Factory","group":"food","category":"amenity=ice_cream","cuisine":"frozen_yogurt"}},{"type":"Feature","geometry":{"type":"Point","coordinates":[-77.68038,39.67845]},"properties":{"id":"way/1498678535","name":"Lovell's","group":"shopping","category":"shop=garden_centre"}},{"type":"Feature","geometry":{"type":"Point","coordinates":[-78.80528,39.6121]},"properties":{"id":"way/1507572689","name":"Fairgo Grill & BBQ","group":"food","category":"amenity=restaurant","cuisine":"barbecue","housenumber":"13408","street":"McMullen Highway","city":"Cumberland","postcode":"21502"}},{"type":"Feature","geometry":{"type":"Point","coordinates":[-77.42424,39.4134]},"properties":{"id":"way/1547991235","name":"Gladchuk Bros. Restaurant","group":"food","category":"amenity=restaurant","phone":"+1-301-662-7750","website":"https://www.gladchukbros.com","housenumber":"489","street":"West Patrick Street","city":"Frederick","postcode":"21701"}},{"type":"Feature","geometry":{"type":"Point","coordinates":[-77.31323,39.53712]},"properties":{"id":"way/1553015894","name":"The Olde Towne Restaurant","group":"food","category":"amenity=restaurant","cuisine":"american","hours":"Th-Su 07:00-14:00","phone":"+1-301-898-5686","website":"https://www.frederick.com/the_old_towne_restaurant-sp-5182","housenumber":"200","street":"North 2nd Street","city":"Woodsboro","postcode":"21798"}},{"type":"Feature","geometry":{"type":"Point","coordinates":[-77.31522,39.52899]},"properties":{"id":"way/1553244964","name":"Woodsboro Liquors","group":"groceries","category":"shop=alcohol","hours":"Mo-Sa 08:30-20:00; Su 11:00-18:00","phone":"+1-301-845-8793","housenumber":"601","street":"South Main Street","city":"Woodsboro","postcode":"21798"}},{"type":"Feature","geometry":{"type":"Point","coordinates":[-77.31545,39.52805]},"properties":{"id":"way/1553248187","name":"Platinum Auto Sales & Service","group":"services","category":"shop=car_repair","hours":"Mo-Th 08:00-18:00; Fr 08:00-17:00; Sa 09:00-14:00","phone":"+1-301-845-0575","website":"https://www.platinumautosalesmd.com/","housenumber":"609","street":"South Main Street","city":"Woodsboro","postcode":"21798"}},{"type":"Feature","geometry":{"type":"Point","coordinates":[-77.31525,39.52767]},"properties":{"id":"way/1553248649","name":"Gardner's Garage","group":"services","category":"shop=car_repair","hours":"Mo-Fr 09:00-18:00","phone":"+1-301-898-5580","website":"http://www.gardnersgarage.net/","housenumber":"611","street":"South Main Street","city":"Woodsboro","postcode":"21798"}},{"type":"Feature","geometry":{"type":"Point","coordinates":[-77.31683,39.53953]},"properties":{"id":"way/1553250499","name":"Cramer's","group":"shopping","category":"shop=hardware","hours":"Mo-Fr 07:00-17:00; Sa 07:00-12:00","phone":"+1-301-898-9116","website":"https://www.nzcramer.com/","housenumber":"101","street":"Woodsboro Creagerstown Road","city":"Woodsboro","postcode":"21798"}},{"type":"Feature","geometry":{"type":"Point","coordinates":[-77.25762,39.58311]},"properties":{"id":"way/1553288695","name":"Keymar Winery","group":"food","category":"craft=winery","hours":"Fr-Sa 12:00-18:00; Su 12:00-17:00","phone":"+1-667-788-1196","website":"https://keymarwinery.com/","housenumber":"11624","street":"Haughs Church Road","city":"Keymar","postcode":"21757"}},{"type":"Feature","geometry":{"type":"Point","coordinates":[-77.29486,39.56473]},"properties":{"id":"way/1553290725","name":"Kramer's Piano Shop","group":"shopping","category":"shop=musical_instrument","hours":"Mo-Th 09:00-20:00; Fr-Sa 09:00-17:00","phone":"+1-301-898-3245","website":"https://kramerspianoshop.com/","housenumber":"12049","street":"Woodsboro Pike","city":"New Midway","postcode":"21775"}},{"type":"Feature","geometry":{"type":"Point","coordinates":[-77.31456,39.53543]},"properties":{"id":"way/1553292377","name":"Rosebud Perfume Company","group":"personal_care","category":"shop=perfumery","hours":"Mo-Th 09:00-16:00; Fr 09:00-15:00","phone":"+1-301-845-8788","website":"https://www.rosebudperfume.com/","housenumber":"6","street":"North Main Street","city":"Woodsboro","postcode":"21798"}},{"type":"Feature","geometry":{"type":"Point","coordinates":[-77.35265,39.48199]},"properties":{"id":"way/1553309339","name":"Excellent Clips","group":"personal_care","category":"shop=hairdresser","hours":"Tu-Sa 10:00-19:00","phone":"+1-240-315-3198","housenumber":"11","street":"Maple Avenue","city":"Walkersville","postcode":"21793"}},{"type":"Feature","geometry":{"type":"Point","coordinates":[-77.35308,39.48274]},"properties":{"id":"way/1553310068","name":"Bombshell Beauty Co.","group":"personal_care","category":"shop=beauty","hours":"\"by appointment\"","phone":"+1-301-304-0403","website":"https://thebombshellbeautyco.com/","housenumber":"25a","street":"Maple Avenue","city":"Walkersville","postcode":"21793"}},{"type":"Feature","geometry":{"type":"Point","coordinates":[-77.35451,39.48501]},"properties":{"id":"way/1553310679","name":"Abloom, Ltd. Flowers and Events","group":"shopping","category":"shop=florist","hours":"Mo,We,Fr 08:00-13:00","phone":"+1-301-898-5550","website":"https://abloomltd.com/","housenumber":"51","street":"Maple Avenue","city":"Walkersville","postcode":"21793"}},{"type":"Feature","geometry":{"type":"Point","coordinates":[-77.31714,39.52247]},"properties":{"id":"way/1553333192","name":"Zebroski Motor Company","group":"services","category":"shop=car_repair","hours":"Mo-Fr 08:00-17:00","phone":"+1-301-845-8460","website":"https://www.zebroskimotorco.com/","housenumber":"10518","street":"Woodsboro Pike","city":"Walkersville","postcode":"21793"}},{"type":"Feature","geometry":{"type":"Point","coordinates":[-77.3154,39.5187]},"properties":{"id":"way/1553336173","name":"Gunther's Machining & Rebuilding","group":"services","category":"craft=metal_construction","hours":"Mo-Fr 08:00-18:00; Sa 08:00-12:30","phone":"+1-301-898-5840","website":"https://gunthersmachine.com/","housenumber":"10409","street":"Woodsboro Pike","city":"Walkersville","postcode":"21793"}},{"type":"Feature","geometry":{"type":"Point","coordinates":[-77.7364,39.64746]},"properties":{"id":"way/1559196234","name":"Penny Mart","group":"groceries","category":"shop=convenience","hours":"Mo-Su 07:00-02:00","housenumber":"846","street":"West Washington Street","city":"Hagerstown","postcode":"21740"}},{"type":"Feature","geometry":{"type":"Point","coordinates":[-77.74047,39.64822]},"properties":{"id":"way/1559361429","name":"Dino's Pizza","group":"food","category":"amenity=restaurant","cuisine":"italian;pizza"}},{"type":"Feature","geometry":{"type":"Point","coordinates":[-77.72959,39.62637]},"properties":{"id":"relation/8900230","name":"Krumpe's Do-Nuts","group":"food","category":"shop=bakery","cuisine":"donut","hours":"Su-Fr 19:00-02:00","website":"https://krumpesdonuts.com/","housenumber":"912","street":"Maryland Avenue","city":"Hagerstown","postcode":"21740"}},{"type":"Feature","geometry":{"type":"Point","coordinates":[-77.37923,39.25094]},"properties":{"id":"relation/15780905","name":"Sugarloaf Mountain Vineyard","group":"food","category":"craft=winery","hours":"Mo-Su 12:00-17:30","phone":"+1 301 605 0130","website":"https://www.smvwinery.com/","housenumber":"18125","street":"Comus Road","city":"Dickerson","postcode":"20842"}},{"type":"Feature","geometry":{"type":"Point","coordinates":[-77.41137,39.41318]},"properties":{"id":"relation/16478334","name":"Artisinal Smoke Shop","group":"shopping","category":"shop=art"}},{"type":"Feature","geometry":{"type":"Point","coordinates":[-79.15241,39.69559]},"properties":{"id":"relation/16694305","name":"Highland Thrift Shop","group":"shopping","category":"shop=charity"}},{"type":"Feature","geometry":{"type":"Point","coordinates":[-79.37391,39.39475]},"properties":{"id":"relation/19399877","name":"Christian Crossing","group":"shopping","category":"shop=charity"}},{"type":"Feature","geometry":{"type":"Point","coordinates":[-79.40958,39.40816]},"properties":{"id":"relation/19480221","name":"Devlers Ice Cream Company","group":"food","category":"amenity=ice_cream","housenumber":"104","street":"East Oak Street","city":"Oakland","postcode":"21550"}},{"type":"Feature","geometry":{"type":"Point","coordinates":[-79.40817,39.40807]},"properties":{"id":"relation/19480225","name":"Englanders","group":"shopping","category":"shop=antiques","phone":"+1 301-533-0000","housenumber":"205","street":"East Alder Street","city":"Oakland","postcode":"21550-1513"}},{"type":"Feature","geometry":{"type":"Point","coordinates":[-79.40581,39.41117]},"properties":{"id":"relation/19606841","name":"Gregg's Pharmacy","group":"groceries","category":"amenity=pharmacy","housenumber":"20","street":"North 3rd Street"}}]}