{"type":"FeatureCollection","features":[{"type":"Feature","geometry":{"type":"Point","coordinates":[-77.04801,38.79829]},"properties":{"id":"node/356605893","name":"Suburban Drive-In Cleaners & Laundry","group":"services","category":"shop=dry_cleaning","housenumber":"630","street":"South Washington Street"}},{"type":"Feature","geometry":{"type":"Point","coordinates":[-77.04765,38.8216]},"properties":{"id":"node/419267705","name":"Buzz Bakeshop","group":"food","category":"amenity=cafe","housenumber":"901","street":"Slaters Lane","city":"Alexandria","postcode":"22314"}},{"type":"Feature","geometry":{"type":"Point","coordinates":[-77.08607,38.89144]},"properties":{"id":"node/459806171","name":"Euro Market","group":"food","category":"amenity=cafe","hours":"Mo-Th 07:00-21:00; Fr, Sa 07:00-22:00; Su 08:00-18:00","phone":"+1-703-351-7700","website":"https://www.eurocafemarket.com/","housenumber":"2201","street":"Wilson Boulevard","city":"Arlington","postcode":"22201-3323"}},{"type":"Feature","geometry":{"type":"Point","coordinates":[-77.06289,38.86365]},"properties":{"id":"node/565547060","name":"Lebanese Taverna","group":"food","category":"amenity=restaurant","cuisine":"middle_eastern","hours":"Mo-Th 12:00-20:30; Fr-Sa 12:00-21:30; Su 12:00-20:30","phone":"+1 703-415-8681","website":"https://www.lebanesetaverna.com/","housenumber":"1101","street":"South Joyce Street","city":"Arlington","postcode":"22202"}},{"type":"Feature","geometry":{"type":"Point","coordinates":[-77.06279,38.8639]},"properties":{"id":"node/565625803","name":"Lucky Danger","group":"food","category":"amenity=restaurant","cuisine":"chinese","hours":"Mo-Tu off; We-Sa 11:00-22:00; Su 11:00-21:00","phone":"+1 703-817-5213","website":"https://www.luckydanger.co/","housenumber":"1101","street":"South Joyce Street"}},{"type":"Feature","geometry":{"type":"Point","coordinates":[-77.0626,38.8636]},"properties":{"id":"node/565625973","name":"Basic Burger","group":"food","category":"amenity=restaurant","cuisine":"burger","hours":"Mo-Th 12:00-21:00; Fr-Sa 12:00-22:00; Su 11:00-20:00","phone":"+1 703-248-9333","website":"https://basicburger.com/","housenumber":"1101","street":"South Joyce Street","city":"Arlington","postcode":"22202"}},{"type":"Feature","geometry":{"type":"Point","coordinates":[-77.09101,38.88962]},"properties":{"id":"node/571864982","name":"Galaxy Hut","group":"food","category":"amenity=pub","hours":"Mo-Su 17:00-02:00","phone":"+1 703-525-8646","website":"https://galaxyhut.com/","housenumber":"2711","street":"Wilson Boulevard"}},{"type":"Feature","geometry":{"type":"Point","coordinates":[-77.07888,38.89422]},"properties":{"id":"node/571865059","name":"Mele Bistro","group":"food","category":"amenity=restaurant","cuisine":"italian","hours":"Mo-Su 16:30-22:00","phone":"+1 703-522-5222","website":"https://www.melebistro.com/","housenumber":"1723","street":"Wilson Boulevard","postcode":"22209"}},{"type":"Feature","geometry":{"type":"Point","coordinates":[-77.07918,38.89406]},"properties":{"id":"node/571865062","name":"Eclairons","group":"food","category":"amenity=cafe","hours":"Mo-Th 07:30-19:00; Fr 07:30-20:00; Sa 08:00-20:00; Su 08:00-19:00","phone":"+1-571-527-0596","website":"https://www.eclairons.com/","housenumber":"1737","street":"Wilson Boulevard","city":"Arlington","postcode":"22209"}},{"type":"Feature","geometry":{"type":"Point","coordinates":[-77.0788,38.89425]},"properties":{"id":"node/571865078","name":"Pho 75","group":"food","category":"amenity=restaurant","cuisine":"vietnamese","hours":"Mo-Su 09:00-20:00","phone":"+1 703-525-7355","housenumber":"1721","street":"Wilson Boulevard"}},{"type":"Feature","geometry":{"type":"Point","coordinates":[-77.07056,38.89607]},"properties":{"id":"node/571865134","name":"For Five Coffee Roasters","group":"food","category":"amenity=cafe","cuisine":"coffee_shop","hours":"Mo-Su 07:00-19:00","website":"https://www.forfivecoffee.com/location/for-five-coffee-rosslyn/","housenumber":"1735","street":"North Lynn Street","postcode":"22209"}},{"type":"Feature","geometry":{"type":"Point","coordinates":[-77.07258,38.89461]},"properties":{"id":"node/574979330","name":"Coffee Express","group":"food","category":"amenity=cafe"}},{"type":"Feature","geometry":{"type":"Point","coordinates":[-77.06253,38.86471]},"properties":{"id":"node/575190302","name":"A Visual Affair","group":"personal_care","category":"shop=optician","hours":"Mo-Sa 10:00-20:00; Su 12:00-17:00","phone":"+1 703-418-2020"}},{"type":"Feature","geometry":{"type":"Point","coordinates":[-77.06257,38.86455]},"properties":{"id":"node/575192720","name":"Sandella's Flatbread Cafe","group":"food","category":"amenity=cafe","cuisine":"sandwich"}},{"type":"Feature","geometry":{"type":"Point","coordinates":[-77.09342,38.88874]},"properties":{"id":"node/575396992","name":"Ambar Clarendon","group":"food","category":"amenity=restaurant","cuisine":"balkan","hours":"Mo-Th 11:00-22:30; Fr 11:00-23:30; Sa 09:30-23:30; Su 09:30-22:30","phone":"+1 703-875-9663","website":"https://www.ambarrestaurant.com/home-page-clarendon/","housenumber":"2901","street":"Wilson Boulevard","city":"Arlington","postcode":"22201"}},{"type":"Feature","geometry":{"type":"Point","coordinates":[-77.07058,38.8956]},"properties":{"id":"node/576205602","name":"News & Necessities","group":"groceries","category":"shop=newsagent"}},{"type":"Feature","geometry":{"type":"Point","coordinates":[-77.07176,38.89621]},"properties":{"id":"node/576553822","name":"The Commuter Store","group":"groceries","category":"shop=kiosk"}},{"type":"Feature","geometry":{"type":"Point","coordinates":[-77.08635,38.88971]},"properties":{"id":"node/578402212","name":"Sawatdee","group":"food","category":"amenity=restaurant","cuisine":"thai","hours":"Mo-Su 11:30-22:00","phone":"+1 703-243-8181","website":"https://www.sawatdeeva.com/"}},{"type":"Feature","geometry":{"type":"Point","coordinates":[-77.07406,38.89491]},"properties":{"id":"node/581417149","name":"Miracles","group":"personal_care","category":"shop=hairdresser","website":"https://www.miraclesinthecity.com/","housenumber":"1501","street":"Wilson Boulevard","city":"Arlington","postcode":"22209"}},{"type":"Feature","geometry":{"type":"Point","coordinates":[-77.0945,38.88505]},"properties":{"id":"node/656469055","name":"Moby Dick House of Kebob","group":"food","category":"amenity=restaurant","cuisine":"kebab","hours":"Mo-Sa 11:00-22:00; Su 11:00-21:00","phone":"+1 703-465-1600","website":"https://www.mobyskabob.com","housenumber":"3000","street":"Washington Boulevard","city":"Arlington","postcode":"22201"}},{"type":"Feature","geometry":{"type":"Point","coordinates":[-77.09396,38.88842]},"properties":{"id":"node/657034116","name":"Mexicali Blues","group":"food","category":"amenity=restaurant","cuisine":"mexican","hours":"Mo-Th, Su 11:00-22:00; Fr, Sa 11:00-23:00","phone":"+1 703-812-9352","website":"https://www.mexicali-blues.com/","housenumber":"2933","street":"Wilson Boulevard","city":"Arlington","postcode":"22201"}},{"type":"Feature","geometry":{"type":"Point","coordinates":[-77.09352,38.88752]},"properties":{"id":"node/657036395","name":"Glowbar","group":"personal_care","category":"shop=beauty","website":"https://www.verizon.com/stores/details/virginia/arlington/clarendon-1213022/","housenumber":"2930","street":"Clarendon Boulevard","city":"Arlington","postcode":"22201"}},{"type":"Feature","geometry":{"type":"Point","coordinates":[-77.09479,38.88723]},"properties":{"id":"node/657037837","name":"Spice Kraft","group":"food","category":"amenity=restaurant","cuisine":"indian","hours":"Mo-Su 11:30-14:30, Su-Th 17:00-22:00, Fr,Sa 17:00-22:30","phone":"+1 703-527-5666","website":"http://www.spicekraftva.com/","housenumber":"1135","street":"North Highland Street","city":"Arlington","postcode":"22201"}},{"type":"Feature","geometry":{"type":"Point","coordinates":[-77.06464,38.80384]},"properties":{"id":"node/662064834","name":"Pasara","group":"food","category":"amenity=restaurant","cuisine":"thai","hours":"Mo-Fr 11:30-21:30; Sa,Su 12:00-21:30","phone":"+1 703-299-8747","website":"http://www.pasarathairestaurant.com/","housenumber":"2051","street":"Jamieson Avenue","city":"Alexandria","postcode":"22314"}},{"type":"Feature","geometry":{"type":"Point","coordinates":[-77.10069,38.88396]},"properties":{"id":"node/663917550","name":"El Pollo Rico","group":"food","category":"amenity=fast_food","cuisine":"peruvian","hours":"11:00-22:00","phone":"+1 703-522-3220","website":"https://elpollorico.com","housenumber":"932","street":"North Kenmore Street"}},{"type":"Feature","geometry":{"type":"Point","coordinates":[-77.0875,38.8623]},"properties":{"id":"node/761405874","name":"Lost Dog Cafe","group":"food","category":"amenity=pub","cuisine":"pizza;italian;american","hours":"Mo-Th,Su 11:00-21:00; Fr-Sa 11:00-22:00","phone":"+1 703-553-7770","website":"https://www.lostdogcafe.com/","housenumber":"2920","street":"Columbia Pike"}},{"type":"Feature","geometry":{"type":"Point","coordinates":[-77.06094,38.8048]},"properties":{"id":"node/765750809","name":"Quattro Formaggi","group":"food","category":"amenity=fast_food","cuisine":"italian","phone":"+1-703-548-8111","website":"http://www.4maggi.com/","housenumber":"1725","street":"Duke Street","city":"Alexandria","postcode":"22314-3441"}},{"type":"Feature","geometry":{"type":"Point","coordinates":[-77.08824,38.86269]},"properties":{"id":"node/827080119","name":"Abi Azteca Grill","group":"food","category":"amenity=restaurant","cuisine":"mexican","hours":"Mo-Th 10:00-22:00; Fr-Sa 10:00-01:30; Su 10:00-22:00","phone":"+1 703-979-3579","website":"https://www.facebook.com/abiaztecagrill","housenumber":"3005","street":"Columbia Pike","city":"Arlington","postcode":"22204"}},{"type":"Feature","geometry":{"type":"Point","coordinates":[-77.08828,38.86282]},"properties":{"id":"node/827080140","name":"City Kabob House","group":"food","category":"amenity=fast_food","cuisine":"kebab","hours":"Mo-Su 11:00-23:00","phone":"+1 571-257-8816","website":"https://citykabobhouse.com/","housenumber":"3007","street":"Columbia Pike"}},{"type":"Feature","geometry":{"type":"Point","coordinates":[-77.0454,38.81144]},"properties":{"id":"node/875436837","name":"Strictly Ebikes","group":"shopping","category":"shop=bicycle"}},{"type":"Feature","geometry":{"type":"Point","coordinates":[-77.05825,38.80398]},"properties":{"id":"node/875506954","name":"Laporta's","group":"food","category":"amenity=restaurant","cuisine":"italian","phone":"+1 703-683-6313","website":"http://www.laportas.net/","housenumber":"1600","street":"Duke Street","city":"Alexandria","postcode":"22314"}},{"type":"Feature","geometry":{"type":"Point","coordinates":[-77.05452,38.80592]},"properties":{"id":"node/875506960","name":"Stage Door Deli","group":"food","category":"amenity=fast_food","cuisine":"american","phone":"+1-703-836-7885","housenumber":"1324","street":"King Street","city":"Alexandria","postcode":"22314-2929"}},{"type":"Feature","geometry":{"type":"Point","coordinates":[-77.05434,38.80613]},"properties":{"id":"node/875506961","name":"Rock it Grill","group":"food","category":"amenity=pub","cuisine":"american","phone":"+1-703-739-2274","website":"https://www.rockit-grill.com/Bar-Grill-Menu-Alexandria-VA.html","housenumber":"1319","street":"King Street","city":"Alexandria","postcode":"22314-2928"}},{"type":"Feature","geometry":{"type":"Point","coordinates":[-77.05991,38.80584]},"properties":{"id":"node/875506964","name":"Joe Theismann's","group":"food","category":"amenity=restaurant","cuisine":"american","phone":"+1 703-739-0777","website":"https://www.theismanns.com/","housenumber":"1800","street":"Diagonal Road","city":"Alexandria"}},{"type":"Feature","geometry":{"type":"Point","coordinates":[-77.05117,38.80784]},"properties":{"id":"node/875506974","name":"Goody's Carryout","group":"food","category":"amenity=restaurant","cuisine":"chinese","phone":"+1-703-535-3386","website":"https://www.goodyscarryout.com","housenumber":"1104","street":"Queen Street","city":"Alexandria","postcode":"22314"}},{"type":"Feature","geometry":{"type":"Point","coordinates":[-77.058,38.82344]},"properties":{"id":"node/875529354","name":"Rosemarino d'Italia","group":"food","category":"amenity=restaurant","cuisine":"italian","hours":"Mo-Th, Su 16:30-21:30; Fr, Sa 16:30-22:00","phone":"+1 703-299-8906","website":"https://rosemarinoditalia.com/","housenumber":"1905","street":"Mount Vernon Avenue","city":"Alexandria","postcode":"22301"}},{"type":"Feature","geometry":{"type":"Point","coordinates":[-77.08113,38.89159]},"properties":{"id":"node/916267347","name":"Sushi Rock","group":"food","category":"amenity=restaurant","cuisine":"sushi;japanese","hours":"Mo-Su 11:00-22:30","phone":"+1 571-312-8027","website":"https://www.sushirockva.com/","housenumber":"1900","street":"Clarendon Boulevard","city":"Arlington","postcode":"22201-2917"}},{"type":"Feature","geometry":{"type":"Point","coordinates":[-77.04246,38.85174]},"properties":{"id":"node/929735118","name":"Faber News","group":"groceries","category":"shop=newsagent"}},{"type":"Feature","geometry":{"type":"Point","coordinates":[-77.04279,38.85235]},"properties":{"id":"node/929738395","name":"Il Viaggio","group":"food","category":"amenity=restaurant","cuisine":"italian"}},{"type":"Feature","geometry":{"type":"Point","coordinates":[-77.04286,38.85306]},"properties":{"id":"node/929738458","name":"iStore","group":"shopping","category":"shop=electronics"}},{"type":"Feature","geometry":{"type":"Point","coordinates":[-77.04235,38.85227]},"properties":{"id":"node/929764953","name":"Capital Image","group":"shopping","category":"shop=gift"}},{"type":"Feature","geometry":{"type":"Point","coordinates":[-77.07057,38.89554]},"properties":{"id":"node/945269130","name":"Wilson Florist","group":"shopping","category":"shop=florist"}},{"type":"Feature","geometry":{"type":"Point","coordinates":[-77.07056,38.89542]},"properties":{"id":"node/945269515","name":"Seven Cleaners","group":"services","category":"shop=dry_cleaning","housenumber":"1735","street":"North Lynn Street"}},{"type":"Feature","geometry":{"type":"Point","coordinates":[-77.04337,38.85579]},"properties":{"id":"node/993823506","name":"Shoe Shine","group":"services","category":"shop=dry_cleaning"}},{"type":"Feature","geometry":{"type":"Point","coordinates":[-77.04263,38.8561]},"properties":{"id":"node/993828992","name":"kapnos Taverna","group":"food","category":"amenity=pub","cuisine":"greek","hours":"05:00-22:00","phone":"+1 703-417-1007","website":"https://kapnostaverna.com/","city":"Arlington","postcode":"22202"}},{"type":"Feature","geometry":{"type":"Point","coordinates":[-77.04258,38.85596]},"properties":{"id":"node/993829376","name":"Georgeteon Gourmet Market","group":"food","category":"amenity=cafe","hours":"Mo-Su 05:00-22:30"}},{"type":"Feature","geometry":{"type":"Point","coordinates":[-77.08663,38.80878]},"properties":{"id":"node/1038764529","name":"Kungfu Kitchen","group":"food","category":"amenity=restaurant","cuisine":"chinese","phone":"+1-703-566-0007","housenumber":"3221","street":"Duke Street","city":"Alexandria","postcode":"22314-4533"}},{"type":"Feature","geometry":{"type":"Point","coordinates":[-77.11116,38.88168]},"properties":{"id":"node/1290873990","name":"Tivoli Gourmet & Pastry","group":"food","category":"amenity=cafe","cuisine":"breakfast;smoothie;burger;bagel","hours":"Mo-Fr 06:00-20:00; Sa 07:00-19:00; Su 08:00-16:00","phone":"+1 703 528-5200","housenumber":"901","street":"North Stuart Street"}},{"type":"Feature","geometry":{"type":"Point","coordinates":[-77.11125,38.88242]},"properties":{"id":"node/1290889901","name":"First Down Sports Bar and Grill","group":"food","category":"amenity=pub","hours":"Mo 15:30-00:00; Tu, We, Su 11:00-00:00; Th-Sa 11:00-02:00","phone":"+1-703-465-8888","website":"https://www.firstdownsportsbar.com/","housenumber":"4213","street":"Fairfax Drive","city":"Arlington","postcode":"22203"}},{"type":"Feature","geometry":{"type":"Point","coordinates":[-77.11296,38.8825]},"properties":{"id":"node/1290909578","name":"Uncle Julio's Rio Grande Cafe","group":"food","category":"amenity=restaurant","cuisine":"mexican","hours":"Mo-Th 11:00-22:30; Fr 11:00-23:30; Sa 10:00-23:30; Su 10:00-22:30","phone":"+1 703-528-3131","website":"https://unclejulios.com/locations/arlington-ballston/","housenumber":"4301","street":"Fairfax Drive","city":"Arlington","postcode":"22203"}},{"type":"Feature","geometry":{"type":"Point","coordinates":[-77.09669,38.89661]},"properties":{"id":"node/1344640177","name":"BGR The Burger Joint","group":"food","category":"amenity=fast_food","cuisine":"burger","hours":"Mo-Sa 11:00-21:00; Su 11:00-20:00","phone":"+1-703-812-4705","website":"https://bgrtheburgerjoint.com/locations-menus/arlington-va/","housenumber":"3129","street":"Langston Boulevard","city":"Arlington","postcode":"22201"}},{"type":"Feature","geometry":{"type":"Point","coordinates":[-77.09639,38.89673]},"properties":{"id":"node/1373290407","name":"Big Wheel Bikes","group":"shopping","category":"shop=bicycle","hours":"Mo-Fr 10:00-19:00; Sa-Su 10:00-18:00","phone":"+1 703-522-1110","website":"http://bigwheelbikes.com/","housenumber":"3119","street":"Langston Boulevard","city":"Arlington","postcode":"22201"}},{"type":"Feature","geometry":{"type":"Point","coordinates":[-77.10218,38.8859]},"properties":{"id":"node/1470361946","name":"MaLaTang","group":"food","category":"amenity=restaurant","cuisine":"chinese","hours":"Mo-We 11:30-21:30; Th-Fr 11:30-22:30; Sa-Su 12:00-22:30","phone":"+1 703-243-2381","website":"https://www.mala-tang.com/","housenumber":"3434","street":"Washington Boulevard","city":"Arlington","postcode":"22201"}},{"type":"Feature","geometry":{"type":"Point","coordinates":[-77.04795,38.79781]},"properties":{"id":"node/1596875697","name":"Balducci's","group":"groceries","category":"shop=supermarket"}},{"type":"Feature","geometry":{"type":"Point","coordinates":[-77.11355,38.88072]},"properties":{"id":"node/1619566649","name":"Big Buns","group":"food","category":"amenity=restaurant","cuisine":"burger","hours":"Mo-Su 11:00-22:00","phone":"+1 703-276-3032","website":"https://www.eatbigbuns.com/","housenumber":"4401","street":"Wilson Boulevard","city":"Arlington","postcode":"22203"}},{"type":"Feature","geometry":{"type":"Point","coordinates":[-77.05359,38.80721]},"properties":{"id":"node/1727229332","name":"George's Foreign Car Service","group":"services","category":"shop=car_repair","phone":"+1-703-684-2002","housenumber":"1303","street":"Cameron St"}},{"type":"Feature","geometry":{"type":"Point","coordinates":[-77.05229,38.80586]},"properties":{"id":"node/1727229681","name":"Kingdom Dry Cleaners","group":"services","category":"shop=dry_cleaning"}},{"type":"Feature","geometry":{"type":"Point","coordinates":[-77.0571,38.80652]},"properties":{"id":"node/1727230067","name":"Uptowner Cafe","group":"food","category":"amenity=cafe","cuisine":"coffee_shop","hours":"Mo-Fr 06:00-16:00; Sa-Su 07:00-16:00","phone":"+1 703-836-3162","website":"https://www.uptownercafe.com/","housenumber":"1609","street":"King Street","city":"Alexandria","postcode":"22314"}},{"type":"Feature","geometry":{"type":"Point","coordinates":[-77.04557,38.80472]},"properties":{"id":"node/1727275822","name":"Voorthuis Opticians","group":"personal_care","category":"shop=optician","street":"King Street"}},{"type":"Feature","geometry":{"type":"Point","coordinates":[-77.03995,38.80274]},"properties":{"id":"node/1728146192","name":"Chadwick's","group":"food","category":"amenity=pub","cuisine":"american","phone":"+1-703-836-4442","website":"https://www.chadwicksoldtown.com/","housenumber":"203","street":"The Strand","city":"Alexandria","postcode":"22314"}},{"type":"Feature","geometry":{"type":"Point","coordinates":[-77.05489,38.80596]},"properties":{"id":"node/1728146224","name":"Hard Times Cafe","group":"food","category":"amenity=pub","cuisine":"diner","hours":"Su-Th 11:00-21:00; Fr-Sa 11:00-23:00; Mo off","phone":"+1-703-837-0050","housenumber":"1404","street":"King Street","city":"Alexandria","postcode":"22314-2715"}},{"type":"Feature","geometry":{"type":"Point","coordinates":[-77.04496,38.80464]},"properties":{"id":"node/1728146257","name":"Le Madeleine","group":"food","category":"amenity=restaurant","cuisine":"french","hours":"Mo-Su 07:00-21:00","phone":"+1 703-739-2854","website":"https://lamadeleine.com/locations/alexandria","housenumber":"500","street":"King Street","city":"Alexandria","postcode":"22314"}},{"type":"Feature","geometry":{"type":"Point","coordinates":[-77.04982,38.80556]},"properties":{"id":"node/1728146288","name":"Misha's Coffeehouse and Roaster","group":"food","category":"amenity=cafe","cuisine":"coffee_shop","hours":"Mo-Sa 06:00-20:00; Su 06:30-20:00","phone":"+1 703-548-4089","website":"https://mishascoffee.com/","housenumber":"917","street":"King Street","city":"Alexandria","postcode":"22314-3018"}},{"type":"Feature","geometry":{"type":"Point","coordinates":[-77.04782,38.82155]},"properties":{"id":"node/1728370922","name":"Russian Gourmet","group":"groceries","category":"shop=convenience","street":"Slaters Ln"}},{"type":"Feature","geometry":{"type":"Point","coordinates":[-77.04218,38.85387]},"properties":{"id":"node/1834343060","name":"Monumental News","group":"groceries","category":"shop=newsagent"}},{"type":"Feature","geometry":{"type":"Point","coordinates":[-77.04182,38.85417]},"properties":{"id":"node/1834343072","name":"Taylor Gourmet Deli","group":"food","category":"shop=deli"}},{"type":"Feature","geometry":{"type":"Point","coordinates":[-77.04912,38.79658]},"properties":{"id":"node/1853734780","name":"Southside 815","group":"food","category":"amenity=restaurant","cuisine":"american","phone":"+1-703-836-6222","website":"https://www.southside815.com/","housenumber":"815","street":"South Washington Street","city":"Alexandria","postcode":"22314"}},{"type":"Feature","geometry":{"type":"Point","coordinates":[-77.05048,38.80541]},"properties":{"id":"node/1919325539","name":"Blown Salon","group":"personal_care","category":"shop=hairdresser","hours":"Tu-Fr 10:00-19:00; Sa 09:00-17:00; Su 11:00-16:00","phone":"+1-703-683-5555","website":"https://blownsalon.com/","city":"Alexandria"}},{"type":"Feature","geometry":{"type":"Point","coordinates":[-77.05077,38.81]},"properties":{"id":"node/1919325558","name":"Shell Service Center","group":"services","category":"shop=car_repair"}},{"type":"Feature","geometry":{"type":"Point","coordinates":[-77.04472,38.81334]},"properties":{"id":"node/1919325560","name":"Shell Service Center","group":"services","category":"shop=car_repair","housenumber":"801","street":"N Washington St","city":"Alexandria"}},{"type":"Feature","geometry":{"type":"Point","coordinates":[-77.05166,38.83322]},"properties":{"id":"node/1919624088","name":"JC New & Used Tires","group":"services","category":"shop=tyres","street":"Evans Ln","city":"Alexandria","postcode":"22305"}},{"type":"Feature","geometry":{"type":"Point","coordinates":[-77.05146,38.83261]},"properties":{"id":"node/1919624262","name":"The Window Man","group":"services","category":"craft=window_construction","city":"Alexandria","postcode":"22305"}},{"type":"Feature","geometry":{"type":"Point","coordinates":[-77.08359,38.86328]},"properties":{"id":"node/1988256727","name":"Acme Pie Company","group":"food","category":"amenity=fast_food","cuisine":"pie","hours":"Mo-Fr 07:00-10:00, We-Fr 15:00-21:00, Sa 09:00-21:00, Su 09:00-19:00","phone":"+1 703-647-9548","website":"http://www.acmepieco.com/","housenumber":"2406","street":"Columbia Pike","postcode":"22204"}},{"type":"Feature","geometry":{"type":"Point","coordinates":[-77.05297,38.80572]},"properties":{"id":"node/2012989440","name":"Chatree's","group":"shopping","category":"shop=antiques","hours":"Mo-Sa 10:30-17:00; Su off","phone":"+1 703-548-0168","website":"http://chatrees.com/","housenumber":"1204","street":"King St","city":"Alexandria","postcode":"22314"}},{"type":"Feature","geometry":{"type":"Point","coordinates":[-77.05789,38.82111]},"properties":{"id":"node/2106248277","name":"Mount Vernon Cafe","group":"food","category":"amenity=restaurant","cuisine":"american"}},{"type":"Feature","geometry":{"type":"Point","coordinates":[-77.05767,38.81999]},"properties":{"id":"node/2106250410","name":"Al's Steak","group":"food","category":"amenity=restaurant","cuisine":"steak_house","hours":"Mo-Sa 07:00-20:00","phone":"+1 703-836-9443","website":"https://www.alssteakhouse.business.site/","housenumber":"1504","street":"Mount Vernon Avenue","city":"Alexandria","postcode":"22301-1718"}},{"type":"Feature","geometry":{"type":"Point","coordinates":[-77.04615,38.80484]},"properties":{"id":"node/2112767332","name":"Raul's Mens Wear","group":"shopping","category":"shop=clothes"}},{"type":"Feature","geometry":{"type":"Point","coordinates":[-77.04424,38.80455]},"properties":{"id":"node/2112809923","name":"King & Rye","group":"food","category":"amenity=restaurant","cuisine":"american;southern","phone":"+1-703-842-2761","website":"https://www.kingandrye.com/","housenumber":"480","street":"King Street","city":"Alexandria","postcode":"22314-3102"}},{"type":"Feature","geometry":{"type":"Point","coordinates":[-77.04052,38.80376]},"properties":{"id":"node/2112824089","name":"Pitango Gelato & Coffee","group":"food","category":"amenity=ice_cream","hours":"Su-Th 08:00-23:00; Fr-Sa 08:00-24:00","website":"https://www.pitangogelato.com/location/old-town/","housenumber":"115","street":"South Union Street","postcode":"22314"}},{"type":"Feature","geometry":{"type":"Point","coordinates":[-77.04114,38.80421]},"properties":{"id":"node/2145977609","name":"Emmy Squared Pizza","group":"food","category":"amenity=restaurant","cuisine":"pizza","phone":"+1-703-719-8144","website":"https://www.eatyourpizza.com/","housenumber":"124","street":"King Street","city":"Alexandria","postcode":"22314"}},{"type":"Feature","geometry":{"type":"Point","coordinates":[-77.04907,38.80523]},"properties":{"id":"node/2150006263","name":"Old Town Shoe and Luggage Repair","group":"services","category":"shop=shoe_repair","housenumber":"824","street":"King Street","city":"Alexandria","postcode":"22314"}},{"type":"Feature","geometry":{"type":"Point","coordinates":[-77.05044,38.8054]},"properties":{"id":"node/2150161890","name":"bellacara","group":"personal_care","category":"shop=hairdresser","hours":"Mo-Fr 11:00-18:00; Sa 10:00-18:00; Su 12:00-17:00","phone":"+1 703-299-9652","website":"https://www.bellacara.com/"}},{"type":"Feature","geometry":{"type":"Point","coordinates":[-77.05146,38.80599]},"properties":{"id":"node/2151519986","name":"AAB Imaging Inc.","group":"services","category":"shop=copyshop","website":"https://www.aabinc.com","housenumber":"1101","street":"King Street","city":"Alexandria","postcode":"22314"}},{"type":"Feature","geometry":{"type":"Point","coordinates":[-77.04863,38.80542]},"properties":{"id":"node/2151719671","name":"Bishop Boutique","group":"shopping","category":"shop=clothes","hours":"Mo-Sa 10:00-19:00; Su 11:00-17:00","phone":"+1-571-312-0042","website":"https://www.bishopboutique.com/"}},{"type":"Feature","geometry":{"type":"Point","coordinates":[-77.04392,38.80492]},"properties":{"id":"node/2152939220","name":"Made in ALX","group":"shopping","category":"shop=gift","hours":"Mo,Tu,Th,Fr,Sa 10:00-18:00; Su 10:00-17:00","phone":"+1-703-239-4592","website":"https://www.madeinalx.com","housenumber":"415","street":"King Street","city":"Alexandria","postcode":"22314"}},{"type":"Feature","geometry":{"type":"Point","coordinates":[-77.08364,38.89103]},"properties":{"id":"node/2174541162","name":"Bayou Bakery","group":"food","category":"amenity=cafe","cuisine":"american","hours":"Mo-Fr 07:00-19:00; Sa 08:00-18:00; Su 08:00-16:00","phone":"+1 703-243-2410","website":"http://www.bayoubakerydc.com/","housenumber":"1515","street":"North Courthouse Road"}},{"type":"Feature","geometry":{"type":"Point","coordinates":[-77.07068,38.86693]},"properties":{"id":"node/2178862296","name":"Ruth Beauty Studio","group":"personal_care","category":"shop=hairdresser","housenumber":"1509","street":"Columbia Pike","city":"Arlington","postcode":"22204"}},{"type":"Feature","geometry":{"type":"Point","coordinates":[-77.07052,38.86696]},"properties":{"id":"node/2179288899","name":"Dama Pastry & Cafe","group":"food","category":"amenity=restaurant","cuisine":"ethiopian","phone":"+1-703-920-5620","website":"https://damapastry.com/","housenumber":"1505","street":"Columbia Pike","city":"Arlington","postcode":"22204"}},{"type":"Feature","geometry":{"type":"Point","coordinates":[-77.05807,38.80627]},"properties":{"id":"node/2245478989","name":"Perfect Pita","group":"food","category":"amenity=restaurant","cuisine":"falafel","hours":"Mo-Fr 08:00-18:00; Sa 09:00-18:00","phone":"+1 703-683-4330","website":"https://theperfectpita.com/","housenumber":"1640","street":"King Street","city":"Alexandria","postcode":"22314"}},{"type":"Feature","geometry":{"type":"Point","coordinates":[-77.07146,38.80225]},"properties":{"id":"node/2245510910","name":"Galae Thai","group":"food","category":"amenity=restaurant","cuisine":"thai","hours":"Mo-Th 11:00-22:00; Fr,Sa 11:00-23:00; Su 12:00-22:00","phone":"+1-703-960-1606","website":"https://galaethai.com/","housenumber":"215","street":"Swamp Fox Road","city":"Alexandria","postcode":"22314-4689"}},{"type":"Feature","geometry":{"type":"Point","coordinates":[-77.06243,38.80515]},"properties":{"id":"node/2245535542","name":"Old Town Transit Shop","group":"services","category":"shop=travel_agency","website":"https://alexandriava.gov/localmotion/info/default.aspx?id=11144"}},{"type":"Feature","geometry":{"type":"Point","coordinates":[-77.06363,38.8002]},"properties":{"id":"node/2245865107","name":"Foster's Grille","group":"food","category":"amenity=restaurant","cuisine":"burger","hours":"Mo-Th, Su 11:00-21:00; Fr, Sa 11:00-22:00","phone":"+1 703-519-0055","website":"https://www.fostersgrille.com/","housenumber":"2004","street":"Eisenhower Avenue","city":"Alexandria","postcode":"22314"}},{"type":"Feature","geometry":{"type":"Point","coordinates":[-77.06389,38.80027]},"properties":{"id":"node/2245865108","name":"Zikrayet","group":"food","category":"amenity=restaurant","cuisine":"lebanese","hours":"Mo-Fr 11:00-01:30, Sa,Su 13:00-01:30","phone":"+1 703-838-2008","website":"https://zikrayet.com/","housenumber":"2006","street":"Eisenhower Avenue","city":"Alexandria","postcode":"22314"}},{"type":"Feature","geometry":{"type":"Point","coordinates":[-77.06425,38.80031]},"properties":{"id":"node/2245865109","name":"The Bombay Canteen","group":"food","category":"amenity=restaurant","cuisine":"indian","hours":"Su-Th 11:00-22:00; Fr-Sa 11:00-23:00","housenumber":"2010","street":"Eisenhower Avenue","city":"Alexandria","postcode":"22314"}},{"type":"Feature","geometry":{"type":"Point","coordinates":[-77.06499,38.80035]},"properties":{"id":"node/2245865110","name":"Sake Japanese Steakhouse","group":"food","category":"amenity=restaurant","cuisine":"japanese","website":"https://www.sake-japanese-steakhouse.com/locations","housenumber":"2016","street":"Eisenhower Avenue","city":"Alexandria","postcode":"22314"}},{"type":"Feature","geometry":{"type":"Point","coordinates":[-77.0617,38.80167]},"properties":{"id":"node/2249725649","name":"Tequila & Taco","group":"food","category":"amenity=restaurant","cuisine":"mexican","phone":"+1 703-731-3203","website":"https://alexandriataco.com/","housenumber":"540","street":"John Carlyle Street","city":"Alexandria","postcode":"22314"}},{"type":"Feature","geometry":{"type":"Point","coordinates":[-77.04964,38.85492]},"properties":{"id":"node/2258884011","name":"Good Stuff Eatery","group":"food","category":"amenity=fast_food","cuisine":"american","hours":"Mo-Sa 11:00-22:00; Su 11:30-21:00","phone":"+1-703-415-4663","housenumber":"2110","street":"Crystal Drive","city":"Arlington","postcode":"22202"}},{"type":"Feature","geometry":{"type":"Point","coordinates":[-77.04754,38.80333]},"properties":{"id":"node/2279078248","name":"Mae's Market & Cafe","group":"food","category":"amenity=restaurant","phone":"+1-703-664-0445","website":"https://www.maesmarketandcafe.com","housenumber":"277","street":"South Washington Street","city":"Alexandria","postcode":"22314"}},{"type":"Feature","geometry":{"type":"Point","coordinates":[-77.08732,38.88988]},"properties":{"id":"node/2359045725","name":"Fire Works","group":"food","category":"amenity=restaurant","cuisine":"pizza","hours":"Mo-Su 11:00-23:00","phone":"+1 703-527-8700","website":"https://www.fireworkspizza.com/arlington","housenumber":"2350","street":"Clarendon Boulevard","city":"Arlington","postcode":"22201"}},{"type":"Feature","geometry":{"type":"Point","coordinates":[-77.08948,38.89024]},"properties":{"id":"node/2359283883","name":"Bliss Nails and Spa","group":"personal_care","category":"shop=beauty"}},{"type":"Feature","geometry":{"type":"Point","coordinates":[-77.04195,38.83322]},"properties":{"id":"node/2365236909","name":"Catboat Pizza Bar","group":"food","category":"amenity=restaurant","cuisine":"pizza","hours":"Mo-Th off; Fr 15:00-21:00; Sa-Su 12:00-21:00","website":"https://www.catboatpizzabar.com/","housenumber":"1","street":"Marina Drive","city":"Alexandria","postcode":"22314-1143"}},{"type":"Feature","geometry":{"type":"Point","coordinates":[-77.05877,38.82603]},"properties":{"id":"node/2389037904","name":"Del Ray Pizzeria & Draft House","group":"food","category":"amenity=restaurant","cuisine":"pizza","hours":"We,Su,Mo 11:00-21:00; Tu,Th 16:00-21:00; Fr,Sa 11:00-22:00","phone":"+1 703-541-9412","website":"http://www.delraypizzeria.com/","housenumber":"2218","street":"Mount Vernon Avenue","city":"Alexandria","postcode":"22301"}},{"type":"Feature","geometry":{"type":"Point","coordinates":[-77.04902,38.79642]},"properties":{"id":"node/2390659718","name":"Frankie's Kitchen & Cocktail Bar","group":"food","category":"amenity=restaurant","cuisine":"pizza","hours":"Mo-Su 11:30-21:00","phone":"+1-703-512-2118","website":"https://frankiesoldtown.com","housenumber":"823","street":"South Washington Street"}},{"type":"Feature","geometry":{"type":"Point","coordinates":[-77.07096,38.80263]},"properties":{"id":"node/2414839958","name":"San Antonio Grill","group":"food","category":"amenity=restaurant","cuisine":"tex-mex","phone":"+1-703-329-6400","website":"https://www.sabarandgrill.com/","housenumber":"200","street":"Swamp Fox Roaf","city":"Alexandria","postcode":"22314-4686"}},{"type":"Feature","geometry":{"type":"Point","coordinates":[-77.07127,38.80232]},"properties":{"id":"node/2414839961","name":"Delias","group":"food","category":"amenity=restaurant","cuisine":"pizza","hours":"Mo-Th 11:00-22:00; Fr,Sa 11:00-23:00; Su 12:00-22:00","phone":"+1-703-329-0006","website":"https://www.deliasbrickovenpizza.com/","housenumber":"209","street":"Hoffman Street","city":"Alexandria","postcode":"22314-4689"}},{"type":"Feature","geometry":{"type":"Point","coordinates":[-77.08021,38.87801]},"properties":{"id":"node/2419012534","name":"Strike Zone","group":"food","category":"amenity=fast_food","hours":"Mo 07:00-17:00; Tu-Fr 07:00-21:00","phone":"+1-703-528-4766","website":"https://jbmhh.armymwr.com/programs/bowling-center","housenumber":"224","street":"McNair Road","city":"Fort Myer","postcode":"22211"}},{"type":"Feature","geometry":{"type":"Point","coordinates":[-77.081,38.87462]},"properties":{"id":"node/2419012537","name":"Fort Myer Express/Class Six","group":"groceries","category":"shop=alcohol"}},{"type":"Feature","geometry":{"type":"Point","coordinates":[-77.09689,38.89559]},"properties":{"id":"node/2420387514","name":"First Cash Pawn","group":"services","category":"shop=pawnbroker","phone":"+1 703-522-1777","website":"https://firstcash.com/","housenumber":"3100","street":"Langston Boulevard","city":"Arlington","postcode":"22201"}},{"type":"Feature","geometry":{"type":"Point","coordinates":[-77.08819,38.89029]},"properties":{"id":"node/2481250913","name":"Dheli Dhaba","group":"food","category":"amenity=restaurant","cuisine":"indian","hours":"Mo-Fr 16:00-21:30; Sa-Su 12:00-21:30","phone":"+1 703-524-0008","website":"https://www.delhidhaba.com/","housenumber":"2424","street":"Wilson Boulevard","city":"Arlington","postcode":"22201"}},{"type":"Feature","geometry":{"type":"Point","coordinates":[-77.05468,38.85787]},"properties":{"id":"node/2484163138","name":"Towers Food & Dry Cleaning","group":"groceries","category":"shop=convenience","housenumber":"1600","street":"South Eads Street","city":"Arlington","postcode":"22202"}},{"type":"Feature","geometry":{"type":"Point","coordinates":[-77.08761,38.86254]},"properties":{"id":"node/2493904729","name":"Bangkok 54","group":"food","category":"amenity=restaurant","cuisine":"thai","hours":"11:00-22:00","phone":"+1 703-521-4070","website":"http://www.bangkok54restaurant.com/","housenumber":"2919","street":"Columbia Pike"}},{"type":"Feature","geometry":{"type":"Point","coordinates":[-77.0726,38.89507]},"properties":{"id":"node/2563891109","name":"City House","group":"food","category":"amenity=restaurant","phone":"+1 703-276-8999","website":"http://www.cityhouse.com/","housenumber":"1325","street":"Wilson Boulevard","city":"Arlington","postcode":"22209-2301"}},{"type":"Feature","geometry":{"type":"Point","coordinates":[-77.07902,38.89416]},"properties":{"id":"node/2563891113","name":"Guajillo","group":"food","category":"amenity=restaurant","cuisine":"mexican","hours":"Mo-Tu 16:00-20:30; We 16:00-21:30; Th 12:00-21:00; Fr-Su 12:00-22:00","phone":"+1-703-807-0840","website":"https://www.guajillomexican.com/","housenumber":"1727","street":"Wilson Boulevard","city":"Arlington","postcode":"22209"}},{"type":"Feature","geometry":{"type":"Point","coordinates":[-77.07869,38.89427]},"properties":{"id":"node/2563891117","name":"IceBerry","group":"food","category":"amenity=cafe","cuisine":"ice_cream","hours":"Mo-Fr 11:30-21:45; Sa-Su 11:00-21:45","housenumber":"1715","street":"Wilson Boulevard","city":"Arlington","postcode":"22209"}},{"type":"Feature","geometry":{"type":"Point","coordinates":[-77.06289,38.8202]},"properties":{"id":"node/2576142254","name":"Dos Hermanos","group":"food","category":"amenity=restaurant","cuisine":"mexican","hours":"Tu-Th 11:00-22:00; Fr 11:00-23:00; Sa 10:00-23:00; Su 10:00-21:00; Mo 11:00-21:00","phone":"+1-703-566-1523","website":"https://www.doshermanostexmex.com/","housenumber":"1603","street":"Commonwealth Avenue","city":"Alexandria","postcode":"22301"}},{"type":"Feature","geometry":{"type":"Point","coordinates":[-77.04858,38.85311]},"properties":{"id":"node/2684592335","name":"Manna","group":"food","category":"amenity=restaurant"}},{"type":"Feature","geometry":{"type":"Point","coordinates":[-77.09604,38.86812]},"properties":{"id":"node/2748596171","name":"T&H Barber","group":"personal_care","category":"shop=hairdresser"}},{"type":"Feature","geometry":{"type":"Point","coordinates":[-77.09573,38.86776]},"properties":{"id":"node/2748603751","name":"Samari's Hair Salon","group":"personal_care","category":"shop=hairdresser","housenumber":"407","street":"South Glebe Road","postcode":"22204"}},{"type":"Feature","geometry":{"type":"Point","coordinates":[-77.07364,38.89531]},"properties":{"id":"node/2752719339","name":"Kanpai","group":"food","category":"amenity=restaurant","cuisine":"japanese","hours":"Mo-Sa 11:30-22:00","phone":"+1-703-527-8400","housenumber":"1401","street":"Wilson Boulevard","city":"Arlington","postcode":"22209"}},{"type":"Feature","geometry":{"type":"Point","coordinates":[-77.05383,38.81254]},"properties":{"id":"node/2765990048","name":"Madison Cleaners","group":"services","category":"shop=dry_cleaning","housenumber":"525","street":"East Braddock Road"}},{"type":"Feature","geometry":{"type":"Point","coordinates":[-77.05367,38.81249]},"properties":{"id":"node/2765990052","name":"Dos Amigos","group":"food","category":"amenity=restaurant","cuisine":"mexican","phone":"+1-703-664-0305","website":"http://www.dosamigosoldtown.com","housenumber":"535","street":"East Braddock Road","city":"Alexandria","postcode":"22314-2161"}},{"type":"Feature","geometry":{"type":"Point","coordinates":[-77.0509,38.80546]},"properties":{"id":"node/2766063563","name":"ESP Tea & Coffee","group":"food","category":"amenity=cafe","cuisine":"gelato;coffee;empanada","phone":"+1 571-970-1674","website":"https://www.espteaandcoffee.com","housenumber":"1012","street":"King Street","city":"Alexandria","postcode":"22314"}},{"type":"Feature","geometry":{"type":"Point","coordinates":[-77.04537,38.81166]},"properties":{"id":"node/2766127051","name":"Zento Japanese Restaurant","group":"food","category":"amenity=restaurant","cuisine":"sushi","hours":"Mo-Fr 11:30-15:00,17:00-24:00; Sa,Su 12:00-24:00","phone":"+1-703-566-3695","housenumber":"693","street":"North Washington Street","city":"Alexandria","postcode":"22314-1913"}},{"type":"Feature","geometry":{"type":"Point","coordinates":[-77.05475,38.80478]},"properties":{"id":"node/2776113135","name":"Salon Amarti","group":"personal_care","category":"shop=hairdresser"}},{"type":"Feature","geometry":{"type":"Point","coordinates":[-77.05506,38.80599]},"properties":{"id":"node/2776113237","name":"Eddie's Little Shop & Deli","group":"food","category":"shop=deli","hours":"Mo-Sa 11:00-16:00","phone":"+1 571-312-8615","website":"https://www.eddieslittleshop.com/","housenumber":"1406","street":"King Street","city":"Alexandria","postcode":"22314"}},{"type":"Feature","geometry":{"type":"Point","coordinates":[-77.05527,38.8063]},"properties":{"id":"node/2776113254","name":"Pazzaz Salon","group":"personal_care","category":"shop=hairdresser","housenumber":"1415","street":"King Street"}},{"type":"Feature","geometry":{"type":"Point","coordinates":[-77.04437,38.81396]},"properties":{"id":"node/2776113356","name":"T. J. Stone's","group":"food","category":"amenity=restaurant","cuisine":"american","hours":"Mo-We, Su 11:00-00:00; Th-Sa 11:00-01:00","phone":"+1-703-548-1004","website":"https://tjstones.com/","housenumber":"608","street":"Montgomery Street","city":"Alexandria","postcode":"22314"}},{"type":"Feature","geometry":{"type":"Point","coordinates":[-77.04554,38.8139]},"properties":{"id":"node/2776113471","name":"Ryan's Auto Service","group":"services","category":"shop=car_repair"}},{"type":"Feature","geometry":{"type":"Point","coordinates":[-77.0458,38.8118]},"properties":{"id":"node/2776113617","name":"Juniper","group":"personal_care","category":"shop=hairdresser"}},{"type":"Feature","geometry":{"type":"Point","coordinates":[-77.04582,38.81165]},"properties":{"id":"node/2776113714","name":"Nicole's Flowers","group":"shopping","category":"shop=florist","phone":"+1-703-548-5604","housenumber":"630"}},{"type":"Feature","geometry":{"type":"Point","coordinates":[-77.06153,38.83624]},"properties":{"id":"node/2776114414","name":"El Paisa Grocery","group":"groceries","category":"shop=convenience"}},{"type":"Feature","geometry":{"type":"Point","coordinates":[-77.06223,38.83654]},"properties":{"id":"node/2776114512","name":"FoodStar","group":"groceries","category":"shop=supermarket","street":"West Glebe Road"}},{"type":"Feature","geometry":{"type":"Point","coordinates":[-77.08884,38.85606]},"properties":{"id":"node/2776114743","name":"Lideta Market","group":"groceries","category":"shop=convenience","hours":"09:00-21:00","phone":"+1 703-920-3099","housenumber":"1607","street":"South Glebe Road"}},{"type":"Feature","geometry":{"type":"Point","coordinates":[-77.08868,38.85609]},"properties":{"id":"node/2776114830","name":"Cash Depot","group":"services","category":"shop=money_lender","housenumber":"1611","street":"South Glebe Road","postcode":"22204"}},{"type":"Feature","geometry":{"type":"Point","coordinates":[-77.04797,38.8051]},"properties":{"id":"node/2776115524","name":"Rami Salon & Spa","group":"personal_care","category":"shop=hairdresser","housenumber":"726","street":"King Street"}},{"type":"Feature","geometry":{"type":"Point","coordinates":[-77.05183,38.80815]},"properties":{"id":"node/2776115665","name":"Hawwi Ethiopian Caf\u00e9 and Restaurant","group":"food","category":"amenity=cafe","cuisine":"ethiopian","phone":"+1-703-717-9740","housenumber":"1125","street":"Queen Street","city":"Alexandria","postcode":"22314-2450"}},{"type":"Feature","geometry":{"type":"Point","coordinates":[-77.0635,38.84276]},"properties":{"id":"node/2778688811","name":"24express Food Store","group":"groceries","category":"shop=convenience"}},{"type":"Feature","geometry":{"type":"Point","coordinates":[-77.04145,38.80659]},"properties":{"id":"node/2778689949","name":"Momo Sushi & Cafe","group":"food","category":"amenity=restaurant","cuisine":"sushi","hours":"Mo-Sa 11:30-14:30,16:00-21:30; Su 16:00-21:00","phone":"+1 703-299-9092","website":"https://www.momosushicafe.com/","housenumber":"212","street":"Queen Street","city":"Alexandria","postcode":"22314"}},{"type":"Feature","geometry":{"type":"Point","coordinates":[-77.04119,38.80636]},"properties":{"id":"node/2778689955","name":"Overwood","group":"food","category":"amenity=restaurant","cuisine":"american","phone":"+1-703-535-3340","website":"http://www.theoverwood.com/","housenumber":"220","street":"North Lee Street","city":"Alexandria","postcode":"22314"}},{"type":"Feature","geometry":{"type":"Point","coordinates":[-77.06272,38.83947]},"properties":{"id":"node/2778689978","name":"RT's Restaurant","group":"food","category":"amenity=restaurant","cuisine":"southern","phone":"+1-703-684-6010","website":"https://www.rtsrestaurant.net/","housenumber":"3804","street":"Mount Vernon Avenue","city":"Alexandria","postcode":"22305"}},{"type":"Feature","geometry":{"type":"Point","coordinates":[-77.05479,38.80595]},"properties":{"id":"node/2778778861","name":"Gold Works by David Martin","group":"shopping","category":"shop=jewelry"}},{"type":"Feature","geometry":{"type":"Point","coordinates":[-77.09336,38.88844]},"properties":{"id":"node/2779216834","name":"Green Pig Bistro","group":"food","category":"amenity=restaurant","cuisine":"american;french","hours":"Mo-Su 11:00-14:30, 17:30-21:30","phone":"+1 703-888-1920","website":"https://www.greenpigbistro.com/","housenumber":"2900","street":"Wilson Boulevard","city":"Arlington","postcode":"22201"}},{"type":"Feature","geometry":{"type":"Point","coordinates":[-77.11663,38.80886]},"properties":{"id":"node/2782038725","name":"London Curry House","group":"food","category":"amenity=restaurant","cuisine":"indian","hours":"11:30-22:00","phone":"+1 703-419-3160","website":"https://londoncurryhouse.com/","housenumber":"191","street":"Somervelle Street","city":"Alexandria","postcode":"22304"}},{"type":"Feature","geometry":{"type":"Point","coordinates":[-77.09432,38.88701]},"properties":{"id":"node/2788369922","name":"Circa","group":"food","category":"amenity=restaurant","cuisine":"american","hours":"Mo-Th 11:00-22:00; Fr 11:00-23:00; Sa 10:30-23:00; Su 10:30-21:00","phone":"+1 703-522-3010","website":"https://www.circabistros.com/location/clarendon/","housenumber":"3010","street":"Clarendon Boulevard","city":"Arlington","postcode":"22201"}},{"type":"Feature","geometry":{"type":"Point","coordinates":[-77.09462,38.88734]},"properties":{"id":"node/2788370115","name":"Four Sisters Grill","group":"food","category":"amenity=restaurant","cuisine":"vietnamese","hours":"Mo-Su 11:00-21:00","phone":"+1 703-243-9020","website":"https://www.foursistersgrill.com/","housenumber":"3035","street":"Clarendon Boulevard","city":"Arlington","postcode":"22201"}},{"type":"Feature","geometry":{"type":"Point","coordinates":[-77.09491,38.8855]},"properties":{"id":"node/2789338895","name":"Lyon Hall","group":"food","category":"amenity=restaurant","cuisine":"french","hours":"Mo-Th 16:00-21:30; Fr 11:30-22:30; Sa 10:00-22:30; Su 10:00-21:30","phone":"+1-703-741-7636","website":"http://lyonhallarlington.com","housenumber":"3100","street":"Washington Boulevard","city":"Arlington","postcode":"22201"}},{"type":"Feature","geometry":{"type":"Point","coordinates":[-77.09501,38.88605]},"properties":{"id":"node/2789338896","name":"The Renegade","group":"food","category":"amenity=bar","cuisine":"american","hours":"Mo-Sa 11:00-02:00; Su off","phone":"+1 703-468-4652","website":"https://www.renegadeva.com/","housenumber":"3100","street":"Clarendon Boulevard","city":"Arlington","postcode":"22201"}},{"type":"Feature","geometry":{"type":"Point","coordinates":[-77.09598,38.88618]},"properties":{"id":"node/2789338898","name":"Bar Bao","group":"food","category":"amenity=restaurant","cuisine":"asian","hours":"Mo-Th 11:00-24:00; Fr-Sa 11:00-02:00; Su 11:00-22:00","phone":"+1-703-600-0500","website":"http://barbao.com/","housenumber":"3100","street":"Clarendon Boulevard","city":"Arlington","postcode":"22201"}},{"type":"Feature","geometry":{"type":"Point","coordinates":[-77.09976,38.88364]},"properties":{"id":"node/2789338905","name":"All About Burger","group":"food","category":"amenity=restaurant","cuisine":"american","hours":"Su-We 10:30-22:00; Th 10:30-01:00; Fr-Sa 10:30-03:30","phone":"+1 703-636-2577","website":"https://www.aaburger.com/","housenumber":"3325","street":"Wilson Boulevard","city":"Arlington","postcode":"22201"}},{"type":"Feature","geometry":{"type":"Point","coordinates":[-77.07163,38.89795]},"properties":{"id":"node/2789400485","name":"Continental Modern Pool Lounge","group":"food","category":"amenity=bar","hours":"Mo-Fr 11:30-02:00; Sa-Su 18:00-02:00","phone":"+1-703-465-7675","website":"https://continentalpoollounge.com/","housenumber":"1911","street":"North Fort Myer Drive","city":"Rosslyn","postcode":"22209"}},{"type":"Feature","geometry":{"type":"Point","coordinates":[-77.07896,38.89419]},"properties":{"id":"node/2789543978","name":"Guerra Steakhouse","group":"food","category":"amenity=restaurant","cuisine":"steak_house","hours":"Mo-Fr 17:00-21:00; Sa-Su 11:30-14:00, 17:00-21:00","phone":"+1 571-431-6726","website":"https://www.guerrasteakhouse.com/","housenumber":"1725","street":"Wilson Boulevard","postcode":"22209"}},{"type":"Feature","geometry":{"type":"Point","coordinates":[-77.04293,38.85323]},"properties":{"id":"node/2793770466","name":"as kindred spirits","group":"shopping","category":"shop=gift"}},{"type":"Feature","geometry":{"type":"Point","coordinates":[-77.04281,38.85355]},"properties":{"id":"node/2793770667","name":"Ben's Chili Bowl","group":"food","category":"amenity=restaurant","hours":"06:00-21:00","website":"https://benschilibowl.com/"}},{"type":"Feature","geometry":{"type":"Point","coordinates":[-77.04284,38.85367]},"properties":{"id":"node/2793770703","name":"Matsutake Sushi","group":"food","category":"amenity=restaurant","cuisine":"sushi","hours":"10:30-21:00","phone":"+1 703-417-0521","website":"https://matsutakesushi.com/","housenumber":"2401","street":"South Smith Boulevard","city":"Arlington","postcode":"22202"}},{"type":"Feature","geometry":{"type":"Point","coordinates":[-77.04308,38.85362]},"properties":{"id":"node/2793770741","name":"Smithsonian","group":"shopping","category":"shop=books","hours":"07:00-20:00"}},{"type":"Feature","geometry":{"type":"Point","coordinates":[-77.04318,38.8539]},"properties":{"id":"node/2793770782","name":"Eastern Market","group":"shopping","category":"shop=gift"}},{"type":"Feature","geometry":{"type":"Point","coordinates":[-77.04333,38.85419]},"properties":{"id":"node/2793770901","name":"The Neighborhoods DC","group":"shopping","category":"shop=gift"}},{"type":"Feature","geometry":{"type":"Point","coordinates":[-77.09246,38.88834]},"properties":{"id":"node/2803896766","name":"Framebridge","group":"shopping","category":"shop=frame","hours":"Mo-Sa 10:00-18:00; Su 11:00-18:00","phone":"+1 703-589-9651","website":"https://www.framebridge.com/pages/clarendon","housenumber":"2839","street":"Clarendon Boulevard","city":"Arlington","postcode":"22201"}},{"type":"Feature","geometry":{"type":"Point","coordinates":[-77.09016,38.88996]},"properties":{"id":"node/2803896774","name":"Bl\u00fcmen Cafe","group":"food","category":"amenity=cafe","hours":"Mo-Sa 09:00-22:00; Su 10:00-20:00","phone":"+1 571-733-5888","website":"http://www.blumencafe.us/","housenumber":"2607","street":"Wilson Boulevard","city":"Arlington","postcode":"22201"}},{"type":"Feature","geometry":{"type":"Point","coordinates":[-77.09511,38.88668]},"properties":{"id":"node/2803896777","name":"Pacers","group":"shopping","category":"shop=shoes","website":"https://www.runpacers.com/","housenumber":"3100","street":"Clarendon Boulevard","city":"Arlington","postcode":"22201"}},{"type":"Feature","geometry":{"type":"Point","coordinates":[-77.07843,38.89379]},"properties":{"id":"node/2818997922","name":"Quinn's on the Corner","group":"food","category":"amenity=bar","cuisine":"american","hours":"Mo-Fr 11:30-24:00; Sa-Su 10:00-24:00","phone":"+1 703-640-3566","website":"https://www.quinnsonthecorner.com/","housenumber":"1776","street":"Wilson Boulevard"}},{"type":"Feature","geometry":{"type":"Point","coordinates":[-77.10676,38.89635]},"properties":{"id":"node/2922206008","name":"Burger Billy's Joint","group":"food","category":"amenity=fast_food","cuisine":"burger","hours":"Mo-Sa 11:00-21:00; Su 11:00-19:00","phone":"+1 703-512-0102","website":"https://burgerbillysjoint.toast.site/","housenumber":"3800","street":"Langston Boulevard","city":"Arlington","postcode":"22207"}},{"type":"Feature","geometry":{"type":"Point","coordinates":[-77.10691,38.89694]},"properties":{"id":"node/2922221561","name":"Company Flowers & Gifts, Too!","group":"shopping","category":"shop=florist","hours":"Mo-Sa 09:00-18:00","phone":"+1-703-525-3062","website":"https://www.companyflowers.com/","housenumber":"2107","street":"North Pollard Street","city":"Arlington","postcode":"22207"}},{"type":"Feature","geometry":{"type":"Point","coordinates":[-77.10659,38.89664]},"properties":{"id":"node/2922221562","name":"Cherrydale Hardware","group":"shopping","category":"shop=hardware","hours":"Mo-Su 08:30-18:00","phone":"+1-703-527-2100","website":"https://www.cherrydalehardwarestore.com/","housenumber":"3805","street":"Langston Boulevard","city":"Arlington","postcode":"22207"}},{"type":"Feature","geometry":{"type":"Point","coordinates":[-77.11921,38.84114]},"properties":{"id":"node/2932265024","name":"Fairouz Mediterranean Cafe","group":"food","category":"amenity=restaurant","cuisine":"mediterranean","housenumber":"3815","street":"South George Mason Drive","city":"Falls Church","postcode":"22041"}},{"type":"Feature","geometry":{"type":"Point","coordinates":[-77.07051,38.89747]},"properties":{"id":"node/3010360319","name":"Bourbon Coffee","group":"food","category":"amenity=cafe","cuisine":"coffee_shop","hours":"Mo-Fr 06:30-18:00; Sa off; Su off","phone":"+1 571-364-0731","website":"https://www.bourboncoffeeusa.com","housenumber":"1919","street":"North Lynn Street","city":"Arlington","postcode":"22209"}},{"type":"Feature","geometry":{"type":"Point","coordinates":[-77.05646,38.80547]},"properties":{"id":"node/3037395030","name":"Old Town Sandwich Shop","group":"food","category":"amenity=restaurant","cuisine":"breakfast;sandwich"}},{"type":"Feature","geometry":{"type":"Point","coordinates":[-77.11455,38.88009]},"properties":{"id":"node/3044498408","name":"Mussel Bar & Grille","group":"food","category":"amenity=restaurant","cuisine":"belgian","hours":"Mo-Fr 11:30-22:00; Sa-Su 15:00-22:00","phone":"+1-703-841-2337","website":"https://www.musselbar.com/locations/arlington/","housenumber":"800","street":"North Glebe Road","city":"Arlington","postcode":"22203"}},{"type":"Feature","geometry":{"type":"Point","coordinates":[-77.10628,38.87346]},"properties":{"id":"node/3044498409","name":"El Paso Cafe","group":"food","category":"amenity=restaurant","cuisine":"mexican;tex-mex","hours":"Mo-Su 11:00-23:00","phone":"+1-703-243-9811","website":"http://www.elpasocafeva.com/","housenumber":"4235","street":"North Pershing Drive","city":"Arlington","postcode":"22203-3202"}},{"type":"Feature","geometry":{"type":"Point","coordinates":[-77.11293,38.88067]},"properties":{"id":"node/3128165688","name":"Grand Cru","group":"food","category":"amenity=restaurant","cuisine":"french","hours":"Mo, Tu 11:30-22:00; We-Fr 11:00-23:00; Sa 16:00-23:00; Su 16:00-21:00","website":"https://www.grandcru-wine.com/","housenumber":"4401","street":"Wilson Boulevard","postcode":"22203"}},{"type":"Feature","geometry":{"type":"Point","coordinates":[-77.10786,38.87903]},"properties":{"id":"node/3235276384","name":"Sweet Leaf Community Cafe","group":"food","category":"amenity=cafe","cuisine":"sandwich","hours":"Mo-Su 08:00-21:00","website":"https://sweetleafcafe.com/"}},{"type":"Feature","geometry":{"type":"Point","coordinates":[-77.10798,38.8779]},"properties":{"id":"node/3235482077","name":"Super Pollo","group":"food","category":"amenity=restaurant","cuisine":"peruvian","hours":"Mo-Su 11:00-22:00","phone":"+1 703-970-3421","website":"http://superpollovirginia.com/Arlington%20I.htm","housenumber":"550","street":"North Quincy Street","city":"Arlington","postcode":"22203"}},{"type":"Feature","geometry":{"type":"Point","coordinates":[-77.06836,38.80114]},"properties":{"id":"node/3248391968","name":"Uptown Dry Cleaners","group":"services","category":"shop=dry_cleaning","housenumber":"2271","street":"Eisenhower Avenue","city":"Alexandria","postcode":"22314"}},{"type":"Feature","geometry":{"type":"Point","coordinates":[-77.06831,38.80114]},"properties":{"id":"node/3273817421","name":"Top Coat Beauty and Nail Salon","group":"personal_care","category":"shop=beauty","housenumber":"2265","street":"Eisenhower Avenue","city":"Alexandria","postcode":"22314"}},{"type":"Feature","geometry":{"type":"Point","coordinates":[-77.05413,38.84768]},"properties":{"id":"node/3277788978","name":"Kohinoor Dhaba","group":"food","category":"amenity=restaurant","cuisine":"indian","phone":"+1 703-778-6186","website":"http://www.kohinoordhaba.com/","housenumber":"2800","street":"South Eads Street","city":"arlington","postcode":"22202"}},{"type":"Feature","geometry":{"type":"Point","coordinates":[-77.05137,38.84802]},"properties":{"id":"node/3278390157","name":"Espressamente Illy","group":"food","category":"amenity=cafe","cuisine":"coffee","hours":"Su-Sa 06:00-18:00","phone":"+1-703-413-1300","housenumber":"2800","street":"South Potomac Avenue","city":"Arlington","postcode":"22202"}},{"type":"Feature","geometry":{"type":"Point","coordinates":[-77.06925,38.89277]},"properties":{"id":"node/3278391409","name":"River Place Market","group":"groceries","category":"shop=convenience"}},{"type":"Feature","geometry":{"type":"Point","coordinates":[-77.04154,38.85185]},"properties":{"id":"node/3278513799","name":"The Great American Bagel Bakery","group":"food","category":"amenity=fast_food","cuisine":"bagel"}},{"type":"Feature","geometry":{"type":"Point","coordinates":[-77.0515,38.84783]},"properties":{"id":"node/3282659582","name":"SOCCi","group":"food","category":"amenity=restaurant","cuisine":"italian","hours":"Sa-Su 07:00-24:00, Mo-Fr 06:00-24:00","phone":"+1-703-413-1300","housenumber":"2800","street":"South Potomac Avenue","city":"Arlington","postcode":"22202"}},{"type":"Feature","geometry":{"type":"Point","coordinates":[-77.04134,38.85008]},"properties":{"id":"node/3298395464","name":"To Go","group":"food","category":"amenity=cafe"}},{"type":"Feature","geometry":{"type":"Point","coordinates":[-77.04763,38.82168]},"properties":{"id":"node/3314247361","name":"Slaters Market","group":"shopping","category":"shop=gift","street":"1552"}},{"type":"Feature","geometry":{"type":"Point","coordinates":[-77.07909,38.89358]},"properties":{"id":"node/3346448603","name":"Jon David Salon","group":"personal_care","category":"shop=hairdresser","website":"https://jondavidsalon.net/","housenumber":"1800","street":"Wilson Boulevard","city":"Arlington","postcode":"22201"}},{"type":"Feature","geometry":{"type":"Point","coordinates":[-77.1069,38.89698]},"properties":{"id":"node/3358265283","name":"Pines of Florence","group":"food","category":"amenity=restaurant","cuisine":"italian","hours":"Mo-Fr 11:00-22:00; Sa 12:00-22:00; Su 12:00-21:00","phone":"+1-703-244-7433","website":"https://pinesofflorencearlingtonva.com/","housenumber":"2109","street":"North Pollard Street","city":"Arlington","postcode":"22207"}},{"type":"Feature","geometry":{"type":"Point","coordinates":[-77.0681,38.84556]},"properties":{"id":"node/3366910389","name":"District Dumplings","group":"food","category":"amenity=fast_food","cuisine":"dumplings","hours":"Mo-Su 11:30-21:00","phone":"+1 571-518-9764","website":"https://www.districtdumplingsarlington.com/","housenumber":"2923","street":"South Glebe Road","city":"Arlington","postcode":"22206-2710"}},{"type":"Feature","geometry":{"type":"Point","coordinates":[-77.06794,38.84556]},"properties":{"id":"node/3366910391","name":"Divine Nail Spa","group":"personal_care","category":"shop=beauty"}},{"type":"Feature","geometry":{"type":"Point","coordinates":[-77.06787,38.84552]},"properties":{"id":"node/3366910392","name":"1st VA Cleaners","group":"services","category":"shop=dry_cleaning"}},{"type":"Feature","geometry":{"type":"Point","coordinates":[-77.07591,38.84298]},"properties":{"id":"node/3366942797","name":"Taso's Restaurant","group":"food","category":"amenity=restaurant","cuisine":"latin_american;salvadoran","hours":"Mo, We, Th, Su 11:00-22:00; Fr, Sa 11:00-14:00","phone":"+1 703-548-9380","housenumber":"1041","street":"West Glebe Road","city":"Alexandria","postcode":"22305-1458"}},{"type":"Feature","geometry":{"type":"Point","coordinates":[-77.07585,38.84297]},"properties":{"id":"node/3366942798","name":"China Cafe","group":"food","category":"amenity=restaurant","cuisine":"chinese","hours":"Mo-Th 11:00-22:30; Fr, Sa 11:00-23:00; Sa 12:00-22:30","phone":"+1 703-836-3888","website":"https://www.chinacafe22305.com/","housenumber":"1039","street":"West Glebe Road"}},{"type":"Feature","geometry":{"type":"Point","coordinates":[-77.0758,38.84296]},"properties":{"id":"node/3366942799","name":"LookSharp Cleaners","group":"services","category":"shop=dry_cleaning","hours":"Tu-Fr 09:00-18:00; Sa 10:00-17:00","phone":"+1-844-577-4277","website":"https://looksharpcleaners.com/","housenumber":"1037","street":"West Glebe Road"}},{"type":"Feature","geometry":{"type":"Point","coordinates":[-77.09383,38.88486]},"properties":{"id":"node/3370664341","name":"Endo Sushi","group":"food","category":"amenity=restaurant","cuisine":"sushi","hours":"Mo off; Tu-Th 16:00-21:00; Fr-Su 12:00-15:00,16:00-21:00","phone":"+1 703-243-7799","website":"https://endosushi.com/","housenumber":"3000","street":"Washington Boulevard"}},{"type":"Feature","geometry":{"type":"Point","coordinates":[-77.07006,38.8973]},"properties":{"id":"node/3396064825","name":"Amuse","group":"food","category":"amenity=restaurant","cuisine":"american","website":"https://www.rosslynva.org/go/amuse","housenumber":"1121","street":"19th Street North","city":"Arlington","postcode":"22209"}},{"type":"Feature","geometry":{"type":"Point","coordinates":[-77.07814,38.89394]},"properties":{"id":"node/3396064826","name":"Inca Social","group":"food","category":"amenity=restaurant","cuisine":"peruvian","hours":"Su-We 11:00-22:00; Th 11:00-23:00; Fr 11:00-24:00","phone":"+1-571-312-7664","website":"https://incasocial.com/","housenumber":"1776","street":"Wilson Boulevard","city":"Arlington","postcode":"22209-2515"}},{"type":"Feature","geometry":{"type":"Point","coordinates":[-77.07033,38.89476]},"properties":{"id":"node/3396064839","name":"AHRA Cafe & Sandwich Bar","group":"food","category":"amenity=restaurant","cuisine":"sandwich","phone":"+1 703-522-2224","website":"https://www.ahracafe.com/","housenumber":"1100","street":"Wilson Boulevard","city":"Arlington","postcode":"22209"}},{"type":"Feature","geometry":{"type":"Point","coordinates":[-77.07343,38.89532]},"properties":{"id":"node/3397462219","name":"AllSpice Cafe & Catering","group":"food","category":"amenity=restaurant","cuisine":"sandwich","phone":"+1-703-524-4050","website":"https://www.allspicecatering.com/","housenumber":"1401","street":"Wilson Boulevard","city":"Arlington","postcode":"22209"}},{"type":"Feature","geometry":{"type":"Point","coordinates":[-77.07192,38.89757]},"properties":{"id":"node/3397462223","name":"Metro Dry Cleaners","group":"services","category":"shop=dry_cleaning"}},{"type":"Feature","geometry":{"type":"Point","coordinates":[-77.10904,38.89779]},"properties":{"id":"node/3413306905","name":"Car Doctor","group":"services","category":"shop=car_repair","housenumber":"4035","street":"Langston Boulevard","postcode":"22207"}},{"type":"Feature","geometry":{"type":"Point","coordinates":[-77.08785,38.80687]},"properties":{"id":"node/3480178424","name":"Rocklands BBQ","group":"food","category":"amenity=restaurant","cuisine":"barbecue"}},{"type":"Feature","geometry":{"type":"Point","coordinates":[-77.08381,38.80756]},"properties":{"id":"node/3480178425","name":"Care Cleaners","group":"services","category":"shop=dry_cleaning"}},{"type":"Feature","geometry":{"type":"Point","coordinates":[-77.06245,38.83676]},"properties":{"id":"node/3505937108","name":"Beatriz","group":"personal_care","category":"shop=hairdresser"}},{"type":"Feature","geometry":{"type":"Point","coordinates":[-77.06259,38.83689]},"properties":{"id":"node/3505937110","name":"Fashion K City","group":"shopping","category":"shop=clothes"}},{"type":"Feature","geometry":{"type":"Point","coordinates":[-77.0562,38.86113]},"properties":{"id":"node/3517889565","name":"Epic Smokehouse","group":"food","category":"amenity=restaurant","cuisine":"barbecue","hours":"Mo-Th 12:00-21:30; Fr-Sa 12:00-22:00; Su 12:00-21:30","phone":"+1 571-319-4001","website":"https://www.epicsmokehouse.com/","housenumber":"1330","street":"South Fern Street","city":"Arlington","postcode":"22202-2862"}},{"type":"Feature","geometry":{"type":"Point","coordinates":[-77.04134,38.85214]},"properties":{"id":"node/3624159235","name":"Mi Vida","group":"food","category":"amenity=fast_food","cuisine":"mexican","hours":"05:00-22:00","city":"Arlington","postcode":"22202"}},{"type":"Feature","geometry":{"type":"Point","coordinates":[-77.04985,38.81387]},"properties":{"id":"node/3642810173","name":"RailBird Kitchen","group":"food","category":"amenity=restaurant","hours":"Tu-Th 16:00-21:00; Fr-Sa 16:00-22:00","phone":"+1-703-577-9023","website":"https://www.railbirdkitchen.com/","housenumber":"804","street":"North Henry Street","city":"Alexandria","postcode":"22314"}},{"type":"Feature","geometry":{"type":"Point","coordinates":[-77.05398,38.81261]},"properties":{"id":"node/3656869018","name":"MAK Salon","group":"personal_care","category":"shop=beauty","housenumber":"515","street":"East Braddock Road","city":"Alexandria","postcode":"22314"}},{"type":"Feature","geometry":{"type":"Point","coordinates":[-77.04985,38.81401]},"properties":{"id":"node/3656882081","name":"Lost Dog Cafe","group":"food","category":"amenity=restaurant","cuisine":"pizza","hours":"Mo-Sa 11:00-23:00, Su 11:00-22:00","phone":"+1 571-970-6511","website":"https://www.lostdogcafe.com/","housenumber":"808","street":"North Henry Street","city":"Alexandria","postcode":"22314"}},{"type":"Feature","geometry":{"type":"Point","coordinates":[-77.0504,38.81095]},"properties":{"id":"node/3656897236","name":"Salon 46","group":"personal_care","category":"shop=hairdresser","housenumber":"512","street":"North Henry Street","city":"Alexandria"}},{"type":"Feature","geometry":{"type":"Point","coordinates":[-77.05052,38.81038]},"properties":{"id":"node/3657614798","name":"Shanghai Peking","group":"food","category":"amenity=restaurant","cuisine":"chinese","phone":"+1-703-739-2211","website":"http://shanghai-peking.com/","housenumber":"506","street":"North Henry Street","city":"Alexandria","postcode":"22314"}},{"type":"Feature","geometry":{"type":"Point","coordinates":[-77.05562,38.81325]},"properties":{"id":"node/3664999127","name":"Yates Dry Cleaning and Laundry Service","group":"services","category":"shop=dry_cleaning","phone":"+1-703-683-6103","housenumber":"407","street":"E Braddock Rd","city":"Alexandria","postcode":"22301"}},{"type":"Feature","geometry":{"type":"Point","coordinates":[-77.0525,38.82088]},"properties":{"id":"node/3665076562","name":"M.E. Swing Coffee Co.","group":"food","category":"amenity=cafe","cuisine":"coffee_shop","hours":"Mo-Fr 07:00-16:00; Sa 08:00-15:00","phone":"+1 703-370-5050","website":"https://swingscoffee.com/","housenumber":"501","street":"East Monroe Avenue","city":"Alexandria","postcode":"22301"}},{"type":"Feature","geometry":{"type":"Point","coordinates":[-77.05917,38.83342]},"properties":{"id":"node/3720374048","name":"The Healing Tree","group":"personal_care","category":"shop=massage","housenumber":"3140","street":"Commonwealth Avenue","city":"Alexandria","postcode":"22305"}},{"type":"Feature","geometry":{"type":"Point","coordinates":[-77.07058,38.89635]},"properties":{"id":"node/3721878036","name":"Wise Guys Pizza","group":"food","category":"amenity=fast_food","cuisine":"pizza","hours":"Mo 11:00-21:00; Tu-Sa 11:00-22:00; Su 11:00-21:00","phone":"+1 703-358-8880","website":"https://www.wiseguypizza.com/","housenumber":"1735","street":"North Lynn Street","city":"Arlington","postcode":"22209-2013"}},{"type":"Feature","geometry":{"type":"Point","coordinates":[-77.09058,38.88051]},"properties":{"id":"node/3729359165","name":"European Foods Import Export Inc.","group":"food","category":"craft=caterer","phone":"+1 703-524-6800"}},{"type":"Feature","geometry":{"type":"Point","coordinates":[-77.10116,38.87118]},"properties":{"id":"node/3729659872","name":"First Class Auto Sales","group":"shopping","category":"shop=car","hours":"Mo-Sa 10:00-19:00; Su 11:00-16:00","website":"https://firstclassautova.com/","housenumber":"1","street":"North Glebe Road","city":"Arlington","postcode":"22203"}},{"type":"Feature","geometry":{"type":"Point","coordinates":[-77.10217,38.87208]},"properties":{"id":"node/3729659879","name":"First Cash Pawn","group":"services","category":"shop=pawnbroker","hours":"Mo-Sa 10:00-18:00; Su 11:00-17:00","phone":"+1 703-248-0222","housenumber":"89","street":"North Glebe Road"}},{"type":"Feature","geometry":{"type":"Point","coordinates":[-77.10964,38.8826]},"properties":{"id":"node/3732378170","name":"Rus Uz Market","group":"groceries","category":"shop=convenience","phone":"+1-703-389-6208","website":"https://rusuz.com/market","housenumber":"1000","street":"North Randolph Street","city":"Arlington","postcode":"22201"}},{"type":"Feature","geometry":{"type":"Point","coordinates":[-77.10985,38.88258]},"properties":{"id":"node/3732378171","name":"Rus Uz","group":"food","category":"amenity=restaurant","cuisine":"russian;uzbek","hours":"Mo-Su 12:00-22:00","phone":"+1-571-312-4086","website":"https://rusuz.com/","housenumber":"1000","street":"North Randolph Street","city":"Arlington","postcode":"22201"}},{"type":"Feature","geometry":{"type":"Point","coordinates":[-77.11698,38.88385]},"properties":{"id":"node/3732378172","name":"Ser","group":"food","category":"amenity=restaurant","cuisine":"spanish","hours":"Mo-Su 11:30-22:00","phone":"+1 703-746-9822","website":"https://ser-restaurant.com/","housenumber":"1110","street":"North Glebe Road","city":"Arlington","postcode":"22201"}},{"type":"Feature","geometry":{"type":"Point","coordinates":[-77.0517,38.83967]},"properties":{"id":"node/3733148542","name":"Potomac Yard Cleaners","group":"services","category":"shop=dry_cleaning","hours":"Mo-Fr 07:00-19:00; Sa 08:00-17:00","housenumber":"3925","street":"Richmond Highway"}},{"type":"Feature","geometry":{"type":"Point","coordinates":[-77.11701,38.86794]},"properties":{"id":"node/3736077738","name":"La Coop Coffee Co.","group":"food","category":"amenity=cafe","cuisine":"coffee_shop","hours":"Tu-Fr 07:00-15:00; Sa 08:00-15:00; Su 09:00-15:00","phone":"+1 571-319-0414","website":"https://www.lacoopcoffee.com/arlington-location","housenumber":"4807","street":"1st Street North","city":"Arlington","postcode":"22203"}},{"type":"Feature","geometry":{"type":"Point","coordinates":[-77.11705,38.86792]},"properties":{"id":"node/3736078525","name":"Brick's Pizza","group":"food","category":"amenity=fast_food","cuisine":"pizza","hours":"Mo-Th 11:00-00:00; Fr, Sa 11:00-01:00; Su 11:00-23:00","phone":"+1 703-243-6600","website":"https://www.brickspizzaarlington.com/","housenumber":"4809","street":"1st Street North","city":"Arlington","postcode":"22203"}},{"type":"Feature","geometry":{"type":"Point","coordinates":[-77.08347,38.88937]},"properties":{"id":"node/3737297140","name":"Ragtime","group":"food","category":"amenity=restaurant","cuisine":"american","hours":"Mo-Fr 11:00-02:00; Sa-Su 10:00-02:00","phone":"+1 703-243-4003","website":"https://ragtimerestaurant.com","housenumber":"1345","street":"North Court House Road","city":"Arlington","postcode":"22201-2507"}},{"type":"Feature","geometry":{"type":"Point","coordinates":[-77.0857,38.88994]},"properties":{"id":"node/3737366557","name":"Chelsea Market & Deli","group":"groceries","category":"shop=convenience","hours":"Mo-Su 07:00-23:00","phone":"+1 703-750-2448"}},{"type":"Feature","geometry":{"type":"Point","coordinates":[-77.0865,38.89021]},"properties":{"id":"node/3739550132","name":"Courthaus Social","group":"food","category":"amenity=pub","cuisine":"german;pizza;american","hours":"Mo-We,Su 11:00-22:00; Th 11:00-23:00; Fr-Sa 11:00-24:00","phone":"+1 703-243-4900","website":"https://www.courthaussocial.com/","housenumber":"2300","street":"Clarendon Boulevard"}},{"type":"Feature","geometry":{"type":"Point","coordinates":[-77.088,38.86216]},"properties":{"id":"node/3742107981","name":"Ryu Izakaya","group":"food","category":"amenity=restaurant","cuisine":"japanese;sushi","phone":"+1-703-399-9052","website":"https://food.orders.co/ryuizakaya","housenumber":"3030","street":"Columbia Pike","city":"Arlington","postcode":"22204-4377"}},{"type":"Feature","geometry":{"type":"Point","coordinates":[-77.06028,38.83396]},"properties":{"id":"node/3743169827","name":"DELRAY Cleaners","group":"services","category":"shop=dry_cleaning","hours":"Mo-Fr 07:00-19:00; Sa 08:00-18:00","phone":"+1-703-664-0674","housenumber":"3114","street":"Mount Vernon Avenue","city":"Alexandria","postcode":"23305"}},{"type":"Feature","geometry":{"type":"Point","coordinates":[-77.11732,38.86774]},"properties":{"id":"node/3744737332","name":"Crystal Thai","group":"food","category":"amenity=restaurant","cuisine":"thai","hours":"Mo-Su 11:30-21:30","phone":"+1 703-522-1311","website":"https://crystalthai.com/","housenumber":"4819","street":"1st Street North","city":"Arlington","postcode":"22203"}},{"type":"Feature","geometry":{"type":"Point","coordinates":[-77.10604,38.87936]},"properties":{"id":"node/3760487007","name":"UTS Locksmith Services","group":"services","category":"shop=locksmith","hours":"24/7","phone":"+1 703-738-6017","website":"https://www.arlingtonlocksmithva.com/","housenumber":"616","street":"North Piedmont Street","city":"Arlington","postcode":"22203"}},{"type":"Feature","geometry":{"type":"Point","coordinates":[-77.1171,38.86788]},"properties":{"id":"node/3763960627","name":"Christal Coiffure","group":"personal_care","category":"shop=hairdresser","hours":"Tu-Sa 09:00-19:00; Su 11:00-18:00","phone":"+1 703-525-6828","housenumber":"4811","street":"1st Street North","city":"Arlington","postcode":"22203"}},{"type":"Feature","geometry":{"type":"Point","coordinates":[-77.08235,38.89216]},"properties":{"id":"node/3773680177","name":"The Brew Shop","group":"groceries","category":"shop=alcohol","phone":"+1 703-746-9001","website":"https://www.arlbrew.com/","housenumber":"2004","street":"Wilson Boulevard","city":"Arlington"}},{"type":"Feature","geometry":{"type":"Point","coordinates":[-77.08261,38.89203]},"properties":{"id":"node/3773680179","name":"Greenheart Juice Shop","group":"food","category":"amenity=fast_food","cuisine":"juice","website":"https://www.greenheartjuiceshop.com/","housenumber":"2016","street":"Wilson Boulevard"}},{"type":"Feature","geometry":{"type":"Point","coordinates":[-77.08197,38.8923]},"properties":{"id":"node/3775053966","name":"Tupelo Honey Southern Kitchen & Bar","group":"food","category":"amenity=restaurant","cuisine":"american","hours":"Mo-Fr 11:00-22:00; Sa 09:00-23:00; Su 09:00-21:00","website":"https://tupelohoneycafe.com/location/arlington/","housenumber":"1616","street":"North Troy Street","city":"Arlington","postcode":"22201"}},{"type":"Feature","geometry":{"type":"Point","coordinates":[-77.10134,38.89676]},"properties":{"id":"node/3793351107","name":"Dominique Jewelry","group":"shopping","category":"shop=jewelry","hours":"Tu-Sa 10:00-18:00","phone":"+1-703-525-9424","website":"https://dominique-jewelry.edan.io/","housenumber":"3301","street":"Langston Boulevard","city":"Arlington","postcode":"22207"}},{"type":"Feature","geometry":{"type":"Point","coordinates":[-77.10376,38.89578]},"properties":{"id":"node/3794763661","name":"Carmen Cosmo by Gina","group":"personal_care","category":"shop=hairdresser","hours":"Tu-Fr 10:00-19:00; Sa 10:00-20:00; Su 11:00-17:00","phone":"+1-202-880-9980","website":"https://carmencosmo.com/","housenumber":"3510","street":"Langston Boulevard","city":"Arlington","postcode":"22207"}},{"type":"Feature","geometry":{"type":"Point","coordinates":[-77.10388,38.89577]},"properties":{"id":"node/3795365171","name":"Standard Graphics","group":"shopping","category":"shop=stationery","hours":"Mo-Fr 08:30-17:00","phone":"+1-703-524-2125;+1-800-732-2510","website":"https://www.standardgraphics.com/","housenumber":"3514","street":"Langston Boulevard","city":"Arlington","postcode":"22207"}},{"type":"Feature","geometry":{"type":"Point","coordinates":[-77.04957,38.85577]},"properties":{"id":"node/3819750057","name":"Highline RxR","group":"food","category":"amenity=bar","hours":"Mo-Th 15:00-22:00; Fr-Sa 15:00-24:00; Su 12:30-20:30","phone":"+1 703-413-2337","website":"https://www.highlinerxr.com/","housenumber":"2010","street":"Crystal Drive"}},{"type":"Feature","geometry":{"type":"Point","coordinates":[-77.10696,38.89672]},"properties":{"id":"node/3822808091","name":"Hair Vogue","group":"personal_care","category":"shop=hairdresser","phone":"+1-703-528-7040","housenumber":"3815","street":"Langston Boulevard","city":"Arlington","postcode":"22207"}},{"type":"Feature","geometry":{"type":"Point","coordinates":[-77.10181,38.872]},"properties":{"id":"node/3871191446","name":"do\u00f1a bessy","group":"food","category":"amenity=fast_food","hours":"Mo-Fr 10:00-22:00; Sa, Su 08:30-22:00","website":"http://www.donabessy.com/"}},{"type":"Feature","geometry":{"type":"Point","coordinates":[-77.10192,38.87215]},"properties":{"id":"node/3871191605","name":"Jarochita","group":"food","category":"amenity=fast_food","cuisine":"mexican","hours":"Mo-Su 09:00-23:00","phone":"+1 703-528-2789","housenumber":"85","street":"North Glebe Road","city":"Arlington","postcode":"22203-3703"}},{"type":"Feature","geometry":{"type":"Point","coordinates":[-77.10186,38.8721]},"properties":{"id":"node/3871191606","name":"China Express","group":"food","category":"amenity=fast_food","cuisine":"chinese","hours":"Mo-Th 10:30-22:30; Fr-Sa 10:30-23:00; Su 11:30-22:30","phone":"+1-703-522-4413","website":"https://www.chinaexpress-va.com/","housenumber":"81","street":"North Glebe Road","city":"Arlington","postcode":"22203-3703"}},{"type":"Feature","geometry":{"type":"Point","coordinates":[-77.10522,38.87426]},"properties":{"id":"node/3894368940","name":"Thai Curry","group":"food","category":"amenity=restaurant","cuisine":"thai","hours":"Mo-Su 11:30-15:00,17:00-22:00","phone":"+1 703-524-0711","website":"http://places.singleplatform.com/thai-curry-4/menu","housenumber":"307","street":"North Glebe Road"}},{"type":"Feature","geometry":{"type":"Point","coordinates":[-77.10517,38.87422]},"properties":{"id":"node/3894368941","name":"Ravi Kabob I","group":"food","category":"amenity=restaurant","cuisine":"kebab","hours":"Mo-Th 11:00-01:00; Fr, Sa 11:00-02:00; Su 11:00-24:00","phone":"+1-703-522-6666","website":"https://www.ravikabobusa.com/","housenumber":"305","street":"North Glebe Road","city":"Arlington","postcode":"22203"}},{"type":"Feature","geometry":{"type":"Point","coordinates":[-77.10505,38.87339]},"properties":{"id":"node/3900513815","name":"Jon\u2019s Joint","group":"food","category":"amenity=restaurant","cuisine":"burger","hours":"Su-Th 12:00-22:00; Fr-Sa 12:00-00:00","phone":"+1 202-384-4954","website":"https://www.seamless.com/menu/jons-joint-250-n-glebe-rd-arlington/9739536","housenumber":"250","street":"N Glebe Rd","city":"Arlington","postcode":"22203"}},{"type":"Feature","geometry":{"type":"Point","coordinates":[-77.10446,38.87369]},"properties":{"id":"node/3900520288","name":"Rickys","group":"food","category":"amenity=restaurant","cuisine":"bolivian","hours":"Mo-Th 10:00-23:00; Fr 10:00-01:30; Sa 08:00-01:30; Su 08:00-23:55","website":"https://rickyspubarlington.com/"}},{"type":"Feature","geometry":{"type":"Point","coordinates":[-77.10559,38.87439]},"properties":{"id":"node/3900521066","name":"Eastern Carryout","group":"food","category":"amenity=fast_food","cuisine":"chinese","hours":"Mo-Su 11:00-00:00","phone":"+1-703-522-6710","website":"https://www.allmenus.com/va/arlington/281323-eastern-carryout/menu/","housenumber":"319","street":"North Glebe Road","city":"Arlington","postcode":"22203-3307"}},{"type":"Feature","geometry":{"type":"Point","coordinates":[-77.11721,38.86782]},"properties":{"id":"node/3903217125","name":"Full Motion Life & Sport","group":"personal_care","category":"shop=massage","hours":"Mo-Fr 06:00-19:00","website":"https://www.fullmotionlifeandsport.com/","housenumber":"4815","street":"1st Street North","city":"Arlington","postcode":"22203"}},{"type":"Feature","geometry":{"type":"Point","coordinates":[-77.11726,38.86778]},"properties":{"id":"node/3903218583","name":"Fashion Nails","group":"personal_care","category":"shop=beauty","hours":"Mo-Fr 10:00-20:00; Sa 09:00-19:00; Su 11:00-18:00","phone":"+1 703-243-7222","housenumber":"4817","street":"1st Street North","city":"Arlington","postcode":"22203"}},{"type":"Feature","geometry":{"type":"Point","coordinates":[-77.11773,38.86768]},"properties":{"id":"node/3903218584","name":"Brooke Rental Center","group":"shopping","category":"shop=electrical","hours":"Mo-Sa 07:30-17:30","phone":"+1 703-243-2122","website":"https://brookerentalcenter.com/","housenumber":"4831","street":"1st Street North","postcode":"22203"}},{"type":"Feature","geometry":{"type":"Point","coordinates":[-77.11716,38.86785]},"properties":{"id":"node/3903218989","name":"Forest Valet Cleaners","group":"services","category":"shop=dry_cleaning","hours":"Mo-Fr 07:00-19:00; Sa 09:00-13:00","phone":"+1 703-525-4354","housenumber":"4813","street":"1st Street North","city":"Arlington","postcode":"22203"}},{"type":"Feature","geometry":{"type":"Point","coordinates":[-77.09961,38.88405]},"properties":{"id":"node/3942387866","name":"Darna","group":"food","category":"amenity=restaurant","cuisine":"middle_eastern","hours":"17:00-02:00","phone":"+1 703-988-2373","website":"https://www.darnava.com/","housenumber":"946","street":"North Jackson Street","city":"Arlington","postcode":"22201"}},{"type":"Feature","geometry":{"type":"Point","coordinates":[-77.05611,38.8134]},"properties":{"id":"node/3943833907","name":"Lena's Wood-fired Pizza & Tap","group":"food","category":"amenity=restaurant","cuisine":"pizza;italian","hours":"Mo-Th, Su 10:00-23:00; Fr, Sa 11:00-00:00","phone":"+1-703-683-5330","website":"https://www.lenaswoodfire.com/","housenumber":"401","street":"East Braddock Road","city":"Alexandria","postcode":"22301"}},{"type":"Feature","geometry":{"type":"Point","coordinates":[-77.0855,38.8891]},"properties":{"id":"node/3963159296","name":"Courthouse Place Gourmet","group":"groceries","category":"shop=convenience","hours":"Mo-Th 08:00-21:00; Fr 08:00-22:00; Sa 09:00-22:00; Su 10:00-21:00"}},{"type":"Feature","geometry":{"type":"Point","coordinates":[-77.08653,38.88965]},"properties":{"id":"node/3963159297","name":"Asahi","group":"food","category":"amenity=restaurant","cuisine":"japanese","hours":"Mo-Fr 11:30-14:30, 17:00-22:00; Sa, Su 16:00-22:00","phone":"+1 703-243-7007","website":"https://www.asahiarlington.com/"}},{"type":"Feature","geometry":{"type":"Point","coordinates":[-77.04732,38.8219]},"properties":{"id":"node/4001119656","name":"Hairy Situations Dog Grooming","group":"shopping","category":"shop=pet"}},{"type":"Feature","geometry":{"type":"Point","coordinates":[-77.05845,38.82403]},"properties":{"id":"node/4035733163","name":"Evening Star","group":"food","category":"amenity=restaurant","cuisine":"american","hours":"Mo-Th 17:00-21:00; Fr 17:00-22:00; Sa 10:30-22:00; Su 10:30-21:00","phone":"+1-703-549-5051","website":"https://www.eveningstarcafe.net/","housenumber":"2000","street":"Mount Vernon Avenue","city":"Alexandria","postcode":"22301-1310"}},{"type":"Feature","geometry":{"type":"Point","coordinates":[-77.05855,38.82418]},"properties":{"id":"node/4035733600","name":"Rouge Catering","group":"food","category":"amenity=restaurant","housenumber":"2006","street":"Mount Vernon Avenue","city":"Alexandria","postcode":"22301"}},{"type":"Feature","geometry":{"type":"Point","coordinates":[-77.05846,38.82411]},"properties":{"id":"node/4035734546","name":"planet wine","group":"groceries","category":"shop=wine"}},{"type":"Feature","geometry":{"type":"Point","coordinates":[-77.05348,38.80553]},"properties":{"id":"node/4039367686","name":"Modern Cleaners","group":"services","category":"shop=dry_cleaning"}},{"type":"Feature","geometry":{"type":"Point","coordinates":[-77.09602,38.84703]},"properties":{"id":"node/4040969019","name":"Bimmer","group":"shopping","category":"shop=car","housenumber":"4064","street":"South Four Mile Run Drive","postcode":"22206"}},{"type":"Feature","geometry":{"type":"Point","coordinates":[-77.08308,38.86375]},"properties":{"id":"node/4053579038","name":"William Jeffrey's Tavern","group":"food","category":"amenity=restaurant","cuisine":"american","hours":"Mo-Fr 11:00-02:00; Sa-Su 10:00-02:00","phone":"+1 703-746-6333","website":"https://www.williamjeffreystavern.com/","housenumber":"2301","street":"Columbia Pike","city":"Arlington","postcode":"22204"}},{"type":"Feature","geometry":{"type":"Point","coordinates":[-77.07881,38.89368]},"properties":{"id":"node/4058894289","name":"Saigon Noodles & Grill","group":"food","category":"amenity=restaurant","cuisine":"vietnamese","hours":"Mo-Su 11:00-22:00","phone":"+1 703-566-5940","website":"https://www.saigonnoodlesgrill.com/","housenumber":"1800","street":"Wilson Boulevard","city":"Arlington","postcode":"22201-6601"}},{"type":"Feature","geometry":{"type":"Point","coordinates":[-77.10799,38.88156]},"properties":{"id":"node/4069224873","name":"The Teal Center","group":"personal_care","category":"shop=massage","hours":"Mo-Fr 08:00-20:00; Sa, Su 09:00-19:00","phone":"+1 703-522-7637","website":"https://www.tealcenter.com","housenumber":"4001","street":"9th Street North","city":"Arlington","postcode":"22203"}},{"type":"Feature","geometry":{"type":"Point","coordinates":[-77.09324,38.88714]},"properties":{"id":"node/4093743808","name":"Kinder Haus Toys","group":"shopping","category":"shop=toys","hours":"Mo-Sa 10:00-19:00; Su 10:00-18:00","phone":"+1 703-527-5929","website":"https://www.kinderhaus.com","housenumber":"1220","street":"North Fillmore Street","postcode":"22201"}},{"type":"Feature","geometry":{"type":"Point","coordinates":[-77.09277,38.88587]},"properties":{"id":"node/4093745392","name":"artisan confections","group":"food","category":"shop=chocolate","phone":"+1 703-524-0007","website":"https://artisanconfections.com/","housenumber":"1025","street":"North Fillmore Street","city":"Arlington","postcode":"22201"}},{"type":"Feature","geometry":{"type":"Point","coordinates":[-77.09278,38.88593]},"properties":{"id":"node/4093745489","name":"Bakeshop","group":"food","category":"shop=bakery","hours":"Mo-Th 08:00-21:00; Fr, Sa 08:00-22:00; Su 08:00-20:00","phone":"+1 571-970-6460","website":"https://www.bakeshopva.com/","housenumber":"1025","street":"North Fillmore Street","city":"Arlington","postcode":"22201"}},{"type":"Feature","geometry":{"type":"Point","coordinates":[-77.05736,38.81804]},"properties":{"id":"node/4099888785","name":"South China Restaurant","group":"food","category":"amenity=restaurant","cuisine":"chinese","phone":"+1 703-549-5099","website":"southchinaalexandria.com","housenumber":"1302","street":"Mount Vernon Avenue","city":"Alexandria","postcode":"22301"}},{"type":"Feature","geometry":{"type":"Point","coordinates":[-77.09676,38.89656]},"properties":{"id":"node/4111753060","name":"Hi-Hat Cleaners","group":"services","category":"shop=dry_cleaning","phone":"+1 703-525-4784","housenumber":"3131","street":"Langston Boulevard","city":"Arlington","postcode":"22201"}},{"type":"Feature","geometry":{"type":"Point","coordinates":[-77.05738,38.8182]},"properties":{"id":"node/4123722639","name":"Bella Napoli Italian Restaurant","group":"food","category":"amenity=restaurant","cuisine":"italian","phone":"+1 703-683-9680","housenumber":"1310","street":"Mount Vernon Avenue","city":"Alexandria","postcode":"22301"}},{"type":"Feature","geometry":{"type":"Point","coordinates":[-77.08291,38.89194]},"properties":{"id":"node/4210132189","name":"Burger District","group":"food","category":"amenity=restaurant","cuisine":"burger","hours":"Mo-Su 11:00-21:00","phone":"+1 703-527-2160","website":"https://www.burgerdistrict.us/","housenumber":"2024","street":"Wilson Boulevard"}},{"type":"Feature","geometry":{"type":"Point","coordinates":[-77.10513,38.8742]},"properties":{"id":"node/4210979827","name":"Ravi Chatkhara III","group":"food","category":"amenity=restaurant","cuisine":"kebab","hours":"Mo-Su 11:00-23:00","phone":"+1-703-522-0786","website":"https://www.ravikabobusa.com/","housenumber":"303","street":"North Glebe Road","city":"Arlington","postcode":"22203"}},{"type":"Feature","geometry":{"type":"Point","coordinates":[-77.04604,38.84977]},"properties":{"id":"node/4218330593","name":"DCA Electronic Shop","group":"shopping","category":"shop=electronics"}},{"type":"Feature","geometry":{"type":"Point","coordinates":[-77.09272,38.88545]},"properties":{"id":"node/4223458255","name":"Screwtop Wine Bar","group":"food","category":"amenity=bar","hours":"Mo-Th 11:00-22:00; Fr-Sa 11:00-23:00; Su 11:00-22:00","phone":"+1 703-888-0845","website":"https://screwtopwinebar.com/","housenumber":"1025","street":"North Fillmore Street","city":"Arlington","postcode":"22201"}},{"type":"Feature","geometry":{"type":"Point","coordinates":[-77.05069,38.81034]},"properties":{"id":"node/4242583088","name":"Monarch Dry Cleaning","group":"services","category":"shop=laundry","housenumber":"1105","street":"Oronoco Street","city":"Alexandria","postcode":"23434"}},{"type":"Feature","geometry":{"type":"Point","coordinates":[-77.05209,38.80817]},"properties":{"id":"node/4242600881","name":"Heads Up Barbershop","group":"personal_care","category":"shop=hairdresser","housenumber":"300","street":"North Fayette","city":"Alexandria","postcode":"23434"}},{"type":"Feature","geometry":{"type":"Point","coordinates":[-77.09035,38.87978]},"properties":{"id":"node/4289117866","name":"El Charrito Caminante","group":"food","category":"amenity=restaurant","cuisine":"latin_american","phone":"+1 703-351-1177","housenumber":"2710","street":"Washington Boulevard","city":"Arlington","postcode":"22201"}},{"type":"Feature","geometry":{"type":"Point","coordinates":[-77.07739,38.89407]},"properties":{"id":"node/4335908535","name":"Barley Mac","group":"food","category":"amenity=restaurant","cuisine":"american","hours":"Mo-We 11:00-22:30; Th 11:00-10:30; Fr 11:00-22:30; Sa 10:30-22:30; Su 10:30-21:00","phone":"+1 571-800-3070","website":"https://barleymac.com/","housenumber":"1600","street":"Wilson Boulevard","city":"Arlington","postcode":"22209-2500"}},{"type":"Feature","geometry":{"type":"Point","coordinates":[-77.0784,38.89038]},"properties":{"id":"node/4349643699","name":"Tacos El Chilango","group":"food","category":"amenity=fast_food","cuisine":"mexican","hours":"Mo-Sa 11:00-20:00; Su off"}},{"type":"Feature","geometry":{"type":"Point","coordinates":[-77.05119,38.83053]},"properties":{"id":"node/4371118196","name":"The Ultimate Barber","group":"personal_care","category":"shop=hairdresser","phone":"+1-571-483-0032","website":"www.theultimatebarber.com","housenumber":"2712","street":"Jefferson Davis Highway","city":"Alexandria","postcode":"22301"}},{"type":"Feature","geometry":{"type":"Point","coordinates":[-77.05031,38.86162]},"properties":{"id":"node/4451251070","name":"Ono Haircut","group":"personal_care","category":"shop=hairdresser","housenumber":"1235","street":"South Clark Street","city":"Arlington","postcode":"22202"}},{"type":"Feature","geometry":{"type":"Point","coordinates":[-77.03924,38.81359]},"properties":{"id":"node/4452770390","name":"Tokyo Japanese Steakhouse","group":"food","category":"amenity=restaurant","cuisine":"japanese","phone":"+1-703-683-8878","website":"https://www.tjsh1995.com/","housenumber":"66","street":"Canal Center Plaza","city":"Alexandria","postcode":"22314-1568"}},{"type":"Feature","geometry":{"type":"Point","coordinates":[-77.05641,38.80616]},"properties":{"id":"node/4476600672","name":"Thirteenth Floor","group":"personal_care","category":"shop=tattoo","hours":"Mo-Tu,Sa 09:00-17:00; We-Fr 09:00-20:00; Su 09:00-13:00","phone":"+1-571-310-8169","website":"https://www.thethirteenthfloor.shop/","housenumber":"1510","street":"King Street","city":"Alexandria","postcode":"22314"}},{"type":"Feature","geometry":{"type":"Point","coordinates":[-77.1108,38.81301]},"properties":{"id":"node/4554280523","name":"Nail Hurricane Too","group":"personal_care","category":"shop=beauty","hours":"Mo-Fr 10:00-20:00; Sa 09:00-21:30; Su 11:00-17:30","housenumber":"4535","street":"Duke Street","city":"Alexandria","postcode":"22304"}},{"type":"Feature","geometry":{"type":"Point","coordinates":[-77.11197,38.81325]},"properties":{"id":"node/4554280528","name":"Fox Chase Florist","group":"shopping","category":"shop=florist","phone":"+1 703-370-3602","website":"https://www.foxchaseflora.com/","housenumber":"4613","street":"Duke Street","city":"Alexandria","postcode":"22304"}},{"type":"Feature","geometry":{"type":"Point","coordinates":[-77.11115,38.8131]},"properties":{"id":"node/4554280529","name":"Hong Kong","group":"food","category":"amenity=restaurant","cuisine":"chinese","hours":"Tu-Th 11:00-21:30; Fr,Sa 11:00-22:00; Su 12:00-21:30","phone":"+1-703-823-8808","website":"https://www.hongkongexpress.com/","housenumber":"4545","street":"Duke Street","city":"Alexandria","postcode":"22304"}},{"type":"Feature","geometry":{"type":"Point","coordinates":[-77.11053,38.81291]},"properties":{"id":"node/4554280531","name":"Pho Huy","group":"food","category":"amenity=restaurant","cuisine":"vietnamese","hours":"Mo-Sa 10:00-21:00; Su 11:00-20:00","housenumber":"4527","street":"Duke Street","city":"Alexandria","postcode":"22304"}},{"type":"Feature","geometry":{"type":"Point","coordinates":[-77.11906,38.84118]},"properties":{"id":"node/4577758854","name":"Al-Amal Super Market","group":"groceries","category":"shop=supermarket","phone":"+1-703-820-2828","housenumber":"3817","street":"South George Mason Drive","city":"Falls Church","postcode":"22041"}},{"type":"Feature","geometry":{"type":"Point","coordinates":[-77.10128,38.89675]},"properties":{"id":"node/4580721526","name":"Happy Grooming","group":"services","category":"shop=pet_grooming","hours":"Mo-Sa 09:00-16:30","phone":"+1-703-528-7292","website":"http://www.happygroomingva.com/","housenumber":"3301","street":"Langston Boulevard","city":"Arlington","postcode":"22207"}},{"type":"Feature","geometry":{"type":"Point","coordinates":[-77.06506,38.84412]},"properties":{"id":"node/4597075402","name":"Checks Cashed","group":"services","category":"shop=money_lender","housenumber":"4130","street":"Mount Vernon Ave","city":"Alexandria","postcode":"22305"}},{"type":"Feature","geometry":{"type":"Point","coordinates":[-77.11719,38.80932]},"properties":{"id":"node/4616678161","name":"Cameron Cafe","group":"food","category":"amenity=cafe","cuisine":"coffee_shop","hours":"Mo-Fr 06:30-18:00; Sa 08:00-17:00; Su 08:00-17:00","phone":"+1-703-212-8211","website":"http://caboose-cafe.com/cameron-station/","housenumber":"4911","street":"Brenman Park Drive","city":"Alexandria","postcode":"22304"}},{"type":"Feature","geometry":{"type":"Point","coordinates":[-77.09275,38.88576]},"properties":{"id":"node/4835886215","name":"Zazzy","group":"food","category":"amenity=restaurant","cuisine":"lebanese","phone":"+1-703-512-0002","website":"https://letszazzy.com/","housenumber":"1025","street":"North Fillmore Street","city":"Arlington","postcode":"22201"}},{"type":"Feature","geometry":{"type":"Point","coordinates":[-77.09279,38.88601]},"properties":{"id":"node/4835886216","name":"Edge Salon & Spa","group":"personal_care","category":"shop=beauty","housenumber":"1025","street":"North Fillmore Street","city":"Arlington","postcode":"22201"}},{"type":"Feature","geometry":{"type":"Point","coordinates":[-77.08588,38.8805]},"properties":{"id":"node/4840369886","name":"Astor Mediterranean","group":"food","category":"amenity=restaurant","cuisine":"mediterranean","hours":"Mo-Sa 11:00-22:30; Su 11:00-21:30","phone":"+1-703-465-2306","website":"https://www.astorfoods.com/","housenumber":"2300","street":"North Pershing Drive","city":"Arlington","postcode":"22201"}},{"type":"Feature","geometry":{"type":"Point","coordinates":[-77.11036,38.82833]},"properties":{"id":"node/4849600190","name":"Sonus Alexandria Hearing Care Professionals","group":"personal_care","category":"shop=hearing_aids","hours":"Mo-Th 09:00-17:00; Fr 09:00-16:30","phone":"+1 703 823 3336","website":"https://sonusalexandria.com","housenumber":"4660","street":"Kenmore Avenue","city":"Alexandria","postcode":"22304"}},{"type":"Feature","geometry":{"type":"Point","coordinates":[-77.04258,38.85194]},"properties":{"id":"node/4867614547","name":"CNBC Smartshop","group":"groceries","category":"shop=newsagent"}},{"type":"Feature","geometry":{"type":"Point","coordinates":[-77.11337,38.88062]},"properties":{"id":"node/4879616550","name":"Roggenart Bistro & Caf\u00e9","group":"food","category":"amenity=cafe","phone":"+1-703-721-3182","website":"https://roggenart.com/","housenumber":"4401","street":"North Wilson Boulevard","city":"Arlington","postcode":"22203"}},{"type":"Feature","geometry":{"type":"Point","coordinates":[-77.08667,38.80789]},"properties":{"id":"node/4946039511","name":"Marco Polo Rugs","group":"shopping","category":"shop=carpet","phone":"+1-703-461-0207","website":"https://marcopolorugs.com/"}},{"type":"Feature","geometry":{"type":"Point","coordinates":[-77.10143,38.89676]},"properties":{"id":"node/5030674420","name":"China Express","group":"food","category":"amenity=restaurant","cuisine":"chinese","hours":"Su-Th 11:00-22:00; Fr-Sa 11:00-22:30","phone":"+1-703-522-0707","website":"https://www.chinaexpressarlingtonva.com/","housenumber":"3303","street":"Langston Boulevard","city":"Arlington","postcode":"22207"}},{"type":"Feature","geometry":{"type":"Point","coordinates":[-77.1015,38.89676]},"properties":{"id":"node/5030679221","name":"Royal Nails","group":"personal_care","category":"shop=beauty","hours":"Mo-Fr 10:00-20:00; Sa 09:00-19:00; Su 11:00-17:00","phone":"+1-703-526-0566","housenumber":"3305","street":"Langston Boulevard","city":"Arlington","postcode":"22207"}},{"type":"Feature","geometry":{"type":"Point","coordinates":[-77.10166,38.89675]},"properties":{"id":"node/5030679223","name":"CKB Studio by Top Builders","group":"shopping","category":"shop=trade","hours":"Tu-Sa 10:00-15:00","phone":"+1-703-675-7083","website":"https://www.topbuilders.com/","housenumber":"3309","street":"Langston Boulevard","city":"Arlington","postcode":"22207"}},{"type":"Feature","geometry":{"type":"Point","coordinates":[-77.10379,38.89578]},"properties":{"id":"node/5030719734","name":"Arlington VIP Spa","group":"personal_care","category":"shop=beauty","hours":"Tu-Fr 10:00-19:00; Sa 10:00-20:00; Su 11:00-17:00","phone":"+1-703-496-9990","website":"https://arlingtonvipspa.com/","housenumber":"3510","street":"Langston Boulevard","city":"Arlington","postcode":"22207"}},{"type":"Feature","geometry":{"type":"Point","coordinates":[-77.10452,38.89584]},"properties":{"id":"node/5030726368","name":"POM and More","group":"food","category":"amenity=restaurant","cuisine":"thai;filipino;chinese","hours":"Tu-Sa 12:00-16:00","phone":"+1-703-528-0300","housenumber":"3610","street":"Langston Boulevard","city":"Arlington","postcode":"22207"}},{"type":"Feature","geometry":{"type":"Point","coordinates":[-77.10469,38.89589]},"properties":{"id":"node/5030726370","name":"Muse Boutique Salon","group":"personal_care","category":"shop=hairdresser","hours":"Tu-Sa 10:00-19:00","phone":"+1 703-527-2777","housenumber":"3620","street":"Langston Boulevard","city":"Arlington","postcode":"22207"}},{"type":"Feature","geometry":{"type":"Point","coordinates":[-77.10681,38.89668]},"properties":{"id":"node/5030769144","name":"Siam Shinzo","group":"food","category":"amenity=restaurant","cuisine":"sushi;japanese","hours":"Tu-Sa 11:00-21:00; Su 11:00-20:00","phone":"+1-703-528-5833","website":"https://siamshinzo.com/","housenumber":"3813","street":"Langston Boulevard","city":"Arlington","postcode":"22207"}},{"type":"Feature","geometry":{"type":"Point","coordinates":[-77.10694,38.89685]},"properties":{"id":"node/5030769145","name":"Sterling Picture Framing","group":"shopping","category":"shop=frame","phone":"+1-703-522-8383","website":"https://sterlingpictureframing.com/","housenumber":"2103","street":"North Pollard Street","city":"Arlington","postcode":"22207"}},{"type":"Feature","geometry":{"type":"Point","coordinates":[-77.10697,38.8968]},"properties":{"id":"node/5030769146","name":"Nails 2005","group":"personal_care","category":"shop=beauty","phone":"+1-703-351-6245","website":"http://aaaheightsstorage.com/nails2005salon","housenumber":"2101","street":"North Pollard Street","city":"Arlington","postcode":"22207"}},{"type":"Feature","geometry":{"type":"Point","coordinates":[-77.10748,38.89713]},"properties":{"id":"node/5030769147","name":"Billy's Deli/Cafe","group":"food","category":"amenity=restaurant","cuisine":"american;kebab","hours":"Mo-Sa 10:30-21:00; Su 12:00-20:30","phone":"+1-703-741-0757","website":"https://www.billysdelicafemenu.com/","housenumber":"3907","street":"Langston Boulevard","city":"Arlington","postcode":"22207"}},{"type":"Feature","geometry":{"type":"Point","coordinates":[-77.10754,38.89715]},"properties":{"id":"node/5030769148","name":"Bostan Uyghur Cuisine","group":"food","category":"amenity=restaurant","hours":"Mo 11:00-20:30; Tu,We,Th,Su 11:00-22:00; Fr-Sa 11:00-22:30","phone":"+1-703-527-2026","website":"https://bostan-uyghur-cuisine.business.site/","housenumber":"3911","street":"Langston Boulevard","city":"Arlington","postcode":"22207"}},{"type":"Feature","geometry":{"type":"Point","coordinates":[-77.05836,38.82358]},"properties":{"id":"node/5042978815","name":"La Brocante","group":"shopping","category":"shop=interior_decoration","housenumber":"1904","street":"Mount Vernon Avenue"}},{"type":"Feature","geometry":{"type":"Point","coordinates":[-77.05861,38.824]},"properties":{"id":"node/5042998928","name":"Majestic Lounge","group":"food","category":"amenity=bar","hours":"Mo-Su 16:30-10:00","phone":"+1-703-549-5051","housenumber":"2000","street":"Mount Vernon Avenue","city":"Alexandria","postcode":"22301"}},{"type":"Feature","geometry":{"type":"Point","coordinates":[-77.05803,38.82381]},"properties":{"id":"node/5043006922","name":"Del Ray Farmhouse Market & Garden","group":"shopping","category":"shop=garden_centre","housenumber":"1913","street":"Mount Vernon Avenue"}},{"type":"Feature","geometry":{"type":"Point","coordinates":[-77.06308,38.84163]},"properties":{"id":"node/5073216822","name":"Tiger Market","group":"groceries","category":"shop=supermarket","street":"Mount Vernon Avenue"}},{"type":"Feature","geometry":{"type":"Point","coordinates":[-77.05204,38.83507]},"properties":{"id":"node/5084404344","name":"Just Tires","group":"services","category":"shop=car_repair"}},{"type":"Feature","geometry":{"type":"Point","coordinates":[-77.05174,38.83382]},"properties":{"id":"node/5084422795","name":"Omar's Pitas & Platters","group":"food","category":"amenity=restaurant","cuisine":"arab","hours":"Mo-Su 11:00-00:00","website":"https://www.toasttab.com/local/order/omars-pitas-and-platters-3100-richmond-hwy/r-1a325216-99ea-44bc-bdea-72451b9828ca","housenumber":"3100","street":"Richmond Highway","city":"Alexandria","postcode":"22305"}},{"type":"Feature","geometry":{"type":"Point","coordinates":[-77.04757,38.80088]},"properties":{"id":"node/5104711265","name":"Cosmetic Hearing Solutions","group":"personal_care","category":"shop=hearing_aids","hours":"Mo-Fr 09:00-17:00","phone":"+1-571-312-7345","website":"https://cosmetichearingsolutions.com","housenumber":"424","street":"South Washington Street","city":"Alexandria","postcode":"22314"}},{"type":"Feature","geometry":{"type":"Point","coordinates":[-77.05377,38.80552]},"properties":{"id":"node/5111335656","name":"Casa Rosada Artisan Gelato","group":"food","category":"amenity=cafe","cuisine":"ice_cream","hours":"Mo-Su 12:00-21:00","housenumber":"111","street":"South Payne Street","city":"Alexandria","postcode":"22314"}},{"type":"Feature","geometry":{"type":"Point","coordinates":[-77.06235,38.80266]},"properties":{"id":"node/5165071228","name":"DeLuxe Nails","group":"personal_care","category":"shop=beauty"}},{"type":"Feature","geometry":{"type":"Point","coordinates":[-77.06324,38.80291]},"properties":{"id":"node/5165098021","name":"Sandellas Flatbread Cafe","group":"food","category":"amenity=cafe"}},{"type":"Feature","geometry":{"type":"Point","coordinates":[-77.05868,38.82438]},"properties":{"id":"node/5198384444","name":"Vintage Dress Company","group":"shopping","category":"shop=clothes","website":"https://www.vintagedresscompany.com/","housenumber":"2016","street":"Mount Vernon Avenue"}},{"type":"Feature","geometry":{"type":"Point","coordinates":[-77.0981,38.88517]},"properties":{"id":"node/5212762855","name":"T&J Auto Body","group":"services","category":"shop=car_repair","phone":"+1 703-524-7622"}},{"type":"Feature","geometry":{"type":"Point","coordinates":[-77.09857,38.88473]},"properties":{"id":"node/5212762856","name":"C&G Imports","group":"shopping","category":"shop=car"}},{"type":"Feature","geometry":{"type":"Point","coordinates":[-77.10351,38.8828]},"properties":{"id":"node/5212763636","name":"Le Caf\u00e9 Market","group":"food","category":"amenity=cafe","hours":"Mo-Fr 07:00-21:00; Sa 08:00-21:00; Su 09:00-20:00","phone":"+1 703-527-6000","website":"https://www.lecafemarket.com/","housenumber":"901","street":"North Nelson Street"}},{"type":"Feature","geometry":{"type":"Point","coordinates":[-77.09361,38.88747]},"properties":{"id":"node/5212813526","name":"Oasis: The Listening Bar","group":"food","category":"amenity=restaurant","cuisine":"japanese;sushi","hours":"Su-Th 11:30-22:00; Fr-Sa 11:30-23:00","phone":"+1-703-512-3068","website":"https://oasisthelisteningbar.com/","housenumber":"2940","street":"Clarendon Boulevard","city":"Arlington","postcode":"22201"}},{"type":"Feature","geometry":{"type":"Point","coordinates":[-77.09333,38.88837]},"properties":{"id":"node/5212815321","name":"Maison Cheryl","group":"food","category":"amenity=restaurant","cuisine":"french","hours":"Mo-Tu 17:00-22:30; We-Th 11:30-22:30; Fr 11:30-23:30; Sa 11:15-23:30; Su 11:15-22:30","phone":"+1-703-664-0509","website":"https://www.maisoncheryl.com/","housenumber":"2900","street":"Wilson Boulevard","city":"Arlington","postcode":"22201-3851"}},{"type":"Feature","geometry":{"type":"Point","coordinates":[-77.10377,38.88294]},"properties":{"id":"node/5212975625","name":"Mimi Day Spa","group":"personal_care","category":"shop=beauty","hours":"Mo-Fr 10:00-20:00; Sa 09:00-18:00; Su 10:00-17:00","phone":"+1 571-551-2917","website":"http://miminailsnspa.com"}},{"type":"Feature","geometry":{"type":"Point","coordinates":[-77.10607,38.88226]},"properties":{"id":"node/5212977028","name":"Ballston Barber Shop","group":"personal_care","category":"shop=hairdresser","hours":"Mo-Fr 10:00-19:00; Sa 09:00-18:00; Su 10:00-17:00"}},{"type":"Feature","geometry":{"type":"Point","coordinates":[-77.09016,38.88068]},"properties":{"id":"node/5360087325","name":"Zapatat","group":"personal_care","category":"shop=beauty","website":"https://www.zapatat.net/","housenumber":"2731","street":"Washington Boulevard","city":"Arlington","postcode":"22201"}},{"type":"Feature","geometry":{"type":"Point","coordinates":[-77.04794,38.80542]},"properties":{"id":"node/5406914418","name":"Locksmith Alexandria","group":"services","category":"shop=locksmith","hours":"24/7","phone":"+1-703-635-3340","website":"https://www.locksmithalexandria.com/","housenumber":"101","street":"North Columbus Street","city":"Alexandria","postcode":"22314"}},{"type":"Feature","geometry":{"type":"Point","coordinates":[-77.06167,38.80186]},"properties":{"id":"node/5444142276","name":"Frizzles","group":"personal_care","category":"shop=hairdresser","hours":"Su 10:00-15:00; Mo 10:00-19:00; Tu-Th 09:30-20:00; Fr 09:00-18:00; Sa 10:00-15:00","housenumber":"534","street":"John Carlyle Street","city":"Alexandria","postcode":"22314"}},{"type":"Feature","geometry":{"type":"Point","coordinates":[-77.06166,38.80195]},"properties":{"id":"node/5444142277","name":"Georgetown Valet","group":"services","category":"shop=dry_cleaning","hours":"Mo-Th 07:30-19:00; Fr 07:30-18:30; Sa 09:00-18:00","housenumber":"530","street":"John Carlyle Street","city":"Alexandria","postcode":"22314"}},{"type":"Feature","geometry":{"type":"Point","coordinates":[-77.06164,38.80206]},"properties":{"id":"node/5444142279","name":"Sweet Fire Donna's","group":"food","category":"amenity=restaurant","cuisine":"barbecue","hours":"Su-We 11:00-22:00; Th-Sa 11:00-12:00","phone":"+1 571-312-7960","website":"https://sweetfiredonnas.com/","housenumber":"510","street":"John Carlyle Street","city":"Alexandria","postcode":"22314"}},{"type":"Feature","geometry":{"type":"Point","coordinates":[-77.06163,38.80216]},"properties":{"id":"node/5444142280","name":"Divine Nail Spa","group":"personal_care","category":"shop=beauty","hours":"Mo-Fr 10:00-20:00; Sa 09:00-19:00; Su 11:00-17:00","phone":"+1-703-566-3277","housenumber":"506","street":"John Carlyle Street","city":"Alexandria","postcode":"22314"}},{"type":"Feature","geometry":{"type":"Point","coordinates":[-77.06187,38.80272]},"properties":{"id":"node/5448974168","name":"purebare","group":"shopping","category":"shop=clothes","housenumber":"429","street":"John Carlyle Street","city":"Alexandria","postcode":"22314"}},{"type":"Feature","geometry":{"type":"Point","coordinates":[-77.04376,38.80595]},"properties":{"id":"node/5468796400","name":"Caphe Banh Mi","group":"food","category":"amenity=restaurant","cuisine":"vietnamese","phone":"+1-703-549-0800","website":"https://www.caphebanhmi.com/","housenumber":"407","street":"Cameron Street","city":"Alexandria","postcode":"22314-3221"}},{"type":"Feature","geometry":{"type":"Point","coordinates":[-77.06005,38.86284]},"properties":{"id":"node/5469863148","name":"Matchbox","group":"food","category":"amenity=restaurant","cuisine":"american","phone":"+1-703-340-3884","website":"https://www.matchboxrestaurants.com/","housenumber":"1100","street":"South Hayes Street","city":"Arlington","postcode":"22202-4907"}},{"type":"Feature","geometry":{"type":"Point","coordinates":[-77.04271,38.85608]},"properties":{"id":"node/5556437474","name":"Pen & Prose Express","group":"shopping","category":"shop=gift"}},{"type":"Feature","geometry":{"type":"Point","coordinates":[-77.04292,38.85582]},"properties":{"id":"node/5556437476","name":"American Tap Room","group":"food","category":"amenity=restaurant","cuisine":"american","hours":"Mo-Su 05:00-22:30","phone":"+1-703-417-2140","city":"Arlington","postcode":"22202"}},{"type":"Feature","geometry":{"type":"Point","coordinates":[-77.09245,38.86097]},"properties":{"id":"node/5567050786","name":"Amity Nail Spa","group":"personal_care","category":"shop=beauty"}},{"type":"Feature","geometry":{"type":"Point","coordinates":[-77.05597,38.80608]},"properties":{"id":"node/5567913752","name":"Alexandria Kitchen & Bath Studio","group":"services","category":"shop=remodeling","housenumber":"1502","street":"King Street"}},{"type":"Feature","geometry":{"type":"Point","coordinates":[-77.04157,38.85202]},"properties":{"id":"node/5569928291","name":"Grille District","group":"food","category":"amenity=restaurant","cuisine":"american","phone":"+1-703-413-0193","housenumber":"2500","street":"National Avenue","city":"Arlington","postcode":"22202"}},{"type":"Feature","geometry":{"type":"Point","coordinates":[-77.08242,38.79436]},"properties":{"id":"node/5589301164","name":"Helena's Mexican Restaurant","group":"food","category":"amenity=restaurant","cuisine":"mexican","housenumber":"5735","street":"Telegraph Road","city":"Alexandria","postcode":"22303"}},{"type":"Feature","geometry":{"type":"Point","coordinates":[-77.08167,38.79691]},"properties":{"id":"node/5589301168","name":"Telegraph BP","group":"services","category":"shop=car_repair","phone":"+1 703-640-3990"}},{"type":"Feature","geometry":{"type":"Point","coordinates":[-77.04964,38.85502]},"properties":{"id":"node/5640147125","name":"We The Pizza","group":"food","category":"amenity=fast_food","cuisine":"pizza","hours":"Mo-Th 11:00-22:00; Fr-Sa 11:00-23:00; Su 11:30-22:00","phone":"+1 703-415-7992","website":"https://wethepizza.com/","housenumber":"2100","street":"Crystal Drive"}},{"type":"Feature","geometry":{"type":"Point","coordinates":[-77.04966,38.85466]},"properties":{"id":"node/5640147128","name":"Neramitra Thai","group":"food","category":"amenity=restaurant","cuisine":"thai","hours":"Mo-Sa 11:00-14:30,16:00-20:30; Su off","phone":"+1 703-413-8886","website":"https://www.neramitrathaicuisine.com/","housenumber":"2200","street":"Crystal Drive"}},{"type":"Feature","geometry":{"type":"Point","coordinates":[-77.08749,38.86256]},"properties":{"id":"node/5668109454","name":"Boru Ramen","group":"food","category":"amenity=restaurant","cuisine":"ramen","hours":"Mo-Su 11:00-15:00, 16:00-22:00","phone":"+1 703-521-2811","website":"https://boru-ramen.com/","housenumber":"2915","street":"Columbia Pike"}},{"type":"Feature","geometry":{"type":"Point","coordinates":[-77.09451,38.86079]},"properties":{"id":"node/5669492455","name":"CarBridge Auto Motors","group":"shopping","category":"shop=car","phone":"+1 703-888-1439","website":"https://www.carbridgeautomotors.com/"}},{"type":"Feature","geometry":{"type":"Point","coordinates":[-77.05771,38.81989]},"properties":{"id":"node/5694724341","name":"eye2eye","group":"personal_care","category":"shop=optician","hours":"Mo-Fr 09:00-18:00; Sa 09:00-13:00","housenumber":"1502","street":"Mount Vernon Avenue"}},{"type":"Feature","geometry":{"type":"Point","coordinates":[-77.05777,38.82007]},"properties":{"id":"node/5694740083","name":"Cloud 9","group":"personal_care","category":"shop=beauty","phone":"+1-571-451-6518","website":"https://cloud9sc.com/","housenumber":"1506","street":"Mount Vernon Avenue"}},{"type":"Feature","geometry":{"type":"Point","coordinates":[-77.05772,38.82009]},"properties":{"id":"node/5694742547","name":"Benny Diforza's Pizza","group":"food","category":"amenity=restaurant","cuisine":"pizza","hours":"Su-We 11:00-22:00; Th-Sa 11:00-00:00","phone":"+17034032422","website":"http://www.bennydiforzas.com/","housenumber":"1504","street":"Mount Vernon Avenue","city":"Alexandria"}},{"type":"Feature","geometry":{"type":"Point","coordinates":[-77.0517,38.83209]},"properties":{"id":"node/5694905868","name":"Bingo Tires","group":"services","category":"shop=tyres"}},{"type":"Feature","geometry":{"type":"Point","coordinates":[-77.052,38.83246]},"properties":{"id":"node/5694908633","name":"Boyles Motor Sales","group":"shopping","category":"shop=car","phone":"+1-703-684-5221"}},{"type":"Feature","geometry":{"type":"Point","coordinates":[-77.05218,38.83254]},"properties":{"id":"node/5694911041","name":"R. Bratti Associates","group":"services","category":"craft=stonemason"}},{"type":"Feature","geometry":{"type":"Point","coordinates":[-77.05163,38.83186]},"properties":{"id":"node/5694914163","name":"Angel's Car Radio","group":"services","category":"shop=car_repair","phone":"+1-703-683-2553"}},{"type":"Feature","geometry":{"type":"Point","coordinates":[-77.05447,38.80554]},"properties":{"id":"node/5777671584","name":"VIP Pet","group":"services","category":"shop=pet_grooming","housenumber":"110","street":"South West Street","city":"Alexandria"}},{"type":"Feature","geometry":{"type":"Point","coordinates":[-77.05258,38.86311]},"properties":{"id":"node/5845579632","name":"Sunshine Massage Center","group":"personal_care","category":"shop=massage","hours":"Mo-Su 10:00-22:00","phone":"+1-703-416-6699","website":"https://www.sunshinemassagecenter.com/","housenumber":"401","street":"12th Street South","city":"Arlington","postcode":"22202"}},{"type":"Feature","geometry":{"type":"Point","coordinates":[-77.08626,38.80904]},"properties":{"id":"node/5923132987","name":"PhD for Hair","group":"personal_care","category":"shop=hairdresser"}},{"type":"Feature","geometry":{"type":"Point","coordinates":[-77.11211,38.85614]},"properties":{"id":"node/6008712784","name":"Phoenix Bikes","group":"shopping","category":"shop=bicycle","hours":"Tu-Fr 10:30-18:00; Sa 10:30-16:00","website":"https://www.phoenixbikes.org/"}},{"type":"Feature","geometry":{"type":"Point","coordinates":[-77.11373,38.85566]},"properties":{"id":"node/6008713103","name":"L.A. Nails","group":"personal_care","category":"shop=beauty","housenumber":"5031","street":"Columbia Pike","postcode":"22204"}},{"type":"Feature","geometry":{"type":"Point","coordinates":[-77.11405,38.85555]},"properties":{"id":"node/6008713287","name":"Meda Coffee & Kitchen","group":"food","category":"amenity=restaurant","cuisine":"ethiopian","hours":"Mo-Su 08:00-23:00","phone":"+1 571-312-0599","website":"https://medacoffeekitchen.com/","housenumber":"5037","street":"Columbia Pike","city":"Arlington","postcode":"22204"}},{"type":"Feature","geometry":{"type":"Point","coordinates":[-77.11294,38.85625]},"properties":{"id":"node/6010861856","name":"Megamart Express","group":"groceries","category":"shop=supermarket"}},{"type":"Feature","geometry":{"type":"Point","coordinates":[-77.10959,38.88013]},"properties":{"id":"node/6016362875","name":"Coatroom","group":"personal_care","category":"shop=beauty"}},{"type":"Feature","geometry":{"type":"Point","coordinates":[-77.10734,38.88011]},"properties":{"id":"node/6016366497","name":"Urban Tandoor","group":"food","category":"amenity=restaurant","cuisine":"indian","hours":"Mo-Su 11:30-22:00","phone":"+1 703-567-1432","website":"https://www.utandoorva.com/","housenumber":"801","street":"North Quincy Street","city":"Arlington","postcode":"22203-1708"}},{"type":"Feature","geometry":{"type":"Point","coordinates":[-77.10576,38.88053]},"properties":{"id":"node/6016366804","name":"Salons by JC","group":"personal_care","category":"shop=hairdresser","website":"https://salonsbyjc.com/"}},{"type":"Feature","geometry":{"type":"Point","coordinates":[-77.09347,38.88872]},"properties":{"id":"node/6045392446","name":"Classic Cigars - British Goodies","group":"groceries","category":"shop=grocery","housenumber":"2907","street":"Wilson Boulevard","city":"Arlington","postcode":"22201"}},{"type":"Feature","geometry":{"type":"Point","coordinates":[-77.11027,38.88086]},"properties":{"id":"node/6052771207","name":"Natural Cafe market & deli","group":"groceries","category":"shop=convenience","hours":"Mo-Th 06:30-22:30; Fr 06:30-23:55; Sa 08:00-23:55; Su 08:00-22:00"}},{"type":"Feature","geometry":{"type":"Point","coordinates":[-77.11013,38.88086]},"properties":{"id":"node/6052771214","name":"Nova Therapeutic Massage - AVA Ballston Square","group":"personal_care","category":"shop=massage","hours":"Mo-Su 10:00-21:00","phone":"+1 703-558-3633","website":"https://www.novatherapeuticmassage.com/nova-therapeutic-massage-ballston-quarter/massage","housenumber":"850","street":"North Randolph Street","city":"Arlington","postcode":"22203"}},{"type":"Feature","geometry":{"type":"Point","coordinates":[-77.10901,38.88135]},"properties":{"id":"node/6052771903","name":"Salon Istanbul","group":"personal_care","category":"shop=hairdresser","phone":"+1 703-525-6444"}},{"type":"Feature","geometry":{"type":"Point","coordinates":[-77.1097,38.88087]},"properties":{"id":"node/6052771985","name":"Lincoln Cleaners","group":"services","category":"shop=dry_cleaning","hours":"Mo-Fr 07:00-19:00; Sa 08:00-18:00"}},{"type":"Feature","geometry":{"type":"Point","coordinates":[-77.07056,38.80532]},"properties":{"id":"node/6055509861","name":"Veronica's Bakery and Cafe","group":"food","category":"shop=bakery","hours":"Mo-Fr 06:00-15:00","housenumber":"2387","street":"South Dove Street"}},{"type":"Feature","geometry":{"type":"Point","coordinates":[-77.07057,38.80525]},"properties":{"id":"node/6055515355","name":"Alexandria Clay Co-Op","group":"services","category":"craft=pottery","hours":"Sa 12:00-20:00; Tu 13:00-22:00","phone":"+1-703-672-2419","website":"https://www.alexandriaclaycoop.com/","housenumber":"2389","street":"South Dove Street"}},{"type":"Feature","geometry":{"type":"Point","coordinates":[-77.07058,38.80517]},"properties":{"id":"node/6055520903","name":"Happy Cat Hotel & Spa","group":"shopping","category":"shop=pet","phone":"+1-703-570-4105","website":"https://happycathotel.com/alexandria/","housenumber":"2391","street":"South Dove Street"}},{"type":"Feature","geometry":{"type":"Point","coordinates":[-77.07027,38.80505]},"properties":{"id":"node/6055565813","name":"Full Metal Jacket","group":"shopping","category":"shop=weapons","hours":"Tu-Sa 10:00-18:00","phone":"+1-703-683-3795","website":"https://fullmetaljacket.com/","housenumber":"2379","street":"South Dove Street"}},{"type":"Feature","geometry":{"type":"Point","coordinates":[-77.08732,38.8903]},"properties":{"id":"node/6123973735","name":"Me Jana","group":"food","category":"amenity=restaurant","cuisine":"lebanese","hours":"Mo-Th, Su 11:00-21:30; Fr, Sa 11:00-22:30","phone":"+1 703-465-4440","website":"https://mejanarestaurant.com/","housenumber":"2300","street":"Clarendon Boulevard","city":"Arlington","postcode":"22201-3300"}},{"type":"Feature","geometry":{"type":"Point","coordinates":[-77.06062,38.86343]},"properties":{"id":"node/6129585089","name":"Villa Pizza","group":"food","category":"amenity=fast_food","cuisine":"pizza"}},{"type":"Feature","geometry":{"type":"Point","coordinates":[-77.10749,38.88172]},"properties":{"id":"node/6131052771","name":"Cleamers","group":"services","category":"shop=dry_cleaning","hours":"Mo-Fr 07:00-19:00; Sa 08:00-18:00","housenumber":"921","street":"North Quincy Street"}},{"type":"Feature","geometry":{"type":"Point","coordinates":[-77.09515,38.88459]},"properties":{"id":"node/6131289308","name":"Willy and Habib's Barber Shop","group":"personal_care","category":"shop=hairdresser","phone":"+1-703-527-1424","housenumber":"3107","street":"10th Street North","city":"Arlington","postcode":"22201"}},{"type":"Feature","geometry":{"type":"Point","coordinates":[-77.09535,38.88459]},"properties":{"id":"node/6131289310","name":"AA Locksmith Service Co.","group":"services","category":"shop=locksmith","phone":"+1-703-521-4990","housenumber":"3113","street":"10th Street North","city":"Arlington","postcode":"22201"}},{"type":"Feature","geometry":{"type":"Point","coordinates":[-77.09508,38.88459]},"properties":{"id":"node/6131289313","name":"New Era Eyecare","group":"personal_care","category":"shop=optician","hours":"Mo-Tu 09:00-18:30; We-Fr 10:00-18:30; Sa 09:00-16:00","phone":"+1-703-243-2500","website":"https://www.neweraeyecare.com/hours-location/new-era-eyecare-arlington-va/","housenumber":"3105","street":"10th Street North","city":"Arlington","postcode":"22201"}},{"type":"Feature","geometry":{"type":"Point","coordinates":[-77.09529,38.88459]},"properties":{"id":"node/6131289315","name":"Laser of Arlington","group":"personal_care","category":"shop=beauty","hours":"Mo 10:00-14:00; Tu-Fr 10:00-19:00; Sa 11:00-17:00","phone":"+1-703-812-5025","website":"https://www.laserofarlington.com/","housenumber":"3111","street":"10th Street North","city":"Arlington","postcode":"22201"}},{"type":"Feature","geometry":{"type":"Point","coordinates":[-77.06017,38.86326]},"properties":{"id":"node/6139435202","name":"Brighton","group":"shopping","category":"shop=jewelry"}},{"type":"Feature","geometry":{"type":"Point","coordinates":[-77.06041,38.86283]},"properties":{"id":"node/6139435216","name":"Belmont Jewelers","group":"shopping","category":"shop=jewelry"}},{"type":"Feature","geometry":{"type":"Point","coordinates":[-77.06041,38.8629]},"properties":{"id":"node/6139435218","name":"Intissimi","group":"shopping","category":"shop=clothes"}},{"type":"Feature","geometry":{"type":"Point","coordinates":[-77.06124,38.86297]},"properties":{"id":"node/6139435229","name":"Panda Tea House","group":"food","category":"amenity=cafe","cuisine":"bubble_tea","phone":"+1-703-470-3928","website":"http://www.panda-teahouse.com/","housenumber":"1100","street":"South Hayes Street","city":"Arlington","postcode":"22202-4907"}},{"type":"Feature","geometry":{"type":"Point","coordinates":[-77.08987,38.8901]},"properties":{"id":"node/6141050999","name":"Current Boutique","group":"shopping","category":"shop=clothes","website":"https://www.currentboutique.com"}},{"type":"Feature","geometry":{"type":"Point","coordinates":[-77.08769,38.89093]},"properties":{"id":"node/6141051000","name":"Verre","group":"food","category":"amenity=cafe","hours":"Mo-Su 11:30-15:00, 16:00-22:00"}},{"type":"Feature","geometry":{"type":"Point","coordinates":[-77.08643,38.89133]},"properties":{"id":"node/6141051001","name":"Gallery Cleaners","group":"services","category":"shop=dry_cleaning"}},{"type":"Feature","geometry":{"type":"Point","coordinates":[-77.09757,38.88529]},"properties":{"id":"node/6141051173","name":"Lady Octopus Tattoos","group":"personal_care","category":"shop=tattoo","phone":"+1 703-528-1099","website":"http://www.ladyoctopus.tattoo/"}},{"type":"Feature","geometry":{"type":"Point","coordinates":[-77.08754,38.89098]},"properties":{"id":"node/6141051175","name":"Hyatt","group":"food","category":"amenity=bar"}},{"type":"Feature","geometry":{"type":"Point","coordinates":[-77.08608,38.891]},"properties":{"id":"node/6141051176","name":"Leila Color Salon","group":"personal_care","category":"shop=hairdresser","hours":"Mo-Th 11:00-19:00; Fr 11:00-21:00; Sa 11:00-17:00","phone":"+1-703-524-1816","website":"https://www.leilascolorsalon.com/","housenumber":"2200","street":"Wilson Boulevard","city":"Arlington","postcode":"22201"}},{"type":"Feature","geometry":{"type":"Point","coordinates":[-77.10129,38.88279]},"properties":{"id":"node/6141052642","name":"Aura Day Spa","group":"personal_care","category":"shop=beauty","hours":"Mo-Fr 10:00-19:30; Sa 09:00-19:00; Su 11:00-17:00","phone":"+1 703-807-0005","website":"https://vaauradayspa.com/","housenumber":"3437","street":"Wilson Boulevard"}},{"type":"Feature","geometry":{"type":"Point","coordinates":[-77.09474,38.88749]},"properties":{"id":"node/6141053686","name":"Hanabi Ramen","group":"food","category":"amenity=restaurant","cuisine":"ramen","hours":"Tu-Su 11:30-21:30","phone":"+1 703-867-5516","website":"https://www.hanabiramensusa.com/","housenumber":"3024","street":"Wilson Boulevard","city":"Arlington","postcode":"22201"}},{"type":"Feature","geometry":{"type":"Point","coordinates":[-77.08096,38.89276]},"properties":{"id":"node/6141419229","name":"BiBiMix","group":"food","category":"amenity=restaurant","cuisine":"korean","hours":"Mo-Su 11:00-21:30","phone":"+1 703-387-0131","website":"https://www.bibimixbowl.com/","housenumber":"1910","street":"Wilson Boulevard","city":"Arlington","postcode":"22201"}},{"type":"Feature","geometry":{"type":"Point","coordinates":[-77.08118,38.89264]},"properties":{"id":"node/6141426112","name":"Oasis Nails Spa","group":"personal_care","category":"shop=beauty","phone":"+1-703-522-1918","website":"https://oasisnailsnspa.com/","housenumber":"1918","street":"Wilson Boulevard","city":"Arlington","postcode":"22201"}},{"type":"Feature","geometry":{"type":"Point","coordinates":[-77.10452,38.87374]},"properties":{"id":"node/6152216233","name":"Viamericas","group":"shopping","category":"shop=mobile_phone","hours":"Mo-Su 10:00-20:00","housenumber":"241","street":"North Glebe Road","postcode":"22203"}},{"type":"Feature","geometry":{"type":"Point","coordinates":[-77.11696,38.88228]},"properties":{"id":"node/6154374634","name":"Eat Cafe & Bites","group":"food","category":"amenity=restaurant","hours":"Mo-Fr 12:00-19:00","phone":"+1-703-526-6912","website":"https://marymountdining.sodexomyway.com/dining-near-me/eat-cafe","housenumber":"1000","street":"North Glebe Road","city":"Arlington","postcode":"22201"}},{"type":"Feature","geometry":{"type":"Point","coordinates":[-77.11546,38.88071]},"properties":{"id":"node/6160467141","name":"Carpool","group":"food","category":"amenity=restaurant","hours":"Mo-Fr 16:00-26:00; Sa-Su 12:00-26:00","phone":"+1-703-516-7665","website":"https://www.gocarpool.com/","housenumber":"900","street":"North Glebe Road","city":"Arlington","postcode":"22203"}},{"type":"Feature","geometry":{"type":"Point","coordinates":[-77.11753,38.84755]},"properties":{"id":"node/6168666717","name":"Z Kabob","group":"food","category":"amenity=restaurant","cuisine":"kebab","hours":"Mo-Su 11:00-22:00","phone":"+1-703-820-6735","website":"https://zkabob.com/falls-church/","housenumber":"3531","street":"South Jefferson Street","city":"Falls Church","postcode":"22041"}},{"type":"Feature","geometry":{"type":"Point","coordinates":[-77.11765,38.84736]},"properties":{"id":"node/6168666719","name":"Rio Medical Supplies","group":"groceries","category":"shop=medical_supply","hours":"Mo-Fr 09:00-20:00; Sa 10:00-20:00; Su 11:00-18:00","phone":"+1-703-931-9600","website":"https://www.riomedicalus.com/","housenumber":"3535","street":"South Jefferson Street","city":"Falls Church","postcode":"22041"}},{"type":"Feature","geometry":{"type":"Point","coordinates":[-77.09338,38.88758]},"properties":{"id":"node/6169991272","name":"Urban Halo Salon","group":"personal_care","category":"shop=hairdresser","hours":"Mo off; Tu-Fr 10:00-20:00; Sa 09:00-18:00; Su 12:00-17:00","phone":"+1-703-527-4256","website":"https://urbanhalosalonarlington.com/","housenumber":"2900","street":"Clarendon Boulevard","city":"Arlington","postcode":"22201"}},{"type":"Feature","geometry":{"type":"Point","coordinates":[-77.1147,38.88022]},"properties":{"id":"node/6171696817","name":"Gute Leute","group":"food","category":"amenity=cafe","hours":"Mo-Th 08:00-17:00; Fr 08:00-20:00; Sa-Su 09:00-20:00","housenumber":"800","street":"North Glebe Road","city":"Arlington","postcode":"22203"}},{"type":"Feature","geometry":{"type":"Point","coordinates":[-77.0409,38.8042]},"properties":{"id":"node/6226211833","name":"Urbano 116","group":"food","category":"amenity=restaurant","cuisine":"mexican","hours":"Su-We 11:00-23:00; Th-Sa 11:00-00:00","phone":"+1 571-970-5148","website":"https://www.urbano116.com/","housenumber":"116","street":"King Street","city":"Alexandria","postcode":"22314"}},{"type":"Feature","geometry":{"type":"Point","coordinates":[-77.05665,38.80642]},"properties":{"id":"node/6233990292","name":"Hooray For Books","group":"shopping","category":"shop=books"}},{"type":"Feature","geometry":{"type":"Point","coordinates":[-77.10998,38.87931]},"properties":{"id":"node/6245631068","name":"Punch Bowl Social","group":"food","category":"amenity=restaurant","hours":"Mo-Fr 11:00-02:00; Sa 09:00-02:00; Su 09:00-00:00","phone":"+1-571-297-7640","website":"https://www.punchbowlsocial.com/location/arlington","housenumber":"4238","street":"Wilson Boulevard","city":"Arlington","postcode":"22203-1823"}},{"type":"Feature","geometry":{"type":"Point","coordinates":[-77.04298,38.85283]},"properties":{"id":"node/6245900411","name":"Ink by Hudson","group":"shopping","category":"shop=books"}},{"type":"Feature","geometry":{"type":"Point","coordinates":[-77.11183,38.88086]},"properties":{"id":"node/6247246980","name":"Mike's","group":"food","category":"amenity=cafe","hours":"Mo-Fr 07:00-19:00; Sa 08:00-15:00","phone":"+1 703-312-7371","website":"https://order.pbsus.com/mikes","housenumber":"900","street":"North Stuart Street","city":"Arlington","postcode":"22203"}},{"type":"Feature","geometry":{"type":"Point","coordinates":[-77.04136,38.85027]},"properties":{"id":"node/6269020286","name":"Atlas Brew Works","group":"food","category":"amenity=pub"}},{"type":"Feature","geometry":{"type":"Point","coordinates":[-77.04141,38.85038]},"properties":{"id":"node/6269020287","name":"Zeke's Coffee","group":"food","category":"shop=coffee"}},{"type":"Feature","geometry":{"type":"Point","coordinates":[-77.11229,38.88082]},"properties":{"id":"node/6280990937","name":"Rainbow Cleaners","group":"services","category":"shop=dry_cleaning","hours":"Mo-Fr 07:00-19:00; Sa 09:00-18:00"}},{"type":"Feature","geometry":{"type":"Point","coordinates":[-77.11081,38.88089]},"properties":{"id":"node/6288788846","name":"Bearded Goat Barber","group":"personal_care","category":"shop=hairdresser","hours":"Mo-Th 10:00-20:00; Fr, Sa 10:00-18:00; Su 10:00-16:00","phone":"+1 703-243-5476","website":"https://www.beardedgoatbarber.com/","housenumber":"4201","street":"9th Street North"}},{"type":"Feature","geometry":{"type":"Point","coordinates":[-77.05182,38.80815]},"properties":{"id":"node/6294469388","name":"Hawwi","group":"food","category":"amenity=restaurant","cuisine":"ethiopian","housenumber":"1125","street":"Queen Street","city":"Alexandria","postcode":"22314"}},{"type":"Feature","geometry":{"type":"Point","coordinates":[-77.10891,38.88122]},"properties":{"id":"node/6311384520","name":"Randolph Custom Tailoring","group":"services","category":"shop=tailor"}},{"type":"Feature","geometry":{"type":"Point","coordinates":[-77.1087,38.8813]},"properties":{"id":"node/6311386000","name":"Starlight Nails","group":"personal_care","category":"shop=beauty","website":"https://www.starlightnailsva.com/"}},{"type":"Feature","geometry":{"type":"Point","coordinates":[-77.10892,38.88129]},"properties":{"id":"node/6311386001","name":"Golden Shoe Repair","group":"services","category":"shop=shoe_repair"}},{"type":"Feature","geometry":{"type":"Point","coordinates":[-77.08557,38.89031]},"properties":{"id":"node/6320716560","name":"Instyles Barbershop","group":"personal_care","category":"shop=hairdresser","hours":"Mo-Fr 10:00-20:00; Sa 09:00-18:30","phone":"+1-703-875-0050","website":"http://instylesbarbershop.com/","housenumber":"2200","street":"Clarendon Boulevard","city":"Arlington","postcode":"22201"}},{"type":"Feature","geometry":{"type":"Point","coordinates":[-77.11126,38.8796]},"properties":{"id":"node/6329824917","name":"Cookology","group":"food","category":"amenity=restaurant"}},{"type":"Feature","geometry":{"type":"Point","coordinates":[-77.10813,38.8815]},"properties":{"id":"node/6340290140","name":"Mac Donald eye care PLLC","group":"personal_care","category":"shop=optician","hours":"Tu-Fr 10:00-19:00; Sa 10:00-15:00","phone":"+1 703-527-7000","website":"http://www.eyecarearlington.com/","housenumber":"4001","street":"9th Street North","city":"Arlington","postcode":"22203"}},{"type":"Feature","geometry":{"type":"Point","coordinates":[-77.11125,38.87968]},"properties":{"id":"node/6351129750","name":"True Food","group":"food","category":"amenity=restaurant","cuisine":"american","hours":"Mo-Th 11:00-22:00; Fr 11:00-23:00; Sa 10:00-23:00; Su 10:00-21:00","phone":"+1 703-527-0930","website":"https://www.truefoodkitchen.com/arlington","housenumber":"4238","street":"Wilson Boulevard","city":"Arlington","postcode":"22203-1823"}},{"type":"Feature","geometry":{"type":"Point","coordinates":[-77.11097,38.88174]},"properties":{"id":"node/6352703735","name":"Sushi2go","group":"food","category":"amenity=restaurant","cuisine":"sushi","hours":"Mo-Sa 11:00-21:00","phone":"+1 703-243-4000","website":"https://sushi2gova.com","housenumber":"901","street":"North Stuart Street","city":"Arlington","postcode":"22203-0001"}},{"type":"Feature","geometry":{"type":"Point","coordinates":[-77.11258,38.87887]},"properties":{"id":"node/6380814580","name":"Good Company","group":"food","category":"amenity=cafe","cuisine":"donut","hours":"Mo-Su 07:00-16:00","phone":"+1 703-243-3000","website":"https://www.gocodough.com/"}},{"type":"Feature","geometry":{"type":"Point","coordinates":[-77.08158,38.80164]},"properties":{"id":"node/6385625360","name":"Hearing Benefit Services","group":"personal_care","category":"shop=hearing_aids","hours":"Mo-Fr 09:00-18:00; Sa-Su 11:00-15:00","phone":"+1-800-346-4112","website":"https://hearingbenefitservices.com/","housenumber":"2800","street":"Eisenhower Avenue","city":"Alexandria","postcode":"22314"}},{"type":"Feature","geometry":{"type":"Point","coordinates":[-77.04222,38.84836]},"properties":{"id":"node/6410526201","name":"CTY","group":"shopping","category":"shop=gift"}},{"type":"Feature","geometry":{"type":"Point","coordinates":[-77.04223,38.84844]},"properties":{"id":"node/6410526202","name":"District Bar","group":"food","category":"amenity=bar"}},{"type":"Feature","geometry":{"type":"Point","coordinates":[-77.04262,38.84834]},"properties":{"id":"node/6410526203","name":"CIBO Express","group":"groceries","category":"shop=convenience"}},{"type":"Feature","geometry":{"type":"Point","coordinates":[-77.07693,38.89415]},"properties":{"id":"node/6437352561","name":"Orange Line Living","group":"services","category":"shop=estate_agent","phone":"+1 703-996-8056","website":"http://www.livetheorangeline.com/"}},{"type":"Feature","geometry":{"type":"Point","coordinates":[-77.0682,38.84502]},"properties":{"id":"node/6439486687","name":"Padaek","group":"food","category":"amenity=restaurant","cuisine":"lao;thai","phone":"+1-703-533-9480","website":"https://padaekdc.com/","housenumber":"2931","street":"South Glebe Road","city":"Arlington","postcode":"22206"}},{"type":"Feature","geometry":{"type":"Point","coordinates":[-77.10954,38.87969]},"properties":{"id":"node/6442866577","name":"Union Kitchen Ballston","group":"food","category":"amenity=cafe","hours":"Mo-Su 07:30-21:00","phone":"+12027927850","website":"https://www.unionkitchen.com/","housenumber":"4102","street":"Wilson Boulevard","city":"Arlington","postcode":"22203"}},{"type":"Feature","geometry":{"type":"Point","coordinates":[-77.11086,38.87973]},"properties":{"id":"node/6446568956","name":"Sidekick","group":"food","category":"shop=bakery"}},{"type":"Feature","geometry":{"type":"Point","coordinates":[-77.11501,38.88183]},"properties":{"id":"node/6451918076","name":"Market Cafe","group":"food","category":"amenity=cafe"}},{"type":"Feature","geometry":{"type":"Point","coordinates":[-77.10727,38.87911]},"properties":{"id":"node/6484516924","name":"Perfect eyebrows","group":"personal_care","category":"shop=beauty","hours":"Mo-We 10:00-20:00; Th-Sa 10:00-20:30; Su 11:00-19:00","phone":"+1 571-257-8675","website":"https://www.perfecteyebrows29.com/"}},{"type":"Feature","geometry":{"type":"Point","coordinates":[-77.10975,38.88259]},"properties":{"id":"node/6498388915","name":"Vostyle Salon","group":"personal_care","category":"shop=hairdresser","hours":"Tu-Fr 10:00-20:00; Sa 09:00-18:00; Su 11:00-17:00","phone":"+1-703-465-8585","website":"https://www.vostylexpress.com/","housenumber":"1000","street":"North Randolph Street","city":"Arlington","postcode":"22201"}},{"type":"Feature","geometry":{"type":"Point","coordinates":[-77.11094,38.87973]},"properties":{"id":"node/6519116641","name":"Ted's Bulletin","group":"food","category":"amenity=restaurant","cuisine":"american","hours":"Mo-Th 07:00-22:00; Fr-Sa 07:00-23:00; Su 07:00-22:00","phone":"+1 703-848-7580","website":"https://www.tedsbulletin.com/location/ballston/","housenumber":"4238","street":"Wilson Boulevard","city":"Arlington","postcode":"22203"}},{"type":"Feature","geometry":{"type":"Point","coordinates":[-77.10968,38.88215]},"properties":{"id":"node/6555963529","name":"Bronson Bierhall","group":"food","category":"amenity=restaurant","cuisine":"german","hours":"Mo 15:00-22:00; Tu-We 15:00-23:00; Th 15:00-24:00; Fr 12:00-02:00; Sa 11:00-02:00; Su 11:00-22:00","phone":"+1 703-528-1110","website":"https://bronsonbierhall.com/","housenumber":"4100","street":"Fairfax Drive","city":"Arlington","postcode":"22203-1623"}},{"type":"Feature","geometry":{"type":"Point","coordinates":[-77.05185,38.80586]},"properties":{"id":"node/6691793385","name":"red barn mercantile","group":"shopping","category":"shop=furniture"}},{"type":"Feature","geometry":{"type":"Point","coordinates":[-77.0633,38.79878]},"properties":{"id":"node/6783818140","name":"Lost Boy Cidery","group":"food","category":"craft=brewery","hours":"We, Th 16:00-21:00; Sa 12:00-22:00; Su 12:00-19:30; Fr 16:00-22:00","phone":"+1-703-566-5737","website":"https://lostboycider.com/","housenumber":"317","street":"Hooffs Run Drive"}},{"type":"Feature","geometry":{"type":"Point","coordinates":[-77.07094,38.80215]},"properties":{"id":"node/6783851173","name":"Rus Uz","group":"food","category":"amenity=restaurant","cuisine":"russian","hours":"Mo-Fr 11:00-22:00; Sa, Su 12:00-22:00","phone":"+1 703-567-4020","website":"https://rusuz.com/","housenumber":"210","street":"Swamp Fox Road"}},{"type":"Feature","geometry":{"type":"Point","coordinates":[-77.06636,38.80308]},"properties":{"id":"node/6783864907","name":"Stone Wood Team","group":"services","category":"shop=estate_agent","hours":"\"by appointment only\"","phone":"+1-703-739-4663","housenumber":"2165","street":"Jamieson Avenue"}},{"type":"Feature","geometry":{"type":"Point","coordinates":[-77.09718,38.88615]},"properties":{"id":"node/6918925130","name":"Stone Hot Brick Oven Pizza","group":"food","category":"amenity=restaurant","cuisine":"pizza","hours":"Mo-Th,Su 11:00-22:00; Fr-Sa 11:00-03:00","phone":"+1 571-290-0171","website":"https://stonehotpizza.com/","housenumber":"3217","street":"Wilson Boulevard"}},{"type":"Feature","geometry":{"type":"Point","coordinates":[-77.07902,38.86234]},"properties":{"id":"node/7035807626","name":"Hardwood Revival","group":"services","category":"craft=floorer","hours":"Mo-Fr 08:00-20:00","phone":"+1-703-872-7839","website":"https://www.hardwoodrevival.com/hardwood-floor-refinishing-arlington-va.asp","housenumber":"1201","street":"South Court House Road","city":"Arlington","postcode":"22204"}},{"type":"Feature","geometry":{"type":"Point","coordinates":[-77.0779,38.89082]},"properties":{"id":"node/7141437612","name":"Legacy Home Comfort","group":"services","category":"craft=hvac","hours":"24/7","phone":"+1 703-505-0148","website":"https://www.legacyhomecomfort.com/"}},{"type":"Feature","geometry":{"type":"Point","coordinates":[-77.10407,38.88327]},"properties":{"id":"node/7141441988","name":"Medium Rare","group":"food","category":"amenity=restaurant","cuisine":"american","hours":"Mo-Th 17:00-22:00; Fr 17:00-23:00; Sa 10:30-23:00; Su 10:30-22:00","phone":"+1 703-243-2020","website":"https://mediumrarerestaurant.com/index.php","housenumber":"3601","street":"Fairfax Drive","city":"Arlington","postcode":"22201"}},{"type":"Feature","geometry":{"type":"Point","coordinates":[-77.04264,38.80346]},"properties":{"id":"node/7163795492","name":"O2 Mold Testing","group":"services","category":"craft=cleaning","hours":"Mo-Fr 08:00-20:00","phone":"+1-571-399-3369","website":"https://www.o2moldtesting.com/","housenumber":"635","street":"South Fairfax Street","city":"Alexandria","postcode":"22314"}},{"type":"Feature","geometry":{"type":"Point","coordinates":[-77.06135,38.80296]},"properties":{"id":"node/7264906597","name":"Befitted Tayloring Co.","group":"services","category":"shop=tailor","website":"https://www.befittedtailoringco.com/","housenumber":"408","street":"John Carlyle Street","city":"Alexandria","postcode":"22314"}},{"type":"Feature","geometry":{"type":"Point","coordinates":[-77.06146,38.80291]},"properties":{"id":"node/7264934972","name":"Matthew Johnston","group":"shopping","category":"shop=art","housenumber":"412","street":"John Carlyle Street"}},{"type":"Feature","geometry":{"type":"Point","coordinates":[-77.08691,38.89108]},"properties":{"id":"node/7354394228","name":"For Five","group":"food","category":"amenity=cafe","hours":"Mo-Fr 07:00-19:00; Sa-Su 07:00-18:00","phone":"+1 571-257-7219","housenumber":"2305","street":"Wilson Boulevard","city":"Arlington","postcode":"22201"}},{"type":"Feature","geometry":{"type":"Point","coordinates":[-77.05608,38.80611]},"properties":{"id":"node/7386039965","name":"Namaste JALSA","group":"food","category":"amenity=restaurant","cuisine":"indian","hours":"Su-Th 11:30-15:00,17:00-22:00; Fr-Sa 11:30-15:00,17:00-22:30","phone":"+1-571-970-0615","website":"https://namastejalsaa.com/","housenumber":"1504","street":"King Street","city":"Alexandria","postcode":"22314-2717"}},{"type":"Feature","geometry":{"type":"Point","coordinates":[-77.05115,38.8493]},"properties":{"id":"node/7399790695","name":"Bozzelli's","group":"food","category":"amenity=restaurant","cuisine":"pizza","hours":"Mo-Th 09:00-21:00; Fr-Sa 09:00-22:00; Su 11:00-20:00","phone":"+1 571-970-4570","website":"https://www.bozzellideli.com/","housenumber":"2600","street":"Crystal Drive","city":"Arlington","postcode":"22202-3566"}},{"type":"Feature","geometry":{"type":"Point","coordinates":[-77.06295,38.86456]},"properties":{"id":"node/7656869387","name":"Saigon Saigon","group":"food","category":"amenity=restaurant","cuisine":"vietnamese","hours":"Mo-Th 11:00-22:00; Fr-Sa 11:00-23:00; Su 11:00-21:00","phone":"+1 703-412-0822","website":"http://www.saigon-saigon.com/","housenumber":"1101","street":"South Joyce Street","city":"Arlington","postcode":"22202-2064"}},{"type":"Feature","geometry":{"type":"Point","coordinates":[-77.10163,38.8838]},"properties":{"id":"node/7758190098","name":"Anita's New Mexico Style Mexican Food","group":"food","category":"amenity=restaurant","cuisine":"mexican","hours":"Su 06:00-21:00; Mo-Th 05:00-21:00; Fr-Sa 05:00-23:30","phone":"+1-571-290-0659","website":"https://www.anitascorp.com/arlington","housenumber":"3444","street":"Fairfax Drive","city":"Arlington","postcode":"22201"}},{"type":"Feature","geometry":{"type":"Point","coordinates":[-77.11134,38.88078]},"properties":{"id":"node/7820753939","name":"We The Pizza","group":"food","category":"amenity=fast_food","cuisine":"pizza","hours":"Mo-Su 11:00-22:00","phone":"+1 703-269-2222","website":"https://wethepizza.com/locations/ballston-arlington-va#menu","housenumber":"4201","street":"Wilson Boulevard","city":"Arlington","postcode":"22203-1859"}},{"type":"Feature","geometry":{"type":"Point","coordinates":[-77.08494,38.88108]},"properties":{"id":"node/8019495036","name":"Streets Market","group":"groceries","category":"shop=supermarket","hours":"Mo-Su 08:00-22:00","housenumber":"2201","street":"North Pershing Drive","city":"Arlington","postcode":"22201"}},{"type":"Feature","geometry":{"type":"Point","coordinates":[-77.08512,38.88103]},"properties":{"id":"node/8019495040","name":"Spring Mill Bread Company","group":"food","category":"shop=pastry","hours":"Su 09:00-16:00, Mo-We 08:00-15:00, Th-Sa 08:00-18:00","website":"https://springmillbread.com/2015/04/27/arlington-va/","housenumber":"2201","street":"North Pershing Drive","city":"Arlington","postcode":"22201"}},{"type":"Feature","geometry":{"type":"Point","coordinates":[-77.08632,38.8808]},"properties":{"id":"node/8019495044","name":"21 Nail Lounge Arlington","group":"personal_care","category":"shop=beauty","hours":"Mo-Sa 10:00-20:00, Su 12:00-18:00","phone":"+1 703-465-4707","website":"https://21naillounge.com/","housenumber":"2209","street":"North Pershing Drive","city":"Arlington","postcode":"22201"}},{"type":"Feature","geometry":{"type":"Point","coordinates":[-77.08648,38.8808]},"properties":{"id":"node/8019495045","name":"Smitted Boutique Salon","group":"personal_care","category":"shop=hairdresser","hours":"Tu-Th 10:00-20:00, Fr-Sa 10:00-18:00","phone":"+1 571-527-0200","website":"https://thesmittensalon.com/","housenumber":"2209","street":"North Pershing Drive","city":"Arlington","postcode":"22201"}},{"type":"Feature","geometry":{"type":"Point","coordinates":[-77.08642,38.88048]},"properties":{"id":"node/8019631722","name":"Eastern Carryout and Cafe","group":"food","category":"amenity=restaurant","cuisine":"asian","hours":"Mo-Th 11:00-23:00, Fr-Sa 11:00-23:30, Su 12:00-22:30","phone":"+1 703-807-2121","website":"http://www.easterncarryoutarl.com/","housenumber":"2300","street":"North Pershing Drive","city":"Arlington","postcode":"22201"}},{"type":"Feature","geometry":{"type":"Point","coordinates":[-77.08616,38.88047]},"properties":{"id":"node/8019631724","name":"El Fuego","group":"food","category":"amenity=restaurant","cuisine":"peruvian","hours":"Su-Mo 11:00-20:00, Tu-Sa 11:00-21:00","phone":"+1 703-888-1265","website":"http://elfuegoperuvianfood.com/","housenumber":"2300","street":"North Pershing Drive","city":"Arlington","postcode":"22201"}},{"type":"Feature","geometry":{"type":"Point","coordinates":[-77.09009,38.89003]},"properties":{"id":"node/8019631725","name":"NOVA Armory","group":"shopping","category":"shop=weapons","hours":"Tu-Sa 12:00-19:00, Su 12:00-17:00","phone":"+1 703-566-2814","website":"https://www.novaarmory.com/","housenumber":"2607","street":"Wilson Blvd","city":"Arlington","postcode":"22201"}},{"type":"Feature","geometry":{"type":"Point","coordinates":[-77.09027,38.88097]},"properties":{"id":"node/8075368663","name":"V\u00e9loCity Bicycle Cooperative","group":"shopping","category":"shop=bicycle","hours":"Mo off; Tu-Fr 12:00-18:00; Sa 10:00-17:00; Su 12:00-17:00; PH off","website":"https://velocitycoop.org/","housenumber":"2647","street":"North Pershing Drive","city":"Arlington","postcode":"22201"}},{"type":"Feature","geometry":{"type":"Point","coordinates":[-77.0902,38.88097]},"properties":{"id":"node/8075368666","name":"Mili Salon","group":"personal_care","category":"shop=beauty","housenumber":"2645","street":"North Pershing Drive","postcode":"22201"}},{"type":"Feature","geometry":{"type":"Point","coordinates":[-77.09846,38.83571]},"properties":{"id":"node/8129251622","name":"The Art of Health","group":"personal_care","category":"shop=massage","phone":"+1 703-340-4325","website":"https://www.artofhealthmassage.com/","housenumber":"4900","street":"31st Street South","city":"Arlington","postcode":"22206"}},{"type":"Feature","geometry":{"type":"Point","coordinates":[-77.0475,38.80525]},"properties":{"id":"node/8150476317","name":"Murphy's Grand Irish Pub","group":"food","category":"amenity=restaurant","cuisine":"burger;fries;fish_and_chips","hours":"Mo-Fr 11:00-02:00; Sa 09:00-02:00; Su 10:00-02:00","phone":"+1 703-548-1717","website":"https://murphyspub.com","housenumber":"713","street":"King Street","city":"Alexandria","postcode":"22314"}},{"type":"Feature","geometry":{"type":"Point","coordinates":[-77.0428,38.80416]},"properties":{"id":"node/8423582910","name":"The Trophy Room","group":"shopping","category":"shop=sports","website":"https://trophyroomonline.com/","housenumber":"109","street":"South Fairfax Street","city":"Alexandria","postcode":"22314"}},{"type":"Feature","geometry":{"type":"Point","coordinates":[-77.09109,38.82815]},"properties":{"id":"node/8426629594","name":"Art & Framing Expo","group":"shopping","category":"shop=frame","hours":"Mo-Sa 10:00-19:00; Su 12:00-17:00","phone":"+1-571-982-4135","website":"https://art-framing-expo.business.site/","housenumber":"3620","street":"King Street","city":"Alexandria","postcode":"22302"}},{"type":"Feature","geometry":{"type":"Point","coordinates":[-77.09103,38.8282]},"properties":{"id":"node/8426629595","name":"Lacrosse Unlimited","group":"shopping","category":"shop=sports","hours":"Mo-Sa 10:00-18:00; Su 10:00-17:00; PH off","phone":"+1-703-931-5299","website":"https://www.lacrosseunlimited.com/lacrosse-unlimited-of-alexandria-va","housenumber":"3618","street":"King Street","city":"Alexandria","postcode":"22302"}},{"type":"Feature","geometry":{"type":"Point","coordinates":[-77.09096,38.82825]},"properties":{"id":"node/8426629596","name":"El Saltado","group":"food","category":"amenity=restaurant","cuisine":"peruvian","hours":"Mo-Th 10:00-21:00; Fr-Su 10:00-21:30","website":"https://elsaltado.com/","housenumber":"3616","street":"King Street","city":"Alexandria","postcode":"22302"}},{"type":"Feature","geometry":{"type":"Point","coordinates":[-77.08661,38.8628]},"properties":{"id":"node/8528374235","name":"ACME Pie Company","group":"food","category":"shop=bakery","hours":"Mo-Tu off; We-Fr 15:00-21:00; Sa-Su 09:00-15:00","phone":"+1 703-647-9548","website":"http://www.acmepieco.com/","housenumber":"2408","street":"Columbia Pike","city":"Arlington","postcode":"22204"}},{"type":"Feature","geometry":{"type":"Point","coordinates":[-77.03964,38.80161]},"properties":{"id":"node/8556848107","name":"Ada's on the River","group":"food","category":"amenity=restaurant","cuisine":"american","phone":"+1-703-638-1400","website":"https://www.adasontheriver.com/","housenumber":"3","street":"Pioneer Mill Way","city":"Alexandria","postcode":"22314-3968"}},{"type":"Feature","geometry":{"type":"Point","coordinates":[-77.07112,38.89586]},"properties":{"id":"node/8567931757","name":"Open Road","group":"food","category":"amenity=restaurant","cuisine":"american","hours":"Mo-Su 11:00-21:00","phone":"+1 703-248-0760","website":"https://www.openroadgrill.com","housenumber":"1201","street":"Wilson Boulevard","city":"Arlington","postcode":"22209-2300"}},{"type":"Feature","geometry":{"type":"Point","coordinates":[-77.115,38.84547]},"properties":{"id":"node/8584264554","name":"Intellect Computers","group":"shopping","category":"shop=computer","hours":"Mo-Fr 09:00-18:00; Sa 11:00-16:00","phone":"+1 703-931-5100","website":"https://www.intellectcomputers.com/","housenumber":"5100","street":"Leesburg Pike","city":"Alexandria","postcode":"22302"}},{"type":"Feature","geometry":{"type":"Point","coordinates":[-77.11132,38.81309]},"properties":{"id":"node/8635558803","name":"La Casa","group":"food","category":"amenity=restaurant","cuisine":"italian;greek","hours":"11:00-21:00","phone":"+1 703-370-3600","website":"https://www.lacasapizzarestaurant.com","housenumber":"4551","street":"Duke Street","city":"Alexandria","postcode":"22304"}},{"type":"Feature","geometry":{"type":"Point","coordinates":[-77.09218,38.82961]},"properties":{"id":"node/8807335384","name":"Alexandria Pastry Cafe","group":"food","category":"shop=pastry","hours":"Mo-Sa 07:00-18:00; Su 08:00-17:00","housenumber":"3690","street":"King Street"}},{"type":"Feature","geometry":{"type":"Point","coordinates":[-77.09254,38.82936]},"properties":{"id":"node/8807335386","name":"TC Hair Salon","group":"personal_care","category":"shop=hairdresser","housenumber":"3690","street":"King Street"}},{"type":"Feature","geometry":{"type":"Point","coordinates":[-77.09243,38.82886]},"properties":{"id":"node/8807335393","name":"Kyoto Sushi","group":"food","category":"amenity=restaurant","cuisine":"sushi","phone":"+1-703-379-8060","housenumber":"3676","street":"King Street","city":"Alexandria","postcode":"22302"}},{"type":"Feature","geometry":{"type":"Point","coordinates":[-77.0495,38.81344]},"properties":{"id":"node/8811006643","name":"Lil' Creamery","group":"food","category":"amenity=ice_cream","website":"https://www.lilcakesandcreamery.com/","housenumber":"1014","street":"Madison Street","city":"Alexandria","postcode":"22314"}},{"type":"Feature","geometry":{"type":"Point","coordinates":[-77.03976,38.80436]},"properties":{"id":"node/8812998365","name":"Vola's Dockside Grill","group":"food","category":"amenity=restaurant","cuisine":"seafood","hours":"Mo-Th 11:00-23:00; Fr 11:00-24:00; Sa 10:00-24:00; Su 10:00-23:00","phone":"+1 703-935-8890","website":"https://www.volasdockside.com/","housenumber":"101","street":"North Union Street","city":"Alexandria","postcode":"22314-2668"}},{"type":"Feature","geometry":{"type":"Point","coordinates":[-77.03991,38.80435]},"properties":{"id":"node/8812998366","name":"Hi-Tide Lounge","group":"food","category":"amenity=bar"}},{"type":"Feature","geometry":{"type":"Point","coordinates":[-77.04004,38.80442]},"properties":{"id":"node/8812998367","name":"YoLove Frozen Yogurt","group":"food","category":"amenity=ice_cream","cuisine":"frozen_yogurt","website":"https://yolovefrozenyogurt.business.site/"}},{"type":"Feature","geometry":{"type":"Point","coordinates":[-77.08814,38.84127]},"properties":{"id":"node/8860591235","name":"Dogma Bakery","group":"food","category":"shop=bakery","phone":"+1 571-422-0370","website":"https://www.dogmabakery.com/","housenumber":"2772","street":"South Arlington Mill Drive","city":"Arlington","postcode":"22206"}},{"type":"Feature","geometry":{"type":"Point","coordinates":[-77.08781,38.84124]},"properties":{"id":"node/8860591239","name":"Paint Your Heart Out","group":"services","category":"craft=pottery","housenumber":"2780","street":"South Arlington Mill Drive","city":"Arlington","postcode":"22206"}},{"type":"Feature","geometry":{"type":"Point","coordinates":[-77.08712,38.84019]},"properties":{"id":"node/8860856742","name":"Osteria da Nino","group":"food","category":"amenity=restaurant","cuisine":"italian","phone":"+1 703-820-1128","website":"https://www.osteriadaninova.com/","housenumber":"2900","street":"South Quincy Street","city":"Arlington","postcode":"22206"}},{"type":"Feature","geometry":{"type":"Point","coordinates":[-77.0494,38.85932]},"properties":{"id":"node/8958078223","name":"Daydrift Books & Coffee","group":"food","category":"amenity=cafe","cuisine":"coffee_shop","housenumber":"1550","street":"Crystal Drive","city":"Arlington","postcode":"22202"}},{"type":"Feature","geometry":{"type":"Point","coordinates":[-77.06273,38.86363]},"properties":{"id":"node/9008582395","name":"Origin Coffee Lab &Kitchen","group":"food","category":"amenity=cafe","cuisine":"coffee_shop","phone":"+1 703-567-7295","website":"https://origincoffeeco.com/","housenumber":"1101","street":"South Joyce Street","city":"Arlington","postcode":"22202"}},{"type":"Feature","geometry":{"type":"Point","coordinates":[-77.09263,38.8848]},"properties":{"id":"node/9020947071","name":"Arlington Barber Shop","group":"personal_care","category":"shop=hairdresser","phone":"+1 703-243-7545","housenumber":"1001","street":"North Fillmore Street","city":"Arlington","postcode":"22201"}},{"type":"Feature","geometry":{"type":"Point","coordinates":[-77.05545,38.86263]},"properties":{"id":"node/9044218517","name":"Commonwealth Joe","group":"food","category":"amenity=cafe","cuisine":"coffee_shop","hours":"Mo-Fr 06:30-19:00; Sa-Su 07:00-19:00","phone":"+1 855-273-9563","website":"https://commonwealthjoe.com","housenumber":"520","street":"12th Street South","city":"Arlington","postcode":"22202"}},{"type":"Feature","geometry":{"type":"Point","coordinates":[-77.05596,38.86259]},"properties":{"id":"node/9044218518","name":"Roosters","group":"personal_care","category":"shop=hairdresser","phone":"+1 571-312-5408","housenumber":"554","street":"12th Street South","city":"Arlington","postcode":"22202"}},{"type":"Feature","geometry":{"type":"Point","coordinates":[-77.11274,38.88137]},"properties":{"id":"node/9139234733","name":"Petfarm","group":"shopping","category":"shop=pet"}},{"type":"Feature","geometry":{"type":"Point","coordinates":[-77.11409,38.8824]},"properties":{"id":"node/9198112198","name":"Pok\u00e9 It Up","group":"food","category":"amenity=restaurant","cuisine":"hawaiian","hours":"Mo-Sa 11:00-20:30; Su 12:00-20:00","phone":"+1-571-290-0100","website":"http://www.pokeitupva.com/","housenumber":"4401","street":"Fairfax Drive","city":"Arlington","postcode":"22201"}},{"type":"Feature","geometry":{"type":"Point","coordinates":[-77.05819,38.82242]},"properties":{"id":"node/9275150689","name":"The Company of Books","group":"shopping","category":"shop=books","hours":"Su,Tu-Fr 11:00-18:00; Sa 10:00-19:00","phone":"+1-703-299-3080","website":"https://tcbdelray.com/","housenumber":"1712","street":"Mount Vernon Avenue","city":"Alexandria","postcode":"22301"}},{"type":"Feature","geometry":{"type":"Point","coordinates":[-77.0391,38.80135]},"properties":{"id":"node/9291388880","name":"Barca Pier","group":"food","category":"amenity=restaurant","phone":"+1-703-638-1100","housenumber":"2","street":"Pioneer Mill Way","city":"Alexandria","postcode":"22314-3968"}},{"type":"Feature","geometry":{"type":"Point","coordinates":[-77.03974,38.80128]},"properties":{"id":"node/9291396812","name":"Barca Wine Bar","group":"food","category":"amenity=restaurant","phone":"+1-703-638-1100","housenumber":"2","street":"Pioneer Mill Way","city":"Alexandria","postcode":"22314-3968"}},{"type":"Feature","geometry":{"type":"Point","coordinates":[-77.11772,38.8471]},"properties":{"id":"node/9311198927","name":"Pho Golden Star","group":"food","category":"amenity=restaurant","cuisine":"vietnamese","hours":"Mo-Su 10:00-21:00","phone":"+1-703-575-7871","website":"https://www.fallschurchphonoodle.com/","housenumber":"3537","street":"South Jefferson Street","city":"Falls Church","postcode":"22041"}},{"type":"Feature","geometry":{"type":"Point","coordinates":[-77.11736,38.84845]},"properties":{"id":"node/9311198929","name":"Skyline Day Spa","group":"personal_care","category":"shop=beauty","housenumber":"3503","street":"South Jefferson Street","city":"Falls Church","postcode":"22041"}},{"type":"Feature","geometry":{"type":"Point","coordinates":[-77.11735,38.84884]},"properties":{"id":"node/9311198934","name":"Babylon Futbol Cafe","group":"food","category":"amenity=restaurant","hours":"Mo-Sa 14:00-26:00; Su 12:00-26:00","phone":"+1-703-820-3900","website":"https://www.babylonfc.com/","housenumber":"3501","street":"South Jefferson Street","city":"Falls Church","postcode":"22041"}},{"type":"Feature","geometry":{"type":"Point","coordinates":[-77.06142,38.83603]},"properties":{"id":"node/9386899030","name":"Hops N Shine","group":"food","category":"amenity=restaurant","cuisine":"wings;sandwich","phone":"+1-703-566-1509","website":"https://hopsnshine.com/","housenumber":"3410","street":"Mount Vernon Avenue","city":"Alexandria","postcode":"22305"}},{"type":"Feature","geometry":{"type":"Point","coordinates":[-77.08642,38.89087]},"properties":{"id":"node/9405502515","name":"Young's Tailor & Dry Cleaners","group":"services","category":"shop=dry_cleaning","hours":"Mo,We 08:00-18:00; Sa 09:00-17:00","phone":"+1-703-525-3377","housenumber":"2200","street":"Wilson Boulevard","city":"Arlington","postcode":"22201"}},{"type":"Feature","geometry":{"type":"Point","coordinates":[-77.11093,38.88696]},"properties":{"id":"node/9443107962","name":"Ticket Counter","group":"shopping","category":"shop=ticket","hours":"\"During sporting events\""}},{"type":"Feature","geometry":{"type":"Point","coordinates":[-77.11093,38.88694]},"properties":{"id":"node/9443107963","name":"Ticket Counter","group":"shopping","category":"shop=ticket","hours":"\"During sporting events\""}},{"type":"Feature","geometry":{"type":"Point","coordinates":[-77.10954,38.88694]},"properties":{"id":"node/9443153726","name":"Ticket Counter","group":"shopping","category":"shop=ticket"}},{"type":"Feature","geometry":{"type":"Point","coordinates":[-77.10693,38.8969]},"properties":{"id":"node/9454670115","name":"District Angling","group":"shopping","category":"shop=sports","hours":"Mo-Sa 10:00-19:00","phone":"+1-703-268-7500","website":"https://districtangling.com/","housenumber":"2105","street":"North Pollard Street","city":"Arlington","postcode":"22207"}},{"type":"Feature","geometry":{"type":"Point","coordinates":[-77.09723,38.80744]},"properties":{"id":"node/9576571525","name":"Handy Bikes","group":"shopping","category":"shop=bicycle","hours":"Tu - Fr 12:00-19:00; Sa-Su 10:00 - 16:00","phone":"+1-703-598-7795","website":"https://www.handybikesdc.com/","housenumber":"3800","street":"Wheeler Avenue","city":"Alexandria","postcode":"22304"}},{"type":"Feature","geometry":{"type":"Point","coordinates":[-77.11566,38.88098]},"properties":{"id":"node/9596339846","name":"Ballston Local","group":"food","category":"amenity=restaurant","cuisine":"american","hours":"Mo-We 16:00-22:00; Th 16:00-23:00; Fr 16:00-24:00; Sa 12:00-24:00; Su 12:00-22:00","phone":"+1-703-852-1260","website":"https://www.ballstonlocal.com/","housenumber":"900","street":"North Glebe Road","city":"Arlington","postcode":"22203"}},{"type":"Feature","geometry":{"type":"Point","coordinates":[-77.11539,38.88328]},"properties":{"id":"node/9617160657","name":"Gallery Cafe at Ballston","group":"food","category":"amenity=cafe","hours":"Mo-Fr 07:00-16:00","phone":"+1-703-527-2080","website":"http://www.galleryballston.com/","housenumber":"1005","street":"North Glebe Road","city":"Arlington","postcode":"22203"}},{"type":"Feature","geometry":{"type":"Point","coordinates":[-77.10844,38.88268]},"properties":{"id":"node/9627480607","name":"Quincy Hall","group":"food","category":"amenity=bar","cuisine":"pizza","hours":"Mo-Tu 04:00-22:00; We-Th 04:00-23:00; Fr-Sa 11:30-24:00; Su 11:30-22:00","phone":"+1-703-567-4098","website":"https://www.quincyhallbar.com/","housenumber":"4001","street":"Fairfax Drive","city":"Arlington","postcode":"22201"}},{"type":"Feature","geometry":{"type":"Point","coordinates":[-77.06044,38.80568]},"properties":{"id":"node/9653839817","name":"For Five Coffee Alexandria","group":"food","category":"amenity=cafe","cuisine":"coffee_shop","hours":"Mo-Su 07:00-18:00","phone":"+1-571-312-4096","housenumber":"1800","street":"Diagonal Road","city":"Alexandria","postcode":"22314-2769"}},{"type":"Feature","geometry":{"type":"Point","coordinates":[-77.04731,38.80521]},"properties":{"id":"node/9655030671","name":"The Dog Park","group":"shopping","category":"shop=pet","phone":"+17038882818","website":"https://shopthedogpark.com/","housenumber":"705","street":"King Street","city":"Alexandria","postcode":"22314"}},{"type":"Feature","geometry":{"type":"Point","coordinates":[-77.04823,38.80536]},"properties":{"id":"node/9655030673","name":"Milk & Honey","group":"food","category":"amenity=restaurant","cuisine":"american","hours":"Mo-Th 09:00-21:00; Fr 09:00-22:00; Sa 08:00-22:00; Su 08:00-21:00","phone":"+1-703-684-8969","website":"https://www.themilkandhoney.com/old-town","housenumber":"801","street":"King Street","city":"Alexandria","postcode":"22314"}},{"type":"Feature","geometry":{"type":"Point","coordinates":[-77.05151,38.80577]},"properties":{"id":"node/9655845017","name":"Fresh Baguette","group":"food","category":"shop=bakery","hours":"Mo-Su 07:00-18:00","phone":"+1-888-648-0009"}},{"type":"Feature","geometry":{"type":"Point","coordinates":[-77.05036,38.80578]},"properties":{"id":"node/9656183917","name":"Supreme Barber & Salon","group":"personal_care","category":"shop=hairdresser"}},{"type":"Feature","geometry":{"type":"Point","coordinates":[-77.0504,38.80562]},"properties":{"id":"node/9656221317","name":"Turkish Coffee Lady","group":"food","category":"amenity=cafe","cuisine":"coffee_shop","hours":"Su-Th 10:00-19:00; Fr-Sa 10:00-20:00","phone":"+1-202-670-4360","website":"https://turkishcoffeelady.com/","housenumber":"1001","street":"King Street","city":"Alexandria","postcode":"22314"}},{"type":"Feature","geometry":{"type":"Point","coordinates":[-77.09159,38.82819]},"properties":{"id":"node/9732729794","name":"Beeliner Diner","group":"food","category":"amenity=restaurant","cuisine":"diner","hours":"Mo-Sa 07:00-21:00; Su 07:00-20:00","phone":"+1-703-888-0184","website":"https://www.beelinerdiner.com/","housenumber":"3648","street":"King Street","city":"Alexandria","postcode":"22302"}},{"type":"Feature","geometry":{"type":"Point","coordinates":[-77.09464,38.88603]},"properties":{"id":"node/9762699721","name":"Smokecraft Modern Barbecue","group":"food","category":"amenity=restaurant","cuisine":"barbecue","hours":"Mo-Th 11:00-22:00; Fr 11:00-24:00; Sa 10:00-24:00; Su 10:00-22:00","phone":"+1 571-312-8791","website":"https://www.smokecraftbbq.com/","housenumber":"1051","street":"North Highland Street","city":"Arlington","postcode":"22201"}},{"type":"Feature","geometry":{"type":"Point","coordinates":[-77.1085,38.88228]},"properties":{"id":"node/9777993728","name":"Scissors & Scotch","group":"personal_care","category":"shop=hairdresser","phone":"+1 703-567-1896","website":"https://ballston.scissorsscotch.com","housenumber":"4000","street":"Fairfax Drive","city":"Arlington","postcode":"22203"}},{"type":"Feature","geometry":{"type":"Point","coordinates":[-77.04327,38.81423]},"properties":{"id":"node/9831368204","name":"Saint Elmos Coffee Pub","group":"food","category":"amenity=cafe","cuisine":"coffee_shop","phone":"+1-703-635-3230","website":"https://stelmoscoffeepub.com","housenumber":"529","street":"Montgomery Street","city":"Alexandria","postcode":"22314"}},{"type":"Feature","geometry":{"type":"Point","coordinates":[-77.08549,38.86315]},"properties":{"id":"node/9842488859","name":"Legend Kicks","group":"shopping","category":"shop=shoes","hours":"11:00-20:00","website":"https://legendsva.com/","housenumber":"2514","street":"Columbia Pike","city":"Arlington","postcode":"22204"}},{"type":"Feature","geometry":{"type":"Point","coordinates":[-77.05101,38.80547]},"properties":{"id":"node/9856962063","name":"King Street Cafe","group":"food","category":"amenity=cafe","phone":"+1-703-549-3717","website":"https://www.kingstreetcafe.com/","housenumber":"1018","street":"King Street","city":"Alexandria","postcode":"22314"}},{"type":"Feature","geometry":{"type":"Point","coordinates":[-77.05019,38.80521]},"properties":{"id":"node/9857000484","name":"Jeni's Ice Creams","group":"food","category":"amenity=ice_cream","website":"https://jenis.com/","housenumber":"102","street":"South Patrick Street","city":"Alexandria","postcode":"22314"}},{"type":"Feature","geometry":{"type":"Point","coordinates":[-77.0431,38.81405]},"properties":{"id":"node/9879898673","name":"Sisters Thai","group":"food","category":"amenity=restaurant","cuisine":"thai","phone":"+1-571-777-8154","website":"https://www.sistersthai.com/","housenumber":"503","street":"Montgomery Street","city":"Alexandria","postcode":"22314"}},{"type":"Feature","geometry":{"type":"Point","coordinates":[-77.04292,38.81402]},"properties":{"id":"node/9879898674","name":"ABC","group":"groceries","category":"shop=alcohol","hours":"Mo-Sa 10:00-21:00; Su 12:00-18:00","phone":"+1-571-620-1460","website":"https://www.abc.virginia.gov/stores/119","housenumber":"501","street":"Montgomery Street","city":"Alexandria","postcode":"22314"}},{"type":"Feature","geometry":{"type":"Point","coordinates":[-77.1018,38.89675]},"properties":{"id":"node/9893798709","name":"Malee Thai Massage & Bodywork","group":"personal_care","category":"shop=massage","hours":"Mo-Su 10:00-20:00","phone":"+1-703-974-7215","website":"https://www.malee-thaimassage.com/","housenumber":"3313","street":"Langston Boulevard","city":"Arlington","postcode":"22207"}},{"type":"Feature","geometry":{"type":"Point","coordinates":[-77.11062,38.88032]},"properties":{"id":"node/9960460114","name":"Hawkers","group":"food","category":"amenity=restaurant","cuisine":"asian","hours":"Su-Th 11:00-22:00,Fr-Sa 11:00-24:00","phone":"+1 703-828-8287","website":"https://eathawkers.com/locations/arlington/","housenumber":"4201","street":"Wilson Boulevard","city":"Arlington","postcode":"22203"}},{"type":"Feature","geometry":{"type":"Point","coordinates":[-77.09289,38.88777]},"properties":{"id":"node/9982171582","name":"Colony Grill","group":"food","category":"amenity=restaurant","cuisine":"pizza","hours":"Mo-Th,Su 11:30-23:00; Fr-Sa 11:30-24:30","phone":"+1 703-682-8300","website":"https://www.colonygrill.com/arlington-menu","housenumber":"2800","street":"Clarendon Boulevard","city":"Arlington","postcode":"22201"}},{"type":"Feature","geometry":{"type":"Point","coordinates":[-77.11062,38.88062]},"properties":{"id":"node/9999919115","name":"El Rey","group":"food","category":"amenity=restaurant","cuisine":"mexican","hours":"Su-Th 11:00-23:00, Fr-Sa 11:00-26:00","housenumber":"4301","street":"Wilson Boulevard","city":"Arlington","postcode":"22203"}},{"type":"Feature","geometry":{"type":"Point","coordinates":[-77.07864,38.89429]},"properties":{"id":"node/10083804816","name":"Thai Select","group":"food","category":"amenity=restaurant","cuisine":"thai","hours":"Mo-Su 11:00-22:00","phone":"+1 703-565-2661","website":"https://www.thai-selectrestaurant.com/","housenumber":"1713","street":"Wilson Boulevard","city":"Arlington","postcode":"22209"}},{"type":"Feature","geometry":{"type":"Point","coordinates":[-77.0791,38.8941]},"properties":{"id":"node/10083811317","name":"Capital Doner","group":"food","category":"amenity=restaurant","cuisine":"turkish","hours":"Mo-Th 10:00-22:00; Sa 10:00-02:00; Su 10:00-23:00","website":"https://capital-doner.shop","housenumber":"1731","street":"Wilson Boulevard","city":"Arlington","postcode":"22209"}},{"type":"Feature","geometry":{"type":"Point","coordinates":[-77.07766,38.89405]},"properties":{"id":"node/10083811319","name":"Toryumon Japanese House","group":"food","category":"amenity=restaurant","cuisine":"ramen","hours":"Mo-Th 11:00-15:15, 17:00-22:00; Fr 11:00-15:15, 17:00-22:30; Sa 12:00-22:30; Su 12:00-21:30","phone":"+1 571-357-1537","website":"https://www.toryumonarlington.com/","housenumber":"1650","street":"Wilson Boulevard","city":"Arlington","postcode":"22209-2508"}},{"type":"Feature","geometry":{"type":"Point","coordinates":[-77.11254,38.81237]},"properties":{"id":"node/10099327582","name":"Sport Cutz Barber","group":"personal_care","category":"shop=hairdresser","hours":"Mo-Fr 09:00-19:00; Sa 08:30-17:00; Su 10:00-17:00","phone":"+1 703-419-3193","housenumber":"4651","street":"Duke Street","city":"Alexandria","postcode":"22304"}},{"type":"Feature","geometry":{"type":"Point","coordinates":[-77.11203,38.81324]},"properties":{"id":"node/10102199261","name":"LapFix","group":"shopping","category":"shop=computer","hours":"Mo-Fr 10:00-18:00","phone":"+1 703-379-5976","website":"https://www.lapfix.com","housenumber":"4613","street":"Duke Street","city":"Alexandria","postcode":"22304"}},{"type":"Feature","geometry":{"type":"Point","coordinates":[-77.11075,38.81298]},"properties":{"id":"node/10102199268","name":"Burger 7","group":"food","category":"amenity=fast_food","cuisine":"burger","hours":"11:00-22:00","phone":"+1 571-257-8296","website":"https://burger7.com","housenumber":"4533","street":"Duke Street","city":"Alexandria","postcode":"22304"}},{"type":"Feature","geometry":{"type":"Point","coordinates":[-77.11103,38.81307]},"properties":{"id":"node/10102282480","name":"Cortado Cafe & Crepery","group":"food","category":"amenity=cafe","cuisine":"cafe","hours":"Mo-Sa 07:00-19:00; Su 07:00-17:00","phone":"+1 571-312 24 96","website":"https://cortadocafeandcrepery.com/","housenumber":"4543","street":"Duke Street","city":"Alexandria","postcode":"22304"}},{"type":"Feature","geometry":{"type":"Point","coordinates":[-77.10949,38.81128]},"properties":{"id":"node/10121247818","name":"Loza's Market","group":"food","category":"amenity=restaurant","cuisine":"ethiopian","phone":"+1-703-751-2947","housenumber":"10","street":"South Jordan Street","postcode":"22304"}},{"type":"Feature","geometry":{"type":"Point","coordinates":[-77.10948,38.81133]},"properties":{"id":"node/10121251418","name":"Hannah Beauty Supply","group":"personal_care","category":"shop=beauty","housenumber":"8","street":"South Jordan Street","postcode":"22304"}},{"type":"Feature","geometry":{"type":"Point","coordinates":[-77.10948,38.81141]},"properties":{"id":"node/10121252018","name":"Kim's Tailoring","group":"services","category":"shop=dry_cleaning","hours":"Mo-Su 10:00-18:00","housenumber":"4","street":"South Jenkins Street"}},{"type":"Feature","geometry":{"type":"Point","coordinates":[-77.10948,38.81136]},"properties":{"id":"node/10121252019","name":"Good Luck","group":"food","category":"amenity=fast_food","cuisine":"chinese","hours":"Mo-Su 11:00-22:00","phone":"+1 703-823-1121","website":"http://www.goodluckchinesedelivery.com","housenumber":"6","street":"South Jordan Street","postcode":"22304"}},{"type":"Feature","geometry":{"type":"Point","coordinates":[-77.08676,38.86115]},"properties":{"id":"node/10138288122","name":"Idido's Coffee","group":"food","category":"shop=coffee","hours":"Mo-Fr 07:00-19:00; Sa-Su 08:00-18:00","phone":"+1 703-253-1576","website":"https://www.ididossocialhouse.com/","housenumber":"1107","street":"South Walter Reed Drive"}},{"type":"Feature","geometry":{"type":"Point","coordinates":[-77.05323,38.80574]},"properties":{"id":"node/10143289739","name":"AR workshop","group":"shopping","category":"shop=gift","phone":"+1-703-566-0177","website":"https://www.arworkshop.com/alexandria","housenumber":"1212","street":"King Street"}},{"type":"Feature","geometry":{"type":"Point","coordinates":[-77.08312,38.86339]},"properties":{"id":"node/10198938625","name":"Logic Computer Solutions LLC","group":"services","category":"craft=electronics_repair","hours":"Mo-Fr 10:00-19:00, Sa 10:00-17:00","phone":"+1-703-920-2552","website":"https://logiccomputersolutions.com","housenumber":"2340","street":"Columbia Pike","city":"Arlington","postcode":"22204"}},{"type":"Feature","geometry":{"type":"Point","coordinates":[-77.03971,38.80514]},"properties":{"id":"node/10226466652","name":"Ristorante Italiano","group":"food","category":"amenity=restaurant","cuisine":"pizza"}},{"type":"Feature","geometry":{"type":"Point","coordinates":[-77.08427,38.86304]},"properties":{"id":"node/10261232867","name":"Celtic House Pub","group":"food","category":"amenity=pub","hours":"11:00-01:30","phone":"+1 703-746-9644","website":"https://celtichouse.net/","housenumber":"2500","street":"Columbia Pike","city":"Arlington","postcode":"22204"}},{"type":"Feature","geometry":{"type":"Point","coordinates":[-77.08675,38.86137]},"properties":{"id":"node/10544159651","name":"Pureluxe Nails & Spa","group":"personal_care","category":"shop=beauty"}},{"type":"Feature","geometry":{"type":"Point","coordinates":[-77.08718,38.86181]},"properties":{"id":"node/10544393360","name":"Joule Wellness Pharmacy","group":"groceries","category":"amenity=pharmacy"}},{"type":"Feature","geometry":{"type":"Point","coordinates":[-77.0872,38.862]},"properties":{"id":"node/10544393361","name":"Le Touche Salon Hair & Nails","group":"personal_care","category":"shop=beauty"}},{"type":"Feature","geometry":{"type":"Point","coordinates":[-77.04948,38.85897]},"properties":{"id":"node/10554853474","name":"Departures","group":"food","category":"amenity=bar","housenumber":"1660","street":"Crystal Drive"}},{"type":"Feature","geometry":{"type":"Point","coordinates":[-77.08468,38.86382]},"properties":{"id":"node/10566017064","name":"Takohachi Japanese Restaurant","group":"food","category":"amenity=restaurant","cuisine":"japanese","hours":"Mo-Su 11:30-22:00","phone":"+1 571-312-7678","website":"https://www.takohachi.net/","housenumber":"2501","street":"9th Road South","city":"Arlington","postcode":"22204"}},{"type":"Feature","geometry":{"type":"Point","coordinates":[-77.08412,38.86369]},"properties":{"id":"node/10566082787","name":"Mancini de Paris","group":"personal_care","category":"shop=beauty","website":"https://www.mancinideparis.com/"}},{"type":"Feature","geometry":{"type":"Point","coordinates":[-77.08367,38.86357]},"properties":{"id":"node/10566082789","name":"Eye See Optique","group":"personal_care","category":"shop=optician","website":"https://www.eyeseeoptique.com","housenumber":"2405","street":"Columbia Pike","city":"Arlington","postcode":"22204"}},{"type":"Feature","geometry":{"type":"Point","coordinates":[-77.0833,38.86417]},"properties":{"id":"node/10566490477","name":"Supreme Hot Pot","group":"food","category":"amenity=restaurant","cuisine":"chinese","hours":"Mo-Th 12:00-22:00; Fr-Sa 12:00-23:00; Su 12:00-22:00","phone":"+1 571-666-1801","website":"https://supremehotpot.com/","housenumber":"2301","street":"Columbia Pike","city":"Arlington","postcode":"22204"}},{"type":"Feature","geometry":{"type":"Point","coordinates":[-77.08327,38.86405]},"properties":{"id":"node/10566490479","name":"Renew Massage Spa","group":"personal_care","category":"shop=massage","website":"https://renewmassagespa.com/","housenumber":"2301","street":"Columbia Pike","city":"Arlington","postcode":"22204"}},{"type":"Feature","geometry":{"type":"Point","coordinates":[-77.08248,38.86424]},"properties":{"id":"node/10566490480","name":"Siena Park Cleaners","group":"services","category":"shop=dry_cleaning","housenumber":"2310","street":"Columbia Pike","city":"Arlington","postcode":"22204"}},{"type":"Feature","geometry":{"type":"Point","coordinates":[-77.0741,38.895]},"properties":{"id":"node/10571991077","name":"Hot Lola's","group":"food","category":"amenity=fast_food","cuisine":"chicken","hours":"Mo-Th 11:00-21:00; Fr-Sa 11:00-22:00; Su 11:00-20:00","website":"https://www.hotlolas.com/","housenumber":"1501","street":"Wilson Boulevard"}},{"type":"Feature","geometry":{"type":"Point","coordinates":[-77.07905,38.89306]},"properties":{"id":"node/10571991079","name":"Supreme Barbershop","group":"personal_care","category":"shop=hairdresser"}},{"type":"Feature","geometry":{"type":"Point","coordinates":[-77.08397,38.86394]},"properties":{"id":"node/10580058465","name":"Penrose Dry Cleaners","group":"services","category":"shop=dry_cleaning"}},{"type":"Feature","geometry":{"type":"Point","coordinates":[-77.08321,38.86337]},"properties":{"id":"node/10580267410","name":"Morris Van's Hair Design","group":"personal_care","category":"shop=hairdresser","housenumber":"2344","street":"Columbia Pike","postcode":"22204"}},{"type":"Feature","geometry":{"type":"Point","coordinates":[-77.09156,38.88946]},"properties":{"id":"node/10588988002","name":"Couples Retreat Day Spa","group":"personal_care","category":"shop=massage"}},{"type":"Feature","geometry":{"type":"Point","coordinates":[-77.09111,38.88959]},"properties":{"id":"node/10588988004","name":"After Hours Tuxedo Rental","group":"shopping","category":"shop=clothes","housenumber":"2715","street":"Wilson Boulevard","postcode":"22201"}},{"type":"Feature","geometry":{"type":"Point","coordinates":[-77.08942,38.89025]},"properties":{"id":"node/10589069505","name":"iTouch Repair","group":"services","category":"craft=electronics_repair"}},{"type":"Feature","geometry":{"type":"Point","coordinates":[-77.05247,38.8631]},"properties":{"id":"node/10605298976","name":"Lenox Club Dry Cleaner","group":"services","category":"shop=dry_cleaning","phone":"+1 703-415-5580","housenumber":"401","street":"12th Street South","city":"Arlington","postcode":"22202"}},{"type":"Feature","geometry":{"type":"Point","coordinates":[-77.05216,38.86308]},"properties":{"id":"node/10605298977","name":"Posh Salon","group":"personal_care","category":"shop=hairdresser","hours":"Tu-Sa 10:00-19:00","phone":"+1 703-412-2800","website":"https://www.poshsalonva.com/","housenumber":"401","street":"12th Street South","city":"Arlington","postcode":"22202"}},{"type":"Feature","geometry":{"type":"Point","coordinates":[-77.05211,38.86321]},"properties":{"id":"node/10605298978","name":"Lenox Nails","group":"personal_care","category":"shop=beauty","hours":"Mo-Sa 10:00-20:00; Su 11:00-18:00","phone":"+1 703-412-0111","housenumber":"200","street":"Army Navy Drive","city":"Arlington","postcode":"22202"}},{"type":"Feature","geometry":{"type":"Point","coordinates":[-77.05652,38.86233]},"properties":{"id":"node/10605336345","name":"MyEyeDoctor","group":"personal_care","category":"shop=optician","phone":"+1 703-888-2999","website":"https://locations.myeyedr.com/va/arlington/1211-s-fern-st","housenumber":"1211","street":"South Fern Street","city":"Arlington","postcode":"22202"}},{"type":"Feature","geometry":{"type":"Point","coordinates":[-77.05631,38.86142]},"properties":{"id":"node/10605350541","name":"Pentagon City Wine","group":"groceries","category":"shop=wine","hours":"Mo-Tu 11:00-20:00; We-Sa 11:00-21:00; Su 12:00-18:00","phone":"+1 571-970-2194","website":"https://www.pentagoncitywine.com/","housenumber":"1330","street":"South Fair Street"}},{"type":"Feature","geometry":{"type":"Point","coordinates":[-77.05602,38.8602]},"properties":{"id":"node/10605350544","name":"Gwenie's Pastries","group":"food","category":"shop=bakery","cuisine":"filipino","hours":"07:00-19:00","phone":"+1-703-567-4013","website":"https://www.gweniespastries.com/","housenumber":"1417","street":"South Fern Street","city":"Arlington","postcode":"22201"}},{"type":"Feature","geometry":{"type":"Point","coordinates":[-77.05598,38.86005]},"properties":{"id":"node/10605350545","name":"Uptown Cleaners","group":"services","category":"shop=dry_cleaning","phone":"+1 703-553-7759","housenumber":"1423","street":"South Fern Street","city":"Arlington","postcode":"22202"}},{"type":"Feature","geometry":{"type":"Point","coordinates":[-77.06247,38.86312]},"properties":{"id":"node/10606726970","name":"Nighthawk Pizza & Brewery","group":"food","category":"amenity=restaurant","cuisine":"pizza","hours":"Mo-Th,Su 12:00-22:00; Fr-Sa 12:00-24:00","phone":"+1 571-416-8100","website":"https://www.nighthawkbrewery.co/","housenumber":"1201","street":"South Joyce Street","city":"Arlington","postcode":"22202"}},{"type":"Feature","geometry":{"type":"Point","coordinates":[-77.06278,38.86311]},"properties":{"id":"node/10606726971","name":"Banditos Tacos & Tequila","group":"food","category":"amenity=restaurant","cuisine":"mexican","hours":"11:00-21:30","phone":"+1 571-257-7622","website":"https://www.banditostnt.com/","housenumber":"1301","street":"South Joyce Street","city":"Arlington","postcode":"22202"}},{"type":"Feature","geometry":{"type":"Point","coordinates":[-77.06299,38.86314]},"properties":{"id":"node/10606726973","name":"El Mercat Bar de Tapas","group":"food","category":"amenity=restaurant","cuisine":"spanish","housenumber":"1301","street":"South Joyce Street","city":"Arlington","postcode":"22202"}},{"type":"Feature","geometry":{"type":"Point","coordinates":[-77.06321,38.86357]},"properties":{"id":"node/10606726974","name":"Bees & Tea","group":"food","category":"amenity=cafe","cuisine":"bubble_tea","hours":"Fr-Sa 11:00-23:00; Su-Th 11:00-22:00","phone":"+1-703-413-2002","website":"https://www.beesandtea.com/","housenumber":"1201","street":"South Joyce Street","city":"Arlington","postcode":"22202"}},{"type":"Feature","geometry":{"type":"Point","coordinates":[-77.06238,38.86354]},"properties":{"id":"node/10606726975","name":"Kusshi Sushi","group":"food","category":"amenity=restaurant","cuisine":"sushi","hours":"Mo-Th 11:00-22:30; Fr-Sa 11:00-23:00; Su 11:00-22:30","phone":"+1 571-777-1998","website":"https://www.kusshisushi.com/","housenumber":"1201","street":"South Joyce Street","city":"Arlington","postcode":"22202-2066"}},{"type":"Feature","geometry":{"type":"Point","coordinates":[-77.0624,38.86345]},"properties":{"id":"node/10606726976","name":"Mimi's Ice Cream","group":"food","category":"amenity=ice_cream","hours":"Mo-Fr 12:00-21:00; Sa-Su 11:00-21:00","phone":"+1 571-858-5457","website":"https://www.mimishandmade.com/","housenumber":"1201","street":"South Joyce Street","city":"Arlington","postcode":"22202"}},{"type":"Feature","geometry":{"type":"Point","coordinates":[-77.06244,38.86325]},"properties":{"id":"node/10606726977","name":"Bun'd Up","group":"food","category":"amenity=restaurant","cuisine":"asian","hours":"Mo 16:00-21:00; Tu-Th 11:00-21:00; Fr-Sa 11:00-22:00; Su 11:00-21:00","phone":"+1 571-312-4908","website":"https://www.bundup.com/","housenumber":"1201","street":"South Joyce Street","city":"Arlington","postcode":"22202"}},{"type":"Feature","geometry":{"type":"Point","coordinates":[-77.06243,38.86323]},"properties":{"id":"node/10606726978","name":"Noonchi","group":"food","category":"amenity=restaurant","cuisine":"korean","housenumber":"1201","street":"South Joyce Street","city":"Arlington","postcode":"22202"}},{"type":"Feature","geometry":{"type":"Point","coordinates":[-77.06065,38.86334]},"properties":{"id":"node/10608060611","name":"King Cajun Grill","group":"food","category":"amenity=fast_food","cuisine":"barbecue"}},{"type":"Feature","geometry":{"type":"Point","coordinates":[-77.06141,38.863]},"properties":{"id":"node/10608060614","name":"Modern Nails & Spa","group":"personal_care","category":"shop=beauty"}},{"type":"Feature","geometry":{"type":"Point","coordinates":[-77.11884,38.84146]},"properties":{"id":"node/10659975806","name":"D8amond Hair Salon","group":"personal_care","category":"shop=hairdresser","hours":"Tu-Fr 10:00-18:00; Su 10:00-15:00","phone":"+1 703-820-6990"}},{"type":"Feature","geometry":{"type":"Point","coordinates":[-77.11895,38.84143]},"properties":{"id":"node/10659975807","name":"Sunshine Beauty Salon","group":"personal_care","category":"shop=hairdresser","hours":"Mo-Fr 10:00-18:00; Tu off; Sa 09:00-17:00; Su 10:00-16:00","phone":"+1 703-820-7828"}},{"type":"Feature","geometry":{"type":"Point","coordinates":[-77.11914,38.84134]},"properties":{"id":"node/10659975808","name":"Piassa","group":"shopping","category":"shop=hookah","phone":"+1-571-457-0913","website":"https://sites.google.com/view/piassa-hookah-retail/contact"}},{"type":"Feature","geometry":{"type":"Point","coordinates":[-77.1188,38.84139]},"properties":{"id":"node/10659999807","name":"Arif Restaurant & Bar","group":"food","category":"amenity=bar","phone":"+1 703-933-6098"}},{"type":"Feature","geometry":{"type":"Point","coordinates":[-77.1189,38.84135]},"properties":{"id":"node/10660005105","name":"Grapes Lounge","group":"food","category":"amenity=bar"}},{"type":"Feature","geometry":{"type":"Point","coordinates":[-77.07135,38.89693]},"properties":{"id":"node/10661106334","name":"Roll Play","group":"food","category":"amenity=restaurant","cuisine":"vietnamese","hours":"24/7","phone":"+1 571-800-1881","website":"https://www.rollplaygrill.com","housenumber":"1800","street":"North Lynn Street","city":"Arlington","postcode":"22209"}},{"type":"Feature","geometry":{"type":"Point","coordinates":[-77.07411,38.89511]},"properties":{"id":"node/10661106335","name":"Taco Rock","group":"food","category":"amenity=fast_food","cuisine":"mexican","hours":"Mo-Sa 11:00-22:00; Su 11:00-21:00","phone":"+1 571-775-1800","website":"https://www.thetacorock.com/","housenumber":"1501","street":"Wilson Boulevard","city":"Arlington","postcode":"22209"}},{"type":"Feature","geometry":{"type":"Point","coordinates":[-77.07174,38.89545]},"properties":{"id":"node/10661106336","name":"Assembly","group":"food","category":"amenity=fast_food","hours":"Mo-Sa 07:00-21:00; Su off","phone":"+1 571-222-5425","website":"https://assembly-va.com","housenumber":"1700","street":"North Moore Street","city":"Arlington","postcode":"22209"}},{"type":"Feature","geometry":{"type":"Point","coordinates":[-77.08582,38.89018]},"properties":{"id":"node/10669414852","name":"Captain Cookie","group":"food","category":"shop=pastry","cuisine":"cookie;ice_cream","phone":"+1-571-431-6664","website":"https://captaincookiedc.com/"}},{"type":"Feature","geometry":{"type":"Point","coordinates":[-77.08646,38.88966]},"properties":{"id":"node/10669414853","name":"Silk Salon & Nails","group":"personal_care","category":"shop=beauty"}},{"type":"Feature","geometry":{"type":"Point","coordinates":[-77.0835,38.86363]},"properties":{"id":"node/10671672814","name":"Sabores","group":"food","category":"amenity=restaurant","cuisine":"spanish;tapas","hours":"Mo-Fr 15:00-22:00; Sa 15:00-22:00; Su 15:00-21:00","phone":"+1-571-970-1253","website":"https://www.saboresva.com/","housenumber":"2401","street":"Columbia Pike","city":"Arlington","postcode":"22204"}},{"type":"Feature","geometry":{"type":"Point","coordinates":[-77.10911,38.84214]},"properties":{"id":"node/10687259035","name":"McCormick Paints","group":"shopping","category":"shop=paint","housenumber":"4664","street":"King Street","city":"Alexandria","postcode":"22302"}},{"type":"Feature","geometry":{"type":"Point","coordinates":[-77.10741,38.84109]},"properties":{"id":"node/10687259039","name":"Sushi Jin","group":"food","category":"amenity=restaurant","cuisine":"sushi","phone":"+1-571-431-7286","website":"http://www.sushijinnextdoor.com","housenumber":"3470","street":"Berkeley Street","city":"Alexandria","postcode":"22302-1357"}},{"type":"Feature","geometry":{"type":"Point","coordinates":[-77.04235,38.80474]},"properties":{"id":"node/10689145301","name":"Dolci Gelato & Coffee","group":"food","category":"amenity=ice_cream","cuisine":"ice_cream;coffee_shop","phone":"+1-571-290-0684","website":"https://www.oldtowndolci.com/","housenumber":"107","street":"North Fairfax Street","postcode":"22314"}},{"type":"Feature","geometry":{"type":"Point","coordinates":[-77.04234,38.8048]},"properties":{"id":"node/10689145302","name":"Twist Boutique","group":"shopping","category":"shop=clothes"}},{"type":"Feature","geometry":{"type":"Point","coordinates":[-77.04207,38.80458]},"properties":{"id":"node/10689145303","name":"Two Nineteen Restaurant","group":"food","category":"amenity=restaurant","cuisine":"american","hours":"Mo-Th 15:00-22:00; Fr 15:00-23:00; Sa 11:30-23:00; Su 11:00-15:00,16:00-22:00","phone":"+1-703-549-1141","website":"https://219restaurant.com/","housenumber":"219","street":"King Street","city":"Alexandria","postcode":"22314"}},{"type":"Feature","geometry":{"type":"Point","coordinates":[-77.04203,38.80458]},"properties":{"id":"node/10689145304","name":"Basin Street Lounge","group":"food","category":"amenity=bar","hours":"Su-Th 16:00-00:00; Fr-Sa 15:00-01:00","phone":"+1-703-549-1141","website":"https://219restaurant.com","housenumber":"219","street":"King Street","city":"Alexandria","postcode":"22314"}},{"type":"Feature","geometry":{"type":"Point","coordinates":[-77.04199,38.80457]},"properties":{"id":"node/10689197205","name":"King Street Souvenirs","group":"shopping","category":"shop=gift"}},{"type":"Feature","geometry":{"type":"Point","coordinates":[-77.04193,38.80457]},"properties":{"id":"node/10689197206","name":"Scottish Merchant Tobacconist","group":"shopping","category":"shop=tobacco"}},{"type":"Feature","geometry":{"type":"Point","coordinates":[-77.04187,38.80456]},"properties":{"id":"node/10689197207","name":"3 Sisters","group":"shopping","category":"shop=clothes"}},{"type":"Feature","geometry":{"type":"Point","coordinates":[-77.04179,38.80461]},"properties":{"id":"node/10689197209","name":"Mindful Hands","group":"shopping","category":"shop=art"}},{"type":"Feature","geometry":{"type":"Point","coordinates":[-77.04175,38.80454]},"properties":{"id":"node/10689197210","name":"Sonoma Cellar","group":"food","category":"amenity=bar","phone":"+1-703-566-9867","website":"https://www.mysonomacellar.com/","housenumber":"207","street":"King Street","city":"Alexandria","postcode":"22314"}},{"type":"Feature","geometry":{"type":"Point","coordinates":[-77.04157,38.80452]},"properties":{"id":"node/10689197211","name":"Comfort One Shoes","group":"shopping","category":"shop=shoes"}},{"type":"Feature","geometry":{"type":"Point","coordinates":[-77.04169,38.80454]},"properties":{"id":"node/10689197216","name":"She's Unique Jewelry Boutique","group":"shopping","category":"shop=jewelry","hours":"Mo-Fr 11:00-19:00; Sa 10:00-20:00; Su 11:00-19:00","phone":"+1 703-836-8863","website":"https://shesunique.com/"}},{"type":"Feature","geometry":{"type":"Point","coordinates":[-77.04164,38.80453]},"properties":{"id":"node/10689197217","name":"Tech Doc","group":"services","category":"craft=electronics_repair"}},{"type":"Feature","geometry":{"type":"Point","coordinates":[-77.04161,38.80452]},"properties":{"id":"node/10689197218","name":"Benchmark Mortgage","group":"services","category":"shop=money_lender"}},{"type":"Feature","geometry":{"type":"Point","coordinates":[-77.04231,38.80491]},"properties":{"id":"node/10689207734","name":"The Antique Guild","group":"shopping","category":"shop=antiques"}},{"type":"Feature","geometry":{"type":"Point","coordinates":[-77.0423,38.80497]},"properties":{"id":"node/10689207735","name":"Buchanan and Kiguel","group":"shopping","category":"shop=frame"}},{"type":"Feature","geometry":{"type":"Point","coordinates":[-77.04167,38.80494]},"properties":{"id":"node/10689207743","name":"Intertribal Creatives","group":"shopping","category":"shop=art"}},{"type":"Feature","geometry":{"type":"Point","coordinates":[-77.05152,38.7982]},"properties":{"id":"node/10689314071","name":"Snack Shop","group":"groceries","category":"shop=convenience"}},{"type":"Feature","geometry":{"type":"Point","coordinates":[-77.04965,38.85447]},"properties":{"id":"node/10694003300","name":"Rasa","group":"food","category":"amenity=fast_food","cuisine":"indian","hours":"Mo-Su 10:30-22:00","phone":"+1-571-586-8952","website":"https://www.rasa.co/locations","housenumber":"2200","street":"Crystal Drive","city":"Arlington","postcode":"22202-3730"}},{"type":"Feature","geometry":{"type":"Point","coordinates":[-77.04987,38.85599]},"properties":{"id":"node/10694003304","name":"Crystal City Wine Shop","group":"groceries","category":"shop=wine","hours":"Mo-Th 11:00-20:00; Fr-Sa 11:00-21:00; Su 11:00-18:00","phone":"+1 703-414-0777","website":"https://www.crystalcitywine.com/"}},{"type":"Feature","geometry":{"type":"Point","coordinates":[-77.1113,38.8796]},"properties":{"id":"node/10706572078","name":"Whino","group":"food","category":"amenity=restaurant","hours":"Mo-Th 17:00-22:00; Fr 17:00-02:00; Sa 11:00-02:00; Su 09:30-22:00","phone":"+1-571-290-3958","website":"https://www.whinova.com/"}},{"type":"Feature","geometry":{"type":"Point","coordinates":[-77.04319,38.80445]},"properties":{"id":"node/10731574955","name":"The Tea and Spice Exchange","group":"groceries","category":"shop=spices_and_teas"}},{"type":"Feature","geometry":{"type":"Point","coordinates":[-77.09126,38.88736]},"properties":{"id":"node/10746393859","name":"South Moon Under","group":"shopping","category":"shop=clothes","housenumber":"2700","street":"Clarendon Boulevard","city":"Arlington","postcode":"22201"}},{"type":"Feature","geometry":{"type":"Point","coordinates":[-77.0605,38.86244]},"properties":{"id":"node/10746428986","name":"Sante","group":"food","category":"amenity=restaurant","cuisine":"mediterranean;high_tea","phone":"+1-703-412-2762","website":"https://www.ritzcarlton.com/en/hotels/washington-dc/pentagon-city/dining/sante","housenumber":"1250","street":"South Hayes Street","city":"Arlington","postcode":"22202"}},{"type":"Feature","geometry":{"type":"Point","coordinates":[-77.06317,38.86393]},"properties":{"id":"node/10746777097","name":"1983 Chinese Cuisine","group":"food","category":"amenity=restaurant","cuisine":"chinese","hours":"Mo-Fr 11:00-22:00; Sa-Su 10:30-22:00","phone":"+1-703-512-3089","website":"https://1983chinesecuisine.com/","housenumber":"1101","street":"South Joyce Street","city":"Arlington"}},{"type":"Feature","geometry":{"type":"Point","coordinates":[-77.06337,38.86248]},"properties":{"id":"node/10746777101","name":"Metropolitan Nail Bar","group":"personal_care","category":"shop=beauty"}},{"type":"Feature","geometry":{"type":"Point","coordinates":[-77.11254,38.87988]},"properties":{"id":"node/10835691485","name":"Slipstream","group":"food","category":"amenity=cafe","cuisine":"coffee_shop","hours":"Mo-Fr 07:00-16:00","housenumber":"4300","street":"Wilson Boulevard","city":"Arlington","postcode":"22203"}},{"type":"Feature","geometry":{"type":"Point","coordinates":[-77.11452,38.88072]},"properties":{"id":"node/10838100092","name":"The Commentary","group":"food","category":"amenity=restaurant","cuisine":"american","hours":"Mo-Fr 06:30-11:30, 16:00-22:00; Sa-Su 07:00-13:30, 16:00-22:00","phone":"+1-703-537-4204","website":"https://thecommentaryarl.com/","housenumber":"801","street":"North Glebe Road","city":"Arlington","postcode":"22203-1825"}},{"type":"Feature","geometry":{"type":"Point","coordinates":[-77.06332,38.79892]},"properties":{"id":"node/10893285003","name":"ASAP Printing & Graphics","group":"services","category":"shop=copyshop","hours":"Mo-Th 08:30-17:30; Fr 08:30-16:30","phone":"+1-703-836-2288","housenumber":"313","street":"Hoofs Run Drive"}},{"type":"Feature","geometry":{"type":"Point","coordinates":[-77.08689,38.86307]},"properties":{"id":"node/10911053603","name":"Sicilian Pizza","group":"food","category":"amenity=fast_food","cuisine":"pizza","hours":"Mo-Th 11:00-23:00; Fr-Sa 11:00-01:00; Su 11:00-23:00","phone":"+1 703-920-9110","website":"https://www.pizzasicilian.com/","housenumber":"923","street":"South Walter Reed Drive"}},{"type":"Feature","geometry":{"type":"Point","coordinates":[-77.0506,38.85859]},"properties":{"id":"node/10918272545","name":"Total Party","group":"shopping","category":"shop=party"}},{"type":"Feature","geometry":{"type":"Point","coordinates":[-77.05089,38.85837]},"properties":{"id":"node/10918272548","name":"Sushi Garden","group":"food","category":"amenity=restaurant","cuisine":"sushi","hours":"Mo-Sa 11:00-20:00; Su off","phone":"+1 703-413-5477","website":"https://www.sushigardencrystalcity.com/","housenumber":"1680","street":"Crystal Square Arcade","city":"Arlington","postcode":"22202-3322"}},{"type":"Feature","geometry":{"type":"Point","coordinates":[-77.05088,38.85849]},"properties":{"id":"node/10918272549","name":"Lily Bubble Tea & Smoothie","group":"food","category":"amenity=cafe","cuisine":"bubble_tea","phone":"+1-703-566-8849","housenumber":"1666","street":"Crystal Drive","city":"Arlington","postcode":"22202-4179"}},{"type":"Feature","geometry":{"type":"Point","coordinates":[-77.0413,38.8058]},"properties":{"id":"node/10930577971","name":"Pedego Electric Bikes","group":"shopping","category":"shop=bicycle","website":"https://pedegoelectricbikes.com/dealers/alexandria/","housenumber":"201","street":"North Lee Street","city":"Alexandria","postcode":"22314"}},{"type":"Feature","geometry":{"type":"Point","coordinates":[-77.11361,38.83221]},"properties":{"id":"node/10933922033","name":"Southern Towers Cleaners","group":"services","category":"shop=dry_cleaning"}},{"type":"Feature","geometry":{"type":"Point","coordinates":[-77.04077,38.80248]},"properties":{"id":"node/10937806846","name":"Cafe du Soleil","group":"food","category":"amenity=cafe","cuisine":"french","phone":"+1 571-312-8010","website":"https://cafedusoleilva.com/","housenumber":"215","street":"South Union Street","postcode":"22314"}},{"type":"Feature","geometry":{"type":"Point","coordinates":[-77.10321,38.81114]},"properties":{"id":"node/10947644721","name":"Herat Oriental Rugs","group":"shopping","category":"shop=carpet","phone":"+1-703-370-3902","website":"https://heratorientalrugs.com/","housenumber":"4154","street":"Duke Street","city":"Alexandria","postcode":"22304"}},{"type":"Feature","geometry":{"type":"Point","coordinates":[-77.09411,38.88688]},"properties":{"id":"node/10955889717","name":"Brass Rabbit","group":"food","category":"amenity=pub","hours":"Mo-Th 11:00-24:00; Fr 11:00-01:00; Sa 10:00-01:00; Su 10:00-24:00","phone":"+1 703-746-9977","website":"https://www.brassrabbitpub.com/","housenumber":"1210","street":"North Garfield Street","city":"Arlington","postcode":"22201-6814"}},{"type":"Feature","geometry":{"type":"Point","coordinates":[-77.09203,38.88845]},"properties":{"id":"node/10955889721","name":"Seamore's","group":"food","category":"amenity=restaurant","cuisine":"seafood","hours":"Mo-Th 11:30-21:30; Fr 11:30-22:00; Sa 11:00-22:00; Su 11:00-21:00","phone":"+1-703-721-3384","website":"https://www.seamores.com/","housenumber":"2815","street":"Clarendon Boulevard","city":"Arlington","postcode":"22201-2867"}},{"type":"Feature","geometry":{"type":"Point","coordinates":[-77.07053,38.89473]},"properties":{"id":"node/10965203293","name":"Sfoglina","group":"food","category":"amenity=restaurant","cuisine":"italian","hours":"Mo-Th 11:30-21:30; Fr 11:30-22:00; Sa 17:00-22:00; Su off","phone":"+1 703-893-8000","website":"https://sfoglinapasta.com/rosslyn","housenumber":"1100","street":"Wilson Boulevard","city":"Arlington","postcode":"22209-2247"}},{"type":"Feature","geometry":{"type":"Point","coordinates":[-77.04393,38.85804]},"properties":{"id":"node/10981719332","name":"Timber Pizza Co.","group":"food","category":"amenity=fast_food","cuisine":"pizza","hours":"08:00-22:00"}},{"type":"Feature","geometry":{"type":"Point","coordinates":[-77.04467,38.85744]},"properties":{"id":"node/10981719333","name":"Capitol File News","group":"groceries","category":"shop=newsagent"}},{"type":"Feature","geometry":{"type":"Point","coordinates":[-77.04345,38.85802]},"properties":{"id":"node/10981719339","name":"Wolfgang Puck Bar & Bites","group":"food","category":"amenity=bar","hours":"06:00-23:00","phone":"+1-571-517-8253","housenumber":"1","street":"Aviation Circle","city":"Arlington","postcode":"22202"}},{"type":"Feature","geometry":{"type":"Point","coordinates":[-77.1089,38.8569]},"properties":{"id":"node/10985330106","name":"Dollar Plus & Mattress","group":"shopping","category":"shop=department_store","housenumber":"4801","street":"Columbia Pike","postcode":"22204"}},{"type":"Feature","geometry":{"type":"Point","coordinates":[-77.10915,38.85696]},"properties":{"id":"node/10985330108","name":"Mercado Latino","group":"groceries","category":"shop=convenience","housenumber":"4807","street":"Columbia Pike","postcode":"22204"}},{"type":"Feature","geometry":{"type":"Point","coordinates":[-77.1092,38.85694]},"properties":{"id":"node/10985330109","name":"Asian Grocery Market","group":"groceries","category":"shop=convenience","housenumber":"4809","street":"Columbia Pike","postcode":"22204"}},{"type":"Feature","geometry":{"type":"Point","coordinates":[-77.10932,38.85694]},"properties":{"id":"node/10985330110","name":"Ayana Ethiopian Market","group":"groceries","category":"shop=convenience"}},{"type":"Feature","geometry":{"type":"Point","coordinates":[-77.10938,38.85692]},"properties":{"id":"node/10985330111","name":"Caba\u00f1a Restaurant","group":"food","category":"amenity=restaurant","cuisine":"peruvian","phone":"+1-571-867-9973","housenumber":"4815","street":"Columbia Pike","city":"Arlington","postcode":"22204-3010"}},{"type":"Feature","geometry":{"type":"Point","coordinates":[-77.10955,38.8568]},"properties":{"id":"node/10985330113","name":"New Style Beauty Salon","group":"personal_care","category":"shop=hairdresser"}},{"type":"Feature","geometry":{"type":"Point","coordinates":[-77.06818,38.84556]},"properties":{"id":"node/10994392921","name":"Akivva Grill","group":"food","category":"amenity=fast_food","cuisine":"kebab","hours":"Mo-Su 11:30-21:00","phone":"+1 703-888-2185","website":"https://www.akivvagrill.com/","housenumber":"2921","street":"South Glebe Road","city":"Arlington","postcode":"22206-2710"}},{"type":"Feature","geometry":{"type":"Point","coordinates":[-77.09259,38.86092]},"properties":{"id":"node/10994392922","name":"Kabobistan","group":"food","category":"amenity=fast_food","cuisine":"kebab","hours":"Mo 11:00-22:00; Tu-Sa 09:00-22:00; Su 09:00-21:00","phone":"+1-703-888-1723","website":"https://www.kabobistanarlington.com","housenumber":"3400","street":"Columbia Pike","city":"Arlington","postcode":"22204-1593"}},{"type":"Feature","geometry":{"type":"Point","coordinates":[-77.10826,38.84116]},"properties":{"id":"node/10995564589","name":"Koncept Nail Spa","group":"personal_care","category":"shop=beauty"}},{"type":"Feature","geometry":{"type":"Point","coordinates":[-77.10769,38.84052]},"properties":{"id":"node/10995564593","name":"Salon Lofts","group":"personal_care","category":"shop=beauty"}},{"type":"Feature","geometry":{"type":"Point","coordinates":[-77.08895,38.89075]},"properties":{"id":"node/11006273253","name":"Simona Cafe","group":"food","category":"amenity=cafe","cuisine":"coffee_shop","hours":"Mo-We 07:00-19:00; Th-Fr 07:00-20:00; Sa 08:00-20:00; Su 08:00-19:00","phone":"+1-571-970-0814","website":"https://simonacafe.com/","housenumber":"2507","street":"North Franklin Road","city":"Arlington","postcode":"22201"}},{"type":"Feature","geometry":{"type":"Point","coordinates":[-77.07642,38.89371]},"properties":{"id":"node/11011276763","name":"Court Cleaners","group":"services","category":"shop=dry_cleaning"}},{"type":"Feature","geometry":{"type":"Point","coordinates":[-77.07479,38.89364]},"properties":{"id":"node/11011276764","name":"Paint","group":"personal_care","category":"shop=beauty"}},{"type":"Feature","geometry":{"type":"Point","coordinates":[-77.05415,38.86125]},"properties":{"id":"node/11045432098","name":"Good Company Doughnuts & Cafe","group":"food","category":"amenity=cafe","hours":"07:00-17:00","website":"https://gocodough.com/","housenumber":"1350","street":"South Eads Street"}},{"type":"Feature","geometry":{"type":"Point","coordinates":[-77.05091,38.84235]},"properties":{"id":"node/11048685256","name":"Paisano's","group":"food","category":"amenity=fast_food","cuisine":"pizza","hours":"Mo-Th,Su 11:00-22:00; Fr-Sa 11:00-23:00","phone":"+1 703-416-7000","housenumber":"3650","street":"South Glebe Road","city":"Arlington","postcode":"22202-2393"}},{"type":"Feature","geometry":{"type":"Point","coordinates":[-77.05137,38.8116]},"properties":{"id":"node/11075705705","name":"Bastille Brasserie & Bar","group":"food","category":"amenity=restaurant","cuisine":"french","hours":"We-Fr 11:30-14:00; Tu-Sa 16:30-21:00; Su 11:00-15:00","phone":"+1-703-519-3776","website":"https://www.bastillerestaurant.com/","housenumber":"606","street":"North Fayette Street","city":"Alexandria","postcode":"22314"}},{"type":"Feature","geometry":{"type":"Point","coordinates":[-77.04003,38.80236]},"properties":{"id":"node/11090437432","name":"Lady Camellia","group":"food","category":"amenity=cafe","cuisine":"tea","phone":"+1-202-333-2308","website":"https://www.ladycamellia.com","housenumber":"229","street":"Strand Street","city":"Alexandria","postcode":"22314"}},{"type":"Feature","geometry":{"type":"Point","coordinates":[-77.0401,38.80208]},"properties":{"id":"node/11090437433","name":"Hummingbird Bar & Kitchen","group":"food","category":"amenity=restaurant","cuisine":"american","phone":"+1-703-566-1355","website":"https://www.hummingbirdva.net/","housenumber":"220","street":"South Union Street","city":"Alexandria","postcode":"22314-3326"}},{"type":"Feature","geometry":{"type":"Point","coordinates":[-77.04052,38.80242]},"properties":{"id":"node/11090437439","name":"Monte","group":"personal_care","category":"shop=hairdresser"}},{"type":"Feature","geometry":{"type":"Point","coordinates":[-77.0407,38.8028]},"properties":{"id":"node/11090437443","name":"Braemar Cabinetry","group":"shopping","category":"shop=kitchen"}},{"type":"Feature","geometry":{"type":"Point","coordinates":[-77.04069,38.80286]},"properties":{"id":"node/11090437444","name":"Architessa","group":"shopping","category":"shop=tiles"}},{"type":"Feature","geometry":{"type":"Point","coordinates":[-77.05425,38.86162]},"properties":{"id":"node/11110536577","name":"Glow 30","group":"personal_care","category":"shop=beauty"}},{"type":"Feature","geometry":{"type":"Point","coordinates":[-77.05476,38.86051]},"properties":{"id":"node/11110536579","name":"Toby's Ice Cream","group":"food","category":"amenity=ice_cream","hours":"12:00-20:00","website":"https://tobysicecream.com/"}},{"type":"Feature","geometry":{"type":"Point","coordinates":[-77.08208,38.86352]},"properties":{"id":"node/11116541785","name":"Metro Motor","group":"services","category":"shop=car_repair"}},{"type":"Feature","geometry":{"type":"Point","coordinates":[-77.08436,38.86298]},"properties":{"id":"node/11116541786","name":"The Top Jewelry","group":"shopping","category":"shop=jewelry","housenumber":"2502","street":"Columbia Pike","postcode":"22204"}},{"type":"Feature","geometry":{"type":"Point","coordinates":[-77.0847,38.86291]},"properties":{"id":"node/11116541787","name":"K-1 Beer & Wine","group":"groceries","category":"shop=alcohol","hours":"Mo-Sa 08:00-22:00; Su 09:00-22:00","housenumber":"2516","street":"Columbia Pike"}},{"type":"Feature","geometry":{"type":"Point","coordinates":[-77.08534,38.8628]},"properties":{"id":"node/11116541788","name":"Mpanadas","group":"food","category":"amenity=fast_food","cuisine":"empanada","hours":"Mo-Sa 10:00-20:00; Su 11:00-19:00","phone":"+1 571-312-0182","website":"https://mpanadasusa.com/","housenumber":"2602","street":"Columbia Pike","city":"Arlington","postcode":"22204-4449"}},{"type":"Feature","geometry":{"type":"Point","coordinates":[-77.08562,38.86277]},"properties":{"id":"node/11116541789","name":"Sk\u00ebn Spa","group":"personal_care","category":"shop=beauty","housenumber":"2628","street":"Columbia Pike","postcode":"22204"}},{"type":"Feature","geometry":{"type":"Point","coordinates":[-77.08778,38.8625]},"properties":{"id":"node/11116541790","name":"Bangkok 54 Grocery","group":"groceries","category":"shop=supermarket","housenumber":"2927","street":"Columbia Pike","postcode":"22204"}},{"type":"Feature","geometry":{"type":"Point","coordinates":[-77.06044,38.83578]},"properties":{"id":"node/11159408058","name":"District Biscuit Company","group":"food","category":"amenity=restaurant","cuisine":"american","hours":"Mo-Th 07:00-14:00; Fr-Su 07:00-20:00","phone":"+1-703-687-3112","website":"https://districtbiscuitco.com/","housenumber":"3401","street":"Mount Vernon Avenue"}},{"type":"Feature","geometry":{"type":"Point","coordinates":[-77.04315,38.85216]},"properties":{"id":"node/11163635536","name":"The Cafe at DCA","group":"food","category":"amenity=cafe"}},{"type":"Feature","geometry":{"type":"Point","coordinates":[-77.06113,38.86258]},"properties":{"id":"node/11212923205","name":"Sharp360","group":"shopping","category":"shop=clothes"}},{"type":"Feature","geometry":{"type":"Point","coordinates":[-77.06134,38.86261]},"properties":{"id":"node/11212923207","name":"Sneaker Mat","group":"shopping","category":"shop=shoes"}},{"type":"Feature","geometry":{"type":"Point","coordinates":[-77.06109,38.86277]},"properties":{"id":"node/11212923208","name":"Roberto Vino Milano","group":"shopping","category":"shop=clothes"}},{"type":"Feature","geometry":{"type":"Point","coordinates":[-77.06107,38.86284]},"properties":{"id":"node/11212923209","name":"Wunderkind","group":"shopping","category":"shop=clothes"}},{"type":"Feature","geometry":{"type":"Point","coordinates":[-77.06028,38.86359]},"properties":{"id":"node/11212923214","name":"Last Stop","group":"shopping","category":"shop=clothes"}},{"type":"Feature","geometry":{"type":"Point","coordinates":[-77.11366,38.80485]},"properties":{"id":"node/11229048128","name":"Mieza Blendery","group":"food","category":"craft=brewery","phone":"+12025053568","website":"https://www.miezabeer.com/","housenumber":"109","street":"Clermont Avenue","city":"Alexandria","postcode":"22304"}},{"type":"Feature","geometry":{"type":"Point","coordinates":[-77.04896,38.85872]},"properties":{"id":"node/11237229514","name":"Bird's Eye Thai","group":"food","category":"amenity=fast_food","cuisine":"thai","phone":"+1-571-775-9926","website":"https://birdseyethai.com","housenumber":"1651","street":"Crystal Drive","city":"Arlington","postcode":"22202"}},{"type":"Feature","geometry":{"type":"Point","coordinates":[-77.04899,38.8585]},"properties":{"id":"node/11237229516","name":"Queen Mother's Chicken","group":"food","category":"amenity=fast_food","cuisine":"chicken","hours":"11:00-21:00","website":"https://www.queenmothercooks.com/","housenumber":"1711","street":"Crystal Drive","postcode":"22202"}},{"type":"Feature","geometry":{"type":"Point","coordinates":[-77.04895,38.85897]},"properties":{"id":"node/11237229518","name":"Brij Coffeehouse","group":"food","category":"amenity=cafe","cuisine":"coffee_shop","hours":"Mo-Fr 07:00-16:00, Sa 08:00-16:00, Su 09:00-13:00","website":"https://www.brijcoffee.com/","housenumber":"1621","street":"Crystal Drive","postcode":"22202"}},{"type":"Feature","geometry":{"type":"Point","coordinates":[-77.049,38.85833]},"properties":{"id":"node/11237229520","name":"PhoWheels","group":"food","category":"amenity=fast_food","cuisine":"vietnamese","website":"https://www.phowheelsdc.com/","housenumber":"1731","street":"Crystal Drive","postcode":"22202"}},{"type":"Feature","geometry":{"type":"Point","coordinates":[-77.04944,38.80489]},"properties":{"id":"node/11241361443","name":"Mount Purrnon Cat Caf\u00e9 + Wine Bar","group":"food","category":"amenity=cafe","phone":"+1-703-567-1138","website":"https://www.mtpurrnoncatcafe.com/","housenumber":"109","street":"South Alfred Street","city":"Alexandria","postcode":"22314"}},{"type":"Feature","geometry":{"type":"Point","coordinates":[-77.03831,38.81432]},"properties":{"id":"node/11246283229","name":"Jula's on the Potomac","group":"food","category":"amenity=restaurant","cuisine":"american","hours":"Tu-Fr 11:30-22:00; Sa 09:00-22:00; Su 09:00-17:00","phone":"+1 571-344-9100","website":"https://julasotp.com/","housenumber":"44","street":"Canal Center Plaza"}},{"type":"Feature","geometry":{"type":"Point","coordinates":[-77.04895,38.85878]},"properties":{"id":"node/11270640201","name":"Fat Fish","group":"food","category":"amenity=fast_food","cuisine":"sushi","housenumber":"1641","street":"Crystal Drive","postcode":"22202"}},{"type":"Feature","geometry":{"type":"Point","coordinates":[-77.08029,38.87828]},"properties":{"id":"node/11296533635","name":"JBMHH Leisure Travel Services","group":"shopping","category":"shop=ticket","hours":"Mo-Tu 10:00-17:00; We-Fr 10:00-19:00; Sa 10:00-14:30","phone":"+1-703-696-3470","website":"https://jbmhh.armymwr.com/programs/community-activity-center-1","housenumber":"228","street":"McNair Road","city":"Fort Myer","postcode":"22211"}},{"type":"Feature","geometry":{"type":"Point","coordinates":[-77.10343,38.88265]},"properties":{"id":"node/11298724969","name":"Khalid Barber Shop","group":"personal_care","category":"shop=hairdresser","hours":"Su 09:00-16:30; Mo,Tu,Th,Fr 09:30-19:00; We 09:30-19:30; Sa 09:00-18:00","phone":"+17036820093","housenumber":"901","street":"North Nelson Street","city":"Arlington","postcode":"22203"}},{"type":"Feature","geometry":{"type":"Point","coordinates":[-77.08835,38.84123]},"properties":{"id":"node/11365529358","name":"Select Glass & Windows Inc","group":"services","category":"craft=window_construction","hours":"Mo-Su 00:00-24:00","phone":"+1-703-309-4118","website":"https://selectglasswindows.com/","housenumber":"2776","street":"S Arlington Mill Dr","city":"Arlington","postcode":"22206"}},{"type":"Feature","geometry":{"type":"Point","coordinates":[-77.04904,38.85489]},"properties":{"id":"node/11384817769","name":"Surreal","group":"food","category":"amenity=restaurant","phone":"+1 703-249-9618","website":"https://www.sevenreasonsgroup.com/surreal","housenumber":"2117","street":"Crystal Drive"}},{"type":"Feature","geometry":{"type":"Point","coordinates":[-77.05409,38.86069]},"properties":{"id":"node/11384817770","name":"Peruvian Brothers","group":"food","category":"amenity=restaurant","cuisine":"peruvian","hours":"Mo-Sa 11:00-21:00; Su 11:00-20:00","phone":"+1-703-625-6473","website":"https://www.peruvianbrothers.com/","housenumber":"1450","street":"South Eads Street","city":"Arlington","postcode":"22202-4832"}},{"type":"Feature","geometry":{"type":"Point","coordinates":[-77.04265,38.84743]},"properties":{"id":"node/11460164568","name":"Boar Head","group":"food","category":"amenity=restaurant","cuisine":"sandwich"}},{"type":"Feature","geometry":{"type":"Point","coordinates":[-77.04266,38.84737]},"properties":{"id":"node/11460166869","name":"Tagliare","group":"food","category":"amenity=restaurant","cuisine":"pizza","phone":"+1 703-417-1975","city":"Washington","postcode":"22202"}},{"type":"Feature","geometry":{"type":"Point","coordinates":[-77.04264,38.84748]},"properties":{"id":"node/11460166870","name":"Custom Burgers","group":"food","category":"amenity=fast_food","cuisine":"burger"}},{"type":"Feature","geometry":{"type":"Point","coordinates":[-77.04599,38.82137]},"properties":{"id":"node/11466786891","name":"Pontomack Auction","group":"services","category":"shop=auctioneer","website":"https://www.potomackcompany.com/"}},{"type":"Feature","geometry":{"type":"Point","coordinates":[-77.05411,38.86087]},"properties":{"id":"node/11492748178","name":"Maker's Union","group":"food","category":"amenity=pub","hours":"Mo-Th 11:00-22:00; Fr 11:00-23:00; Sa 10:00-23:00; Su 10:00-22:00","phone":"+1 703-419-3504","website":"https://www.makersunionpub.com/","housenumber":"1450","street":"South Eads Street","city":"Arlington","postcode":"22202-4710"}},{"type":"Feature","geometry":{"type":"Point","coordinates":[-77.05102,38.80658]},"properties":{"id":"node/11608678444","name":"Cosmopolitan Grill","group":"food","category":"amenity=restaurant","cuisine":"german","hours":"Mo off; Tu-Th 11:00-23:00; Fr-Sa 11:00-23:30; Su 11:00-21:00","phone":"+1 703-717-9361","website":"https://www.oldhousecosmopolitan.com/","housenumber":"1024","street":"Cameron Street"}},{"type":"Feature","geometry":{"type":"Point","coordinates":[-77.04838,38.80455]},"properties":{"id":"node/11608707137","name":"Vintage Mirage","group":"shopping","category":"shop=clothes","housenumber":"117","street":"South Columbus Street"}},{"type":"Feature","geometry":{"type":"Point","coordinates":[-77.04876,38.80659]},"properties":{"id":"node/11608753782","name":"Cunningham Funeral Home","group":"services","category":"shop=funeral_directors","housenumber":"811","street":"Cameron Street"}},{"type":"Feature","geometry":{"type":"Point","coordinates":[-77.04834,38.80472]},"properties":{"id":"node/11608754223","name":"District Cryo","group":"personal_care","category":"shop=beauty","phone":"+1 571-982-5942","website":"https://www.districtcryo.com/modalities-old-town","housenumber":"111","street":"South Columbus Street"}},{"type":"Feature","geometry":{"type":"Point","coordinates":[-77.04833,38.80482]},"properties":{"id":"node/11608754224","name":"Patina","group":"shopping","category":"shop=houseware","hours":"Mo-Sa 11:00-17:00; Su 12:00-16:00","housenumber":"111","street":"South Columbus Street"}},{"type":"Feature","geometry":{"type":"Point","coordinates":[-77.04831,38.80492]},"properties":{"id":"node/11608754225","name":"Penelope's Vanity Salon","group":"personal_care","category":"shop=beauty","housenumber":"109","street":"South Columbus Street"}},{"type":"Feature","geometry":{"type":"Point","coordinates":[-77.04736,38.81106]},"properties":{"id":"node/11608766382","name":"Chewish Deli","group":"food","category":"shop=deli","hours":"Mo-Tu off; We-Fr 07:00-14:00; Sa-Su 08:00-14:00","housenumber":"807","street":"Pendleton Street"}},{"type":"Feature","geometry":{"type":"Point","coordinates":[-77.04347,38.81467]},"properties":{"id":"node/11608828744","name":"PlantHouse","group":"shopping","category":"shop=florist","hours":"Mo-Fr 11:00-20:00; Sa 10:00-20:00; Su 11:00-18:00","housenumber":"921","street":"Saint Asaph Street"}},{"type":"Feature","geometry":{"type":"Point","coordinates":[-77.04353,38.81439]},"properties":{"id":"node/11608828747","name":"sparkle+ Pop Nails","group":"personal_care","category":"shop=beauty","hours":"Mo-Sa 10:00-20:00; Su 11:00-17:00","phone":"+1 703-570-6098","website":"https://sparklepopnails.com","housenumber":"913","street":"Saint Asaph Street"}},{"type":"Feature","geometry":{"type":"Point","coordinates":[-77.04354,38.81432]},"properties":{"id":"node/11608828748","name":"Cut & Shave","group":"personal_care","category":"shop=hairdresser","hours":"Mo-Fr 10:00-19:00; Sa 09:00-18:00; Su 11:00-17:00","phone":"+1 571-312-0306","housenumber":"911","street":"Saint Asaph Street"}},{"type":"Feature","geometry":{"type":"Point","coordinates":[-77.04355,38.81426]},"properties":{"id":"node/11608828749","name":"Hinata","group":"food","category":"amenity=restaurant","cuisine":"sushi","hours":"Mo-Th 11:30-14:30,16:30-21:30; Fr-Sa 11:30-14:30,16:30-22:00; Su 17:00-21:00","website":"https://www.clover.com/online-ordering/hinata-alexandria","housenumber":"909","street":"Saint Asaph Street"}},{"type":"Feature","geometry":{"type":"Point","coordinates":[-77.04361,38.81414]},"properties":{"id":"node/11608828750","name":"Oak Steakhouse","group":"food","category":"amenity=restaurant","cuisine":"steak_house","hours":"Mo-Th,Su 17:00-21:00; Fr-Sa 17:00-22:00","phone":"+1 703-840-3395","website":"https://oakalexandria.com","housenumber":"901","street":"Saint Asaph Street"}},{"type":"Feature","geometry":{"type":"Point","coordinates":[-77.04335,38.81423]},"properties":{"id":"node/11608828752","name":"Wooboi Hot Chicken","group":"food","category":"amenity=fast_food","cuisine":"chicken","hours":"Mo-Sa 11:00-21:00; Su 11:00-19:00","phone":"+1-540-455-8303","website":"https://www.wooboichicken.com","housenumber":"531","street":"Montgomery Street","city":"Alexandria","postcode":"22314"}},{"type":"Feature","geometry":{"type":"Point","coordinates":[-77.04156,38.81355]},"properties":{"id":"node/11608836702","name":"Suissa Salon Harun","group":"personal_care","category":"shop=beauty","hours":"Mo off; Tu-Fr 10:00-19:00; Sa 09:00-18:00; Su 11:00-18:00","phone":"+1 703-415-5555","housenumber":"320","street":"Montgomery Street"}},{"type":"Feature","geometry":{"type":"Point","coordinates":[-77.04079,38.81347]},"properties":{"id":"node/11608836703","name":"Salon Kate & Spa","group":"personal_care","category":"shop=beauty","hours":"Mo-Fr 09:30-19:00; Sa 09:00-18:00; Su 11:00-18:00","phone":"+1 703-836-8367","housenumber":"826","street":"North Fairfax Street"}},{"type":"Feature","geometry":{"type":"Point","coordinates":[-77.08317,38.86338]},"properties":{"id":"node/11726308242","name":"Kat Flowers Design & Decor","group":"shopping","category":"shop=florist","hours":"Tu-Sa 10:00-18:00; Su-Mo off","phone":"+1-703-962-0270","website":"https://katflowers.com/","housenumber":"2342","street":"Columbia Pike"}},{"type":"Feature","geometry":{"type":"Point","coordinates":[-77.08904,38.89078]},"properties":{"id":"node/11735013357","name":"Dogma","group":"shopping","category":"shop=pet","hours":"Mo-Fr 10:00-20:00; Sa 09:00-20:00; Su 10:00-18:00","phone":"+1-703-566-1937","website":"https://dogmabakery.com/"}},{"type":"Feature","geometry":{"type":"Point","coordinates":[-77.05767,38.80625]},"properties":{"id":"node/11738055712","name":"Industry10","group":"personal_care","category":"shop=hairdresser","hours":"Mo-Th 09:00-18:00, Fr 08:00-18:00, Sa 08:00-17:00","phone":"+1-571-312-5936","website":"https://www.industry10.net/","housenumber":"1630","street":"King Street","city":"Alexandria","postcode":"22314"}},{"type":"Feature","geometry":{"type":"Point","coordinates":[-77.05447,38.80498]},"properties":{"id":"node/11738055713","name":"Fibre Space","group":"shopping","category":"shop=fabric","hours":"Mo-We 10:00-19:00, Th 10:00-21:00, Fr-Sa 10:00-19:00, Su 12:00-18:00","phone":"+1-703-664-0344","website":"https://fibrespace.com/","housenumber":"1319","street":"Prince Street","city":"Alexandria","postcode":"22314"}},{"type":"Feature","geometry":{"type":"Point","coordinates":[-77.10632,38.88031]},"properties":{"id":"node/11751506192","name":"Carbonara","group":"food","category":"amenity=restaurant","cuisine":"italian","hours":"Mo-Su 16:00-22:00","phone":"+1-703-721-3905","website":"https://carbonarava.com/","housenumber":"3865","street":"Wilson Boulevard","postcode":"22203"}},{"type":"Feature","geometry":{"type":"Point","coordinates":[-77.04115,38.80646]},"properties":{"id":"node/11761082628","name":"Jack's Place","group":"food","category":"amenity=restaurant","cuisine":"sandwich;breakfast","hours":"Mo-Th 07:00-15:00; Fr 07:00-20:30; Sa-Su 08:00-20:30, Tu off","phone":"+1-703-684-0372","website":"https://jacksplace.food96.com/","housenumber":"222","street":"North Lee Street","city":"Alexandria","postcode":"22314-2634"}},{"type":"Feature","geometry":{"type":"Point","coordinates":[-77.05741,38.80651]},"properties":{"id":"node/11762375797","name":"Indo Chen","group":"food","category":"amenity=restaurant","cuisine":"indian;chinese","website":"https://www.indochen.com/","housenumber":"1615","street":"King Street","city":"Alexandria","postcode":"22314"}},{"type":"Feature","geometry":{"type":"Point","coordinates":[-77.05375,38.80607]},"properties":{"id":"node/11762375799","name":"Galactic Panther","group":"shopping","category":"shop=art","hours":"Mo-We off; Th-Fr 12:00-18:00; Sa 09:00-19:00; Su 12:00-19:00","phone":"+1 571-257-7999","website":"https://galacticpanther.com/","housenumber":"1303","street":"King Street"}},{"type":"Feature","geometry":{"type":"Point","coordinates":[-77.05345,38.80565]},"properties":{"id":"node/11762375800","name":"Midnight Treats","group":"food","category":"shop=pastry","hours":"Mo off; Tu-Fr,Su 13:00-21:00; Sa 12:00-21:00","phone":"+1 703-888-2216","website":"https://www.midnightreats.com/","housenumber":"110","street":"South Payne Street"}},{"type":"Feature","geometry":{"type":"Point","coordinates":[-77.05267,38.80593]},"properties":{"id":"node/11762375801","name":"Art Underfoot","group":"shopping","category":"shop=carpet","hours":"Mo-Sa 10:00-19:00; Su 12:00-18:00","website":"https://artunderfoot.com","housenumber":"1203","street":"King Street"}},{"type":"Feature","geometry":{"type":"Point","coordinates":[-77.0527,38.80552]},"properties":{"id":"node/11762498688","name":"J & J Oriental Rug Gallery","group":"shopping","category":"shop=carpet"}},{"type":"Feature","geometry":{"type":"Point","coordinates":[-77.05341,38.80575]},"properties":{"id":"node/11762498689","name":"La Fromagerie","group":"groceries","category":"shop=cheese"}},{"type":"Feature","geometry":{"type":"Point","coordinates":[-77.05401,38.80583]},"properties":{"id":"node/11762498690","name":"Framebridge","group":"shopping","category":"shop=frame"}},{"type":"Feature","geometry":{"type":"Point","coordinates":[-77.08697,38.84106]},"properties":{"id":"node/11766297982","name":"Astro Beer Hall","group":"food","category":"amenity=restaurant","cuisine":"american","hours":"Mo-Tu 16:00-23:00; We-Th 11:00-23:00; Fr 11:00-01:00; Sa 10:00-01:00; Su 10:00-23:00","phone":"+1-571-570-9880","website":"https://www.astrobeerhall.com/"}},{"type":"Feature","geometry":{"type":"Point","coordinates":[-77.04266,38.84686]},"properties":{"id":"node/11767211454","name":"Page","group":"food","category":"amenity=restaurant","cuisine":"american","hours":"04:00-22:00"}},{"type":"Feature","geometry":{"type":"Point","coordinates":[-77.0428,38.84771]},"properties":{"id":"node/11767211455","name":"Reservoir","group":"food","category":"amenity=restaurant","cuisine":"french"}},{"type":"Feature","geometry":{"type":"Point","coordinates":[-77.0953,38.88659]},"properties":{"id":"node/11767597986","name":"Big Tony\u2019s Pizzeria & Dive Bar","group":"food","category":"amenity=restaurant","hours":"We 11:00-02:00; Th-Sa 11:00-03:00; Su-Tu 11:00-24:00","phone":"+1 703-570-2700","website":"https://bigtonyspizzabar.com/","housenumber":"3100","street":"Clarendon Boulevard","city":"Arlington","postcode":"22201"}},{"type":"Feature","geometry":{"type":"Point","coordinates":[-77.08365,38.86326]},"properties":{"id":"node/11783429165","name":"Thicker Cloudz","group":"shopping","category":"shop=tobacco","hours":"Mo-Th 10:00-23:00; Fr-Sa 10:00-02:00; Su 10:00-22:00","phone":"+1-571-312-8994","website":"https://www.thickercloudz.com/","housenumber":"2408","street":"Columbia Pike"}},{"type":"Feature","geometry":{"type":"Point","coordinates":[-77.08741,38.86232]},"properties":{"id":"node/11784523205","name":"2910 Kitchen & Bar","group":"food","category":"amenity=restaurant","cuisine":"american","hours":"Mo-Th 17:00-22:00; Fr 17:00-24:00; Sa 10:00-24:00; Su 10:00-22:00","housenumber":"2910","street":"Columbia Pike"}},{"type":"Feature","geometry":{"type":"Point","coordinates":[-77.09123,38.88753]},"properties":{"id":"node/11795625368","name":"Chip City","group":"food","category":"shop=pastry","hours":"Mo-Su 11:00-22:00","phone":"+1-703-214-4676","website":"https://chipcitycookies.com/locations/clarendon","housenumber":"2700","street":"Clarendon Boulevard"}},{"type":"Feature","geometry":{"type":"Point","coordinates":[-77.09756,38.88618]},"properties":{"id":"node/11810337656","name":"Tiger Dumplings","group":"food","category":"amenity=restaurant","cuisine":"chinese","hours":"Su-Th 11:30-21:00; Fr-Sa 11:00-22:00","phone":"+1 571-970-4512","website":"https://www.tigerdumplings.com/","housenumber":"3225","street":"Washington Boulevard","postcode":"22201"}},{"type":"Feature","geometry":{"type":"Point","coordinates":[-77.04155,38.85069]},"properties":{"id":"node/11811629723","name":"Inside The Beltway","group":"groceries","category":"shop=convenience"}},{"type":"Feature","geometry":{"type":"Point","coordinates":[-77.09259,38.88882]},"properties":{"id":"node/11811998139","name":"Bold Blade","group":"personal_care","category":"shop=hairdresser","website":"https://www.boldbladebarber.com/","housenumber":"2836","street":"Wilson Boulevard","postcode":"22201"}},{"type":"Feature","geometry":{"type":"Point","coordinates":[-77.09522,38.86062]},"properties":{"id":"node/11819608001","name":"Variedades Catrachas","group":"food","category":"amenity=restaurant","cuisine":"latin_american","hours":"Mo 10:00-23:00; Tu-We 10:00-22:00; Th-Fr 10:00-02:00; Sa-Su 08:00-02:00","phone":"+1 703-888-0906","website":"https://variedadescatrachas.com/"}},{"type":"Feature","geometry":{"type":"Point","coordinates":[-77.09191,38.88746]},"properties":{"id":"node/11819623167","name":"Westville","group":"food","category":"amenity=restaurant","cuisine":"american","hours":"Mo-Fr 11:30-22:00; Sa-Su 10:00-16:00, 17:00-22:00","phone":"+1-703-646-7226","website":"https://westvillenyc.com/locations/westville-clarendon/","housenumber":"2800","street":"Clarendon Boulevard","city":"Arlington","postcode":"22201"}},{"type":"Feature","geometry":{"type":"Point","coordinates":[-77.10234,38.85893]},"properties":{"id":"node/11820000442","name":"Pho Saigon Pearl","group":"food","category":"amenity=restaurant","cuisine":"vietnamese","hours":"Mo-Su 11:00-21:30","phone":"+1 703-717-9191","website":"https://www.phosaigonpearlva.com/","housenumber":"950","street":"South George Mason Drive","city":"Arlington","postcode":"22204-1676"}},{"type":"Feature","geometry":{"type":"Point","coordinates":[-77.06051,38.86315]},"properties":{"id":"node/11822396511","name":"Island Jewelry","group":"shopping","category":"shop=jewelry","phone":"+17037720060","website":"https://islandjewelryva.com/","housenumber":"1100","street":"South Hayes Street","city":"Arlington"}},{"type":"Feature","geometry":{"type":"Point","coordinates":[-77.05115,38.80548]},"properties":{"id":"node/11874404375","name":"Thompson Italian","group":"food","category":"amenity=restaurant","cuisine":"italian","hours":"Mo-Th 17:00-21:00; Fr-Sa 16:30-22:00; Su 16:30-21:00","phone":"+1-571-431-7742","website":"https://thompsonitalian.com/alexandria/","housenumber":"1024","street":"King Street","city":"Alexandria","postcode":"22314"}},{"type":"Feature","geometry":{"type":"Point","coordinates":[-77.04408,38.81388]},"properties":{"id":"node/11874406824","name":"Hank's Oyster Bar","group":"food","category":"amenity=restaurant","cuisine":"seafood","hours":"Su,Tu-Th 11:00-21:00; Fr-Sa 11:00-22:00; Mo off","phone":"+1-703-739-4265","website":"https://hanksoysterbar.com/old-town/","housenumber":"818","street":"North Saint Asaph Street","city":"Alexandria","postcode":"22314-1718"}},{"type":"Feature","geometry":{"type":"Point","coordinates":[-77.04912,38.8134]},"properties":{"id":"node/11891723417","name":"Chop Shop Taco","group":"food","category":"amenity=fast_food","cuisine":"mexican","hours":"Mo-Sa 12:00-22:00; Su 11:00-21:00","phone":"+1-571-970-6438","website":"https://www.chopshoptaco.com/","housenumber":"1008","street":"Madison Street","city":"Alexandria","postcode":"22314-1631"}},{"type":"Feature","geometry":{"type":"Point","coordinates":[-77.05386,38.80516]},"properties":{"id":"node/11898527634","name":"Goodies Frozen Custard &Treats","group":"food","category":"amenity=ice_cream","hours":"Th-Su 12:00-18:00"}},{"type":"Feature","geometry":{"type":"Point","coordinates":[-77.05412,38.80585]},"properties":{"id":"node/11898527635","name":"Pippin Toys","group":"shopping","category":"shop=toys"}},{"type":"Feature","geometry":{"type":"Point","coordinates":[-77.05876,38.82595]},"properties":{"id":"node/11900871734","name":"Dreampt","group":"food","category":"amenity=bar","hours":"Fr-Sa 07:00-23:00","website":"http://www.delraypizzeria.com/dreampt","housenumber":"2216","street":"Mount Vernon Avenue","city":"Alexandria","postcode":"22301"}},{"type":"Feature","geometry":{"type":"Point","coordinates":[-77.04368,38.8036]},"properties":{"id":"node/11907412675","name":"Old Town Books","group":"shopping","category":"shop=books","hours":"Mo-Su 10:00-19:00","website":"https://oldtownbooks.com"}},{"type":"Feature","geometry":{"type":"Point","coordinates":[-77.11355,38.88243]},"properties":{"id":"node/11907473892","name":"Kanji Izakaya","group":"food","category":"amenity=restaurant","cuisine":"japanese","hours":"Mo-Sa 11:00-22:00; Su 12:00-22:00","phone":"+1-703-512-0017","website":"https://www.kanjiarlington.com/","housenumber":"4301","street":"North Fairfax Drive","city":"Arlington","postcode":"22203-1627"}},{"type":"Feature","geometry":{"type":"Point","coordinates":[-77.06042,38.83575]},"properties":{"id":"node/11910647944","name":"Low-Key Gnocchi","group":"food","category":"amenity=restaurant","cuisine":"gnocchi","hours":"Fr-Su 14:00-20:00","website":"https://order.toasttab.com/online/lowkeygnocchi"}},{"type":"Feature","geometry":{"type":"Point","coordinates":[-77.0494,38.85888]},"properties":{"id":"node/11914373387","name":"NiHao","group":"food","category":"amenity=restaurant","cuisine":"chinese","website":"https://www.nihaoarlington.com/"}},{"type":"Feature","geometry":{"type":"Point","coordinates":[-77.10307,38.88637]},"properties":{"id":"node/11935891487","name":"Arlington Tobacco Co.","group":"shopping","category":"shop=tobacco"}},{"type":"Feature","geometry":{"type":"Point","coordinates":[-77.08244,38.89211]},"properties":{"id":"node/11970188587","name":"Xtend Barre","group":"shopping","category":"shop=clothes"}},{"type":"Feature","geometry":{"type":"Point","coordinates":[-77.04605,38.80457]},"properties":{"id":"node/11973807486","name":"Madame Coco Emporium","group":"food","category":"shop=chocolate","hours":"off","website":"https://madamecocoemporium.com/"}},{"type":"Feature","geometry":{"type":"Point","coordinates":[-77.05128,38.80784]},"properties":{"id":"node/11991179181","name":"Daud The Barber","group":"personal_care","category":"shop=hairdresser","hours":"Mo off; Tu-Fr 10:00-19:00; Sa 09:00-18:00; Su off","phone":"+1-202-629-6304","housenumber":"1106","street":"Queen Street","city":"Alexandria","postcode":"22314"}},{"type":"Feature","geometry":{"type":"Point","coordinates":[-77.07076,38.80297]},"properties":{"id":"node/11998991947","name":"Atlas Brew Works","group":"food","category":"amenity=pub","website":"https://atlasbrewworks.com/"}},{"type":"Feature","geometry":{"type":"Point","coordinates":[-77.04777,38.8053]},"properties":{"id":"node/12012756059","name":"Simon Pearce","group":"shopping","category":"shop=houseware","website":"https://www.simonpearce.com/our-stores/alexandria"}},{"type":"Feature","geometry":{"type":"Point","coordinates":[-77.08682,38.80797]},"properties":{"id":"node/12029142571","name":"Smoking Kow BBQ","group":"food","category":"amenity=restaurant","cuisine":"barbecue","hours":"Tu 11:00-20:00; Fr-Sa 11:00-20:30; Su 11:00-20:00","phone":"+1-703-888-2649","website":"https://www.smokingkowbbq.com/","housenumber":"3250","street":"Duke Street","city":"Alexandria","postcode":"22314-4521"}},{"type":"Feature","geometry":{"type":"Point","coordinates":[-77.08653,38.80772]},"properties":{"id":"node/12029142572","name":"Carpetland","group":"shopping","category":"shop=carpet","hours":"Mo-Sa 10:00-19:00; Su 11:00-18:00","phone":"+1-703-490-3334","website":"https://www.mycarpetland.com/alexandria-va"}},{"type":"Feature","geometry":{"type":"Point","coordinates":[-77.087,38.80799]},"properties":{"id":"node/12029142574","name":"Domimex Antiques & Rugs","group":"shopping","category":"shop=carpet","hours":"Mo-Fr 10:00-18:00; Sa 10:00-17:00; Su off","phone":"+1-571-269-7459","website":"https://domimexrugs.com/"}},{"type":"Feature","geometry":{"type":"Point","coordinates":[-77.04709,38.80542]},"properties":{"id":"node/12061646822","name":"SEV","group":"personal_care","category":"shop=beauty","hours":"Mo-Fr 10:00-19:00; Sa 10:00-18:00","phone":"+1-703-584-7070","website":"https://sevlaser.com/alexandria/"}},{"type":"Feature","geometry":{"type":"Point","coordinates":[-77.06256,38.8646]},"properties":{"id":"node/12063908936","name":"Express Jewelers","group":"shopping","category":"shop=jewelry"}},{"type":"Feature","geometry":{"type":"Point","coordinates":[-77.1112,38.80408]},"properties":{"id":"node/12072531716","name":"A Dog's Day Out","group":"services","category":"shop=pet_grooming","hours":"Mo-Fr 07:00-19:00; Sa-Su 09:00-18:00","phone":"+1-571-312-7723","housenumber":"4536","street":"Eisenhower Avenue","city":"Alexandria","postcode":"22304"}},{"type":"Feature","geometry":{"type":"Point","coordinates":[-77.11235,38.88248]},"properties":{"id":"node/12078643618","name":"Immigrant Food","group":"food","category":"amenity=restaurant","website":"https://immigrantfood.com/"}},{"type":"Feature","geometry":{"type":"Point","coordinates":[-77.07287,38.88209]},"properties":{"id":"node/12083558797","name":"Arlington House Bookstore","group":"shopping","category":"shop=books","hours":"Mo-Su 09:00-16:30"}},{"type":"Feature","geometry":{"type":"Point","coordinates":[-77.06267,38.84068]},"properties":{"id":"node/12117665892","name":"El Cuscatleco","group":"food","category":"amenity=restaurant","cuisine":"salvadoran","website":"https://elcuscatlecorestaurant.com/","housenumber":"3819","street":"Mount Vernon Avenue","city":"Alexandria"}},{"type":"Feature","geometry":{"type":"Point","coordinates":[-77.06299,38.84013]},"properties":{"id":"node/12117665895","name":"Marcela's Bakery","group":"food","category":"amenity=restaurant","cuisine":"latin_american","website":"https://www.marcelasbakery.com/","housenumber":"3856","street":"Mount Vernon Avenue","city":"Alexandria"}},{"type":"Feature","geometry":{"type":"Point","coordinates":[-77.05901,38.82674]},"properties":{"id":"node/12174003606","name":"Pork Barrel BBQ","group":"food","category":"amenity=restaurant","cuisine":"barbecue","hours":"Mo-Su 11:00-24:00","phone":"+1-703-822-5699","website":"https://www.bbqdelray.com/","housenumber":"2312","street":"Mount Vernon Avenue","city":"Alexandria","postcode":"22301"}},{"type":"Feature","geometry":{"type":"Point","coordinates":[-77.05899,38.8266]},"properties":{"id":"node/12174003607","name":"Holy Cow","group":"food","category":"amenity=restaurant","cuisine":"burger","hours":"Su-Th 11:00-21:00; Fr,Sa 11:00-22:00","phone":"+1-703-666-8616","website":"https://www.holycowdelray.com/","housenumber":"2312","street":"Mount Vernon Avenue","city":"Alexandria","postcode":"22301-1320"}},{"type":"Feature","geometry":{"type":"Point","coordinates":[-77.0589,38.82653]},"properties":{"id":"node/12174003608","name":"Dairy Godmother","group":"food","category":"amenity=ice_cream","cuisine":"ice_cream","hours":"Su-Th 12:00-20:00; Fr,Sa 00:00-21:00","website":"https://www.thedairygodmother.com/"}},{"type":"Feature","geometry":{"type":"Point","coordinates":[-77.05395,38.86012]},"properties":{"id":"node/12199006807","name":"Maman","group":"food","category":"amenity=cafe","hours":"Mo-Fr 07:30-18:00; Sa,Su 08:00-18:00","housenumber":"1450","street":"South Eads Street"}},{"type":"Feature","geometry":{"type":"Point","coordinates":[-77.04573,38.81203]},"properties":{"id":"node/12207240091","name":"Your Hobby Place","group":"shopping","category":"shop=collector","phone":"+1 571-312-5946","housenumber":"700","street":"North Washington Street"}},{"type":"Feature","geometry":{"type":"Point","coordinates":[-77.06256,38.83688]},"properties":{"id":"node/12207683892","name":"Huascaran","group":"food","category":"amenity=restaurant","cuisine":"peruvian","phone":"+1-703-684-0494","housenumber":"208","street":"West Glebe Road","city":"Alexandria","postcode":"22305"}},{"type":"Feature","geometry":{"type":"Point","coordinates":[-77.05282,38.80591]},"properties":{"id":"node/12207792611","name":"Nasime","group":"food","category":"amenity=restaurant","cuisine":"japanese","website":"http://nasimerestaurant.com/","housenumber":"1209","street":"King Street","city":"Alexandria","postcode":"22314"}},{"type":"Feature","geometry":{"type":"Point","coordinates":[-77.1099,38.82867]},"properties":{"id":"node/12207810924","name":"Genova Pizza","group":"food","category":"amenity=restaurant","cuisine":"pizza","hours":"Mo-We 10:30-21:00; Th-Sa 10:30-22:00; Su 11:00-21:00","phone":"+1-703-370-8118","website":"https://www.genovapizzamenu.com/","housenumber":"4614","street":"Kenmore Avenue","city":"Alexandria","postcode":"22304"}},{"type":"Feature","geometry":{"type":"Point","coordinates":[-77.0471,38.81853]},"properties":{"id":"node/12207837187","name":"Vaso's Kitchen","group":"food","category":"amenity=restaurant","cuisine":"greek","phone":"+1-703-548-2747","website":"https://vasos-kitchen.com/","housenumber":"1225","street":"Powhatan Street","city":"Alexandria","postcode":"22314"}},{"type":"Feature","geometry":{"type":"Point","coordinates":[-77.04778,38.80248]},"properties":{"id":"node/12207849288","name":"Trattoria da Franco","group":"food","category":"amenity=restaurant","cuisine":"french","phone":"+1-703-548-9338","website":"https://www.trattoria-dafranco.com/","housenumber":"305","street":"South Washington Street","city":"Alexandria","postcode":"22314"}},{"type":"Feature","geometry":{"type":"Point","coordinates":[-77.05952,38.80463]},"properties":{"id":"node/12207854069","name":"Casa Tequila Bar & Grill","group":"food","category":"amenity=restaurant","cuisine":"mexican","website":"https://www.casatequilarestaurant.com/","housenumber":"1701","street":"Duke Street","city":"Alexandria","postcode":"22314"}},{"type":"Feature","geometry":{"type":"Point","coordinates":[-77.06246,38.8396]},"properties":{"id":"node/12207890757","name":"Royal Nepal","group":"food","category":"amenity=restaurant","cuisine":"nepalese","phone":"+1-571-312-5130","website":"https://www.royalnepalrestaurant.com/","housenumber":"3807","street":"Mount Vernon Avenue","city":"Alexandria","postcode":"22305"}},{"type":"Feature","geometry":{"type":"Point","coordinates":[-77.06279,38.83969]},"properties":{"id":"node/12207890777","name":"Jerry Chen's","group":"food","category":"amenity=restaurant","cuisine":"chinese","phone":"+1-703-535-8080","website":"https://www.jerryschen.com/","housenumber":"3830","street":"Mount Vernon Avenue","city":"Alexandria","postcode":"22305"}},{"type":"Feature","geometry":{"type":"Point","coordinates":[-77.06285,38.83981]},"properties":{"id":"node/12207890778","name":"El Pulgarcito","group":"food","category":"amenity=restaurant","cuisine":"mexican","housenumber":"3838","street":"Mount Vernon Avenue","city":"Alexandria","postcode":"22305"}},{"type":"Feature","geometry":{"type":"Point","coordinates":[-77.04724,38.8052]},"properties":{"id":"node/12207900682","name":"Epicure on King","group":"food","category":"amenity=restaurant","cuisine":"italian;greek;mediterranean","phone":"+1-703-838-9090","website":"https://epicureonking.com/","housenumber":"703","street":"King Street","city":"Alexandria","postcode":"22314"}},{"type":"Feature","geometry":{"type":"Point","coordinates":[-77.06842,38.80116]},"properties":{"id":"node/12207907591","name":"Ichiban Izakaya","group":"food","category":"amenity=restaurant","cuisine":"japanese","phone":"+1-703-981-8761","website":"https://www.ichibanizakaya.com/","housenumber":"2281","street":"Eisenhower Avenue","city":"Alexandria","postcode":"22314"}},{"type":"Feature","geometry":{"type":"Point","coordinates":[-77.04473,38.80413]},"properties":{"id":"node/12207927189","name":"1799 Prime Steak & Seafood","group":"food","category":"amenity=restaurant","cuisine":"steak_house","phone":"+1-571-867-9595","website":"https://1799prime.com/","housenumber":"110","street":"South Pitt Street","city":"Alexandria","postcode":"22314"}},{"type":"Feature","geometry":{"type":"Point","coordinates":[-77.04272,38.80441]},"properties":{"id":"node/12207936059","name":"Kisso Asian Bistro","group":"food","category":"amenity=restaurant","cuisine":"asian","phone":"+1-703-888-1513","website":"https://www.kissoasianbistro.com/","housenumber":"300","street":"King Street","city":"Alexandria","postcode":"22314"}},{"type":"Feature","geometry":{"type":"Point","coordinates":[-77.04134,38.80659]},"properties":{"id":"node/12207937372","name":"Elaine's","group":"food","category":"amenity=restaurant","cuisine":"mediterranean","hours":"Mo-Tu off; We-Th 11:00-21:00; Fr-Sa 11:00-22:00; Su 11:00-21:00","phone":"+1-571-970-0517","website":"https://www.elaines-restaurant.com/","housenumber":"208","street":"Queen Street","city":"Alexandria","postcode":"22314"}},{"type":"Feature","geometry":{"type":"Point","coordinates":[-77.04583,38.80553]},"properties":{"id":"node/12207943718","name":"Old Hat Bar","group":"food","category":"amenity=bar","phone":"+1-703-567-2314","website":"https://www.oldhatbar.com/","housenumber":"112","street":"North Saint Asaph Street","city":"Alexandria","postcode":"22314"}},{"type":"Feature","geometry":{"type":"Point","coordinates":[-77.04181,38.80455]},"properties":{"id":"node/12207948771","name":"Bollywood Masala","group":"food","category":"amenity=restaurant","cuisine":"indian","phone":"+1-703-512-0175","website":"https://bollywoodmasalaalexandria.com/","housenumber":"211","street":"King Street","city":"Alexandria","postcode":"22314"}},{"type":"Feature","geometry":{"type":"Point","coordinates":[-77.09043,38.87998]},"properties":{"id":"node/12207948786","name":"Tasty Chicken Box","group":"food","category":"amenity=restaurant","cuisine":"middle_eastern","phone":"+1-571-497-2133","website":"https://tastychickenbox.com/","housenumber":"2716","street":"Washington Boulevard","city":"Arlington","postcode":"22201"}},{"type":"Feature","geometry":{"type":"Point","coordinates":[-77.06142,38.8023]},"properties":{"id":"node/12207962682","name":"Gin Ramen","group":"food","category":"amenity=restaurant","cuisine":"asian","hours":"Mo-Th 11:00-14:30, 16:00-21:00; Fr 11:00-14:30, 16:00-22:00; Sa 12:00-22:00; Su 12:00-20:30","phone":"+1-571-970-1847","website":"https://www.ginramenalexandria.com/","housenumber":"500","street":"John Carlyle Street","city":"Alexandria","postcode":"22314"}},{"type":"Feature","geometry":{"type":"Point","coordinates":[-77.07254,38.89372]},"properties":{"id":"node/12207964611","name":"Open Kitchen","group":"food","category":"amenity=restaurant","website":"https://www.openkitchenrosslyn.com/","housenumber":"1300","street":"17th Street North","city":"Arlington","postcode":"22209"}},{"type":"Feature","geometry":{"type":"Point","coordinates":[-77.05212,38.80562]},"properties":{"id":"node/12207964801","name":"Cuates Grill","group":"food","category":"amenity=restaurant","cuisine":"mexican","phone":"+1-703-548-2918","website":"https://www.cuatesgrillmenu.com/","housenumber":"1116","street":"King Street","city":"Alexandria","postcode":"22314"}},{"type":"Feature","geometry":{"type":"Point","coordinates":[-77.09907,38.84851]},"properties":{"id":"node/12207965308","name":"Chicken & Steak Las Brasas","group":"food","category":"amenity=restaurant","cuisine":"latin_american","phone":"+1 703-998-3077","website":"http://www.lasbrasaschickenandsteak.com","housenumber":"4154","street":"South Four Mile Run Drive","city":"Arlington","postcode":"22206"}},{"type":"Feature","geometry":{"type":"Point","coordinates":[-77.10572,38.88271]},"properties":{"id":"node/12207966525","name":"Thai Treasure","group":"food","category":"amenity=restaurant","cuisine":"thai","website":"https://thaitreasureva.com/","housenumber":"3811","street":"Fairfax Drive","city":"Arlington","postcode":"22203"}},{"type":"Feature","geometry":{"type":"Point","coordinates":[-77.08954,38.88032]},"properties":{"id":"node/12207971004","name":"Masala Express","group":"food","category":"amenity=restaurant","cuisine":"indian","phone":"+1-703-216-7460","website":"https://masalaexpress.square.site/","housenumber":"2622","street":"North Pershing Drive","city":"Arlington","postcode":"22201"}},{"type":"Feature","geometry":{"type":"Point","coordinates":[-77.08937,38.88033]},"properties":{"id":"node/12207971006","name":"El Manantial","group":"food","category":"amenity=restaurant","cuisine":"mexican","phone":"+1 703-522-2449","website":"http://www.elmanantialarlington.com","housenumber":"2618","street":"North Pershing Drive","city":"Arlington","postcode":"22201"}},{"type":"Feature","geometry":{"type":"Point","coordinates":[-77.09698,38.89575]},"properties":{"id":"node/12207974010","name":"Pele","group":"food","category":"amenity=restaurant","cuisine":"chicken","housenumber":"3110","street":"Lee Highway","city":"Arlington","postcode":"22201"}},{"type":"Feature","geometry":{"type":"Point","coordinates":[-77.05241,38.84759]},"properties":{"id":"node/12207974621","name":"Crystal Bowl","group":"food","category":"amenity=restaurant","cuisine":"sandwich","website":"https://www.crystalbowlarlington.com/","housenumber":"2800","street":"Crystal Drive","city":"Arlington","postcode":"22202"}},{"type":"Feature","geometry":{"type":"Point","coordinates":[-77.11249,38.87942]},"properties":{"id":"node/12207975098","name":"Gyu San Japanese BBQ","group":"food","category":"amenity=restaurant","cuisine":"japanese;barbecue","phone":"+1-571-312-7373","website":"https://www.gyusan.com/","housenumber":"4300","street":"Wilson Boulevard","city":"Arlington","postcode":"22203"}},{"type":"Feature","geometry":{"type":"Point","coordinates":[-77.1087,38.87964]},"properties":{"id":"node/12207975145","name":"The Salt Line","group":"food","category":"amenity=restaurant","cuisine":"seafood","phone":"+1-703-566-2075","website":"https://www.thesaltline.com/","housenumber":"4040","street":"Wilson Boulevard","city":"Arlington","postcode":"22203"}},{"type":"Feature","geometry":{"type":"Point","coordinates":[-77.08807,38.8406]},"properties":{"id":"node/12207977922","name":"Our Mom Eugenia","group":"food","category":"amenity=restaurant","cuisine":"greek","hours":"Mo-Th,Su 11:00-21:00; Fr-Sa 11:00-22:00","phone":"+1-571-970-0468","website":"https://www.ourmomeugenia.com/","housenumber":"4044","street":"Campbell Avenue","city":"Arlington","postcode":"22206"}},{"type":"Feature","geometry":{"type":"Point","coordinates":[-77.09481,38.88426]},"properties":{"id":"node/12207978379","name":"Kaldi's Social House","group":"food","category":"amenity=cafe","phone":"+1-571-312-1502","website":"https://www.kaldissocial.com/","housenumber":"3100","street":"10th Street North","city":"Arlington","postcode":"22201"}},{"type":"Feature","geometry":{"type":"Point","coordinates":[-77.08721,38.86266]},"properties":{"id":"node/12207978711","name":"Caspi Lounge","group":"food","category":"amenity=bar","phone":"+1-703-566-4173","website":"http://www.caspilounge.com/","housenumber":"2901","street":"Columbia Pike","city":"Arlington","postcode":"22204"}},{"type":"Feature","geometry":{"type":"Point","coordinates":[-77.08741,38.8626]},"properties":{"id":"node/12207978713","name":"Tortas Y Tacos La Chiquita","group":"food","category":"amenity=restaurant","cuisine":"mexican","phone":"+1 571-970-2824","website":"https://tortasytacoslachiquital.com/","housenumber":"2911","street":"Columbia Pike","city":"Arlington","postcode":"22204"}},{"type":"Feature","geometry":{"type":"Point","coordinates":[-77.05321,38.85266]},"properties":{"id":"node/12207978743","name":"Shawarma Gyros Xpress","group":"food","category":"amenity=restaurant","cuisine":"mediterranean","phone":"+1-703-486-8600","website":"https://www.fastordernow.com/order/menu/shawarma","housenumber":"2329","street":"South Eads Street","city":"Arlington","postcode":"22202"}},{"type":"Feature","geometry":{"type":"Point","coordinates":[-77.05321,38.85275]},"properties":{"id":"node/12207978744","name":"District Pizza Palace","group":"food","category":"amenity=restaurant","cuisine":"pizza","hours":"11:00-02:00","phone":"+1-703-486-7070","website":"https://www.fastordernow.com/order/menu/pizzapalace","housenumber":"2325","street":"South Eads Street","city":"Arlington","postcode":"22202"}},{"type":"Feature","geometry":{"type":"Point","coordinates":[-77.05331,38.85291]},"properties":{"id":"node/12207978745","name":"Kabob Palace","group":"food","category":"amenity=restaurant","cuisine":"kebab","hours":"24/7","phone":"+1 703-486-3535","website":"https://kabobpalaceusa.com/","housenumber":"2315","street":"South Eads Street","city":"Arlington","postcode":"22202"}},{"type":"Feature","geometry":{"type":"Point","coordinates":[-77.09365,38.88862]},"properties":{"id":"node/12215025047","name":"Mazaro","group":"food","category":"amenity=restaurant","cuisine":"italian","website":"https://www.mazarova.com/","housenumber":"2909","street":"Wilson Boulevard","city":"Arlington","postcode":"22201"}},{"type":"Feature","geometry":{"type":"Point","coordinates":[-77.0626,38.86365]},"properties":{"id":"node/12230651594","name":"Basic Burger","group":"food","category":"amenity=restaurant","cuisine":"burger","phone":"+1-703-248-9333","website":"https://www.basicburger.com/","housenumber":"1101","street":"South Joyce Street","city":"Arlington","postcode":"22202-2064"}},{"type":"Feature","geometry":{"type":"Point","coordinates":[-77.04958,38.85666]},"properties":{"id":"node/12242500470","name":"Colada Shop","group":"food","category":"amenity=restaurant","cuisine":"coffee_shop;cuban;breakfast","hours":"Su-We 07:30-21:00; Th-Sa 07:30-22:00","phone":"+1-571-800-2515","website":"https://www.coladashop.com/","housenumber":"244","street":"19th Court South","city":"Arlington","postcode":"22202"}},{"type":"Feature","geometry":{"type":"Point","coordinates":[-77.04958,38.85652]},"properties":{"id":"node/12242500471","name":"Nail Saloon","group":"personal_care","category":"shop=beauty"}},{"type":"Feature","geometry":{"type":"Point","coordinates":[-77.05398,38.86022]},"properties":{"id":"node/12320875373","name":"Taqueria Xochi","group":"food","category":"amenity=restaurant","cuisine":"mexican","hours":"Mo-Su 11:00-21:00","phone":"+1-571-444-6722","website":"https://www.taqueriaxochi.com/","housenumber":"1450","street":"South Eads Street"}},{"type":"Feature","geometry":{"type":"Point","coordinates":[-77.07056,38.89583]},"properties":{"id":"node/12323936812","name":"Seoul Spice","group":"food","category":"amenity=fast_food","cuisine":"korean","phone":"+1-703-419-5868","housenumber":"1735","street":"North Lynn Street","city":"Arlington","postcode":"22209"}},{"type":"Feature","geometry":{"type":"Point","coordinates":[-77.05029,38.86181]},"properties":{"id":"node/12398814977","name":"Crystal Gateway Cleaners","group":"services","category":"shop=dry_cleaning"}},{"type":"Feature","geometry":{"type":"Point","coordinates":[-77.03938,38.80939]},"properties":{"id":"node/12410877973","name":"George\u2019s Restaurant Equipment","group":"shopping","category":"shop=restaurant_supply","hours":"Mo-Fr 08:00-16:00","phone":"+1-703-836-1800","website":"https://georgesre.com/","housenumber":"800","street":"North Union Street","city":"Alexandria","postcode":"22314"}},{"type":"Feature","geometry":{"type":"Point","coordinates":[-77.05316,38.84965]},"properties":{"id":"node/12456012842","name":"O'Malley's Pub","group":"food","category":"amenity=pub","phone":"+1-703-842-1216","website":"https://www.omalleysarlington.com/","housenumber":"2650","street":"Richmond Highway","city":"Arlington","postcode":"22202-4001"}},{"type":"Feature","geometry":{"type":"Point","coordinates":[-77.05317,38.84923]},"properties":{"id":"node/12456012843","name":"Fresh Kitchen","group":"food","category":"amenity=restaurant","phone":"+1 703-842-1240","website":"http://www.freshkitchenva.com/","housenumber":"2650","street":"Richmond Highway","city":"Arlington","postcode":"22202-4001"}},{"type":"Feature","geometry":{"type":"Point","coordinates":[-77.05321,38.85258]},"properties":{"id":"node/12456012844","name":"Peri Peri Original","group":"food","category":"amenity=restaurant","cuisine":"chicken","hours":"Mo-Th,Su 11:00-23:00; Fr-Sa 11:00-02:00","phone":"+1 571-982-5971","website":"https://www.periperioriginaldmv.com/","housenumber":"2333","street":"South Eads Street","city":"Arlington","postcode":"22202-2531"}},{"type":"Feature","geometry":{"type":"Point","coordinates":[-77.05322,38.85254]},"properties":{"id":"node/12456012845","name":"Kallisto Steakhouse","group":"food","category":"amenity=restaurant","cuisine":"steak_house","hours":"Mo-Th,Su 11:00-23:00; Fr-Sa 11:00-02:00","phone":"+1 571-982-5971","housenumber":"2333","street":"South Eads Street","city":"Arlington","postcode":"22202-2531"}},{"type":"Feature","geometry":{"type":"Point","coordinates":[-77.05304,38.85304]},"properties":{"id":"node/12456012846","name":"Pi BBQ and Bar","group":"food","category":"amenity=restaurant","cuisine":"barbecue;korean;asian","phone":"+1 703-979-0598","housenumber":"420","street":"23rd Street"}},{"type":"Feature","geometry":{"type":"Point","coordinates":[-77.05487,38.85315]},"properties":{"id":"node/12456012847","name":"La Bettola Italian","group":"food","category":"amenity=restaurant","cuisine":"italian","phone":"+1-703-486-9816","housenumber":"558","street":"23rd Street South","city":"Arlington","postcode":"22202"}},{"type":"Feature","geometry":{"type":"Point","coordinates":[-77.05505,38.8532]},"properties":{"id":"node/12456012848","name":"Burn & Brew","group":"food","category":"amenity=cafe"}},{"type":"Feature","geometry":{"type":"Point","coordinates":[-77.05518,38.85317]},"properties":{"id":"node/12456012851","name":"Fashion Center Fine Alterations","group":"services","category":"shop=tailor"}},{"type":"Feature","geometry":{"type":"Point","coordinates":[-77.05457,38.85313]},"properties":{"id":"node/12456012852","name":"Crystal City Sports Pub","group":"food","category":"amenity=pub","phone":"+1 703-521-8215","website":"http://www.ccsportspub.com/","housenumber":"529","street":"23rd Street South","city":"Arlington","postcode":"22202-2517"}},{"type":"Feature","geometry":{"type":"Point","coordinates":[-77.07787,38.84536]},"properties":{"id":"node/12469921043","name":"Cryo Lean","group":"personal_care","category":"shop=beauty"}},{"type":"Feature","geometry":{"type":"Point","coordinates":[-77.07137,38.79416]},"properties":{"id":"node/12494003139","name":"Las Catrachitas","group":"food","category":"amenity=restaurant","cuisine":"spanish;hondarian;salvadorian","phone":"+1-571-347-7023","housenumber":"2303","street":"Huntington Avenue","city":"Alexandria","postcode":"22303"}},{"type":"Feature","geometry":{"type":"Point","coordinates":[-77.07035,38.79437]},"properties":{"id":"node/12494290016","name":"Mike's Q Mart","group":"groceries","category":"shop=convenience","hours":"Mo-Su 09:00-22:00","phone":"+1-703-329-4800","housenumber":"2262","street":"Huntington Avenue","city":"Alexandria","postcode":"22303"}},{"type":"Feature","geometry":{"type":"Point","coordinates":[-77.07026,38.79435]},"properties":{"id":"node/12494290017","name":"Family Hair Design","group":"personal_care","category":"shop=hairdresser","website":"https://www.familyhairalexandria.com/","housenumber":"2264","street":"Huntington Avenue","city":"Alexandria","postcode":"22303"}},{"type":"Feature","geometry":{"type":"Point","coordinates":[-77.07021,38.79433]},"properties":{"id":"node/12494290018","name":"Best Nails","group":"personal_care","category":"shop=beauty","phone":"+1-703-329-3114","website":"http://bestnailsdesignsalon.com","housenumber":"2262","street":"Huntington Avenue","city":"Alexandria","postcode":"22303"}},{"type":"Feature","geometry":{"type":"Point","coordinates":[-77.07013,38.7943]},"properties":{"id":"node/12494290019","name":"Maggio's Italiano","group":"food","category":"amenity=restaurant","cuisine":"pizza;italian;greek","phone":"+1-703-960-6700","website":"https://maggiositaliano.com","housenumber":"2258","street":"Huntington Avenue","city":"Alexandria","postcode":"22303"}},{"type":"Feature","geometry":{"type":"Point","coordinates":[-77.07,38.79424]},"properties":{"id":"node/12494290020","name":"Wonderful Asian Bistro","group":"food","category":"amenity=restaurant","cuisine":"asian","phone":"+1-703-888-3655","website":"https://www.wonderfulasianva.com","housenumber":"2256","street":"Huntington Avenue","city":"Alexandria","postcode":"22303"}},{"type":"Feature","geometry":{"type":"Point","coordinates":[-77.04791,38.80503]},"properties":{"id":"node/12498403843","name":"Alice Cocktail Bar","group":"food","category":"amenity=restaurant","cuisine":"thai","phone":"+1-703-888-2458","website":"https://alicecocktailbar.com/","housenumber":"724","street":"King Street","city":"Alexandria","postcode":"22314-3015"}},{"type":"Feature","geometry":{"type":"Point","coordinates":[-77.08717,38.84106]},"properties":{"id":"node/12505473245","name":"Astro Doughnuts & Fried Chicken","group":"food","category":"amenity=fast_food","cuisine":"donut;chicken","website":"https://astrodoughnuts.com/"}},{"type":"Feature","geometry":{"type":"Point","coordinates":[-77.04392,38.8041]},"properties":{"id":"node/12509812831","name":"The Parlour","group":"food","category":"amenity=bar","website":"https://cocos-parlour.webflow.io/"}},{"type":"Feature","geometry":{"type":"Point","coordinates":[-77.07774,38.79781]},"properties":{"id":"node/12511437588","name":"Huntington Car Care","group":"services","category":"shop=car_repair"}},{"type":"Feature","geometry":{"type":"Point","coordinates":[-77.07813,38.79799]},"properties":{"id":"node/12511437589","name":"Action Service Center","group":"services","category":"shop=car_repair","website":"https://www.actionservicecenter.com","housenumber":"2600","street":"Huntington Avenue","city":"Alexandria","postcode":"22303"}},{"type":"Feature","geometry":{"type":"Point","coordinates":[-77.07761,38.79775]},"properties":{"id":"node/12511437590","name":"Huntington Autobody & Paint","group":"services","category":"shop=car_repair","website":"https://huntingtonautobody.com"}},{"type":"Feature","geometry":{"type":"Point","coordinates":[-77.04014,38.80174]},"properties":{"id":"node/12515426727","name":"Cooper Mill","group":"food","category":"amenity=restaurant","hours":"Mo-Su 11:00-22:00","phone":"+1-703-566-1278","website":"https://www.thecoopermill.com/"}},{"type":"Feature","geometry":{"type":"Point","coordinates":[-77.05898,38.82698]},"properties":{"id":"node/12516653482","name":"Tops of Old Town","group":"shopping","category":"shop=clothes","hours":"Mo-Fr 10:00-17:45; Sa 10:00-19:00; Su off","phone":"+1-703-836-4511","website":"https://topsofoldtown.com/","housenumber":"2400","street":"Mount Vernon Avenue","city":"Alexandria","postcode":"22301"}},{"type":"Feature","geometry":{"type":"Point","coordinates":[-77.0429,38.80586]},"properties":{"id":"node/12516705755","name":"Old House Provisions","group":"shopping","category":"shop=clothes","hours":"Tu-Sa 12:00-18:00; Su-Mo off","phone":"+1-703-969-9566","website":"https://oldhouseprovisions.com/","housenumber":"315","street":"Cameron Street","city":"Alexandria","postcode":"22314"}},{"type":"Feature","geometry":{"type":"Point","coordinates":[-77.04883,38.86403]},"properties":{"id":"node/12682326323","name":"Self Storage Plus","group":"services","category":"shop=storage_rental"}},{"type":"Feature","geometry":{"type":"Point","coordinates":[-77.06311,38.8415]},"properties":{"id":"node/12787239097","name":"Se\u00f1ora Lola Taquer\u00eda","group":"food","category":"amenity=restaurant","cuisine":"mexican","phone":"+1-571-312-7214","housenumber":"3901","street":"Mount Vernon Avenue","city":"Alexandria","postcode":"22305-2223"}},{"type":"Feature","geometry":{"type":"Point","coordinates":[-77.0867,38.80853]},"properties":{"id":"node/12787316777","name":"Frank Pepe","group":"food","category":"amenity=restaurant","cuisine":"pizza","hours":"Mo-Su 11:00-22:00"}},{"type":"Feature","geometry":{"type":"Point","coordinates":[-77.06297,38.8624]},"properties":{"id":"node/12835150332","name":"Pentagon Row Cleaners","group":"services","category":"shop=dry_cleaning","housenumber":"1301","street":"South Joyce Street","city":"Arlington","postcode":"22202"}},{"type":"Feature","geometry":{"type":"Point","coordinates":[-77.0437,38.85585]},"properties":{"id":"node/12843797139","name":"The Goods @ DCA","group":"shopping","category":"shop=gift"}},{"type":"Feature","geometry":{"type":"Point","coordinates":[-77.07944,38.89343]},"properties":{"id":"node/12885333735","name":"TL Barbershop","group":"personal_care","category":"shop=hairdresser","phone":"+1-703-243-6878","website":"https://www.tlbarbershop.com"}},{"type":"Feature","geometry":{"type":"Point","coordinates":[-77.07938,38.89348]},"properties":{"id":"node/12885333736","name":"Zen Nail Lounge","group":"personal_care","category":"shop=beauty","hours":"Mo-Sa 10:00-19:30; Su 11:00-18:00","phone":"+1-703-566-0385","website":"https://zen-naillounge.com"}},{"type":"Feature","geometry":{"type":"Point","coordinates":[-77.07461,38.89488]},"properties":{"id":"node/12887485698","name":"Yu Noodles","group":"food","category":"amenity=restaurant","cuisine":"noodle","hours":"Mo-Su 11:00-21:30","phone":"+1-703-718-4928","website":"https://yunoodlesarlington.com/","housenumber":"1515","street":"Wilson Boulevard","city":"Arlington","postcode":"22209"}},{"type":"Feature","geometry":{"type":"Point","coordinates":[-77.07938,38.89235]},"properties":{"id":"node/12923255775","name":"Tacos Los Primos Mobile Food Truck","group":"food","category":"amenity=restaurant","cuisine":"latin_american","hours":"Mo-Su 10:00-21:00","phone":"+1-571-274-0686","website":"https://www.tacoslosprimosarlingtonrestaurantva.com/","housenumber":"1601","street":"North Rhodes Street","city":"Arlington","postcode":"22209"}},{"type":"Feature","geometry":{"type":"Point","coordinates":[-77.08423,38.82959]},"properties":{"id":"node/12934143872","name":"Cafe Pizzaiolo","group":"food","category":"amenity=restaurant","cuisine":"pizza","hours":"Su,Mo 09:00-20:00; Tu-Th 09:00-21:00; Fr,Sa 09:00-22:00","phone":"+1-703-717-9324","website":"https://www.cafepizzaiolo.com/","housenumber":"1623","street":"Fern Street","city":"Alexandria","postcode":"22302-2620"}},{"type":"Feature","geometry":{"type":"Point","coordinates":[-77.05786,38.82302]},"properties":{"id":"node/12965556069","name":"Kesterson Plumbing & Heating","group":"services","category":"craft=plumber","phone":"+1-703-549-3139","website":"https://kestersonplumbing.com/","housenumber":"1809","street":"Mount Vernon Avenue","city":"Alexandria","postcode":"22301"}},{"type":"Feature","geometry":{"type":"Point","coordinates":[-77.05848,38.82435]},"properties":{"id":"node/12965562978","name":"Shorty's Deluxe","group":"food","category":"amenity=restaurant","cuisine":"sandwich","website":"https://www.shortysdeluxe.com/","housenumber":"2016","street":"Mount Vernon Avenue","city":"Alexandria","postcode":"22301"}},{"type":"Feature","geometry":{"type":"Point","coordinates":[-77.05869,38.82418]},"properties":{"id":"node/12965590481","name":"Hi/Fi Tex-Mex BBQ","group":"food","category":"amenity=restaurant","cuisine":"barbecue;tex-mex","phone":"+1-703-549-5051","website":"https://www.hifitexmexbbq.com/","housenumber":"2000","street":"Mount Vernon Avenue","city":"Alexandria","postcode":"22301-1310"}},{"type":"Feature","geometry":{"type":"Point","coordinates":[-77.10606,38.88267]},"properties":{"id":"node/12978069056","name":"Tortas Y Tacos La Chiquita lll","group":"food","category":"amenity=fast_food","cuisine":"mexican","phone":"+1-703-512-4137","website":"https://www.tortasytacoslachiquitadmv.com/","housenumber":"3811","street":"Fairfax Drive","city":"Arlington","postcode":"22203"}},{"type":"Feature","geometry":{"type":"Point","coordinates":[-77.1075,38.88188]},"properties":{"id":"node/12978069057","name":"Kabob Garden","group":"food","category":"amenity=restaurant","cuisine":"afghan","hours":"Su-Sa 11:00-21:00","phone":"+1-703-527-0959","website":"https://kabobgardenrestaurant.com/","housenumber":"933","street":"N Quincy","city":"Arlington","postcode":"22203"}},{"type":"Feature","geometry":{"type":"Point","coordinates":[-77.11287,38.87911]},"properties":{"id":"node/12978069058","name":"Inspire Barbershop","group":"personal_care","category":"shop=hairdresser","hours":"Mo-Fr 10:00-19:30; Sa 09:00-18:00; Su 10:00-17:00","phone":"+1-703-248-8888","housenumber":"710","street":"North Glebe Road","city":"Arlington","postcode":"22203"}},{"type":"Feature","geometry":{"type":"Point","coordinates":[-77.08667,38.80867]},"properties":{"id":"node/12978821991","name":"The Backyard Bird Feeder","group":"shopping","category":"shop=pet","housenumber":"3225","street":"Duke Street","city":"Alexandria","postcode":"22314"}},{"type":"Feature","geometry":{"type":"Point","coordinates":[-77.05196,38.85298]},"properties":{"id":"node/12993371001","name":"La Posada Crystal City","group":"food","category":"amenity=restaurant","cuisine":"mexican","phone":"+1-703-412-9211","housenumber":"320","street":"23rd Street South","city":"Arlington","postcode":"22202-3737"}},{"type":"Feature","geometry":{"type":"Point","coordinates":[-77.05575,38.85943]},"properties":{"id":"node/13002042431","name":"Neighbor Self Storage","group":"services","category":"shop=storage_rental","hours":"24/7","phone":"+1-571-444-6556","housenumber":"590","street":"15th Street South","city":"Arlington","postcode":"22202"}},{"type":"Feature","geometry":{"type":"Point","coordinates":[-77.10801,38.8798]},"properties":{"id":"node/13027402769","name":"Ballstonian Urban Patisserie","group":"food","category":"amenity=cafe","cuisine":"coffee_shop;turkish","hours":"Mo-Fr 08:00-13:00; Sa-Su 08:00-17:00","website":"https://www.isaseyran.com/ballstonian.html","housenumber":"4000","street":"Wilson Boulevard","postcode":"22203"}},{"type":"Feature","geometry":{"type":"Point","coordinates":[-77.05164,38.80556]},"properties":{"id":"node/13042966922","name":"Kings Men Spa And Barber","group":"personal_care","category":"shop=hairdresser","housenumber":"1102","street":"King Street"}},{"type":"Feature","geometry":{"type":"Point","coordinates":[-77.05164,38.80554]},"properties":{"id":"node/13042966923","name":"King's Beauty Center And Nail Bar","group":"personal_care","category":"shop=beauty","housenumber":"1102","street":"King Street"}},{"type":"Feature","geometry":{"type":"Point","coordinates":[-77.05113,38.82909]},"properties":{"id":"node/13072284895","name":"Founding Farmers","group":"food","category":"amenity=restaurant","cuisine":"american","phone":"+1-703-594-1445","website":"https://www.wearefoundingfarmers.com/location/alexandria/","housenumber":"461","street":"Swann Avenue","city":"Alexandria","postcode":"22301-1046"}},{"type":"Feature","geometry":{"type":"Point","coordinates":[-77.04414,38.81393]},"properties":{"id":"node/13096994691","name":"Hank's Pasta Bar","group":"food","category":"amenity=restaurant","cuisine":"italian","hours":"Tu-Su 16:00-21:00; Mo off","phone":"+1 571-473-5516","website":"https://hankspastabar.com/","housenumber":"600","street":"Montgomery Street","city":"Alexandria","postcode":"22314"}},{"type":"Feature","geometry":{"type":"Point","coordinates":[-77.08467,38.86283]},"properties":{"id":"node/13097428756","name":"L.A. Bar & Grill","group":"food","category":"amenity=pub","hours":"Mo-Su 12:00-02:00","phone":"+1 703-685-1560","website":"https://www.labargrill.com/","housenumber":"2530","street":"Columbia Pike"}},{"type":"Feature","geometry":{"type":"Point","coordinates":[-77.04806,38.80095]},"properties":{"id":"node/13099114596","name":"Bloom Tea","group":"food","category":"amenity=cafe","cuisine":"bubble_tea","hours":"Mo-Sa 10:00-18:00; Su 10:00-17:00"}},{"type":"Feature","geometry":{"type":"Point","coordinates":[-77.04805,38.80099]},"properties":{"id":"node/13099114597","name":"Luxe","group":"personal_care","category":"shop=beauty","hours":"Mo-Sa 10:00-19:00; Su 11:00-18:00","phone":"+1 703-838-9888","website":"http://luxenailspaalexandria.com/"}},{"type":"Feature","geometry":{"type":"Point","coordinates":[-77.0627,38.84081]},"properties":{"id":"node/13110766287","name":"2D Noodles","group":"food","category":"amenity=restaurant","cuisine":"noodle;vietnamese;japanese","website":"https://www.2dnoodles.com/","housenumber":"3823","street":"Mount Vernon Avenue"}},{"type":"Feature","geometry":{"type":"Point","coordinates":[-77.05022,38.80654]},"properties":{"id":"node/13110831100","name":"LaPluma Coffee and Wine","group":"food","category":"amenity=cafe","hours":"Mo-Sa 07:00-21:30; Su 07:00-18:00","website":"https://laplumacoffeewine.com/"}},{"type":"Feature","geometry":{"type":"Point","coordinates":[-77.05259,38.80592]},"properties":{"id":"node/13110876870","name":"Penny Post","group":"shopping","category":"shop=stationery","hours":"Mo-Th 10:00-18:00; Fr-Sa 10:00-19:00; Su 12:00-17:00","phone":"+1-703-888-1515","website":"https://shoppennypost.com/","housenumber":"1201","street":"King Street","city":"Alexandria","postcode":"22314"}},{"type":"Feature","geometry":{"type":"Point","coordinates":[-77.04242,38.80578]},"properties":{"id":"node/13110899324","name":"Friends to Lovers","group":"shopping","category":"shop=books","hours":"Mo off; Tu 15:00-19:00; We-Fr 12:00-07:00; Sa 11:00-19:00; Su 12:00-17:00","website":"https://www.friendstoloversbookstore.com/","housenumber":"301","street":"Cameron Street","city":"Alexandria","postcode":"22314"}},{"type":"Feature","geometry":{"type":"Point","coordinates":[-77.09299,38.88864]},"properties":{"id":"node/13110972983","name":"Nettie\u2019s Tavern","group":"food","category":"amenity=pub","hours":"Mo-We 11:00-01:00; Th-Fr 11:00-02:00; Sa 10:00-02:00; Su 10:00-01:00","website":"https://www.nettiestavern.com/","housenumber":"2854","street":"Wilson Boulevard","city":"Arlington","postcode":"22201-3806"}},{"type":"Feature","geometry":{"type":"Point","coordinates":[-77.04973,38.85697]},"properties":{"id":"node/13121610585","name":"Bar Colline","group":"food","category":"amenity=restaurant","cuisine":"french","phone":"+1-703-567-4792","website":"https://www.barcolline.com/","housenumber":"269","street":"19th Court South","city":"Arlington","postcode":"22202"}},{"type":"Feature","geometry":{"type":"Point","coordinates":[-77.05665,38.80617]},"properties":{"id":"node/13134638759","name":"HomeGrown","group":"food","category":"amenity=restaurant","cuisine":"american;breakfast;brunch","hours":"06:30-14:30","phone":"+1-703-705-4955","website":"https://homegrownkitchen.com/store-locations/homegrown-alexandria/","housenumber":"1600","street":"King Street","city":"Alexandria","postcode":"22314"}},{"type":"Feature","geometry":{"type":"Point","coordinates":[-77.09287,38.88869]},"properties":{"id":"node/13153248224","name":"Boe","group":"food","category":"amenity=bar","website":"https://www.theboexperience.com/","housenumber":"2854","street":"Wilson Boulevard","city":"Arlington","postcode":"22201"}},{"type":"Feature","geometry":{"type":"Point","coordinates":[-77.0928,38.88871]},"properties":{"id":"node/13153248225","name":"Boe's Tiki Bar","group":"food","category":"amenity=bar","website":"https://www.theboexperience.com/#BoETIKIBar","housenumber":"2854","street":"Wilson Boulevard","city":"Arlington","postcode":"22201"}},{"type":"Feature","geometry":{"type":"Point","coordinates":[-77.05839,38.82604]},"properties":{"id":"node/13158921296","name":"Gustave Boulangerie & Brasserie","group":"food","category":"amenity=cafe","cuisine":"coffee_shop;french","hours":"Mo-Su 07:00-19:00","website":"https://gustaveboulangerie.com/","housenumber":"2213","street":"Mount Vernon Avenue","city":"Alexandria","postcode":"22301"}},{"type":"Feature","geometry":{"type":"Point","coordinates":[-77.05727,38.83556]},"properties":{"id":"node/13198912864","name":"The Sweetside Coffee & Creamery","group":"food","category":"amenity=ice_cream","hours":"Mo-Fr 06:00-14:00, 17:00-21:00; Sa-Su 07:00-21:00"}},{"type":"Feature","geometry":{"type":"Point","coordinates":[-77.0572,38.83554]},"properties":{"id":"node/13198912865","name":"Northside 10","group":"food","category":"amenity=restaurant","cuisine":"american","hours":"Su-Th 11:30-23:00; Fr-Sa 11:30-24:00","phone":"+1-703-888-0032","website":"https://www.northside-10.com/","housenumber":"10","street":"East Glebe Road","city":"Alexandria","postcode":"22305-2938"}},{"type":"Feature","geometry":{"type":"Point","coordinates":[-77.0629,38.82031]},"properties":{"id":"node/13253277152","name":"Colonial Market","group":"groceries","category":"shop=convenience","hours":"Mo-Fr 07:30-22:00; Sa 09:00-22:00; Su 10:00-19:00","phone":"+1-703-683-2543","housenumber":"1605","street":"Commonwealth Avenue","city":"Alexandria","postcode":"22301"}},{"type":"Feature","geometry":{"type":"Point","coordinates":[-77.04673,38.80517]},"properties":{"id":"node/13294814324","name":"Lily's Chocolate & Coffee","group":"food","category":"amenity=cafe","cuisine":"coffee_shop","phone":"+1-571-312-5349","website":"https://lilyschocolatecoffee.com","housenumber":"631","street":"King Street","city":"Alexandria","postcode":"22314"}},{"type":"Feature","geometry":{"type":"Point","coordinates":[-77.04862,38.85565]},"properties":{"id":"node/13341347205","name":"Mosaic","group":"food","category":"shop=bakery","hours":"Mo-Fr 09:00-17:00","housenumber":"2011","street":"Crystal Drive","city":"Arlington","postcode":"22202-3709"}},{"type":"Feature","geometry":{"type":"Point","coordinates":[-77.05906,38.86069]},"properties":{"id":"node/13386932927","name":"Yunnan By Potomac","group":"food","category":"amenity=restaurant","cuisine":"noodle"}},{"type":"Feature","geometry":{"type":"Point","coordinates":[-77.05862,38.8606]},"properties":{"id":"node/13387049925","name":"Sparkle + Pop Nails","group":"personal_care","category":"shop=beauty"}},{"type":"Feature","geometry":{"type":"Point","coordinates":[-77.0917,38.88754]},"properties":{"id":"node/13419072047","name":"Don Churro","group":"food","category":"shop=pastry"}},{"type":"Feature","geometry":{"type":"Point","coordinates":[-77.09169,38.88745]},"properties":{"id":"node/13419072048","name":"Le Petit Ananas","group":"food","category":"shop=pastry"}},{"type":"Feature","geometry":{"type":"Point","coordinates":[-77.09122,38.88745]},"properties":{"id":"node/13419083421","name":"The Golden Fox Boutique","group":"shopping","category":"shop=clothes","housenumber":"2700","street":"Clarendon Boulevard"}},{"type":"Feature","geometry":{"type":"Point","coordinates":[-77.10074,38.88416]},"properties":{"id":"node/13429663901","name":"C&G Imports","group":"shopping","category":"shop=car","housenumber":"936","street":"North Kenmore Street"}},{"type":"Feature","geometry":{"type":"Point","coordinates":[-77.049,38.80565]},"properties":{"id":"node/13446899228","name":"The Peoples Drug","group":"food","category":"amenity=restaurant","hours":"11:00-01:00","website":"https://thepeoplesdrug.com","housenumber":"103","street":"North Alfred Street","city":"Alexandria","postcode":"22314"}},{"type":"Feature","geometry":{"type":"Point","coordinates":[-77.04944,38.79699]},"properties":{"id":"node/13450830918","name":"Cafe du Soleil","group":"food","category":"amenity=cafe","cuisine":"coffee_shop;french","hours":"Mo-Su 07:00-17:00","housenumber":"720","street":"Jefferson Street","city":"Alexandria","postcode":"22314"}},{"type":"Feature","geometry":{"type":"Point","coordinates":[-77.04168,38.85419]},"properties":{"id":"node/13473461193","name":"Dos Toros Taqueria","group":"food","category":"amenity=restaurant","cuisine":"mexican"}},{"type":"Feature","geometry":{"type":"Point","coordinates":[-77.04291,38.85389]},"properties":{"id":"node/13473461194","name":"Colada Shop","group":"food","category":"amenity=cafe"}},{"type":"Feature","geometry":{"type":"Point","coordinates":[-77.05154,38.85249]},"properties":{"id":"node/13500659901","name":"Lantern Restaurant & Bar","group":"food","category":"amenity=restaurant","cuisine":"asian;chinese","hours":"Mo-Th 11:30-23:00; Fr 11:30-00:00; Sa 12:00-00:00; Su 12:00-23:00","phone":"+15178006137","website":"https://lanternrestaurantandbar.com","housenumber":"320, Suite 300","street":"23rd Street South","postcode":"22202"}},{"type":"Feature","geometry":{"type":"Point","coordinates":[-77.11235,38.80348]},"properties":{"id":"node/13523235712","name":"Peruvian Brothers","group":"food","category":"amenity=restaurant","hours":"Mo-Su 10:00-16:00","phone":"+1-703-625-6473","website":"https://www.peruvianbrothers.com/","housenumber":"4592","street":"Eisenhower Avenue","city":"Alexandria","postcode":"22304-4802"}},{"type":"Feature","geometry":{"type":"Point","coordinates":[-77.05029,38.85644]},"properties":{"id":"node/13570775355","name":"Bar Chinois","group":"food","category":"amenity=restaurant"}},{"type":"Feature","geometry":{"type":"Point","coordinates":[-77.04991,38.85698]},"properties":{"id":"node/13570775356","name":"Flight Wine Shop","group":"groceries","category":"shop=wine"}},{"type":"Feature","geometry":{"type":"Point","coordinates":[-77.0499,38.85714]},"properties":{"id":"node/13570775357","name":"Plntr","group":"personal_care","category":"shop=herbalist"}},{"type":"Feature","geometry":{"type":"Point","coordinates":[-77.05605,38.871]},"properties":{"id":"node/13593039234","name":"Fort America Pentagon","group":"shopping","category":"shop=gift","hours":"Mo-Fr 08:00-16:00; Sa-Su off","phone":"+17032716097","website":"https://www.fortamerica.com/","city":"Washington","postcode":"20301"}},{"type":"Feature","geometry":{"type":"Point","coordinates":[-77.05306,38.86032]},"properties":{"id":"node/13608036862","name":"Caf\u00e9 Paramount","group":"food","category":"amenity=cafe"}},{"type":"Feature","geometry":{"type":"Point","coordinates":[-77.05298,38.86034]},"properties":{"id":"node/13608036863","name":"Paramount Nails &Spa","group":"personal_care","category":"shop=beauty"}},{"type":"Feature","geometry":{"type":"Point","coordinates":[-77.05106,38.83751]},"properties":{"id":"node/13673073155","name":"Wonder","group":"food","category":"amenity=restaurant","cuisine":"international","hours":"Mo-Su 10:30-23:30","phone":"+1-855-818-5755","website":"https://wonder.com","housenumber":"3615","street":"Richmond Highway","city":"Alexandria","postcode":"22305"}},{"type":"Feature","geometry":{"type":"Point","coordinates":[-77.04448,38.80491]},"properties":{"id":"node/13716185801","name":"Alexandria Fine Rugs","group":"shopping","category":"shop=carpet","hours":"Mo-Sa 10:00-19:00; Su 11:00-18:00","phone":"+1-703-721-3202","website":"https://varugs.com/","housenumber":"423","street":"King Street","city":"Alexandria","postcode":"22314"}},{"type":"Feature","geometry":{"type":"Point","coordinates":[-77.09816,38.80778]},"properties":{"id":"node/13763371768","name":"Handy Bikes","group":"shopping","category":"shop=bicycle","phone":"+17035987795","housenumber":"3919","street":"Wheeler Avenue","city":"Alexandria","postcode":"22304"}},{"type":"Feature","geometry":{"type":"Point","coordinates":[-77.11027,38.88038]},"properties":{"id":"node/13764685793","name":"maman","group":"food","category":"amenity=cafe","cuisine":"coffee_shop;pastry;sandwich","hours":"Mo-Fr 07:30-18:00; Sa-Su 08:00-18:00","phone":"+1-703-721-3883","website":"https://mamannyc.com/locations/ballston","housenumber":"4121","street":"Wilson Boulevard","city":"Arlington","postcode":"22203"}},{"type":"Feature","geometry":{"type":"Point","coordinates":[-77.06321,38.79863]},"properties":{"id":"node/13818653219","name":"Noi's Kitchen","group":"food","category":"amenity=fast_food","cuisine":"thai","hours":"Tu-Su 11:00-21:00","phone":"+1-703-215-6522","website":"https://noiskitchenfoodtruck.com/","housenumber":"317","street":"Hooffs Run Drive","city":"Alexandria","postcode":"22314-4646"}},{"type":"Feature","geometry":{"type":"Point","coordinates":[-77.0803,38.80702]},"properties":{"id":"node/13818685219","name":"Noi's Kitchen","group":"food","category":"amenity=fast_food","cuisine":"thai","hours":"Tu-Sa 16:00-23:30","phone":"+1-703-215-6522","website":"https://noiskitchenfoodtruck.com/","housenumber":"2922","street":"Duke Street","city":"Alexandria","postcode":"22314-4515"}},{"type":"Feature","geometry":{"type":"Point","coordinates":[-77.04791,38.80507]},"properties":{"id":"node/13892755472","name":"Falafel Inc","group":"food","category":"amenity=fast_food","hours":"Mo-Th, Su 11:00-21:00; Fr, Sa 11:00-22:00","phone":"+1-571-360-5654","website":"falafelinc.org","housenumber":"724","street":"King Street"}},{"type":"Feature","geometry":{"type":"Point","coordinates":[-77.04628,38.80526]},"properties":{"id":"node/13900272693","name":"Akeno Sushi Bar","group":"food","category":"amenity=restaurant","hours":"Mo-Su 11:30-22:00","phone":"+17035638751","website":"https://akenosushibar.com","housenumber":"611","street":"King St"}},{"type":"Feature","geometry":{"type":"Point","coordinates":[-77.10894,38.88068]},"properties":{"id":"node/13907660397","name":"BHC Chicken Arlington","group":"food","category":"amenity=fast_food","cuisine":"chicken","hours":"Mo-Su 11:30-20:00","phone":"+1-703-567-8192","housenumber":"875","street":"North Randolph Street","city":"Arlington","postcode":"22203"}},{"type":"Feature","geometry":{"type":"Point","coordinates":[-77.04792,38.79949]},"properties":{"id":"node/13910289140","name":"Demaine Funeral Home","group":"services","category":"shop=funeral_directors","housenumber":"520","street":"South Washington Street"}},{"type":"Feature","geometry":{"type":"Point","coordinates":[-77.08732,38.82712]},"properties":{"id":"node/13910379362","name":"King Dry Cleaners","group":"services","category":"shop=dry_cleaning"}},{"type":"Feature","geometry":{"type":"Point","coordinates":[-77.08548,38.82948]},"properties":{"id":"node/13910379364","name":"For Pets Sake","group":"shopping","category":"shop=pet"}},{"type":"Feature","geometry":{"type":"Point","coordinates":[-77.10021,38.88336]},"properties":{"id":"node/13917540485","name":"District Camera and Imaging","group":"shopping","category":"shop=camera","hours":"Sa 10:00-17:00; Mo-Fr 11:00-19:00; Su off"}},{"type":"Feature","geometry":{"type":"Point","coordinates":[-77.10174,38.88217]},"properties":{"id":"node/13917540486","name":"Tobacco Hut","group":"shopping","category":"shop=tobacco","housenumber":"3528","street":"North Wilson Boulevard"}},{"type":"Feature","geometry":{"type":"Point","coordinates":[-77.1078,38.87968]},"properties":{"id":"node/13917977476","name":"Call Your Mother","group":"food","category":"amenity=fast_food","cuisine":"bagel","hours":"off","housenumber":"4000","street":"Wilson Boulevard"}},{"type":"Feature","geometry":{"type":"Point","coordinates":[-77.11517,38.84556]},"properties":{"id":"node/13919671728","name":"Morgal Plumbing, Sewer & Water Line Repair","group":"services","category":"craft=plumber","hours":"24/7","phone":"+1-703-468-0690","website":"https://www.morgalplumbingindustries.com/","housenumber":"5100","street":"Leesburg Pike","city":"Alexandria","postcode":"22302"}},{"type":"Feature","geometry":{"type":"Point","coordinates":[-77.04214,38.85203]},"properties":{"id":"node/13945144690","name":"Lucky Buns","group":"food","category":"amenity=cafe"}},{"type":"Feature","geometry":{"type":"Point","coordinates":[-77.04201,38.85168]},"properties":{"id":"node/13945144692","name":"DC Arts District Market","group":"groceries","category":"shop=convenience"}},{"type":"Feature","geometry":{"type":"Point","coordinates":[-77.04183,38.85176]},"properties":{"id":"node/13945144693","name":"Half Moon Empanadas","group":"food","category":"amenity=fast_food"}},{"type":"Feature","geometry":{"type":"Point","coordinates":[-77.04384,38.80451]},"properties":{"id":"node/13952547016","name":"Life Alive","group":"food","category":"amenity=cafe","hours":"Mo-Su 07:00-21:00","website":"https://www.lifealive.com/location/old-town","housenumber":"400","street":"King St"}},{"type":"Feature","geometry":{"type":"Point","coordinates":[-77.04403,38.80455]},"properties":{"id":"node/13952561205","name":"Van Leeuwen","group":"food","category":"amenity=ice_cream","hours":"Mo-Su 11:00-00:00","phone":"+1-718-550-5665","website":"https://vanleeuwenicecream.com/scoop-shops/","housenumber":"400","street":"King St"}},{"type":"Feature","geometry":{"type":"Point","coordinates":[-77.04622,38.80478]},"properties":{"id":"node/13953116437","name":"Saigon Rolls","group":"food","category":"amenity=restaurant","hours":"Mo-Su 11:00-21:00","phone":"+17034473446","housenumber":"King St","street":"606"}},{"type":"Feature","geometry":{"type":"Point","coordinates":[-77.04604,38.80456]},"properties":{"id":"node/13953122268","name":"Eries Interiors","group":"shopping","category":"shop=interior_decoration","hours":"Mo-Fr 11:00-18:00; Sa 10:00-18:00; Su 12:00-17:00","phone":"+17032030433","website":"https://eriesinteriors.com/","housenumber":"103","street":"S St Asaph St"}},{"type":"Feature","geometry":{"type":"Point","coordinates":[-77.04604,38.80465]},"properties":{"id":"node/13953132447","name":"Seyyah Jewelry","group":"shopping","category":"shop=jewelry","hours":"Mo-Su 11:00-18:00","website":"https://shopseyyah.com/","housenumber":"101","street":"S Asaph St"}},{"type":"Feature","geometry":{"type":"Point","coordinates":[-77.0511,38.82877]},"properties":{"id":"node/13956128264","name":"Dok Khao Thai Alexandria","group":"food","category":"amenity=restaurant","hours":"Mo-Th, Su 11:00-22:00; Fr, Sa 10:00-23:00","phone":"+17037213496","website":"https://dokkhao.com/","housenumber":"2514","street":"Richmond Hwy"}},{"type":"Feature","geometry":{"type":"Point","coordinates":[-77.10741,38.88274]},"properties":{"id":"node/13961194069","name":"The Angie","group":"food","category":"amenity=restaurant","cuisine":"french","housenumber":"3901","street":"Fairfax Drive","city":"Arlington","postcode":"22203"}},{"type":"Feature","geometry":{"type":"Point","coordinates":[-77.04329,38.81528]},"properties":{"id":"node/13962567772","name":"The Wise Fool","group":"food","category":"amenity=restaurant","cuisine":"american;seafood;international","phone":"+1 703-650-0200","housenumber":"625","street":"First Street","city":"Alexandria","postcode":"22314"}},{"type":"Feature","geometry":{"type":"Point","coordinates":[-77.04048,38.81492]},"properties":{"id":"node/14003662665","name":"Baldwin Fabricare Center","group":"services","category":"shop=dry_cleaning","hours":"Mo-Fr 07:00-18:00; Sa 08:00-17:00","phone":"+17038360600","housenumber":"1000","street":"N Fairfax St"}},{"type":"Feature","geometry":{"type":"Point","coordinates":[-77.0417,38.8184]},"properties":{"id":"node/14003732691","name":"Foreign Car Service","group":"services","category":"shop=car_repair","hours":"Mo-Fr 07:30-17:30","phone":"+17035494100","website":"https://www.foreigncarservicealexandria.com","housenumber":"501","street":"Bashford Ln"}},{"type":"Feature","geometry":{"type":"Point","coordinates":[-77.05688,38.80622]},"properties":{"id":"node/14020892776","name":"AKB, a hotel bar","group":"food","category":"amenity=restaurant","cuisine":"american","phone":"+1-703-894-3434","website":"https://archerhotel.com/alexandria/akb-hotel-bar","housenumber":"1602","street":"King Street","city":"Alexandria","postcode":"22314"}},{"type":"Feature","geometry":{"type":"Point","coordinates":[-77.11528,38.84558]},"properties":{"id":"node/14027114048","name":"Gala Futons and Furniture","group":"shopping","category":"shop=furniture","phone":"+1-703-807-0077","housenumber":"5100","street":"Leesburg Pike","city":"Alexandria","postcode":"22302"}},{"type":"Feature","geometry":{"type":"Point","coordinates":[-77.08229,38.89178]},"properties":{"id":"node/14028847323","name":"Modern Nail Bar","group":"personal_care","category":"shop=beauty"}},{"type":"Feature","geometry":{"type":"Point","coordinates":[-77.04271,38.80606]},"properties":{"id":"node/14133478302","name":"Donna Lewis","group":"shopping","category":"shop=clothes","website":"https://donnalewisusa.com","housenumber":"309","street":"Cameron Street","city":"Alexandria","postcode":"22314"}},{"type":"Feature","geometry":{"type":"Point","coordinates":[-77.04269,38.80614]},"properties":{"id":"node/14133478303","name":"Ivy Lane Living","group":"shopping","category":"shop=interior_decoration","housenumber":"309","street":"Cameron Street","city":"Alexandria","postcode":"22314"}},{"type":"Feature","geometry":{"type":"Point","coordinates":[-77.09132,38.88714]},"properties":{"id":"node/14138576453","name":"Xi'an Famous Foods","group":"food","category":"amenity=restaurant","cuisine":"chinese","hours":"11:00-21:00","website":"https://www.xianfoods.com/locations"}},{"type":"Feature","geometry":{"type":"Point","coordinates":[-77.09207,38.82969]},"properties":{"id":"node/14140588108","name":"Chord Bread & Bottle","group":"food","category":"amenity=restaurant","cuisine":"sandwich","hours":"Su-We 10:00-20:00; Th-Sa 10:00-21:00","phone":"+1-571-800-6360","website":"https://chordbreadandbottle.com","housenumber":"3690 J","street":"King Street","postcode":"22302"}},{"type":"Feature","geometry":{"type":"Point","coordinates":[-77.11165,38.80475]},"properties":{"id":"node/14144758401","name":"Self Storage Plus","group":"services","category":"shop=storage_rental","hours":"Mo-Su 06:00-22:00","phone":"+1-703-823-2300","website":"https://www.selfstorageplus.com/storage-facilities/va/alexandria/4551-eisenhower-ave-storage-units/","housenumber":"4551","street":"Eisenhower Avenue","postcode":"22304"}},{"type":"Feature","geometry":{"type":"Point","coordinates":[-77.08441,38.88991]},"properties":{"id":"node/14144776236","name":"BannerBee Company","group":"groceries","category":"shop=farm","hours":"Sa 08:00-12:00","phone":"+1-240-793-0363","website":"https://bannerbees.com/","housenumber":"1425","street":"North Courthouse Road","city":"Arlington","postcode":"22201-2685"}},{"type":"Feature","geometry":{"type":"Point","coordinates":[-77.08466,38.89094]},"properties":{"id":"node/14181579020","name":"maman","group":"food","category":"amenity=cafe"}},{"type":"Feature","geometry":{"type":"Point","coordinates":[-77.07101,38.89584]},"properties":{"id":"node/14183185956","name":"salt","group":"food","category":"amenity=restaurant"}},{"type":"Feature","geometry":{"type":"Point","coordinates":[-77.10078,38.85929]},"properties":{"id":"node/14233406798","name":"El Pike Bolivian Restaurant","group":"food","category":"amenity=restaurant","cuisine":"bolivian","hours":"Mo-We 08:30-23:00; Th-Su 08:30-01:30","phone":"+17035213010","website":"http://www.elpikerestobar.com/","housenumber":"4111","street":"Columbia Pike","city":"Arlington","postcode":"22204"}},{"type":"Feature","geometry":{"type":"Point","coordinates":[-77.0844,38.89182]},"properties":{"id":"way/38949616","name":"Wilson Great Eats","group":"food","category":"amenity=fast_food","cuisine":"american;mexican;japanese","hours":"Sa,Su 12:00-19:00; Mo-Fr 11:00-20:00","phone":"+1 703-243-4159","housenumber":"2057","street":"Wilson Boulevard","city":"Arlington","postcode":"22201"}},{"type":"Feature","geometry":{"type":"Point","coordinates":[-77.07646,38.86931]},"properties":{"id":"way/41658007","name":"Fort Myer Commissary","group":"groceries","category":"shop=supermarket","hours":"Mo-Fr 08:00-19:30; Sa 08:00-18:30; Su 08:00-18:00","phone":"+1 703-696-3680","website":"https://corp.commissaries.com/shopping/store-locations/fort-myer","housenumber":"523","street":"Carpenter Road","city":"Fort Myer","postcode":"22211"}},{"type":"Feature","geometry":{"type":"Point","coordinates":[-77.07385,38.86792]},"properties":{"id":"way/41658008","name":"Marine Corps Exchange","group":"shopping","category":"shop=department_store","hours":"Mo-Sa 09:00-19:00; Su 10:00-18:00","phone":"+1 703-979-8420","website":"https://www.mymcx.com/index.cfm/locations/henderson-hall/","housenumber":"1555","street":"Southgate Road","city":"Arlington","postcode":"22214"}},{"type":"Feature","geometry":{"type":"Point","coordinates":[-77.09384,38.86101]},"properties":{"id":"way/44384357","name":"Bazar Anita II","group":"groceries","category":"shop=variety_store","housenumber":"3533","street":"Columbia Pike","city":"Arlington","postcode":"22204"}},{"type":"Feature","geometry":{"type":"Point","coordinates":[-77.0942,38.86095]},"properties":{"id":"way/44384358","name":"The Broiler","group":"food","category":"amenity=restaurant","hours":"Mo-Th 09:00-22:00; Fr-Sa 09:00-23:00; Su 10:00-22:00","phone":"+1 703-920-5944","website":"http://broilersubs.com/","housenumber":"3601","street":"Columbia Pike","city":"Arlington","postcode":"22204"}},{"type":"Feature","geometry":{"type":"Point","coordinates":[-77.05372,38.85318]},"properties":{"id":"way/44856048","name":"Falafel Inc","group":"food","category":"amenity=restaurant","cuisine":"middle_eastern","phone":"+1 703-782-3606","website":"https://falafelinc.org","housenumber":"500","street":"23rd Street South","city":"Arlington","postcode":"22202"}},{"type":"Feature","geometry":{"type":"Point","coordinates":[-77.08399,38.89199]},"properties":{"id":"way/45303061","name":"Courthouse Kabob","group":"food","category":"amenity=restaurant","cuisine":"kebab","hours":"Mo-Su 11:00-03:00","phone":"+1 703-294-9999","website":"https://www.afghankabobhouse.com/","housenumber":"2045","street":"Wilson Boulevard","city":"Arlington","postcode":"22201"}},{"type":"Feature","geometry":{"type":"Point","coordinates":[-77.08339,38.88521]},"properties":{"id":"way/60228613","name":"Fort Myer Thrift Shop","group":"shopping","category":"shop=charity","hours":"Tu-Th 10:00-14:30; Sa[1] 10:00-14:30","phone":"+1-703-527-0664","website":"https://www.fortmyerthriftshop.org/","housenumber":"224","street":"Forrest Circle","city":"Fort Myer","postcode":"22211"}},{"type":"Feature","geometry":{"type":"Point","coordinates":[-77.08933,38.86216]},"properties":{"id":"way/68854141","name":"Mrs. Chen's Kitchen","group":"food","category":"amenity=restaurant","cuisine":"chinese","hours":"Mo-Th 11:00-22:00; Fr-Sa 11:00-22:30; Su 11:30-22:00","phone":"+1 703-920-3199","website":"https://www.mrschensarlington.com/","housenumber":"3101","street":"Columbia Pike","city":"Arlington","postcode":"22204"}},{"type":"Feature","geometry":{"type":"Point","coordinates":[-77.07089,38.867]},"properties":{"id":"way/80300517","name":"A-One Auto Clinic","group":"services","category":"shop=car_repair","phone":"+1 703-522-2108","housenumber":"1515","street":"Columbia Pike"}},{"type":"Feature","geometry":{"type":"Point","coordinates":[-77.07017,38.86714]},"properties":{"id":"way/80300521","name":"Dama's Bread","group":"food","category":"amenity=restaurant"}},{"type":"Feature","geometry":{"type":"Point","coordinates":[-77.05511,38.85356]},"properties":{"id":"way/81028562","name":"McNamara's Pub and Restaurant","group":"food","category":"amenity=restaurant","hours":"Mo-Th 11:00-01:00; Fr 11:00-02:00; Sa 10:00-02:00; Su 10:00-01:00","phone":"+1 703-302-3760","website":"https://mcnamaraspub.com/","housenumber":"567","street":"23rd Street South","city":"Arlington","postcode":"22202"}},{"type":"Feature","geometry":{"type":"Point","coordinates":[-77.05449,38.85356]},"properties":{"id":"way/81028607","name":"Bob & Edith's Diner","group":"food","category":"amenity=restaurant","cuisine":"breakfast","hours":"Mo 00:00-22:00; Tu-We 06:00-22:00; Th-Su 00:00-24:00","phone":"+1 703-920-2700","website":"https://www.bobandedithsdiner.com/","housenumber":"539","street":"23rd Street South","city":"Arlington","postcode":"22202"}},{"type":"Feature","geometry":{"type":"Point","coordinates":[-77.05491,38.85356]},"properties":{"id":"way/81028643","name":"Freddie's Beach Bar","group":"food","category":"amenity=restaurant","hours":"Mo-Fr 16:00-02:00; Sa-Su 10:00-02:00; Sa 21:00-22:00 open \"Drag Show. Reserve your tables\"","phone":"+1 703-685-0555","website":"https://www.freddiesbeachbar.com/","housenumber":"553","street":"23rd Street South","city":"Arlington","postcode":"22202"}},{"type":"Feature","geometry":{"type":"Point","coordinates":[-77.054,38.85357]},"properties":{"id":"way/81028654","name":"Federico Ristorante Italiano","group":"food","category":"amenity=restaurant","cuisine":"italian","hours":"Mo-Th 12:00-21:00; Fr-Sa 11:00-22:00; Su 11:00-21:00","phone":"+1 703-486-0519","website":"https://www.federicoristoranteitaliano.com/","housenumber":"519","street":"23rd Street South","city":"Arlington","postcode":"22202"}},{"type":"Feature","geometry":{"type":"Point","coordinates":[-77.05477,38.85353]},"properties":{"id":"way/81028677","name":"Enjera","group":"food","category":"amenity=restaurant","cuisine":"ethiopian","hours":"Mo-Th 11:00-23:00; Fr 11:00-02:00; Sa-Su 11:00-23:00","phone":"+1 703-271-6040","website":"https://enjera1.com/","housenumber":"549","street":"23rd Street South","city":"Arlington","postcode":"22202"}},{"type":"Feature","geometry":{"type":"Point","coordinates":[-77.05929,38.85305]},"properties":{"id":"way/81028678","name":"Anna Salon & Spa","group":"personal_care","category":"shop=beauty","housenumber":"778","street":"23rd Street South","city":"Arlington","postcode":"22202"}},{"type":"Feature","geometry":{"type":"Point","coordinates":[-77.05913,38.85305]},"properties":{"id":"way/81028693","name":"Crystal Water Massage","group":"personal_care","category":"shop=massage","phone":"+1 703-909-3855","website":"https://www.crystalwatermassage.net/","housenumber":"768","street":"23rd Street South","city":"Arlington","postcode":"22202"}},{"type":"Feature","geometry":{"type":"Point","coordinates":[-77.05431,38.85358]},"properties":{"id":"way/81028698","name":"Crystal City Sports Pub","group":"food","category":"amenity=restaurant","hours":"Mo-Su 08:00-02:00","phone":"+1 703-521-8215","website":"http://www.ccsportspub.com/","housenumber":"529","street":"23rd Street South","city":"Arlington","postcode":"22202"}},{"type":"Feature","geometry":{"type":"Point","coordinates":[-77.05371,38.85359]},"properties":{"id":"way/81028704","name":"Royal Pawn","group":"services","category":"shop=pawnbroker","phone":"+1 571-483-0041","housenumber":"507","street":"23rd Street South","city":"Arlington","postcode":"22202"}},{"type":"Feature","geometry":{"type":"Point","coordinates":[-77.055,38.85356]},"properties":{"id":"way/81028727","name":"Urban Thai","group":"food","category":"amenity=restaurant","hours":"Mo-Fr 11:00-21:15; Sa-Su 11:30-21:15","phone":"+1 703-979-0777","website":"https://www.urbanthaiva.com/","housenumber":"555","street":"23rd Street South","city":"Arlington","postcode":"22202"}},{"type":"Feature","geometry":{"type":"Point","coordinates":[-77.11672,38.88508]},"properties":{"id":"way/81550417","name":"Japanese Auto Care","group":"services","category":"shop=car_repair","hours":"Mo-Fr 07:00-18:00; Sa 08:00-14:00; Su off","phone":"+1-703-243-0550","housenumber":"4530","street":"Washington Boulevard","city":"Arlington","postcode":"22201"}},{"type":"Feature","geometry":{"type":"Point","coordinates":[-77.09784,38.88542]},"properties":{"id":"way/89177980","name":"Northside Social","group":"food","category":"amenity=cafe","cuisine":"coffee_shop","hours":"Mo-We 06:00-22:00; Th 06:00-23:00; Fr 06:00-24:00; Sa 07:00-24:00; Su 07:00-22:00","phone":"+1 703-465-0145","website":"https://www.northsidesocialva.com/","housenumber":"3211","street":"Wilson Boulevard","city":"Arlington","postcode":"22201"}},{"type":"Feature","geometry":{"type":"Point","coordinates":[-77.08225,38.86361]},"properties":{"id":"way/91040816","name":"Bob & Edith's Diner","group":"food","category":"amenity=restaurant","cuisine":"sandwich;burger;american;breakfast","hours":"24/7","phone":"+1 703-920-6103","website":"https://www.bobandedithsdiner.com/","housenumber":"2310","street":"Columbia Pike","postcode":"22204"}},{"type":"Feature","geometry":{"type":"Point","coordinates":[-77.08304,38.86334]},"properties":{"id":"way/91040820","name":"LA Nails II","group":"personal_care","category":"shop=hairdresser","housenumber":"2338","street":"Columbia Pike","city":"Arlington","postcode":"22204"}},{"type":"Feature","geometry":{"type":"Point","coordinates":[-77.10278,38.88637]},"properties":{"id":"way/117564260","name":"Casual Adventure","group":"shopping","category":"shop=outdoor","phone":"+1 703-527-0600","website":"https://www.casualadventure.com/","housenumber":"3451","street":"Washington Boulevard","city":"Arlington","postcode":"22201"}},{"type":"Feature","geometry":{"type":"Point","coordinates":[-77.10347,38.88637]},"properties":{"id":"way/117564269","name":"Rocklands Barbeque and Grilling Company","group":"food","category":"amenity=restaurant","cuisine":"american","hours":"Mo-Su 11:00-21:30","phone":"+1 703-528-9663","website":"https://www.rocklands.com/locations/arlington-va/","housenumber":"3471","street":"Washington Boulevard","city":"Arlington","postcode":"22201"}},{"type":"Feature","geometry":{"type":"Point","coordinates":[-77.10394,38.88631]},"properties":{"id":"way/117564270","name":"Cupid Cleaners","group":"services","category":"shop=dry_cleaning","hours":"Mo-Fr 07:00-19:00; Sa 08:00-18:00","housenumber":"3501","street":"Washington Boulevard","city":"Arlington","postcode":"22201"}},{"type":"Feature","geometry":{"type":"Point","coordinates":[-77.0388,38.80543]},"properties":{"id":"way/136240880","name":"Chart House","group":"food","category":"amenity=restaurant","cuisine":"seafood","phone":"+1-703-684-5080","website":"https://www.chart-house.com/location/chart-house-alexandria-va/","housenumber":"1","street":"Cameron Street","city":"Alexandria","postcode":"22314-3235"}},{"type":"Feature","geometry":{"type":"Point","coordinates":[-77.07584,38.88795]},"properties":{"id":"way/150858020","name":"Quarterdeck","group":"food","category":"amenity=restaurant","cuisine":"seafood","hours":"Mo-Su 11:30-02:00","phone":"+1-703-528-2722","website":"https://www.quarterdeckarlington.com/","housenumber":"1200","street":"Fort Myer Drive","city":"Arlington","postcode":"22209"}},{"type":"Feature","geometry":{"type":"Point","coordinates":[-77.05366,38.80613]},"properties":{"id":"way/160689686","name":"Pacers Running","group":"shopping","category":"shop=sports","housenumber":"1301","street":"King Street"}},{"type":"Feature","geometry":{"type":"Point","coordinates":[-77.05066,38.80575]},"properties":{"id":"way/160690361","name":"Current Boutique","group":"shopping","category":"shop=clothes","hours":"Mo-Fr 12:00-20:00; Sa 11:00-20:00; Su 11:00-18:00","phone":"+1-703-549-2272","website":"https://www.currentboutique.com/","housenumber":"1009","street":"King Street","city":"Alexandria","postcode":"22314"}},{"type":"Feature","geometry":{"type":"Point","coordinates":[-77.04756,38.80537]},"properties":{"id":"way/160690362","name":"The Light Horse","group":"food","category":"amenity=pub","cuisine":"american","hours":"Mo-Fr 16:00-02:00; Sa-Su 11:00-2:00","phone":"+1 703-549-0533","website":"https://thelighthorserestaurant.com/","housenumber":"715","street":"King Street","city":"Alexandria","postcode":"22314"}},{"type":"Feature","geometry":{"type":"Point","coordinates":[-77.05097,38.80578]},"properties":{"id":"way/160690364","name":"Lotus Blooms","group":"shopping","category":"shop=erotic","hours":"Mo-Th 12:00-20:00; Fr-Sa 12:00-21:00; Su 12:00-18:30","website":"http://www.lotusbloomsalexandria.com/","housenumber":"1017","street":"King Street","city":"Alexandria","postcode":"22314"}},{"type":"Feature","geometry":{"type":"Point","coordinates":[-77.05103,38.80574]},"properties":{"id":"way/160690365","name":"Sam Phao Thai Cuisine","group":"food","category":"amenity=restaurant","cuisine":"thai","hours":"Mo-Sa 11:30-21:15; Su 16:30-21:00","phone":"+1 703-548-3736","website":"https://www.samphaothai.com/","housenumber":"1019","street":"King Street","city":"Alexandria","postcode":"22314"}},{"type":"Feature","geometry":{"type":"Point","coordinates":[-77.05074,38.80575]},"properties":{"id":"way/160690369","name":"The Kitchen Guild","group":"shopping","category":"shop=kitchen","phone":"+1-703-518-5006","housenumber":"1011","street":"King Street","city":"Alexandria","postcode":"22314"}},{"type":"Feature","geometry":{"type":"Point","coordinates":[-77.04765,38.80538]},"properties":{"id":"way/160690370","name":"The Pita House","group":"food","category":"amenity=restaurant","cuisine":"mediterranean","phone":"+1-703-684-9194","website":"https://www.thepitahouse.com","housenumber":"719","street":"King Street","city":"Alexandria","postcode":"22314"}},{"type":"Feature","geometry":{"type":"Point","coordinates":[-77.05084,38.80576]},"properties":{"id":"way/160690373","name":"Paint This","group":"shopping","category":"shop=interior_decoration","hours":"Sa-Mo 12:00-18:00; We-Fr 12:00-20:00","phone":"+1-703-519-7499","website":"https://paintthis.com/paintthis/Welcome.html","housenumber":"1013","street":"King Street","city":"Alexandria","postcode":"22314"}},{"type":"Feature","geometry":{"type":"Point","coordinates":[-77.05092,38.80571]},"properties":{"id":"way/160690385","name":"The Hour","group":"shopping","category":"shop=interior_decoration","hours":"Mo-Sa 11:00-18:30; Su 12:00-17:00","phone":"+1-703-224-4687","website":"https://thehourshop.com/","housenumber":"1015","street":"King Street","city":"Alexandria","postcode":"22314"}},{"type":"Feature","geometry":{"type":"Point","coordinates":[-77.05118,38.80582]},"properties":{"id":"way/160690386","name":"Pauline Books and Media","group":"shopping","category":"shop=books","website":"https://www.pauline.org/","housenumber":"1125","street":"King Street","city":"Alexandria","postcode":"22314"}},{"type":"Feature","geometry":{"type":"Point","coordinates":[-77.04627,38.8053]},"properties":{"id":"way/160691967","name":"Java Grill","group":"food","category":"shop=bakery","cuisine":"coffee_shop;restaurant;cafe;dessert_shop;breakfast","hours":"Mo-Su 7:00-21:00","phone":"+1 571-431-7631","website":"https://javagrill.com/","housenumber":"611","street":"King Street","city":"Alexandria","postcode":"22314"}},{"type":"Feature","geometry":{"type":"Point","coordinates":[-77.04051,38.80447]},"properties":{"id":"way/160691968","name":"The Fish Market","group":"food","category":"amenity=restaurant","cuisine":"seafood","phone":"+1 703-836-5676","website":"https://www.fishmarketva.com/","housenumber":"105","street":"King Street","city":"Alexandria","postcode":"22314"}},{"type":"Feature","geometry":{"type":"Point","coordinates":[-77.04121,38.80455]},"properties":{"id":"way/160691975","name":"The Wharf","group":"food","category":"amenity=restaurant","cuisine":"seafood","phone":"+1 703-836-2836","website":"https://www.wharfrestaurant.com/","housenumber":"119","street":"King Street","city":"Alexandria","postcode":"22314"}},{"type":"Feature","geometry":{"type":"Point","coordinates":[-77.04594,38.80536]},"properties":{"id":"way/160691992","name":"Patrick's - Fine Linens & Home Decor","group":"shopping","category":"shop=interior_decoration","hours":"Mo-Sa 10:00-20:00; Su 12:00-18:00","phone":"+1-571-970-6931","website":"https://www.patricksdesigns.co","housenumber":"106","street":"North Saint Asaph Street","city":"Alexandria","postcode":"22314"}},{"type":"Feature","geometry":{"type":"Point","coordinates":[-77.04088,38.80452]},"properties":{"id":"way/160691998","name":"AMERICA!","group":"shopping","category":"shop=gift","housenumber":"113","street":"King Street","city":"Alexandria","postcode":"22314"}},{"type":"Feature","geometry":{"type":"Point","coordinates":[-77.04036,38.80443]},"properties":{"id":"way/160692012","name":"The Lucky Knot","group":"shopping","category":"shop=clothes","hours":"Mo-Sa 11:00 - 20:00","phone":"+1 703-549-1797","website":"https://www.theluckyknot.com/","housenumber":"101","street":"King Street","city":"Alexandria","postcode":"22314"}},{"type":"Feature","geometry":{"type":"Point","coordinates":[-77.04593,38.80545]},"properties":{"id":"way/160692017","name":"Silverman Galleries","group":"shopping","category":"shop=antiques","hours":"Th-Sa 12:00-17:30","phone":"+1-703-836-5363","website":"https://www.silvermangalleries.com/","housenumber":"110","street":"North Saint Asaph Street","city":"Alexandria","postcode":"22314"}},{"type":"Feature","geometry":{"type":"Point","coordinates":[-77.04131,38.80457]},"properties":{"id":"way/160692021","name":"Il Porto Ristorante","group":"food","category":"amenity=restaurant","cuisine":"italian","hours":"Mo-Th, Su 11:00-22:00; Fr-Sa 11:00-23:00","phone":"+1 703-836-8833","website":"https://www.ilportoristorante.com/","housenumber":"121","street":"King Street","city":"Alexandria","postcode":"22314"}},{"type":"Feature","geometry":{"type":"Point","coordinates":[-77.04667,38.80522]},"properties":{"id":"way/160692023","name":"Nine West Outlet","group":"shopping","category":"shop=shoes","website":"https://www.ninewest.com/","housenumber":"629","street":"King Street","city":"Alexandria","postcode":"22314"}},{"type":"Feature","geometry":{"type":"Point","coordinates":[-77.04099,38.80453]},"properties":{"id":"way/160692035","name":"Landini Brothers","group":"food","category":"amenity=restaurant","cuisine":"italian","hours":"Su 11:30-22:00; Mo-Th 11:30-22:30; Fr-Sa 11:30-23:00","phone":"+1 703-549-3596","website":"https://www.landinibrothers.com/","housenumber":"115","street":"King Street","city":"Alexandria","postcode":"22314"}},{"type":"Feature","geometry":{"type":"Point","coordinates":[-77.03922,38.80554]},"properties":{"id":"way/160778681","name":"Blackwall Hitch","group":"food","category":"amenity=restaurant","cuisine":"seafood","phone":"+1 571-982-3577","website":"https://blackwallhitchalexandria.com/","housenumber":"5","street":"Cameron Street","city":"Alexandria","postcode":"22314"}},{"type":"Feature","geometry":{"type":"Point","coordinates":[-77.03995,38.80289]},"properties":{"id":"way/160778833","name":"Big Wheel Bikes","group":"shopping","category":"shop=bicycle","website":"https://www.bigwheelbikes.com","housenumber":"2","street":"Prince Street","city":"Alexandria","postcode":"22314"}},{"type":"Feature","geometry":{"type":"Point","coordinates":[-77.05823,38.82534]},"properties":{"id":"way/179129561","name":"V\u00e9loCity Bicycle Cooperative","group":"shopping","category":"shop=bicycle","hours":"Tu 11:00-18:00; We 11:00-21:00; Th-Fr 11:00-18:00; Sa 10:00-16:00; Su 12:00-16:00","phone":"+1 703-549-1108","website":"https://velocitycoop.org/","housenumber":"2111","street":"Mount Vernon Avenue","city":"Alexandria","postcode":"22301"}},{"type":"Feature","geometry":{"type":"Point","coordinates":[-77.08467,38.86333]},"properties":{"id":"way/180727648","name":"Burritos Bros","group":"food","category":"amenity=restaurant","cuisine":"mexican","hours":"Mo-Sa 10:00-22:00; Su off","phone":"+1 703-302-3999","website":"https://burritosbros.com/index.html","housenumber":"2599","street":"Columbia Pike","city":"Arlington","postcode":"22204"}},{"type":"Feature","geometry":{"type":"Point","coordinates":[-77.08589,38.86184]},"properties":{"id":"way/188203269","name":"ASNI Supermarket","group":"groceries","category":"shop=supermarket","cuisine":"ethiopian","housenumber":"1045","street":"South Edgewood Street"}},{"type":"Feature","geometry":{"type":"Point","coordinates":[-77.09075,38.86179]},"properties":{"id":"way/188633667","name":"Illy's Barbershop 2","group":"personal_care","category":"shop=hairdresser","website":"https://www.barbershoparlingtonva.com/","housenumber":"3219","street":"Columbia Pike","city":"Arlington","postcode":"22204"}},{"type":"Feature","geometry":{"type":"Point","coordinates":[-77.09014,38.86205]},"properties":{"id":"way/188633674","name":"City Kaboob (Halal Foods)","group":"food","category":"amenity=restaurant","housenumber":"3205","street":"Columbia Pike","city":"Arlington","postcode":"22204"}},{"type":"Feature","geometry":{"type":"Point","coordinates":[-77.09037,38.862]},"properties":{"id":"way/188633675","name":"Good Fortune Restaurant","group":"food","category":"amenity=restaurant","cuisine":"chinese","phone":"+1 703-920-8891","website":"https://www.goodfortunearlington.com/","housenumber":"3209","street":"Columbia Pike","city":"Arlington","postcode":"22204"}},{"type":"Feature","geometry":{"type":"Point","coordinates":[-77.05723,38.81995]},"properties":{"id":"way/203010698","name":"The Garden","group":"food","category":"amenity=restaurant","phone":"+1-571-970-2791","website":"https://www.thegardendelray.com/","housenumber":"1503","street":"Mount Vernon Avenue","city":"Alexandria","postcode":"22301"}},{"type":"Feature","geometry":{"type":"Point","coordinates":[-77.05718,38.81982]},"properties":{"id":"way/203010700","name":"Matt and Tony's","group":"food","category":"amenity=restaurant","cuisine":"american","hours":"Tu-Su 08:00-21:00","phone":"+1-703-429-4950","website":"https://mattandtonysva.com/","housenumber":"1501","street":"Mount Vernon Avenue","city":"Alexandria","postcode":"22301"}},{"type":"Feature","geometry":{"type":"Point","coordinates":[-77.03999,38.80393]},"properties":{"id":"way/204586366","name":"Bike and Roll","group":"shopping","category":"shop=bicycle","phone":"+1-703-548-7655","website":"https://www.bikethesites.com/","housenumber":"1","street":"Wales Alley","city":"Alexandria","postcode":"22314"}},{"type":"Feature","geometry":{"type":"Point","coordinates":[-77.04025,38.80364]},"properties":{"id":"way/204586367","name":"Encore Consignment Boutique","group":"shopping","category":"shop=clothes","hours":"Th-Sa 11:00-17:00; Su 12:30-17:00","phone":"+1-703-683-1756","website":"http://www.encorefashionista.com","housenumber":"110","street":"South Union Street","city":"Alexandria","postcode":"22314"}},{"type":"Feature","geometry":{"type":"Point","coordinates":[-77.03997,38.80403]},"properties":{"id":"way/204586370","name":"Mai Thai","group":"food","category":"amenity=restaurant","cuisine":"thai","hours":"Mo-Th 11:15-22:30; Fr-Sa 11:15-23:00; Su 11:30-22:30","phone":"+1 703-548-0600","website":"http://www.maithai.us/","housenumber":"6","street":"King Street","city":"Alexandria","postcode":"22314"}},{"type":"Feature","geometry":{"type":"Point","coordinates":[-77.04007,38.80378]},"properties":{"id":"way/204586372","name":"Virtue Feed and Grain","group":"food","category":"amenity=restaurant","hours":"Mo-Sa 11:30-15:00; Su 11:30-14:30; Su-Th 17:30-22:00; Fr-Sa 17:30-23:00","phone":"+1 571-970-3669","website":"http://virtuefeedandgrain.com","housenumber":"106","street":"South Union Street","city":"Alexandria","postcode":"22314"}},{"type":"Feature","geometry":{"type":"Point","coordinates":[-77.04071,38.80409]},"properties":{"id":"way/204598308","name":"Creamery","group":"food","category":"amenity=fast_food","cuisine":"ice_cream","housenumber":"110","street":"King Street","city":"Alexandria","postcode":"22314"}},{"type":"Feature","geometry":{"type":"Point","coordinates":[-77.04054,38.80394]},"properties":{"id":"way/204598309","name":"FireHook","group":"food","category":"shop=bakery","hours":"Mo-Fr 6:30-19:00; Sa-Su 7:00-19:00","website":"https://www.firehook.com/","housenumber":"105","street":"South Union Street","city":"Alexandria","postcode":"22314"}},{"type":"Feature","geometry":{"type":"Point","coordinates":[-77.04051,38.80412]},"properties":{"id":"way/204598310","name":"Mia's Italian Kitchen","group":"food","category":"amenity=restaurant","cuisine":"italian","phone":"+1 703-997-5300","website":"https://www.miasitalian.com/","housenumber":"100","street":"King Street","city":"Alexandria","postcode":"22314"}},{"type":"Feature","geometry":{"type":"Point","coordinates":[-77.04137,38.80418]},"properties":{"id":"way/204598332","name":"Lou Lou Boutique","group":"shopping","category":"shop=clothes","hours":"Mo-Th 10:00-20:00; Fr-Sa 10:00-21:00; Su 11:00-18:00","website":"https://loulouboutiques.com/","housenumber":"132","street":"King Street","city":"Alexandria","postcode":"22314"}},{"type":"Feature","geometry":{"type":"Point","coordinates":[-77.0408,38.8041]},"properties":{"id":"way/204598333","name":"O'Connell's","group":"food","category":"amenity=restaurant","hours":"Mo-Su 11:00-01:00","phone":"+1 703-739-1124","website":"https://www.danieloconnells.com/","housenumber":"112","street":"King Street","city":"Alexandria","postcode":"22314"}},{"type":"Feature","geometry":{"type":"Point","coordinates":[-77.04062,38.80326]},"properties":{"id":"way/204598334","name":"The Christmas Attic","group":"shopping","category":"shop=gift","hours":"Mo-Th 10:00-17:00; Fr-Sa 12:00-19:00; Su 12:00-17:00","phone":"+1-703-548-2829","website":"https://www.christmasattic.com","housenumber":"125","street":"South Union Street","city":"Alexandria","postcode":"22314"}},{"type":"Feature","geometry":{"type":"Point","coordinates":[-77.04127,38.80411]},"properties":{"id":"way/204598335","name":"The Trading Post","group":"shopping","category":"shop=gift","hours":"Mo-Fr 11:00-21:00","housenumber":"128","street":"King Street","city":"Alexandria","postcode":"22314"}},{"type":"Feature","geometry":{"type":"Point","coordinates":[-77.04062,38.80347]},"properties":{"id":"way/204598336","name":"Union Street Public House","group":"food","category":"amenity=restaurant","hours":"Mo-Th 11:30-12:00; Fr-Sa 11:30-2:00; Su 10:00-12:00","phone":"+1 703-548-1785","website":"https://www.unionstreetpublichouse.com/","housenumber":"121","street":"South Union Street","city":"Alexandria","postcode":"22314"}},{"type":"Feature","geometry":{"type":"Point","coordinates":[-77.04056,38.80388]},"properties":{"id":"way/204598337","name":"Windsor of Old Town Salon & Spa","group":"personal_care","category":"shop=hairdresser","phone":"+1-703-836-7330","website":"http://www.windsordayspa.com/","housenumber":"107","street":"South Union Street","city":"Alexandria","postcode":"22314"}},{"type":"Feature","geometry":{"type":"Point","coordinates":[-77.04198,38.80424]},"properties":{"id":"way/204608390","name":"Principle Gallery","group":"shopping","category":"shop=art","phone":"+1-703-739-9326","website":"https://www.principlegallery.com/","housenumber":"208","street":"King Street","city":"Alexandria","postcode":"22314"}},{"type":"Feature","geometry":{"type":"Point","coordinates":[-77.04215,38.80426]},"properties":{"id":"way/204608391","name":"The Warehouse Bar & Grill","group":"food","category":"amenity=restaurant","cuisine":"regional","phone":"+1-703-683-6868","website":"https://www.warehousebarandgrill.com/","housenumber":"214","street":"King Street","city":"Alexandria","postcode":"22314"}},{"type":"Feature","geometry":{"type":"Point","coordinates":[-77.04167,38.8042]},"properties":{"id":"way/204608392","name":"The Why Not Shop","group":"shopping","category":"shop=clothes","hours":"Mo-Sa 10:00-17:30; Su 12:00-17:00","phone":"+1 703-548-4420","housenumber":"200","street":"King Street","city":"Alexandria","postcode":"22314"}},{"type":"Feature","geometry":{"type":"Point","coordinates":[-77.04293,38.80351]},"properties":{"id":"way/204626102","name":"Enchanted Florist","group":"shopping","category":"shop=florist","housenumber":"139","street":"South Fairfax Street","city":"Alexandria","postcode":"22314"}},{"type":"Feature","geometry":{"type":"Point","coordinates":[-77.04356,38.80394]},"properties":{"id":"way/204626105","name":"Grape + Bean","group":"food","category":"shop=deli","hours":"Tu 11:30-19:00; We-Fr 11:30-22:00; Sa 9:00-22:00; Su 11:30-18:00","phone":"+1 703-664-0214","website":"https://www.grapeandbean.com/","housenumber":"118","street":"South Royal Street","city":"Alexandria","postcode":"22314"}},{"type":"Feature","geometry":{"type":"Point","coordinates":[-77.04356,38.804]},"properties":{"id":"way/204626124","name":"Lavender Moon Cupcakery","group":"food","category":"shop=bakery","hours":"Mo-Fr 11:00-21:00; Sa 11:00-22:00; Su 11:00-21:00","phone":"+1 703-683-0588","website":"https://www.facebook.com/lavendermooncupcakery/","housenumber":"116","street":"South Royal Street","city":"Alexandria","postcode":"22314"}},{"type":"Feature","geometry":{"type":"Point","coordinates":[-77.04302,38.80374]},"properties":{"id":"way/204626129","name":"The Shoe Hive","group":"shopping","category":"shop=shoes","hours":"Mo-Sa 10:00-19:00; Su 12:00-17:00","phone":"+1 703-548-7105","website":"https://store.theshoehive.com","housenumber":"127","street":"South Fairfax Street","city":"Alexandria","postcode":"22314"}},{"type":"Feature","geometry":{"type":"Point","coordinates":[-77.044,38.80401]},"properties":{"id":"way/204629771","name":"Fontaine Caffe & Creperie","group":"food","category":"amenity=cafe","cuisine":"crepe","hours":"Mo-Fr 10:00-15:00,17:30-22:00; Sa-Su 09:00-22:00","phone":"+1-703-535-8151","website":"https://www.fontainecaffe.com/","housenumber":"119","street":"South Royal Street","city":"Alexandria","postcode":"22314"}},{"type":"Feature","geometry":{"type":"Point","coordinates":[-77.04467,38.80398]},"properties":{"id":"way/204629784","name":"1799 Prime","group":"food","category":"amenity=restaurant","cuisine":"seafood;steak_house","hours":"Mo-Th 16:00-22:00; Fr-Sa 12:00-23:00; Su 10:00-22:00","phone":"+1 571-867-9595","website":"https://1799prime.com/","housenumber":"110","street":"South Pitt Street","city":"Alexandria","postcode":"22314"}},{"type":"Feature","geometry":{"type":"Point","coordinates":[-77.04624,38.80445]},"properties":{"id":"way/204948014","name":"Josephine","group":"food","category":"amenity=restaurant","cuisine":"french","hours":"Mo 17:00-2:00; Tu-Fr 11:30-2:00; Sa-Su 11:00-2:00","phone":"+1 703-683-1776","website":"https://www.josephineoldtown.com","housenumber":"109","street":"South Saint Asaph Street","city":"Alexandria","postcode":"22314"}},{"type":"Feature","geometry":{"type":"Point","coordinates":[-77.04608,38.80479]},"properties":{"id":"way/204948032","name":"Noodle Box","group":"food","category":"amenity=restaurant","cuisine":"asian","phone":"+1-703-888-1179","website":"https://www.noodleboxoldtown.com/","housenumber":"602","street":"King Street","city":"Alexandria","postcode":"22314"}},{"type":"Feature","geometry":{"type":"Point","coordinates":[-77.04747,38.80491]},"properties":{"id":"way/205023949","name":"Crown Wigs","group":"personal_care","category":"shop=beauty","hours":"Mo-Sa 10:00-19:00; Su 13:00-16:00","phone":"+1-703-549-7900","housenumber":"706","street":"King Street","city":"Alexandria","postcode":"22314"}},{"type":"Feature","geometry":{"type":"Point","coordinates":[-77.04801,38.80501]},"properties":{"id":"way/205023950","name":"Handover By The Slice","group":"food","category":"amenity=pub","cuisine":"pizza","hours":"Mo, Tu, We, Fr 11:30-22:00; Th 11:30-23:00; Sa-Su 12:00-24:00","phone":"+1-571-319-0794","website":"https://www.handoveralx.com/","housenumber":"728","street":"King Street","city":"Alexandria","postcode":"22314"}},{"type":"Feature","geometry":{"type":"Point","coordinates":[-77.04785,38.80499]},"properties":{"id":"way/205023956","name":"Thai Signature","group":"food","category":"amenity=restaurant","cuisine":"thai","hours":"Su-Th 11:00-22:00; Fr-Sa 11:00-23:00","phone":"+1 703-888-2458","website":"https://thai-signature.com/","housenumber":"722","street":"King Street","city":"Alexandria","postcode":"22314"}},{"type":"Feature","geometry":{"type":"Point","coordinates":[-77.04777,38.80497]},"properties":{"id":"way/205023957","name":"Glynn Jones Salon & Spa","group":"personal_care","category":"shop=hairdresser","hours":"Tu-Fr 10:00-20:00; Sa 9:00-17:00","phone":"+1-703-549-4000","website":"https://www.glynnjonessalon.com/","housenumber":"720","street":"King Street","city":"Alexandria","postcode":"22314"}},{"type":"Feature","geometry":{"type":"Point","coordinates":[-77.04765,38.80493]},"properties":{"id":"way/205023967","name":"Village Brauhaus","group":"food","category":"amenity=restaurant","cuisine":"german;spanish","phone":"+1 703-836-4000","website":"https://www.lastapas.us","housenumber":"710","street":"King Street","city":"Alexandria","postcode":"22314"}},{"type":"Feature","geometry":{"type":"Point","coordinates":[-77.04851,38.80504]},"properties":{"id":"way/205029379","name":"Don Taco","group":"food","category":"amenity=restaurant","cuisine":"mexican","hours":"Mo 12:00-22:00; Tu-Fr 12:00-24:00; Sa 11:00-24:00; Su 11:00-22:00","phone":"+1-703-518-8800","website":"https://dontacova.com/","housenumber":"808","street":"King Street","city":"Alexandria","postcode":"22314"}},{"type":"Feature","geometry":{"type":"Point","coordinates":[-77.04875,38.80502]},"properties":{"id":"way/205029381","name":"Calico Corners","group":"shopping","category":"shop=fabric","hours":"Mo, Tu, We, Fr, Sa 10:00-17:00; Th 10:00-19:00; Su 12:00-17:00","phone":"+1-703-548-6030","website":"https://www.calicocorners.com/","housenumber":"814","street":"King Street","city":"Alexandria","postcode":"22314"}},{"type":"Feature","geometry":{"type":"Point","coordinates":[-77.04862,38.80502]},"properties":{"id":"way/205029401","name":"Random Harvest","group":"shopping","category":"shop=furniture","hours":"Mo-Sa 11:00-18:00; Su 12:00-18:00","phone":"+1-703-548-8820","website":"https://www.randomharvesthome.com/","housenumber":"810","street":"King Street","city":"Alexandria","postcode":"22314"}},{"type":"Feature","geometry":{"type":"Point","coordinates":[-77.04887,38.80513]},"properties":{"id":"way/205029402","name":"Taverna Cretekou","group":"food","category":"amenity=restaurant","cuisine":"greek","phone":"+1 703-548-8688","website":"https://tavernacretekou.com/","housenumber":"818","street":"King Street","city":"Alexandria","postcode":"22314"}},{"type":"Feature","geometry":{"type":"Point","coordinates":[-77.05016,38.80534]},"properties":{"id":"way/205035486","name":"Frances Valentine","group":"shopping","category":"shop=clothes","street":"King Street","city":"Alexandria","postcode":"22314"}},{"type":"Feature","geometry":{"type":"Point","coordinates":[-77.04961,38.80518]},"properties":{"id":"way/205035487","name":"Creative Classics Furniture","group":"shopping","category":"shop=furniture","hours":"Mo-Sa 11:00-18:00; Su 12:00-17:00","phone":"+1-703-518-4663","website":"https://www.creativeclassics.com/","housenumber":"906","street":"King Street","city":"Alexandria","postcode":"22314"}},{"type":"Feature","geometry":{"type":"Point","coordinates":[-77.04945,38.80528]},"properties":{"id":"way/205035512","name":"RedRocks","group":"food","category":"amenity=restaurant","cuisine":"pizza","hours":"Su-Tu 11:00-23:00; Fr-Sa 11:00-24:00","phone":"+1 703-717-9873","website":"https://www.redrocksdc.com/","housenumber":"904","street":"King Street","city":"Alexandria","postcode":"22314"}},{"type":"Feature","geometry":{"type":"Point","coordinates":[-77.05111,38.80543]},"properties":{"id":"way/205040127","name":"Alexandria Cupcake","group":"food","category":"shop=bakery","hours":"Tu-We 11:00-19:00; Th 11:00-21:00; Fr-Sa 11:00-10:00; Su 12:00-20:00","website":"http://www.alexandriacupcake.com/","housenumber":"1022","street":"King Street","city":"Alexandria","postcode":"22314"}},{"type":"Feature","geometry":{"type":"Point","coordinates":[-77.05061,38.80532]},"properties":{"id":"way/205040128","name":"European Country Living","group":"shopping","category":"shop=furniture","hours":"Tu-Mo 10:00-18:00","phone":"+1-703-778-4172","website":"https://europeancountryliving.com/","housenumber":"1006","street":"King Street","city":"Alexandria","postcode":"22314"}},{"type":"Feature","geometry":{"type":"Point","coordinates":[-77.05083,38.80534]},"properties":{"id":"way/205040129","name":"Eyebrow Express","group":"personal_care","category":"shop=beauty","hours":"Tu-Fr 11:00-19:00; Sa 10:00-19:00; Su 12:00-18:00","phone":"+1-703-838-6268","website":"http://eyebrowexpressdmv.com/","housenumber":"1010","street":"King Street","city":"Alexandria","postcode":"22314"}},{"type":"Feature","geometry":{"type":"Point","coordinates":[-77.05127,38.80542]},"properties":{"id":"way/205040161","name":"Ben'Yays","group":"food","category":"amenity=cafe","cuisine":"american","phone":"+1 703-549-5545","website":"https://loristables.com","housenumber":"1028","street":"King Street","city":"Alexandria","postcode":"22314"}},{"type":"Feature","geometry":{"type":"Point","coordinates":[-77.05074,38.80537]},"properties":{"id":"way/205040165","name":"Salon DNA","group":"personal_care","category":"shop=beauty","hours":"Mo 12:00-17:00; Tu-Fr 10:00-20:00; Sa 9:00-17:00","phone":"+1 703-548-9800","housenumber":"1008, 1008 1/2","street":"King Street","city":"Alexandria","postcode":"22314"}},{"type":"Feature","geometry":{"type":"Point","coordinates":[-77.05197,38.80559]},"properties":{"id":"way/205055861","name":"Bazzak Hair & Nail Salon","group":"personal_care","category":"shop=hairdresser","hours":"Tu 9:00-19:00; We-Th 9:00-20:00; Fr 9:00-18:00; Sa 8:30-16:00","phone":"+1-703-548-5159","website":"https://www.bazzaksalon.com/","housenumber":"1110","street":"King Street","city":"Alexandria","postcode":"22314"}},{"type":"Feature","geometry":{"type":"Point","coordinates":[-77.05221,38.80553]},"properties":{"id":"way/205055862","name":"Vaso's Mediterranean Bistro","group":"food","category":"amenity=restaurant","cuisine":"mediterranean","hours":"Tu-Th 11:00-21:00; Fr-Sa 11:00-22:00; Su 11:00-21:00","phone":"+1 703-566-2720","website":"https://www.vasosonking.com/","housenumber":"1118","street":"King Street","city":"Alexandria","postcode":"22314"}},{"type":"Feature","geometry":{"type":"Point","coordinates":[-77.05207,38.80555]},"properties":{"id":"way/205055863","name":"Dash's of Old Town","group":"shopping","category":"shop=clothes","hours":"We-Sa 11:00-18:00; Su 12:00-17:00","phone":"+1-703-299-4015","website":"https://dashsofoldtown.com/","housenumber":"1114","street":"King Street","city":"Alexandria","postcode":"22314"}},{"type":"Feature","geometry":{"type":"Point","coordinates":[-77.05181,38.80552]},"properties":{"id":"way/205055894","name":"Augie's Mussel House and Beer Garden","group":"food","category":"amenity=restaurant","cuisine":"seafood","hours":"Mo,Tu 12:00-24:00, We,Th 11:00-24:00, Fr,Sa 11:00-02:00, Su 11:00-24:00","phone":"+1 703-721-3970","website":"https://www.eataugies.com/","housenumber":"1106","street":"King Street","city":"Alexandria","postcode":"22314"}},{"type":"Feature","geometry":{"type":"Point","coordinates":[-77.05233,38.80562]},"properties":{"id":"way/205055920","name":"Imagine Artwear","group":"shopping","category":"shop=clothes","hours":"Mo-Sa 17:00-19:00; Su 11:00-17:00","website":"https://www.imagineartwear.com/","housenumber":"1122, 1124","street":"King Street","city":"Alexandria","postcode":"22314"}},{"type":"Feature","geometry":{"type":"Point","coordinates":[-77.05228,38.80554]},"properties":{"id":"way/205055925","name":"Vermilion","group":"food","category":"amenity=restaurant","cuisine":"american","hours":"Mo-Fr 11:30-2:00; Sa-Su 11:00-2:00","phone":"+1 703-684-9669","website":"https://vermilionrestaurant.com/","housenumber":"1120","street":"King Street","city":"Alexandria","postcode":"22314"}},{"type":"Feature","geometry":{"type":"Point","coordinates":[-77.05182,38.80592]},"properties":{"id":"way/205173793","name":"Arts Afire","group":"shopping","category":"shop=jewelry","website":"http://www.artsafire.com/","street":"King Street","city":"Alexandria","postcode":"22314"}},{"type":"Feature","geometry":{"type":"Point","coordinates":[-77.0519,38.80592]},"properties":{"id":"way/205173802","name":"J. Brown & Co.","group":"shopping","category":"shop=interior_decoration","hours":"Mo-Sa 10:00-17:00; Su 12:00-17:00","phone":"+1 703-548-9010","housenumber":"1119","street":"King Street","city":"Alexandria","postcode":"22314"}},{"type":"Feature","geometry":{"type":"Point","coordinates":[-77.05176,38.8059]},"properties":{"id":"way/205173804","name":"Tradition De France","group":"shopping","category":"shop=furniture","phone":"+1-703-836-5340","website":"https://tdf.teeknet.com","housenumber":"1113","street":"King Street","city":"Alexandria","postcode":"22314"}},{"type":"Feature","geometry":{"type":"Point","coordinates":[-77.05211,38.80595]},"properties":{"id":"way/205173805","name":"WALKER HOME","group":"shopping","category":"shop=interior_decoration","hours":"Mo, We-Sa 11:00-18:00; Su 12:30-17:30","phone":"+1-703-299-9255","website":"http://www.walkerhomeinc.com/","housenumber":"1125","street":"King Street","city":"Alexandria","postcode":"22314"}},{"type":"Feature","geometry":{"type":"Point","coordinates":[-77.0504,38.80585]},"properties":{"id":"way/205180881","name":"Pretty People Vintage","group":"shopping","category":"shop=clothes","hours":"Mo-Sa 11:00-19:00; Su 12:00-17:00","phone":"+1-703-739-2522","website":"https://prettypeoplevintage.com/","housenumber":"108","street":"North Patrick Street","city":"Alexandria","postcode":"22314"}},{"type":"Feature","geometry":{"type":"Point","coordinates":[-77.04947,38.80562]},"properties":{"id":"way/205186354","name":"Layla's Lebanese Restaurant","group":"food","category":"amenity=restaurant","cuisine":"lebanese","phone":"+1-703-684-3288","website":"https://www.laylas.net/","housenumber":"907","street":"King Street","city":"Alexandria","postcode":"22314"}},{"type":"Feature","geometry":{"type":"Point","coordinates":[-77.04972,38.80565]},"properties":{"id":"way/205186359","name":"Ten Thousand Villages","group":"groceries","category":"shop=convenience","phone":"+1-703-684-1435","website":"https://www.tenthousandvillages.com/alexandria","housenumber":"915","street":"King Street","city":"Alexandria","postcode":"22314"}},{"type":"Feature","geometry":{"type":"Point","coordinates":[-77.04956,38.80563]},"properties":{"id":"way/205186360","name":"The Majestic Cafe","group":"food","category":"amenity=restaurant","cuisine":"american","hours":"Mo-Sa 11:30-14:30, 17:30-22:00; Fr-Sa 17:30-22:30; Su 13:00-21:00","phone":"+1 703-837-9117","website":"https://www.majesticcafe.com","housenumber":"911","street":"King Street","city":"Alexandria","postcode":"22314"}},{"type":"Feature","geometry":{"type":"Point","coordinates":[-77.04848,38.80543]},"properties":{"id":"way/205194796","name":"Asian Bistro","group":"food","category":"amenity=restaurant","cuisine":"asian","hours":"Mo-Fr 11:30-21:00; Sa 12:00-21:00; Su 16:00-21:00","phone":"+1 703-836-1515","website":"https://www.abistro.com","housenumber":"809","street":"King Street","city":"Alexandria","postcode":"22314"}},{"type":"Feature","geometry":{"type":"Point","coordinates":[-77.04837,38.80548]},"properties":{"id":"way/205194799","name":"PR at Partners","group":"personal_care","category":"shop=hairdresser","hours":"Mo 12:00-20:00; Tu-Th 11:00-20:00; Fr 10:00-20:00; Sa 9:00-17:00; Su 11:00-18:00","phone":"+1-703-683-6600","website":"https://www.pratpartners.com/locations/virginia/old-town-alexandria/","housenumber":"805","street":"King Street","city":"Alexandria","postcode":"22314"}},{"type":"Feature","geometry":{"type":"Point","coordinates":[-77.04825,38.80562]},"properties":{"id":"way/205199575","name":"Twig Thrift Shop","group":"shopping","category":"shop=charity","hours":"Mo-Tu,Su off; We-Th 10:00-15:00,18:00-20:00; Fr 10:00-15:00; Sa 10:00-16:00","website":"https://www.thetwig.org/","housenumber":"106","street":"North Columbus Street","city":"Alexandria","postcode":"22314"}},{"type":"Feature","geometry":{"type":"Point","coordinates":[-77.04821,38.80586]},"properties":{"id":"way/205199578","name":"Spurgeon-Lewis Antiques","group":"shopping","category":"shop=antiques","hours":"Mo,Su off; Tu-Fr 12:00-17:00; Sa 11:00-17:00","phone":"+1 703-548-4917","website":"https://www.spurgeonlewis.com/","housenumber":"112, 114","street":"North Columbus Street","city":"Alexandria","postcode":"22314"}},{"type":"Feature","geometry":{"type":"Point","coordinates":[-77.04824,38.80568]},"properties":{"id":"way/205199595","name":"Arzum Barber Shop","group":"personal_care","category":"shop=hairdresser","hours":"Mo-Fr 10:00-19:30; Sa 10:00-19:00; Su 11:00-18:00","phone":"+1 703-299-0050","website":"https://arzumbarbershop.business.site/","housenumber":"106","street":"North Columbus Street","city":"Alexandria","postcode":"22314"}},{"type":"Feature","geometry":{"type":"Point","coordinates":[-77.04885,38.80603]},"properties":{"id":"way/205199596","name":"Sugar House Day Spa & Salon","group":"personal_care","category":"shop=beauty","hours":"Mo, Fr, Sa 9:00-17:00; Tu-Th 9:00-20:00","phone":"+1-703-549-9940","website":"https://sugarhousedayspa.com/","housenumber":"111","street":"North Alfred Street","city":"Alexandria","postcode":"22314"}},{"type":"Feature","geometry":{"type":"Point","coordinates":[-77.04874,38.80594]},"properties":{"id":"way/205199597","name":"St George Interior Decoration","group":"shopping","category":"shop=interior_decoration","hours":"Tu-Sa 11:00-18:00; Su 12:00-17:00","phone":"+1-703-299-9495","website":"https://stgeorgeofethiopia.com/","housenumber":"105","street":"North Alfred Street","city":"Alexandria","postcode":"22314"}},{"type":"Feature","geometry":{"type":"Point","coordinates":[-77.04663,38.80539]},"properties":{"id":"way/205314888","name":"Brahm & Powell Opticians","group":"personal_care","category":"shop=optician","hours":"Mo, We-Fr 09:30-17:30, Tu 09:30-19:00; Sa 09:30-16:00","phone":"+1 703-596-0200","website":"https://www.alexandria-optical.com/","housenumber":"113","street":"North Washington Street","city":"Alexandria","postcode":"22314"}},{"type":"Feature","geometry":{"type":"Point","coordinates":[-77.0465,38.8057]},"properties":{"id":"way/205314890","name":"Circe of Alexandria","group":"personal_care","category":"shop=hairdresser","hours":"Mo, Tu 12:00-21:00; We-Fr 9:00-21:00; Sa 8:00-18:00; Su 11:00-20:00","phone":"+1-703-519-8528","website":"http://circeofalexandria.com","housenumber":"123","street":"North Washington Street","city":"Alexandria","postcode":"22314"}},{"type":"Feature","geometry":{"type":"Point","coordinates":[-77.04621,38.80523]},"properties":{"id":"way/205314903","name":"King's Jewelry","group":"shopping","category":"shop=jewelry","hours":"Mo-Sa 10:00-18:00","phone":"+1-703-549-0011","website":"https://www.kingsjewelry.net/","housenumber":"609"}},{"type":"Feature","geometry":{"type":"Point","coordinates":[-77.0465,38.80585]},"properties":{"id":"way/205314905","name":"Le Refuge","group":"food","category":"amenity=restaurant","cuisine":"french","hours":"11:30-14:30, 17:30-22:00","phone":"+1 703-548-4661","website":"https://www.lerefugealexandria.com/","housenumber":"127","street":"North Washington Street","city":"Alexandria","postcode":"22314"}},{"type":"Feature","geometry":{"type":"Point","coordinates":[-77.04472,38.80577]},"properties":{"id":"way/205316300","name":"Helen Olivia","group":"shopping","category":"shop=florist","hours":"Mo-Fr 9:00-17:30; Sa 10:00-16:00","phone":"+1-703-548-2848","website":"https://www.helenolivia.com/","housenumber":"128","street":"North Pitt Street","city":"Alexandria","postcode":"22314"}},{"type":"Feature","geometry":{"type":"Point","coordinates":[-77.04364,38.80562]},"properties":{"id":"way/205317817","name":"Gadsby's Tavern","group":"food","category":"amenity=restaurant","hours":"Mo-Sa 11:30-15:00, 17:30-22:00; Su 11:00-15:00, 17:30-22:00","phone":"+1 703-548-1288","website":"https://www.gadsbystavernrestaurant.com/","housenumber":"138","street":"North Royal Street","city":"Alexandria","postcode":"22314"}},{"type":"Feature","geometry":{"type":"Point","coordinates":[-77.04079,38.8045]},"properties":{"id":"way/205327205","name":"Bugsy's Pizza Restaurant and Sports Bar","group":"food","category":"amenity=restaurant","cuisine":"pizza","hours":"Fr, Sa 11:30-00:30; Mo-Th, Su 11:30-22:30","phone":"+1 703-683-0313","website":"https://bugsyspizza.com/","housenumber":"111","street":"King Street","city":"Alexandria","postcode":"22314"}},{"type":"Feature","geometry":{"type":"Point","coordinates":[-77.08737,38.84108]},"properties":{"id":"way/206779980","name":"Diament Jewelry","group":"shopping","category":"shop=jewelry","phone":"+1 347-868-7150","website":"https://www.diamentjewelry.com/","housenumber":"4017","street":"Campbell Avenue","city":"Arlington","postcode":"22206"}},{"type":"Feature","geometry":{"type":"Point","coordinates":[-77.08784,38.84114]},"properties":{"id":"way/206782398","name":"T.H.A.I in Shirlington","group":"food","category":"amenity=restaurant","cuisine":"thai","hours":"Su-Th 11:30 - 22:00; Fr - Sa 11:30 - 23:00","phone":"+1 703-931-3203","website":"https://www.thaiinshirlington.com/","housenumber":"4029","street":"Campbell Avenue","city":"Arlington","postcode":"22206"}},{"type":"Feature","geometry":{"type":"Point","coordinates":[-77.0875,38.84115]},"properties":{"id":"way/206782399","name":"Mason's Famous Lobster Rolls","group":"food","category":"amenity=restaurant","cuisine":"seafood","hours":"Mo-Su 11:00-21:00","phone":"+1 571-431-6530","website":"https://www.masonslobster.com/locations/arlington-va/","housenumber":"4017","street":"Campbell Avenue","city":"Arlington","postcode":"22206"}},{"type":"Feature","geometry":{"type":"Point","coordinates":[-77.08816,38.84117]},"properties":{"id":"way/206782400","name":"Taco Bamba","group":"food","category":"amenity=restaurant","cuisine":"mexican","hours":"Mo-Su 09:00-22:00","phone":"+1-571-257-3030","website":"https://www.tacobamba.com/location/shirlington/","housenumber":"4041","street":"Campbell Avenue","city":"Arlington","postcode":"22206"}},{"type":"Feature","geometry":{"type":"Point","coordinates":[-77.08806,38.84113]},"properties":{"id":"way/206782401","name":"Moby Dick","group":"food","category":"amenity=restaurant","cuisine":"kebab","hours":"Mo-Su 11:00-21:00","phone":"+1 571-257-8214","website":"https://www.mobyskabob.com/stores/moby-dick-shirlington/","housenumber":"4037","street":"Campbell Avenue","city":"Arlington","postcode":"22206"}},{"type":"Feature","geometry":{"type":"Point","coordinates":[-77.08768,38.84116]},"properties":{"id":"way/206782402","name":"Copperwood Tavern","group":"food","category":"amenity=restaurant","cuisine":"american","hours":"Mo-Fr 11:00-00:00; Sa-Su 09:00-00:00","phone":"+1 703-552-8010","website":"https://www.copperwoodtavern.com/","housenumber":"4021","street":"Campbell Avenue","city":"Arlington","postcode":"22206"}},{"type":"Feature","geometry":{"type":"Point","coordinates":[-77.0884,38.84111]},"properties":{"id":"way/206782403","name":"Palette 22","group":"food","category":"amenity=restaurant","cuisine":"international","hours":"Mo-Tu 12:00-00:00; We-Th 12:00-01:00; Fr 12:00-02:00; Sa 10:00-02:00; Su 10:00-00:00","phone":"+1 703-746-9007","website":"https://www.palette22.com/","housenumber":"4053","street":"Campbell Avenue","city":"Arlington","postcode":"22206"}},{"type":"Feature","geometry":{"type":"Point","coordinates":[-77.08704,38.84058]},"properties":{"id":"way/206782885","name":"Carlyle","group":"food","category":"amenity=restaurant","cuisine":"american","hours":"Su 11:00-22:00; Mo-Fr 11:30-22:00; Sa 11:00-11:00","phone":"+1 703-931-0777","website":"https://www.greatamericanrestaurants.com/carlyle/Info/Directions","housenumber":"4000","street":"Campbell Avenue","city":"Arlington","postcode":"22206"}},{"type":"Feature","geometry":{"type":"Point","coordinates":[-77.0896,38.84075]},"properties":{"id":"way/206782886","name":"Diana Nails","group":"personal_care","category":"shop=beauty","hours":"Mo-Sa 10:00-20:00, Su 11:00-18:00","phone":"+1 703-845-0215","housenumber":"4150","street":"Campbell Avenue","city":"Arlington","postcode":"22206"}},{"type":"Feature","geometry":{"type":"Point","coordinates":[-77.08917,38.8402]},"properties":{"id":"way/206782888","name":"Adara Spa","group":"personal_care","category":"shop=massage","phone":"+1 703-845-7546","website":"https://www.adaraskincarespa.com/","housenumber":"2800","street":"South Randolph Street","city":"Arlington","postcode":"22206"}},{"type":"Feature","geometry":{"type":"Point","coordinates":[-77.11924,38.89833]},"properties":{"id":"way/207947427","name":"Crisp & Juicy Chicken","group":"food","category":"amenity=restaurant","cuisine":"peruvian;chicken","hours":"Su-Th 11:00-21:00; Fr-Sa 11:00-22:00","phone":"+1-703-243-4222","website":"https://crispjuicy.com/","housenumber":"4540","street":"Cherry Hill Road","city":"Arlington","postcode":"22207"}},{"type":"Feature","geometry":{"type":"Point","coordinates":[-77.11917,38.89833]},"properties":{"id":"way/207947428","name":"Cafe Colline","group":"food","category":"amenity=restaurant","cuisine":"french","hours":"Mo off; Tu-Th 12:00-20:00; Fr 12:00-21:00; Sa 11:00-21:00; Su 11:00-16:00","phone":"+1-703-567-6615","website":"https://www.cafecollineva.com/","housenumber":"4536","street":"Cherry Hill Road","city":"Arlington","postcode":"22207"}},{"type":"Feature","geometry":{"type":"Point","coordinates":[-77.11834,38.89834]},"properties":{"id":"way/207947429","name":"Arrowine","group":"groceries","category":"shop=wine","hours":"Mo-Th 11:00-19:00; Fr-Sa 10:00-19:00; Su 10:00-17:00","phone":"+1-703-525-0990","website":"https://www.arrowine.com/","housenumber":"4508","street":"Cherry Hill Road","city":"Arlington","postcode":"22207"}},{"type":"Feature","geometry":{"type":"Point","coordinates":[-77.11847,38.89835]},"properties":{"id":"way/207947430","name":"Child\u2019s Play Toys and Books","group":"shopping","category":"shop=toys","hours":"Mo-Sa 10:00-18:00; Su 10:00-17:00","phone":"+1-703-522-1022","website":"https://childsplaytoysandbooks.com/","housenumber":"4510","street":"Cherry Hill Road","city":"Arlington","postcode":"22207"}},{"type":"Feature","geometry":{"type":"Point","coordinates":[-77.11867,38.89835]},"properties":{"id":"way/207947432","name":"Lemoncello Boutique","group":"shopping","category":"shop=clothes","hours":"Mo-Sa 10:00-18:00; Su 12:00-16:00","phone":"+1-571-444-7177","website":"https://lemoncellobtq.com/","housenumber":"4518","street":"Cherry Hill Road","city":"Arlington","postcode":"22207"}},{"type":"Feature","geometry":{"type":"Point","coordinates":[-77.1182,38.89834]},"properties":{"id":"way/207947434","name":"Pastries By Randolph","group":"food","category":"shop=pastry","hours":"Mo-Fr 07:00-17:00; Sa 08:00-17:00","phone":"+1-703-243-0070","website":"https://www.pastriesbyrandolph.com/","housenumber":"4500","street":"Cherry Hill Road","city":"Arlington","postcode":"22207"}},{"type":"Feature","geometry":{"type":"Point","coordinates":[-77.11916,38.89804]},"properties":{"id":"way/207947521","name":"Woof Gang Bakery & Grooming","group":"services","category":"shop=pet_grooming","hours":"Mo-Su 10:00-18:00","phone":"+1-571-312-5630","website":"https://woofgangbakery.com/locations/woof-gang-bakery-grooming-arlington","housenumber":"4550","street":"Cherry Hill Road","city":"Arlington","postcode":"22207"}},{"type":"Feature","geometry":{"type":"Point","coordinates":[-77.07588,38.88837]},"properties":{"id":"way/209310768","name":"Fort Myer Market","group":"groceries","category":"shop=convenience","hours":"Mo-Su 07:00-23:55","housenumber":"1210","street":"Fort Myer Drive","city":"Arlington","postcode":"22209"}},{"type":"Feature","geometry":{"type":"Point","coordinates":[-77.1176,38.87925]},"properties":{"id":"way/211174271","name":"Istanbull Grill","group":"food","category":"amenity=restaurant","cuisine":"turkish","hours":"Mo-Su 11:30-22:00","phone":"+1 571-970-5828","website":"https://istanbulgrill-kebabshop.business.site/","housenumber":"4617","street":"Wilson Boulevard","city":"Arlington","postcode":"22203"}},{"type":"Feature","geometry":{"type":"Point","coordinates":[-77.10587,38.8738]},"properties":{"id":"way/211181350","name":"Glebe Market","group":"groceries","category":"shop=supermarket","hours":"Mo-Su 08:00-23:00","phone":"+1 703-527-7212","housenumber":"300","street":"North Glebe Road","city":"Arlington","postcode":"22203"}},{"type":"Feature","geometry":{"type":"Point","coordinates":[-77.09695,38.86811]},"properties":{"id":"way/211190320","name":"Town Car Repair","group":"services","category":"shop=car_repair","hours":"Mo-Sa 07:30-19:00; Su off","housenumber":"301","street":"South Glebe Road","city":"Arlington","postcode":"22204"}},{"type":"Feature","geometry":{"type":"Point","coordinates":[-77.1015,38.88629]},"properties":{"id":"way/211195305","name":"Baird Automotive","group":"services","category":"shop=car_repair","housenumber":"3427","street":"Washington Boulevard","city":"Arlington","postcode":"22201"}},{"type":"Feature","geometry":{"type":"Point","coordinates":[-77.10194,38.88636]},"properties":{"id":"way/211195307","name":"Pham's Car Care Center","group":"services","category":"shop=car_repair","phone":"+1 703-522-7755","website":"http://www.phamscarcarecenter.com/index.html","housenumber":"3435","street":"Washington Boulevard","city":"Arlington","postcode":"22201"}},{"type":"Feature","geometry":{"type":"Point","coordinates":[-77.1024,38.89601]},"properties":{"id":"way/211198050","name":"Cherrydale Motors","group":"services","category":"shop=car_repair","hours":"Mo-Fr 08:00-18:00; Sa 08:00-17:00","phone":"+1-703-527-5511","website":"https://www.cherrydalemotors.com/","housenumber":"3412","street":"Langston Boulevard","city":"Arlington","postcode":"22207"}},{"type":"Feature","geometry":{"type":"Point","coordinates":[-77.10101,38.89672]},"properties":{"id":"way/211211967","name":"Reinhart's Garage","group":"services","category":"shop=car_repair","hours":"Mo-Fr 08:00-18:00","phone":"+1-703-528-8820","housenumber":"3203","street":"Langston Boulevard","city":"Arlington","postcode":"22207"}},{"type":"Feature","geometry":{"type":"Point","coordinates":[-77.10866,38.89662]},"properties":{"id":"way/211213360","name":"Old Dominion Cleaners","group":"services","category":"shop=dry_cleaning","hours":"Tu-Fr 09:00-17:00; Sa 09:00-16:00","phone":"+1-703-525-8112","housenumber":"4036","street":"Cherry Hill Road","city":"Arlington","postcode":"22207"}},{"type":"Feature","geometry":{"type":"Point","coordinates":[-77.11359,38.89683]},"properties":{"id":"way/211214074","name":"La Union Grocery","group":"groceries","category":"shop=convenience","hours":"Mo-Fr 08:00-21:00; Sa 08:00-20:00; Su 10:00-19:00","phone":"+1-703-812-9484","website":"https://launiongroceryva.com/","housenumber":"4308","street":"Cherry Hill Road","city":"Arlington","postcode":"22207"}},{"type":"Feature","geometry":{"type":"Point","coordinates":[-77.08966,38.84365]},"properties":{"id":"way/211536153","name":"Canine Cardio","group":"food","category":"craft=brewery","hours":"Mo-Th 05:00-21:00; Fr 09:00-22:00; Sa 10:00-22:00; Su 10:00-20:00","website":"https://www.snoutsnstouts.com/","housenumber":"2709","street":"South Oakland Street","city":"Arlington","postcode":"22206"}},{"type":"Feature","geometry":{"type":"Point","coordinates":[-77.09146,38.88955]},"properties":{"id":"way/212008838","name":"East West Grill","group":"food","category":"amenity=restaurant","cuisine":"afghan","hours":"Mo-Th, Su 11:00-01:00; Fr, Sa 11:00-15:00","phone":"+1 703-312-4888","website":"http://www.eastwestkabob.com/","housenumber":"2721","street":"Wilson Boulevard","city":"Arlington","postcode":"22201"}},{"type":"Feature","geometry":{"type":"Point","coordinates":[-77.09124,38.88963]},"properties":{"id":"way/212008842","name":"CoworkCafe","group":"food","category":"amenity=cafe","cuisine":"coffee_shop","hours":"Mo-Fr 08:30-18:00","website":"https://www.coworkcafe.com/coworkcafe-at-clarendon/","housenumber":"2719;2715","street":"Wilson Boulevard","city":"Arlington","postcode":"22201"}},{"type":"Feature","geometry":{"type":"Point","coordinates":[-77.09374,38.88853]},"properties":{"id":"way/212011545","name":"Wilson Hardware","group":"food","category":"amenity=restaurant","cuisine":"american","phone":"+1-571-303-0024","website":"https://wilsonhardwareva.com/","housenumber":"2915","street":"Wilson Boulevard","city":"Arlington","postcode":"22201"}},{"type":"Feature","geometry":{"type":"Point","coordinates":[-77.09642,38.8867]},"properties":{"id":"way/212014988","name":"Don Tito","group":"food","category":"amenity=restaurant","cuisine":"mexican","hours":"Mo-Fr 11:00-02:00; Sa-Su 10:30-02:00","phone":"+1 703-566-3113","website":"https://www.dontitova.com/","housenumber":"3165","street":"Wilson Boulevard","city":"Arlington","postcode":"22201"}},{"type":"Feature","geometry":{"type":"Point","coordinates":[-77.09664,38.88662]},"properties":{"id":"way/212014989","name":"Spider Kelly's","group":"food","category":"amenity=pub","hours":"Mo-Fr 16:00-02:00; Sa 11:00-02:00; Su 01:00-02:00","phone":"+1 703-312-8888","website":"http://www.spiderkellys.com","housenumber":"3181","street":"Wilson Boulevard","city":"Arlington","postcode":"22201"}},{"type":"Feature","geometry":{"type":"Point","coordinates":[-77.09686,38.88638]},"properties":{"id":"way/212014990","name":"Liberty Tavern","group":"food","category":"amenity=pub","cuisine":"gastropub","hours":"Mo-Sa 17:00-22:00; Mo-Fr 11:30-14:30; Sa-Su 09:00-15:00; Su 17:00-21:00","phone":"+1 703-465-9360","website":"https://www.thelibertytavern.com/","housenumber":"3195","street":"Wilson Boulevard","city":"Arlington","postcode":"22201"}},{"type":"Feature","geometry":{"type":"Point","coordinates":[-77.09717,38.88627]},"properties":{"id":"way/212015709","name":"O'Sullivan's","group":"food","category":"amenity=pub","hours":"Mo-Th 15:00-02:00; Fr 13:30-02:00; Sa, Su 10:00-02:00","phone":"+1 703-812-0939","website":"http://osullivansirishpub.com/","housenumber":"3201","street":"Wilson Boulevard","city":"Arlington","postcode":"22201"}},{"type":"Feature","geometry":{"type":"Point","coordinates":[-77.1004,38.88273]},"properties":{"id":"way/212020109","name":"Hurt Cleaners","group":"services","category":"shop=dry_cleaning","housenumber":"3410","street":"Wilson Boulevard","city":"Arlington","postcode":"22201"}},{"type":"Feature","geometry":{"type":"Point","coordinates":[-77.10114,38.88231]},"properties":{"id":"way/212022803","name":"RE Michel Co","group":"shopping","category":"shop=appliance","housenumber":"830","street":"North Lincoln Street","city":"Arlington","postcode":"22201"}},{"type":"Feature","geometry":{"type":"Point","coordinates":[-77.10947,38.89671]},"properties":{"id":"way/213288594","name":"Oriental Rosewood Import Furniture","group":"shopping","category":"shop=furniture","phone":"+1-703-528-5430","website":"http://www.rosewoodimports.com/","housenumber":"4050","street":"Cherry Hill Road","city":"Arlington","postcode":"22207"}},{"type":"Feature","geometry":{"type":"Point","coordinates":[-77.10029,38.86966]},"properties":{"id":"way/213850153","name":"Sonic Sounds","group":"shopping","category":"shop=hifi","housenumber":"32","street":"South Glebe Road","postcode":"22204"}},{"type":"Feature","geometry":{"type":"Point","coordinates":[-77.10022,38.8696]},"properties":{"id":"way/213850157","name":"Dos Generaciones","group":"food","category":"amenity=restaurant","cuisine":"mexican","phone":"+1 703-979-1109","website":"https://www.facebook.com/perladelvalleusa/","housenumber":"36","street":"South Glebe Road","city":"Arlington","postcode":"22204"}},{"type":"Feature","geometry":{"type":"Point","coordinates":[-77.09528,38.86732]},"properties":{"id":"way/213850163","name":"Ruthie's All-Day","group":"food","category":"amenity=restaurant","cuisine":"barbecue;american","hours":"Mo-Th 07:00-21:00; Fr 07:00-22:00; Sa 09:00-22:00; Su 09:00-21:00","phone":"+1 703-888-2841","website":"https://www.ruthiesallday.com/","housenumber":"3411","street":"5th Street South","city":"Arlington","postcode":"22204"}},{"type":"Feature","geometry":{"type":"Point","coordinates":[-77.05943,38.80448]},"properties":{"id":"way/215963201","name":"Table Talk","group":"food","category":"amenity=restaurant","cuisine":"american;diner","hours":"Mo-Su 07:00-16:00","phone":"+1-703-548-3989","website":"https://www.tabletalkdiner.co/","housenumber":"1623","street":"Duke Street","city":"Alexandria","postcode":"22314"}},{"type":"Feature","geometry":{"type":"Point","coordinates":[-77.05339,38.80317]},"properties":{"id":"way/215965687","name":"T.J. Fannon and Sons","group":"shopping","category":"shop=fuel","housenumber":"1200","street":"Duke Street","postcode":"22314"}},{"type":"Feature","geometry":{"type":"Point","coordinates":[-77.10146,38.80797]},"properties":{"id":"way/217366461","name":"Port City Brewing Company","group":"food","category":"amenity=pub","hours":"Mo-Th 16:00-21:00; Fr 15:00-22:00; Sa 12:00-21:00; Su 12:00-18:00","phone":"+1 703-797-2739","website":"https://www.portcitybrewing.com/","housenumber":"3950","street":"Wheeler Avenue","city":"Alexandria","postcode":"22304"}},{"type":"Feature","geometry":{"type":"Point","coordinates":[-77.07032,38.80544]},"properties":{"id":"way/217482846","name":"Southern Kitchens, Inc","group":"shopping","category":"shop=interior_decoration","phone":"+1-703-548-4459","website":"www.southernkitchens.net","housenumber":"2350","street":"South Dove Street"}},{"type":"Feature","geometry":{"type":"Point","coordinates":[-77.08296,38.80739]},"properties":{"id":"way/217607873","name":"Philadelphia Cheesesteak Factory","group":"food","category":"amenity=restaurant","cuisine":"sandwich","housenumber":"3060","street":"Duke Street","city":"Alexandria"}},{"type":"Feature","geometry":{"type":"Point","coordinates":[-77.10221,38.81159]},"properties":{"id":"way/217610440","name":"Los Toltecos","group":"food","category":"amenity=restaurant","cuisine":"mexican","hours":"Mo-Th 11:00-22:00; Fr 11:00-23:00; Sa 11:30-23:00; Su 11:30-21:00","phone":"+1 703-370-4111","website":"https://www.lostoltecosalexandria.com/","housenumber":"4111","street":"Duke Street","city":"Alexandria","postcode":"22304"}},{"type":"Feature","geometry":{"type":"Point","coordinates":[-77.07106,38.79399]},"properties":{"id":"way/218191094","name":"2 Jefes Tex-Mex","group":"food","category":"amenity=restaurant","cuisine":"mexican","phone":"+1-571-347-7571","website":"https://www.dosjefesrestaurant.com","housenumber":"2249","street":"Huntington Avenue","city":"Alexandria","postcode":"22303"}},{"type":"Feature","geometry":{"type":"Point","coordinates":[-77.05921,38.83053]},"properties":{"id":"way/218830801","name":"ASAP Printing & Mailing","group":"services","category":"shop=copyshop","hours":"Mo-Th 08:30-17:30; Fr 08:30-16:30","phone":"+1 703-836-2288","website":"https://www.asapprinters.com/","housenumber":"2805","street":"Mount Vernon Avenue","city":"Alexandria","postcode":"22301"}},{"type":"Feature","geometry":{"type":"Point","coordinates":[-77.05888,38.82874]},"properties":{"id":"way/218959429","name":"Bombay Curry Company","group":"food","category":"amenity=restaurant","cuisine":"indian","hours":"Tu-Su 11:30-02:30,17:30-21:30","phone":"+1-703-836-6363","website":"http://www.bombaycurrycompany.com/","housenumber":"2607","street":"Mount Vernon Avenue","city":"Alexandria","postcode":"22301"}},{"type":"Feature","geometry":{"type":"Point","coordinates":[-77.0586,38.82745]},"properties":{"id":"way/218959430","name":"Crooked Beat Records","group":"shopping","category":"shop=music","hours":"Mo,We 13:30-19:00; Th-Sa 12:00-19:00; Su 12:00-18:00","housenumber":"2417","street":"Mount Vernon Avenue","city":"Alexandria","postcode":"22301"}},{"type":"Feature","geometry":{"type":"Point","coordinates":[-77.04995,38.81348]},"properties":{"id":"way/219061423","name":"Mason Social","group":"food","category":"amenity=restaurant","cuisine":"american","phone":"+1-703-548-8800","website":"http://mason-social.com/","housenumber":"728","street":"North Henry Street","city":"Alexandria","postcode":"22314"}},{"type":"Feature","geometry":{"type":"Point","coordinates":[-77.04716,38.82167]},"properties":{"id":"way/219062883","name":"Rustico","group":"food","category":"amenity=restaurant","cuisine":"american"}},{"type":"Feature","geometry":{"type":"Point","coordinates":[-77.04545,38.81372]},"properties":{"id":"way/219170092","name":"Asian Wok Cafe","group":"food","category":"amenity=fast_food","cuisine":"asian","phone":"+1-703-837-8811","website":"http://www.asianwokcafealexandria.com/","housenumber":"828","street":"North Washington Street","city":"Alexandria","postcode":"22314"}},{"type":"Feature","geometry":{"type":"Point","coordinates":[-77.04441,38.82135]},"properties":{"id":"way/219173542","name":"Pupatella","group":"food","category":"amenity=restaurant","cuisine":"pizza","housenumber":"700","street":"Slaters Lane","postcode":"22314"}},{"type":"Feature","geometry":{"type":"Point","coordinates":[-77.04756,38.80063]},"properties":{"id":"way/219320691","name":"Eclairons","group":"food","category":"amenity=cafe","housenumber":"430","street":"South Washington Street","city":"Alexandria","postcode":"22314"}},{"type":"Feature","geometry":{"type":"Point","coordinates":[-77.05159,38.83034]},"properties":{"id":"way/219329624","name":"Capitol Auto Care","group":"services","category":"shop=car_repair","phone":"+1-703-548-4699"}},{"type":"Feature","geometry":{"type":"Point","coordinates":[-77.05843,38.83507]},"properties":{"id":"way/219332906","name":"Bubble Laundromat","group":"services","category":"shop=laundry","housenumber":"3400","street":"Commonwealth Avenue","city":"Alexandria","postcode":"22305"}},{"type":"Feature","geometry":{"type":"Point","coordinates":[-77.06471,38.8433]},"properties":{"id":"way/219477255","name":"Mercadito Ramos III Latin Market","group":"groceries","category":"shop=convenience","housenumber":"4102","street":"Mount Vernon Avenue","city":"Alexandria","postcode":"22305"}},{"type":"Feature","geometry":{"type":"Point","coordinates":[-77.07485,38.843]},"properties":{"id":"way/219613729","name":"Bread and Chocolate Bakery","group":"food","category":"shop=bakery","housenumber":"1033","street":"West Glebe Road","postcode":"22305"}},{"type":"Feature","geometry":{"type":"Point","coordinates":[-77.06161,38.79171]},"properties":{"id":"way/220412015","name":"Ourisman Chevrolet Buick GMC","group":"shopping","category":"shop=car","website":"https://www.chevroletofalexandria.com","housenumber":"1800","street":"Old Richmond Highway","postcode":"22303"}},{"type":"Feature","geometry":{"type":"Point","coordinates":[-77.05938,38.79247]},"properties":{"id":"way/220412017","name":"Ourisman Chrystler Jeep & Dodge","group":"shopping","category":"shop=car","website":"https://www.ourismancdjalexandria.com","housenumber":"5900","street":"Richmond Highway","postcode":"22303"}},{"type":"Feature","geometry":{"type":"Point","coordinates":[-77.05889,38.82629]},"properties":{"id":"way/221384672","name":"Saint Elmo's Coffee Pub","group":"food","category":"amenity=cafe","cuisine":"coffee_shop","hours":"Fr-Sa 07:00-20:00; Mo 07:00-18:00; Su 07:00-18:00; Th 07:00-21:00; Tu-We 07:00-20:00","phone":"+1 703-739-9268","website":"http://www.StElmosCoffeePub.com","housenumber":"2300","street":"Mount Vernon Avenue","city":"Alexandria","postcode":"22301"}},{"type":"Feature","geometry":{"type":"Point","coordinates":[-77.05844,38.82632]},"properties":{"id":"way/221384673","name":"The Clay Queen","group":"shopping","category":"shop=art","website":"https://sites.google.com/site/theclayqueenpottery/","housenumber":"2303","street":"Mount Vernon Avenue","city":"Alexandria","postcode":"22301"}},{"type":"Feature","geometry":{"type":"Point","coordinates":[-77.08149,38.80717]},"properties":{"id":"way/222412968","name":"Umiya","group":"food","category":"amenity=restaurant","cuisine":"sushi","phone":"+1 703-564-1800","website":"https://www.umiyasushiva.com/","housenumber":"3000","street":"Duke Street","city":"Alexandria","postcode":"22314"}},{"type":"Feature","geometry":{"type":"Point","coordinates":[-77.11768,38.84648]},"properties":{"id":"way/223311532","name":"Edy's Chicken and Steak","group":"food","category":"amenity=restaurant","cuisine":"peruvian","phone":"+1-703-820-5508","website":"http://www.edyschicken.com/","housenumber":"5240","street":"Leesburg Pike","city":"Falls Church","postcode":"22041"}},{"type":"Feature","geometry":{"type":"Point","coordinates":[-77.09577,38.88721]},"properties":{"id":"way/224180763","name":"Rien Tong","group":"food","category":"amenity=restaurant","cuisine":"thai","hours":"Mo-Su 11:00-22:30","phone":"+1 703-243-8388","website":"https://www.rientongrestaurant.com/","housenumber":"3131","street":"Wilson Boulevard","city":"Arlington","postcode":"22201"}},{"type":"Feature","geometry":{"type":"Point","coordinates":[-77.05892,38.82916]},"properties":{"id":"way/227605957","name":"Los Tios Grill","group":"food","category":"amenity=restaurant","cuisine":"mexican","hours":"Su-Mo 11:00-21:00","phone":"+1 703-299-9290","website":"https://lostiosgrill.com/","housenumber":"2615","street":"Mount Vernon Avenue","city":"Alexandria","postcode":"22301"}},{"type":"Feature","geometry":{"type":"Point","coordinates":[-77.05464,38.85312]},"properties":{"id":"way/228659896","name":"Dazzle","group":"personal_care","category":"shop=beauty","housenumber":"546","street":"23rd Street South","city":"Arlington","postcode":"22202"}},{"type":"Feature","geometry":{"type":"Point","coordinates":[-77.05901,38.82628]},"properties":{"id":"way/230393846","name":"Market 2 Market","group":"food","category":"amenity=restaurant","hours":"Su,Mo 10:30-18:00; Tu,We 10:30-20:00; Th 10:30-21:00","housenumber":"116","street":"East Del Ray Avenue"}},{"type":"Feature","geometry":{"type":"Point","coordinates":[-77.05833,38.82571]},"properties":{"id":"way/230394109","name":"Kiskadee","group":"shopping","category":"shop=clothes","hours":"Mo-Fr 11:00-18:00; Sa 11:00-17:00; Su 12:00-17:00 || \"by appointment\"","website":"https://www.kiskadeeshop.com/","housenumber":"2205","street":"Mount Vernon Avenue","city":"Alexandria","postcode":"22301"}},{"type":"Feature","geometry":{"type":"Point","coordinates":[-77.05827,38.82646]},"properties":{"id":"way/230394110","name":"Bagel Uprising","group":"food","category":"shop=bakery","hours":"We-Mo 07:00-14:00","website":"https://bageluprising.com/","housenumber":"2307","street":"Mt. Vernon Ave","city":"Alexandria","postcode":"22301"}},{"type":"Feature","geometry":{"type":"Point","coordinates":[-77.05848,38.82657]},"properties":{"id":"way/230394111","name":"La'Baik: A Mediterranean Taste","group":"food","category":"amenity=restaurant","cuisine":"greek;mediterranean","hours":"Mo-We 11:00-20:00; Fr 07:30-16:00; Sa,Su,Th 07:30-20:00","phone":"+1-703-512-2123","website":"https://tastelabaik.com","housenumber":"2309","street":"Mount Vernon Avenue","city":"Alexandria","postcode":"22301-1327"}},{"type":"Feature","geometry":{"type":"Point","coordinates":[-77.05844,38.82626]},"properties":{"id":"way/230394113","name":"Your Dog's Best Friend \"The Store\"","group":"shopping","category":"shop=pet","hours":"Mo,We-Fr 11:00-20:00; Tu 11:00-19:00; Sa 09:00-20:00; Su 10:00-20:00","housenumber":"2301","street":"Mount Vernon Avenue","city":"Alexandria","postcode":"22301"}},{"type":"Feature","geometry":{"type":"Point","coordinates":[-77.05068,38.82553]},"properties":{"id":"way/231654321","name":"Affordable Signs and Banners","group":"services","category":"craft=signmaker","hours":"Mo-Fr 09:00-17:00","phone":"+1 703-836-4199","website":"https://www.affordablesigns.com/","housenumber":"2100","street":"Richmond Highway","city":"Alexandria","postcode":"22301"}},{"type":"Feature","geometry":{"type":"Point","coordinates":[-77.05235,38.82853]},"properties":{"id":"way/233810020","name":"Mini U Storage","group":"services","category":"shop=storage_rental"}},{"type":"Feature","geometry":{"type":"Point","coordinates":[-77.05802,38.8243]},"properties":{"id":"way/234049774","name":"Del Ray Picture Framing","group":"shopping","category":"shop=frame","hours":"Tu 11:00-18:00, We 10:00-16:00, Th 11:00-20:00, Fr 11:00-17:00, Sa 11:00-17:00","website":"http://delraypictureframing.com/","housenumber":"2009","street":"Mount Vernon Avenue","city":"Alexandria","postcode":"22301"}},{"type":"Feature","geometry":{"type":"Point","coordinates":[-77.08528,38.82918]},"properties":{"id":"way/236027321","name":"Primary Colors Salon","group":"personal_care","category":"shop=hairdresser","hours":"Mo 12:00-20:00; We-Fr 10:00-20:00; Sa 9:00-16:00; Su 10:00-16:00","phone":"+1-703-931-1580","housenumber":"1717","street":"Centre Plaza","city":"Alexandria","postcode":"22302"}},{"type":"Feature","geometry":{"type":"Point","coordinates":[-77.085,38.82916]},"properties":{"id":"way/236027323","name":"Reunions","group":"shopping","category":"shop=interior_decoration","hours":"Mo-We 10:00-18:00; Th 10:00-20:00; Fr-Sa 10:00-18:00; Su 12:00-17:00","phone":"+1-703-931-8161","website":"http://www.reunionsva.com/","housenumber":"1709","street":"Centre Plaza","city":"Alexandria","postcode":"22302"}},{"type":"Feature","geometry":{"type":"Point","coordinates":[-77.08484,38.82942]},"properties":{"id":"way/236027326","name":"Ramparts","group":"food","category":"amenity=restaurant","phone":"+1 703-998-6616","website":"https://www.rampartstavern.com/","housenumber":"1700","street":"Fern Street","city":"Alexandria","postcode":"22302"}},{"type":"Feature","geometry":{"type":"Point","coordinates":[-77.0855,38.82937]},"properties":{"id":"way/236027332","name":"Foxglove Flowers","group":"shopping","category":"shop=florist","hours":"Mo-Sa 9:00-18:30","phone":"+1-703-820-4200","website":"https://foxgloveflowers.net/","housenumber":"1535","street":"North Quaker Lane","city":"Alexandria","postcode":"22302"}},{"type":"Feature","geometry":{"type":"Point","coordinates":[-77.08489,38.83092]},"properties":{"id":"way/236027342","name":"Presto Valet of VA Inc.","group":"services","category":"shop=dry_cleaning","hours":"Mo-Fr 07:00-19:00; Sa 08:00-17:00","phone":"+1-703-998-6464","website":"https://www.prestovalet.net/","housenumber":"1623","street":"North Quaker Lane","city":"Alexandria","postcode":"22302"}},{"type":"Feature","geometry":{"type":"Point","coordinates":[-77.06307,38.84026]},"properties":{"id":"way/236103924","name":"Waffle Shop","group":"food","category":"amenity=restaurant","cuisine":"coffee_shop;breakfast","phone":"+1-703-836-8851","website":"https://wafflehouse.com/","housenumber":"3864","street":"Mount Vernon Avenue","city":"Alexandria","postcode":"22305"}},{"type":"Feature","geometry":{"type":"Point","coordinates":[-77.05282,38.80771]},"properties":{"id":"way/236147709","name":"Hypergoat Cafe","group":"food","category":"amenity=cafe","cuisine":"coffee_shop","hours":"Mo-Fr 07:00-14:00; Sa 08:00-15:00; Su off","phone":"+1-703-718-1959","website":"https://hyper-goat.com","housenumber":"215","street":"North Payne Street","city":"Alexandria","postcode":"22314"}},{"type":"Feature","geometry":{"type":"Point","coordinates":[-77.05417,38.85315]},"properties":{"id":"way/239019291","name":"The Portofino Restaurant","group":"food","category":"amenity=restaurant","cuisine":"italian","hours":"Mo off; Tu-Su 05:00-22:00","phone":"+1 703-979-8200","website":"https://theportofinorestaurant.com/","housenumber":"526","street":"23rd Street South","city":"Arlington","postcode":"22202"}},{"type":"Feature","geometry":{"type":"Point","coordinates":[-77.05475,38.85314]},"properties":{"id":"way/239019391","name":"SmokeyShope","group":"shopping","category":"shop=tobacco","housenumber":"554","street":"23rd Street South","city":"Arlington","postcode":"22202"}},{"type":"Feature","geometry":{"type":"Point","coordinates":[-77.05859,38.82707]},"properties":{"id":"way/243083578","name":"Let's Meat on the Avenue","group":"groceries","category":"shop=butcher","hours":"Tu-Fr 11:00-18:00; Sa 09:00-17:00; Su 12:00-17:00","housenumber":"2403","street":"Mount Vernon Avenue","city":"Alexandria","postcode":"22301"}},{"type":"Feature","geometry":{"type":"Point","coordinates":[-77.05868,38.82506]},"properties":{"id":"way/243083598","name":"Del Ray Cigars & More","group":"shopping","category":"shop=tobacco","hours":"Mo-Sa 10:00-19:00","housenumber":"2104","street":"Mount Vernon Avenue","city":"Alexandria","postcode":"22301"}},{"type":"Feature","geometry":{"type":"Point","coordinates":[-77.0874,38.84059]},"properties":{"id":"way/249612936","name":"Yogi Castle","group":"food","category":"amenity=ice_cream","hours":"Su 12:00-21:30; Mo-We 12:00-21:00; Th 12:00-21:30; Fr-Sa 12:00-22:00","phone":"+1 571-303-0011","website":"http://www.yogicastle.com/#/store/15","housenumber":"4014","street":"Campbell Avenue","city":"Arlington","postcode":"22206"}},{"type":"Feature","geometry":{"type":"Point","coordinates":[-77.05857,38.82451]},"properties":{"id":"way/251389454","name":"Thai Peppers","group":"food","category":"amenity=restaurant","cuisine":"thai","hours":"Tu-Fr 11:00-15:00, Tu-Th,Su 17:00-21:30, Fr 17:00-22:00, Sa 12:00-22:00","phone":"+1-703-739-7627","website":"https://www.thaipeppersva.com/menu/alexandria/","housenumber":"2018","street":"Mount Vernon Avenue","city":"Alexandria"}},{"type":"Feature","geometry":{"type":"Point","coordinates":[-77.05844,38.82646]},"properties":{"id":"way/279275654","name":"D&K Nails Spa","group":"personal_care","category":"shop=beauty","hours":"Mo-Sa 09:30-19:30; Su 10:30-18:00","housenumber":"2307","street":"Mount Vernon Avenue","city":"Alexandria","postcode":"22301"}},{"type":"Feature","geometry":{"type":"Point","coordinates":[-77.07973,38.8068]},"properties":{"id":"way/299715180","name":"Coastal Whole Sale Food","group":"groceries","category":"shop=convenience"}},{"type":"Feature","geometry":{"type":"Point","coordinates":[-77.11621,38.8838]},"properties":{"id":"way/303940495","name":"Merlex Auto Group","group":"shopping","category":"shop=car","hours":"Mo-Sa 10:00-20:00","phone":"+1-703-685-9312","website":"https://www.merlexautogroup.com/","housenumber":"1105","street":"North Glebe Road","city":"Arlington","postcode":"22201"}},{"type":"Feature","geometry":{"type":"Point","coordinates":[-77.04464,38.8096]},"properties":{"id":"way/306954162","name":"Olde Towne School for Dogs","group":"shopping","category":"shop=pet","website":"https://otsfd.com/","housenumber":"529","street":"Oronoco Street","city":"Alexandria","postcode":"22314"}},{"type":"Feature","geometry":{"type":"Point","coordinates":[-77.04438,38.81271]},"properties":{"id":"way/327006048","name":"Royal Restaurant","group":"food","category":"amenity=restaurant","cuisine":"american","housenumber":"734","street":"North Saint Asaph Street","city":"Alexandria","postcode":"22314"}},{"type":"Feature","geometry":{"type":"Point","coordinates":[-77.05484,38.85357]},"properties":{"id":"way/345098336","name":"Crystal Bonsai Sushi","group":"food","category":"amenity=restaurant","hours":"Mo off; Tu-Th 16:00-22:30; Fr-Sa 16:00-23:00; Su 16:00-22:30","phone":"+1 703-553-7723","website":"https://crystalbonsaisushirestaurant.com/","housenumber":"551","street":"23rd Street South","city":"Arlington","postcode":"22202"}},{"type":"Feature","geometry":{"type":"Point","coordinates":[-77.05387,38.85358]},"properties":{"id":"way/345100246","name":"Los Tios Grill","group":"food","category":"amenity=restaurant","cuisine":"mexican","hours":"Mo-Su 11:00-21:00","phone":"+1 703-647-9702","website":"https://lostiosgrill.com/arlington/","housenumber":"513","street":"23rd Street South","city":"Arlington","postcode":"22202"}},{"type":"Feature","geometry":{"type":"Point","coordinates":[-77.05771,38.82382]},"properties":{"id":"way/350652852","name":"Del Ray Cafe","group":"food","category":"amenity=restaurant","cuisine":"french","phone":"+1-703-717-9151","website":"https://www.delraycafe.com/","housenumber":"205","street":"East Howell Avenue","city":"Alexandria","postcode":"22301"}},{"type":"Feature","geometry":{"type":"Point","coordinates":[-77.11743,38.89906]},"properties":{"id":"way/360958383","name":"Lebanese Taverna Market","group":"food","category":"amenity=restaurant","cuisine":"lebanese","hours":"Mo-Sa 10:00-20:30; Su 10:30-18:00","phone":"+1 703-276-8681","website":"https://lebanesetaverna.com/","housenumber":"4400","street":"Old Dominion Drive","city":"Arlington","postcode":"22207"}},{"type":"Feature","geometry":{"type":"Point","coordinates":[-77.04979,38.8123]},"properties":{"id":"way/361042515","name":"Blue and White Carry Out","group":"food","category":"amenity=fast_food","cuisine":"burger","housenumber":"1026","street":"Wythe Street","postcode":"22314"}},{"type":"Feature","geometry":{"type":"Point","coordinates":[-77.05017,38.81271]},"properties":{"id":"way/361053519","name":"European Auto Body","group":"services","category":"shop=car_repair","website":"http://www.europeanauto-alexandria-VA.com","housenumber":"700","street":"North Henry Street","city":"Alexandria","postcode":"22314"}},{"type":"Feature","geometry":{"type":"Point","coordinates":[-77.04934,38.81323]},"properties":{"id":"way/361174716","name":"Ben Nielsen's Alexandria Auto Care","group":"shopping","category":"shop=car","phone":"+1-703-935-5252","website":"https://www.alexandriaautocare.com/","housenumber":"725","street":"North Henry Street","city":"Alexandria","postcode":"22314"}},{"type":"Feature","geometry":{"type":"Point","coordinates":[-77.06138,38.81237]},"properties":{"id":"way/362131646","name":"Rosemont Cellar","group":"food","category":"amenity=cafe","cuisine":"wine","hours":"Mo-We 07:00-20:00; Th-Sa 07:00-21:00; Su 07:00-18:00","phone":"+1 703-888-0709","website":"https://www.grapeandbean.com/","housenumber":"2","street":"East Walnut Street","city":"Alexandria","postcode":"22301"}},{"type":"Feature","geometry":{"type":"Point","coordinates":[-77.05674,38.81359]},"properties":{"id":"way/362132343","name":"Yates Automotive","group":"services","category":"shop=car_repair","hours":"Mo-Fr 06:30-20:00; Sa 07:30-17:00; Su 09:00-16:00","phone":"+1-703-215-3255","website":"http://www.yatesautomotiveva.com/","housenumber":"317","street":"East Braddock Road","city":"Alexandria","postcode":"22301"}},{"type":"Feature","geometry":{"type":"Point","coordinates":[-77.05807,38.82425]},"properties":{"id":"way/364683547","name":"The Purple Goose","group":"shopping","category":"shop=clothes","hours":"Mo-Sa 10:30-18:00, Su 11:00-17:00","housenumber":"2005","street":"Mount Vernon Avenue","city":"Alexandria","postcode":"22301"}},{"type":"Feature","geometry":{"type":"Point","coordinates":[-77.05804,38.82405]},"properties":{"id":"way/364711099","name":"Del Ray Hardware","group":"shopping","category":"shop=hardware","hours":"Su 10:00-17:00, Mo-Fr 08:00-19:00, Sa 09:00-18:00","housenumber":"2003","street":"Mount Vernon Avenue","city":"Alexandria","postcode":"22301"}},{"type":"Feature","geometry":{"type":"Point","coordinates":[-77.05734,38.83563]},"properties":{"id":"way/368175461","name":"Auburn Cleaners","group":"services","category":"shop=dry_cleaning","housenumber":"6","street":"East Glebe Road","city":"Alexandria","postcode":"22305"}},{"type":"Feature","geometry":{"type":"Point","coordinates":[-77.05885,38.82856]},"properties":{"id":"way/368188348","name":"Nature's Nibbles","group":"shopping","category":"shop=pet","hours":"Mo-Fr 11:00-19:00, Sa 09:00-19:00; Su 11:00-19:00","website":"https://www.naturesnibbles.com/","housenumber":"2601","street":"Mount Vernon Avenue","city":"Alexandria","postcode":"22301"}},{"type":"Feature","geometry":{"type":"Point","coordinates":[-77.05886,38.82862]},"properties":{"id":"way/368188351","name":"Tsim Yung","group":"food","category":"amenity=restaurant","cuisine":"chinese","hours":"Mo-Sa 11:00-23:00, Su 12:00-22:30","phone":"+1 703-518-8880","website":"https://www.tsimyungva.com/","housenumber":"2603","street":"Mount Vernon Avenue","city":"Alexandria","postcode":"22301"}},{"type":"Feature","geometry":{"type":"Point","coordinates":[-77.05887,38.82868]},"properties":{"id":"way/368188352","name":"V Elegant Salon","group":"personal_care","category":"shop=hairdresser","housenumber":"2605","street":"Mount Vernon Avenue","city":"Alexandria","postcode":"22301"}},{"type":"Feature","geometry":{"type":"Point","coordinates":[-77.05898,38.82929]},"properties":{"id":"way/368191464","name":"Coco A'mour Nail Spa","group":"personal_care","category":"shop=nails","hours":"Mo-Fr 09:30-20:00; Sa 09:00-20:00; Su 10:00-18:00","phone":"+1 703-548-0808","housenumber":"2621","street":"Mount Vernon Avenue","city":"Alexandria","postcode":"22301"}},{"type":"Feature","geometry":{"type":"Point","coordinates":[-77.05861,38.82752]},"properties":{"id":"way/368228846","name":"Piece Out","group":"food","category":"amenity=restaurant","cuisine":"pizza","hours":"Tu-Th 15:00-23:00; Fr 11:00-23:00; Sa 10:30-23:00; Su 10:30-21:00","phone":"+1-703-398-1287","website":"https://www.toasttab.com/pieceout","housenumber":"2419","street":"Mount Vernon Avenue","city":"Alexandria","postcode":"22301"}},{"type":"Feature","geometry":{"type":"Point","coordinates":[-77.05858,38.82732]},"properties":{"id":"way/368228847","name":"Cheesetique","group":"groceries","category":"shop=cheese","cuisine":"sandwich","hours":"Su-Fr 10:00-22:00; Sa 08:00-22:00","phone":"+1 703-706-5300","website":"https://www.cheesetique.com/","housenumber":"2411","street":"Mount Vernon Avenue","city":"Alexandria","postcode":"22301"}},{"type":"Feature","geometry":{"type":"Point","coordinates":[-77.05909,38.82987]},"properties":{"id":"way/368229197","name":"Salon Bisoux","group":"personal_care","category":"shop=hairdresser","website":"http://www.salonbisoux.com/","housenumber":"2709","street":"Mount Vernon Avenue","city":"Alexandria","postcode":"22301"}},{"type":"Feature","geometry":{"type":"Point","coordinates":[-77.11244,38.88544]},"properties":{"id":"way/368379659","name":"Arlington Market","group":"groceries","category":"shop=beverages","hours":"09:00-23:00","phone":"+1 703-351-6121","website":"https://arlingtonmarketva.com/","housenumber":"1144","street":"North Stuart Street","city":"Arlington","postcode":"22201"}},{"type":"Feature","geometry":{"type":"Point","coordinates":[-77.0851,38.85038]},"properties":{"id":"way/371638638","name":"A&J Salon","group":"personal_care","category":"shop=hairdresser","phone":"+1 703-271-9100","housenumber":"2114","street":"South Shirlington Road","city":"Arlington","postcode":"22204-5360"}},{"type":"Feature","geometry":{"type":"Point","coordinates":[-77.08512,38.85042]},"properties":{"id":"way/371638639","name":"Wayne Cutz","group":"personal_care","category":"shop=hairdresser","phone":"+1 703-357-8048","website":"https://www.facebook.com/WAYNE-CUTZ-327526624071661/timeline/","housenumber":"2112","street":"South Shirlington Road","city":"Arlington","postcode":"22204-5360"}},{"type":"Feature","geometry":{"type":"Point","coordinates":[-77.08418,38.84935]},"properties":{"id":"way/371641423","name":"Nails Paris","group":"personal_care","category":"shop=beauty","hours":"Su-Th 11:00-22:30, Fr-Sa 11:00-23:00","housenumber":"2249","street":"South Shirlington Road","city":"Arlington","postcode":"22206"}},{"type":"Feature","geometry":{"type":"Point","coordinates":[-77.08415,38.84928]},"properties":{"id":"way/371641428","name":"China House","group":"food","category":"amenity=restaurant","cuisine":"chinese","hours":"Mo-Su 11:00-22:30","phone":"+1 703-486-8828","website":"https://www.chinahouseva.com/","housenumber":"2249","street":"South Shirlington Road","city":"Arlington","postcode":"22206"}},{"type":"Feature","geometry":{"type":"Point","coordinates":[-77.08404,38.84906]},"properties":{"id":"way/371643399","name":"Pizza Pie Me","group":"food","category":"amenity=fast_food","cuisine":"pizza","hours":"Mo-Su 11:00-23:00","phone":"+1 703-920-1895","website":"https://www.pizzapieme.net/","housenumber":"2249","street":"South Shirlington Road","city":"Arlington","postcode":"22206"}},{"type":"Feature","geometry":{"type":"Point","coordinates":[-77.08361,38.84758]},"properties":{"id":"way/371652659","name":"Arlington Auto Sales Inc.","group":"shopping","category":"shop=car","phone":"+1 703-685-0205","housenumber":"2427","street":"South Shirlington Road","postcode":"22206"}},{"type":"Feature","geometry":{"type":"Point","coordinates":[-77.1076,38.87743]},"properties":{"id":"way/372628164","name":"Arlington Auto Body Shop","group":"services","category":"shop=car_repair","website":"https://arlingtonautobodyshopva.com","housenumber":"4000","street":"5th Road North","city":"Arlington"}},{"type":"Feature","geometry":{"type":"Point","coordinates":[-77.10694,38.85774]},"properties":{"id":"way/372658145","name":"Arlington Baker Spray Foam Insulation","group":"services","category":"craft=insulation","phone":"+1-571-858-9100","website":"https://www.arlingtonbakerinsulationllc.com/","housenumber":"944","street":"South Wakefield Street","city":"Arlington","postcode":"22204"}},{"type":"Feature","geometry":{"type":"Point","coordinates":[-77.10774,38.85716]},"properties":{"id":"way/372658150","name":"Atlacatl Pupuseria","group":"food","category":"amenity=restaurant","cuisine":"salvadoran","hours":"Mo-Fr 11:00-21:00; Sa-Su 10:00-21:00","phone":"+1 703-920-3680","website":"https://restauranteatlacatl.com/","housenumber":"4701","street":"Columbia Pike","city":"Arlington","postcode":"22204"}},{"type":"Feature","geometry":{"type":"Point","coordinates":[-77.09408,38.86024]},"properties":{"id":"way/372693601","name":"Forest Laundromat","group":"services","category":"shop=laundry","hours":"24/7","phone":"+1 703-553-0600","website":"https://forest-24hr-laundromat.business.site/","housenumber":"3610","street":"Columbia Pike","city":"Arlington","postcode":"22204"}},{"type":"Feature","geometry":{"type":"Point","coordinates":[-77.08796,38.84058]},"properties":{"id":"way/374740004","name":"CHIKO","group":"food","category":"amenity=restaurant","cuisine":"asian","website":"https://www.chikodc.com","housenumber":"4040","street":"Campbell Avenue","city":"Arlington","postcode":"22206"}},{"type":"Feature","geometry":{"type":"Point","coordinates":[-77.08836,38.84059]},"properties":{"id":"way/374740005","name":"Corso Italian","group":"food","category":"amenity=restaurant","cuisine":"italian","hours":"Th-Sa 11:30-21:30; Su, Tu-We 11:30-21:00; Mo off","phone":"+1-703-933-8787","website":"https://corsoitalian.square.site/","housenumber":"4024","street":"Campbell Avenue","city":"Arlington","postcode":"22206"}},{"type":"Feature","geometry":{"type":"Point","coordinates":[-77.08781,38.84057]},"properties":{"id":"way/374740007","name":"Guapo's","group":"food","category":"amenity=restaurant","cuisine":"mexican","hours":"Su-Th 11:00-23:00; Fr-Sa 11:00-00:00","phone":"+1 703-671-1701","website":"https://www.guaposrestaurant.com/","housenumber":"4028","street":"Campbell Avenue","city":"Arlington","postcode":"22206"}},{"type":"Feature","geometry":{"type":"Point","coordinates":[-77.0876,38.84056]},"properties":{"id":"way/374740011","name":"Corso Italian","group":"food","category":"amenity=restaurant","cuisine":"italian","phone":"+1 703-933-8787","website":"http://corsoitalian.com/","housenumber":"4024","street":"Campbell Avenue","city":"Arlington","postcode":"22206"}},{"type":"Feature","geometry":{"type":"Point","coordinates":[-77.08753,38.84056]},"properties":{"id":"way/374747678","name":"One, Two Kangaroo Toys","group":"shopping","category":"shop=toys","phone":"+1 703-845-9099","website":"https://villageatshirlington.com/store-list/one-two-kangaroo-toys/","housenumber":"4022","street":"Campbell Avenue","city":"Arlington","postcode":"22206"}},{"type":"Feature","geometry":{"type":"Point","coordinates":[-77.08746,38.8406]},"properties":{"id":"way/374748851","name":"VisualEyes Optical Boutique","group":"personal_care","category":"shop=optician","hours":"Mo-We 10:00-17:00; Th-Fr 10:00-18:00; Sa 09:00-16:00","phone":"+1 703-671-1188","website":"https://visualeyesoptometrists.com/","housenumber":"4018","street":"Campbell Avenue","city":"Arlington","postcode":"22206"}},{"type":"Feature","geometry":{"type":"Point","coordinates":[-77.08726,38.84053]},"properties":{"id":"way/374748852","name":"Best Buns Bread Company","group":"food","category":"shop=bakery","hours":"Su 7:00-19:00; Mo 6:00-19:00; Tu-Fr 6:00-19:30; Sa 7:00-19:30","phone":"+1 703-578-1500","website":"https://bestbunsbreadco.com/","housenumber":"4010","street":"Campbell Avenue","city":"Arlington","postcode":"22206"}},{"type":"Feature","geometry":{"type":"Point","coordinates":[-77.08917,38.84027]},"properties":{"id":"way/374846919","name":"Studio Salon & Spa","group":"personal_care","category":"shop=hairdresser","website":"http://www.shirlingtonstudio.com/","housenumber":"2800","street":"South Randolph Street","city":"Arlington","postcode":"22206"}},{"type":"Feature","geometry":{"type":"Point","coordinates":[-77.08898,38.8407]},"properties":{"id":"way/374846922","name":"Hardwood Artisans","group":"shopping","category":"shop=furniture","hours":"Mo-Sa 10:00-20:00; Su 12:00-17:00","phone":"+1 703-379-7299","website":"https://hardwoodartisans.com/","housenumber":"2800","street":"South Randolph Street","city":"Arlington","postcode":"22206"}},{"type":"Feature","geometry":{"type":"Point","coordinates":[-77.08911,38.84071]},"properties":{"id":"way/374860681","name":"Le Village March\u00e9","group":"shopping","category":"shop=interior_decoration","hours":"Tu-Sa 11:00-19:00; Su 11:00-17:00","phone":"+1 703-379-4444","website":"https://www.levillagemarche.com/","housenumber":"2800","street":"South Randolph Street","city":"Arlington","postcode":"22206"}},{"type":"Feature","geometry":{"type":"Point","coordinates":[-77.08927,38.84072]},"properties":{"id":"way/374860682","name":"Samuel Beckett's Irish Gastro Pub","group":"food","category":"amenity=pub","cuisine":"irish","hours":"Mo-Su 11:00-22:00","phone":"+1 703-379-0122","website":"https://samuelbecketts.com/","housenumber":"2800","street":"South Randolph Street","city":"Arlington","postcode":"22206"}},{"type":"Feature","geometry":{"type":"Point","coordinates":[-77.09106,38.88109]},"properties":{"id":"way/384336404","name":"Foreign Car Service Center","group":"services","category":"shop=car_repair","phone":"+1 703-522-3939","housenumber":"2758","street":"Washington Boulevard","city":"Arlington","postcode":"22201"}},{"type":"Feature","geometry":{"type":"Point","coordinates":[-77.09122,38.8807]},"properties":{"id":"way/389259990","name":"Metro Motor","group":"services","category":"shop=car_repair","phone":"+1-703-528-8320","housenumber":"2717","street":"North Pershing Drive","city":"Arlington","postcode":"22201"}},{"type":"Feature","geometry":{"type":"Point","coordinates":[-77.05789,38.82029]},"properties":{"id":"way/398778176","name":"Junction Bakery & Bistro","group":"food","category":"amenity=cafe","hours":"Su-Mo 07:00-20:00; Tu-Th 07:00-21:00; Fr-Sa 07:00-22:00","phone":"+1 703-436-0025","website":"https://www.junctionbakery.com/location/junction-bakery-bistro-alexandria/","housenumber":"1508","street":"Mt. Vernon Avenue","city":"Alexandria","postcode":"22301"}},{"type":"Feature","geometry":{"type":"Point","coordinates":[-77.05311,38.82071]},"properties":{"id":"way/398779786","name":"Classic Cottages","group":"services","category":"craft=builder","phone":"+1-703-783-4312","website":"https://www.ccottages.com","housenumber":"433","street":"East Monroe Avenue","city":"Alexandria","postcode":"22301"}},{"type":"Feature","geometry":{"type":"Point","coordinates":[-77.0849,38.82916]},"properties":{"id":"way/417073480","name":"Ho's Chinese Carry Out","group":"food","category":"amenity=fast_food","cuisine":"chinese","hours":"Mo-Th 11:00-20:00; Fr-Sa 11:00-20:30; Su 12:00-20:00","phone":"+1 703-931-9781","website":"http://hoschinesecarryout.com/","housenumber":"1707","street":"Centre Plaza","city":"Alexandria","postcode":"22302"}},{"type":"Feature","geometry":{"type":"Point","coordinates":[-77.0854,38.82921]},"properties":{"id":"way/417073481","name":"Diversions","group":"shopping","category":"shop=gift","hours":"Mo-Fr 10:00-20:00; Sa 10:00-18:00; Su 11:00-17:00","phone":"+1-703-578-3237","housenumber":"1721","street":"Centre Plaza","city":"Alexandria","postcode":"22302"}},{"type":"Feature","geometry":{"type":"Point","coordinates":[-77.08522,38.82918]},"properties":{"id":"way/417073482","name":"Fairlington Pizza","group":"food","category":"amenity=fast_food","cuisine":"pizza","hours":"Su 11:30-18:00; Mo-Fr 11:00-18:30; Su 11:00-20:00","phone":"+1 703-998-6711","website":"https://www.fairlingtonpizza.com/","housenumber":"1715","street":"Centre Plaza","city":"Alexandria","postcode":"22302"}},{"type":"Feature","geometry":{"type":"Point","coordinates":[-77.08534,38.8292]},"properties":{"id":"way/417073483","name":"Whistle Stop Toy & Hobby","group":"shopping","category":"shop=toys","hours":"We 11:00-18:00; Th 11:00-19:00; Fr 11:00-18:00; Sa 10:00-18:00; Su 11:00-17:00","phone":"+1-703-549-4912","website":"https://www.whistlestophobbies.com/","housenumber":"1719","street":"Centre Plaza","city":"Alexandria","postcode":"22302"}},{"type":"Feature","geometry":{"type":"Point","coordinates":[-77.11568,38.87917]},"properties":{"id":"way/421879928","name":"Murphy Funeral Home","group":"services","category":"shop=funeral_directors","housenumber":"4510","street":"Wilson Boulevard","city":"Arlington","postcode":"22203"}},{"type":"Feature","geometry":{"type":"Point","coordinates":[-77.05883,38.83102]},"properties":{"id":"way/437456554","name":"Stracci Pizza","group":"food","category":"amenity=restaurant","cuisine":"pizza","phone":"+1-571-213-5349","website":"https://www.straccipizza.com/","housenumber":"106","street":"Hume Avenue","city":"Alexandria","postcode":"22301"}},{"type":"Feature","geometry":{"type":"Point","coordinates":[-77.10768,38.85668]},"properties":{"id":"way/452393100","name":"Cassiels Hair Salon","group":"personal_care","category":"shop=hairdresser","housenumber":"4700","street":"Columbia Pike"}},{"type":"Feature","geometry":{"type":"Point","coordinates":[-77.04138,38.81269]},"properties":{"id":"way/454730517","name":"The Art League Madison Annex","group":"services","category":"craft=artist","website":"https://www.theartleague.org/","housenumber":"305","street":"Madison Street","city":"Alexandria","postcode":"22314"}},{"type":"Feature","geometry":{"type":"Point","coordinates":[-77.04106,38.81265]},"properties":{"id":"way/454733491","name":"Kim's Dress Design & Cleaners","group":"services","category":"shop=dry_cleaning","hours":"Mo-Fr 07:00-19:00; Sa 09:00-17:00","housenumber":"301","street":"Madison Street","city":"Alexandria","postcode":"22314"}},{"type":"Feature","geometry":{"type":"Point","coordinates":[-77.06474,38.84337]},"properties":{"id":"way/460182899","name":"Jasmine Beauty Salon and Barber","group":"personal_care","category":"shop=hairdresser","hours":"Mo-Sa 09:00-19:00; Su 09:00-16:00","housenumber":"4104","street":"Mount Vernon Avenue","city":"Alexandria","postcode":"22305"}},{"type":"Feature","geometry":{"type":"Point","coordinates":[-77.06485,38.84363]},"properties":{"id":"way/460182900","name":"Chirilagua Pollo & Steak","group":"food","category":"amenity=fast_food","cuisine":"mexican;salvadoran","hours":"Mo-Th 11:00-21:00; Fr,Sa 11:00-22:00; Su 11:00-20:00","phone":"+1-703-837-9100","website":"http://www.chirilaguapollo.com","housenumber":"4112","street":"Mount Vernon Avenue","city":"Alexandria","postcode":"22305"}},{"type":"Feature","geometry":{"type":"Point","coordinates":[-77.09941,38.88339]},"properties":{"id":"way/462693127","name":"Mario's Pizza House","group":"food","category":"amenity=fast_food","cuisine":"pizza","hours":"Mo-Th 11:00-23:00; Fr-Sa 11:00-02:30; Su 11:00-23:00","phone":"+1 703-525-0222","housenumber":"3322","street":"North Wilson Boulevard","city":"Arlington","postcode":"22201"}},{"type":"Feature","geometry":{"type":"Point","coordinates":[-77.11383,38.89679]},"properties":{"id":"way/463559469","name":"Poolservice Company","group":"shopping","category":"shop=swimming_pool","phone":"+1-703-528-3400","website":"https://poolservicecompany.com/","housenumber":"4320","street":"Cherry Hill Road","city":"Arlington","postcode":"22207"}},{"type":"Feature","geometry":{"type":"Point","coordinates":[-77.06488,38.8437]},"properties":{"id":"way/464611861","name":"Dollar Plus","group":"groceries","category":"shop=convenience","housenumber":"4114","street":"Mount Vernon Avenue","city":"Alexandria","postcode":"22305"}},{"type":"Feature","geometry":{"type":"Point","coordinates":[-77.06493,38.8438]},"properties":{"id":"way/464612509","name":"Veronica's Bakery & Cafe","group":"food","category":"shop=bakery","hours":"Mo-Su 05:30-22:30; Fr,Sa 05:30-23:00","phone":"+1-703-838-1612","website":"http://www.veronicasbakeryandcafe.com/","housenumber":"4116","street":"Mount Vernon Avenue","city":"Alexandria","postcode":"22305"}},{"type":"Feature","geometry":{"type":"Point","coordinates":[-77.06502,38.84403]},"properties":{"id":"way/464613748","name":"Forest 24 Hr Laudromat","group":"services","category":"shop=laundry","housenumber":"4130","street":"Mount Vernon Avenue","city":"Alexandria","postcode":"22305"}},{"type":"Feature","geometry":{"type":"Point","coordinates":[-77.05848,38.82418]},"properties":{"id":"way/514348150","name":"Front Porch","group":"food","category":"amenity=restaurant","website":"http://www.thefrontporch.org/","housenumber":"2006","street":"Mount Vernon Avenue","city":"Alexandria","postcode":"22301-1310"}},{"type":"Feature","geometry":{"type":"Point","coordinates":[-77.08734,38.8631]},"properties":{"id":"way/545623076","name":"Los Chamacos Mexican Restaurant","group":"food","category":"amenity=restaurant","cuisine":"mexican","hours":"Mo-Sa 11:00-23:00; Su 11:00-22:00","phone":"+1 571-970-6571","website":"https://loschamacosarl.com/","housenumber":"922","street":"South Walter Reed Drive","city":"Arlington","postcode":"22204"}},{"type":"Feature","geometry":{"type":"Point","coordinates":[-77.0873,38.86297]},"properties":{"id":"way/545623083","name":"Classique Image","group":"personal_care","category":"shop=beauty"}},{"type":"Feature","geometry":{"type":"Point","coordinates":[-77.05899,38.80683]},"properties":{"id":"way/545745922","name":"Bob and Edith's Diner","group":"food","category":"amenity=restaurant","hours":"24/7","phone":"+1 703-664-0043","website":"https://www.bobandedithsdiner.com/","housenumber":"1743","street":"King Street","city":"Alexandria","postcode":"22314"}},{"type":"Feature","geometry":{"type":"Point","coordinates":[-77.10395,38.83746]},"properties":{"id":"way/545763050","name":"Barber's Auto Service","group":"services","category":"shop=car_repair","phone":"+1-703-931-1144","housenumber":"4368","street":"King Street","city":"Arlington","postcode":"22302"}},{"type":"Feature","geometry":{"type":"Point","coordinates":[-77.08473,38.8316]},"properties":{"id":"way/552624522","name":"May Island","group":"food","category":"amenity=restaurant","cuisine":"asian","phone":"+1-703-575-4455","website":"http://mayisland1.com/","housenumber":"1669","street":"North Quaker Lane","city":"Alexandria","postcode":"22302-2338"}},{"type":"Feature","geometry":{"type":"Point","coordinates":[-77.09034,38.88125]},"properties":{"id":"way/556332296","name":"Texas Jack's Barbecue","group":"food","category":"amenity=restaurant","cuisine":"barbecue","hours":"Mo-Th 11:00-21:30; Fr 11:00-23:00; Sa 10:00-23:00; Su 10:00-21:30","phone":"+1 703-875-0477","website":"https://www.txjacks.com/","housenumber":"2761","street":"Washington Boulevard","city":"Arlington","postcode":"22201"}},{"type":"Feature","geometry":{"type":"Point","coordinates":[-77.12022,38.81298]},"properties":{"id":"way/569735611","name":"Landmark Honda","group":"shopping","category":"shop=car","website":"https://www.landmarkhonda.com/","housenumber":"5125","street":"Duke Street","city":"Alexandria","postcode":"22304"}},{"type":"Feature","geometry":{"type":"Point","coordinates":[-77.09438,38.86131]},"properties":{"id":"way/570722060","name":"Mister Motor","group":"shopping","category":"shop=car","housenumber":"918","street":"South Monroe Street","city":"Arlington","postcode":"22204"}},{"type":"Feature","geometry":{"type":"Point","coordinates":[-77.10782,38.85662]},"properties":{"id":"way/579646840","name":"Cafe Sazon","group":"food","category":"amenity=restaurant","cuisine":"latin_american","hours":"Mo off; Tu-Th 08:00-20:00; Fr-Su 08:00-21:00","phone":"+1 703-566-1686","website":"https://cafesazon.com/","housenumber":"4704","street":"Columbia Pike","city":"Arlington","postcode":"22204-3009"}},{"type":"Feature","geometry":{"type":"Point","coordinates":[-77.10793,38.85658]},"properties":{"id":"way/579646843","name":"Nico Wireless","group":"services","category":"craft=electronics_repair","housenumber":"4710","street":"Columbia Pike"}},{"type":"Feature","geometry":{"type":"Point","coordinates":[-77.08726,38.86227]},"properties":{"id":"way/580992470","name":"Cornerstone","group":"food","category":"amenity=restaurant","hours":"Mo-Th 16:00-22:00; Fr 14:00-01:30; Sa 11:00-01:30; Su-11:00-22:00","phone":"+1-703-512-2056","website":"https://www.pikecornerstone.com/","housenumber":"2900","street":"Columbia Pike","city":"Arlington","postcode":"22204"}},{"type":"Feature","geometry":{"type":"Point","coordinates":[-77.08604,38.86212]},"properties":{"id":"way/581265071","name":"Ming Haircutters","group":"personal_care","category":"shop=hairdresser","housenumber":"1033","street":"South Edgewood Street"}},{"type":"Feature","geometry":{"type":"Point","coordinates":[-77.09469,38.86028]},"properties":{"id":"way/592193161","name":"Eagle Automotives","group":"shopping","category":"shop=car","housenumber":"3700","street":"Columbia Pike","city":"Arlington","postcode":"22204"}},{"type":"Feature","geometry":{"type":"Point","coordinates":[-77.10964,38.84337]},"properties":{"id":"way/606460058","name":"Prime Motors","group":"shopping","category":"shop=car","phone":"+1-703-671-8100","website":"https://www.primemotorsva.com/","housenumber":"4715","street":"King Street","city":"Arlington","postcode":"22206"}},{"type":"Feature","geometry":{"type":"Point","coordinates":[-77.11904,38.89836]},"properties":{"id":"way/716998354","name":"Facets Fine Jewelry","group":"shopping","category":"shop=jewelry","hours":"Tu-Sa 10:00-18:00; Su-Mo off","phone":"+1-703-527-4247","website":"https://www.facetsfinejewelry.com/","housenumber":"4530","street":"Cherry Hill Road","city":"Arlington","postcode":"22207"}},{"type":"Feature","geometry":{"type":"Point","coordinates":[-77.11885,38.89836]},"properties":{"id":"way/716998355","name":"Jon David Salon","group":"personal_care","category":"shop=hairdresser","hours":"Tu-Fr 10:00-19:00; Sa 09:00-18:00; Su 11:00-16:00","phone":"+1-571-867-9956","website":"https://www.jondavidsalon.net/","housenumber":"4522","street":"Cherry Hill Road","city":"Arlington","postcode":"22207"}},{"type":"Feature","geometry":{"type":"Point","coordinates":[-77.11856,38.89835]},"properties":{"id":"way/716998357","name":"Old Dominion Pizza Company","group":"food","category":"amenity=fast_food","cuisine":"pizza","hours":"Mo-Th 10:30-21:00; Fr 10:30-22:00; Sa 11:00-22:00; Su 11:00-21:00","phone":"+1-703-718-6372","website":"https://www.olddominionpizza.com/","housenumber":"4514","street":"Cherry Hill Road","city":"Arlington","postcode":"22207"}},{"type":"Feature","geometry":{"type":"Point","coordinates":[-77.11004,38.8428]},"properties":{"id":"way/724048754","name":"La Terraza","group":"food","category":"amenity=restaurant","cuisine":"mexican","phone":"+1-703-998-2951","website":"https://laterrazarestaurantbarandgrill.com/","housenumber":"4716","street":"King Street","city":"Alexandria","postcode":"22302"}},{"type":"Feature","geometry":{"type":"Point","coordinates":[-77.10024,38.88264]},"properties":{"id":"way/754669320","name":"Ombre Salon","group":"personal_care","category":"shop=beauty","housenumber":"822","street":"North Kenmore Street","city":"Arlington","postcode":"22201"}},{"type":"Feature","geometry":{"type":"Point","coordinates":[-77.09057,38.89464]},"properties":{"id":"way/765823756","name":"Virginia Auto Trader","group":"shopping","category":"shop=car","housenumber":"2510","street":"Langston Boulevard","city":"Arlington","postcode":"22201"}},{"type":"Feature","geometry":{"type":"Point","coordinates":[-77.08998,38.89538]},"properties":{"id":"way/769735632","name":"NVA Motors","group":"shopping","category":"shop=car","housenumber":"2505","street":"Langston Boulevard","city":"Arlington","postcode":"22201"}},{"type":"Feature","geometry":{"type":"Point","coordinates":[-77.09639,38.88719]},"properties":{"id":"way/770506797","name":"Nam-Viet Pho 79","group":"food","category":"amenity=restaurant","cuisine":"vietnamese","hours":"Mo off; Tu-Sa 11:00-20:00; Su 11:00-16:00","phone":"+1 703-522-7110","website":"http://namviet1.com","housenumber":"1127","street":"North Hudson Street","city":"Arlington"}},{"type":"Feature","geometry":{"type":"Point","coordinates":[-77.05137,38.83176]},"properties":{"id":"way/804642799","name":"From Head to Tail Spa","group":"shopping","category":"shop=pet","hours":"Tu-Sa 09:00-16:00","phone":"+1-571-312-7989","website":"https://www.headtotailspa.com/","housenumber":"430","street":"Hume Avenue","city":"Alexandria","postcode":"22301"}},{"type":"Feature","geometry":{"type":"Point","coordinates":[-77.05154,38.83174]},"properties":{"id":"way/804642800","name":"Taste of Eurasia","group":"food","category":"amenity=restaurant","cuisine":"eastern_european","hours":"Tu 11:30-16:00; We-Fr 11:30-19:00; Sa 11:30-15:00","phone":"+1 703-683-7773","website":"https://tasteofeurasia.com/","housenumber":"428","street":"Hume Avenue","city":"Alexandria","postcode":"22301"}},{"type":"Feature","geometry":{"type":"Point","coordinates":[-77.05164,38.83173]},"properties":{"id":"way/804642801","name":"Hands in Motion II","group":"personal_care","category":"shop=hairdresser","housenumber":"426","street":"Hume Avenue","postcode":"22301"}},{"type":"Feature","geometry":{"type":"Point","coordinates":[-77.08611,38.84381]},"properties":{"id":"way/882862768","name":"Weenie Beenie","group":"food","category":"amenity=fast_food","cuisine":"sandwich;hot_dog","hours":"Mo-Sa 06:00-18:00","housenumber":"3514","street":"South Four Mile Run Drive","city":"Arlington","postcode":"22206"}},{"type":"Feature","geometry":{"type":"Point","coordinates":[-77.0698,38.79421]},"properties":{"id":"way/930044854","name":"Laundry Station","group":"services","category":"shop=laundry","phone":"+1-703-341-6735","website":"https://yourlaundrystation.com/","housenumber":"2250","street":"Huntington Avenue","city":"Alexandria","postcode":"22303"}},{"type":"Feature","geometry":{"type":"Point","coordinates":[-77.0402,38.81459]},"properties":{"id":"way/936108472","name":"The Perfect Pita","group":"food","category":"amenity=fast_food","hours":"Mo-Fr 07:00-16:00; Sa 08:00-15:00","phone":"+17036838806","website":"https://theperfectpita.com","housenumber":"951","street":"North Fairfax Street","postcode":"22314"}},{"type":"Feature","geometry":{"type":"Point","coordinates":[-77.08955,38.84115]},"properties":{"id":"way/957578700","name":"Damn Good Burger Co.","group":"food","category":"amenity=restaurant","cuisine":"burger","hours":"Su-Th 11:30-21:00; Fr-Sa 11:30-22:00","phone":"+1 703-933-2867","website":"https://www.eatbigbuns.com/","housenumber":"4251","street":"Campbell Avenue","city":"Arlington","postcode":"22206"}},{"type":"Feature","geometry":{"type":"Point","coordinates":[-77.08953,38.84147]},"properties":{"id":"way/957578702","name":"Ichiban Sushi & Ramen","group":"food","category":"amenity=restaurant","cuisine":"japanese","hours":"Mo-Th 16:00-22:00; Fr-Sa 11:00-20:30; Su 12:00-22:00","phone":"+1 703-888-1892","website":"https://www.ichibansushishirlington.com/","housenumber":"4251","street":"Campbell Avenue","city":"Arlington","postcode":"22206"}},{"type":"Feature","geometry":{"type":"Point","coordinates":[-77.08969,38.84076]},"properties":{"id":"way/957578703","name":"Bearded Goat Barber","group":"personal_care","category":"shop=hairdresser","website":"https://www.beardedgoatbarber.com","housenumber":"4150","street":"Campbell Avenue","city":"Arlington","postcode":"22206"}},{"type":"Feature","geometry":{"type":"Point","coordinates":[-77.08839,38.8413]},"properties":{"id":"way/957581514","name":"Dudley's Sport & Ale","group":"food","category":"amenity=bar","hours":"Mo-Fr 11:00-02:00; Sa-Su 10:00-02:00","phone":"+1 571-312-2304","website":"https://www.dudleyssportandale.com/","housenumber":"2766","street":"South Arlington Mill Drive","city":"Arlington","postcode":"22206"}},{"type":"Feature","geometry":{"type":"Point","coordinates":[-77.08914,38.84055]},"properties":{"id":"way/957588244","name":"Stellina Pizzeria","group":"food","category":"amenity=fast_food","cuisine":"pizza","phone":"+1 703-962-7884","website":"https://www.stellinapizzeria.com/location/stellina-pizzeria-shirlington/","housenumber":"2800","street":"South Randolph Street","city":"Arlington","postcode":"22206"}},{"type":"Feature","geometry":{"type":"Point","coordinates":[-77.1074,38.88104]},"properties":{"id":"way/965088587","name":"Azure Dream Day Spa","group":"personal_care","category":"shop=beauty","hours":"Mo-Fr 08:00-19:00; Sa-Su 08:00-17:00","phone":"+1 703-243-4343","housenumber":"901","street":"North Quincy Street","city":"Arlington","postcode":"22203"}},{"type":"Feature","geometry":{"type":"Point","coordinates":[-77.1187,38.89873]},"properties":{"id":"way/1006334650","name":"Eco Cleaners","group":"services","category":"shop=dry_cleaning","hours":"Mo-Fr 09:00-18:00; Sa 09:00-17:00","phone":"+1-703-247-5488","housenumber":"4505","street":"Langston Boulevard","city":"Arlington","postcode":"22207"}},{"type":"Feature","geometry":{"type":"Point","coordinates":[-77.10906,38.89656]},"properties":{"id":"way/1029396125","name":"Troutman Homes","group":"services","category":"craft=builder","website":"https://www.troutmancustomhomes.com/","housenumber":"2113","street":"North Quebec Street","city":"Arlington","postcode":"22207"}},{"type":"Feature","geometry":{"type":"Point","coordinates":[-77.06321,38.86357]},"properties":{"id":"way/1044609728","name":"Chase the Submarine","group":"food","category":"amenity=cafe","cuisine":"sandwich","hours":"10:00-17:00","phone":"+1 703-865-7829","housenumber":"1201","street":"South Joyce Street","city":"Arlington","postcode":"22202"}},{"type":"Feature","geometry":{"type":"Point","coordinates":[-77.0401,38.80291]},"properties":{"id":"way/1075579790","name":"Misha\u2019s","group":"food","category":"amenity=cafe","cuisine":"coffee_shop","phone":"+1-703-548-4089","website":"https://mishascoffee.com/","housenumber":"6","street":"Prince Street","city":"Alexandria","postcode":"22314"}},{"type":"Feature","geometry":{"type":"Point","coordinates":[-77.05073,38.8606]},"properties":{"id":"way/1085682651","name":"Potomac Social Tavern","group":"food","category":"amenity=restaurant","hours":"Mo-Th,Su 16:00-22:00; Fr-Sa 16:00-23:00","phone":"+1 703-310-8967","website":"https://www.potomacsocialtavern.com/","housenumber":"1480","street":"Crystal Drive","city":"Arlington","postcode":"22202"}},{"type":"Feature","geometry":{"type":"Point","coordinates":[-77.05886,38.86275]},"properties":{"id":"way/1086281521","name":"Wiseguy Pizza","group":"food","category":"amenity=restaurant","cuisine":"pizza","hours":"Mo-We 11:00-21:00; Th 11:00-23:00; Fr-Sa 11:00-24:00; Su 11:00-21:00","phone":"+1 703-334-9885","housenumber":"710","street":"12th Street South","city":"Arlington","postcode":"22202"}},{"type":"Feature","geometry":{"type":"Point","coordinates":[-77.05494,38.85315]},"properties":{"id":"way/1088996410","name":"Color Touch","group":"personal_care","category":"shop=beauty","housenumber":"560","street":"23rd Street South","city":"Arlington","postcode":"22202"}},{"type":"Feature","geometry":{"type":"Point","coordinates":[-77.05499,38.85315]},"properties":{"id":"way/1088996411","name":"Crystal Cleaners","group":"services","category":"shop=dry_cleaning","housenumber":"562","street":"23rd Street South","city":"Arlington","postcode":"22202"}},{"type":"Feature","geometry":{"type":"Point","coordinates":[-77.05921,38.85305]},"properties":{"id":"way/1088996413","name":"Aurora Hills Cleaners","group":"services","category":"shop=dry_cleaning","housenumber":"774","street":"23rd Street South","city":"Arlington","postcode":"22202"}},{"type":"Feature","geometry":{"type":"Point","coordinates":[-77.08432,38.89186]},"properties":{"id":"way/1089664536","name":"Brooklyn Bagel Bakery","group":"food","category":"amenity=cafe","cuisine":"bagel","hours":"Mo-Fr 06:30-15:00; Sa,Su 07:00-16:00","housenumber":"2055","street":"Wilson Boulevard","city":"Arlington","postcode":"22201"}},{"type":"Feature","geometry":{"type":"Point","coordinates":[-77.08422,38.89191]},"properties":{"id":"way/1089664537","name":"Ireland's Four Courts","group":"food","category":"amenity=pub","hours":"Mo, Fr 11:00-02:00; Sa, Su 09:00-02:00","phone":"+1 703-525-3600","website":"https://www.irelandsfourcourts.com/","housenumber":"2051","street":"Wilson Boulevard","city":"Arlington","postcode":"22201"}},{"type":"Feature","geometry":{"type":"Point","coordinates":[-77.08408,38.89195]},"properties":{"id":"way/1089664538","name":"TNR Cafe","group":"food","category":"amenity=restaurant","cuisine":"chinese","hours":"Mo-Su 11:30-22:00","phone":"+1 703-875-0428","website":"https://www.tnrcafe.com/","housenumber":"2049","street":"Wilson Boulevard","city":"Arlington","postcode":"22201"}},{"type":"Feature","geometry":{"type":"Point","coordinates":[-77.09565,38.88722]},"properties":{"id":"way/1089754236","name":"Goody's","group":"food","category":"amenity=restaurant","cuisine":"pizza;mexican;peruvian","hours":"Mo-We 08:00-20:30; Th 08:00-02:00; Fr,Sa 08:00-03:00; Su 11:00-20:30","phone":"+1 703-351-7827","housenumber":"3125","street":"Wilson Boulevard","city":"Arlington","postcode":"22201"}},{"type":"Feature","geometry":{"type":"Point","coordinates":[-77.09583,38.88716]},"properties":{"id":"way/1089754237","name":"Kabob Bazaar","group":"food","category":"amenity=restaurant","cuisine":"persian","hours":"Mo-Th, Su 11:00-22:00; Fr, Sa 11:00-23:00","phone":"+1 703-522-8999","website":"https://www.kabobbazaar.com/","housenumber":"1303","street":"Wilson Boulevard","city":"Arlington","postcode":"22201"}},{"type":"Feature","geometry":{"type":"Point","coordinates":[-77.09568,38.8872]},"properties":{"id":"way/1089754239","name":"Arlington Watch Works","group":"services","category":"craft=watchmaker","hours":"Mo-Fr 10:00-18:00; Sa 10:00-16:00","phone":"+1-703-243-9201","website":"https://www.arlingtonwatchworks.com","housenumber":"3127","street":"Wilson Boulevard","city":"Arlington","postcode":"22201-4419"}},{"type":"Feature","geometry":{"type":"Point","coordinates":[-77.10057,38.88328]},"properties":{"id":"way/1090009717","name":"Japanese Auto Service","group":"services","category":"shop=car_repair","housenumber":"3413","street":"Wilson Boulevard","city":"Arlington","postcode":"22201"}},{"type":"Feature","geometry":{"type":"Point","coordinates":[-77.09024,38.86207]},"properties":{"id":"way/1090333892","name":"Panda Bowl","group":"food","category":"amenity=restaurant","cuisine":"chinese","hours":"Mo-Th,Su 11:00-22:30; Fr-Sa 11:00-23:00","phone":"+1-703-271-9881","website":"http://www.pandabowlcarryout.com/","housenumber":"3207","street":"Columbia Pike","city":"Arlington","postcode":"22204"}},{"type":"Feature","geometry":{"type":"Point","coordinates":[-77.09066,38.86182]},"properties":{"id":"way/1090333893","name":"Thai Square","group":"food","category":"amenity=restaurant","cuisine":"thai","hours":"Mo-Th 11:30-21:30; Fr 11:30-22:00; Sa 12:00-22:00; Su 12:00-21:30","phone":"+1 703-685-7189","website":"https://www.thaisquarerestaurant.com/","housenumber":"3217","street":"Columbia Pike","postcode":"22204"}},{"type":"Feature","geometry":{"type":"Point","coordinates":[-77.09425,38.8604]},"properties":{"id":"way/1090333894","name":"Sofia's Pupuseria","group":"food","category":"amenity=restaurant","cuisine":"salvadoran","hours":"Mo-Su 06:00-22:00","phone":"+1 571-483-0487","website":"https://www.sofiapupuseria.com/","housenumber":"3610","street":"Columbia Pike","city":"Arlington","postcode":"22204"}},{"type":"Feature","geometry":{"type":"Point","coordinates":[-77.04858,38.85867]},"properties":{"id":"way/1158569590","name":"Water Bar","group":"food","category":"amenity=restaurant","cuisine":"seafood","hours":"11:00-21:00","website":"https://www.nlwaterbar.com/","housenumber":"1661","street":"Crystal Drive","postcode":"22202"}},{"type":"Feature","geometry":{"type":"Point","coordinates":[-77.0591,38.8271]},"properties":{"id":"way/1214606094","name":"Taqueria Poblano","group":"food","category":"amenity=restaurant","cuisine":"mexican","hours":"Mo,We-Fr 11:00-15:00, Mo,We,Th 17:00-21:00, Fr 17:00-21:45, Sa 11:00-21:00, Su 10:00-20:00","phone":"+1 703-548-8226","website":"https://www.taqueriapoblano.com/alexandria","housenumber":"2400B","street":"Mount Vernon Avenue","city":"Alexandria","postcode":"22301"}},{"type":"Feature","geometry":{"type":"Point","coordinates":[-77.08682,38.82714]},"properties":{"id":"way/1214622683","name":"Greenstreet","group":"shopping","category":"shop=garden_centre"}},{"type":"Feature","geometry":{"type":"Point","coordinates":[-77.05874,38.82547]},"properties":{"id":"way/1232066130","name":"The Company of Books","group":"shopping","category":"shop=books","hours":"Su-Tu 11:00-18:00; We 11:00-21:00; Th-Fr 11:00-18:00; Sa 10:00-19:00","phone":"+1 703-299-3080","website":"https://tcbdelray.com/","housenumber":"2200","street":"Mount Vernon Avenue","city":"Alexandria","postcode":"22301"}},{"type":"Feature","geometry":{"type":"Point","coordinates":[-77.05875,38.82554]},"properties":{"id":"way/1232066131","name":"Green Cleaner of Del Ray","group":"services","category":"shop=dry_cleaning","hours":"Mo-Fr 07:30-18:00; Sa 08:30-17:00","phone":"+1 703-717-9118","website":"https://www.greenercleanerdelray.com/","housenumber":"2202","street":"Mount Vernon Avenue","city":"Alexandria","postcode":"22301"}},{"type":"Feature","geometry":{"type":"Point","coordinates":[-77.05875,38.8256]},"properties":{"id":"way/1232066132","name":"The Neighborhood Pharmacy","group":"groceries","category":"shop=chemist","hours":"Mo-Fr 09:00-19:00; Sa 09:00-14:00; Su 10:00-13:00","phone":"+1 703-836-1700","website":"https://delraypharmacy.com/","housenumber":"2204","street":"Mount Vernon Avenue","city":"Alexandria","postcode":"22301"}},{"type":"Feature","geometry":{"type":"Point","coordinates":[-77.05817,38.8257]},"properties":{"id":"way/1282426992","name":"Magpie Reclamations","group":"shopping","category":"shop=furniture","hours":"Sa 11:00-18:00; Su 12:00-16:00; Fr 11:00-18:00","website":"https://magpiereclamations.com/","housenumber":"202","street":"East Custis Avenue","city":"Alexandria","postcode":"22301"}},{"type":"Feature","geometry":{"type":"Point","coordinates":[-77.1017,38.80823]},"properties":{"id":"way/1443491067","name":"La Tingeria","group":"food","category":"amenity=restaurant","cuisine":"mexican","hours":"Tu-Th 11:00-20:30; Fr-Sa 11:00-21:30; Su 11:00-19:30; Mo off","housenumber":"3950","street":"Wheeler Avenue","city":"Alexandria","postcode":"22304"}},{"type":"Feature","geometry":{"type":"Point","coordinates":[-77.08529,38.86266]},"properties":{"id":"way/1468782395","name":"Columbia Pike Laundry","group":"services","category":"shop=laundry","housenumber":"2602","street":"Columbia Pike","city":"Arlington","postcode":"22204"}},{"type":"Feature","geometry":{"type":"Point","coordinates":[-77.08983,38.84076]},"properties":{"id":"relation/18880186","name":"Massage Forever","group":"personal_care","category":"shop=massage","hours":"Mo-Sa 10:00-20:00, Su 10:00-19:00","phone":"+1 703-828-0034","website":"https://massageforeverva.com/","housenumber":"4150","street":"Campbell Avenue","city":"Arlington","postcode":"22206"}},{"type":"Feature","geometry":{"type":"Point","coordinates":[-77.14197,38.88549]},"properties":{"id":"node/581252705","name":"Thai Noi","group":"food","category":"amenity=restaurant","cuisine":"thai","hours":"Mo off; Tu-Fr 11:30-15:00, 17:00-21:30; Sa 12:00-15:00, 17:00-21:30; Su 17:00-21:00","phone":"+1 703-534-7474","website":"https://thainoy.com/","housenumber":"5880","street":"Washington Boulevard","city":"Arlington","postcode":"22205"}},{"type":"Feature","geometry":{"type":"Point","coordinates":[-77.14186,38.88545]},"properties":{"id":"node/581252707","name":"Lost Dog Cafe","group":"food","category":"amenity=restaurant","cuisine":"american","hours":"Mo-Th 11:00-21:00; Fr-Sa 11:00-21:30; Su 11:00-21:00","phone":"+1 703-237-1552","website":"https://www.lostdogcafe.com/","housenumber":"5876","street":"Washington Boulevard","city":"Arlington","postcode":"22205"}},{"type":"Feature","geometry":{"type":"Point","coordinates":[-77.12168,38.87826]},"properties":{"id":"node/663920282","name":"Super Pollo","group":"food","category":"amenity=fast_food","cuisine":"chicken","hours":"Mo-Su 11:00-23:00","phone":"+1-703-351-7666","website":"https://ordersuperpollocharcoalchicken.com/","housenumber":"5011","street":"Wilson Boulevard","city":"Arlington","postcode":"22203"}},{"type":"Feature","geometry":{"type":"Point","coordinates":[-77.14226,38.88566]},"properties":{"id":"node/777755643","name":"Lebanese Taverna","group":"food","category":"amenity=restaurant","cuisine":"lebanese","hours":"Su-Th 12:00-20:30; Fr,Sa 12:00-21:00","phone":"+1 703-241-8681","website":"https://lebanesetaverna.com/","housenumber":"5900","street":"Washington Boulevard","city":"Arlington","postcode":"22205"}},{"type":"Feature","geometry":{"type":"Point","coordinates":[-77.1416,38.88536]},"properties":{"id":"node/1025789813","name":"Stray Cat Bar & Grill","group":"food","category":"amenity=restaurant","cuisine":"pub","hours":"Mo off; Tu off; We-Th 05:00-21:00; Fr 05:00-22:00; Sa 11:00-21:30; Su 11:00-16:00","phone":"+1 703-237-7775","website":"https://www.thestraycatcafe.com/","housenumber":"5866","street":"Washington Boulevard","city":"Arlington","postcode":"22205"}},{"type":"Feature","geometry":{"type":"Point","coordinates":[-77.14126,38.8853]},"properties":{"id":"node/1025789829","name":"Golden Valet Dry Cleaning & Laundry","group":"services","category":"shop=laundry","phone":"+1 703-532-4040","housenumber":"5852","street":"Washington Boulevard","city":"Arlington","postcode":"22205"}},{"type":"Feature","geometry":{"type":"Point","coordinates":[-77.1413,38.88526]},"properties":{"id":"node/1025789830","name":"Blue Groove Sounds","group":"shopping","category":"shop=music","phone":"+1 703-270-9075","website":"http://bluegroovesoundz.blogspot.com/","housenumber":"5852","street":"Washington Boulevard","city":"Arlington","postcode":"22205"}},{"type":"Feature","geometry":{"type":"Point","coordinates":[-77.17472,38.93103]},"properties":{"id":"node/1059130576","name":"Balducci's","group":"groceries","category":"shop=supermarket","hours":"Mo-Sa 08:00-21:00, Su 08:00-20:00","housenumber":"6655","street":"Old Dominion Drive","city":"McLean","postcode":"22101"}},{"type":"Feature","geometry":{"type":"Point","coordinates":[-77.14263,38.88581]},"properties":{"id":"node/1189596314","name":"Happy Nails Salon","group":"personal_care","category":"shop=beauty","hours":"Tu-Fr 10:00-20:00; Sa 09:00-19:00; Su 11:00-18:00; Mo off","phone":"+1-703-241-8512","housenumber":"5912","street":"Washington Boulevard","city":"Arlington","postcode":"22205"}},{"type":"Feature","geometry":{"type":"Point","coordinates":[-77.14066,38.88534]},"properties":{"id":"node/1189596351","name":"Toby's Homemade Ice Cream & Coffee","group":"food","category":"amenity=ice_cream","hours":"Mo off; Tu-Th 12:00-21:00; Fr-Sa 12:00-22:00; Su 12:00-21:00","phone":"+1 703-536-7000","website":"https://tobysicecream.com/","housenumber":"5849","street":"Washington Boulevard","city":"Arlington","postcode":"22205"}},{"type":"Feature","geometry":{"type":"Point","coordinates":[-77.14059,38.88529]},"properties":{"id":"node/1189596442","name":"Grand Hunan","group":"food","category":"amenity=restaurant","cuisine":"chinese","hours":"Mo-Sa 11:00-22:00; Su 12:00-22:00","phone":"+1 703-536-6267","website":"https://www.grandhunan.com/","housenumber":"5845","street":"Washington Boulevard","city":"Arlington","postcode":"22205"}},{"type":"Feature","geometry":{"type":"Point","coordinates":[-77.14176,38.88542]},"properties":{"id":"node/1189596500","name":"Village Sweet","group":"food","category":"shop=bakery","hours":"Tu-Fr 07:00-16:00; Sa,Su 07:00-13:00; Mo off","phone":"+1 703-237-2700","website":"https://www.villagesweetbakery.com/","housenumber":"5872","street":"Washington Boulevard","city":"Arlington","postcode":"22205"}},{"type":"Feature","geometry":{"type":"Point","coordinates":[-77.14258,38.88578]},"properties":{"id":"node/1189596599","name":"Westover Barber Shop & Hair Stylist","group":"personal_care","category":"shop=hairdresser","hours":"Mo-Fr 09:00-18:30; Sa 08:00-17:00; Su 10:00-16:00","phone":"+1 703-241-9312","housenumber":"5910","street":"Washington Boulevard","city":"Arlington","postcode":"22205"}},{"type":"Feature","geometry":{"type":"Point","coordinates":[-77.14133,38.88522]},"properties":{"id":"node/1189596604","name":"Heads Up Hair","group":"personal_care","category":"shop=hairdresser","phone":"+1 703-533-1740","housenumber":"5852","street":"Washington Boulevard","city":"Arlington","postcode":"22205"}},{"type":"Feature","geometry":{"type":"Point","coordinates":[-77.14166,38.88538]},"properties":{"id":"node/1189596613","name":"Salon Mirage","group":"personal_care","category":"shop=hairdresser","phone":"+1 703-534-0000","housenumber":"5868","street":"Washington Boulevard","city":"Arlington","postcode":"22205"}},{"type":"Feature","geometry":{"type":"Point","coordinates":[-77.14248,38.88574]},"properties":{"id":"node/1189596816","name":"Finders Keepers LLC","group":"shopping","category":"shop=second_hand","hours":"Tu,We,Sa 10:00-17:00; Mo off; Th,Fr 10:00-18:00; Su 11:00-17:00","phone":"+1 703-241-9227","website":"https://finderskeepershome.com/","housenumber":"5906","street":"Washington Boulevard","city":"Arlington","postcode":"22205"}},{"type":"Feature","geometry":{"type":"Point","coordinates":[-77.14239,38.8857]},"properties":{"id":"node/1189596867","name":"Gawen Realty - Century21","group":"services","category":"shop=estate_agent","phone":"+1 703-538-4994","website":"https://www.c21nm.com/offices/arlington/","housenumber":"5904","street":"Washington Boulevard","city":"Arlington","postcode":"22205"}},{"type":"Feature","geometry":{"type":"Point","coordinates":[-77.14049,38.88551]},"properties":{"id":"node/1189596911","name":"Westover Taco","group":"food","category":"amenity=restaurant","cuisine":"mexican;tacos","hours":"Su-Th 11:00-24:00; Fr-Sa 11:00-02:00","phone":"+1-703-297-3030","website":"https://westovertaco.com/","housenumber":"5849","street":"Washington Boulevard","city":"Arlington","postcode":"22205"}},{"type":"Feature","geometry":{"type":"Point","coordinates":[-77.13833,38.89741]},"properties":{"id":"node/1222775407","name":"Chesapeake Bagel Bakery","group":"food","category":"amenity=fast_food","cuisine":"bagel;coffee_shop","hours":"Mo-Fr 06:00-18:00; Sa 06:30-17:00; Su 07:00-16:00","phone":"+1-703-241-1950","housenumber":"2453","street":"North Harrison Street","city":"Arlington","postcode":"22207"}},{"type":"Feature","geometry":{"type":"Point","coordinates":[-77.13878,38.89763]},"properties":{"id":"node/1222775635","name":"pie-tanza","group":"food","category":"amenity=restaurant","cuisine":"italian","hours":"Mo-Su 11:30-21:00","phone":"+1-703-237-0200","website":"https://www.pie-tanza.com/","housenumber":"2503","street":"North Harrison Street","city":"Arlington","postcode":"22207"}},{"type":"Feature","geometry":{"type":"Point","coordinates":[-77.13873,38.89761]},"properties":{"id":"node/1222775645","name":"Taqueria el Poblano","group":"food","category":"amenity=restaurant","cuisine":"mexican","hours":"Mo 15:30-21:00; Tu-Su 11:30-21:00","phone":"+1-703-237-8250","website":"https://www.taqueriapoblano.com/n-arlington","housenumber":"2503","street":"North Harrison Street","city":"Arlington","postcode":"22207"}},{"type":"Feature","geometry":{"type":"Point","coordinates":[-77.17551,38.87951]},"properties":{"id":"node/1375172233","name":"Coleman Power Sports","group":"shopping","category":"shop=motorcycle","website":"https://www.wherethepoweris.com/","housenumber":"435","street":"South Washington Street","city":"Falls Church","postcode":"22046"}},{"type":"Feature","geometry":{"type":"Point","coordinates":[-77.12213,38.784]},"properties":{"id":"node/1580643580","name":"Rose Hill Cleaners","group":"services","category":"shop=dry_cleaning","housenumber":"6134","street":"Rose Hill Drive","city":"Alexandria","postcode":"22310"}},{"type":"Feature","geometry":{"type":"Point","coordinates":[-77.15486,38.87419]},"properties":{"id":"node/1581915169","name":"TeaDM Plus","group":"food","category":"shop=tea","hours":"Mo-Sa 07:00-24:00; Su 07:00-21:00","phone":"+1-703-477-6807","housenumber":"6779","street":"Wilson Boulevard","city":"Falls Church","postcode":"22044"}},{"type":"Feature","geometry":{"type":"Point","coordinates":[-77.14001,38.87401]},"properties":{"id":"node/1582009233","name":"Kiko's Professional Services","group":"services","category":"shop=shoe_repair","hours":"Mo-Fr 08:00-19:00; Sa 10:00-18:00","phone":"+1-703-534-3555","housenumber":"6021","street":"Wilson Boulevard","city":"Arlington","postcode":"22205"}},{"type":"Feature","geometry":{"type":"Point","coordinates":[-77.14023,38.87396]},"properties":{"id":"node/1582009241","name":"Betty Brite Cleaners","group":"services","category":"shop=dry_cleaning","hours":"Mo-Fr 08:00-18:30; Sa 09:00-17:00","phone":"+1-703-532-4156","housenumber":"6027","street":"Wilson Boulevard","city":"Arlington","postcode":"22205"}},{"type":"Feature","geometry":{"type":"Point","coordinates":[-77.13987,38.87403]},"properties":{"id":"node/1582009254","name":"Allspice Catering","group":"food","category":"craft=caterer","hours":"Mo-Fr 09:00-17:00","phone":"+1-703-524-4050","website":"https://allspicecatering.com/","housenumber":"6017","street":"Wilson Boulevard","city":"Arlington","postcode":"22205"}},{"type":"Feature","geometry":{"type":"Point","coordinates":[-77.14011,38.87399]},"properties":{"id":"node/1582009258","name":"NoVA Pharmacy","group":"groceries","category":"amenity=pharmacy","hours":"Mo-Fr 09:00-19:00; Sa 09:00-14:00; Su off; PH off","phone":"+1-703-538-5555","housenumber":"6023","street":"Wilson Boulevard","city":"Arlington","postcode":"22205"}},{"type":"Feature","geometry":{"type":"Point","coordinates":[-77.13995,38.87402]},"properties":{"id":"node/1582009264","name":"Soccer Kicks","group":"shopping","category":"shop=sports","hours":"Mo-Fr 10:00-20:00; Sa 09:00-19:00; Su 10:00-17:00","phone":"+1-703-533-1667","website":"https://www.soccerpostarl.com/","housenumber":"6019","street":"Wilson Boulevard","city":"Arlington","postcode":"22205"}},{"type":"Feature","geometry":{"type":"Point","coordinates":[-77.13973,38.87406]},"properties":{"id":"node/1582009265","name":"Touch of Beauty Nail & Spa","group":"personal_care","category":"shop=beauty","hours":"Mo-Fr 10:00-19:00; Sa 09:00-18:00; Su 11:00-17:00","phone":"+1-703-532-7450","website":"https://touch-of-beauty-nail-spa.business.site/","housenumber":"6015","street":"Wilson Boulevard","city":"Arlington","postcode":"22205"}},{"type":"Feature","geometry":{"type":"Point","coordinates":[-77.1398,38.87405]},"properties":{"id":"node/1582009277","name":"True Eye Care","group":"personal_care","category":"shop=optician","hours":"Mo-Fr 10:00-18:30, Sa 10:00-16:00, Su off","phone":"+1-703-534-8801","website":"https://www.trueeyecare.com/","housenumber":"6015","street":"Wilson Boulevard","city":"Arlington","postcode":"22205"}},{"type":"Feature","geometry":{"type":"Point","coordinates":[-77.1403,38.87395]},"properties":{"id":"node/1582009285","name":"Gigi's Pet Salon","group":"services","category":"shop=pet_grooming","hours":"Mo-Su \"by appointment\"","phone":"+1-703-532-7888","website":"http://www.gigispetsalon.com/","housenumber":"6029","street":"Wilson Boulevard","city":"Arlington","postcode":"22205"}},{"type":"Feature","geometry":{"type":"Point","coordinates":[-77.13949,38.87411]},"properties":{"id":"node/1582009287","name":"Craig Pokes U","group":"personal_care","category":"shop=piercing","housenumber":"6013","street":"Wilson Boulevard","city":"Arlington","postcode":"22205"}},{"type":"Feature","geometry":{"type":"Point","coordinates":[-77.14035,38.87394]},"properties":{"id":"node/1582009295","name":"Tom's Barber","group":"personal_care","category":"shop=hairdresser","hours":"Mo,We-Fr 09:30-18:30; Sa 08:30-18:00; Su 09:00-16:00; Tu off","phone":"+1 703-241-1335","housenumber":"6031","street":"Wilson Boulevard","city":"Arlington","postcode":"22205"}},{"type":"Feature","geometry":{"type":"Point","coordinates":[-77.18943,38.8288]},"properties":{"id":"node/1655573280","name":"Shilla Cafe & Bakery","group":"food","category":"amenity=cafe","cuisine":"korean","housenumber":"7039","street":"Little River Turnpike"}},{"type":"Feature","geometry":{"type":"Point","coordinates":[-77.20898,38.87549]},"properties":{"id":"node/1668919594","name":"El Tio","group":"food","category":"amenity=restaurant","cuisine":"mexican"}},{"type":"Feature","geometry":{"type":"Point","coordinates":[-77.21395,38.87585]},"properties":{"id":"node/1668919651","name":"7 Market","group":"groceries","category":"shop=convenience","housenumber":"7810","street":"Route 29 Service Road","city":"Falls Church","postcode":"22043"}},{"type":"Feature","geometry":{"type":"Point","coordinates":[-77.2046,38.90232]},"properties":{"id":"node/1728111419","name":"Burger7","group":"food","category":"amenity=fast_food","cuisine":"burger","hours":"Mo-Su 11:00-22:00","phone":"+1-703-442-8777","website":"https://burger7.com/","housenumber":"7505","street":"Leesburg Pike","city":"Falls Church","postcode":"22043"}},{"type":"Feature","geometry":{"type":"Point","coordinates":[-77.2031,38.83201]},"properties":{"id":"node/1825830182","name":"Taco Bell / KFC","group":"food","category":"amenity=fast_food","cuisine":"mexican","phone":"+1 703-256-2086","website":"https://locations.tacobell.com/va/annandale/7450-little-river-turnpike.html","housenumber":"7450","street":"Little River Turnpike","city":"Annandale","postcode":"22003"}},{"type":"Feature","geometry":{"type":"Point","coordinates":[-77.17915,38.93524]},"properties":{"id":"node/1979952456","name":"Wok-n-Roll","group":"food","category":"amenity=restaurant","cuisine":"chinese","hours":"Mo-Sa 10:30-21:30; Su 11:00-21:30","website":"http://www.mywoknroll.com/"}},{"type":"Feature","geometry":{"type":"Point","coordinates":[-77.17482,38.93857]},"properties":{"id":"node/1979958111","name":"Chain Bridge Cellars","group":"groceries","category":"shop=wine","hours":"Mo-Sa 10:00-19:00; Su 11:00-18:00","city":"McLean","postcode":"22101"}},{"type":"Feature","geometry":{"type":"Point","coordinates":[-77.17453,38.93934]},"properties":{"id":"node/1979966309","name":"McLean Family Restaurant","group":"food","category":"amenity=restaurant","cuisine":"american","phone":"+1-703-356-9883","housenumber":"1321","street":"Chain Bridge Road","city":"McLean","postcode":"22101-3902"}},{"type":"Feature","geometry":{"type":"Point","coordinates":[-77.16529,38.79866]},"properties":{"id":"node/2012969940","name":"Firuze","group":"services","category":"craft=tiler","street":"General Washington Dr","city":"Springfield","postcode":"22312"}},{"type":"Feature","geometry":{"type":"Point","coordinates":[-77.05667,38.74173]},"properties":{"id":"node/2026403678","name":"Hunan Manor","group":"food","category":"amenity=restaurant","cuisine":"chinese","hours":"Mo-We 11:00-22:00; Th off; Fr-Sa 11:00-22:30; Su 11:00-22:00","phone":"+1-703-768-6888","website":"https://www.hunanmanorva.com/","housenumber":"1305","street":"Shenandoah Road","city":"Alexandria","postcode":"22308"}},{"type":"Feature","geometry":{"type":"Point","coordinates":[-77.05642,38.74153]},"properties":{"id":"node/2026406935","name":"Village Hardware","group":"shopping","category":"shop=hardware","hours":"Mo-Fr 08:00-18:00; Sa 08:00-18:00; Su 09:00-17:00","phone":"+1 703-765-1555","website":"https://www.hardwarestore.com/village/alexandria-va","housenumber":"7934","street":"Fort Hunt Road","city":"Alexandria","postcode":"22308"}},{"type":"Feature","geometry":{"type":"Point","coordinates":[-77.05674,38.7417]},"properties":{"id":"node/2026415483","name":"Roseina's","group":"food","category":"amenity=restaurant","cuisine":"american","hours":"Mo-Sa 10:00-20:00; Su \"catering only\"","phone":"+1-703-768-0064","website":"https://roseinas.com/","housenumber":"1307","street":"Shenandoah Road","city":"Alexandria","postcode":"22308"}},{"type":"Feature","geometry":{"type":"Point","coordinates":[-77.05718,38.74311]},"properties":{"id":"node/2027244979","name":"Hollin Hall Variety Store","group":"groceries","category":"shop=variety_store","phone":"+1 703-765-4110","housenumber":"7902","street":"Fort Hunt Road","city":"Alexandria","postcode":"22308"}},{"type":"Feature","geometry":{"type":"Point","coordinates":[-77.05681,38.74168]},"properties":{"id":"node/2030044180","name":"Via Viento","group":"food","category":"amenity=restaurant","cuisine":"italian","hours":"Tu-Fr 11:00-21:00; Sa-Su 15:00-21:00; Mo off","phone":"+1-703-765-6661","website":"https://www.viavenetoitalianrestaurant.com/","housenumber":"1309","street":"Shenandoah Road","city":"Alexandria","postcode":"22308"}},{"type":"Feature","geometry":{"type":"Point","coordinates":[-77.12306,38.83334]},"properties":{"id":"node/2050423870","name":"Clyde's At Mark Center","group":"food","category":"amenity=restaurant","cuisine":"american","phone":"+1-703-820-8300","website":"https://clydes.com/location/clydes-mark-center/","housenumber":"1700","street":"North Beauregard Street","city":"Alexandria","postcode":"22311-1706"}},{"type":"Feature","geometry":{"type":"Point","coordinates":[-77.07706,38.78976]},"properties":{"id":"node/2104644444","name":"Tippy's Tacos","group":"food","category":"amenity=restaurant","cuisine":"mexican"}},{"type":"Feature","geometry":{"type":"Point","coordinates":[-77.18424,38.93706]},"properties":{"id":"node/2124536635","name":"J. Gilbert's","group":"food","category":"amenity=restaurant","cuisine":"italian","hours":"Mo-Th 11:30-21:00; Fr-Sa 11:30-22:00; Su 11:00-20:00","phone":"+1-703-893-1034","website":"https://www.jgilberts.com/location/jgilberts-mclean/","housenumber":"6930","street":"Old Dominion Drive","city":"McLean","postcode":"22101-3816"}},{"type":"Feature","geometry":{"type":"Point","coordinates":[-77.18844,38.89446]},"properties":{"id":"node/2143341920","name":"Haandi","group":"food","category":"amenity=restaurant","cuisine":"indian","housenumber":"1222","street":"West Broad Street","city":"Falls Church","postcode":"22046"}},{"type":"Feature","geometry":{"type":"Point","coordinates":[-77.21517,38.86952]},"properties":{"id":"node/2165799615","name":"2941","group":"food","category":"amenity=restaurant","cuisine":"american","website":"2941.com","housenumber":"2941","street":"Fairview Park Drive","postcode":"22042"}},{"type":"Feature","geometry":{"type":"Point","coordinates":[-77.17669,38.88072]},"properties":{"id":"node/2165829802","name":"Dolan Uyghur","group":"food","category":"amenity=restaurant","cuisine":"Uyghur","phone":"+1-703-890-5277","website":"https://www.dolanuyghur.com","housenumber":"400","street":"South Maple Avenue","city":"Falls Church","postcode":"22046"}},{"type":"Feature","geometry":{"type":"Point","coordinates":[-77.15494,38.87417]},"properties":{"id":"node/2188796106","name":"Viet Royale","group":"food","category":"amenity=restaurant","cuisine":"vietnamese","phone":"+1 703-533-8388","housenumber":"6767","street":"Wilson Boulevard","city":"Falls Church","postcode":"22044"}},{"type":"Feature","geometry":{"type":"Point","coordinates":[-77.17472,38.88508]},"properties":{"id":"node/2193531304","name":"ECA Nails & Spa","group":"personal_care","category":"shop=beauty","housenumber":"362","street":"West Broad Street","city":"Falls Church","postcode":"22046"}},{"type":"Feature","geometry":{"type":"Point","coordinates":[-77.17423,38.88478]},"properties":{"id":"node/2193531310","name":"Badd Pizza","group":"food","category":"amenity=restaurant","cuisine":"pizza","phone":"+1-703-237-2233","website":"https://baddpizza.com/","housenumber":"346","street":"West Broad Street","city":"Falls Church","postcode":"22046"}},{"type":"Feature","geometry":{"type":"Point","coordinates":[-77.17819,38.88656]},"properties":{"id":"node/2193573798","name":"Harvey's","group":"food","category":"amenity=restaurant","cuisine":"american","hours":"Mo-Th 11:00-21:00; Fr 11:00-22:00; Sa 09:00-22:00; Su 09:00-15:00","phone":"+1-540-268-6100","website":"https://harveysva.com/","housenumber":"513","street":"West Broad Street","city":"Falls Church","postcode":"22046"}},{"type":"Feature","geometry":{"type":"Point","coordinates":[-77.20364,38.90267]},"properties":{"id":"node/2286913171","name":"Gym Source","group":"shopping","category":"shop=sports","housenumber":"G7501","street":"Leesburg Pike","city":"Falls Church"}},{"type":"Feature","geometry":{"type":"Point","coordinates":[-77.20356,38.90258]},"properties":{"id":"node/2286914102","name":"Tara Thai","group":"food","category":"amenity=restaurant","cuisine":"thai","phone":"+1 703-506-9788","housenumber":"7501","street":"Leesburg Pike","city":"Falls Church","postcode":"22043"}},{"type":"Feature","geometry":{"type":"Point","coordinates":[-77.20447,38.90216]},"properties":{"id":"node/2286935635","name":"Mumbai Central","group":"food","category":"amenity=restaurant","cuisine":"indian","hours":"Mo-Th 11:30-14:30,17:00-22:00; Fr 11:30-14:30,17:00-22:30; Sa 12:00-15:00,17:00-22:30; Su 12:00-15:00,17:00-21:30","phone":"+1-703-272-4551","website":"https://mumbaicentralva.com/","housenumber":"7505","street":"Leesburg Pike","postcode":"22043"}},{"type":"Feature","geometry":{"type":"Point","coordinates":[-77.1807,38.93397]},"properties":{"id":"node/2296468281","name":"Greenberry's Coffee Company","group":"food","category":"amenity=cafe","cuisine":"coffee_shop","hours":"Mo-Su 07:00-16:00","phone":"+1-703-821-9500","website":"https://greenberrys.com/","housenumber":"6839","street":"Redmond Drive","city":"McLean","postcode":"22101"}},{"type":"Feature","geometry":{"type":"Point","coordinates":[-77.17957,38.93318]},"properties":{"id":"node/2296474079","name":"Kazan Restaurant","group":"food","category":"amenity=restaurant","cuisine":"turkish","hours":"Mo-Fr 11:30-14:00, 17:00-21:00; Sa 17:00-21:00; Su off","phone":"+1 703-734-1960","website":"https://www.kazanrestaurant.com/","housenumber":"6813","street":"Redmond Drive","city":"McLean","postcode":"22101-3715"}},{"type":"Feature","geometry":{"type":"Point","coordinates":[-77.05967,38.77611]},"properties":{"id":"node/2377321598","name":"VA ABC","group":"groceries","category":"shop=alcohol","hours":"Mo-Sa 10:00-21:00; Su 10:00-19:00","phone":"+1 571-662-5670","website":"https://www.abc.virginia.gov/stores/228","housenumber":"1524","street":"Belle View Boulevard","city":"Alexandria","postcode":"22307"}},{"type":"Feature","geometry":{"type":"Point","coordinates":[-77.16589,38.87156]},"properties":{"id":"node/2390751119","name":"Phone House","group":"shopping","category":"shop=mobile_phone","housenumber":"6500","street":"Arlington Boulevard","city":"Falls Church","postcode":"22042"}},{"type":"Feature","geometry":{"type":"Point","coordinates":[-77.16567,38.87156]},"properties":{"id":"node/2390751122","name":"NTN Travel","group":"services","category":"shop=travel_agency"}},{"type":"Feature","geometry":{"type":"Point","coordinates":[-77.16596,38.87153]},"properties":{"id":"node/2390758935","name":"Optomistrist","group":"personal_care","category":"shop=optician"}},{"type":"Feature","geometry":{"type":"Point","coordinates":[-77.08273,38.75406]},"properties":{"id":"node/2406620405","name":"Liberty","group":"groceries","category":"shop=convenience"}},{"type":"Feature","geometry":{"type":"Point","coordinates":[-77.13174,38.71626]},"properties":{"id":"node/2407430252","name":"Woodlawn Auto Center Inc","group":"services","category":"shop=car_repair","housenumber":"5634","street":"Mount Vernon Memorial Highway","city":"Alexandria","postcode":"22309"}},{"type":"Feature","geometry":{"type":"Point","coordinates":[-77.08712,38.71086]},"properties":{"id":"node/2410450926","name":"The Shops at Mount Vernon","group":"shopping","category":"shop=gift"}},{"type":"Feature","geometry":{"type":"Point","coordinates":[-77.08729,38.71079]},"properties":{"id":"node/2410450933","name":"The General's Canteen","group":"food","category":"amenity=fast_food","website":"https://www.mountvernon.org/the-estate-gardens/location/the-generals-canteen"}},{"type":"Feature","geometry":{"type":"Point","coordinates":[-77.08726,38.71106]},"properties":{"id":"node/2410450991","name":"Mount Vernon Inn Restaurant","group":"food","category":"amenity=restaurant","cuisine":"regional","hours":"Mo 11:00-17:00; Tu-Fr 11:00-20:00; Sa 10:00-20:00; Su 10:00-17:00","phone":"+1 703-799-5296","website":"https://www.mountvernon.org/the-estate-gardens/location/mount-vernon-inn-restaurant/","housenumber":"3200","street":"Mount Vernon Memorial Highway"}},{"type":"Feature","geometry":{"type":"Point","coordinates":[-77.18763,38.83351]},"properties":{"id":"node/2422914283","name":"Pike Kitchen","group":"food","category":"amenity=restaurant","cuisine":"japanese;korean","housenumber":"7023","street":"Columbia Pike","city":"Annandale","postcode":"22003"}},{"type":"Feature","geometry":{"type":"Point","coordinates":[-77.17256,38.82431]},"properties":{"id":"node/2452402530","name":"Chi Mc","group":"food","category":"amenity=restaurant","cuisine":"chicken;korean","hours":"Su-Mo, Th 11:30-22:00; We 15:00-22:00; Fr-Sa 11:30-00:00","website":"https://chimcchicken.com/","housenumber":"6653","street":"Little River Turnpike","postcode":"22003"}},{"type":"Feature","geometry":{"type":"Point","coordinates":[-77.1219,38.87821]},"properties":{"id":"node/2572861773","name":"Two Chefs Pizza","group":"food","category":"amenity=restaurant","cuisine":"pizza","hours":"Mo off; Tu-Fr 11:00-21:00; Sa-Su 09:00-21:00","phone":"+1-703-525-6889","website":"https://www.twochefspizzamenu.com/","housenumber":"5019","street":"Wilson Boulevard","city":"Arlington","postcode":"22203"}},{"type":"Feature","geometry":{"type":"Point","coordinates":[-77.14549,38.87002]},"properties":{"id":"node/2575198662","name":"Shuyi","group":"food","category":"amenity=cafe","housenumber":"6122","street":"Arlington Boulevard","city":"Falls Church","postcode":"22044"}},{"type":"Feature","geometry":{"type":"Point","coordinates":[-77.17532,38.88012]},"properties":{"id":"node/2575244778","name":"Foxes Music Company","group":"shopping","category":"shop=musical_instrument","phone":"+1 703-533-7393","website":"https://foxesmusic.com/","housenumber":"416","street":"South Washington Street","city":"Falls Church","postcode":"22046"}},{"type":"Feature","geometry":{"type":"Point","coordinates":[-77.1551,38.87358]},"properties":{"id":"node/2599066702","name":"H\u01b0\u01a1ng Vi\u1ec7t","group":"food","category":"amenity=restaurant","cuisine":"vietnamese","phone":"+1-703-538-7110","website":"http://www.huong-viet.com/","housenumber":"6785","street":"Wilson Boulevard","city":"Falls Church","postcode":"22044"}},{"type":"Feature","geometry":{"type":"Point","coordinates":[-77.15527,38.87085]},"properties":{"id":"node/2609979157","name":"Qahwah Drip","group":"food","category":"amenity=cafe","cuisine":"coffee_shop","hours":"Mo-Th 09:00-23:00, Fr-Sa 09:00-24:00, Su 09:00-23:00","phone":"+1-703-763-2111","website":"https://qahwahdrip.com/","housenumber":"6315","street":"Leesburg Pike","city":"Falls Church"}},{"type":"Feature","geometry":{"type":"Point","coordinates":[-77.18591,38.89131]},"properties":{"id":"node/2622784870","name":"10 Pizza","group":"food","category":"amenity=restaurant","cuisine":"pizza","hours":"Su-Th 11:00-24:00; Fr-Sa 11:00-02:00","phone":"+1-703-536-6969","website":"https://10pizza.com/","housenumber":"1051","street":"West Broad Street","city":"Falls Church","postcode":"22046"}},{"type":"Feature","geometry":{"type":"Point","coordinates":[-77.1508,38.86696]},"properties":{"id":"node/2636151241","name":"Flame Japanese Hibachi","group":"food","category":"amenity=fast_food","cuisine":"japanese","hours":"Su 11:00-21:00, Mo-Sa 11:00-22:00;Mo-Sa 11:00-22:00;Su 11:00-21:00","phone":"+1 571-480-5161","website":"https://www.flamejapanesehibachi.com/location","housenumber":"6379","street":"Leesburg Pike","city":"Falls Church","postcode":"22044;22046"}},{"type":"Feature","geometry":{"type":"Point","coordinates":[-77.15062,38.86709]},"properties":{"id":"node/2636151244","name":"Hong Kong Palace","group":"food","category":"amenity=restaurant","cuisine":"chinese","housenumber":"6387","street":"Leesburg Pike","city":"Falls Church","postcode":"22044"}},{"type":"Feature","geometry":{"type":"Point","coordinates":[-77.15042,38.86723]},"properties":{"id":"node/2636151247","name":"Padaek","group":"food","category":"amenity=restaurant","cuisine":"lao;thai","phone":"+1 703-888-2890","website":"https://padaekdc.com/","housenumber":"6395","street":"Leesburg Pike","city":"Falls Church","postcode":"22044"}},{"type":"Feature","geometry":{"type":"Point","coordinates":[-77.15036,38.86727]},"properties":{"id":"node/2636151248","name":"Old Virginia Tobacco Company","group":"shopping","category":"shop=tobacco","housenumber":"6397","street":"Leesburg Pike","city":"Falls Church","postcode":"22044"}},{"type":"Feature","geometry":{"type":"Point","coordinates":[-77.15107,38.86846]},"properties":{"id":"node/2636164126","name":"Elite Brow Studio","group":"personal_care","category":"shop=beauty","hours":"Su 11:00-18:00, Mo 10:00-18:00, Tu-Sa 10:00-19:00","website":"https://elitebrowstudio.com/fallschurch/","housenumber":"6352","street":"Leesburg Pike","city":"Falls Church","postcode":"22044"}},{"type":"Feature","geometry":{"type":"Point","coordinates":[-77.15183,38.86915]},"properties":{"id":"node/2636164129","name":"Jake's Gourmet Popcorn","group":"groceries","category":"shop=snack","hours":"Su-Sa 12:00-19:00","phone":"+1-703-621-0258","website":"https://www.jakesgourmetpopcorn.com/","housenumber":"6328","street":"Seven Corners Center","city":"Falls Church","postcode":"22044"}},{"type":"Feature","geometry":{"type":"Point","coordinates":[-77.15194,38.86923]},"properties":{"id":"node/2636164130","name":"Vacuum Center","group":"shopping","category":"shop=appliance","hours":"Mo-Fr 10:00-19:00; Sa 10:00-18:00; Su 12:00-18:00","phone":"+1 703-531-1045","website":"https://www.vacuumplus.com/","housenumber":"6326","street":"Seven Corners Center","city":"Falls Church","postcode":"22044"}},{"type":"Feature","geometry":{"type":"Point","coordinates":[-77.15212,38.86936]},"properties":{"id":"node/2636164131","name":"Ebisu Life Store","group":"shopping","category":"shop=department_store","hours":"Su-Th 11:00-21:00, Fr-Sa 11:00-21:30","website":"https://www.usebisu.com/en/store-in-usa/","housenumber":"6320","street":"Seven Corners Center","city":"Falls Church","postcode":"22044"}},{"type":"Feature","geometry":{"type":"Point","coordinates":[-77.15261,38.86979]},"properties":{"id":"node/2636164135","name":"Off Broadway Shoe Warehouse","group":"shopping","category":"shop=shoes","housenumber":"6302","street":"Seven Corners Center","city":"Falls Church"}},{"type":"Feature","geometry":{"type":"Point","coordinates":[-77.15182,38.86957]},"properties":{"id":"node/2636164136","name":"Sun & Ski","group":"shopping","category":"shop=sports","housenumber":"6280","street":"Seven Corners Center","city":"Falls Church","postcode":"22044"}},{"type":"Feature","geometry":{"type":"Point","coordinates":[-77.15537,38.87095]},"properties":{"id":"node/2636167422","name":"Tobacco King","group":"shopping","category":"shop=tobacco","housenumber":"6315","street":"Leesburg Pike","city":"Falls Church"}},{"type":"Feature","geometry":{"type":"Point","coordinates":[-77.12224,38.87764]},"properties":{"id":"node/2918682165","name":"Pupatella","group":"food","category":"amenity=restaurant","cuisine":"pizza","hours":"Th 11:30-21:30; Fr-Sa 11:30-22:00; Su-We 11:30-21:00","phone":"+1-571-312-7230","website":"https://www.pupatella.com/","housenumber":"5104","street":"Wilson Boulevard","postcode":"22205"}},{"type":"Feature","geometry":{"type":"Point","coordinates":[-77.17958,38.87895]},"properties":{"id":"node/2932215109","name":"Italian Cafe","group":"food","category":"amenity=restaurant","cuisine":"italian","phone":"+1 703-241-1829","housenumber":"7161","street":"Route 29","city":"Falls Church","postcode":"22046"}},{"type":"Feature","geometry":{"type":"Point","coordinates":[-77.15253,38.87226]},"properties":{"id":"node/3049078310","name":"Tea Do Contemporary Tea House","group":"food","category":"amenity=cafe","cuisine":"tea","hours":"Mo-Sa 07:00-19:00, Su 07:00-11:00","website":"https://www.teadonova.com/","housenumber":"6282","street":"Arlington Boulevard","city":"Falls Church","postcode":"22044"}},{"type":"Feature","geometry":{"type":"Point","coordinates":[-77.156,38.90033]},"properties":{"id":"node/3087134890","name":"Eagle Cleaners","group":"services","category":"shop=dry_cleaning","hours":"Mo-Fr 07:00-19:00, Sa 08:00-17:00","housenumber":"6404","street":"Williamsburg Boulevard","city":"Arlington","postcode":"22207"}},{"type":"Feature","geometry":{"type":"Point","coordinates":[-77.1433,38.81699]},"properties":{"id":"node/3295724068","name":"New Grand Mart","group":"groceries","category":"shop=supermarket"}},{"type":"Feature","geometry":{"type":"Point","coordinates":[-77.14017,38.87397]},"properties":{"id":"node/3433974480","name":"Modern Edge Salon & Spa","group":"personal_care","category":"shop=hairdresser","hours":"Mo-Fr 09:00-18:00; Sa 08:00-17:00; Su off","phone":"+1-703-828-7477","housenumber":"6025","street":"Wilson Boulevard","city":"Arlington","postcode":"22205"}},{"type":"Feature","geometry":{"type":"Point","coordinates":[-77.13838,38.85475]},"properties":{"id":"node/3508901449","name":"C-More Drug Store","group":"groceries","category":"amenity=pharmacy","housenumber":"6003","street":"Leesburg Pike","city":"Bailey's Crossroads","postcode":"22041"}},{"type":"Feature","geometry":{"type":"Point","coordinates":[-77.13968,38.85536]},"properties":{"id":"node/3508905985","name":"Dollar Train","group":"groceries","category":"shop=variety_store","housenumber":"6035","street":"Leesburg Pike","city":"Bailey's Crossroads","postcode":"22041"}},{"type":"Feature","geometry":{"type":"Point","coordinates":[-77.1233,38.84829]},"properties":{"id":"node/3508927187","name":"Carpetland","group":"shopping","category":"shop=carpet","hours":"Mo-Sa 10:00-19:00; Su 11:00-18:00","phone":"+1-703-884-8022","website":"https://www.mycarpetland.com/falls-church-va","housenumber":"5520","street":"Leesburg Pike","city":"Falls Church","postcode":"22041"}},{"type":"Feature","geometry":{"type":"Point","coordinates":[-77.12275,38.8474]},"properties":{"id":"node/3508932414","name":"The Chicken Place","group":"food","category":"amenity=restaurant","cuisine":"chicken"}},{"type":"Feature","geometry":{"type":"Point","coordinates":[-77.17867,38.93148]},"properties":{"id":"node/3581488794","name":"McLean Hardware","group":"shopping","category":"shop=hardware","hours":"Mo-Fr 08:00-18:00; Sa 09:00-17:00; Su 10:00-16:00, PH closed \"Closed on Easter, July 4th, Thanksgiving, Christmas & New Year's Day\"","phone":"+1 703-356-5496","website":"https://www.mcleanhardware.com/","housenumber":"1445","street":"Chain Bridge Road","postcode":"22101"}},{"type":"Feature","geometry":{"type":"Point","coordinates":[-77.17541,38.93258]},"properties":{"id":"node/3581488809","name":"Cafe Oggi","group":"food","category":"amenity=restaurant","cuisine":"italian","hours":"Tu-Sa 11:30-14:30 || Tu-Sa 17:30-21:30; Su 17:00-21:00","housenumber":"6671","street":"Old Dominion Drive","city":"McLean","postcode":"22101"}},{"type":"Feature","geometry":{"type":"Point","coordinates":[-77.17437,38.93979]},"properties":{"id":"node/3584164748","name":"Enrico's Cleaners and Tailors","group":"services","category":"shop=dry_cleaning","housenumber":"1313","street":"Chain Bridge Road","city":"McLean","postcode":"22101"}},{"type":"Feature","geometry":{"type":"Point","coordinates":[-77.17441,38.93969]},"properties":{"id":"node/3584164753","name":"The Carpet Yard","group":"shopping","category":"shop=carpet","housenumber":"1315","street":"Chain Bridge Road","city":"McLean","postcode":"22101"}},{"type":"Feature","geometry":{"type":"Point","coordinates":[-77.1745,38.93944]},"properties":{"id":"node/3584164756","name":"Mae's Dress Boutique","group":"shopping","category":"shop=clothes","housenumber":"1317","street":"Chain Bridge Road","city":"McLean","postcode":"22101"}},{"type":"Feature","geometry":{"type":"Point","coordinates":[-77.17447,38.93952]},"properties":{"id":"node/3584164757","name":"Treasure Trove","group":"shopping","category":"shop=second_hand","housenumber":"1317","street":"Chain Bridge Road","city":"McLean","postcode":"22101"}},{"type":"Feature","geometry":{"type":"Point","coordinates":[-77.17442,38.93964]},"properties":{"id":"node/3584164758","name":"Washington Interiors","group":"shopping","category":"shop=interior_decoration","housenumber":"1317","street":"Chain Bridge Road","city":"McLean","postcode":"22101"}},{"type":"Feature","geometry":{"type":"Point","coordinates":[-77.17447,38.93923]},"properties":{"id":"node/3584164769","name":"Your Dogs Best Friend","group":"shopping","category":"shop=pet","housenumber":"1323","street":"Chain Bridge Road","city":"McLean","postcode":"22101"}},{"type":"Feature","geometry":{"type":"Point","coordinates":[-77.17448,38.93917]},"properties":{"id":"node/3584164773","name":"Red Tomato Pizzaria","group":"food","category":"amenity=fast_food","cuisine":"pizza","housenumber":"PO Box 159","street":"Chain Bridge Road","city":"McLean","postcode":"22101"}},{"type":"Feature","geometry":{"type":"Point","coordinates":[-77.17452,38.93905]},"properties":{"id":"node/3584164774","name":"Solana Jewelers","group":"shopping","category":"shop=jewelry","hours":"Tu-Fr 10:00-18:00; Sa 10:00-17:00","housenumber":"1327","street":"Chain Bridge Road","city":"McLean","postcode":"22101"}},{"type":"Feature","geometry":{"type":"Point","coordinates":[-77.17451,38.93912]},"properties":{"id":"node/3584164776","name":"McLean Barber Shop","group":"personal_care","category":"shop=hairdresser","hours":"Mo-Fr 10:00-19:00; Sa 08:30-17:00; Su 10:00-16:00","city":"McLean","postcode":"22101"}},{"type":"Feature","geometry":{"type":"Point","coordinates":[-77.17468,38.93897]},"properties":{"id":"node/3584164785","name":"Mesmeralda's Gifts","group":"shopping","category":"shop=gift","hours":"Mo-Fr 10:00-18:00; Sa 10:00-17:00","housenumber":"1339","street":"Chain Bridge Road","city":"McLean","postcode":"22101"}},{"type":"Feature","geometry":{"type":"Point","coordinates":[-77.17473,38.93884]},"properties":{"id":"node/3584164787","name":"Reflections Salon & Spa","group":"personal_care","category":"shop=beauty","housenumber":"1343","street":"Chain Bridge Road","city":"McLean","postcode":"22101"}},{"type":"Feature","geometry":{"type":"Point","coordinates":[-77.17474,38.93879]},"properties":{"id":"node/3584164788","name":"MadLax Sports","group":"shopping","category":"shop=sports","housenumber":"1345","street":"Chain Bridge Road","city":"McLean","postcode":"22101"}},{"type":"Feature","geometry":{"type":"Point","coordinates":[-77.17476,38.93873]},"properties":{"id":"node/3584164789","name":"Dodge-Chrome","group":"services","category":"shop=photo","housenumber":"1347","street":"Chain Bridge Road","city":"McLean","postcode":"22101"}},{"type":"Feature","geometry":{"type":"Point","coordinates":[-77.17477,38.93869]},"properties":{"id":"node/3584164790","name":"Name Droppers of McLean","group":"shopping","category":"shop=gift","housenumber":"1349","street":"Chain Bridge Road","city":"McLean","postcode":"22101"}},{"type":"Feature","geometry":{"type":"Point","coordinates":[-77.1748,38.93862]},"properties":{"id":"node/3584164791","name":"Lan Tailor","group":"services","category":"shop=tailor","housenumber":"1351","street":"Chain Bridge Road","city":"McLean","postcode":"22101"}},{"type":"Feature","geometry":{"type":"Point","coordinates":[-77.17613,38.93751]},"properties":{"id":"node/3584164792","name":"Custom Canines Ltd","group":"shopping","category":"shop=pet","hours":"Tu-Sa 07:30-14:00","housenumber":"1352","street":"Old Chain Bridge Road","city":"McLean","postcode":"22101"}},{"type":"Feature","geometry":{"type":"Point","coordinates":[-77.17495,38.93809]},"properties":{"id":"node/3584164893","name":"The Kellogg Collection","group":"shopping","category":"shop=interior_decoration","hours":"Mo-Fr 10:00-17:30; Sa 10:00-17:00; Su closed","housenumber":"1353","street":"Chain Bridge Road","city":"McLean","postcode":"22101"}},{"type":"Feature","geometry":{"type":"Point","coordinates":[-77.17511,38.93797]},"properties":{"id":"node/3584164895","name":"McLean Valet Cleaners","group":"services","category":"shop=dry_cleaning","housenumber":"1355","street":"Chain Bridge Road"}},{"type":"Feature","geometry":{"type":"Point","coordinates":[-77.17609,38.93734]},"properties":{"id":"node/3584164897","name":"McLean Baldino's Lock & Key","group":"services","category":"shop=locksmith","hours":"Mo-Fr 08:30-17:00, Sa-Su off","housenumber":"1358","street":"Old Chain Bridge Road","city":"McLean","postcode":"22101"}},{"type":"Feature","geometry":{"type":"Point","coordinates":[-77.17611,38.93727]},"properties":{"id":"node/3584164898","name":"Salon Michel & Spa","group":"personal_care","category":"shop=beauty","housenumber":"6700","street":"Old McLean Village Drive","city":"McLean","postcode":"22101"}},{"type":"Feature","geometry":{"type":"Point","coordinates":[-77.17642,38.93698]},"properties":{"id":"node/3584164900","name":"Lamps Unlimited","group":"shopping","category":"shop=hardware","hours":"Mo-We,Sa 10:00-18:00; Th-Fr 10:00-20:00; Su off","housenumber":"1362","street":"Chain Bridge Road","city":"McLean","postcode":"22101"}},{"type":"Feature","geometry":{"type":"Point","coordinates":[-77.17642,38.93685]},"properties":{"id":"node/3584164904","name":"McLean Shoes","group":"shopping","category":"shop=shoes","hours":"Mo-Sa 10:00-17:00","housenumber":"1366","street":"Chain Bridge Road","city":"McLean","postcode":"22101"}},{"type":"Feature","geometry":{"type":"Point","coordinates":[-77.17642,38.93679]},"properties":{"id":"node/3584164905","name":"Mad Lax","group":"shopping","category":"shop=sports","hours":"Mo-Fr 12:00-19:00; Sa-Su 10:00-17:00","website":"http://madlax.com","housenumber":"1368","street":"Chain Bridge Road","city":"McLean","postcode":"22101"}},{"type":"Feature","geometry":{"type":"Point","coordinates":[-77.17652,38.93673]},"properties":{"id":"node/3584164906","name":"Langley Cleaners","group":"services","category":"shop=dry_cleaning","hours":"Mo-Fr 07:00-19:00; Sa 07:00-18:00","housenumber":"1370","street":"Chain Bridge Road","city":"McLean","postcode":"22101"}},{"type":"Feature","geometry":{"type":"Point","coordinates":[-77.17652,38.93658]},"properties":{"id":"node/3584164911","name":"Color Wheel","group":"shopping","category":"shop=paint","hours":"Mo-Fr 07:00-18:00; Sa 08:00-17:00; Su off","housenumber":"1374","street":"Chain Bridge Road","city":"McLean","postcode":"22101"}},{"type":"Feature","geometry":{"type":"Point","coordinates":[-77.17946,38.93506]},"properties":{"id":"node/3584164912","name":"Aracosia","group":"food","category":"amenity=restaurant","cuisine":"afghan","hours":"Mo off; Tu-Th 12:00-21:00; Fr-Sa 12:00-22:00; Su 12:00-21:00","website":"https://www.aracosiamclean.com/","housenumber":"1381","street":"Beverly Road"}},{"type":"Feature","geometry":{"type":"Point","coordinates":[-77.17653,38.93646]},"properties":{"id":"node/3584164916","name":"Flowers & Plants Etc","group":"shopping","category":"shop=florist","hours":"Mo-Fr 09:00-18:00; Sa 09:00-17:00","housenumber":"1378","street":"Chain Bridge Road","city":"McLean","postcode":"22101"}},{"type":"Feature","geometry":{"type":"Point","coordinates":[-77.17952,38.93501]},"properties":{"id":"node/3584164917","name":"The Union","group":"food","category":"amenity=restaurant","cuisine":"american","hours":"Mo-Fr 11:00-21:00; Sa-Su 10:00-21:00","website":"https://theunionrestaurant.us/","housenumber":"1379","street":"Beverly Road"}},{"type":"Feature","geometry":{"type":"Point","coordinates":[-77.17653,38.93638]},"properties":{"id":"node/3584164918","name":"Janet's Nail Palace","group":"personal_care","category":"shop=beauty","hours":"Mo-Sa 10:00-18:00","phone":"+17038830975","housenumber":"1380","street":"Chain Bridge Road","city":"McLean","postcode":"22101"}},{"type":"Feature","geometry":{"type":"Point","coordinates":[-77.17654,38.93621]},"properties":{"id":"node/3584164922","name":"Dal Grano","group":"food","category":"amenity=restaurant","hours":"Mo-Sa 11:30-21:00","housenumber":"1386","street":"Chain Bridge Road","city":"McLean","postcode":"22101"}},{"type":"Feature","geometry":{"type":"Point","coordinates":[-77.17646,38.93587]},"properties":{"id":"node/3584164926","name":"Masala Indian Cuisine","group":"food","category":"amenity=restaurant","cuisine":"indian","phone":"+1-703-462-9699","website":"https://www.masalava.com/online-order/","housenumber":"1394","street":"Chain Bridge Road","city":"McLean","postcode":"22101"}},{"type":"Feature","geometry":{"type":"Point","coordinates":[-77.17618,38.93729]},"properties":{"id":"node/3584164949","name":"Lee's Photography","group":"services","category":"craft=photographer","housenumber":"6712","street":"Old Mclean Village Drive","city":"McLean","postcode":"22101"}},{"type":"Feature","geometry":{"type":"Point","coordinates":[-77.17816,38.93449]},"properties":{"id":"node/3584164957","name":"Pikoteo","group":"food","category":"amenity=restaurant","cuisine":"peruvian","hours":"Mo off; Tu-Th 12:00-20:00; Fr-Sa 12:00-21:00; Su 12:00-16:00","housenumber":"6811","street":"Elm Street"}},{"type":"Feature","geometry":{"type":"Point","coordinates":[-77.17914,38.9341]},"properties":{"id":"node/3584164958","name":"Thieves Market Antiques","group":"shopping","category":"shop=antiques","hours":"Mo-Sa 10:00-17:00; Su 12:00-17:00","housenumber":"6811","street":"Old Dominion Drive"}},{"type":"Feature","geometry":{"type":"Point","coordinates":[-77.17823,38.93456]},"properties":{"id":"node/3584164959","name":"Little Boy Blue","group":"services","category":"craft=plumber","hours":"Mo-Fr 07:30-16:00","housenumber":"6813","street":"Elm Street"}},{"type":"Feature","geometry":{"type":"Point","coordinates":[-77.17932,38.93414]},"properties":{"id":"node/3584164960","name":"Comfort One","group":"shopping","category":"shop=shoes","housenumber":"6813","street":"Old Dominion Drive"}},{"type":"Feature","geometry":{"type":"Point","coordinates":[-77.17948,38.93418]},"properties":{"id":"node/3584164962","name":"Chesapeake Bagel Bakery","group":"food","category":"amenity=restaurant","cuisine":"sandwich","hours":"Mo-Fr 06:00-18:00; Sa 06:30-17:00; Su 07:00-16:00","phone":"+1 703-506-0536","housenumber":"6815","street":"Old Dominion Drive"}},{"type":"Feature","geometry":{"type":"Point","coordinates":[-77.1798,38.9343]},"properties":{"id":"node/3584164970","name":"Burns Brothers Cleaners","group":"services","category":"shop=dry_cleaning","housenumber":"6821","street":"Old Dominion Drive"}},{"type":"Feature","geometry":{"type":"Point","coordinates":[-77.18001,38.93442]},"properties":{"id":"node/3584164972","name":"Medicine Chest","group":"groceries","category":"amenity=pharmacy","hours":"Mo-Fr 09:00-18:00; Sa 09:00-13:00","housenumber":"6823","street":"Old Dominion Drive","city":"McLean","postcode":"22101"}},{"type":"Feature","geometry":{"type":"Point","coordinates":[-77.18204,38.93609]},"properties":{"id":"node/3584165107","name":"McLean Locksmiths","group":"services","category":"craft=locksmith","phone":"+1-703-879-4596","website":"https://www.mcleanlocksmiths.com/","housenumber":"6858","street":"Old Dominion Drive","city":"McLean","postcode":"22101"}},{"type":"Feature","geometry":{"type":"Point","coordinates":[-77.12432,38.72041]},"properties":{"id":"node/3587803732","name":"Grandma's Famous Cafe","group":"food","category":"amenity=restaurant","hours":"Mo-Sa 07:00-19:00","phone":"+1-571-255-8081","website":"https://www.grandmassfamouscafe.com","housenumber":"8723","street":"Cooper Road","city":"Alexandria","postcode":"22309"}},{"type":"Feature","geometry":{"type":"Point","coordinates":[-77.12287,38.89607]},"properties":{"id":"node/3756725221","name":"Waste Knot Needlepoint","group":"shopping","category":"shop=sewing","hours":"Mo-Sa 10:00-16:00","phone":"+1 703-807-1828","website":"http://www.wasteknotneedlepoint.com/","housenumber":"2100","street":"North Glebe Road","city":"Arlington","postcode":"22207"}},{"type":"Feature","geometry":{"type":"Point","coordinates":[-77.14109,38.88575]},"properties":{"id":"node/3777180717","name":"Westover Beer Garden","group":"food","category":"amenity=pub","hours":"Mo-Sa 11:00-24:00","phone":"+1-703-536-5040","website":"http://www.westovermarketbeergarden.com/","housenumber":"5863","street":"Washington Boulevard","city":"Arlington","postcode":"22205"}},{"type":"Feature","geometry":{"type":"Point","coordinates":[-77.14121,38.88527]},"properties":{"id":"node/3777194087","name":"Trade Roots","group":"shopping","category":"shop=gift","hours":"Sa-We 09:00-18:30; Th,Fr 09:00-20:30","phone":"+1 571-335-4274","website":"http://fairtraderoots.com/","housenumber":"5852","street":"Washington Boulevard","city":"Arlington","postcode":"22205"}},{"type":"Feature","geometry":{"type":"Point","coordinates":[-77.1635,38.80005]},"properties":{"id":"node/3856088710","name":"Capital Rug Cleaning","group":"shopping","category":"shop=carpet","hours":"Mo-Fr 10:00-18:00; Sa 11:00-17:00","housenumber":"5586","street":"General Washington Drive","city":"Alexandria","postcode":"22312"}},{"type":"Feature","geometry":{"type":"Point","coordinates":[-77.17801,38.93446]},"properties":{"id":"node/3884180047","name":"Listrani's","group":"food","category":"amenity=restaurant","cuisine":"italian;pizza","hours":"Mo-Tu 11:00-20:00; We-Sa 11:00-21:00; Su 11:00-20:00","website":"https://listranismclean.com/","housenumber":"6808","street":"Old Dominion Drive","city":"McLean"}},{"type":"Feature","geometry":{"type":"Point","coordinates":[-77.18154,38.9357]},"properties":{"id":"node/3884180049","name":"Pulcinella","group":"food","category":"amenity=restaurant","cuisine":"italian","hours":"Mo-Fr 11:00-22:30; Sa 08:00-22:30; Su 08:00-21:30","phone":"+1-703-893-7777","housenumber":"6852","street":"Old Dominion Drive","city":"McLean","postcode":"22101"}},{"type":"Feature","geometry":{"type":"Point","coordinates":[-77.17961,38.93544]},"properties":{"id":"node/3884180050","name":"Cafe Levantine","group":"food","category":"amenity=cafe","cuisine":"lebanese","hours":"Tu-Sa 08:00-18:00; Su,Mo off","phone":"+1-703-826-8828","website":"https://www.cafelevantine.com","housenumber":"6829","street":"Elm Street","city":"McLean","postcode":"22101"}},{"type":"Feature","geometry":{"type":"Point","coordinates":[-77.17891,38.93244]},"properties":{"id":"node/3884180051","name":"Santini's New York Style Deli","group":"food","category":"amenity=restaurant","cuisine":"pizza;sandwich;italian","hours":"Mo-Fr 07:00-22:00; Sa 09:00-22:00; Su 09:00-21:00","housenumber":"1443","street":"Chain Bridge Road","city":"McLean","postcode":"22101"}},{"type":"Feature","geometry":{"type":"Point","coordinates":[-77.17332,38.93081]},"properties":{"id":"node/3884185479","name":"Cafe Tatti","group":"food","category":"amenity=restaurant","cuisine":"french","hours":"Mo-Sa 11:00-14:30,17:00-22:00; Su closed || \"open for groups of 60+ only\"","phone":"+1-703-790-5164","website":"https://www.cafetatti.com/","housenumber":"6627","street":"Old Dominion Drive","city":"McLean","postcode":"22101"}},{"type":"Feature","geometry":{"type":"Point","coordinates":[-77.18012,38.93497]},"properties":{"id":"node/3889571666","name":"Window and Door Showplace","group":"shopping","category":"shop=window_blind","hours":"Mo-Fr 09:00-18:00; Sa 10:00-15:00; Su closed","housenumber":"6832","street":"Old Dominion Drive","city":"McLean","postcode":"22101"}},{"type":"Feature","geometry":{"type":"Point","coordinates":[-77.17999,38.93508]},"properties":{"id":"node/3889574291","name":"Beverly Cleaner","group":"services","category":"shop=dry_cleaning","hours":"Mo-Sa 08:00-18:00","housenumber":"6832","street":"Old Dominion Drive","city":"McLean","postcode":"22101"}},{"type":"Feature","geometry":{"type":"Point","coordinates":[-77.18027,38.93374]},"properties":{"id":"node/3889586759","name":"The Preppy Pink Pony","group":"shopping","category":"shop=clothes","housenumber":"6829","street":"Redmond Drive","city":"McLean"}},{"type":"Feature","geometry":{"type":"Point","coordinates":[-77.18021,38.93369]},"properties":{"id":"node/3889593612","name":"Goellers Office & Art","group":"shopping","category":"shop=stationery","housenumber":"6825","street":"Redmond Drive","city":"McLean","postcode":"22101"}},{"type":"Feature","geometry":{"type":"Point","coordinates":[-77.18017,38.93366]},"properties":{"id":"node/3889593613","name":"Peking Imperial","group":"food","category":"amenity=restaurant","cuisine":"chinese","hours":"Mo 11:30-22:00, Tu 11:30-22:00; We 11:30-22:00; Th 11:30-22:00; Fr 11:30-23:00; Sa 11:30-23:00; Su 12:00-22:00","housenumber":"6827","street":"Redmond Drive","city":"McLean","postcode":"22101"}},{"type":"Feature","geometry":{"type":"Point","coordinates":[-77.18014,38.93364]},"properties":{"id":"node/3889625523","name":"The Pub","group":"food","category":"amenity=bar","phone":"+1-703-442-9864","website":"http://experiencethepub.com","housenumber":"6827","street":"Redmond Drive","city":"McLean","postcode":"22101"}},{"type":"Feature","geometry":{"type":"Point","coordinates":[-77.17976,38.93333]},"properties":{"id":"node/3889625526","name":"Hair Quarters of McLean","group":"personal_care","category":"shop=hairdresser","hours":"Mo-Fr 09:00-19:00; Sa 09:00-17:00","housenumber":"6815","street":"Redmond Drive","city":"McLean","postcode":"22101"}},{"type":"Feature","geometry":{"type":"Point","coordinates":[-77.17921,38.93388]},"properties":{"id":"node/3889625527","name":"McLean Oldest Barber Shop","group":"personal_care","category":"shop=hairdresser"}},{"type":"Feature","geometry":{"type":"Point","coordinates":[-77.1786,38.93375]},"properties":{"id":"node/3889625528","name":"El Tio Tex Mex Grill","group":"food","category":"amenity=restaurant","cuisine":"mexican","hours":"Mo-Sa 11:00-22:00; Su 11:00-21:00","phone":"+1 703-790-1910","website":"https://www.eltiogrill.com/","housenumber":"1433","street":"Center Street","city":"McLean","postcode":"22101"}},{"type":"Feature","geometry":{"type":"Point","coordinates":[-77.17851,38.93382]},"properties":{"id":"node/3889625530","name":"McLean Cigars PG Boutique","group":"groceries","category":"shop=variety_store","hours":"Mo-Sa 10:00-07:00, Su closed","housenumber":"1429","street":"Center Street","city":"McLean","postcode":"22101"}},{"type":"Feature","geometry":{"type":"Point","coordinates":[-77.17843,38.9339]},"properties":{"id":"node/3889625531","name":"Synergy Health and Wellness","group":"personal_care","category":"shop=massage","hours":"Mo 10:00-21:00; Tu 10:00-21:00; We 10:00-21:00; Th 10:00-21:00; Fr 10:00-21:00; Sa 10:00-21:00; Su 11:00-20:00","housenumber":"1427","street":"Center Street","city":"McLean","postcode":"22101"}},{"type":"Feature","geometry":{"type":"Point","coordinates":[-77.17875,38.93362]},"properties":{"id":"node/3889635337","name":"Figuroes Salon","group":"personal_care","category":"shop=beauty","hours":"Mo-Tu off, We-Sa 10:00-18:00, Su closed","housenumber":"1439","street":"Center Street","city":"McLean","postcode":"22101"}},{"type":"Feature","geometry":{"type":"Point","coordinates":[-77.17991,38.93438]},"properties":{"id":"node/3889701020","name":"Ichiban Sushi","group":"food","category":"amenity=restaurant","cuisine":"sushi","hours":"Mo-Sa 11:30-22:00; Su off","street":"Old Dominion Drive","city":"McLean","postcode":"22101"}},{"type":"Feature","geometry":{"type":"Point","coordinates":[-77.18067,38.93111]},"properties":{"id":"node/3889724000","name":"Solovey Jewelers","group":"shopping","category":"shop=jewelry","hours":"Tu-Sa 10:30-17:30; \"by appointment\"","housenumber":"1475","street":"Chain Bridge Road","city":"McLean","postcode":"22101"}},{"type":"Feature","geometry":{"type":"Point","coordinates":[-77.18061,38.93113]},"properties":{"id":"node/3889724001","name":"Maxime Coupe Hair Design","group":"personal_care","category":"shop=hairdresser","housenumber":"1473","street":"Chain Bridge Road","city":"McLean","postcode":"22101"}},{"type":"Feature","geometry":{"type":"Point","coordinates":[-77.12826,38.86571]},"properties":{"id":"node/3890753628","name":"Tony's hair studio","group":"personal_care","category":"shop=hairdresser","phone":"+1 703-845-3777"}},{"type":"Feature","geometry":{"type":"Point","coordinates":[-77.17616,38.93231]},"properties":{"id":"node/3897463233","name":"Tachibana Japanese Restaurant","group":"food","category":"amenity=restaurant","cuisine":"japanese","hours":"Mo-Th 11:30-14:00,17:00-22:00; Fr 11:30-14:00,17:00-22:30; Sa 12:00-14:30,17:00-22:30; Su 12:00-14:30,17:00-21:30","phone":"+1-703-847-1771","website":"http://tachibana.us","housenumber":"6715","street":"Lowell Avenue","city":"McLean","postcode":"22101"}},{"type":"Feature","geometry":{"type":"Point","coordinates":[-77.17594,38.94009]},"properties":{"id":"node/3897476146","name":"Pasa Thai Cuisine","group":"food","category":"amenity=restaurant","cuisine":"thai","hours":"Mo-Th 11:00-23:00; Fr 11:00-22:30; Sa 12:00-22:00; Su 12:00-22:30","phone":"+1-703-442-0090","housenumber":"1315","street":"Old Chain Bridge Road","city":"McLean","postcode":"22101"}},{"type":"Feature","geometry":{"type":"Point","coordinates":[-77.17376,38.93122]},"properties":{"id":"node/3901353345","name":"Eclips Salon & Day Spa","group":"personal_care","category":"shop=hairdresser"}},{"type":"Feature","geometry":{"type":"Point","coordinates":[-77.175,38.9378]},"properties":{"id":"node/3907570973","name":"Betsy & Cornelias","group":"shopping","category":"shop=clothes","housenumber":"1355","street":"Old Chain Bridge Road","city":"McLean","postcode":"22101"}},{"type":"Feature","geometry":{"type":"Point","coordinates":[-77.17488,38.93787]},"properties":{"id":"node/3907570974","name":"Classy Nails","group":"personal_care","category":"shop=beauty","housenumber":"1355","street":"Chain Bridge Road","city":"McLean","postcode":"22101"}},{"type":"Feature","geometry":{"type":"Point","coordinates":[-77.1761,38.93488]},"properties":{"id":"node/3909350824","name":"Best Buy Carpet","group":"shopping","category":"shop=carpet","hours":"Mo-Fr 10:00-19:00, Sa 10:00-18:00, Su off","housenumber":"1401","street":"Chain Bridge Road","city":"McLean","postcode":"22101"}},{"type":"Feature","geometry":{"type":"Point","coordinates":[-77.17604,38.93495]},"properties":{"id":"node/3909350825","name":"Deja Vu Audio","group":"shopping","category":"shop=electronics","housenumber":"1401","street":"Chain Bridge Road","city":"McLean","postcode":"22101"}},{"type":"Feature","geometry":{"type":"Point","coordinates":[-77.17589,38.9351]},"properties":{"id":"node/3909350827","name":"Bella Luna Day Spa","group":"personal_care","category":"shop=beauty","hours":"Mo-Su 09:00-20:30","housenumber":"1401","street":"Chain Bridge Road","city":"McLean","postcode":"22101"}},{"type":"Feature","geometry":{"type":"Point","coordinates":[-77.15298,38.92093]},"properties":{"id":"node/3909823335","name":"Amoo's House of Kabob","group":"food","category":"amenity=restaurant","cuisine":"kebab","housenumber":"6271","street":"Old Dominion Drive","city":"McLean","postcode":"22101"}},{"type":"Feature","geometry":{"type":"Point","coordinates":[-77.15321,38.92104]},"properties":{"id":"node/3909850568","name":"Cafe China","group":"food","category":"amenity=restaurant","cuisine":"chinese","phone":"+1-703-821-8666","website":"http://www.cafechinamclean.com","housenumber":"6271","street":"Old Dominion Drive","city":"McLean","postcode":"22101"}},{"type":"Feature","geometry":{"type":"Point","coordinates":[-77.15308,38.92099]},"properties":{"id":"node/3909850569","name":"McLean Star Cleaners","group":"services","category":"shop=dry_cleaning"}},{"type":"Feature","geometry":{"type":"Point","coordinates":[-77.15264,38.92065]},"properties":{"id":"node/3909850570","name":"McLean Super Cleaners","group":"services","category":"shop=dry_cleaning"}},{"type":"Feature","geometry":{"type":"Point","coordinates":[-77.1523,38.92039]},"properties":{"id":"node/3909850587","name":"Lisalon Hair Salon","group":"personal_care","category":"shop=hairdresser","hours":"Mo-Sa 09:00-19:00","housenumber":"6257","street":"Old Dominion Drive","city":"McLean","postcode":"22101"}},{"type":"Feature","geometry":{"type":"Point","coordinates":[-77.15256,38.92127]},"properties":{"id":"node/3909881561","name":"Sun's Cleaners Art Frame","group":"services","category":"shop=dry_cleaning","housenumber":"6262","street":"Old Dominion Drive","city":"McLean"}},{"type":"Feature","geometry":{"type":"Point","coordinates":[-77.15236,38.92118]},"properties":{"id":"node/3909881563","name":"Lotus Nails & Spa","group":"personal_care","category":"shop=beauty","hours":"Mo-Sa 09:00-19:30; Su 10:00-18:00","phone":"+1-703-760-9001","website":"https://lotusnailspas.com/","housenumber":"6262","street":"Old Dominion Drive","city":"McLean"}},{"type":"Feature","geometry":{"type":"Point","coordinates":[-77.15229,38.92115]},"properties":{"id":"node/3909881564","name":"Fonts Books & Gifts","group":"shopping","category":"shop=books","hours":"Mo off; Tu 10:00-17:00; We-Fr 10:00-19:00; Sa-Su 10:00-17:00","phone":"+1-571-327-3667","website":"https://fontsbooks.com/","housenumber":"6262","street":"Old Dominion Drive","city":"McLean","postcode":"22101"}},{"type":"Feature","geometry":{"type":"Point","coordinates":[-77.15013,38.92025]},"properties":{"id":"node/3909967583","name":"Framebridge","group":"shopping","category":"shop=frame","hours":"Mo-Sa 10:00-18:00; Su 11:00-18:00","phone":"+1-571-290-4922","website":"https://www.framebridge.com/pages/mclean","housenumber":"6234","street":"Old Dominion Drive","city":"McLean","postcode":"22101"}},{"type":"Feature","geometry":{"type":"Point","coordinates":[-77.15019,38.92036]},"properties":{"id":"node/3909967586","name":"Mylo's Grill","group":"food","category":"amenity=restaurant","cuisine":"greek;american","hours":"Mo-Th 11:00-22:00; Fr 11:00-23:00; Sa 08:00-23:00; Su 08:00-21:00","phone":"+1-703-533-5880","website":"https://www.mylosgrill.com/","housenumber":"6238","street":"Old Dominion Drive","city":"McLean","postcode":"22101"}},{"type":"Feature","geometry":{"type":"Point","coordinates":[-77.17727,38.93443]},"properties":{"id":"node/3909980266","name":"GQ Cleaners","group":"services","category":"shop=dry_cleaning","hours":"Mo-Sa 08:00-19:00"}},{"type":"Feature","geometry":{"type":"Point","coordinates":[-77.17884,38.9349]},"properties":{"id":"node/3909981353","name":"The Quilt Shop","group":"shopping","category":"shop=art","housenumber":"6819","street":"Elm Street","city":"McLean","postcode":"22101"}},{"type":"Feature","geometry":{"type":"Point","coordinates":[-77.18939,38.82803]},"properties":{"id":"node/3952837119","name":"THEFACESHOP","group":"personal_care","category":"shop=beauty","housenumber":"7031","street":"Little River Turnpike","city":"Annandale","postcode":"22003"}},{"type":"Feature","geometry":{"type":"Point","coordinates":[-77.1661,38.88695]},"properties":{"id":"node/3976683188","name":"Bikenetic","group":"shopping","category":"shop=bicycle","hours":"Mo off; Tu-Fr 11:00-19:00; Sa 10:00-18:00; Su off","phone":"+1 703-534-7433","website":"https://www.bikenetic.com/","housenumber":"201","street":"West Jefferson Street","city":"Falls Church","postcode":"22046"}},{"type":"Feature","geometry":{"type":"Point","coordinates":[-77.20581,38.90219]},"properties":{"id":"node/3990556278","name":"Taco Bamba","group":"food","category":"amenity=restaurant","cuisine":"mexican","phone":"+1-703-639-0505","website":"https://www.tacobamba.com/","housenumber":"2190","street":"Pimmit Drive","city":"Falls Church","postcode":"22043-2806"}},{"type":"Feature","geometry":{"type":"Point","coordinates":[-77.1752,38.94007]},"properties":{"id":"node/4166602090","name":"Chain Bridge Cleaners","group":"services","category":"shop=dry_cleaning","city":"McLean","postcode":"22101"}},{"type":"Feature","geometry":{"type":"Point","coordinates":[-77.17655,38.93868]},"properties":{"id":"node/4166607877","name":"Boone and Son","group":"shopping","category":"shop=jewelry","hours":"Tu-Fr 10:00-18:00; Sa 10:00-17:00","phone":"+1-703-734-3997","housenumber":"1320","street":"Old Chain Bridge Road","city":"McLean","postcode":"22101"}},{"type":"Feature","geometry":{"type":"Point","coordinates":[-77.13676,38.7722]},"properties":{"id":"node/4208127859","name":"La Madeleine","group":"food","category":"amenity=cafe","cuisine":"french","housenumber":"5876","street":"Kingstowne Center","city":"Alexandria","postcode":"22315"}},{"type":"Feature","geometry":{"type":"Point","coordinates":[-77.16322,38.87204]},"properties":{"id":"node/4414044189","name":"American Lube Service Center","group":"services","category":"shop=car_repair","hours":"Mo-Fr 08:00-18:00, Sa 09:00-18:00, Su closed","phone":"+1-703-533-0400","housenumber":"6436","street":"Arlington Boulevard","city":"Falls Church","postcode":"22042"}},{"type":"Feature","geometry":{"type":"Point","coordinates":[-77.21129,38.83343]},"properties":{"id":"node/4418931190","name":"Sweet Home Improvements","group":"shopping","category":"shop=interior_decoration","phone":"+1 703-942-9024","website":"http://sweethomeimprovement.com","housenumber":"7700","street":"Little River Turnpike"}},{"type":"Feature","geometry":{"type":"Point","coordinates":[-77.15123,38.86911]},"properties":{"id":"node/4466250377","name":"NOVA Furniture","group":"shopping","category":"shop=furniture","hours":"Mo-Sa 11:00-19:00, Su 12:00-18:00","phone":"+1-703-256-0200","website":"https://novafurnituregallery.com/","housenumber":"6250","street":"Seven Corners Center","city":"Falls Church","postcode":"22044"}},{"type":"Feature","geometry":{"type":"Point","coordinates":[-77.16804,38.80505]},"properties":{"id":"node/4541108832","name":"Import Auto Service, Inc.","group":"services","category":"shop=car_repair","phone":"+1 703-569-2332","website":"https://www.iasvc.com/","housenumber":"6540","street":"Edsall Road","city":"Alexandria","postcode":"22312"}},{"type":"Feature","geometry":{"type":"Point","coordinates":[-77.12771,38.84759]},"properties":{"id":"node/4577765497","name":"Leyu Market","group":"groceries","category":"shop=supermarket","phone":"+1-571-332-2027","website":"https://leyuethiopianmarketva.com/","housenumber":"5820 Suite E","street":"Seminary Road","city":"Falls Church","postcode":"22041"}},{"type":"Feature","geometry":{"type":"Point","coordinates":[-77.14116,38.88462]},"properties":{"id":"node/4643579923","name":"Heads Up Hair Design","group":"personal_care","category":"shop=hairdresser","phone":"+1 703-533-1740","website":"http://headsuphairdesign.net","housenumber":"5852","street":"Washington Boulevard","city":"Arlington","postcode":"22205"}},{"type":"Feature","geometry":{"type":"Point","coordinates":[-77.13348,38.80457]},"properties":{"id":"node/4666412744","name":"Timorian Restaurant","group":"food","category":"amenity=restaurant","housenumber":"5774","street":"Dow Avenue","city":"Alexandria","postcode":"22304"}},{"type":"Feature","geometry":{"type":"Point","coordinates":[-77.13352,38.80478]},"properties":{"id":"node/4675803568","name":"Sandar Sushi","group":"food","category":"amenity=restaurant","cuisine":"sushi","housenumber":"5778","street":"Dow Avenue","city":"Alexandria","postcode":"22304"}},{"type":"Feature","geometry":{"type":"Point","coordinates":[-77.13353,38.80469]},"properties":{"id":"node/4675803569","name":"Oliver Opticians","group":"personal_care","category":"shop=optician","housenumber":"5776","street":"Dow Avenue","city":"Alexandria","postcode":"22304"}},{"type":"Feature","geometry":{"type":"Point","coordinates":[-77.1334,38.80452]},"properties":{"id":"node/4675803570","name":"Crafty Crab","group":"food","category":"amenity=restaurant","cuisine":"seafood","phone":"+1-703-647-9096","website":"https://www.craftycrabalexandria.com/","housenumber":"5770","street":"Dow Avenue","city":"Alexandria","postcode":"22304"}},{"type":"Feature","geometry":{"type":"Point","coordinates":[-77.13311,38.80378]},"properties":{"id":"node/4677509710","name":"BM Boutique","group":"shopping","category":"shop=clothes"}},{"type":"Feature","geometry":{"type":"Point","coordinates":[-77.13272,38.80383]},"properties":{"id":"node/4677509711","name":"Bite Pizza","group":"food","category":"amenity=fast_food","cuisine":"pizza","phone":"+1-703-751-1000","website":"https://www.bigbitepizza.net","housenumber":"666","street":"South Pickett Street","city":"Alexandria","postcode":"22304"}},{"type":"Feature","geometry":{"type":"Point","coordinates":[-77.13264,38.80383]},"properties":{"id":"node/4677509712","name":"El Tipico","group":"food","category":"amenity=restaurant","cuisine":"tex-mex","phone":"+1-703-370-3581","website":"https://eltipicorestaurantva.com/","housenumber":"664","street":"South Pickett Street","city":"Alexandria","postcode":"22304"}},{"type":"Feature","geometry":{"type":"Point","coordinates":[-77.1334,38.80377]},"properties":{"id":"node/4677509714","name":"King Pollo","group":"food","category":"amenity=restaurant","cuisine":"peruvian","website":"https://kingpollo.com/","housenumber":"682","street":"South Pickett Street","city":"Alexandria","postcode":"22304"}},{"type":"Feature","geometry":{"type":"Point","coordinates":[-77.13288,38.80379]},"properties":{"id":"node/4677509715","name":"Landmark Bakery and Cafe","group":"food","category":"amenity=cafe"}},{"type":"Feature","geometry":{"type":"Point","coordinates":[-77.13327,38.80377]},"properties":{"id":"node/4677509716","name":"Speedee Dry Cleaning","group":"services","category":"shop=dry_cleaning"}},{"type":"Feature","geometry":{"type":"Point","coordinates":[-77.133,38.80381]},"properties":{"id":"node/4677509717","name":"Tsedey Restaurant and Grocery","group":"food","category":"amenity=restaurant","cuisine":"ethiopian","phone":"+1-703-461-9420","website":"https://tsedeyrestaurantgrocery.com/","housenumber":"672","street":"South Pickett Street","city":"Alexandria","postcode":"22304"}},{"type":"Feature","geometry":{"type":"Point","coordinates":[-77.13229,38.80398]},"properties":{"id":"node/4679411750","name":"Nazret Market","group":"groceries","category":"shop=supermarket","cuisine":"ethiopian"}},{"type":"Feature","geometry":{"type":"Point","coordinates":[-77.13151,38.89614]},"properties":{"id":"node/4694568977","name":"MacPherson Opticians","group":"personal_care","category":"shop=optician","hours":"Mo-We,Fr 10:00-18:00, Th 10:00-19:00; Sa 10:00-15:00","phone":"+1 703-536-7800","website":"https://www.macphersonopticians.com/","housenumber":"5064","street":"Langston Boulevard","city":"Arlington","postcode":"22207"}},{"type":"Feature","geometry":{"type":"Point","coordinates":[-77.13142,38.89615]},"properties":{"id":"node/4694568978","name":"Glebe Radio & Appliances","group":"shopping","category":"shop=appliance","phone":"+1 703-538-4400","website":"https://www.glebeappliances.com/","housenumber":"5060","street":"Langston Boulevard","city":"Arlington","postcode":"22207"}},{"type":"Feature","geometry":{"type":"Point","coordinates":[-77.1313,38.89615]},"properties":{"id":"node/4694568979","name":"Kim the Designing Lady","group":"services","category":"craft=dressmaker","phone":"+1 703-241-0661","housenumber":"5056","street":"Langston Boulevard","city":"Arlington","postcode":"22207"}},{"type":"Feature","geometry":{"type":"Point","coordinates":[-77.16156,38.82341]},"properties":{"id":"node/4723524105","name":"FoxFire Grill","group":"food","category":"amenity=restaurant"}},{"type":"Feature","geometry":{"type":"Point","coordinates":[-77.1889,38.83302]},"properties":{"id":"node/4781685023","name":"Jukebox Diner","group":"food","category":"amenity=restaurant","hours":"Su-Th 06:30-23:00; Fr,Sa 06:30-24:00"}},{"type":"Feature","geometry":{"type":"Point","coordinates":[-77.18879,38.83306]},"properties":{"id":"node/4781685024","name":"TobaccoMax","group":"shopping","category":"shop=tobacco"}},{"type":"Feature","geometry":{"type":"Point","coordinates":[-77.15583,38.83562]},"properties":{"id":"node/4787375704","name":"Harris Teeter Pharmacy","group":"groceries","category":"amenity=pharmacy"}},{"type":"Feature","geometry":{"type":"Point","coordinates":[-77.15726,38.82453]},"properties":{"id":"node/4790852294","name":"Tea Boutique","group":"food","category":"shop=tea","website":"https://www.fairfaxcounty.gov/parks/greenspring/"}},{"type":"Feature","geometry":{"type":"Point","coordinates":[-77.1523,38.87496]},"properties":{"id":"node/4812905191","name":"Koons Body Shop","group":"services","category":"shop=car_repair","website":"https://www.koonsfordfallschurch.com/bodyshop/index.htm"}},{"type":"Feature","geometry":{"type":"Point","coordinates":[-77.15525,38.87402]},"properties":{"id":"node/4813038173","name":"Pandan","group":"food","category":"amenity=fast_food","cuisine":"smoothie","street":"Wilson Boulevard","city":"Falls Church","postcode":"22044"}},{"type":"Feature","geometry":{"type":"Point","coordinates":[-77.15523,38.87396]},"properties":{"id":"node/4813038174","name":"Ch\u1ea3 Kim Ph\u1ee5ng","group":"food","category":"shop=bakery","cuisine":"vietnamese","street":"Wilson Boulevard","city":"Falls Church","postcode":"22044"}},{"type":"Feature","geometry":{"type":"Point","coordinates":[-77.15518,38.87391]},"properties":{"id":"node/4813038175","name":"Saigon Bakery & Deli","group":"food","category":"shop=bakery","cuisine":"vietnamese","street":"Wilson Boulevard","city":"Falls Church","postcode":"22044"}},{"type":"Feature","geometry":{"type":"Point","coordinates":[-77.15516,38.87386]},"properties":{"id":"node/4813038177","name":"Rice Paper","group":"food","category":"amenity=restaurant","cuisine":"vietnamese","phone":"+1-703-538-3888","website":"https://www.ricepaper-tasteofvietnam.com/","housenumber":"6775","street":"Wilson Boulevard","city":"Falls Church","postcode":"22044"}},{"type":"Feature","geometry":{"type":"Point","coordinates":[-77.15515,38.87381]},"properties":{"id":"node/4813038178","name":"Magic Cut","group":"personal_care","category":"shop=hairdresser","street":"Wilson Boulevard","city":"Falls Church","postcode":"22044"}},{"type":"Feature","geometry":{"type":"Point","coordinates":[-77.15523,38.87379]},"properties":{"id":"node/4813038179","name":"Th\u00e0nh K\u00fd Tailors","group":"services","category":"shop=tailor","street":"Wilson Boulevard","city":"Falls Church","postcode":"22044"}},{"type":"Feature","geometry":{"type":"Point","coordinates":[-77.15515,38.87375]},"properties":{"id":"node/4813038180","name":"Cafe Vy","group":"food","category":"amenity=cafe","cuisine":"vietnamese","street":"Wilson Boulevard","city":"Falls Church","postcode":"22044"}},{"type":"Feature","geometry":{"type":"Point","coordinates":[-77.15514,38.8737]},"properties":{"id":"node/4813038181","name":"H\u01b0\u01a1ng B\u00ecnh Bakery & Deli","group":"food","category":"shop=bakery","cuisine":"vietnamese","housenumber":"6781","street":"Wilson Boulevard","city":"Falls Church","postcode":"22044"}},{"type":"Feature","geometry":{"type":"Point","coordinates":[-77.15512,38.87364]},"properties":{"id":"node/4813038182","name":"Little Viet Garden","group":"food","category":"amenity=restaurant","cuisine":"vietnamese","street":"Wilson Boulevard","city":"Falls Church","postcode":"22044"}},{"type":"Feature","geometry":{"type":"Point","coordinates":[-77.15497,38.87355]},"properties":{"id":"node/4813038183","name":"L\u00e0ng V\u0103n","group":"shopping","category":"shop=music","street":"Wilson Boulevard","city":"Falls Church","postcode":"22044"}},{"type":"Feature","geometry":{"type":"Point","coordinates":[-77.15509,38.87351]},"properties":{"id":"node/4813038185","name":"Teletron Luxury Lifestyle","group":"shopping","category":"shop=appliance","street":"Wilson Boulevard","city":"Falls Church","postcode":"22044"}},{"type":"Feature","geometry":{"type":"Point","coordinates":[-77.15505,38.87341]},"properties":{"id":"node/4813038187","name":"Thanh S\u01a1n Tofu","group":"food","category":"amenity=fast_food","cuisine":"vietnamese","phone":"+1-703-534-1202","website":"http://www.edencenter.com/portfolio/thanh-son-tofu","housenumber":"6793","street":"Wilson Boulevard","city":"Falls Church","postcode":"22044"}},{"type":"Feature","geometry":{"type":"Point","coordinates":[-77.15503,38.87335]},"properties":{"id":"node/4813038188","name":"H\u1ee7 Ti\u1ebfu M\u00ec Lacay Ch\u1ee3 L\u1edbn","group":"food","category":"amenity=restaurant","cuisine":"vietnamese","street":"Wilson Boulevard","city":"Falls Church","postcode":"22044"}},{"type":"Feature","geometry":{"type":"Point","coordinates":[-77.155,38.87326]},"properties":{"id":"node/4813038189","name":"Firepan","group":"food","category":"amenity=restaurant","cuisine":"korean","street":"Wilson Boulevard","city":"Falls Church","postcode":"22044"}},{"type":"Feature","geometry":{"type":"Point","coordinates":[-77.15406,38.87314]},"properties":{"id":"node/4814869457","name":"Cao Dung","group":"personal_care","category":"shop=beauty","street":"Wilson Boulevard","city":"Falls Church","postcode":"22044"}},{"type":"Feature","geometry":{"type":"Point","coordinates":[-77.15409,38.87324]},"properties":{"id":"node/4814869458","name":"Ph\u00fa Qu\u00fd Delight","group":"groceries","category":"shop=dry_food","street":"Wilson Boulevard","city":"Falls Church","postcode":"22044"}},{"type":"Feature","geometry":{"type":"Point","coordinates":[-77.15392,38.87307]},"properties":{"id":"node/4814869459","name":"B\u00e1nh m\u00ec s\u1ed1 1","group":"food","category":"amenity=fast_food","cuisine":"sandwich","street":"Wilson Boulevard","city":"Falls Church","postcode":"22044"}},{"type":"Feature","geometry":{"type":"Point","coordinates":[-77.15385,38.87308]},"properties":{"id":"node/4814869460","name":"Ch\u1ea3 L\u1ee5a Ng\u1ecdc H\u01b0ng","group":"food","category":"amenity=fast_food","cuisine":"vietnamese","hours":"Mo,We,Th,Fr 10:00-18:00; Sa-Su 10:00-19:00","phone":"+1-703-531-1868","website":"https://www.chaluangochung.com/","housenumber":"6799","street":"Wilson Boulevard","city":"Falls Church","postcode":"22044-3316"}},{"type":"Feature","geometry":{"type":"Point","coordinates":[-77.15379,38.8731]},"properties":{"id":"node/4814869461","name":"U.S. Maxim Nail Supply","group":"personal_care","category":"shop=beauty","street":"Wilson Boulevard","city":"Falls Church","postcode":"22044"}},{"type":"Feature","geometry":{"type":"Point","coordinates":[-77.15448,38.87294]},"properties":{"id":"node/4822032786","name":"Hai Duong","group":"food","category":"amenity=restaurant","cuisine":"vietnamese","hours":"Mo 10:00-22:00;Tu,Su 09:00-21:30;We-Fr 09:00-22:00;Sa 09:00-23:00","phone":"+1 703-538-5289","housenumber":"6795","street":"Wilson Boulevard","city":"Falls Church","postcode":"22044"}},{"type":"Feature","geometry":{"type":"Point","coordinates":[-77.15441,38.87302]},"properties":{"id":"node/4822032787","name":"Gi\u00f3","group":"food","category":"amenity=cafe","cuisine":"vietnamese","street":"Wilson Boulevard","city":"Falls Church","postcode":"22044"}},{"type":"Feature","geometry":{"type":"Point","coordinates":[-77.15448,38.87302]},"properties":{"id":"node/4822032788","name":"B\u00e1t Nh\u00e3","group":"shopping","category":"shop=gift","street":"Wilson Boulevard","city":"Falls Church","postcode":"22044"}},{"type":"Feature","geometry":{"type":"Point","coordinates":[-77.15459,38.87299]},"properties":{"id":"node/4822032789","name":"T\u00edn H\u00e0nh","group":"shopping","category":"shop=jewelry","street":"Wilson Boulevard","city":"Falls Church","postcode":"22044"}},{"type":"Feature","geometry":{"type":"Point","coordinates":[-77.15469,38.8729]},"properties":{"id":"node/4822032790","name":"H\u00f9ng Anh","group":"personal_care","category":"shop=hairdresser","street":"Wilson Boulevard","city":"Falls Church","postcode":"22044"}},{"type":"Feature","geometry":{"type":"Point","coordinates":[-77.15464,38.87298]},"properties":{"id":"node/4822032791","name":"Kim Ho\u00e0ng Jewelry","group":"shopping","category":"shop=jewelry","street":"Wilson Boulevard","city":"Falls Church","postcode":"22044"}},{"type":"Feature","geometry":{"type":"Point","coordinates":[-77.1547,38.87297]},"properties":{"id":"node/4822032792","name":"Kao Sarn Thai Street Food","group":"food","category":"amenity=restaurant","cuisine":"thai","hours":"Mo-Th,Su 11:00-21:00; Fr-Sa 11:00-22:00","phone":"+1 703-992-7440","website":"https://www.kaosarnthai.com/","housenumber":"6795","street":"Wilson Boulevard","city":"Falls Church","postcode":"22044"}},{"type":"Feature","geometry":{"type":"Point","coordinates":[-77.15476,38.87296]},"properties":{"id":"node/4822032793","name":"Kim Th\u01b0","group":"shopping","category":"shop=jewelry","street":"Wilson Boulevard","city":"Falls Church","postcode":"22044"}},{"type":"Feature","geometry":{"type":"Point","coordinates":[-77.15482,38.87295]},"properties":{"id":"node/4822032794","name":"Saigon C\u01a1m T\u1ea5m","group":"food","category":"amenity=restaurant","cuisine":"vietnamese","street":"Wilson Boulevard","city":"Falls Church","postcode":"22044"}},{"type":"Feature","geometry":{"type":"Point","coordinates":[-77.1549,38.87286]},"properties":{"id":"node/4822032797","name":"Ki\u00ean Giang Qu\u00e1n","group":"food","category":"amenity=restaurant","cuisine":"vietnamese","phone":"+1-703-538-2800","website":"http://edencenter.com/portfolio/kien-giang-quan-restaurant","housenumber":"6795","street":"Wilson Boulevard","city":"Falls Church","postcode":"22044"}},{"type":"Feature","geometry":{"type":"Point","coordinates":[-77.15501,38.87284]},"properties":{"id":"node/4822032798","name":"H.H.N. Pawnbroker Company","group":"services","category":"shop=pawnbroker","street":"Wilson Boulevard","city":"Falls Church","postcode":"22044"}},{"type":"Feature","geometry":{"type":"Point","coordinates":[-77.15493,38.87293]},"properties":{"id":"node/4822032799","name":"Gom Tang E","group":"food","category":"amenity=restaurant","cuisine":"korean","street":"Wilson Boulevard","city":"Falls Church","postcode":"22044"}},{"type":"Feature","geometry":{"type":"Point","coordinates":[-77.15503,38.87292]},"properties":{"id":"node/4822032800","name":"TSN Travel","group":"services","category":"shop=travel_agency","street":"Wilson Boulevard","city":"Falls Church","postcode":"22044"}},{"type":"Feature","geometry":{"type":"Point","coordinates":[-77.15439,38.87288]},"properties":{"id":"node/4822032802","name":"Nh\u00e0 H\u00e0ng Chay","group":"food","category":"amenity=restaurant","street":"Wilson Boulevard","city":"Falls Church","postcode":"22044"}},{"type":"Feature","geometry":{"type":"Point","coordinates":[-77.15452,38.87285]},"properties":{"id":"node/4822032803","name":"Cafe Metro","group":"food","category":"amenity=restaurant","cuisine":"vietnamese","street":"Wilson Boulevard","city":"Falls Church","postcode":"22044"}},{"type":"Feature","geometry":{"type":"Point","coordinates":[-77.15491,38.87301]},"properties":{"id":"node/4827970067","name":"Morning Star Travel","group":"services","category":"shop=travel_agency","street":"Wilson Boulevard","city":"Falls Church","postcode":"22044"}},{"type":"Feature","geometry":{"type":"Point","coordinates":[-77.15496,38.873]},"properties":{"id":"node/4827970068","name":"Thi\u00ean H\u1ef7 Gift Shop","group":"shopping","category":"shop=gift","housenumber":"6795","street":"Wilson Boulevard","city":"Falls Church","postcode":"22044"}},{"type":"Feature","geometry":{"type":"Point","coordinates":[-77.15501,38.87299]},"properties":{"id":"node/4827970069","name":"T-Phone","group":"shopping","category":"shop=mobile_phone","street":"Wilson Boulevard","city":"Falls Church","postcode":"22044"}},{"type":"Feature","geometry":{"type":"Point","coordinates":[-77.15506,38.87298]},"properties":{"id":"node/4827970070","name":"Dream Salon","group":"personal_care","category":"shop=beauty","street":"Wilson Boulevard","city":"Falls Church","postcode":"22044"}},{"type":"Feature","geometry":{"type":"Point","coordinates":[-77.1551,38.87308]},"properties":{"id":"node/4827970071","name":"B\u00e1nh Cu\u1ed1n S\u00e0i G\u00f2n","group":"food","category":"amenity=restaurant","cuisine":"vietnamese","phone":"+1-703-534-4482","website":"http://www.banhcuonsaigon.com/","housenumber":"6795","street":"Wilson Boulevard","city":"Falls Church","postcode":"22044"}},{"type":"Feature","geometry":{"type":"Point","coordinates":[-77.15502,38.8731]},"properties":{"id":"node/4827970072","name":"H\u00f9ng Caf\u00e9","group":"food","category":"amenity=cafe","cuisine":"vietnamese","street":"Wilson Boulevard","city":"Falls Church","postcode":"22044"}},{"type":"Feature","geometry":{"type":"Point","coordinates":[-77.15494,38.87312]},"properties":{"id":"node/4827970073","name":"Kim S\u01a1n","group":"personal_care","category":"shop=beauty","street":"Wilson Boulevard","city":"Falls Church","postcode":"22044"}},{"type":"Feature","geometry":{"type":"Point","coordinates":[-77.15486,38.87314]},"properties":{"id":"node/4827970074","name":"Th\u00f9y Trang Hair Salon","group":"personal_care","category":"shop=hairdresser","housenumber":"6791","street":"Wilson Boulevard","city":"Falls Church","postcode":"22044"}},{"type":"Feature","geometry":{"type":"Point","coordinates":[-77.15479,38.87316]},"properties":{"id":"node/4827970075","name":"Linh Gems","group":"shopping","category":"shop=jewelry","street":"Wilson Boulevard","city":"Falls Church","postcode":"22044"}},{"type":"Feature","geometry":{"type":"Point","coordinates":[-77.15472,38.87317]},"properties":{"id":"node/4827970076","name":"Ph\u01b0\u1edbc L\u1ed9c","group":"food","category":"shop=bakery","cuisine":"vietnamese","website":"https://www.phuoclocbakery.com/","street":"Wilson Boulevard","city":"Falls Church","postcode":"22044"}},{"type":"Feature","geometry":{"type":"Point","coordinates":[-77.15465,38.87318]},"properties":{"id":"node/4828079156","name":"Ho\u00e0ng\u2019s Travel","group":"services","category":"shop=travel_agency","street":"Wilson Boulevard","city":"Falls Church","postcode":"22044"}},{"type":"Feature","geometry":{"type":"Point","coordinates":[-77.15458,38.8732]},"properties":{"id":"node/4828079157","name":"Mai H\u01b0\u01a1ng Hair Salon","group":"personal_care","category":"shop=hairdresser","housenumber":"6795","street":"Wilson Boulevard","city":"Falls Church","postcode":"22044"}},{"type":"Feature","geometry":{"type":"Point","coordinates":[-77.15451,38.87318]},"properties":{"id":"node/4828079158","name":"Kim Li\u00ean","group":"shopping","category":"shop=gift","street":"Wilson Boulevard","city":"Falls Church","postcode":"22044"}},{"type":"Feature","geometry":{"type":"Point","coordinates":[-77.15444,38.8732]},"properties":{"id":"node/4828079159","name":"Damoa Beauty","group":"personal_care","category":"shop=beauty","street":"Wilson Boulevard","city":"Falls Church","postcode":"22044"}},{"type":"Feature","geometry":{"type":"Point","coordinates":[-77.15484,38.87302]},"properties":{"id":"node/4828079160","name":"Ph\u1ee5ng Ho\u00e0ng","group":"food","category":"amenity=restaurant","cuisine":"vietnamese","street":"Wilson Boulevard","city":"Falls Church","postcode":"22044"}},{"type":"Feature","geometry":{"type":"Point","coordinates":[-77.15479,38.87304]},"properties":{"id":"node/4828079161","name":"Thanh V\u00e2n","group":"food","category":"amenity=restaurant","cuisine":"vietnamese","phone":"+1-703-639-0901","website":"http://thanhvanveggie.com/","housenumber":"6795","street":"Wilson Boulevard","city":"Falls Church","postcode":"22044"}},{"type":"Feature","geometry":{"type":"Point","coordinates":[-77.15473,38.87305]},"properties":{"id":"node/4828079162","name":"BB Skincare & Cosmetics","group":"personal_care","category":"shop=beauty","street":"Wilson Boulevard","city":"Falls Church","postcode":"22044"}},{"type":"Feature","geometry":{"type":"Point","coordinates":[-77.15466,38.87306]},"properties":{"id":"node/4828079163","name":"Sunlight Travel","group":"services","category":"shop=travel_agency","street":"Wilson Boulevard","city":"Falls Church","postcode":"22044"}},{"type":"Feature","geometry":{"type":"Point","coordinates":[-77.15461,38.87308]},"properties":{"id":"node/4828079164","name":"Cafe Trung Nguy\u00ean","group":"food","category":"amenity=fast_food","cuisine":"vietnamese","street":"Wilson Boulevard","city":"Falls Church","postcode":"22044"}},{"type":"Feature","geometry":{"type":"Point","coordinates":[-77.15451,38.87309]},"properties":{"id":"node/4828079165","name":"Thanh Tr\u00fac","group":"food","category":"amenity=restaurant","cuisine":"vietnamese","phone":"+1-703-534-6988","housenumber":"6795","street":"Wilson Boulevard","city":"Falls Church","postcode":"22044"}},{"type":"Feature","geometry":{"type":"Point","coordinates":[-77.15443,38.87311]},"properties":{"id":"node/4828079166","name":"Saigon Restaurant","group":"food","category":"amenity=restaurant","cuisine":"vietnamese","phone":"+1-703-237-5712","website":"http://runinout.com/Seven-Corners/Ngoc-Anh","housenumber":"6795","street":"Wilson Boulevard","city":"Falls Church","postcode":"22044"}},{"type":"Feature","geometry":{"type":"Point","coordinates":[-77.15447,38.87326]},"properties":{"id":"node/4828079167","name":"Washington Music Center","group":"shopping","category":"shop=music","street":"Wilson Boulevard","city":"Falls Church","postcode":"22044"}},{"type":"Feature","geometry":{"type":"Point","coordinates":[-77.15456,38.87324]},"properties":{"id":"node/4828079168","name":"Ng\u1ecdc Quy\u00ean","group":"shopping","category":"shop=gift","street":"Wilson Boulevard","city":"Falls Church","postcode":"22044"}},{"type":"Feature","geometry":{"type":"Point","coordinates":[-77.15451,38.87325]},"properties":{"id":"node/4828079169","name":"Cell Phone Repair Center","group":"services","category":"shop=phone_repair","street":"Wilson Boulevard","city":"Falls Church","postcode":"22044"}},{"type":"Feature","geometry":{"type":"Point","coordinates":[-77.15421,38.87427]},"properties":{"id":"node/4828125248","name":"Kim Chau Jewelry","group":"shopping","category":"shop=jewelry","housenumber":"6757","street":"Wilson Boulevard","city":"Falls Church","postcode":"22044"}},{"type":"Feature","geometry":{"type":"Point","coordinates":[-77.15422,38.87432]},"properties":{"id":"node/4828125250","name":"Rex Barber","group":"personal_care","category":"shop=hairdresser","street":"Wilson Boulevard","city":"Falls Church","postcode":"22044"}},{"type":"Feature","geometry":{"type":"Point","coordinates":[-77.15422,38.87438]},"properties":{"id":"node/4828125251","name":"Cafe Nh\u1edb","group":"food","category":"amenity=cafe","cuisine":"vietnamese","hours":"11:00-19:00","phone":"+1 703-237-1121","website":"https://edencenter.com/stores/cafe-nho/","housenumber":"6757","street":"Wilson Boulevard","postcode":"22044"}},{"type":"Feature","geometry":{"type":"Point","coordinates":[-77.15411,38.87429]},"properties":{"id":"node/4828125252","name":"Princess Diamonds","group":"shopping","category":"shop=jewelry","street":"Wilson Boulevard","city":"Falls Church","postcode":"22044"}},{"type":"Feature","geometry":{"type":"Point","coordinates":[-77.15409,38.8744]},"properties":{"id":"node/4828125254","name":"Ch\u1ea3 Ph\u00fa H\u01b0ng","group":"food","category":"amenity=fast_food","cuisine":"vietnamese","street":"Wilson Boulevard","city":"Falls Church","postcode":"22044"}},{"type":"Feature","geometry":{"type":"Point","coordinates":[-77.15412,38.87447]},"properties":{"id":"node/4828125255","name":"Nha Trang","group":"food","category":"amenity=restaurant","cuisine":"vietnamese","phone":"+1-703-534-1657","website":"http://www.edencenter.com/portfolio/nha-trang-restaurant/","housenumber":"6757","street":"Wilson Boulevard","city":"Falls Church","postcode":"22044"}},{"type":"Feature","geometry":{"type":"Point","coordinates":[-77.15425,38.87447]},"properties":{"id":"node/4828125256","name":"Ph\u01b0\u01a1ng Alterations","group":"services","category":"shop=tailor","street":"Wilson Boulevard","city":"Falls Church","postcode":"22044"}},{"type":"Feature","geometry":{"type":"Point","coordinates":[-77.15425,38.87444]},"properties":{"id":"node/4828125257","name":"Thi\u1ec7n M\u1ef9 Hair Design","group":"personal_care","category":"shop=hairdresser","housenumber":"6757","street":"Wilson Boulevard","city":"Falls Church","postcode":"22044"}},{"type":"Feature","geometry":{"type":"Point","coordinates":[-77.15424,38.87441]},"properties":{"id":"node/4828125258","name":"Thi\u00ean Sanh \u0110\u00f4ng Y D\u01b0\u1ee3c Ph\u00f2ng","group":"personal_care","category":"shop=herbalist","street":"Wilson Boulevard","city":"Falls Church","postcode":"22044"}},{"type":"Feature","geometry":{"type":"Point","coordinates":[-77.15404,38.8746]},"properties":{"id":"node/4828125259","name":"Aicom Fiber","group":"shopping","category":"shop=mobile_phone","website":"https://www.edentvstore.com/","street":"Wilson Boulevard","city":"Falls Church","postcode":"22044"}},{"type":"Feature","geometry":{"type":"Point","coordinates":[-77.15388,38.87459]},"properties":{"id":"node/4828125261","name":"Ng\u1ecdc Th\u1ee7y","group":"food","category":"amenity=restaurant","cuisine":"vietnamese","street":"Wilson Boulevard","city":"Falls Church","postcode":"22044"}},{"type":"Feature","geometry":{"type":"Point","coordinates":[-77.15386,38.87454]},"properties":{"id":"node/4828125262","name":"B\u00e1nh Cu\u1ed1n Th\u0103ng Long","group":"food","category":"amenity=restaurant","cuisine":"vietnamese","phone":"+1-703-534-1746","website":"https://www.banhcuonthanglong.com/","housenumber":"6757","street":"Wilson Boulevard","city":"Falls Church","postcode":"22044"}},{"type":"Feature","geometry":{"type":"Point","coordinates":[-77.15401,38.87454]},"properties":{"id":"node/4828125264","name":"Hoa Vi\u00ean Qu\u00e1n","group":"food","category":"amenity=restaurant","cuisine":"vietnamese","phone":"+1-703-241-1894","website":"https://quizjungle.com","housenumber":"6757","street":"Wilson Boulevard","city":"Falls Church","postcode":"22044"}},{"type":"Feature","geometry":{"type":"Point","coordinates":[-77.15398,38.87448]},"properties":{"id":"node/4828125265","name":"Le Mirage","group":"food","category":"amenity=fast_food","cuisine":"vietnamese","phone":"+1-703-536-8928","website":"http://www.edencenter.com/portfolio/cafe-le-mirage","housenumber":"6755","street":"Wilson Boulevard","city":"Falls Church","postcode":"22044"}},{"type":"Feature","geometry":{"type":"Point","coordinates":[-77.15396,38.87442]},"properties":{"id":"node/4828125266","name":"H\u2082O Caf\u00e9","group":"food","category":"amenity=cafe","cuisine":"vietnamese","street":"Wilson Boulevard","city":"Falls Church","postcode":"22044"}},{"type":"Feature","geometry":{"type":"Point","coordinates":[-77.15378,38.87439]},"properties":{"id":"node/4828125269","name":"Kim Phuoc Jewelry","group":"shopping","category":"shop=jewelry","housenumber":"6755","street":"Wilson Boulevard","city":"Falls Church","postcode":"22044"}},{"type":"Feature","geometry":{"type":"Point","coordinates":[-77.15382,38.87435]},"properties":{"id":"node/4828125270","name":"Phuong Hair Beauty Salon","group":"personal_care","category":"shop=hairdresser","street":"Wilson Boulevard","city":"Falls Church","postcode":"22044"}},{"type":"Feature","geometry":{"type":"Point","coordinates":[-77.15387,38.87434]},"properties":{"id":"node/4828125271","name":"Saigon USA","group":"shopping","category":"shop=mobile_phone","street":"Wilson Boulevard","city":"Falls Church","postcode":"22044"}},{"type":"Feature","geometry":{"type":"Point","coordinates":[-77.15396,38.87433]},"properties":{"id":"node/4828125272","name":"B\u1ea1ch Tuy\u1ebft","group":"shopping","category":"shop=jewelry","street":"Wilson Boulevard","city":"Falls Church","postcode":"22044"}},{"type":"Feature","geometry":{"type":"Point","coordinates":[-77.15463,38.87419]},"properties":{"id":"node/4828174972","name":"Dupont Central","group":"shopping","category":"shop=jewelry","street":"Wilson Boulevard","city":"Falls Church","postcode":"22044"}},{"type":"Feature","geometry":{"type":"Point","coordinates":[-77.15474,38.87425]},"properties":{"id":"node/4828174975","name":"Ngoc Linh Jewelry","group":"shopping","category":"shop=jewelry","housenumber":"6763","street":"Wilson Boulevard","city":"Falls Church","postcode":"22044"}},{"type":"Feature","geometry":{"type":"Point","coordinates":[-77.15476,38.8743]},"properties":{"id":"node/4828174976","name":"China Herbs Eden Center","group":"personal_care","category":"shop=herbalist","housenumber":"6763","street":"Wilson Boulevard","city":"Falls Church","postcode":"22044"}},{"type":"Feature","geometry":{"type":"Point","coordinates":[-77.15467,38.87429]},"properties":{"id":"node/4828174977","name":"Beaut\u00e9 Divine","group":"personal_care","category":"shop=beauty","street":"Wilson Boulevard","city":"Falls Church","postcode":"22044"}},{"type":"Feature","geometry":{"type":"Point","coordinates":[-77.15469,38.87435]},"properties":{"id":"node/4828174978","name":"Ng\u1ecdc H\u01b0\u01a1ng Jewelry","group":"shopping","category":"shop=jewelry","housenumber":"6763","street":"Wilson Boulevard","city":"Falls Church","postcode":"22044"}},{"type":"Feature","geometry":{"type":"Point","coordinates":[-77.1548,38.87441]},"properties":{"id":"node/4828174983","name":"Kobe House","group":"food","category":"amenity=restaurant","cuisine":"vietnamese","street":"Wilson Boulevard","city":"Falls Church","postcode":"22044"}},{"type":"Feature","geometry":{"type":"Point","coordinates":[-77.15466,38.87443]},"properties":{"id":"node/4828174985","name":"Ch\u1ee3 C\u0169 Saigon","group":"food","category":"amenity=restaurant","cuisine":"chinese","phone":"+1-703-538-2168","website":"http://www.edencenter.com/portfolio/cho-cu-saigon-restaurant","housenumber":"6763","street":"Wilson Boulevard","city":"Falls Church","postcode":"22044"}},{"type":"Feature","geometry":{"type":"Point","coordinates":[-77.1546,38.87437]},"properties":{"id":"node/4828174986","name":"Nh\u01b0 Lan Sandwich","group":"food","category":"shop=bakery","cuisine":"vietnamese","website":"https://www.nhulansandwich.com/","street":"Wilson Boulevard","city":"Falls Church","postcode":"22044"}},{"type":"Feature","geometry":{"type":"Point","coordinates":[-77.15458,38.87445]},"properties":{"id":"node/4828174987","name":"Thanh\u2019s Video","group":"shopping","category":"shop=video","street":"Wilson Boulevard","city":"Falls Church","postcode":"22044"}},{"type":"Feature","geometry":{"type":"Point","coordinates":[-77.15453,38.87446]},"properties":{"id":"node/4828174988","name":"Ho\u00e0ng Th\u01a1","group":"personal_care","category":"shop=hairdresser","street":"Wilson Boulevard","city":"Falls Church","postcode":"22044"}},{"type":"Feature","geometry":{"type":"Point","coordinates":[-77.15447,38.87447]},"properties":{"id":"node/4828174989","name":"Caf\u00e9 Ti\u00ean","group":"food","category":"amenity=cafe","cuisine":"vietnamese","street":"Wilson Boulevard","city":"Falls Church","postcode":"22044"}},{"type":"Feature","geometry":{"type":"Point","coordinates":[-77.15459,38.87431]},"properties":{"id":"node/4828174990","name":"Saigon Center","group":"services","category":"shop=travel_agency","street":"Wilson Boulevard","city":"Falls Church","postcode":"22044"}},{"type":"Feature","geometry":{"type":"Point","coordinates":[-77.15456,38.87425]},"properties":{"id":"node/4828174991","name":"New World","group":"shopping","category":"shop=toys","street":"Wilson Boulevard","city":"Falls Church","postcode":"22044"}},{"type":"Feature","geometry":{"type":"Point","coordinates":[-77.15455,38.87419]},"properties":{"id":"node/4828174992","name":"Sandy Beauty","group":"personal_care","category":"shop=beauty","street":"Wilson Boulevard","city":"Falls Church","postcode":"22044"}},{"type":"Feature","geometry":{"type":"Point","coordinates":[-77.15162,38.87378]},"properties":{"id":"node/4828428331","name":"New Moon","group":"food","category":"amenity=restaurant","cuisine":"chinese;salvadoran;mexican","website":"http://newmoon-restaurant.com/","street":"Wilson Boulevard","city":"Falls Church","postcode":"22044"}},{"type":"Feature","geometry":{"type":"Point","coordinates":[-77.15155,38.8738]},"properties":{"id":"node/4828428332","name":"Tienda Latina El Centro","group":"groceries","category":"shop=convenience","housenumber":"6617","street":"Wilson Boulevard","city":"Falls Church","postcode":"22044"}},{"type":"Feature","geometry":{"type":"Point","coordinates":[-77.15149,38.87381]},"properties":{"id":"node/4828428333","name":"Beauty Aesthetic & Spa","group":"personal_care","category":"shop=beauty","street":"Wilson Boulevard","city":"Falls Church","postcode":"22044"}},{"type":"Feature","geometry":{"type":"Point","coordinates":[-77.15142,38.87382]},"properties":{"id":"node/4828428334","name":"Thai Time","group":"food","category":"amenity=fast_food","cuisine":"thai","housenumber":"6613","street":"Wilson Boulevard","city":"Falls Church","postcode":"22044"}},{"type":"Feature","geometry":{"type":"Point","coordinates":[-77.15134,38.87383]},"properties":{"id":"node/4828428335","name":"Yolanda\u2019s Hair Salon","group":"personal_care","category":"shop=hairdresser","street":"Wilson Boulevard","city":"Falls Church","postcode":"22044"}},{"type":"Feature","geometry":{"type":"Point","coordinates":[-77.15126,38.87385]},"properties":{"id":"node/4828428336","name":"Vietnam Supermarket","group":"groceries","category":"shop=grocery","street":"Wilson Boulevard","city":"Falls Church","postcode":"22044"}},{"type":"Feature","geometry":{"type":"Point","coordinates":[-77.15271,38.87241]},"properties":{"id":"node/4828428417","name":"Hong Kong Pearl Seafood Restaurant","group":"food","category":"amenity=restaurant","cuisine":"chinese","hours":"Mo-Fr 10:30-26:00; Sa,Su,PH 10:00-26:00","phone":"+1 703-237-1388","housenumber":"6286","street":"Arlington Boulevard","city":"Falls Church","postcode":"22044"}},{"type":"Feature","geometry":{"type":"Point","coordinates":[-77.15239,38.87206]},"properties":{"id":"node/4828428419","name":"Castro\u2019s Bakery","group":"food","category":"shop=pastry","cuisine":"latin_american","hours":"Mo-Sa 07:00-19:00; Su 07:00-11:00","phone":"+1 703-531-1340","website":"https://castrobakery.com/","housenumber":"6276","street":"Arlington Boulevard","city":"Falls Church","postcode":"22044"}},{"type":"Feature","geometry":{"type":"Point","coordinates":[-77.1557,38.87103]},"properties":{"id":"node/4828428826","name":"Eyekare Express","group":"personal_care","category":"shop=optician","phone":"+1-703-241-4156","website":"https://www.eyekareexpress.com/","street":"Leesburg Pike","city":"Falls Church"}},{"type":"Feature","geometry":{"type":"Point","coordinates":[-77.15669,38.83579]},"properties":{"id":"node/4904513331","name":"Chay","group":"services","category":"shop=laundry","cuisine":"vietnamese","hours":"Mo-Su 10:00-21:00","phone":"+1-571-378-1771","website":"https://www.chayrestaurant.com/","housenumber":"6951-201","street":"Columbia Pike","postcode":"22041"}},{"type":"Feature","geometry":{"type":"Point","coordinates":[-77.12336,38.89707]},"properties":{"id":"node/4936209856","name":"Livin' The Pie Life","group":"food","category":"amenity=cafe","cuisine":"bakery;pie;cookie;coffee_shop","hours":"Tu-Fr 07:00-19:00, Sa 09:00-16:00; Su-Mo off","phone":"+1 571-431-7727","housenumber":"2166","street":"North Glebe Road","city":"Arlington","postcode":"22207"}},{"type":"Feature","geometry":{"type":"Point","coordinates":[-77.13951,38.85536]},"properties":{"id":"node/5103663822","name":"Peking Gourmet Inn","group":"food","category":"amenity=restaurant","cuisine":"chinese","housenumber":"6029","street":"Leesburg Pike","city":"Falls Church","postcode":"22041"}},{"type":"Feature","geometry":{"type":"Point","coordinates":[-77.21514,38.79416]},"properties":{"id":"node/5122023900","name":"Carousel Tickets","group":"shopping","category":"shop=ticket"}},{"type":"Feature","geometry":{"type":"Point","coordinates":[-77.18824,38.83414]},"properties":{"id":"node/5210340423","name":"Beanetics Coffee Roasters","group":"food","category":"amenity=cafe","hours":"Mo-Th 07:00-20:00; Fr-Sa 07:00-21:00; Su 08:30-18:00","phone":"+1 703-941-4506","website":"https://beanetics.com","housenumber":"7028","street":"Columbia Pike","city":"Annandale","postcode":"22003"}},{"type":"Feature","geometry":{"type":"Point","coordinates":[-77.21441,38.82536]},"properties":{"id":"node/5222357621","name":"Hunan Heritage","group":"food","category":"amenity=restaurant","cuisine":"chinese","phone":"+1-703-941-5808","website":"http://www.hunanheritageannandale.com","housenumber":"7869","street":"Heritage Drive","postcode":"22003"}},{"type":"Feature","geometry":{"type":"Point","coordinates":[-77.12584,38.89688]},"properties":{"id":"node/5243213445","name":"Minerva Express","group":"food","category":"amenity=restaurant","cuisine":"indian","hours":"Mo-Su 11:00-21:00","phone":"+1 703-841-9626","website":"http://indiaa1minerva.com/","housenumber":"4815","street":"Langston Boulevard","city":"Arlington","postcode":"22207"}},{"type":"Feature","geometry":{"type":"Point","coordinates":[-77.12577,38.8969]},"properties":{"id":"node/5243213446","name":"India A-1 Grocery","group":"groceries","category":"shop=supermarket","phone":"+1 703-841-9626","housenumber":"4815","street":"Langston Boulevard","postcode":"22207"}},{"type":"Feature","geometry":{"type":"Point","coordinates":[-77.15622,38.83529]},"properties":{"id":"node/5254897895","name":"Super Pollo Charcoal Chicken","group":"food","category":"amenity=restaurant"}},{"type":"Feature","geometry":{"type":"Point","coordinates":[-77.15524,38.83614]},"properties":{"id":"node/5254897923","name":"Pet Depot","group":"shopping","category":"shop=pet"}},{"type":"Feature","geometry":{"type":"Point","coordinates":[-77.15524,38.83619]},"properties":{"id":"node/5254897924","name":"Paak Bangla Bazaar","group":"groceries","category":"shop=variety_store"}},{"type":"Feature","geometry":{"type":"Point","coordinates":[-77.1552,38.83643]},"properties":{"id":"node/5254897925","name":"Hong Kong Express","group":"food","category":"amenity=restaurant"}},{"type":"Feature","geometry":{"type":"Point","coordinates":[-77.15516,38.83669]},"properties":{"id":"node/5254897930","name":"Valentino's American Beauty","group":"personal_care","category":"shop=beauty"}},{"type":"Feature","geometry":{"type":"Point","coordinates":[-77.15514,38.83676]},"properties":{"id":"node/5254897932","name":"JMD Furniture","group":"shopping","category":"shop=furniture"}},{"type":"Feature","geometry":{"type":"Point","coordinates":[-77.17134,38.87952]},"properties":{"id":"node/5256720359","name":"Hillwood Cleaners","group":"services","category":"shop=dry_cleaning","phone":"+1 703-534-5577","housenumber":"165","street":"Hillwood Avenue","city":"Falls Church","postcode":"22046"}},{"type":"Feature","geometry":{"type":"Point","coordinates":[-77.17142,38.87953]},"properties":{"id":"node/5262170554","name":"Hillwood Nails Spa & Lashes","group":"personal_care","category":"shop=beauty","phone":"+1-703-538-6888","housenumber":"163","street":"Hillwood Avenue","city":"Falls Church","postcode":"22046"}},{"type":"Feature","geometry":{"type":"Point","coordinates":[-77.20552,38.90203]},"properties":{"id":"node/5271108341","name":"Idylwood Grill & Wine Bar","group":"food","category":"amenity=restaurant","cuisine":"italian;french;american","housenumber":"2190","street":"Pimmit Drive","city":"Falls Church","postcode":"22043"}},{"type":"Feature","geometry":{"type":"Point","coordinates":[-77.12393,38.80752]},"properties":{"id":"node/5414988164","name":"Mediterranean Bakery and Cafe","group":"groceries","category":"shop=convenience","hours":"Mo-Sa 08:00-20:00; Su 08:00-18:00","housenumber":"352","street":"South Pickett Street","city":"Alexandria","postcode":"22304"}},{"type":"Feature","geometry":{"type":"Point","coordinates":[-77.12419,38.80745]},"properties":{"id":"node/5414988165","name":"Taste of Asia","group":"food","category":"amenity=restaurant","cuisine":"chinese;thai","hours":"Mo off; Tu-Su 11:00-21:30","phone":"+1-703-370-1873","website":"https://www.tasteofasia-alexandria.com/","housenumber":"362","street":"South Pickett Street","city":"Alexandria","postcode":"22304"}},{"type":"Feature","geometry":{"type":"Point","coordinates":[-77.12404,38.80838]},"properties":{"id":"node/5414988166","name":"Wiygul Automotive Clinic","group":"services","category":"shop=car_repair","housenumber":"310","street":"South Pickett Street","city":"Alexandria","postcode":"22304"}},{"type":"Feature","geometry":{"type":"Point","coordinates":[-77.12388,38.80801]},"properties":{"id":"node/5414988167","name":"Fat City Kitchen","group":"food","category":"amenity=restaurant","cuisine":"american","hours":"Mo-Sa 11:00-23:30; Su 10:00-23:00","phone":"+1-703-685-9172","website":"https://www.fatcitykitchen.com/","housenumber":"330","street":"South Pickett Street","city":"Alexandria","postcode":"22304"}},{"type":"Feature","geometry":{"type":"Point","coordinates":[-77.13351,38.81052]},"properties":{"id":"node/5494164217","name":"Java Loco","group":"food","category":"amenity=cafe","cuisine":"coffee_shop","housenumber":"289","street":"South Van Dorn Street","city":"Alexandria","postcode":"22304"}},{"type":"Feature","geometry":{"type":"Point","coordinates":[-77.13348,38.81096]},"properties":{"id":"node/5514947087","name":"American Dream Nail Spa","group":"personal_care","category":"shop=beauty","housenumber":"273","street":"South Van Dorn Street","city":"Alexandria","postcode":"22304"}},{"type":"Feature","geometry":{"type":"Point","coordinates":[-77.13342,38.81123]},"properties":{"id":"node/5514947088","name":"Pho 95S","group":"food","category":"amenity=restaurant","cuisine":"vietnamese","phone":"+1-703-566-5441","housenumber":"265","street":"South Van Dorn Street","city":"Alexandria","postcode":"22304"}},{"type":"Feature","geometry":{"type":"Point","coordinates":[-77.13339,38.81133]},"properties":{"id":"node/5514947101","name":"The Club","group":"food","category":"amenity=restaurant","cuisine":"sandwich","housenumber":"261","street":"South Van Dorn Street","city":"Alexandria","postcode":"22304"}},{"type":"Feature","geometry":{"type":"Point","coordinates":[-77.13334,38.81203]},"properties":{"id":"node/5514947221","name":"Los Tios Grill","group":"food","category":"amenity=restaurant","cuisine":"mexican","phone":"+1-703-746-9054","website":"https://lostiosgrill.com/","housenumber":"241","street":"South Van Dorn Street","city":"Alexandria","postcode":"22304"}},{"type":"Feature","geometry":{"type":"Point","coordinates":[-77.1335,38.81073]},"properties":{"id":"node/5514947245","name":"Emma's Chicken","group":"food","category":"amenity=restaurant","cuisine":"chicken","phone":"+1-703-751-0100","website":"http://www.emmaschickens.com","housenumber":"279","street":"South Van Dorn Street","city":"Alexandria","postcode":"22304"}},{"type":"Feature","geometry":{"type":"Point","coordinates":[-77.1335,38.81068]},"properties":{"id":"node/5514947256","name":"Van Dorn Diner","group":"food","category":"amenity=restaurant","cuisine":"diner","phone":"+1-703-566-2866","website":"https://www.vandorndiner.com/","housenumber":"281","street":"South Van Dorn Street","city":"Alexandria","postcode":"22304"}},{"type":"Feature","geometry":{"type":"Point","coordinates":[-77.1223,38.78574]},"properties":{"id":"node/5528393173","name":"Pho Kim","group":"food","category":"amenity=restaurant","cuisine":"vietnamese","housenumber":"6050","street":"Rose Hill Drive","city":"Alexandria","postcode":"22310"}},{"type":"Feature","geometry":{"type":"Point","coordinates":[-77.12235,38.78491]},"properties":{"id":"node/5534415765","name":"Mama Mia Pizza","group":"food","category":"amenity=restaurant","cuisine":"pizza","housenumber":"6112","street":"Rose Hill Drive","city":"Alexandria","postcode":"22310"}},{"type":"Feature","geometry":{"type":"Point","coordinates":[-77.12246,38.78545]},"properties":{"id":"node/5534415766","name":"rugged Warehouse","group":"shopping","category":"shop=clothes","housenumber":"6096","street":"Rose Hill Drive","city":"Alexandria","postcode":"22310"}},{"type":"Feature","geometry":{"type":"Point","coordinates":[-77.12232,38.78473]},"properties":{"id":"node/5534415769","name":"Pet Value","group":"shopping","category":"shop=pet","housenumber":"6120","street":"Rose Hill Drive","city":"Alexandria","postcode":"22310"}},{"type":"Feature","geometry":{"type":"Point","coordinates":[-77.12233,38.78478]},"properties":{"id":"node/5534415772","name":"Poochie Playhouse","group":"shopping","category":"shop=pet","housenumber":"6118","street":"Rose Hill Drive","city":"Alexandria","postcode":"22310"}},{"type":"Feature","geometry":{"type":"Point","coordinates":[-77.12239,38.78508]},"properties":{"id":"node/5534415773","name":"City Nails","group":"personal_care","category":"shop=beauty","housenumber":"6108","street":"Rose Hill Drive","city":"Alexandria","postcode":"22310"}},{"type":"Feature","geometry":{"type":"Point","coordinates":[-77.08336,38.76623]},"properties":{"id":"node/5551713685","name":"Key Auto Upholstery","group":"shopping","category":"shop=car_parts"}},{"type":"Feature","geometry":{"type":"Point","coordinates":[-77.08348,38.77115]},"properties":{"id":"node/5551720044","name":"Lee's Cleaners","group":"services","category":"shop=dry_cleaning","hours":"Mo-Fr 07:00-19:00; Sa 08:00-18:00; Su off"}},{"type":"Feature","geometry":{"type":"Point","coordinates":[-77.08346,38.7712]},"properties":{"id":"node/5551720045","name":"Nails America","group":"personal_care","category":"shop=beauty"}},{"type":"Feature","geometry":{"type":"Point","coordinates":[-77.08312,38.77342]},"properties":{"id":"node/5551720059","name":"Party Depot","group":"shopping","category":"shop=party"}},{"type":"Feature","geometry":{"type":"Point","coordinates":[-77.08291,38.77376]},"properties":{"id":"node/5551720065","name":"Cigar Guy","group":"shopping","category":"shop=tobacco"}},{"type":"Feature","geometry":{"type":"Point","coordinates":[-77.08141,38.77019]},"properties":{"id":"node/5553056139","name":"Al's Used Tires and Rims","group":"services","category":"shop=tyres"}},{"type":"Feature","geometry":{"type":"Point","coordinates":[-77.08087,38.7711]},"properties":{"id":"node/5553056163","name":"Bray & Scarff","group":"shopping","category":"shop=appliance"}},{"type":"Feature","geometry":{"type":"Point","coordinates":[-77.0808,38.77305]},"properties":{"id":"node/5553056180","name":"Whiz Cleaners","group":"services","category":"shop=dry_cleaning"}},{"type":"Feature","geometry":{"type":"Point","coordinates":[-77.08066,38.773]},"properties":{"id":"node/5553056181","name":"Ali Baba Groceries","group":"food","category":"shop=deli"}},{"type":"Feature","geometry":{"type":"Point","coordinates":[-77.08054,38.77296]},"properties":{"id":"node/5553056182","name":"In D. Barber Shop","group":"personal_care","category":"shop=hairdresser"}},{"type":"Feature","geometry":{"type":"Point","coordinates":[-77.07997,38.77369]},"properties":{"id":"node/5553056196","name":"Del-Ray Glass Company .Inc","group":"services","category":"craft=window_construction"}},{"type":"Feature","geometry":{"type":"Point","coordinates":[-77.08124,38.76988]},"properties":{"id":"node/5553056433","name":"Route 1 Auto Care Richmond Highway Mechanic","group":"services","category":"shop=car_repair"}},{"type":"Feature","geometry":{"type":"Point","coordinates":[-77.081,38.77976]},"properties":{"id":"node/5562794787","name":"SKC Cleaners","group":"services","category":"shop=dry_cleaning","housenumber":"6329","street":"South Kings Highway","city":"Alexandria","postcode":"22306"}},{"type":"Feature","geometry":{"type":"Point","coordinates":[-77.08111,38.77969]},"properties":{"id":"node/5562794788","name":"Eastern Restaurant","group":"food","category":"amenity=restaurant","cuisine":"chinese","housenumber":"6331","street":"South Kings Highway","city":"Alexandria","postcode":"22306"}},{"type":"Feature","geometry":{"type":"Point","coordinates":[-77.081,38.77931]},"properties":{"id":"node/5562794789","name":"South Seafood Market","group":"groceries","category":"shop=seafood","housenumber":"6333","street":"South Kings Highway","city":"Alexandria","postcode":"22306"}},{"type":"Feature","geometry":{"type":"Point","coordinates":[-77.08106,38.77972]},"properties":{"id":"node/5562794790","name":"Hair Season","group":"personal_care","category":"shop=hairdresser","housenumber":"6331","street":"South Kings Highway","city":"Alexandria","postcode":"22306"}},{"type":"Feature","geometry":{"type":"Point","coordinates":[-77.08121,38.77962]},"properties":{"id":"node/5562794791","name":"Kingsway Laundromat","group":"services","category":"shop=laundry","housenumber":"6333","street":"South Kings Highway","city":"Alexandria","postcode":"22306"}},{"type":"Feature","geometry":{"type":"Point","coordinates":[-77.0769,38.78939]},"properties":{"id":"node/5589301163","name":"Bob and Edith's","group":"food","category":"amenity=restaurant","cuisine":"diner","hours":"24/7","phone":"+1 703-373-3284","website":"https://www.bobandedithsdiner.com/"}},{"type":"Feature","geometry":{"type":"Point","coordinates":[-77.12993,38.78438]},"properties":{"id":"node/5590762676","name":"Brush and Comb","group":"personal_care","category":"shop=hairdresser","housenumber":"5510","street":"Franconia Road","city":"Alexandria","postcode":"22310"}},{"type":"Feature","geometry":{"type":"Point","coordinates":[-77.12198,38.78402]},"properties":{"id":"node/5650336014","name":"Snips for Hair","group":"personal_care","category":"shop=hairdresser","housenumber":"6136","street":"Rose Hill Drive","city":"Alexandria","postcode":"22310"}},{"type":"Feature","geometry":{"type":"Point","coordinates":[-77.12193,38.78403]},"properties":{"id":"node/5650336015","name":"Nemaste","group":"food","category":"amenity=restaurant","cuisine":"indian","housenumber":"6138","street":"Rose Hill Drive","city":"Alexandria","postcode":"22310"}},{"type":"Feature","geometry":{"type":"Point","coordinates":[-77.12204,38.78401]},"properties":{"id":"node/5650336016","name":"Rose Hill Barber Shop","group":"personal_care","category":"shop=hairdresser","housenumber":"6134","street":"Rose Hill Drive","city":"Alexandria","postcode":"22310"}},{"type":"Feature","geometry":{"type":"Point","coordinates":[-77.18414,38.8128]},"properties":{"id":"node/5752178906","name":"Vino's Barber","group":"personal_care","category":"shop=hairdresser","hours":"Mo-Fr 10:00-19:00; Sa 10:00-18:00; Su 10:00-17:00","housenumber":"6920","street":"Braddock Road","city":"Annandale","postcode":"22003"}},{"type":"Feature","geometry":{"type":"Point","coordinates":[-77.18414,38.81271]},"properties":{"id":"node/5752178907","name":"Hair Zone","group":"personal_care","category":"shop=hairdresser","hours":"Mo-Sa 09:00-19:00; Su 09:00-17:00","housenumber":"6920","street":"Braddock Road","city":"Annandale","postcode":"22003"}},{"type":"Feature","geometry":{"type":"Point","coordinates":[-77.18414,38.81295]},"properties":{"id":"node/5752189962","name":"Mae Ornnit","group":"food","category":"amenity=restaurant","cuisine":"thai","hours":"Mo-Fr 11:00-21:00; Sa-Su 12:00-21:00","phone":"+1-571-378-0043","housenumber":"6920","street":"Braddock Road","city":"Annandale","postcode":"22003"}},{"type":"Feature","geometry":{"type":"Point","coordinates":[-77.18414,38.81299]},"properties":{"id":"node/5752189963","name":"Kabobistan","group":"food","category":"amenity=fast_food","cuisine":"kebab","hours":"Mo-Sa 11:00-22:00; Su 11:00-21:00","phone":"+1 703-866-8615","website":"https://www.mykabobistan.com/","housenumber":"6920","street":"Braddock Road","city":"Annandale","postcode":"22003"}},{"type":"Feature","geometry":{"type":"Point","coordinates":[-77.18414,38.81291]},"properties":{"id":"node/5752189966","name":"Hoang Ty","group":"food","category":"amenity=restaurant","cuisine":"vietnamese","housenumber":"6920","street":"Braddock Road","city":"Annandale","postcode":"22003"}},{"type":"Feature","geometry":{"type":"Point","coordinates":[-77.14113,38.75338]},"properties":{"id":"node/5759666021","name":"Stone Hot Pizza","group":"food","category":"amenity=restaurant","cuisine":"pizza","hours":"Su-Th 11:00-21:00; Fr,Sa 11:00-22:00","phone":"+1-703-313-7100","website":"https://stonehotpizza.com","housenumber":"7578","street":"Telegraph Road","city":"Alexandria","postcode":"22315"}},{"type":"Feature","geometry":{"type":"Point","coordinates":[-77.08522,38.74936]},"properties":{"id":"node/5773978012","name":"JMD Furniture","group":"shopping","category":"shop=furniture","hours":"Mo-Sa 10:00-20:00; Su 10:00-18:00","phone":"+1 703-746-8262","housenumber":"7702 B-D","street":"Richmond Highway"}},{"type":"Feature","geometry":{"type":"Point","coordinates":[-77.08339,38.758]},"properties":{"id":"node/5773997624","name":"MVC Late Night","group":"shopping","category":"shop=erotic","street":"Richmond Highway"}},{"type":"Feature","geometry":{"type":"Point","coordinates":[-77.17192,38.88413]},"properties":{"id":"node/5893195164","name":"Northside Social","group":"food","category":"amenity=restaurant","phone":"+1-703-992-8650","website":"https://www.northsidesocialva.com/","housenumber":"205","street":"Park Avenue","city":"Falls Church","postcode":"22046-4311"}},{"type":"Feature","geometry":{"type":"Point","coordinates":[-77.17336,38.88025]},"properties":{"id":"node/5893235939","name":"Milagro's Pupuseria & Deli","group":"food","category":"amenity=restaurant","cuisine":"mexican","housenumber":"301","street":"South Washington Street","city":"Falls Church","postcode":"22046"}},{"type":"Feature","geometry":{"type":"Point","coordinates":[-77.17339,38.88009]},"properties":{"id":"node/5893239406","name":"Top Class Barbers","group":"personal_care","category":"shop=hairdresser","street":"East Annandale Road","city":"Falls Church"}},{"type":"Feature","geometry":{"type":"Point","coordinates":[-77.17258,38.88029]},"properties":{"id":"node/5893248425","name":"Lebanese Butcher of Virginia","group":"groceries","category":"shop=butcher","phone":"+1 703-347-2903","website":"https://www.facebook.com/thelebanesebutcher/","housenumber":"203","street":"South Washington Street","city":"Falls Church","postcode":"22046"}},{"type":"Feature","geometry":{"type":"Point","coordinates":[-77.17282,38.87988]},"properties":{"id":"node/5893261468","name":"Caribbean Plate","group":"food","category":"amenity=restaurant","cuisine":"jamaican","phone":"+1-703-942-8580","housenumber":"133","street":"East Annandale Road","city":"Falls Church","postcode":"22046"}},{"type":"Feature","geometry":{"type":"Point","coordinates":[-77.17281,38.88007]},"properties":{"id":"node/5893263388","name":"Salon 7","group":"personal_care","category":"shop=hairdresser","housenumber":"117","street":"East Annandale Road","city":"Falls Church","postcode":"22046"}},{"type":"Feature","geometry":{"type":"Point","coordinates":[-77.12213,38.87767]},"properties":{"id":"node/5895178163","name":"Fettoosh","group":"food","category":"amenity=restaurant","cuisine":"moroccan","hours":"Mo-Su 11:00-22:00","phone":"+1 703-527-7710","website":"http://www.fettoosh.com/","housenumber":"5100","street":"Wilson Boulevard"}},{"type":"Feature","geometry":{"type":"Point","coordinates":[-77.17678,38.88684]},"properties":{"id":"node/5924730217","name":"Nail Bonita","group":"personal_care","category":"shop=beauty"}},{"type":"Feature","geometry":{"type":"Point","coordinates":[-77.17709,38.88705]},"properties":{"id":"node/5924762395","name":"Moby Dick - House of Kabob","group":"food","category":"amenity=restaurant","cuisine":"kebab","phone":"+1-703-992-7500","website":"http://www.mobyskabob.com","housenumber":"444","street":"West Broad Street","city":"Falls Church","postcode":"22046-3344"}},{"type":"Feature","geometry":{"type":"Point","coordinates":[-77.17895,38.88751]},"properties":{"id":"node/5924762397","name":"Cafe Zevian","group":"food","category":"amenity=restaurant","cuisine":"mediterranean","phone":"+1-703-712-7012","website":"https://cafezevian.com","housenumber":"700","street":"West Broad Street","city":"Falls Church","postcode":"22046"}},{"type":"Feature","geometry":{"type":"Point","coordinates":[-77.17943,38.88734]},"properties":{"id":"node/5924762593","name":"Art Connection Oriental Rugs","group":"shopping","category":"shop=interior_decoration","hours":"Mo-Sa 11:30-18:30","phone":"+1-571-247-7857","website":"https://www.artconnectionrugs.com/","housenumber":"701","street":"West Broad Street","city":"Falls Church","postcode":"22046"}},{"type":"Feature","geometry":{"type":"Point","coordinates":[-77.17685,38.88612]},"properties":{"id":"node/5924762912","name":"For Eyes","group":"personal_care","category":"shop=optician","phone":"+1 703-241-0778"}},{"type":"Feature","geometry":{"type":"Point","coordinates":[-77.17737,38.88676]},"properties":{"id":"node/5924762917","name":"Venus and Mars Spa","group":"personal_care","category":"shop=hairdresser","hours":"Mo-Fr 10:00-19:30; Sa 09:30-18:30","phone":"+1 571-282-4522"}},{"type":"Feature","geometry":{"type":"Point","coordinates":[-77.17848,38.88672]},"properties":{"id":"node/5924762918","name":"Penzeys Spices","group":"groceries","category":"shop=convenience","hours":"Mo-Sa 10:00-18:00, Su 11:00-17:00","phone":"+1-703-534-7770","housenumber":"513","street":"West Broad Street","city":"Falls Church","postcode":"22046"}},{"type":"Feature","geometry":{"type":"Point","coordinates":[-77.17669,38.88562]},"properties":{"id":"node/5924763185","name":"The Neighborhood Barbershop","group":"personal_care","category":"shop=hairdresser","housenumber":"417","street":"West Broad Street","city":"Falls Church","postcode":"22046"}},{"type":"Feature","geometry":{"type":"Point","coordinates":[-77.15014,38.86944]},"properties":{"id":"node/5925107091","name":"KPOT","group":"food","category":"amenity=restaurant","cuisine":"korean","hours":"Fr-Sa 12:00-23:00; Su-Th 12:00-22:00","phone":"+1 571-457-6809","website":"https://thekpot.com/location/seven-corners/","housenumber":"6249","street":"Seven Corners Center","city":"Falls Church","postcode":"22044"}},{"type":"Feature","geometry":{"type":"Point","coordinates":[-77.17699,38.88627]},"properties":{"id":"node/5927857552","name":"Solace Outpost","group":"food","category":"amenity=pub","hours":"Su-Sa 11:00-24:00","phone":"+1 571-378-1469","website":"https://solaceoutpost.com/","housenumber":"444","street":"West Broad Street","city":"Falls Church","postcode":"22046"}},{"type":"Feature","geometry":{"type":"Point","coordinates":[-77.17722,38.88672]},"properties":{"id":"node/5927857555","name":"Koi Koi Sushi & Roll","group":"food","category":"amenity=restaurant","cuisine":"sushi","phone":"+1-703-237-0101","housenumber":"450","street":"West Broad Street","city":"Falls Church","postcode":"22046-3318"}},{"type":"Feature","geometry":{"type":"Point","coordinates":[-77.12016,38.84095]},"properties":{"id":"node/5971436531","name":"Skyline Cafe-Ethiopian Cuisine","group":"food","category":"amenity=bar","phone":"+1 703-820-0240","website":"https://www.skylinecafecuisine.com/","housenumber":"3821","street":"South George Mason Drive","city":"Falls Church","postcode":"22041"}},{"type":"Feature","geometry":{"type":"Point","coordinates":[-77.13862,38.89755]},"properties":{"id":"node/6051932819","name":"Cell Depot","group":"services","category":"craft=electronics_repair","hours":"Mo-Sa 10:00-19:00","phone":"+1-703-300-9096","housenumber":"2491","street":"North Harrison Street","city":"Arlington","postcode":"22207"}},{"type":"Feature","geometry":{"type":"Point","coordinates":[-77.20228,38.8325]},"properties":{"id":"node/6127364003","name":"Pho Hot","group":"food","category":"amenity=restaurant","cuisine":"vietnamese","hours":"Mo-Th,Su 10:00-22:00; Fr-Sa 10:00-23:00","housenumber":"7442","street":"Little River Turnpike"}},{"type":"Feature","geometry":{"type":"Point","coordinates":[-77.1998,38.83223]},"properties":{"id":"node/6127364009","name":"Casa D'Marios Pizzeria","group":"food","category":"amenity=restaurant","cuisine":"pizza","housenumber":"7406","street":"Little River Turnpike","city":"Annandale","postcode":"22003-3013"}},{"type":"Feature","geometry":{"type":"Point","coordinates":[-77.19932,38.83215]},"properties":{"id":"node/6127364011","name":"Cigars and Tobacco","group":"shopping","category":"shop=tobacco"}},{"type":"Feature","geometry":{"type":"Point","coordinates":[-77.19711,38.83118]},"properties":{"id":"node/6127374168","name":"Mimi & Mina Hair Salon","group":"personal_care","category":"shop=hairdresser"}},{"type":"Feature","geometry":{"type":"Point","coordinates":[-77.19709,38.83126]},"properties":{"id":"node/6127374170","name":"Tikal Bakery Inc","group":"food","category":"shop=bakery"}},{"type":"Feature","geometry":{"type":"Point","coordinates":[-77.19705,38.83196]},"properties":{"id":"node/6127374171","name":"kogiya korean bbq","group":"food","category":"amenity=restaurant","cuisine":"korean;barbecue","housenumber":"4220","street":"Annandale Road","city":"Annandale","postcode":"22003"}},{"type":"Feature","geometry":{"type":"Point","coordinates":[-77.19576,38.83085]},"properties":{"id":"node/6127374174","name":"Bitez","group":"food","category":"amenity=restaurant","cuisine":"kebab","hours":"Mo-Th 11:00-04:00; Fr-Su 11:00-05:00","website":"https://bitezusa.com/","housenumber":"7258","street":"Columbia Pike","postcode":"22003"}},{"type":"Feature","geometry":{"type":"Point","coordinates":[-77.1956,38.8309]},"properties":{"id":"node/6127374175","name":"Fum\u00e9e Cafe","group":"food","category":"amenity=cafe","hours":"Su-Th 11:00-01:00, Fr-Sa 11:00-02:00","phone":"+1-703-866-8080","website":"https://fumeecafe.co/","housenumber":"7250","street":"Columbia Pike","city":"Annandale","postcode":"22003"}},{"type":"Feature","geometry":{"type":"Point","coordinates":[-77.19773,38.83036]},"properties":{"id":"node/6127382058","name":"Mad For Grill","group":"food","category":"amenity=restaurant","cuisine":"korean;barbecue"}},{"type":"Feature","geometry":{"type":"Point","coordinates":[-77.19151,38.8287]},"properties":{"id":"node/6127384928","name":"Raffine Nail & Spa","group":"personal_care","category":"shop=beauty"}},{"type":"Feature","geometry":{"type":"Point","coordinates":[-77.193,38.82893]},"properties":{"id":"node/6127384929","name":"Diamond Bar","group":"food","category":"amenity=bar"}},{"type":"Feature","geometry":{"type":"Point","coordinates":[-77.19297,38.82889]},"properties":{"id":"node/6127384930","name":"Loans","group":"services","category":"shop=money_lender"}},{"type":"Feature","geometry":{"type":"Point","coordinates":[-77.19322,38.82894]},"properties":{"id":"node/6127384931","name":"Sazon Venezolano Bar Grill","group":"food","category":"amenity=restaurant","phone":"+1-571-382-9734","housenumber":"7201","street":"Little River Turnpike","city":"Annandale","postcode":"22003-3304"}},{"type":"Feature","geometry":{"type":"Point","coordinates":[-77.1922,38.82938]},"properties":{"id":"node/6127384932","name":"Goldsmith Lambros, Inc","group":"shopping","category":"shop=jewelry","housenumber":"7137","street":"Little River Turnpike","city":"Annandale","postcode":"22003"}},{"type":"Feature","geometry":{"type":"Point","coordinates":[-77.19205,38.82935]},"properties":{"id":"node/6127384933","name":"Casa de Campo","group":"food","category":"amenity=restaurant","housenumber":"7137","street":"Little River Turnpike","postcode":"22003"}},{"type":"Feature","geometry":{"type":"Point","coordinates":[-77.19239,38.82941]},"properties":{"id":"node/6127384934","name":"Casa Grande Annandale","group":"food","category":"amenity=restaurant","housenumber":"7137","street":"Little River Turnpike","city":"Annandale","postcode":"22003"}},{"type":"Feature","geometry":{"type":"Point","coordinates":[-77.17331,38.87034]},"properties":{"id":"node/6135968686","name":"Shinwari","group":"food","category":"amenity=restaurant","cuisine":"pakistani","housenumber":"6652","street":"Arlington Boulevard","city":"Falls Church","postcode":"22042"}},{"type":"Feature","geometry":{"type":"Point","coordinates":[-77.16749,38.87037]},"properties":{"id":"node/6138121563","name":"Pacific Air Travel","group":"services","category":"shop=travel_agency","street":"Arlington Boulevard","city":"Falls Church","postcode":"22042"}},{"type":"Feature","geometry":{"type":"Point","coordinates":[-77.16847,38.8702]},"properties":{"id":"node/6138129064","name":"US Maxim Nail Supply Outlet","group":"personal_care","category":"shop=cosmetics","hours":"Fr 09:30-19:00; Su-Th 09:30-20:00","phone":"+1-703-538-9898","website":"https://www.usmaxim.com/","housenumber":"6533","street":"Arlington Boulevard","city":"Falls Church","postcode":"22042"}},{"type":"Feature","geometry":{"type":"Point","coordinates":[-77.15562,38.87043]},"properties":{"id":"node/6151900185","name":"Oasis Pharmacy","group":"groceries","category":"amenity=pharmacy","hours":"Mo-Fr 10:00-18:00; Sa 10:00-12:00","phone":"+1-703-563-2858","housenumber":"6305","street":"Castle Place","city":"Falls Church","postcode":"22044"}},{"type":"Feature","geometry":{"type":"Point","coordinates":[-77.17346,38.86898]},"properties":{"id":"node/6157510765","name":"Miu Kee","group":"food","category":"amenity=restaurant","cuisine":"chinese","hours":"Su-Th 11:00-21:00; Fr,Sa 11:00-22:00","housenumber":"6653","street":"Arlington Boulevard","city":"Falls Church","postcode":"22042"}},{"type":"Feature","geometry":{"type":"Point","coordinates":[-77.17339,38.86899]},"properties":{"id":"node/6157510766","name":"Boulevard Haircuts","group":"personal_care","category":"shop=hairdresser","housenumber":"6651","street":"Arlington Boulevard","city":"Falls Church"}},{"type":"Feature","geometry":{"type":"Point","coordinates":[-77.17327,38.86901]},"properties":{"id":"node/6157510768","name":"Boba with Mi","group":"food","category":"amenity=cafe","cuisine":"vietnamese","hours":"Mo-Su 11:00-20:00","housenumber":"6647","street":"Arlington Boulevard","city":"Falls Church","postcode":"22042"}},{"type":"Feature","geometry":{"type":"Point","coordinates":[-77.17535,38.87021]},"properties":{"id":"node/6157519258","name":"Present Restaurant","group":"food","category":"amenity=restaurant","cuisine":"vietnamese","housenumber":"6678","street":"Arlington Boulevard","city":"Falls Church"}},{"type":"Feature","geometry":{"type":"Point","coordinates":[-77.17527,38.87028]},"properties":{"id":"node/6157519259","name":"Zen Day Spa","group":"personal_care","category":"shop=beauty","street":"Arlington Boulevard","city":"Falls Church"}},{"type":"Feature","geometry":{"type":"Point","coordinates":[-77.15715,38.87093]},"properties":{"id":"node/6157540420","name":"7 Corners Pharmacy","group":"groceries","category":"amenity=pharmacy","housenumber":"2946","street":"Sleepy Hollow Road","city":"Falls Church"}},{"type":"Feature","geometry":{"type":"Point","coordinates":[-77.15735,38.87103]},"properties":{"id":"node/6157540421","name":"Fairfax Inn Restaurant","group":"food","category":"amenity=restaurant","cuisine":"filipino;asian;american","hours":"Mo-Fr 08:00-18:00; Sa-Su 08:00-15:30","phone":"+1 703-532-0616","website":"https://www.fairfaxinnrestaurant.com/","housenumber":"2946","street":"Sleepy Hollow Road","city":"Falls Church"}},{"type":"Feature","geometry":{"type":"Point","coordinates":[-77.17535,38.86805]},"properties":{"id":"node/6162126798","name":"Bep Viet Vietnamese Cuisine","group":"food","category":"amenity=restaurant","cuisine":"asian","hours":"Mo,We,Th 11:00-22:00; Fr-Sa 11:00-23:00; Tu closed","phone":"+1 703-345-1103","website":"https://bepvietva.com/","housenumber":"3000","street":"Annandale Road","city":"Falls Church","postcode":"22042"}},{"type":"Feature","geometry":{"type":"Point","coordinates":[-77.17535,38.86811]},"properties":{"id":"node/6162126799","name":"Wish Salon & Nails","group":"personal_care","category":"shop=beauty","hours":"Tu-Th 09:00-20:00; Fr 09:00-19:00; Sa 08:00-17:00; Su 10:00-17:00","phone":"+1-703-536-7888","housenumber":"3000","street":"Annandale Road","city":"Falls Church","postcode":"22042"}},{"type":"Feature","geometry":{"type":"Point","coordinates":[-77.17535,38.86816]},"properties":{"id":"node/6162126800","name":"Dry Clean Nova","group":"services","category":"shop=dry_cleaning","housenumber":"3000","street":"Annandale Road","city":"Falls Church","postcode":"22042"}},{"type":"Feature","geometry":{"type":"Point","coordinates":[-77.17522,38.87032]},"properties":{"id":"node/6162126803","name":"Zhu Lin Hair & Nails","group":"personal_care","category":"shop=hairdresser","hours":"Mo-Sa 10:00-19:00; Su 11:00-17:00","housenumber":"6674","street":"Arlington Boulevard","city":"Falls Church"}},{"type":"Feature","geometry":{"type":"Point","coordinates":[-77.17516,38.87033]},"properties":{"id":"node/6162126804","name":"Spin Pollo Peruvian Charcoal Chicken","group":"food","category":"amenity=restaurant","cuisine":"peruvian;chicken","hours":"Mo-Sa 11:00-22:00; Su 12:00-21:00","housenumber":"6672","street":"Arlington Boulevard","city":"Falls Church"}},{"type":"Feature","geometry":{"type":"Point","coordinates":[-77.17511,38.87034]},"properties":{"id":"node/6162126805","name":"The Vault","group":"services","category":"shop=pawnbroker","hours":"Mo-Fr 10:00-19:00; Sa 10:00-18:00","phone":"+1 703-533-7851","website":"https://thevaultloans.com/locations/6670-arlington-blvd/","housenumber":"6670","street":"Arlington Boulevard","city":"Falls Church"}},{"type":"Feature","geometry":{"type":"Point","coordinates":[-77.17498,38.87037]},"properties":{"id":"node/6162126806","name":"JV's Restaurant","group":"food","category":"amenity=restaurant","cuisine":"american;greek;seafood;pizza;kebab","hours":"Su-Sa 14:00-01:30","phone":"+1-703-241-9504","website":"http://www.jvsrestaurant.com/home","housenumber":"6666","street":"Arlington Boulevard","city":"Falls Church","postcode":"22042"}},{"type":"Feature","geometry":{"type":"Point","coordinates":[-77.17495,38.8705]},"properties":{"id":"node/6162144935","name":"Around the Corner Barber Shop","group":"personal_care","category":"shop=hairdresser","hours":"Tu-Th 09:00-18:00; Fr 09:00-19:00; Sa 08:00-16:00","phone":"+1-434-362-0897","housenumber":"2938","street":"Annandale Road","city":"Falls Church"}},{"type":"Feature","geometry":{"type":"Point","coordinates":[-77.17261,38.86938]},"properties":{"id":"node/6162166597","name":"La Llajta Bar & Grill","group":"food","category":"amenity=restaurant","cuisine":"bolivian","hours":"Su 07:00-10:00; Tu-Th 06:00-09:00,17:00-22:00; Fr 06:00-09:00, 17:00-02:00; Sa 07:00-10:00, 19:00-22:00","phone":"+1-703-241-0494","housenumber":"6633","street":"Arlington Boulevard","city":"Falls Church","postcode":"22042"}},{"type":"Feature","geometry":{"type":"Point","coordinates":[-77.16884,38.87013]},"properties":{"id":"node/6162225182","name":"National Coatings & Supplies","group":"shopping","category":"shop=hardware","hours":"Mo-Fr 11:00-15:00","housenumber":"6539","street":"Arlington Boulevard","city":"Falls Church","postcode":"22042"}},{"type":"Feature","geometry":{"type":"Point","coordinates":[-77.19166,38.89472]},"properties":{"id":"node/6190899287","name":"Hair center","group":"personal_care","category":"shop=hairdresser","phone":"+1 703-532-8020"}},{"type":"Feature","geometry":{"type":"Point","coordinates":[-77.19182,38.89456]},"properties":{"id":"node/6190899296","name":"Aislinn Nails & Spa","group":"personal_care","category":"shop=beauty","phone":"+1 703-536-4247","housenumber":"7115","street":"Leesburg Pike","city":"Falls Church","postcode":"22043"}},{"type":"Feature","geometry":{"type":"Point","coordinates":[-77.12384,38.85334]},"properties":{"id":"node/6231760765","name":"Karina Hair Salon","group":"personal_care","category":"shop=hairdresser","phone":"+1-703-931-0143","website":"https://www.karinahairsalon.com/","housenumber":"5620","street":"Columbia Pike","city":"Falls Church","postcode":"22041"}},{"type":"Feature","geometry":{"type":"Point","coordinates":[-77.15714,38.89951]},"properties":{"id":"node/6268916285","name":"Peking Pavilion","group":"food","category":"amenity=restaurant","cuisine":"chinese","hours":"Mo-Su 11:00-21:00","phone":"+1-703-237-6868","website":"https://peking-pavilion.business.site/","housenumber":"2912","street":"North Sycamore Street","city":"Arlington","postcode":"22207"}},{"type":"Feature","geometry":{"type":"Point","coordinates":[-77.15711,38.89963]},"properties":{"id":"node/6268916286","name":"Tenley Nail Spa","group":"personal_care","category":"shop=beauty","hours":"Mo-Fr 10:00-19:00; Sa 09:30-18:00; Su 11:00-17:00","phone":"+1-703-534-0077","website":"https://tenleynailspa.com/","housenumber":"2920","street":"North Sycamore Street","city":"Arlington","postcode":"22207"}},{"type":"Feature","geometry":{"type":"Point","coordinates":[-77.15715,38.89946]},"properties":{"id":"node/6268916301","name":"Haute Dog","group":"food","category":"amenity=fast_food","cuisine":"hot_dog","hours":"Mo-Sa 11:00-21:00; Su 11:00-17:00","website":"https://www.hautedogsandfries.com/arlington-va","housenumber":"2910","street":"North Sycamore Street","city":"Arlington","postcode":"22207"}},{"type":"Feature","geometry":{"type":"Point","coordinates":[-77.1574,38.89928]},"properties":{"id":"node/6268917001","name":"Deli Italiano","group":"food","category":"amenity=fast_food","cuisine":"italian;pizza;sandwich","hours":"Fr-Sa 11:00-22:00; Su-Th 11:00-21:00","phone":"+1 703-300-9578","website":"https://deliitaliano.com/locations/arlington/","housenumber":"6505","street":"29th Street North","city":"Arlington"}},{"type":"Feature","geometry":{"type":"Point","coordinates":[-77.13894,38.89774]},"properties":{"id":"node/6269788359","name":"Peter Chang","group":"food","category":"amenity=restaurant","cuisine":"chinese","hours":"Mo-Th 11:30-15:00,17:00-21:30; Fr-Sa 11:30-22:00; Su 11:30-21:00","phone":"+1-703-538-6688","website":"http://peterchangarlington.com/","housenumber":"2503","street":"North Harrison Street","city":"Arlington","postcode":"22207"}},{"type":"Feature","geometry":{"type":"Point","coordinates":[-77.1395,38.89775]},"properties":{"id":"node/6269788362","name":"Khun Yai Thai","group":"food","category":"amenity=restaurant","cuisine":"thai","hours":"Mo-Sa 11:00-15:00,16:00-21:00","phone":"+1-703-536-1643","website":"https://www.khunyaithaiva.com/","housenumber":"2509","street":"North Harrison Street","city":"Arlington","postcode":"22207"}},{"type":"Feature","geometry":{"type":"Point","coordinates":[-77.16228,38.88644]},"properties":{"id":"node/6280837240","name":"Yume Sushi","group":"food","category":"amenity=restaurant","cuisine":"sushi","hours":"Mo-We 16:00-22:00; Th 16:00-23:00; Fr 16:00-24:00; Sa 12:00-24:00; Su 12:00-22:00","phone":"+1-703-269-5064","website":"https://yumesushiva.com/","housenumber":"2121","street":"North Westmoreland Street","city":"Arlington","postcode":"22213"}},{"type":"Feature","geometry":{"type":"Point","coordinates":[-77.16273,38.88646]},"properties":{"id":"node/6280837242","name":"One More Page Books","group":"shopping","category":"shop=books","hours":"Mo off; Tu 11:00-16:00; We-Fr 11:00-19:00; Sa-Su 11:00-16:00","phone":"+1 703-300-9746","website":"https://www.onemorepagebooks.com/","housenumber":"2200","street":"North Westmoreland Street","city":"Arlington","postcode":"22213"}},{"type":"Feature","geometry":{"type":"Point","coordinates":[-77.16282,38.88654]},"properties":{"id":"node/6280837243","name":"Millie & J Hair Studio","group":"personal_care","category":"shop=hairdresser","hours":"Tu-Fr 10:00-06:00; Sa 10:00-05:00","phone":"+1-571-505-9119","website":"https://millieandjhairstudio.glossgenius.com/","housenumber":"2200","street":"North Westmoreland Street","city":"Arlington","postcode":"22213"}},{"type":"Feature","geometry":{"type":"Point","coordinates":[-77.18703,38.89339]},"properties":{"id":"node/6343945766","name":"Costiera Pizzeria Napoletana","group":"food","category":"amenity=fast_food","cuisine":"pizza","phone":"+1-703-563-4177","website":"https://thecostiera.com","housenumber":"1106","street":"West Broad Street","city":"Falls Church","postcode":"22046"}},{"type":"Feature","geometry":{"type":"Point","coordinates":[-77.18754,38.89367]},"properties":{"id":"node/6343956823","name":"Yasini Jewelers","group":"shopping","category":"shop=jewelry","hours":"Mo-Sa 11:00-19:30; Su 00:00-17:00","phone":"+1 703-241-0982","website":"https://www.yasini.com/","street":"West Broad Street","city":"Falls Church","postcode":"22046"}},{"type":"Feature","geometry":{"type":"Point","coordinates":[-77.18768,38.89376]},"properties":{"id":"node/6343959909","name":"Classic One Hour Cleaners","group":"services","category":"shop=dry_cleaning","hours":"Mo-Fr 07:00-19:00; Sa 07:30-18:00","phone":"+1 703-534-4455"}},{"type":"Feature","geometry":{"type":"Point","coordinates":[-77.05947,38.77572]},"properties":{"id":"node/6439458685","name":"Dishes of India","group":"food","category":"amenity=restaurant","cuisine":"indian","hours":"Mo-Su 11:00-14:30, 16:30-21:30","phone":"+1 703-660-6085","website":"https://www.dishesofindia.com","housenumber":"1510","street":"Belle View Boulevard"}},{"type":"Feature","geometry":{"type":"Point","coordinates":[-77.17934,38.8873]},"properties":{"id":"node/6442674770","name":"Visual Health","group":"personal_care","category":"shop=optician","phone":"+1-703-237-6500","website":"https://www.visualhealthoptometrist.com/falls-church.html","housenumber":"701","street":"West Broad Street","city":"Falls Church","postcode":"22046"}},{"type":"Feature","geometry":{"type":"Point","coordinates":[-77.18042,38.88842]},"properties":{"id":"node/6442674771","name":"Petz Charm","group":"services","category":"shop=pet_grooming","hours":"Th-Mo 18:30-18:30","phone":"+1-571-835-5530","website":"https://petzcharm.com/","housenumber":"800","street":"West Broad Street","city":"Falls Church","postcode":"22046"}},{"type":"Feature","geometry":{"type":"Point","coordinates":[-77.12198,38.87819]},"properties":{"id":"node/6560558753","name":"Panda Cafe","group":"food","category":"amenity=restaurant","cuisine":"chinese","hours":"Mo-Th 11:00-21:00; Fr-Sa 11:00-22:00; Su 12:00-21:00","phone":"+1 703-524-1988","website":"https://www.pandacafearlington.com/","housenumber":"5021","street":"Wilson Boulevard","city":"Arlington","postcode":"22203-1440"}},{"type":"Feature","geometry":{"type":"Point","coordinates":[-77.12176,38.87824]},"properties":{"id":"node/6560582955","name":"Hollywood Nails & Spa","group":"personal_care","category":"shop=beauty","hours":"Mo-Sa 09:00-20:00; Su 10:00-18:00","phone":"+1-703-465-1823","website":"https://hollywoodnailsspa.com/","housenumber":"5015","street":"Wilson Boulevard","city":"Arlington","postcode":"22203"}},{"type":"Feature","geometry":{"type":"Point","coordinates":[-77.17309,38.86903]},"properties":{"id":"node/6611255257","name":"Super Pollo","group":"food","category":"amenity=restaurant","cuisine":"chicken;peruvian","housenumber":"6641","street":"Arlington Boulevard","city":"Falls Church","postcode":"22042"}},{"type":"Feature","geometry":{"type":"Point","coordinates":[-77.14371,38.69707]},"properties":{"id":"node/6624565131","name":"Rice King","group":"food","category":"amenity=restaurant","cuisine":"asian","phone":"+1-703-781-0890","housenumber":"6000","street":"12th Street","city":"Fort Belvoir","postcode":"22060"}},{"type":"Feature","geometry":{"type":"Point","coordinates":[-77.14388,38.69701]},"properties":{"id":"node/6624565132","name":"RatsCycles","group":"shopping","category":"shop=bicycle"}},{"type":"Feature","geometry":{"type":"Point","coordinates":[-77.12328,38.87707]},"properties":{"id":"node/6653447334","name":"Federal Lock & Safe","group":"services","category":"craft=locksmith","hours":"Mo-Fr 06:00-15:00","phone":"+1 703-525-1436","website":"https://flslock.com/"}},{"type":"Feature","geometry":{"type":"Point","coordinates":[-77.13853,38.89752]},"properties":{"id":"node/6681352321","name":"LaMoo Creamery","group":"food","category":"amenity=ice_cream","hours":"Mo-Th 14:00-21:00; Fr 14:00-21:30; Sa 13:00-21:30","phone":"+1-703-594-7655","website":"https://www.lamoocreamery.com/","housenumber":"2501","street":"North Harrison Street","city":"Arlington","postcode":"22207"}},{"type":"Feature","geometry":{"type":"Point","coordinates":[-77.19821,38.87567]},"properties":{"id":"node/6685666590","name":"Fava Pot","group":"food","category":"amenity=restaurant","cuisine":"egyptian","phone":"+1 703-204-0609","housenumber":"7393","street":"Route 29","city":"West Falls Church"}},{"type":"Feature","geometry":{"type":"Point","coordinates":[-77.12532,38.8314]},"properties":{"id":"node/6785728948","name":"Global Food","group":"groceries","category":"shop=supermarket"}},{"type":"Feature","geometry":{"type":"Point","coordinates":[-77.20463,38.90328]},"properties":{"id":"node/6988822777","name":"Hair Social","group":"personal_care","category":"shop=hairdresser"}},{"type":"Feature","geometry":{"type":"Point","coordinates":[-77.204,38.90456]},"properties":{"id":"node/6988822885","name":"Java Loco","group":"food","category":"amenity=cafe","cuisine":"coffee_shop"}},{"type":"Feature","geometry":{"type":"Point","coordinates":[-77.20341,38.90399]},"properties":{"id":"node/6988822886","name":"China King","group":"food","category":"amenity=restaurant","cuisine":"chinese","housenumber":"7500","street":"Leesburg Pike"}},{"type":"Feature","geometry":{"type":"Point","coordinates":[-77.20455,38.90332]},"properties":{"id":"node/6988822888","name":"Quickway Japanese Hibachi","group":"food","category":"amenity=fast_food","cuisine":"japanese","website":"https://quickwayhibachi.com/","housenumber":"7511","street":"Leesburg Pike Service Road","city":"Falls Church"}},{"type":"Feature","geometry":{"type":"Point","coordinates":[-77.20478,38.9025]},"properties":{"id":"node/6988835185","name":"Bassett","group":"shopping","category":"shop=furniture"}},{"type":"Feature","geometry":{"type":"Point","coordinates":[-77.20559,38.90216]},"properties":{"id":"node/6988838327","name":"Urban hair salon","group":"personal_care","category":"shop=hairdresser","housenumber":"2190","street":"Pimmit Drive","city":"Falls Church","postcode":"22043"}},{"type":"Feature","geometry":{"type":"Point","coordinates":[-77.20571,38.90218]},"properties":{"id":"node/6988838328","name":"Mark's Pub","group":"food","category":"amenity=pub"}},{"type":"Feature","geometry":{"type":"Point","coordinates":[-77.12542,38.83118]},"properties":{"id":"node/7158919939","name":"Taqueria Picoso","group":"food","category":"amenity=restaurant","cuisine":"mexican","phone":"+1-571-970-0881","website":"https://taqueriapicoso.com/","housenumber":"1472","street":"North Beauregard Street","city":"Alexandria","postcode":"22311-5800"}},{"type":"Feature","geometry":{"type":"Point","coordinates":[-77.1249,38.83122]},"properties":{"id":"node/7158923195","name":"Sardi's","group":"food","category":"amenity=restaurant","hours":"Mo-Th 10:30-22:00; Fr, Sa 10:30-22:30; Su 11:00-21:30","website":"https://www.sardischicken.com/","housenumber":"1480","street":"North Beauregard Street"}},{"type":"Feature","geometry":{"type":"Point","coordinates":[-77.12564,38.83077]},"properties":{"id":"node/7158923796","name":"Pure Nails and Spa","group":"personal_care","category":"shop=beauty","hours":"Mo-Fr 10:00-20:00; Sa 09:00-19:00; Su 11:00-18:00","phone":"+1 703-820-8288","website":"https://purenailsandspa.com/","housenumber":"1464","street":"North Beauregard Street","city":"Alexandria","postcode":"22311"}},{"type":"Feature","geometry":{"type":"Point","coordinates":[-77.12556,38.83096]},"properties":{"id":"node/7158934076","name":"Special Touch Hair Design","group":"personal_care","category":"shop=hairdresser","hours":"Mo 10:00-19:00; Tu-Th 10:00-20:00; Fr 09:00-20:00; Sa 09:00-18:00","phone":"+1 703-933-1212","housenumber":"1468","street":"North Beauregard Street"}},{"type":"Feature","geometry":{"type":"Point","coordinates":[-77.12539,38.83043]},"properties":{"id":"node/7158941219","name":"Cleaners at Mark Center","group":"services","category":"shop=dry_cleaning","hours":"Mo-Fr 07:00-19:30; Sa 20:30-18:00","housenumber":"1458","street":"North Beauregard Street","city":"Alexandria","postcode":"22311"}},{"type":"Feature","geometry":{"type":"Point","coordinates":[-77.17169,38.88032]},"properties":{"id":"node/7275964799","name":"Panjshir","group":"food","category":"amenity=restaurant","cuisine":"afghan","phone":"+1-703-536-4566","website":"http://www.panjshirrestaurant.com/","housenumber":"114","street":"East Fairfax Street","city":"Falls Church","postcode":"22046"}},{"type":"Feature","geometry":{"type":"Point","coordinates":[-77.17161,38.88031]},"properties":{"id":"node/7275964800","name":"Vida Ciclista","group":"shopping","category":"shop=bicycle","housenumber":"116","street":"East Fairfax Street"}},{"type":"Feature","geometry":{"type":"Point","coordinates":[-77.14052,38.8739]},"properties":{"id":"node/7335560119","name":"Soul Thai Kitchen & Bar","group":"food","category":"amenity=restaurant","cuisine":"thai","hours":"Mo-Tu 11:00-21:30; We 11:00-21:30; Fr 11:00-21:30; Sa-Su 12:00-21:30","phone":"+1 703-300-9655","website":"https://www.soulthaikitchenandbar.com/","housenumber":"6035","street":"Wilson Boulevard","city":"Arlington","postcode":"22205"}},{"type":"Feature","geometry":{"type":"Point","coordinates":[-77.17536,38.86794]},"properties":{"id":"node/7464874523","name":"Anthony's","group":"food","category":"amenity=restaurant","cuisine":"greek;italian;american;pizza;burger;seafood","hours":"Tu-Fr 11:00-21:00; Sa-Su 09:00-21:00; Mo closed","phone":"+1 703-532-0100","website":"https://anthonysrestaurantva.com/","housenumber":"3000","street":"Annandale Road","city":"Falls Church","postcode":"22042"}},{"type":"Feature","geometry":{"type":"Point","coordinates":[-77.14576,38.86881]},"properties":{"id":"node/7526430507","name":"Symmetry Salon Studios","group":"personal_care","category":"shop=beauty","website":"https://symmetrysalonstudios.com/falls-church-va/","street":"Arlington Boulevard","city":"Falls Church","postcode":"22044"}},{"type":"Feature","geometry":{"type":"Point","coordinates":[-77.15052,38.86716]},"properties":{"id":"node/7539459084","name":"Nails for You","group":"personal_care","category":"shop=beauty","hours":"Mo-Sa 09:00-21:00, Su 11:00-17:00","phone":"+1-703-536-5999","website":"https://www.nailsforyou.salon/","housenumber":"6391","street":"Leesburg Pike","city":"Falls Church","postcode":"22044"}},{"type":"Feature","geometry":{"type":"Point","coordinates":[-77.15246,38.87218]},"properties":{"id":"node/7546730001","name":"Skyline Nail Supply","group":"shopping","category":"shop=wholesale","hours":"Su-Fr 10:00-18:00","housenumber":"6280","street":"Arlington Boulevard","city":"Falls Church","postcode":"22044"}},{"type":"Feature","geometry":{"type":"Point","coordinates":[-77.14547,38.86998]},"properties":{"id":"node/7546730003","name":"Frameworks","group":"shopping","category":"shop=frame","hours":"Mo-Sa 10:00-18:00","phone":"+1-703-536-3402","website":"https://www.shopframeworks.com/","housenumber":"6122","street":"Arlington Boulevard","city":"Falls Church","postcode":"22044"}},{"type":"Feature","geometry":{"type":"Point","coordinates":[-77.14668,38.87005]},"properties":{"id":"node/7546757953","name":"La Bodega Supermarket","group":"groceries","category":"shop=supermarket","hours":"Mo-Su 09:00-19:00","phone":"+1-703-532-6849","website":"https://labodegasupermarket.business.site/","housenumber":"6170","street":"Arlington Boulevard","city":"Falls Church","postcode":"22044"}},{"type":"Feature","geometry":{"type":"Point","coordinates":[-77.14671,38.87011]},"properties":{"id":"node/7546757954","name":"Capital Caring Thrift Store & Boutique","group":"shopping","category":"shop=charity","hours":"Tu-Fr 10:00-15:00; Sa 10:00-16:30","phone":"+1-571-730-4311","website":"https://www.capitalcaring.org/get-involved/donate/donate-by-shopping/","housenumber":"6172","street":"Arlington Boulevard","city":"Falls Church","postcode":"22044"}},{"type":"Feature","geometry":{"type":"Point","coordinates":[-77.14696,38.87028]},"properties":{"id":"node/7546757957","name":"Steven's Shop","group":"shopping","category":"shop=clothes","phone":"+1-703-237-9535","housenumber":"6178","street":"Arlington Boulevard","city":"Falls Church","postcode":"22044"}},{"type":"Feature","geometry":{"type":"Point","coordinates":[-77.1472,38.8704]},"properties":{"id":"node/7546757959","name":"Doctor tires","group":"services","category":"shop=tyres","hours":"Mo-Su 08:00-21:00","phone":"+15712940117","street":"Patrick Henry Drive","city":"Falls Church","postcode":"22044"}},{"type":"Feature","geometry":{"type":"Point","coordinates":[-77.14739,38.87012]},"properties":{"id":"node/7546757960","name":"La Panaderia de Paris","group":"food","category":"shop=bakery","housenumber":"6184","street":"Arlington Boulevard","city":"Falls Church","postcode":"22044"}},{"type":"Feature","geometry":{"type":"Point","coordinates":[-77.14665,38.86998]},"properties":{"id":"node/7546757961","name":"New Orleans Live Crawfish & Seafood Restaurant","group":"food","category":"amenity=restaurant","cuisine":"seafood","hours":"Mo,We,Th,PH 12:00-21:00; Fr-Su 12:00-21:30","phone":"+1-703-536-2288","website":"https://www.livecrawfishseafood.com/falls-church","housenumber":"6168","street":"Arlington Boulevard","city":"Falls Church","postcode":"22044"}},{"type":"Feature","geometry":{"type":"Point","coordinates":[-77.14745,38.87003]},"properties":{"id":"node/7546757964","name":"Mark's Duck House","group":"food","category":"amenity=restaurant","housenumber":"6184","street":"Arlington Boulevard","city":"Falls Church","postcode":"22044"}},{"type":"Feature","geometry":{"type":"Point","coordinates":[-77.14754,38.86992]},"properties":{"id":"node/7546757965","name":"Sweet Home Furniture","group":"shopping","category":"shop=furniture","phone":"+1-703 536-7700","street":"Arlington Boulevard","city":"Falls Church","postcode":"22044"}},{"type":"Feature","geometry":{"type":"Point","coordinates":[-77.14758,38.86987]},"properties":{"id":"node/7546757966","name":"Viva Tequila","group":"food","category":"amenity=restaurant","housenumber":"6186","street":"Arlington Boulevard","city":"Falls Church","postcode":"22044"}},{"type":"Feature","geometry":{"type":"Point","coordinates":[-77.14762,38.86983]},"properties":{"id":"node/7546757967","name":"VR Head in the Cloud","group":"shopping","category":"shop=video_games","street":"Arlington Boulevard","city":"Falls Church","postcode":"22044"}},{"type":"Feature","geometry":{"type":"Point","coordinates":[-77.14767,38.86978]},"properties":{"id":"node/7546757968","name":"Fashion City","group":"shopping","category":"shop=clothes","street":"Arlington Boulevard","city":"Falls Church","postcode":"22044"}},{"type":"Feature","geometry":{"type":"Point","coordinates":[-77.14775,38.86967]},"properties":{"id":"node/7546757969","name":"Dollar City","group":"groceries","category":"shop=variety_store","street":"Arlington Boulevard","city":"Falls Church","postcode":"22044"}},{"type":"Feature","geometry":{"type":"Point","coordinates":[-77.14792,38.86956]},"properties":{"id":"node/7546757970","name":"Chilcanos","group":"food","category":"amenity=restaurant","cuisine":"peruvian","street":"Arlington Boulevard","city":"Falls Church","postcode":"22044"}},{"type":"Feature","geometry":{"type":"Point","coordinates":[-77.14689,38.8705]},"properties":{"id":"node/7557413890","name":"El Oasis Libreria Cristiana","group":"shopping","category":"shop=books","housenumber":"2930","street":"Patrick Henry Drive","city":"Falls Church","postcode":"22044"}},{"type":"Feature","geometry":{"type":"Point","coordinates":[-77.14696,38.87054]},"properties":{"id":"node/7557413891","name":"Centro Market","group":"groceries","category":"shop=convenience","housenumber":"2930","street":"Patrick Henry Drive","city":"Falls Church","postcode":"22044"}},{"type":"Feature","geometry":{"type":"Point","coordinates":[-77.1468,38.87045]},"properties":{"id":"node/7557413892","name":"El Catrin","group":"food","category":"amenity=restaurant","cuisine":"salvadoran","phone":"+1-703-536-8946","housenumber":"2930","street":"Patrick Henry Drive","city":"Falls Church","postcode":"22044"}},{"type":"Feature","geometry":{"type":"Point","coordinates":[-77.14649,38.87023]},"properties":{"id":"node/7557534001","name":"Salon Casablanca","group":"personal_care","category":"shop=hairdresser","housenumber":"2938","street":"Patrick Henry Drive","city":"Falls Church","postcode":"22044"}},{"type":"Feature","geometry":{"type":"Point","coordinates":[-77.14642,38.87003]},"properties":{"id":"node/7557534003","name":"Providencia","group":"shopping","category":"shop=party","housenumber":"2944","street":"Patrick Henry Drive","city":"Falls Church","postcode":"22044"}},{"type":"Feature","geometry":{"type":"Point","coordinates":[-77.17184,38.88244]},"properties":{"id":"node/7564215490","name":"Ireland's Four Provinces","group":"food","category":"amenity=restaurant","cuisine":"international","hours":"Mo-Fr 11:30-02:00; Sa-Su 10:00-02:00","phone":"+1 703-534-8999","website":"http://www.4psva.com/","housenumber":"105","street":"West Broad Street","city":"Falls Church","postcode":"22046"}},{"type":"Feature","geometry":{"type":"Point","coordinates":[-77.14108,38.75342]},"properties":{"id":"node/7624553547","name":"Hot Bagel","group":"food","category":"amenity=restaurant","cuisine":"bagel;breakfast","hours":"Mo-Fr 08:00-16:00; Sa 07:00-15:00; Su off","phone":"+1 703-922-4935","housenumber":"7578","street":"Telegraph Road","city":"Alexandria","postcode":"22315"}},{"type":"Feature","geometry":{"type":"Point","coordinates":[-77.07706,38.78985]},"properties":{"id":"node/7717873222","name":"New China Taste","group":"food","category":"amenity=restaurant","cuisine":"chinese","housenumber":"5910","street":"North Kings Highway","city":"Alexandria","postcode":"22303"}},{"type":"Feature","geometry":{"type":"Point","coordinates":[-77.07706,38.78993]},"properties":{"id":"node/7717873223","name":"Voila Pastry & Cafe","group":"food","category":"shop=bakery","housenumber":"5908","street":"North Kings Highway","city":"Alexandria","postcode":"22303"}},{"type":"Feature","geometry":{"type":"Point","coordinates":[-77.13931,38.75374]},"properties":{"id":"node/7728981222","name":"House of Dynasty","group":"food","category":"amenity=restaurant","cuisine":"chinese","hours":"Mo-Th 11:00-22:00; Fr 11:00-22:30; Sa 11:30-22:30; Su 11:30-21:30","phone":"+1 703-922-5210","website":"https://www.houseofdynasty.com/","housenumber":"7550","street":"Telegraph Road","city":"Alexandria","postcode":"22315"}},{"type":"Feature","geometry":{"type":"Point","coordinates":[-77.1608,38.74292]},"properties":{"id":"node/7729095882","name":"Wegmans Pizza","group":"food","category":"amenity=restaurant","cuisine":"pizza","phone":"+1 571-527-2450","website":"https://www.wegmans.com/restaurants/market-cafe.html"}},{"type":"Feature","geometry":{"type":"Point","coordinates":[-77.16078,38.74248]},"properties":{"id":"node/7729095883","name":"Wegmans Floral","group":"shopping","category":"shop=florist","hours":"Mo-Su 06:00-24:00","phone":"+1 571-527-2400"}},{"type":"Feature","geometry":{"type":"Point","coordinates":[-77.14002,38.7527]},"properties":{"id":"node/7729129916","name":"Oh My Hair Barber Shop","group":"personal_care","category":"shop=hairdresser","phone":"+1 571-371-8207","website":"https://instagram.com/ohmyhairbarbershop/","housenumber":"7594","street":"Telegraph Road","city":"Alexandria","postcode":"22315"}},{"type":"Feature","geometry":{"type":"Point","coordinates":[-77.14064,38.75354]},"properties":{"id":"node/7729129917","name":"TJ'S Hair Studio","group":"personal_care","category":"shop=hairdresser","hours":"Tu-Fr 10:00-20:00; Sa 09:00-17:00","phone":"+1 703-822-0009"}},{"type":"Feature","geometry":{"type":"Point","coordinates":[-77.1628,38.74254]},"properties":{"id":"node/7729144495","name":"Burtons Grill & Bar of Alexandria","group":"food","category":"amenity=restaurant","cuisine":"american;seafood;burger","hours":"Mo-Fr 11:30-22:00; Sa 11:00-22:00; Su 11:00-21:00","phone":"+1 703-922-1730","website":"https://burtonsgrill.com/location/alexandria/","housenumber":"6452","street":"Old Beulah Street","city":"Alexandria","postcode":"22315-3721"}},{"type":"Feature","geometry":{"type":"Point","coordinates":[-77.16303,38.74236]},"properties":{"id":"node/7729144496","name":"Peri Peri Original","group":"food","category":"amenity=restaurant","cuisine":"chicken","hours":"Mo-Th 11:00-22:00; Fr,Sa 11:00-23:00; Su 12:00-22:00","phone":"+1 703-337-2399","website":"https://www.periperioriginal.com/","housenumber":"6456","street":"Old Beulah Street","city":"Alexandria","postcode":"22315-3721"}},{"type":"Feature","geometry":{"type":"Point","coordinates":[-77.11931,38.76858]},"properties":{"id":"node/7729155130","name":"Grounded Coffee Shop","group":"food","category":"amenity=cafe","phone":"+1 703-341-6612","website":"https://groundedcoffeeshop.com/"}},{"type":"Feature","geometry":{"type":"Point","coordinates":[-77.12593,38.71988]},"properties":{"id":"node/7729215734","name":"Su Pollo","group":"food","category":"amenity=restaurant","cuisine":"chicken;peruvian","phone":"+1 703-799-6577","website":"https://www.supollorestaurant.com/","housenumber":"8741","street":"Richmond Highway","city":"Alexandria","postcode":"22309"}},{"type":"Feature","geometry":{"type":"Point","coordinates":[-77.11218,38.72669]},"properties":{"id":"node/7729215736","name":"Thai Herbs","group":"food","category":"amenity=restaurant","cuisine":"thai","phone":"+1 703-780-9875","website":"http://www.thaiherbsfoodtruck.com/"}},{"type":"Feature","geometry":{"type":"Point","coordinates":[-77.11066,38.72731]},"properties":{"id":"node/7729215737","name":"Holly, Woods & Vines","group":"shopping","category":"shop=garden_centre","phone":"+1 703-799-1607","website":"https://hollywoodsandvines.com/"}},{"type":"Feature","geometry":{"type":"Point","coordinates":[-77.08422,38.75191]},"properties":{"id":"node/7729226918","name":"Mamma's Kitchen","group":"food","category":"amenity=restaurant","cuisine":"italian;pizza;greek","phone":"+1 571-312-6690","website":"https://mammaskitchenva.com/"}},{"type":"Feature","geometry":{"type":"Point","coordinates":[-77.13433,38.77333]},"properties":{"id":"node/7734267858","name":"Pho Ngon","group":"food","category":"amenity=restaurant","cuisine":"vietnamese","phone":"+1 571-257-9205","website":"https://phongonalexandria.com/","housenumber":"5810","street":"Kingstowne Towne Center","city":"Alexandria","postcode":"22315"}},{"type":"Feature","geometry":{"type":"Point","coordinates":[-77.13735,38.77361]},"properties":{"id":"node/7734364481","name":"Osaka Japanese Steakhouse & Seafood","group":"food","category":"amenity=restaurant","cuisine":"japanese","phone":"+1 703-313-9000","website":"http://www.osakakingstowne.com/contact-us/"}},{"type":"Feature","geometry":{"type":"Point","coordinates":[-77.13896,38.77141]},"properties":{"id":"node/7734401989","name":"Aditi Indian Dining","group":"food","category":"amenity=restaurant","cuisine":"indian","phone":"+1 703-922-6111","website":"https://myaditi.com/menu/","housenumber":"5926","street":"Kingstowne Boulevard","city":"Alexandria","postcode":"22315"}},{"type":"Feature","geometry":{"type":"Point","coordinates":[-77.13909,38.77158]},"properties":{"id":"node/7734401990","name":"Pasara Thai Restaurant","group":"food","category":"amenity=restaurant","cuisine":"thai","phone":"+1 703-921-5220","website":"http://www.pasarathairestaurant.com/"}},{"type":"Feature","geometry":{"type":"Point","coordinates":[-77.13831,38.77166]},"properties":{"id":"node/7734401994","name":"Moby Dick House of Kabob","group":"food","category":"amenity=fast_food","cuisine":"kebab","phone":"+1 703-822-9999","website":"https://www.mobyskabob.com/"}},{"type":"Feature","geometry":{"type":"Point","coordinates":[-77.14089,38.77058]},"properties":{"id":"node/7734402000","name":"Four Seasons Cafe","group":"food","category":"amenity=restaurant","cuisine":"chinese","phone":"+1 703-922-8888","website":"https://fourseasonsalexandria.com/","housenumber":"5960","street":"Kingstowne Center","city":"Alexandria","postcode":"22315"}},{"type":"Feature","geometry":{"type":"Point","coordinates":[-77.14062,38.77084]},"properties":{"id":"node/7734402004","name":"Cox Store","group":"shopping","category":"shop=telecommunication","phone":"+1 703-480-7885"}},{"type":"Feature","geometry":{"type":"Point","coordinates":[-77.13681,38.77236]},"properties":{"id":"node/7734560475","name":"Crest Advanced Dry Cleaners","group":"services","category":"shop=dry_cleaning","phone":"+1 703-971-8411","website":"https://www.crestadvanceddrycleaners.com/"}},{"type":"Feature","geometry":{"type":"Point","coordinates":[-77.13901,38.77147]},"properties":{"id":"node/7737256481","name":"Giani Hair Salon","group":"personal_care","category":"shop=hairdresser"}},{"type":"Feature","geometry":{"type":"Point","coordinates":[-77.20024,38.8321]},"properties":{"id":"node/7737764062","name":"Miso Fusion Restaurant","group":"food","category":"amenity=restaurant","hours":"Mo-Sa 11:00-22:00","phone":"+1 703-256-5737","website":"https://www.facebook.com/miso.donkatsu/"}},{"type":"Feature","geometry":{"type":"Point","coordinates":[-77.19861,38.83012]},"properties":{"id":"node/7737814386","name":"Oegadgib","group":"food","category":"amenity=restaurant","cuisine":"korean;barbecue","phone":"+1 703-941-3400","website":"https://oegadgib.com/","housenumber":"7331","street":"Little River Turnpike","city":"Annandale","postcode":"22003"}},{"type":"Feature","geometry":{"type":"Point","coordinates":[-77.18909,38.82864]},"properties":{"id":"node/7737826719","name":"Iron Age Annandale","group":"food","category":"amenity=restaurant","cuisine":"korean;barbecue","phone":"+1 703-229-8866","website":"https://ironagekoreansteakhouse.com/","housenumber":"7031","street":"Little River Turnpike","city":"Annandale","postcode":"22003"}},{"type":"Feature","geometry":{"type":"Point","coordinates":[-77.18911,38.82847]},"properties":{"id":"node/7737826720","name":"Lil' Thingamajigs","group":"shopping","category":"shop=gift","phone":"+1 703-642-0012","website":"https://lilthinga.com/"}},{"type":"Feature","geometry":{"type":"Point","coordinates":[-77.08368,38.74821]},"properties":{"id":"node/7765733872","name":"Quickfire Japanese Hibachi","group":"food","category":"amenity=restaurant","cuisine":"japanese;fast_food","phone":"+1 703-799-8182","website":"https://quickwayhibachi.com/"}},{"type":"Feature","geometry":{"type":"Point","coordinates":[-77.08422,38.75779]},"properties":{"id":"node/7765743293","name":"El Pollo Primero Inc","group":"food","category":"amenity=restaurant","cuisine":"chicken","phone":"+1 703-765-0093","housenumber":"7324","street":"Richmond Highway","city":"Alexandria","postcode":"22306"}},{"type":"Feature","geometry":{"type":"Point","coordinates":[-77.08263,38.75708]},"properties":{"id":"node/7765743294","name":"Green Olive Buffet","group":"food","category":"amenity=restaurant","cuisine":"american;asian;ice_cream","phone":"+1 703-765-5899","website":"http://places.singleplatform.com/green-olive-buffet--grill/menu","housenumber":"7405","street":"Richmond Highway","city":"Alexandria","postcode":"22306"}},{"type":"Feature","geometry":{"type":"Point","coordinates":[-77.08164,38.75406]},"properties":{"id":"node/7765743296","name":"La Mexicana Bakery & Taqueria","group":"food","category":"amenity=restaurant","cuisine":"mexican;bakery","phone":"+1 703-717-0807","website":"http://www.lamexicanabakery.net/","housenumber":"2907","street":"Arlington Drive","city":"Alexandria","postcode":"22306"}},{"type":"Feature","geometry":{"type":"Point","coordinates":[-77.0842,38.75165]},"properties":{"id":"node/7765743298","name":"Yogurt City","group":"food","category":"amenity=ice_cream","phone":"+1 703-721-9888","website":"http://www.yogurtcityva.com/"}},{"type":"Feature","geometry":{"type":"Point","coordinates":[-77.06211,38.77632]},"properties":{"id":"node/7970460664","name":"Primo Family Restaurant","group":"food","category":"amenity=restaurant","cuisine":"greek;italian","hours":"Mo-Su 11:00-20:00","phone":"+1 703-765-6766","website":"https://primofamilyrestaurant.com","housenumber":"1636","street":"Belle View Boulevard","city":"Alexandria","postcode":"22307"}},{"type":"Feature","geometry":{"type":"Point","coordinates":[-77.12679,38.85202]},"properties":{"id":"node/7978572818","name":"Meaza","group":"food","category":"amenity=restaurant","cuisine":"ethiopian","phone":"+1 703-820-2870","website":"https://www.meazaethiopiancuisine.com"}},{"type":"Feature","geometry":{"type":"Point","coordinates":[-77.16459,38.79736]},"properties":{"id":"node/8004010849","name":"Arcade Electronics","group":"shopping","category":"shop=radiotechnics","hours":"Mo-Fr 07:30-17:00","phone":"+1-703-256-4610","website":"https://www.arcade-electronics.com","housenumber":"5655","street":"General Washington Drive","city":"Alexandria","postcode":"22312"}},{"type":"Feature","geometry":{"type":"Point","coordinates":[-77.08592,38.74995]},"properties":{"id":"node/8167063463","name":"Honeygrow","group":"food","category":"amenity=restaurant","housenumber":"7698","street":"Richmond Highway","city":"Alexandria","postcode":"22306"}},{"type":"Feature","geometry":{"type":"Point","coordinates":[-77.12473,38.87711]},"properties":{"id":"node/8243438665","name":"Alshami Restaurant","group":"food","category":"amenity=restaurant","cuisine":"syrian;mediterranean","hours":"11:00-22:00","phone":"+1-703-373-0291","website":"https://alshamiva.com/","housenumber":"5216","street":"Wilson Boulevard","city":"Arlington","postcode":"22205"}},{"type":"Feature","geometry":{"type":"Point","coordinates":[-77.12419,38.87719]},"properties":{"id":"node/8309440051","name":"Clean All Laundromat & Dry Cleaner","group":"services","category":"shop=laundry","housenumber":"5150","street":"Wilson Boulevard","postcode":"22205"}},{"type":"Feature","geometry":{"type":"Point","coordinates":[-77.12198,38.87766]},"properties":{"id":"node/8317093563","name":"Arlington Auto Clinic","group":"services","category":"shop=car_repair"}},{"type":"Feature","geometry":{"type":"Point","coordinates":[-77.12338,38.87719]},"properties":{"id":"node/8317104044","name":"Federal Lock & Safe, Inc","group":"services","category":"shop=locksmith","website":"https://flslock.com/"}},{"type":"Feature","geometry":{"type":"Point","coordinates":[-77.12466,38.87714]},"properties":{"id":"node/8343730062","name":"George's Valet","group":"services","category":"shop=tailor","housenumber":"5212","street":"Wilson Boulevard","postcode":"22205"}},{"type":"Feature","geometry":{"type":"Point","coordinates":[-77.09976,38.73424]},"properties":{"id":"node/8404785857","name":"Royals Beauty Salon","group":"personal_care","category":"shop=beauty","hours":"Mo-Fr 09:00-21:00; Sa 07:00-21:00","phone":"+1 571-426-1510","housenumber":"8248","street":"Richmond Highway","city":"Alexandria","postcode":"22309"}},{"type":"Feature","geometry":{"type":"Point","coordinates":[-77.09982,38.7343]},"properties":{"id":"node/8404785858","name":"Las Carnitas","group":"food","category":"amenity=restaurant","cuisine":"salvadoran;tex-mex","hours":"Mo-Th 10:00-22:00; Fr-Sa 09:45-23:59; Su 09:45-22:00","phone":"+1 703-619-0522","website":"https://lascarnitasrestaurant.com/","housenumber":"8250","street":"Richmond Highway","city":"Alexandria","postcode":"22309"}},{"type":"Feature","geometry":{"type":"Point","coordinates":[-77.09986,38.73436]},"properties":{"id":"node/8404809372","name":"Dollar Outlet","group":"groceries","category":"shop=variety_store","housenumber":"8254","street":"Richmond Highway","city":"Alexandria","postcode":"22309"}},{"type":"Feature","geometry":{"type":"Point","coordinates":[-77.10005,38.73429]},"properties":{"id":"node/8404809373","name":"Shah's Halal Food","group":"food","category":"amenity=fast_food","cuisine":"mediterranean","hours":"Su-Th 10:00-00:00; Fr-Sa 10:00-02:00","phone":"+1 703-891-0987","website":"https://www.shahshalalfood.com/shahs-halal-alexandria-va/","housenumber":"8256","street":"Richmond Highway","city":"Alexandria","postcode":"22309"}},{"type":"Feature","geometry":{"type":"Point","coordinates":[-77.1851,38.81328]},"properties":{"id":"node/8405442314","name":"Szechuan Star","group":"food","category":"amenity=restaurant","cuisine":"chinese","hours":"Mo-Su 11:00-22:00","phone":"+1 703-256-1111","website":"https://www.szechuanstarva.com/","housenumber":"6960","street":"Braddock Road","city":"Annandale","postcode":"22003"}},{"type":"Feature","geometry":{"type":"Point","coordinates":[-77.18501,38.81328]},"properties":{"id":"node/8405442315","name":"Bracken Opticians","group":"personal_care","category":"shop=optician","hours":"Mo-Fr 11:00-18:00; Sa 11:00-16:00","phone":"+1-703-256-3500","website":"https://www.brackenopticians.com/bracken/home.asp","housenumber":"6960","street":"Braddock Road","city":"Annandale","postcode":"22003"}},{"type":"Feature","geometry":{"type":"Point","coordinates":[-77.18463,38.81329]},"properties":{"id":"node/8405484819","name":"Princess Quality Cleaners","group":"services","category":"shop=dry_cleaning","hours":"Mo-Fr 08:00-19:00; Sa 08:00-18:00","phone":"+1-703-256-0225","website":"https://cuartzdry.com/","housenumber":"6960","street":"Braddock Road","city":"Annandale","postcode":"22003"}},{"type":"Feature","geometry":{"type":"Point","coordinates":[-77.18458,38.81329]},"properties":{"id":"node/8405484820","name":"Envy Nails","group":"personal_care","category":"shop=beauty","hours":"Mo-Fr 09:30-19:00; Sa 09:00-18:00","housenumber":"6960","street":"Braddock Road","city":"Annandale","postcode":"22003"}},{"type":"Feature","geometry":{"type":"Point","coordinates":[-77.16717,38.79661]},"properties":{"id":"node/8435092628","name":"SpecDive Tactical","group":"shopping","category":"shop=sports","hours":"Mo-Fr 10:00-18:00","phone":"+1 703-941-4867","website":"https://specdive.com/","housenumber":"6464","street":"General Green Way","city":"Alexandria","postcode":"22312"}},{"type":"Feature","geometry":{"type":"Point","coordinates":[-77.1218,38.72387]},"properties":{"id":"node/8554574675","name":"Honest-1 Auto Care","group":"services","category":"shop=car_repair","hours":"Mo-Fr 09:00-17:00; Sa 09:00-16:00","phone":"+1 571-257-4876","website":"https://www.honest1alexandria.com/","housenumber":"8648","street":"Richmond Highway","city":"Alexandria","postcode":"22309"}},{"type":"Feature","geometry":{"type":"Point","coordinates":[-77.12174,38.7239]},"properties":{"id":"node/8554606725","name":"Wellcana Hair Gallery","group":"personal_care","category":"shop=hairdresser","housenumber":"8648","street":"Richmond Highway","city":"Alexandria","postcode":"22309"}},{"type":"Feature","geometry":{"type":"Point","coordinates":[-77.1215,38.72401]},"properties":{"id":"node/8554618547","name":"Dollar+","group":"groceries","category":"shop=variety_store","housenumber":"8646","street":"Richmond Highway","city":"Alexandria","postcode":"22309"}},{"type":"Feature","geometry":{"type":"Point","coordinates":[-77.12167,38.72393]},"properties":{"id":"node/8554626903","name":"Nana Bour Boutique","group":"shopping","category":"shop=clothes","phone":"+1 703-717-0713","housenumber":"8648","street":"Richmond Highway","city":"Alexandria","postcode":"22309"}},{"type":"Feature","geometry":{"type":"Point","coordinates":[-77.12049,38.72398]},"properties":{"id":"node/8554690388","name":"ClassiCleaners","group":"services","category":"shop=dry_cleaning","phone":"+1 703-360-0500","website":"https://www.classicleaners.com/","housenumber":"8630","street":"Richmond Highway","city":"Alexandria","postcode":"22309"}},{"type":"Feature","geometry":{"type":"Point","coordinates":[-77.1206,38.72412]},"properties":{"id":"node/8554716099","name":"IG Nails & Spa","group":"personal_care","category":"shop=beauty","hours":"Mo-Sa 09:30-19:30; Su 11:00-17:30","phone":"+1 571-347-7211","website":"http://ignailsandspa.com/","housenumber":"8632","street":"Richmond Highway","city":"Alexandria","postcode":"22309"}},{"type":"Feature","geometry":{"type":"Point","coordinates":[-77.16249,38.74231]},"properties":{"id":"node/8580562218","name":"Bob & Edith's Diner","group":"food","category":"amenity=restaurant","cuisine":"diner","hours":"06:00-22:00","phone":"+1-703-337-4101","housenumber":"6451","street":"Old Beulah Street","city":"Alexandria","postcode":"22315"}},{"type":"Feature","geometry":{"type":"Point","coordinates":[-77.13895,38.85497]},"properties":{"id":"node/8781454573","name":"Culmore Supermarket","group":"groceries","category":"shop=supermarket","housenumber":"6019","street":"Leesburg Pike","city":"Falls Church","postcode":"22041"}},{"type":"Feature","geometry":{"type":"Point","coordinates":[-77.18838,38.83072]},"properties":{"id":"node/8846375868","name":"K Market International Food","group":"groceries","category":"shop=supermarket","website":"https://www.kmarketusa.com/","housenumber":"4239","street":"John Marr Drive","city":"Annandale","postcode":"22003"}},{"type":"Feature","geometry":{"type":"Point","coordinates":[-77.18827,38.83022]},"properties":{"id":"node/8846375876","name":"Dal Shabu Hot Pot","group":"food","category":"amenity=restaurant","cuisine":"korean;hotpot","housenumber":"4355","street":"John Marr Drive","city":"Annandale"}},{"type":"Feature","geometry":{"type":"Point","coordinates":[-77.17652,38.79922]},"properties":{"id":"node/8846402796","name":"Quarles Fleet Fueling","group":"shopping","category":"shop=fuel","housenumber":"6772","street":"Commercial Drive","city":"Springfield","postcode":"22151"}},{"type":"Feature","geometry":{"type":"Point","coordinates":[-77.18829,38.83033]},"properties":{"id":"node/8846442336","name":"Taco Ssam","group":"food","category":"amenity=restaurant","cuisine":"korean;mexican","phone":"+1-571-395-8806","website":"https://www.tacossam.com/","housenumber":"4347","street":"John Marr Drive","city":"Annandale","postcode":"22003-3207"}},{"type":"Feature","geometry":{"type":"Point","coordinates":[-77.13824,38.80414]},"properties":{"id":"node/8997642817","name":"Aslin Beer Company","group":"food","category":"craft=brewery","hours":"Mo-Th 11:00-22:00; Fr-Sa 11:00-23:00; Su 11:00-20:00","phone":"+15714317603","website":"https://www.aslinbeer.com/online-ordering","housenumber":"847","street":"South Pickett Street","city":"Alexandria","postcode":"22304"}},{"type":"Feature","geometry":{"type":"Point","coordinates":[-77.12393,38.87738]},"properties":{"id":"node/9004630140","name":"Covet","group":"shopping","category":"shop=gift","phone":"+1-703-247-9797","website":"https://www.covetinarlington.com/"}},{"type":"Feature","geometry":{"type":"Point","coordinates":[-77.19003,38.83382]},"properties":{"id":"node/9064743775","name":"Lighthouse Tofu","group":"food","category":"amenity=restaurant","cuisine":"korean","phone":"+1-703-333-3436","website":"https://lighthousetofu.com","housenumber":"4121","street":"Chatelain Road","city":"Annandale","postcode":"22003"}},{"type":"Feature","geometry":{"type":"Point","coordinates":[-77.17685,38.93862]},"properties":{"id":"node/9239110023","name":"Fluffy Thoughts Cake","group":"food","category":"shop=bakery"}},{"type":"Feature","geometry":{"type":"Point","coordinates":[-77.12039,38.8984]},"properties":{"id":"node/9284749200","name":"Kitchen & Bath Factory","group":"shopping","category":"shop=kitchen","hours":"Mo-Fr 10:00-18:00; Sa 10:00-15:00","phone":"+1-703-522-7337","website":"https://kitchenandbathfactory.com/","housenumber":"4624","street":"Langston Boulevard","city":"Arlington","postcode":"22207"}},{"type":"Feature","geometry":{"type":"Point","coordinates":[-77.11982,38.89835]},"properties":{"id":"node/9284749201","name":"Ann Nails","group":"personal_care","category":"shop=beauty","hours":"Mo-Fr 09:30-20:00; Sa 09:30-19:00; Su 11:00-18:00","phone":"+1-703-469-2220","housenumber":"4600","street":"Langston Boulevard","city":"Arlington","postcode":"22207"}},{"type":"Feature","geometry":{"type":"Point","coordinates":[-77.12368,38.84873]},"properties":{"id":"node/9311445403","name":"Tarab Hookah Lounge","group":"food","category":"amenity=cafe","hours":"Mo-Sa 14:00-27:00; Su 14:00-26:00","phone":"+1-703-931-0101","website":"https://tarabhookahloungeva.wordpress.com/","housenumber":"3511","street":"Carlin Springs Road","city":"Falls Church","postcode":"22041"}},{"type":"Feature","geometry":{"type":"Point","coordinates":[-77.20078,38.83012]},"properties":{"id":"node/9382941658","name":"A&J Restaurant","group":"food","category":"amenity=restaurant","cuisine":"chinese","hours":"Mo-Fr 11:30-20:30; Sa-Su 10:30-20:30","phone":"+1 703-813-8181","website":"https://www.aandjrestaurant.com/","housenumber":"4316 Suite B","street":"Markham Street","city":"Annandale","postcode":"22003"}},{"type":"Feature","geometry":{"type":"Point","coordinates":[-77.14551,38.87006]},"properties":{"id":"node/9443678403","name":"Ruta 50 Bar and Grill","group":"food","category":"amenity=restaurant","cuisine":"mexican","phone":"+1 (571) 378-1174","website":"https://ruta50barandgrill.com/","housenumber":"6124","street":"Arlington Boulevard","city":"Falls Church","postcode":"22044"}},{"type":"Feature","geometry":{"type":"Point","coordinates":[-77.14395,38.86923]},"properties":{"id":"node/9443678404","name":"Purity Organic Nails and Wax","group":"personal_care","category":"shop=beauty","hours":"Mo-Fr 10:00-19:30; Sa 09:30-19:00; Su 11:00-18:00","phone":"+1-703-538-0900","website":"https://purityorganicnailsandwax.com/","housenumber":"6112","street":"Arlington Boulevard","city":"Falls Church","postcode":"22044"}},{"type":"Feature","geometry":{"type":"Point","coordinates":[-77.14702,38.87031]},"properties":{"id":"node/9443678410","name":"Botanica Tres Potencias","group":"personal_care","category":"shop=herbalist","phone":"+1-302-526-1066","website":"https://botanicatrespotencias.com/","housenumber":"6180","street":"Arlington Boulevard","city":"Falls Church","postcode":"22044"}},{"type":"Feature","geometry":{"type":"Point","coordinates":[-77.13957,38.8741]},"properties":{"id":"node/9448912973","name":"The Lash","group":"personal_care","category":"shop=beauty","hours":"Su-Sa 10:00-18:00; PH off","website":"https://www.thelashsupply.com/","housenumber":"6013","street":"Wilson Boulevard","city":"Arlington","postcode":"22205"}},{"type":"Feature","geometry":{"type":"Point","coordinates":[-77.12054,38.89882]},"properties":{"id":"node/9489002464","name":"Keystone Computer","group":"shopping","category":"shop=computer","hours":"Mo-Fr 08:30-17:15","phone":"+1-703-516-0300","website":"http://www.keystoneisit.com/","housenumber":"4615","street":"Old Dominion Drive","city":"Arlington","postcode":"22207"}},{"type":"Feature","geometry":{"type":"Point","coordinates":[-77.13092,38.8961]},"properties":{"id":"node/9530301717","name":"Arlington Kabob","group":"food","category":"amenity=restaurant","cuisine":"kebab","hours":"Mo-Su 10:00-22:00","phone":"+1 703-531-1498","website":"https://www.arlingtonkabobva.com/","housenumber":"5046","street":"Lee Highway","postcode":"22207"}},{"type":"Feature","geometry":{"type":"Point","coordinates":[-77.13228,38.85131]},"properties":{"id":"node/9672799603","name":"Hamilton's Sofa & Leather Gallery","group":"shopping","category":"shop=furniture","hours":"Mo-Sa 10:00-19:00; Su 12:00-18:00","housenumber":"5857","street":"Leesburg Pike","city":"Falls Church","postcode":"22041"}},{"type":"Feature","geometry":{"type":"Point","coordinates":[-77.13236,38.84958]},"properties":{"id":"node/9672799607","name":"Panaderia Caramelo","group":"food","category":"shop=bakery","street":"Columbia Pike","city":"Falls Church"}},{"type":"Feature","geometry":{"type":"Point","coordinates":[-77.13232,38.84952]},"properties":{"id":"node/9672891694","name":"Full Kee","group":"food","category":"amenity=restaurant","cuisine":"asian"}},{"type":"Feature","geometry":{"type":"Point","coordinates":[-77.08526,38.74419]},"properties":{"id":"node/9685475005","name":"Walker's House Of Hair Inc","group":"personal_care","category":"shop=beauty","hours":"Tu-Fr 09:00-19:00; Sa 08:00-18:00","phone":"+1 703-360-2437","website":"https://walkershouseofhairinc.com","housenumber":"7860","street":"Richmond Highway","city":"Alexandria","postcode":"22306"}},{"type":"Feature","geometry":{"type":"Point","coordinates":[-77.13229,38.84948]},"properties":{"id":"node/9708343530","name":"K&G","group":"shopping","category":"shop=clothes","street":"Columbia Pike","city":"Falls Church"}},{"type":"Feature","geometry":{"type":"Point","coordinates":[-77.05873,38.77212]},"properties":{"id":"node/9784986997","name":"All About Frames","group":"shopping","category":"shop=frame","hours":"Tu,Th 14:00-20:00; Sa 12:00-18:00","phone":"+1 703-901-2012","website":"https://www.davidlaforce.com/","housenumber":"6641","street":"Wakefield Drive Rivertowers","city":"Alexandria","postcode":"22307"}},{"type":"Feature","geometry":{"type":"Point","coordinates":[-77.15712,38.89959]},"properties":{"id":"node/9833882517","name":"Jin's Cleaners & Tailoring","group":"services","category":"shop=dry_cleaning","hours":"Mo-Fr 08:00-18:00; Sa 09:00-17:00","phone":"+1-703-536-2030","housenumber":"2918","street":"North Sycamore Street","city":"Arlington","postcode":"22207"}},{"type":"Feature","geometry":{"type":"Point","coordinates":[-77.12483,38.80728]},"properties":{"id":"node/9879245879","name":"King's Cleaners","group":"services","category":"shop=dry_cleaning","hours":"Mo-Fr 08:00-19:00; Sa 09:00-17:00,08:00-18:00","housenumber":"376","street":"South Pickett Street","city":"Alexandria","postcode":"22304"}},{"type":"Feature","geometry":{"type":"Point","coordinates":[-77.12493,38.80726]},"properties":{"id":"node/9879245881","name":"New Image Hair & Nail Spa","group":"personal_care","category":"shop=beauty","hours":"Mo 11:00-17:00; Tu-Fr 11:00-18:00; Sa 09:00-18:00; Su 12:00-17:00","phone":"+1 703-751-7904"}},{"type":"Feature","geometry":{"type":"Point","coordinates":[-77.06159,38.77628]},"properties":{"id":"node/9904572280","name":"The Virginia Florist","group":"shopping","category":"shop=florist","hours":"Mo-Su 09:00-16:00","phone":"+1 703-765-3355","website":"https://thevirginiaflorist.com","housenumber":"1632","street":"Belle View Boulevard","city":"Alexandria","postcode":"22307"}},{"type":"Feature","geometry":{"type":"Point","coordinates":[-77.06002,38.77616]},"properties":{"id":"node/9904572286","name":"Belle View Barber Shop","group":"personal_care","category":"shop=hairdresser","hours":"Mo-Fr 09:00-18:00; Sa 09:00-17:00; Su 10:00-17:00","phone":"+1 703-660-9623","website":"http://www.belleviewbarbershop.com","housenumber":"1608","street":"Belle View Boulevard","city":"Alexandria","postcode":"22307"}},{"type":"Feature","geometry":{"type":"Point","coordinates":[-77.05992,38.77615]},"properties":{"id":"node/9904572288","name":"Belle View Jewlers","group":"shopping","category":"shop=jewelry","hours":"Mo-Fr 10:00-18:00; Sa 10:00-17:00","phone":"+1 703-768-4900","website":"https://belleviewsjewelers.com","housenumber":"1604","street":"Belle View Boulevard","city":"Alexandria","postcode":"22307"}},{"type":"Feature","geometry":{"type":"Point","coordinates":[-77.05977,38.77614]},"properties":{"id":"node/9904572289","name":"Unwined","group":"groceries","category":"shop=wine","hours":"Mo-Sa 11:00-19:00; Su 12:00-17:00","phone":"+1 571-384-6880","website":"https://www.unwinedva.com","housenumber":"1600","street":"Belle View Boulevard","city":"Alexandria","postcode":"22307"}},{"type":"Feature","geometry":{"type":"Point","coordinates":[-77.05971,38.77613]},"properties":{"id":"node/9904572290","name":"Revel","group":"food","category":"amenity=restaurant","cuisine":"french;cajun","hours":"Tu 17:00-20:00; We 15:00-20:00; Th-Sa 15:00-21:00; Su 11:00-15:00","phone":"+1 703-303-7031","website":"https://revelava.com","housenumber":"1600","street":"Belle View Boulevard","city":"Alexandria","postcode":"22307"}},{"type":"Feature","geometry":{"type":"Point","coordinates":[-77.05961,38.77606]},"properties":{"id":"node/9904572291","name":"Sharkey's Cuts For Kids","group":"personal_care","category":"shop=hairdresser","hours":"Sa-Mo 10:00-18:00; We-Th 12:00-18:00","phone":"+1 571-371-8080","website":"https://sharkeyscutsforkidsalexandria.com","housenumber":"1522","street":"Belle View Boulevard","city":"Alexandria","postcode":"22307"}},{"type":"Feature","geometry":{"type":"Point","coordinates":[-77.05954,38.77599]},"properties":{"id":"node/9904572292","name":"Parcel Plus","group":"services","category":"shop=copyshop","hours":"Mo-Fr 08:30-19:00; Sa 09:00-16:00","phone":"+1 703-660-0080","website":"https://www.parcelplus.com/locations/alexandria-va","housenumber":"1520","street":"Belle View Boulevard","city":"Alexandria","postcode":"22307"}},{"type":"Feature","geometry":{"type":"Point","coordinates":[-77.0595,38.77595]},"properties":{"id":"node/9904572293","name":"Nails America","group":"personal_care","category":"shop=beauty","hours":"Mo-Fr 10:00-20:00; Sa 09:00-19:00; Su 11:00-17:00","phone":"+1 703-765-1182","website":"https://nailsamericaalexandria.com","housenumber":"1518","street":"Belle View Boulevard","city":"Alexandria","postcode":"22307"}},{"type":"Feature","geometry":{"type":"Point","coordinates":[-77.05947,38.77592]},"properties":{"id":"node/9904572294","name":"Eyebrow Palace","group":"personal_care","category":"shop=beauty","website":"https://eyebrowpalaces.com","housenumber":"1516","street":"Belle View Boulevard","city":"Alexandria","postcode":"22307"}},{"type":"Feature","geometry":{"type":"Point","coordinates":[-77.05946,38.77576]},"properties":{"id":"node/9904572295","name":"Bread & Water Company","group":"food","category":"shop=bakery","hours":"Mo-Sa 07:00-15:30; Su 07:00-14:30","phone":"+1 703-768-0100","website":"https://www.breadandwatercompany.com","housenumber":"1512","street":"Belle View Boulevard","city":"Alexandria","postcode":"22307"}},{"type":"Feature","geometry":{"type":"Point","coordinates":[-77.05946,38.77579]},"properties":{"id":"node/9904572296","name":"bunpapa","group":"food","category":"amenity=fast_food","cuisine":"burger;chicken;hot_dog","hours":"Mo-Th 15:00-20:00; Fr-Sa 15:00-21:00; Su 15:00-20:00","phone":"+1 703-768-0100","website":"https://www.bunpapa.com","housenumber":"1512","street":"Belle View Boulevard","city":"Alexandria","postcode":"22307"}},{"type":"Feature","geometry":{"type":"Point","coordinates":[-77.05901,38.77532]},"properties":{"id":"node/9904572298","name":"Alexandria Music Company","group":"shopping","category":"shop=musical_instrument","hours":"Mo-Fr 09:00-21:00; Sa 10:00-18:00; Su 12:00-17:00","phone":"+1 703-660-6025","website":"https://www.alexandriamusicco.com","housenumber":"1502","street":"Belle View Boulevard","city":"Alexandria","postcode":"22307"}},{"type":"Feature","geometry":{"type":"Point","coordinates":[-77.05415,38.78014]},"properties":{"id":"node/9937864458","name":"Le Petit Ananas Shaved Ice","group":"food","category":"amenity=ice_cream","hours":"Mo-Su 13:00-20:00","phone":"+1 571-358-4087","website":"https://lepetitananasshavedice.com"}},{"type":"Feature","geometry":{"type":"Point","coordinates":[-77.17182,38.88034]},"properties":{"id":"node/9938229044","name":"Audacious Aleworks","group":"food","category":"amenity=pub","phone":"+1-571-303-0177","website":"http://www.audaciousaleworks.com/","housenumber":"110","street":"East Fairfax Street","city":"Falls Church","postcode":"22046-2902"}},{"type":"Feature","geometry":{"type":"Point","coordinates":[-77.16383,38.74219]},"properties":{"id":"node/9980191287","name":"The Farmhouse","group":"food","category":"amenity=restaurant","cuisine":"italian","housenumber":"7879","street":"Heneska"}},{"type":"Feature","geometry":{"type":"Point","coordinates":[-77.07746,38.78339]},"properties":{"id":"node/9991142066","name":"Central Supermercado","group":"groceries","category":"shop=supermarket","hours":"Mo-Su 08:00-22:00","phone":"+1 703-768-7190","housenumber":"6222","street":"Richmond Highway","city":"Alexandria","postcode":"22303"}},{"type":"Feature","geometry":{"type":"Point","coordinates":[-77.07733,38.7831]},"properties":{"id":"node/9991142067","name":"Viet House","group":"food","category":"amenity=restaurant","cuisine":"vietnamese","hours":"Mo-Su 11:00-20:00","phone":"+1 703-660-6741","housenumber":"6226","street":"Richmond Highway","city":"Alexandria","postcode":"22303"}},{"type":"Feature","geometry":{"type":"Point","coordinates":[-77.07721,38.78308]},"properties":{"id":"node/9991142069","name":"SNS Nail Shop","group":"personal_care","category":"shop=beauty","phone":"+1 703-660-8480","website":"https://www.snsnailshopalexandria.com","housenumber":"6226","street":"Richmond Highway","city":"Alexandria","postcode":"22307"}},{"type":"Feature","geometry":{"type":"Point","coordinates":[-77.17419,38.86711]},"properties":{"id":"node/9993591639","name":"Annandale Auto Repair","group":"services","category":"shop=car_repair","hours":"Mo-Sa 08:00-15:00","phone":"+1-703-534-3939","housenumber":"3039","street":"Annandale Road","city":"Falls Church","postcode":"22042"}},{"type":"Feature","geometry":{"type":"Point","coordinates":[-77.13881,38.89676]},"properties":{"id":"node/10065533429","name":"Chill Zone","group":"food","category":"amenity=cafe","cuisine":"vietnamese","phone":"+1 703-270-9466","website":"https://chillzonecafe.com/","housenumber":"2442","street":"North Harrison Street","city":"Arlington","postcode":"22207-1612"}},{"type":"Feature","geometry":{"type":"Point","coordinates":[-77.05985,38.77615]},"properties":{"id":"node/10234826126","name":"Light by Alexandria Electric","group":"shopping","category":"shop=lighting","hours":"Mo-Fr 10:00-19:00; Sa 09:00-16:00","phone":"+1 703-888-3181","website":"https://www.lightbyae.com","housenumber":"1602","street":"Belle View Boulevard","city":"Alexandria","postcode":"22307"}},{"type":"Feature","geometry":{"type":"Point","coordinates":[-77.15194,38.86552]},"properties":{"id":"node/10297476555","name":"Arlington Lock & Key","group":"services","category":"shop=locksmith","hours":"Mo-Fr 08:30-16:30; Sa 09:30-13:00","housenumber":"6201","street":"Leesburg Pike","city":"Falls Church","postcode":"22044"}},{"type":"Feature","geometry":{"type":"Point","coordinates":[-77.15164,38.86558]},"properties":{"id":"node/10297476557","name":"Bibi Salon & Spa","group":"personal_care","category":"shop=beauty"}},{"type":"Feature","geometry":{"type":"Point","coordinates":[-77.15176,38.8655]},"properties":{"id":"node/10297476559","name":"Mr. Lewis Men's Salon","group":"personal_care","category":"shop=beauty","phone":"+1 703-536-2320"}},{"type":"Feature","geometry":{"type":"Point","coordinates":[-77.16033,38.70926]},"properties":{"id":"node/10594853948","name":"Fort Belvoir Square Barber Shop","group":"personal_care","category":"shop=hairdresser"}},{"type":"Feature","geometry":{"type":"Point","coordinates":[-77.1605,38.70925]},"properties":{"id":"node/10594853949","name":"Julep Nails & Spa","group":"personal_care","category":"shop=beauty"}},{"type":"Feature","geometry":{"type":"Point","coordinates":[-77.17372,38.88051]},"properties":{"id":"node/10594945696","name":"Lee's Thai Food","group":"food","category":"amenity=restaurant","cuisine":"thai","hours":"Mo-Th 09:00-21:00; Fr, Su 09:00-22:00","phone":"+1-571-314-3468","website":"http://www.leesthaifoodva.com","housenumber":"312","street":"South Washington Street","city":"Falls Church","postcode":"22046"}},{"type":"Feature","geometry":{"type":"Point","coordinates":[-77.18008,38.87933]},"properties":{"id":"node/10599431394","name":"La Tingeria","group":"food","category":"amenity=restaurant","cuisine":"tacos;mexican","hours":"We-Sa 11:00-20:00; Su 11:00-19:00","phone":"+1-571-378-1593","website":"https://www.latingeria.net/","city":"Arlington"}},{"type":"Feature","geometry":{"type":"Point","coordinates":[-77.17754,38.88003]},"properties":{"id":"node/10605373088","name":"Hair Color Studio","group":"personal_care","category":"shop=hairdresser","phone":"+1-571-406-9680","housenumber":"455","street":"South Maple Avenue","city":"Falls Church","postcode":"22046"}},{"type":"Feature","geometry":{"type":"Point","coordinates":[-77.17644,38.88011]},"properties":{"id":"node/10605373091","name":"Falls Church Distillers","group":"groceries","category":"shop=alcohol","street":"Tinners Hill Street","city":"Falls Church","postcode":"22046"}},{"type":"Feature","geometry":{"type":"Point","coordinates":[-77.17641,38.88]},"properties":{"id":"node/10605373092","name":"Angels Spa & Beauty","group":"personal_care","category":"shop=beauty","street":"Tinners Hill Street","city":"Falls Church","postcode":"22046"}},{"type":"Feature","geometry":{"type":"Point","coordinates":[-77.17616,38.87991]},"properties":{"id":"node/10605373093","name":"The Medical House","group":"groceries","category":"shop=medical_supply","phone":"+1-703-533-2290","housenumber":"440","street":"South Washington Street","city":"Falls Church","postcode":"22046"}},{"type":"Feature","geometry":{"type":"Point","coordinates":[-77.17766,38.87954]},"properties":{"id":"node/10605388107","name":"Rex Day Spa","group":"personal_care","category":"shop=beauty","hours":"Mo-Fr 10:00-19:30, Sa 09:30-19:00, Su 11:00-17:00","phone":"+1 703-533-8777","housenumber":"510","street":"South Washington Street","city":"Falls Church","postcode":"22046"}},{"type":"Feature","geometry":{"type":"Point","coordinates":[-77.12755,38.84841]},"properties":{"id":"node/10648797992","name":"U-Store Self Storage","group":"services","category":"shop=storage_rental"}},{"type":"Feature","geometry":{"type":"Point","coordinates":[-77.12019,38.84991]},"properties":{"id":"node/10648798002","name":"Golden Buffet & Grill","group":"food","category":"amenity=restaurant","cuisine":"chinese"}},{"type":"Feature","geometry":{"type":"Point","coordinates":[-77.12503,38.84895]},"properties":{"id":"node/10648798004","name":"City Diner","group":"food","category":"amenity=restaurant","cuisine":"diner","phone":"+1-703-671-4108","housenumber":"5616","street":"Leesburg Pike","city":"Falls Church","postcode":"22041-2903"}},{"type":"Feature","geometry":{"type":"Point","coordinates":[-77.12589,38.84925]},"properties":{"id":"node/10648891105","name":"Tires 4 Less","group":"services","category":"shop=tyres","housenumber":"5622","street":"Leesburg Pike","city":"Falls Church","postcode":"22041"}},{"type":"Feature","geometry":{"type":"Point","coordinates":[-77.12616,38.84936]},"properties":{"id":"node/10648891106","name":"Bamian Restaurant","group":"food","category":"amenity=restaurant","cuisine":"afghan","hours":"Mo-Su 10:30-23:00","website":"https://www.bamianrestaurant.com/","housenumber":"5634","street":"Leesburg Pike","city":"Falls Church","postcode":"22041"}},{"type":"Feature","geometry":{"type":"Point","coordinates":[-77.1276,38.85055]},"properties":{"id":"node/10648891107","name":"Surf n Suds Laundromat","group":"services","category":"shop=laundry"}},{"type":"Feature","geometry":{"type":"Point","coordinates":[-77.13011,38.85216]},"properties":{"id":"node/10648891112","name":"La Madeleine","group":"food","category":"amenity=restaurant","cuisine":"french"}},{"type":"Feature","geometry":{"type":"Point","coordinates":[-77.08481,38.74573]},"properties":{"id":"node/10651711639","name":"Golden Buffet & Grill","group":"food","category":"amenity=restaurant","cuisine":"chinese"}},{"type":"Feature","geometry":{"type":"Point","coordinates":[-77.12065,38.84089]},"properties":{"id":"node/10659903826","name":"Jalal's Hair Salon","group":"personal_care","category":"shop=beauty","phone":"+1 703-931-6676","housenumber":"3825","street":"South George Mason Drive"}},{"type":"Feature","geometry":{"type":"Point","coordinates":[-77.12058,38.84091]},"properties":{"id":"node/10659946105","name":"Awash Market and Butcher Shop","group":"groceries","category":"shop=butcher","hours":"Mo-Sa 09:00-22:00; Su 09:00-20:00","phone":"+1 703-931-4180","housenumber":"3825","street":"South George Mason Drive"}},{"type":"Feature","geometry":{"type":"Point","coordinates":[-77.12052,38.84092]},"properties":{"id":"node/10659973405","name":"Paris Hair Salon","group":"personal_care","category":"shop=hairdresser"}},{"type":"Feature","geometry":{"type":"Point","coordinates":[-77.12058,38.84086]},"properties":{"id":"node/10659999805","name":"Jegoal Hair Salon","group":"personal_care","category":"shop=hairdresser","hours":"Mo-Sa 09:00-21:00; Su 10:00-18:00","phone":"+1 571-551-6555","website":"https://jegoalbeautysalon.wordpress.com/"}},{"type":"Feature","geometry":{"type":"Point","coordinates":[-77.12028,38.84098]},"properties":{"id":"node/10659999806","name":"Super Nails","group":"personal_care","category":"shop=beauty","phone":"+1 703-379-1229"}},{"type":"Feature","geometry":{"type":"Point","coordinates":[-77.12039,38.84093]},"properties":{"id":"node/10659999905","name":"Birhan Market","group":"food","category":"amenity=restaurant","phone":"+1 703-845-1004"}},{"type":"Feature","geometry":{"type":"Point","coordinates":[-77.15713,38.89954]},"properties":{"id":"node/10697675832","name":"Adil's Salon-Spa","group":"personal_care","category":"shop=hairdresser","hours":"Mo-Fr 09:00-19:00; Sa 08:00-18:00; Su 10:00-18:00","phone":"+1-703-533-0327","website":"https://adilsalonspa.com/","housenumber":"2914","street":"North Sycamore Street","city":"Arlington","postcode":"22207-1135"}},{"type":"Feature","geometry":{"type":"Point","coordinates":[-77.1572,38.89927]},"properties":{"id":"node/10697675834","name":"Williamsburg Deli","group":"food","category":"amenity=fast_food","cuisine":"sandwich","housenumber":"2900","street":"North Sycamore Street","city":"Arlington"}},{"type":"Feature","geometry":{"type":"Point","coordinates":[-77.15727,38.89968]},"properties":{"id":"node/10697675835","name":"InStyle Pet Grooming","group":"services","category":"shop=pet_grooming","hours":"Mo-Sa 09:00-17:00","phone":"+1-703-300-9738","housenumber":"6504","street":"Williamsburg Boulevard","city":"Arlington","postcode":"22213"}},{"type":"Feature","geometry":{"type":"Point","coordinates":[-77.15731,38.89968]},"properties":{"id":"node/10697675836","name":"Williamsburg Barber Shop","group":"personal_care","category":"shop=hairdresser","hours":"Mo-Fr 10:00-19:00; Sa 09:00-18:00; Su 10:00-17:00","phone":"+1-703-237-8495","housenumber":"6504","street":"Williamsburg Boulevard","city":"Arlington","postcode":"22213"}},{"type":"Feature","geometry":{"type":"Point","coordinates":[-77.15731,38.89927]},"properties":{"id":"node/10697675837","name":"Two The Moon","group":"shopping","category":"shop=gift","hours":"Mo-We 10:00-17:00; Th-Fr 10:00-19:00; Sa 10:00-17:00; Su 12:00-17:00","phone":"+1-703-300-9340","website":"https://www.twothemoon.com/","housenumber":"6501","street":"29th Street North","city":"Arlington","postcode":"22213"}},{"type":"Feature","geometry":{"type":"Point","coordinates":[-77.12968,38.71346]},"properties":{"id":"node/10705049169","name":"George Washington's Distillery","group":"food","category":"craft=distillery","website":"https://whiskey.mountvernon.org/"}},{"type":"Feature","geometry":{"type":"Point","coordinates":[-77.14177,38.7979]},"properties":{"id":"node/10727503620","name":"Fairfax Transfer and Storage","group":"services","category":"shop=storage_rental","website":"https://www.fairfaxtransfer.com/"}},{"type":"Feature","geometry":{"type":"Point","coordinates":[-77.14247,38.8167]},"properties":{"id":"node/10754844831","name":"Gogi Friends","group":"food","category":"amenity=restaurant","cuisine":"korean","phone":"+1-571-749-9900","housenumber":"6231","street":"Little River Turnpike","city":"Alexandria","postcode":"22312-1716"}},{"type":"Feature","geometry":{"type":"Point","coordinates":[-77.14375,38.81801]},"properties":{"id":"node/10754844834","name":"Royal Palace Kabob","group":"food","category":"amenity=fast_food","cuisine":"kebab","phone":"+1-703-256-0009","housenumber":"6301","street":"Little River Turnpike","city":"Alexandria","postcode":"22312-5024"}},{"type":"Feature","geometry":{"type":"Point","coordinates":[-77.14227,38.8166]},"properties":{"id":"node/10754844842","name":"SudsMore Laundromat","group":"services","category":"shop=laundry"}},{"type":"Feature","geometry":{"type":"Point","coordinates":[-77.14296,38.8169]},"properties":{"id":"node/10754844847","name":"Panader\u00eda Latina","group":"food","category":"shop=bakery"}},{"type":"Feature","geometry":{"type":"Point","coordinates":[-77.14194,38.81829]},"properties":{"id":"node/10754844850","name":"Quickway","group":"food","category":"amenity=fast_food","cuisine":"japanese","phone":"+1-703-750-0854","website":"http://www.quickwayhibachi.com/","housenumber":"6242","street":"Little River Turnpike","city":"Alexandria","postcode":"22312-1714"}},{"type":"Feature","geometry":{"type":"Point","coordinates":[-77.14296,38.81646]},"properties":{"id":"node/10754844853","name":"African Grocery","group":"groceries","category":"shop=supermarket"}},{"type":"Feature","geometry":{"type":"Point","coordinates":[-77.14279,38.81742]},"properties":{"id":"node/10754844854","name":"Taco Bamba","group":"food","category":"amenity=fast_food","cuisine":"mexican"}},{"type":"Feature","geometry":{"type":"Point","coordinates":[-77.14243,38.82092]},"properties":{"id":"node/10754844855","name":"Justa's Chicken","group":"food","category":"amenity=fast_food","cuisine":"chicken","website":"https://www.justaschicken.com/home/"}},{"type":"Feature","geometry":{"type":"Point","coordinates":[-77.13901,38.8978]},"properties":{"id":"node/10795928697","name":"Salon dcb","group":"personal_care","category":"shop=hairdresser","hours":"Tu-Th 11:00-20:00; Fr 11:00-19:00; Sa 10:00-18:00","phone":"+1-571-732-3050","website":"https://salondcb.net/","housenumber":"2505","street":"North Harrison Street","city":"Arlington","postcode":"22207"}},{"type":"Feature","geometry":{"type":"Point","coordinates":[-77.13883,38.89767]},"properties":{"id":"node/10795928699","name":"American Nail Salon","group":"personal_care","category":"shop=beauty","hours":"Mo-Su 09:30-20:00","phone":"+1-703-532-6407","housenumber":"2503","street":"North Harrison Street","city":"Arlington","postcode":"22207"}},{"type":"Feature","geometry":{"type":"Point","coordinates":[-77.13844,38.89748]},"properties":{"id":"node/10795928701","name":"Sushi-Zen","group":"food","category":"amenity=restaurant","cuisine":"japanese","hours":"Su-Mo 16:30-20:30; Tu-Th 11:30-14:30,16:30-20:30; Fr-Sa 11:30-14:30,16:30-21:00","phone":"+1-703-534-6000","website":"https://www.sushizen.com/","housenumber":"2457","street":"North Harrison Street","city":"Arlington","postcode":"22207"}},{"type":"Feature","geometry":{"type":"Point","coordinates":[-77.1387,38.89777]},"properties":{"id":"node/10815370676","name":"Protea Diamonds","group":"shopping","category":"shop=jewelry","phone":"+1-703-536-9822","website":"https://www.proteadiamonds.com/","housenumber":"2499","street":"North Harrison Street","city":"Arlington","postcode":"22207"}},{"type":"Feature","geometry":{"type":"Point","coordinates":[-77.19927,38.83071]},"properties":{"id":"node/10822120170","name":"Elite Contractors Services Inc","group":"shopping","category":"shop=kitchen","hours":"Mo-Fr 09:00-16:00; Sa, Su off","phone":"+1-703-813-1768","website":"https://elitecontractorservices.com/","housenumber":"7345","street":"Little River Turnpike","city":"Annandale","postcode":"22003"}},{"type":"Feature","geometry":{"type":"Point","coordinates":[-77.21341,38.87609]},"properties":{"id":"node/10853190932","name":"North China Cafe","group":"food","category":"amenity=restaurant","cuisine":"chinese","housenumber":"7810","street":"Route 29","city":"Falls Church","postcode":"22043"}},{"type":"Feature","geometry":{"type":"Point","coordinates":[-77.21119,38.87535]},"properties":{"id":"node/10853192396","name":"London Auto Services","group":"services","category":"shop=car_repair"}},{"type":"Feature","geometry":{"type":"Point","coordinates":[-77.21106,38.87536]},"properties":{"id":"node/10853192397","name":"Taco Baja","group":"food","category":"amenity=restaurant","cuisine":"mexican","phone":"+1-703-205-0010","housenumber":"7716","street":"Route 29","city":"Falls Church","postcode":"22042-7734"}},{"type":"Feature","geometry":{"type":"Point","coordinates":[-77.21021,38.87555]},"properties":{"id":"node/10853192398","name":"The Car Doctor","group":"services","category":"shop=car_repair"}},{"type":"Feature","geometry":{"type":"Point","coordinates":[-77.20994,38.87543]},"properties":{"id":"node/10853192399","name":"DMV Auto Group","group":"services","category":"shop=car_repair"}},{"type":"Feature","geometry":{"type":"Point","coordinates":[-77.20986,38.8754]},"properties":{"id":"node/10853192400","name":"Prestige Certified Motors","group":"services","category":"shop=car_repair"}},{"type":"Feature","geometry":{"type":"Point","coordinates":[-77.21375,38.87611]},"properties":{"id":"node/10853198925","name":"7 Star Laudromat","group":"services","category":"shop=laundry","housenumber":"7810","street":"Route 29","city":"Falls Church","postcode":"22043"}},{"type":"Feature","geometry":{"type":"Point","coordinates":[-77.21387,38.87599]},"properties":{"id":"node/10853198926","name":"Taqueria Cancun","group":"food","category":"amenity=restaurant","cuisine":"mexican","housenumber":"7810","street":"Route 29","city":"Falls Church"}},{"type":"Feature","geometry":{"type":"Point","coordinates":[-77.2139,38.87594]},"properties":{"id":"node/10853198927","name":"Cristi's Bakery","group":"food","category":"amenity=restaurant","cuisine":"regional","housenumber":"7810","street":"Route 29","city":"Falls Church","postcode":"22043"}},{"type":"Feature","geometry":{"type":"Point","coordinates":[-77.20945,38.87544]},"properties":{"id":"node/10853224037","name":"Tobacco Plus One","group":"shopping","category":"shop=tobacco"}},{"type":"Feature","geometry":{"type":"Point","coordinates":[-77.20908,38.87546]},"properties":{"id":"node/10853224038","name":"Victor's Grill Churrasqueria","group":"food","category":"amenity=restaurant","cuisine":"regional"}},{"type":"Feature","geometry":{"type":"Point","coordinates":[-77.20881,38.87596]},"properties":{"id":"node/10853224040","name":"Huqqa Lounge","group":"food","category":"amenity=restaurant","cuisine":"turkish","phone":"+1-703-439-2222","website":"http://www.thehuqqalounge.com/","housenumber":"2828","street":"Fallfax Drive","city":"Falls Church","postcode":"22042"}},{"type":"Feature","geometry":{"type":"Point","coordinates":[-77.13919,38.771]},"properties":{"id":"node/10878739777","name":"Spin Pollo Kingstowne","group":"food","category":"amenity=fast_food","cuisine":"chicken","hours":"Mo-Sa 11:00-22:00; Su 12:00-21:00","phone":"+1 703-401-3344","website":"https://www.spinpollo.com/","housenumber":"5942","street":"Kingstowne Boulevard","city":"Alexandria","postcode":"22315"}},{"type":"Feature","geometry":{"type":"Point","coordinates":[-77.13904,38.77146]},"properties":{"id":"node/10878750851","name":"Hair By Jessie","group":"personal_care","category":"shop=hairdresser","phone":"+1 703-718-6668","housenumber":"5926","street":"Kingstowne Center","city":"Alexandria","postcode":"22315"}},{"type":"Feature","geometry":{"type":"Point","coordinates":[-77.13692,38.77363]},"properties":{"id":"node/10878914993","name":"Felix & Oscar","group":"shopping","category":"shop=pet","phone":"+1 703-866-0222","website":"https://felixandoscar.com/","housenumber":"5840","street":"Kingstowne Center","city":"Alexandria","postcode":"22315"}},{"type":"Feature","geometry":{"type":"Point","coordinates":[-77.1398,38.75275]},"properties":{"id":"node/10879034672","name":"Smyrna Restaurant","group":"food","category":"amenity=restaurant","cuisine":"greek","phone":"+1 571-371-8228","website":"https://restaurantsmyrna.com/","housenumber":"7588","street":"Telegraph Road","city":"Alexandria","postcode":"22315"}},{"type":"Feature","geometry":{"type":"Point","coordinates":[-77.18914,38.83374]},"properties":{"id":"node/10931857757","name":"Silverado","group":"food","category":"amenity=restaurant","cuisine":"steak_house;tex-mex;burger","hours":"Su-Th 11:00-22:00, Fr-Sa 11:00-22:30","phone":"+1-703-354-4560","website":"https://www.silveradova.com/","housenumber":"7052","street":"Columbia Pike","city":"Annandale","postcode":"22003-3104"}},{"type":"Feature","geometry":{"type":"Point","coordinates":[-77.1908,38.83213]},"properties":{"id":"node/10931857758","name":"To Sok Jip","group":"food","category":"amenity=restaurant","cuisine":"korean","phone":"+1-703-269-3351","website":"https://www.newgaboja.com/","housenumber":"7119","street":"Columbia Pike","city":"Annandale","postcode":"22003"}},{"type":"Feature","geometry":{"type":"Point","coordinates":[-77.19058,38.8322]},"properties":{"id":"node/10931857759","name":"Cafe Tu Ah","group":"food","category":"amenity=cafe","housenumber":"7117","street":"Columbia Pike","city":"Annandale","postcode":"22003"}},{"type":"Feature","geometry":{"type":"Point","coordinates":[-77.19092,38.83209]},"properties":{"id":"node/10931857760","name":"Yuna Nail","group":"personal_care","category":"shop=beauty","street":"Columbia Pike","city":"Annandale","postcode":"22003"}},{"type":"Feature","geometry":{"type":"Point","coordinates":[-77.18981,38.83195]},"properties":{"id":"node/10931857761","name":"Jang Won","group":"food","category":"amenity=restaurant","cuisine":"chinese;korean","street":"John Marr Drive","city":"Annandale","postcode":"22003"}},{"type":"Feature","geometry":{"type":"Point","coordinates":[-77.18881,38.832]},"properties":{"id":"node/10931857766","name":"Orange Tree","group":"shopping","category":"shop=clothes"}},{"type":"Feature","geometry":{"type":"Point","coordinates":[-77.19097,38.83158]},"properties":{"id":"node/10931857767","name":"AnnanGol","group":"food","category":"amenity=restaurant","cuisine":"barbecue;korean","phone":"+1-703-914-4600","website":"http://www.annangolrestaurantva.com","housenumber":"4215","street":"Tom Davis Drive","city":"Annandale","postcode":"22003"}},{"type":"Feature","geometry":{"type":"Point","coordinates":[-77.21429,38.82594]},"properties":{"id":"node/10931857770","name":"Prince Quality","group":"services","category":"shop=dry_cleaning"}},{"type":"Feature","geometry":{"type":"Point","coordinates":[-77.2086,38.83307]},"properties":{"id":"node/10931857773","name":"Chicken Loco","group":"food","category":"amenity=fast_food","cuisine":"chicken"}},{"type":"Feature","geometry":{"type":"Point","coordinates":[-77.21376,38.82593]},"properties":{"id":"node/10931857774","name":"Super Bit","group":"shopping","category":"shop=video_games","hours":"We-Sa 10:00-18:00; Su 12:00-17:00","phone":"+1-571-378-0980","website":"https://www.superbitvideogames.com/","housenumber":"7887","street":"Heritage Drive","postcode":"22003"}},{"type":"Feature","geometry":{"type":"Point","coordinates":[-77.21431,38.82584]},"properties":{"id":"node/10931857775","name":"Tutti Frutti","group":"food","category":"amenity=ice_cream"}},{"type":"Feature","geometry":{"type":"Point","coordinates":[-77.21433,38.82574]},"properties":{"id":"node/10931857776","name":"KC Laundry","group":"services","category":"shop=laundry"}},{"type":"Feature","geometry":{"type":"Point","coordinates":[-77.18802,38.83422]},"properties":{"id":"node/10931857779","name":"Tiffany's Bakery","group":"food","category":"shop=bakery","hours":"Tu-Fr 07:00-19:00, Sa 08:00-17:00","phone":"+1-703-658-9797","website":"https://www.tiffanysbakeryva.com/","housenumber":"7022","street":"Columbia Pike","city":"Annandale","postcode":"22003"}},{"type":"Feature","geometry":{"type":"Point","coordinates":[-77.19086,38.83211]},"properties":{"id":"node/10931857782","name":"Big Bite Pizza","group":"food","category":"amenity=fast_food","cuisine":"pizza","hours":"Su-Th 11:00-24:00, Fr-Sa 11:00-01:00","phone":"+1-703-941-8991","website":"https://bigbiteannandale.com/","housenumber":"7125","street":"Columbia Pike","city":"Annandale","postcode":"22003"}},{"type":"Feature","geometry":{"type":"Point","coordinates":[-77.19197,38.83131]},"properties":{"id":"node/10931857783","name":"92Chicken","group":"food","category":"amenity=fast_food","cuisine":"chicken"}},{"type":"Feature","geometry":{"type":"Point","coordinates":[-77.19093,38.83151]},"properties":{"id":"node/10931857784","name":"Napoleon Bakery","group":"food","category":"shop=bakery","phone":"+1-703-914-1101","housenumber":"4217","street":"Tom Davis Drive","city":"Annandale","postcode":"22003"}},{"type":"Feature","geometry":{"type":"Point","coordinates":[-77.07878,38.78367]},"properties":{"id":"node/11103002240","name":"Chin's Chicken Carry-Out","group":"food","category":"amenity=restaurant","cuisine":"chinese"}},{"type":"Feature","geometry":{"type":"Point","coordinates":[-77.07883,38.7837]},"properties":{"id":"node/11103002241","name":"Great Southern Tattoo","group":"personal_care","category":"shop=tattoo"}},{"type":"Feature","geometry":{"type":"Point","coordinates":[-77.07888,38.78374]},"properties":{"id":"node/11103002242","name":"Veronica's Haird & Beauty Salon","group":"personal_care","category":"shop=hairdresser"}},{"type":"Feature","geometry":{"type":"Point","coordinates":[-77.07893,38.78377]},"properties":{"id":"node/11103002243","name":"Hamyi Kitchen & Ethiopian Grocery","group":"groceries","category":"shop=convenience"}},{"type":"Feature","geometry":{"type":"Point","coordinates":[-77.07897,38.7838]},"properties":{"id":"node/11103002244","name":"Sunflower Nails","group":"personal_care","category":"shop=beauty"}},{"type":"Feature","geometry":{"type":"Point","coordinates":[-77.07902,38.78382]},"properties":{"id":"node/11103002245","name":"Machu Pollo","group":"food","category":"amenity=restaurant","cuisine":"peruvian"}},{"type":"Feature","geometry":{"type":"Point","coordinates":[-77.17504,38.87041]},"properties":{"id":"node/11135423422","name":"The Vault Jewelry and Loan","group":"services","category":"shop=pawnbroker","hours":"Mo-Fr 10:00-19:00; Sa 10:00-18:00","phone":"+1-703-533-7851","website":"https://thevaultloans.com/","housenumber":"6670","street":"Arlington Boulevard","city":"Falls Church","postcode":"22042"}},{"type":"Feature","geometry":{"type":"Point","coordinates":[-77.18924,38.82983]},"properties":{"id":"node/11186225055","name":"Moby Dick House of Kabob","group":"food","category":"amenity=restaurant"}},{"type":"Feature","geometry":{"type":"Point","coordinates":[-77.13899,38.80392]},"properties":{"id":"node/11202829954","name":"Evolution Home","group":"shopping","category":"shop=antiques","hours":"Su 11:00-17:00; Mo-Sa 10:00-18:00","phone":"+1-703-519-1911","website":"https://evolution-home.com/","housenumber":"861","street":"South Pickett Street","city":"Alexandria","postcode":"22304"}},{"type":"Feature","geometry":{"type":"Point","coordinates":[-77.18888,38.82881]},"properties":{"id":"node/11232344777","name":"Food Corner Kabob house","group":"food","category":"amenity=restaurant","hours":"Mo-Th 11:00-21:00; Fr-Sa 11:00-16:00; Su 12:00-20:00","phone":"+1 703-750-2185","website":"https://foodcornerkabobhouse.com/","housenumber":"7031","street":"Little River Turnpike"}},{"type":"Feature","geometry":{"type":"Point","coordinates":[-77.20212,38.83248]},"properties":{"id":"node/11282521336","name":"Lotte Boutique","group":"shopping","category":"shop=clothes","housenumber":"7438","street":"Little River Turnpike","city":"Annandale","postcode":"22003"}},{"type":"Feature","geometry":{"type":"Point","coordinates":[-77.20221,38.83249]},"properties":{"id":"node/11282521337","name":"Peking Cafe","group":"food","category":"amenity=restaurant","cuisine":"chinese","hours":"Mo-Th 11:00-22:00; Fr 11:00-22:30; Sa 11:30-22:30; Su 11:30-22:00","housenumber":"7438","street":"Little River Turnpike"}},{"type":"Feature","geometry":{"type":"Point","coordinates":[-77.20239,38.83253]},"properties":{"id":"node/11282521338","name":"Dynasty Hair Salon","group":"personal_care","category":"shop=beauty","hours":"Tu-Fr 09:00-19:00; Sa 09:00-17:00","phone":"+1 703-256-4700","housenumber":"7444","street":"Little River Turnpike"}},{"type":"Feature","geometry":{"type":"Point","coordinates":[-77.20233,38.83252]},"properties":{"id":"node/11282521339","name":"Beyond Nail Spa","group":"personal_care","category":"shop=beauty","hours":"Mo-Fr 09:30-20:00; Sa 09:00-19:00; Su 11:00-17:00","phone":"+1-703-256-2368","website":"http://beyondnails.net","housenumber":"7442","street":"Little River Turnpike","city":"Annandale","postcode":"22003"}},{"type":"Feature","geometry":{"type":"Point","coordinates":[-77.1386,38.75638]},"properties":{"id":"node/11308563994","name":"Color Waves LLC","group":"shopping","category":"shop=paint","phone":"+1 202-999-9494"}},{"type":"Feature","geometry":{"type":"Point","coordinates":[-77.13967,38.75841]},"properties":{"id":"node/11308563995","name":"Mains & Crosses Professional Racket Stringer","group":"shopping","category":"shop=sports","phone":"+1 562-365-4952"}},{"type":"Feature","geometry":{"type":"Point","coordinates":[-77.14127,38.76279]},"properties":{"id":"node/11308563997","name":"Hair and Makeup by Carla Reis","group":"personal_care","category":"shop=hairdresser","phone":"+1 571-438-3303","housenumber":"6016","street":"Oxpen Court"}},{"type":"Feature","geometry":{"type":"Point","coordinates":[-77.09678,38.73565]},"properties":{"id":"node/11352220952","name":"Best Upholstery","group":"services","category":"craft=upholsterer","hours":"Mo-Fr 09:00-18:00; Sa 10:00-16:00; Su off","phone":"+1-703-780-8899","website":"https://bestupholstery.net/","housenumber":"8176","street":"Richmond Highway","city":"Alexandria","postcode":"22309"}},{"type":"Feature","geometry":{"type":"Point","coordinates":[-77.09594,38.73596]},"properties":{"id":"node/11352220953","name":"Car Trendz","group":"shopping","category":"shop=car_parts","hours":"Mo-Fr 10:00-18:00; Sa 10:00-17:00; Su off","website":"https://cartrendz.com/"}},{"type":"Feature","geometry":{"type":"Point","coordinates":[-77.09586,38.736]},"properties":{"id":"node/11352220955","name":"Xtreme Tire Sales","group":"services","category":"shop=tyres","hours":"Mo-Fr 09:00-18:00; Sa 09:00-17:00; Su 09:30-15:00","phone":"+1-703-373-3344","website":"https://xtremetiresales.info/"}},{"type":"Feature","geometry":{"type":"Point","coordinates":[-77.09577,38.73605]},"properties":{"id":"node/11352220956","name":"Euro Motor Service","group":"services","category":"shop=car_repair","hours":"Mo-Fr 08:00-18:00; Sa-Su off","phone":"+1-703-360-1901","website":"https://www.euromotorservice.com/"}},{"type":"Feature","geometry":{"type":"Point","coordinates":[-77.09667,38.73548]},"properties":{"id":"node/11352220963","name":"C-Store","group":"groceries","category":"shop=convenience","housenumber":"8178","street":"Richmond Highway","city":"Alexandria","postcode":"22309"}},{"type":"Feature","geometry":{"type":"Point","coordinates":[-77.08426,38.74306]},"properties":{"id":"node/11356077502","name":"KC Beauty Mart","group":"personal_care","category":"shop=cosmetics","hours":"Mo-Sa 10:00-20:00; Su 12:00-18:00","phone":"+1-703-780-6851","website":"https://www.kcbeautymartinc.com/"}},{"type":"Feature","geometry":{"type":"Point","coordinates":[-77.08464,38.74739]},"properties":{"id":"node/11356346236","name":"Lotus Pho & Grill","group":"food","category":"amenity=restaurant","cuisine":"vietnamese","hours":"Mo-Sa 11:00-21:45; Su 11:00-19:45","phone":"+1-571-347-7788","website":"https://lotusphogrill.com/"}},{"type":"Feature","geometry":{"type":"Point","coordinates":[-77.08469,38.74702]},"properties":{"id":"node/11356346237","name":"Sun Sew Vac","group":"shopping","category":"shop=vacuum_cleaner","hours":"Tu-Fr 10:00-18:00; Sa 09:00-14:00; Su,Mo off","phone":"+1-703-780-0400","website":"https://www.sunsewvac.com/"}},{"type":"Feature","geometry":{"type":"Point","coordinates":[-77.08465,38.74731]},"properties":{"id":"node/11356346239","name":"Pupusas Express","group":"food","category":"amenity=restaurant","cuisine":"latin_american","phone":"+1-703-780-4800","website":"https://www.pupusasexpress.com/"}},{"type":"Feature","geometry":{"type":"Point","coordinates":[-77.08383,38.75377]},"properties":{"id":"node/11356389742","name":"Mill Direct Flooring","group":"shopping","category":"shop=flooring","hours":"Mo-Fr 09:00-19:00; Sa 09:00-17:00; Su off","phone":"+1-703-765-1900","website":"https://milldirectfloorcoverings.com/location/alexandria/"}},{"type":"Feature","geometry":{"type":"Point","coordinates":[-77.08385,38.75436]},"properties":{"id":"node/11356424079","name":"Smoke Hub","group":"shopping","category":"shop=tobacco"}},{"type":"Feature","geometry":{"type":"Point","coordinates":[-77.11942,38.76817]},"properties":{"id":"node/11366360044","name":"Asia Garden","group":"food","category":"amenity=restaurant","cuisine":"chinese","hours":"Mo-Th 11:00-21:30; Fr 11:00-23:15; Sa 11:00-21:30; Su 12:00-21:30","phone":"+1-703-922-6666","website":"https://www.asiagardenalexandria.com/","housenumber":"6935","street":"Telegraph Road","city":"Alexandria","postcode":"22310"}},{"type":"Feature","geometry":{"type":"Point","coordinates":[-77.17977,38.87894]},"properties":{"id":"node/11399205377","name":"Wild Tacoz","group":"food","category":"amenity=restaurant","cuisine":"mexican;greek","phone":"+1-703-639-0199","website":"https://www.wildtacoz.com/","housenumber":"7167","street":"Lee Highway","city":"Falls Church","postcode":"22046"}},{"type":"Feature","geometry":{"type":"Point","coordinates":[-77.17344,38.88058]},"properties":{"id":"node/11399205381","name":"Pupuseria La Familiar","group":"food","category":"amenity=restaurant","cuisine":"salvadoran","phone":"+17039952528","website":"https://pupuserialafamiliar.com/","housenumber":"308","street":"South Washington Street","city":"Falls Church","postcode":"22046"}},{"type":"Feature","geometry":{"type":"Point","coordinates":[-77.17353,38.88056]},"properties":{"id":"node/11399205382","name":"Takumi","group":"food","category":"amenity=restaurant","cuisine":"sushi;japanese","hours":"Mo-Sa 11:30-14:00, 14:30-21:00","phone":"+17032411128","website":"http://takumiva.com/","housenumber":"310","street":"South Washington Street","city":"Falls Church","postcode":"22046"}},{"type":"Feature","geometry":{"type":"Point","coordinates":[-77.18303,38.89017]},"properties":{"id":"node/11399205395","name":"Kyuramen Falls Church","group":"food","category":"amenity=restaurant","cuisine":"ramen","phone":"+17038900688","website":"https://www.kyuramen.com/","housenumber":"918","street":"West Broad Street","city":"Falls Church","postcode":"22046"}},{"type":"Feature","geometry":{"type":"Point","coordinates":[-77.18314,38.89023]},"properties":{"id":"node/11399205396","name":"Kyo Matcha","group":"food","category":"amenity=restaurant","cuisine":"japanese;dessert","hours":"Mo-Su 11:30-21:00","phone":"+17038911370","website":"https://www.kyotomatcha.us/","housenumber":"920","street":"West Broad Street","city":"Falls Church","postcode":"22046"}},{"type":"Feature","geometry":{"type":"Point","coordinates":[-77.17221,38.88039]},"properties":{"id":"node/11399205397","name":"Bakeshop","group":"food","category":"amenity=restaurant","cuisine":"dessert;bakery;coffee_shop","hours":"Mo-Su 08:00-20:00","phone":"+17035330002","website":"https://www.bakeshopva.com/","housenumber":"100","street":"East Fairfax Street","city":"Falls Church","postcode":"22046"}},{"type":"Feature","geometry":{"type":"Point","coordinates":[-77.16587,38.80523]},"properties":{"id":"node/11466786870","name":"Appliance Repair Alexandria","group":"services","category":"craft=electronics_repair","phone":"+1-571-562-7199","website":"https://www.appliancerepairalexandria.com/about-us.html","housenumber":"5510","street":"5510 Cherokee Ave","city":"Alexandria","postcode":"22312"}},{"type":"Feature","geometry":{"type":"Point","coordinates":[-77.16096,38.82282]},"properties":{"id":"node/11473331569","name":"IndAroma","group":"food","category":"amenity=restaurant","cuisine":"indian","hours":"Mo-Sa 11:00-22:00; Su 11:00-21:00","phone":"+1-703-354-1812","website":"https://indaroma.com/restaurant/","housenumber":"6548C","street":"Little River Turnpike","postcode":"22312"}},{"type":"Feature","geometry":{"type":"Point","coordinates":[-77.16128,38.82324]},"properties":{"id":"node/11473411569","name":"Taco Rock","group":"food","category":"amenity=restaurant","cuisine":"mexican","hours":"Mo-Su 11:00-22:00","phone":"+1-703-712-7659","website":"https://thetacorock.com/taco-rock-alexandria","housenumber":"6550","street":"Little River Turnpike","postcode":"22312"}},{"type":"Feature","geometry":{"type":"Point","coordinates":[-77.1611,38.82321]},"properties":{"id":"node/11473457169","name":"Hunan Kitchen","group":"food","category":"amenity=restaurant","cuisine":"chinese","hours":"Su-Th 10:30-22:30; Fr-Sa 10:30-23:00","phone":"+1-703-256-5399","website":"https://www.hunankitchenalexandria.com/","housenumber":"6550 #D","street":"Little River Turnpike"}},{"type":"Feature","geometry":{"type":"Point","coordinates":[-77.16124,38.82323]},"properties":{"id":"node/11475736769","name":"Akeno Sushi Bar & Thai","group":"food","category":"amenity=restaurant","cuisine":"sushi;thai","hours":"Mo-Fr 11:30-15:00, 16:00-22:00; Sa-Su 11:30-22:00","phone":"+1-571-378-1217","website":"https://www.akenosushibar.com/","housenumber":"6550 #F","street":"Little River Turnpike","postcode":"22312"}},{"type":"Feature","geometry":{"type":"Point","coordinates":[-77.19813,38.83271]},"properties":{"id":"node/11506868469","name":"Siroo and Jukstory","group":"food","category":"amenity=restaurant","cuisine":"korean","hours":"Tu-Su 09:00-20:00","phone":"+1-703-354-5488","website":"https://siroousa.com/","housenumber":"4231","street":"Markham Street","city":"Annandale","postcode":"22003"}},{"type":"Feature","geometry":{"type":"Point","coordinates":[-77.16225,38.7986]},"properties":{"id":"node/11525581345","name":"Springfield Roofing & Sheet Metal","group":"services","category":"craft=roofer","hours":"Mo-Fr 06:30-16:00","phone":"+1 703-354-3229","website":"https://springfieldroofing.com/","housenumber":"5605","street":"General Washington Drive","city":"Alexandria","postcode":"22312"}},{"type":"Feature","geometry":{"type":"Point","coordinates":[-77.06307,38.723]},"properties":{"id":"node/11529334928","name":"Fort Hunt Hair Design","group":"personal_care","category":"shop=hairdresser"}},{"type":"Feature","geometry":{"type":"Point","coordinates":[-77.06308,38.72296]},"properties":{"id":"node/11529334933","name":"Fort Hunt Organic Cleaners","group":"services","category":"shop=dry_cleaning"}},{"type":"Feature","geometry":{"type":"Point","coordinates":[-77.13392,38.77897]},"properties":{"id":"node/11573111648","name":"Jefferson funeral chapel","group":"services","category":"shop=funeral_directors","hours":"24/7","phone":"+1-703-971-7400","website":"https://www.jeffersonfuneralchapel.com/"}},{"type":"Feature","geometry":{"type":"Point","coordinates":[-77.1489,38.87352]},"properties":{"id":"node/11703996446","name":"Asia Supermarket","group":"groceries","category":"shop=supermarket","housenumber":"6216","street":"Wilson Boulevard","city":"Falls Church","postcode":"22044"}},{"type":"Feature","geometry":{"type":"Point","coordinates":[-77.12414,38.72024]},"properties":{"id":"node/11738055695","name":"Amigos Deli & Supermarket","group":"food","category":"shop=deli"}},{"type":"Feature","geometry":{"type":"Point","coordinates":[-77.12346,38.72035]},"properties":{"id":"node/11738055698","name":"Top's China","group":"food","category":"amenity=restaurant","cuisine":"chinese","hours":"Tu-Th 10:30-22:00, Fr-Sa 10:30-23:00, Su 11:30-22:00","phone":"+1-703-799-0705","website":"http://www.topschinafortbelvoir.com/","housenumber":"8727","street":"Cooper Road","city":"Alexandria","postcode":"22309"}},{"type":"Feature","geometry":{"type":"Point","coordinates":[-77.12341,38.7203]},"properties":{"id":"node/11738055699","name":"Art Massage","group":"personal_care","category":"shop=massage","housenumber":"8727","street":"Cooper Road","city":"Alexandria","postcode":"22309"}},{"type":"Feature","geometry":{"type":"Point","coordinates":[-77.12384,38.71981]},"properties":{"id":"node/11738055700","name":"Family Bakery & Mrs. Donut","group":"food","category":"shop=bakery"}},{"type":"Feature","geometry":{"type":"Point","coordinates":[-77.12156,38.72202]},"properties":{"id":"node/11738055710","name":"Route 1 Auto Body","group":"services","category":"shop=car_repair"}},{"type":"Feature","geometry":{"type":"Point","coordinates":[-77.18383,38.88991]},"properties":{"id":"node/11766517790","name":"Brick House Butcher","group":"groceries","category":"shop=butcher","website":"https://www.brickhousebutcher.com/","housenumber":"109","street":"Rowell Court","city":"Falls Church"}},{"type":"Feature","geometry":{"type":"Point","coordinates":[-77.149,38.87359]},"properties":{"id":"node/11771267034","name":"Vien Dong fabrics, sewing machines, supplies & service","group":"shopping","category":"shop=sewing","phone":"+1-703-237-8449","housenumber":"6218","street":"Wilson Blvd.","city":"Falls Church","postcode":"22044"}},{"type":"Feature","geometry":{"type":"Point","coordinates":[-77.16175,38.80117]},"properties":{"id":"node/11799897874","name":"Instyle Nails & Spa","group":"personal_care","category":"shop=beauty"}},{"type":"Feature","geometry":{"type":"Point","coordinates":[-77.16031,38.80181]},"properties":{"id":"node/11799897876","name":"MarketPlace","group":"groceries","category":"shop=convenience"}},{"type":"Feature","geometry":{"type":"Point","coordinates":[-77.14915,38.8736]},"properties":{"id":"node/11876094717","name":"Little Saigon","group":"food","category":"amenity=restaurant","cuisine":"vietnamese","hours":"Mo, We-Su 11:00-21:00","phone":"+1-703-536-2633","website":"http://www.littlesaigonrestaurant.us/","housenumber":"6218","street":"Wilson Blvd","city":"Falls Church","postcode":"22044"}},{"type":"Feature","geometry":{"type":"Point","coordinates":[-77.18344,38.89107]},"properties":{"id":"node/11908012978","name":"Ellie Bird","group":"food","category":"amenity=restaurant","cuisine":"american","hours":"Mo off; Tu-Fr 17:00+; Sa-Su 09:30-14:00,17:00+","phone":"+1-703-454-8894","website":"https://www.elliebirdva.com/","housenumber":"125","street":"Founders Avenue","city":"Falls Church","postcode":"22046"}},{"type":"Feature","geometry":{"type":"Point","coordinates":[-77.18388,38.89069]},"properties":{"id":"node/11908030518","name":"Nue","group":"food","category":"amenity=restaurant","cuisine":"vietnamese","hours":"Mo-Th 16:00-22:00; Fr 16:00-23:00; Sa 11:00-14:30,16:00-23:00; Su 11:00-14:30,16:00-22:00","phone":"+1-571-777-9599","website":"https://nuevietnamese.com/","housenumber":"944","street":"West Broad Street","city":"Falls Church","postcode":"22046"}},{"type":"Feature","geometry":{"type":"Point","coordinates":[-77.12749,38.84728]},"properties":{"id":"node/11931509469","name":"Jenin Pastry","group":"food","category":"shop=confectionery","hours":"Su-Fr 11:00-22:00; Sa 11:00-23:00","phone":"+1-703-820-0100","website":"https://jeninpastry.com/","housenumber":"5820 Unit M","street":"Seminary Road","postcode":"22041"}},{"type":"Feature","geometry":{"type":"Point","coordinates":[-77.15664,38.83588]},"properties":{"id":"node/11933796371","name":"Jake's Ice Cream","group":"food","category":"amenity=ice_cream","hours":"Mo-Tu 15:00-20:00; We-Su 12:00-20:00","phone":"+1-571-378-1855","website":"https://www.sweetjakesicecream.com/","housenumber":"6353","street":"Columbia Pike","postcode":"22041"}},{"type":"Feature","geometry":{"type":"Point","coordinates":[-77.15927,38.82127]},"properties":{"id":"node/11935958969","name":"Ju Mak Jib","group":"food","category":"amenity=restaurant","cuisine":"barbecue;korean","phone":"+1-703-642-0331","housenumber":"6531","street":"Little River Turnpike","city":"Alexandria","postcode":"22312-1418"}},{"type":"Feature","geometry":{"type":"Point","coordinates":[-77.17396,38.88362]},"properties":{"id":"node/11952620969","name":"Harris Teeter Pharmacy","group":"groceries","category":"amenity=pharmacy","hours":"Mo-Fr 09:00-14:00, 14:30-19:00; Sa 09:00-14:00, 14:30-17:00; Su 11:00-14:00, 14:30-17:00","phone":"+1-571-830-6832","website":"https://www.harristeeter.com/rx/pharmacy/details/097/00307?cid=loc_09700307P_gmb","housenumber":"301","street":"West Broad Street","city":"Falls Church","postcode":"22046"}},{"type":"Feature","geometry":{"type":"Point","coordinates":[-77.18914,38.82811]},"properties":{"id":"node/11952785669","name":"Tea-do","group":"food","category":"amenity=cafe","cuisine":"bubble_tea","hours":"Su-Th 12:00-00:00; Fr-Sa 12:00-01:00","website":"https://www.teadonova.com/","postcode":"22003"}},{"type":"Feature","geometry":{"type":"Point","coordinates":[-77.19712,38.83078]},"properties":{"id":"node/11963635845","name":"Sal\u2019s Shoe Repair","group":"services","category":"shop=shoe_repair"}},{"type":"Feature","geometry":{"type":"Point","coordinates":[-77.1919,38.87585]},"properties":{"id":"node/11986029185","name":"Santis Chicken","group":"food","category":"amenity=restaurant","cuisine":"chicken","housenumber":"2828","street":"Graham Road","city":"Falls Church","postcode":"22042"}},{"type":"Feature","geometry":{"type":"Point","coordinates":[-77.19198,38.87603]},"properties":{"id":"node/11986029187","name":"Ba Le Bakery Deli & Soup House","group":"food","category":"amenity=restaurant","cuisine":"vietnamese","phone":"+1-703-876-9062","housenumber":"2822","street":"Graham Road","city":"Falls Church","postcode":"22042"}},{"type":"Feature","geometry":{"type":"Point","coordinates":[-77.19202,38.87612]},"properties":{"id":"node/11986029188","name":"Graham Barber","group":"personal_care","category":"shop=hairdresser","hours":"Mo-Fr 10:00-20:00, Sa 10:00-19:00, Su 10:00-18:00","phone":"+1-703-641-0919","housenumber":"2820","street":"Graham Road","city":"Falls Church","postcode":"22042"}},{"type":"Feature","geometry":{"type":"Point","coordinates":[-77.19209,38.87627]},"properties":{"id":"node/11986029189","name":"Pho Sate","group":"food","category":"amenity=restaurant","cuisine":"vietnamese","hours":"Mo-Th 11:00-22:00, Fr 11:00-23:00, Sa 10:00-23:00, Su 10:00-21:00","phone":"+1-703-698-8088","website":"https://www.phosate.com/","housenumber":"2014","street":"Graham Road","city":"Falls Church","postcode":"22042"}},{"type":"Feature","geometry":{"type":"Point","coordinates":[-77.19219,38.87647]},"properties":{"id":"node/11986029191","name":"E-C Pawn","group":"services","category":"shop=pawnbroker","housenumber":"2806","street":"Graham Road","city":"Falls Church","postcode":"22042"}},{"type":"Feature","geometry":{"type":"Point","coordinates":[-77.19224,38.87658]},"properties":{"id":"node/11986029192","name":"Ab Beauty Salon","group":"personal_care","category":"shop=beauty","housenumber":"2804","street":"Graham Road","city":"Falls Church","postcode":"22042"}},{"type":"Feature","geometry":{"type":"Point","coordinates":[-77.19232,38.8768]},"properties":{"id":"node/11986029194","name":"Super A Market","group":"groceries","category":"shop=supermarket","hours":"Su-Sa 07:30-22:00","phone":"+1-703-280-0440","website":"https://www.superamarket.com/","housenumber":"2800","street":"Graham Road","city":"Falls Church","postcode":"22042"}},{"type":"Feature","geometry":{"type":"Point","coordinates":[-77.19272,38.87697]},"properties":{"id":"node/11986145998","name":"Flower Palace","group":"shopping","category":"shop=florist","phone":"+1-703-891-0880","website":"https://www.flowerpalaceusa.com/","housenumber":"2790","street":"Graham Road","city":"Falls Church","postcode":"22042"}},{"type":"Feature","geometry":{"type":"Point","coordinates":[-77.19261,38.877]},"properties":{"id":"node/11986145999","name":"One Price Cleaners","group":"services","category":"shop=dry_cleaning","hours":"Mo-Fr 07:00-19:30, Sa 08:00-18:00","housenumber":"2792","street":"Graham Road","city":"Falls Church","postcode":"22042"}},{"type":"Feature","geometry":{"type":"Point","coordinates":[-77.19248,38.87703]},"properties":{"id":"node/11986146000","name":"Sarita's Restaurant","group":"food","category":"amenity=restaurant","cuisine":"salvadoran","phone":"+1-703-533-9448","website":"https://saritasrestaurante.com/","housenumber":"2794","street":"Graham Road","city":"Falls Church","postcode":"22042"}},{"type":"Feature","geometry":{"type":"Point","coordinates":[-77.11422,38.72555]},"properties":{"id":"node/12017258946","name":"Forest 24 Hour Laundromat","group":"services","category":"shop=laundry","hours":"24/7","housenumber":"8541","street":"Richmond Highway","city":"Alexandria","postcode":"22309"}},{"type":"Feature","geometry":{"type":"Point","coordinates":[-77.05948,38.77564]},"properties":{"id":"node/12036399741","name":"The Genius Genus","group":"shopping","category":"shop=garden_centre","hours":"We-Fr 10:00-20:00; Sa 10:00-21:00; Su 11:00-18:00","phone":"+1-703-495-3311","website":"https://www.thegeniusgenus.com","housenumber":"1508A","street":"Belle View Boulevard","city":"Alexandria","postcode":"22307"}},{"type":"Feature","geometry":{"type":"Point","coordinates":[-77.15144,38.92076]},"properties":{"id":"node/12038206005","name":"South Block","group":"food","category":"amenity=fast_food","cuisine":"juice","phone":"+1-703-465-8423","website":"https://www.southblock.com/","housenumber":"6246","street":"Old Dominion Drive","city":"McLean"}},{"type":"Feature","geometry":{"type":"Point","coordinates":[-77.15145,38.92081]},"properties":{"id":"node/12038206006","name":"Chesterbrook Barbershop","group":"personal_care","category":"shop=hairdresser","hours":"Mo-Fr 09:00-18:30, Sa 08:00-17:00","phone":"+1-703-241-3770","housenumber":"6248","street":"Old Dominion Drive","city":"McLean","postcode":"22101"}},{"type":"Feature","geometry":{"type":"Point","coordinates":[-77.15149,38.92092]},"properties":{"id":"node/12038206008","name":"Kosmo Nail Bar","group":"personal_care","category":"shop=beauty","phone":"+1-703-852-5174","website":"https://kosmonailbar.com/","housenumber":"6252","street":"Old Dominion Drive","city":"McLean","postcode":"22101"}},{"type":"Feature","geometry":{"type":"Point","coordinates":[-77.17277,38.82454]},"properties":{"id":"node/12118929093","name":"JD Bar & Restaurant","group":"food","category":"amenity=restaurant","housenumber":"6669","street":"Little River Turnpike","postcode":"22003"}},{"type":"Feature","geometry":{"type":"Point","coordinates":[-77.17241,38.82419]},"properties":{"id":"node/12118929097","name":"La Cochabambinita","group":"food","category":"amenity=restaurant","cuisine":"latin_american","website":"https://lacochabambina.weebly.com/","housenumber":"6653","street":"Little River Turnpike"}},{"type":"Feature","geometry":{"type":"Point","coordinates":[-77.17643,38.88008]},"properties":{"id":"node/12120828716","name":"Corral Restaurant Lounge & Cafe","group":"food","category":"amenity=bar","phone":"+1-571-378-0993","website":"https://www.corrallounge.com/","housenumber":"442","street":"Tinners Hill Street","city":"Falls Church","postcode":"22046"}},{"type":"Feature","geometry":{"type":"Point","coordinates":[-77.191,38.8218]},"properties":{"id":"node/12174093733","name":"Express Food Mart","group":"groceries","category":"shop=convenience"}},{"type":"Feature","geometry":{"type":"Point","coordinates":[-77.19091,38.82163]},"properties":{"id":"node/12174093734","name":"Rice pot","group":"food","category":"amenity=restaurant","cuisine":"chinese","website":"https://www.ricepotasian.com/","housenumber":"4709","street":"Backlick Rd","postcode":"22003"}},{"type":"Feature","geometry":{"type":"Point","coordinates":[-77.209,38.83369]},"properties":{"id":"node/12175553359","name":"Joongmi Korean-Chinese Restaurant","group":"food","category":"amenity=restaurant","cuisine":"korean;chinese"}},{"type":"Feature","geometry":{"type":"Point","coordinates":[-77.14212,38.81911]},"properties":{"id":"node/12189378164","name":"Viva Tequila Restaurant","group":"food","category":"amenity=restaurant","cuisine":"mexican","hours":"Mo-Su 10:00-14:00","phone":"+1-703-642-0031","website":"https://viva-tequila.edan.io/","housenumber":"6244","street":"Little River Turnpike","city":"Alexandria","postcode":"22312"}},{"type":"Feature","geometry":{"type":"Point","coordinates":[-77.14222,38.81849]},"properties":{"id":"node/12189378168","name":"Umai Fusion Buffet","group":"food","category":"amenity=restaurant","cuisine":"japanese","phone":"+1-703-813-6388","website":"http://www.winbuffet.com","housenumber":"6244","street":"Little River Turnpike","city":"Alexandria","postcode":"22312"}},{"type":"Feature","geometry":{"type":"Point","coordinates":[-77.14215,38.81889]},"properties":{"id":"node/12190068602","name":"Krave Eatery","group":"food","category":"amenity=restaurant","housenumber":"6224","street":"Little River Turnpike","city":"Alexandria","postcode":"22312"}},{"type":"Feature","geometry":{"type":"Point","coordinates":[-77.11995,38.84091]},"properties":{"id":"node/12194446701","name":"Marhaba Market","group":"groceries","category":"shop=supermarket","hours":"Mo-Fr 10:00-20:00; Sa-Su 00:00-24:00","phone":"+17038207589","housenumber":"3819","street":"South George Mason Drive","postcode":"22041"}},{"type":"Feature","geometry":{"type":"Point","coordinates":[-77.13305,38.80591]},"properties":{"id":"node/12207708836","name":"Makeda","group":"food","category":"amenity=restaurant","cuisine":"ethiopian","website":"https://makedarestaurant-va.com/","housenumber":"516 A","street":"South Van Dorn Street","city":"Alexandria","postcode":"22304"}},{"type":"Feature","geometry":{"type":"Point","coordinates":[-77.13337,38.80589]},"properties":{"id":"node/12207708838","name":"Cas Amigos","group":"food","category":"amenity=restaurant","cuisine":"peruvian","website":"https://casamigosus.com/","housenumber":"516 E","street":"South Van Dorn Street","city":"Alexandria","postcode":"22304"}},{"type":"Feature","geometry":{"type":"Point","coordinates":[-77.1327,38.80592]},"properties":{"id":"node/12207708846","name":"Pho Viet Flare","group":"food","category":"amenity=restaurant","cuisine":"vietnamese","website":"https://phovietflare.com/","housenumber":"514 B","street":"South Van Dorn Street","city":"Alexandria","postcode":"22304"}},{"type":"Feature","geometry":{"type":"Point","coordinates":[-77.13241,38.80594]},"properties":{"id":"node/12207708850","name":"Feru Bar and Restaurant","group":"food","category":"amenity=restaurant","cuisine":"ethiopian","website":"https://www.discoverferu.com/","housenumber":"512 D","street":"South Van Dorn Street","city":"Alexandria","postcode":"22304"}},{"type":"Feature","geometry":{"type":"Point","coordinates":[-77.13228,38.80594]},"properties":{"id":"node/12207708852","name":"ZeMeda Market and Restaurant","group":"food","category":"amenity=restaurant","cuisine":"ethiopian","website":"https://www.zemedamarket.com/","housenumber":"512 B","street":"South Van Dorn Street","city":"Alexandria","postcode":"22304"}},{"type":"Feature","geometry":{"type":"Point","coordinates":[-77.13222,38.80594]},"properties":{"id":"node/12207708853","name":"Mumbai Darbar","group":"food","category":"amenity=restaurant","cuisine":"indian","website":"https://www.mumbaidarbar.com/","housenumber":"512 A","street":"South Van Dorn Street","city":"Alexandria","postcode":"22304"}},{"type":"Feature","geometry":{"type":"Point","coordinates":[-77.1323,38.80871]},"properties":{"id":"node/12207847804","name":"Fratelli","group":"food","category":"amenity=restaurant","cuisine":"italian","website":"https://fratelli2.com/","housenumber":"410","street":"South Van Dorn Street","postcode":"22304"}},{"type":"Feature","geometry":{"type":"Point","coordinates":[-77.13223,38.80907]},"properties":{"id":"node/12207847805","name":"Inca Chicken","group":"food","category":"amenity=restaurant","cuisine":"peruvian","phone":"+1-703-647-9622","housenumber":"408","street":"South Van Dorn Street","city":"Alexandria","postcode":"22304"}},{"type":"Feature","geometry":{"type":"Point","coordinates":[-77.17938,38.9348]},"properties":{"id":"node/12207904218","name":"Chiang Mai Thai Cookhouse","group":"food","category":"amenity=restaurant","cuisine":"thai","hours":"Su-Th 11:00-21:00; Fr,Sa 11:00-22:00","phone":"+1-703-848-8848","website":"https://chiangmaithaimclean.com/","housenumber":"6828","street":"Old Dominion Drive","postcode":"22101"}},{"type":"Feature","geometry":{"type":"Point","coordinates":[-77.12282,38.81305]},"properties":{"id":"node/12207913574","name":"Diko Lounge","group":"food","category":"amenity=bar","website":"https://dikolounge.com/","housenumber":"5245","street":"Duke Street","city":"Alexandria","postcode":"22304"}},{"type":"Feature","geometry":{"type":"Point","coordinates":[-77.12259,38.81302]},"properties":{"id":"node/12207913577","name":"Shooter McGee's","group":"food","category":"amenity=restaurant","cuisine":"american","phone":"+1-703-751-9266","website":"https://www.shootermcgees.com/","housenumber":"5239","street":"Duke Street","city":"Alexandria","postcode":"22304"}},{"type":"Feature","geometry":{"type":"Point","coordinates":[-77.13292,38.80627]},"properties":{"id":"node/12207914877","name":"Thai Lemon","group":"food","category":"amenity=restaurant","cuisine":"thai","phone":"+1-703-751-4627","website":"https://www.thailemonva.com/","housenumber":"506","street":"South Van Dorn Street","city":"Alexandria","postcode":"22304"}},{"type":"Feature","geometry":{"type":"Point","coordinates":[-77.13349,38.80377]},"properties":{"id":"node/12207922728","name":"Z Burger","group":"food","category":"amenity=restaurant","cuisine":"burger","hours":"Su-Th 10:00-24:00, Fr,Sa 10:00-03:00","website":"https://www.zburger.com/","housenumber":"684","street":"South Pickett Street","city":"Alexandria","postcode":"22304"}},{"type":"Feature","geometry":{"type":"Point","coordinates":[-77.13183,38.8041]},"properties":{"id":"node/12207960014","name":"Pan American Bakery & Grill","group":"food","category":"amenity=restaurant","cuisine":"latin_american","website":"https://panamericanbakery.com/","housenumber":"650","street":"South Pickett Street","city":"Alexandria","postcode":"22304"}},{"type":"Feature","geometry":{"type":"Point","coordinates":[-77.12548,38.81231]},"properties":{"id":"node/12207962621","name":"Reynold's Street Bar & Grill","group":"food","category":"amenity=restaurant","cuisine":"bar_and_grill","phone":"+1-703-751-0830","website":"https://www.reynoldsstreetbarandgrill.com/","housenumber":"34","street":"South Reynolds Street","city":"Alexandria","postcode":"22304"}},{"type":"Feature","geometry":{"type":"Point","coordinates":[-77.14394,38.86702]},"properties":{"id":"node/12212940480","name":"Capital Building Services","group":"services","category":"craft=cleaning","phone":"+1-703-241-8900","website":"https://capitalbuildingservicesinc.com/contact/","housenumber":"6083","street":"Arlington Boulevard","city":"Falls Church","postcode":"22044"}},{"type":"Feature","geometry":{"type":"Point","coordinates":[-77.18529,38.79561]},"properties":{"id":"node/12259964987","name":"Marib","group":"food","category":"amenity=restaurant","cuisine":"yemeni","housenumber":"6981","street":"Hechinger Drive","city":"Springfield","postcode":"22151"}},{"type":"Feature","geometry":{"type":"Point","coordinates":[-77.18547,38.79568]},"properties":{"id":"node/12259964988","name":"Golden China","group":"food","category":"amenity=restaurant","cuisine":"chinese","phone":"+1-703-256-6668","website":"http://goldenchinaspringfield.com","housenumber":"6981","street":"Hechinger Drive","city":"Springfield","postcode":"22151"}},{"type":"Feature","geometry":{"type":"Point","coordinates":[-77.18539,38.79565]},"properties":{"id":"node/12259964989","name":"Ph\u1edf S\u00e0ig\u00f2n \u01a0i","group":"food","category":"amenity=restaurant","cuisine":"vietnamese","housenumber":"6981","street":"Hechinger Drive","city":"Springfield","postcode":"22151"}},{"type":"Feature","geometry":{"type":"Point","coordinates":[-77.18514,38.79555]},"properties":{"id":"node/12259964990","name":"DNV Check Cash","group":"services","category":"shop=money_lender","housenumber":"6979","street":"Hechinger Drive","city":"Springfield","postcode":"22151"}},{"type":"Feature","geometry":{"type":"Point","coordinates":[-77.1851,38.79554]},"properties":{"id":"node/12259964992","name":"Maria's Hair Salon","group":"personal_care","category":"shop=hairdresser","housenumber":"6977","street":"Hechinger Drive","city":"Springfield","postcode":"22151"}},{"type":"Feature","geometry":{"type":"Point","coordinates":[-77.18503,38.79551]},"properties":{"id":"node/12259964993","name":"Phuoc Hung Asian Market","group":"groceries","category":"shop=supermarket","cuisine":"vietnamese","housenumber":"6975","street":"Hechinger Drive","city":"Springfield","postcode":"22151"}},{"type":"Feature","geometry":{"type":"Point","coordinates":[-77.18485,38.79544]},"properties":{"id":"node/12259964995","name":"Mercado La Colonia","group":"groceries","category":"shop=supermarket","cuisine":"latin_american","housenumber":"6971","street":"Hechinger Drive","city":"Springfield","postcode":"22151"}},{"type":"Feature","geometry":{"type":"Point","coordinates":[-77.18477,38.79541]},"properties":{"id":"node/12259964996","name":"Aroma Cafe","group":"food","category":"shop=bakery","cuisine":"colombian","housenumber":"6969","street":"Hechinger Drive","city":"Springfield","postcode":"22151"}},{"type":"Feature","geometry":{"type":"Point","coordinates":[-77.18458,38.79534]},"properties":{"id":"node/12259964997","name":"Casablanca Tandoori Nights","group":"food","category":"amenity=restaurant","cuisine":"indian","phone":"+1-703-992-8211","housenumber":"6963","street":"Hechinger Drive","city":"Springfield","postcode":"22151"}},{"type":"Feature","geometry":{"type":"Point","coordinates":[-77.18448,38.7953]},"properties":{"id":"node/12259964998","name":"Do\u00f1a Cecy's Pupuseria","group":"food","category":"amenity=restaurant","cuisine":"salvadoran","housenumber":"6961","street":"Hechinger Drive","city":"Springfield","postcode":"22151"}},{"type":"Feature","geometry":{"type":"Point","coordinates":[-77.1844,38.79527]},"properties":{"id":"node/12259964999","name":"HonduPollo","group":"food","category":"amenity=restaurant","cuisine":"honduran;chicken","housenumber":"6959","street":"Hechinger Drive","city":"Springfield","postcode":"22151"}},{"type":"Feature","geometry":{"type":"Point","coordinates":[-77.18421,38.79519]},"properties":{"id":"node/12259965000","name":"Backlick Barber","group":"personal_care","category":"shop=hairdresser","housenumber":"6953","street":"Hechinger Drive","city":"Springfield","postcode":"22151"}},{"type":"Feature","geometry":{"type":"Point","coordinates":[-77.18413,38.79516]},"properties":{"id":"node/12260002901","name":"Surf 'N' Suds","group":"services","category":"shop=laundry","housenumber":"6951","street":"Hechinger Drive","city":"Springfield","postcode":"22151"}},{"type":"Feature","geometry":{"type":"Point","coordinates":[-77.07982,38.77222]},"properties":{"id":"node/12324256986","name":"Computer & Cellular","group":"services","category":"shop=repair","hours":"Mo-Fr 10:00-18:00, Sa 10:00-17:00","phone":"+1-703-302-0009","housenumber":"2790","street":"Beacon Hill Road","city":"Alexandria","postcode":"22306"}},{"type":"Feature","geometry":{"type":"Point","coordinates":[-77.05633,38.74135]},"properties":{"id":"node/12363575995","name":"529 Hollin Hall","group":"shopping","category":"shop=clothes","hours":"Tu-Sa 10:00-17:00","website":"https://www.529hollinhall.com/","housenumber":"7942","street":"Fort Hunt Road","city":"Alexandria"}},{"type":"Feature","geometry":{"type":"Point","coordinates":[-77.05703,38.74263]},"properties":{"id":"node/12363599930","name":"Hollin Hall Pastry Shop","group":"food","category":"shop=pastry","hours":"Mo-Su 07:30-14:00","phone":"+1-703-768-9643","website":"https://www.hollinhallpastry.com/","housenumber":"7920","street":"Fort Hunt Road","city":"Alexandria","postcode":"22308"}},{"type":"Feature","geometry":{"type":"Point","coordinates":[-77.05703,38.74288]},"properties":{"id":"node/12363602617","name":"Nature's Nibbles","group":"groceries","category":"shop=health_food","hours":"Mo-Sa 10:00-19:00; Su 11:00-18:00","phone":"+1-571-347-7687","website":"https://naturesnibbles.com/","housenumber":"7910","street":"Fort Hunt Road","city":"Alexandria","postcode":"22308"}},{"type":"Feature","geometry":{"type":"Point","coordinates":[-77.05619,38.74114]},"properties":{"id":"node/12364995891","name":"River Bend Bistro","group":"food","category":"amenity=restaurant","cuisine":"american","phone":"+1-703-347-7545","website":"https://riverbendbistro.com/","housenumber":"7966","street":"Fort Hunt Road","city":"Alexandria","postcode":"22308"}},{"type":"Feature","geometry":{"type":"Point","coordinates":[-77.06547,38.78999]},"properties":{"id":"node/12493934493","name":"Juliano's Subs & Pizza","group":"food","category":"amenity=restaurant","cuisine":"pizza","phone":"+1-703-317-3889","website":"https://www.julianosva.com","housenumber":"5950","street":"Richmond Highway","city":"Alexandria","postcode":"22303"}},{"type":"Feature","geometry":{"type":"Point","coordinates":[-77.06551,38.78993]},"properties":{"id":"node/12493934494","name":"JAWA Sandwich Shop","group":"food","category":"amenity=fast_food","cuisine":"sandwich","website":"https://jawasandwich.com","housenumber":"5952","street":"Richmond Highway","city":"Alexandria","postcode":"22303"}},{"type":"Feature","geometry":{"type":"Point","coordinates":[-77.06537,38.79012]},"properties":{"id":"node/12493934495","name":"Best Smokes","group":"shopping","category":"shop=tobacco","phone":"+1-703-329-0986","housenumber":"5946A","street":"Richmond Highway","city":"Alexandria","postcode":"22303"}},{"type":"Feature","geometry":{"type":"Point","coordinates":[-77.06533,38.79017]},"properties":{"id":"node/12493934496","name":"Healthy Nails & Spa II","group":"personal_care","category":"shop=beauty","phone":"+1-703-417-9211","website":"https://www.healthynailsspa2alexandria.com","housenumber":"5944","street":"Richmond Highway","city":"Alexandria","postcode":"22303"}},{"type":"Feature","geometry":{"type":"Point","coordinates":[-77.20453,38.90225]},"properties":{"id":"node/12505515723","name":"Kajiken","group":"food","category":"amenity=restaurant","cuisine":"japanese","hours":"Mo-Th 11:30-21:30; Fr-Su 11:30-22:00","phone":"+1-701-564-0636","website":"https://www.kajikenus.com/","housenumber":"7505","street":"Leesburg Pike"}},{"type":"Feature","geometry":{"type":"Point","coordinates":[-77.17924,38.93496]},"properties":{"id":"node/12509900886","name":"Sh\u014d Sushi & Izakaya","group":"food","category":"amenity=restaurant","cuisine":"sushi","hours":"off","housenumber":"6828","street":"Old Dominion Drive"}},{"type":"Feature","geometry":{"type":"Point","coordinates":[-77.17069,38.88329]},"properties":{"id":"node/12588380797","name":"CD Cellar","group":"shopping","category":"shop=music","phone":"+1-703-534-6318","housenumber":"105","street":"Park Avenue","city":"Falls Church","postcode":"22046"}},{"type":"Feature","geometry":{"type":"Point","coordinates":[-77.16337,38.74172]},"properties":{"id":"node/12734197259","name":"You Got Nail","group":"personal_care","category":"shop=beauty"}},{"type":"Feature","geometry":{"type":"Point","coordinates":[-77.16255,38.74226]},"properties":{"id":"node/12734197266","name":"baddpizza","group":"food","category":"amenity=fast_food","cuisine":"pizza","phone":"+1-571-560-2233","housenumber":"6453","street":"Old Beulah Street","city":"Alexandria","postcode":"22315-3723"}},{"type":"Feature","geometry":{"type":"Point","coordinates":[-77.16274,38.74213]},"properties":{"id":"node/12734197269","name":"Vichelles Salon","group":"personal_care","category":"shop=beauty"}},{"type":"Feature","geometry":{"type":"Point","coordinates":[-77.1242,38.89698]},"properties":{"id":"node/12739874481","name":"Manoukian Brothers Oriental Rugs","group":"shopping","category":"shop=carpet","hours":"Tu-Sa 10:00-17:00","phone":"+1 202 882 7847","website":"https://manoukianbrothers.com/","housenumber":"4756","street":"Langston Boulevard","city":"Arlington","postcode":"22207"}},{"type":"Feature","geometry":{"type":"Point","coordinates":[-77.12405,38.80749]},"properties":{"id":"node/12755490613","name":"AG Nails & Spa","group":"personal_care","category":"shop=beauty","hours":"Mo-Th 09:30-19:30; Fr-Sa 09:00-19:30; Su 11:00-17:00"}},{"type":"Feature","geometry":{"type":"Point","coordinates":[-77.14071,38.75353]},"properties":{"id":"node/12843145733","name":"Season Nails","group":"personal_care","category":"shop=beauty"}},{"type":"Feature","geometry":{"type":"Point","coordinates":[-77.13939,38.75372]},"properties":{"id":"node/12843162108","name":"El Fog\u00f3n","group":"food","category":"amenity=restaurant","cuisine":"mexican"}},{"type":"Feature","geometry":{"type":"Point","coordinates":[-77.16139,38.87245]},"properties":{"id":"node/12893258095","name":"Nothing In Between","group":"personal_care","category":"shop=beauty","hours":"Mo-Fr 10:00-19:30; Sa 09:00-18:30; Su 11:00-18:00","phone":"+1-703-241-1257","website":"https://www.nothinginbetweenstudio.com/locations#falls-church","housenumber":"6410","street":"Arlington Boulevard Service Road","city":"Falls Church","postcode":"22042"}},{"type":"Feature","geometry":{"type":"Point","coordinates":[-77.16132,38.87247]},"properties":{"id":"node/12893258096","name":"The Casual Pint","group":"food","category":"amenity=pub","hours":"Mo-Sa 12:00-23:00, Su 12:00-21:00","phone":"+1-703-286-0995","website":"https://fallschurch.thecasualpint.com/","housenumber":"6410","street":"Arlington Boulevard Service Road","city":"Falls Church","postcode":"22042"}},{"type":"Feature","geometry":{"type":"Point","coordinates":[-77.16105,38.87252]},"properties":{"id":"node/12893258097","name":"Jon Smith Subs","group":"food","category":"amenity=fast_food","cuisine":"sandwich","hours":"closed","phone":"+1-571-660-9730","housenumber":"6410","street":"Arlington Boulevard Service Road","city":"Falls Church","postcode":"22042"}},{"type":"Feature","geometry":{"type":"Point","coordinates":[-77.06023,38.77618]},"properties":{"id":"node/13001549333","name":"Yido Ramen & Sushi","group":"food","category":"amenity=restaurant","cuisine":"ramen;sushi","hours":"Mo,We-Sa 11:30-15:00,16:00-22:00; Tu off; Su 11:30-22:00","phone":"+1-703-899-9233","website":"https://yidoramenva.com","housenumber":"1612","street":"Belle View Boulevard","city":"Alexandria","postcode":"22307"}},{"type":"Feature","geometry":{"type":"Point","coordinates":[-77.12498,38.84699]},"properties":{"id":"node/13079176476","name":"Haifa Grill","group":"food","category":"amenity=restaurant","cuisine":"shawarma;arab","hours":"11:30-23:30","phone":"+1-703-820-4243","website":"https://haifagrill.com"}},{"type":"Feature","geometry":{"type":"Point","coordinates":[-77.18213,38.93523]},"properties":{"id":"node/13081275550","name":"Sculpt Aesthetics & Plastic Surgery","group":"personal_care","category":"shop=beauty","hours":"Tu-Fr 09:00-17:00; Sa 09:00-13:00","phone":"+1 703-278-3303","website":"https://www.sculptaestheticsva.com","housenumber":"6849 Old Dominion Dr, Suite 340, McLean, VA 22101, USA"}},{"type":"Feature","geometry":{"type":"Point","coordinates":[-77.21384,38.9006]},"properties":{"id":"node/13082728849","name":"Sohee Florist","group":"shopping","category":"shop=florist","phone":"+17036781010","website":"www.soheeflorist.net","housenumber":"2230","street":"George C Marshall Drive"}},{"type":"Feature","geometry":{"type":"Point","coordinates":[-77.2138,38.90057]},"properties":{"id":"node/13082770078","name":"La Moda Electrolysis","group":"personal_care","category":"shop=beauty","phone":"+17037520257","website":"https://www.lamodaelectrolysis.com","housenumber":"2230","street":"George C Marshall Drive"}},{"type":"Feature","geometry":{"type":"Point","coordinates":[-77.19021,38.82829]},"properties":{"id":"node/13114611226","name":"Mega Supermarket","group":"groceries","category":"shop=supermarket"}},{"type":"Feature","geometry":{"type":"Point","coordinates":[-77.1321,38.804]},"properties":{"id":"node/13123485616","name":"The Fit Collection","group":"shopping","category":"shop=clothes"}},{"type":"Feature","geometry":{"type":"Point","coordinates":[-77.13077,38.80466]},"properties":{"id":"node/13123499880","name":"MBA Collision Center","group":"services","category":"shop=car_repair"}},{"type":"Feature","geometry":{"type":"Point","coordinates":[-77.12808,38.80755]},"properties":{"id":"node/13123526612","name":"Metropolitan Nail Bar","group":"personal_care","category":"shop=beauty"}},{"type":"Feature","geometry":{"type":"Point","coordinates":[-77.1919,38.82917]},"properties":{"id":"node/13123677298","name":"9292 Korean BBQ","group":"food","category":"amenity=restaurant","cuisine":"korean","phone":"+1-571-378-1440","housenumber":"7133","street":"Little River Turnpike","city":"Annandale","postcode":"22003"}},{"type":"Feature","geometry":{"type":"Point","coordinates":[-77.19183,38.82878]},"properties":{"id":"node/13123677299","name":"9292 Shabu","group":"food","category":"amenity=restaurant","cuisine":"chinese","phone":"+1-571-378-0052","housenumber":"7131","street":"Little River Turnpike","city":"Annandale","postcode":"22003-3303"}},{"type":"Feature","geometry":{"type":"Point","coordinates":[-77.19153,38.8286]},"properties":{"id":"node/13123700101","name":"Red Holic","group":"food","category":"amenity=restaurant","cuisine":"korean","phone":"+1-703-333-5124","housenumber":"7123","street":"Little River Turnpike","city":"Annandale","postcode":"22003-3303"}},{"type":"Feature","geometry":{"type":"Point","coordinates":[-77.17326,38.88391]},"properties":{"id":"node/13130159896","name":"Zoya's Atelier","group":"shopping","category":"shop=clothes","hours":"Tu,Fr 10:00-18:00; Th 10:00-19:00; Sa 11:00-18:00","phone":"+1-703-533-9600","website":"https://www.zoyasatelier.com/","housenumber":"260","street":"West Broad Street","city":"Falls Church","postcode":"22046"}},{"type":"Feature","geometry":{"type":"Point","coordinates":[-77.18323,38.8903]},"properties":{"id":"node/13132024195","name":"The Cheese Cartel","group":"food","category":"amenity=restaurant","cuisine":"cheese;charcuterie;wine","hours":"Tu-Sa 11:00-19:00, Su 12:00-17:00","website":"https://thecheesecartel.com/","housenumber":"922","street":"West Broad Street","city":"Falls Church","postcode":"22046"}},{"type":"Feature","geometry":{"type":"Point","coordinates":[-77.18339,38.8904]},"properties":{"id":"node/13132024197","name":"Sparkle & Pop Nails","group":"personal_care","category":"shop=beauty","hours":"Mo-Fr 10:00-19:30, Sa 10:00-19:00, Su 10:00-17:00","phone":"+1-703-891-0142","website":"https://sparkleandpopnailsfallschurch.com/","housenumber":"926","street":"West Broad Street","city":"Falls Church","postcode":"22046"}},{"type":"Feature","geometry":{"type":"Point","coordinates":[-77.18347,38.89046]},"properties":{"id":"node/13132024198","name":"Fish Taco","group":"food","category":"amenity=restaurant","cuisine":"mexican;seafood;fish;tacos","hours":"Su-Th 11:00-20:30, Fr-Sa 11:00-21:00","phone":"+1-571-531-3920","website":"https://fishtacoonline.com/locations/falls-church/","housenumber":"930","street":"West Broad Street","city":"Falls Church","postcode":"22046"}},{"type":"Feature","geometry":{"type":"Point","coordinates":[-77.18416,38.89087]},"properties":{"id":"node/13132024199","name":"Chasin' Tails","group":"food","category":"amenity=restaurant","cuisine":"seafood;creole","hours":"Su-We 11:00-22:00, Th 11:00-22:30, Fr-Sa 11:00-23:30","phone":"+1-571-777-9596","website":"https://chasintailsss.com/","housenumber":"944","street":"West Broad Street","city":"Falls Church","postcode":"22046"}},{"type":"Feature","geometry":{"type":"Point","coordinates":[-77.18283,38.89003]},"properties":{"id":"node/13132057247","name":"RH Bistro","group":"food","category":"amenity=restaurant","cuisine":"chinese","hours":"Mo-Th 11:30-15:00, 16:00-22:00; Fr-Su 11:30-22:00","phone":"+1-703-564-0269","website":"https://www.rhbistro.com/","housenumber":"912","street":"West Broad Street","city":"Falls Church","postcode":"22046"}},{"type":"Feature","geometry":{"type":"Point","coordinates":[-77.19007,38.89412]},"properties":{"id":"node/13132139721","name":"Washington Diamond","group":"shopping","category":"shop=jewelry","hours":"Tu-Sa 10:00-17:00","phone":"+1-703-536-3600","housenumber":"1245","street":"West Broad Street","city":"Falls Church","postcode":"22046"}},{"type":"Feature","geometry":{"type":"Point","coordinates":[-77.18783,38.89272]},"properties":{"id":"node/13132178000","name":"Sweet Rice","group":"food","category":"amenity=restaurant","cuisine":"thai","phone":"+1-703-241-8582","website":"https://sweetricethai.net/","housenumber":"1113","street":"West Broad Street","city":"Falls Church","postcode":"22046"}},{"type":"Feature","geometry":{"type":"Point","coordinates":[-77.1864,38.8915]},"properties":{"id":"node/13132195653","name":"Lantern House Viet Bistro","group":"food","category":"amenity=restaurant","cuisine":"vietnamese","phone":"+1-703-268-2878","website":"http://www.lanternhousebistro.com/","housenumber":"1067","street":"West Broad Street","city":"Falls Church","postcode":"22046"}},{"type":"Feature","geometry":{"type":"Point","coordinates":[-77.18633,38.8915]},"properties":{"id":"node/13132195654","name":"Halal City Market","group":"groceries","category":"shop=supermarket","street":"West Broad Street","city":"Falls Church","postcode":"22046"}},{"type":"Feature","geometry":{"type":"Point","coordinates":[-77.1861,38.89143]},"properties":{"id":"node/13132195656","name":"Holly Nail & Spa","group":"personal_care","category":"shop=beauty","street":"West Broad Street","city":"Falls Church","postcode":"22046"}},{"type":"Feature","geometry":{"type":"Point","coordinates":[-77.18604,38.89139]},"properties":{"id":"node/13132195657","name":"Smoke Shop","group":"shopping","category":"shop=tobacco","street":"West Broad Street","city":"Falls Church","postcode":"22046"}},{"type":"Feature","geometry":{"type":"Point","coordinates":[-77.18572,38.89134]},"properties":{"id":"node/13132195659","name":"Local Thrift","group":"shopping","category":"shop=second_hand","hours":"Mo-Sa 10:00-18:00, Su 10:00-17:00","phone":"+1-571-378-0411","website":"https://localthrift.org/","housenumber":"1049","street":"West Broad Street","city":"Falls Church","postcode":"22046"}},{"type":"Feature","geometry":{"type":"Point","coordinates":[-77.17807,38.87962]},"properties":{"id":"node/13134363983","name":"GrillMarX","group":"food","category":"amenity=restaurant","cuisine":"steak_house","hours":"Fr-Sa 11:00-23:00; Su-Th 11:00-22:00","phone":"+1-240-261-7762","website":"https://www.gmxfallschurch.com/","housenumber":"510","street":"South Washington Street","city":"Falls Church","postcode":"22046"}},{"type":"Feature","geometry":{"type":"Point","coordinates":[-77.14993,38.91987]},"properties":{"id":"node/13135149232","name":"Sorn","group":"food","category":"amenity=restaurant","cuisine":"thai","hours":"Mo-Fr 10:00-15:00,17:00-22:00; Sa-Su 10:00-22:00","phone":"+1-703-564-0630","website":"https://www.sornthaiva.com/","housenumber":"6224","street":"Old Dominion Drive","city":"McLean","postcode":"22101"}},{"type":"Feature","geometry":{"type":"Point","coordinates":[-77.14995,38.91993]},"properties":{"id":"node/13135149233","name":"Apricot Lane","group":"shopping","category":"shop=clothes","hours":"Mo-Sa 10:00-18:00; Su 11:00-17:00","phone":"+1-571-378-0702","website":"https://apricotlaneboutique.com/store/mclean/","housenumber":"6224","street":"Old Dominion Drive","city":"McLean","postcode":"22101"}},{"type":"Feature","geometry":{"type":"Point","coordinates":[-77.14997,38.91999]},"properties":{"id":"node/13135149234","name":"Sassanova","group":"shopping","category":"shop=clothes","hours":"Mo-Sa 10:00-18:00; Su 11:00-17:00","phone":"+1-703-564-0453","website":"https://www.sassanova.com/pages/sassanova-of-mclean","housenumber":"6224","street":"Old Dominion Drive","city":"McLean","postcode":"22101"}},{"type":"Feature","geometry":{"type":"Point","coordinates":[-77.14991,38.91981]},"properties":{"id":"node/13135149235","name":"SkinSpirit","group":"personal_care","category":"shop=beauty","hours":"Mo 09:00-17:00; Tu-We,Fr 09:00-19:00; Th 09:00-20:00; Sa 09:00-18:00","phone":"+1-571-648-4600","website":"https://www.skinspirit.com/locations/mclean","housenumber":"6224","street":"Old Dominion Drive","city":"McLean","postcode":"22101"}},{"type":"Feature","geometry":{"type":"Point","coordinates":[-77.18413,38.89029]},"properties":{"id":"node/13135421338","name":"ideal tile Kitchen & Bath Design Center","group":"shopping","category":"shop=tiles","phone":"+1-703-237-8400","website":"https://www.idealtile.biz/","housenumber":"929","street":"West Broad Street","city":"Falls Church","postcode":"22046"}},{"type":"Feature","geometry":{"type":"Point","coordinates":[-77.18404,38.89032]},"properties":{"id":"node/13135421339","name":"Carpet Royale","group":"shopping","category":"shop=carpet","phone":"+1-703-237-9411","website":"https://www.carpetroyale.com/","housenumber":"929","street":"West Broad Street","city":"Falls Church","postcode":"22046"}},{"type":"Feature","geometry":{"type":"Point","coordinates":[-77.18324,38.88973]},"properties":{"id":"node/13135421340","name":"Dominion Jewelers","group":"shopping","category":"shop=jewelry","phone":"+1-703-237-3737","website":"https://www.dominionjewelers.com/","housenumber":"917","street":"West Broad Street","city":"Falls Church","postcode":"22046"}},{"type":"Feature","geometry":{"type":"Point","coordinates":[-77.18219,38.88921]},"properties":{"id":"node/13135421341","name":"Mr. Fix","group":"services","category":"craft=electronics_repair","housenumber":"901-B","street":"West Broad Street","city":"Falls Church","postcode":"22046"}},{"type":"Feature","geometry":{"type":"Point","coordinates":[-77.08335,38.77395]},"properties":{"id":"node/13159122325","name":"Fabric Place Basement","group":"shopping","category":"shop=fabric","hours":"Mo-Sa 10:00-18:00, Su 12:00-17:00","phone":"+1 703-660-6661","website":"https://www.fabricplacebasement.com","housenumber":"6660","street":"Richmond Highway","city":"Alexandria","postcode":"22306"}},{"type":"Feature","geometry":{"type":"Point","coordinates":[-77.1971,38.83122]},"properties":{"id":"node/13174702230","name":"O My Hot Pot & Bar","group":"food","category":"amenity=restaurant","cuisine":"chinese","hours":"Mo-Th 11:30-23:30, Fr,Sa 11:30-24:00, Su 11:30-22:30","phone":"+1-703-712-7030","website":"http://omyhotpot.com/","housenumber":"4230","street":"Annandale Road","city":"Annandale","postcode":"22003-3000"}},{"type":"Feature","geometry":{"type":"Point","coordinates":[-77.17295,38.88419]},"properties":{"id":"node/13184466279","name":"Little Falls Cafe","group":"food","category":"amenity=restaurant","cuisine":"crepe"}},{"type":"Feature","geometry":{"type":"Point","coordinates":[-77.1753,38.93699]},"properties":{"id":"node/13272873589","name":"Mayflowers","group":"shopping","category":"shop=florist"}},{"type":"Feature","geometry":{"type":"Point","coordinates":[-77.17532,38.93694]},"properties":{"id":"node/13272873590","name":"For The Wild Birds","group":"shopping","category":"shop=pet"}},{"type":"Feature","geometry":{"type":"Point","coordinates":[-77.17556,38.93257]},"properties":{"id":"node/13272873591","name":"Moby Dick","group":"food","category":"amenity=fast_food","cuisine":"kebab"}},{"type":"Feature","geometry":{"type":"Point","coordinates":[-77.12563,38.72189]},"properties":{"id":"node/13298128791","name":"2nd Ave Thrift","group":"shopping","category":"shop=second_hand","hours":"Mo-Su 09:00-21:00","phone":"+1 703-347-7900","website":"https://stores.savers.com/va/alexandria/2ndave-thrift-store-1609.html","housenumber":"8750","street":"Richmond Highway","city":"Alexandria","postcode":"22309"}},{"type":"Feature","geometry":{"type":"Point","coordinates":[-77.12484,38.72221]},"properties":{"id":"node/13298128792","name":"Rahama African Restaurant & Catering","group":"food","category":"amenity=restaurant","cuisine":"african"}},{"type":"Feature","geometry":{"type":"Point","coordinates":[-77.12494,38.72218]},"properties":{"id":"node/13298128793","name":"Vegas Furniture","group":"shopping","category":"shop=furniture","phone":"+1 703-347-9100","website":"https://vegasfurnitureco.com/","housenumber":"8742","street":"Richmond Highway","city":"Alexandria","postcode":"22309"}},{"type":"Feature","geometry":{"type":"Point","coordinates":[-77.12505,38.72214]},"properties":{"id":"node/13298128794","name":"Nova Nail Spa","group":"personal_care","category":"shop=beauty","hours":"Mo-Sa 10:00-19:00, Su 11:00-17:00","phone":"+1 703-780-6292","website":"https://novanailsspa.com/","housenumber":"8744","street":"Richmond Highway","city":"Alexandria","postcode":"22309"}},{"type":"Feature","geometry":{"type":"Point","coordinates":[-77.12439,38.72207]},"properties":{"id":"node/13298128795","name":"JSD International","group":"groceries","category":"shop=supermarket"}},{"type":"Feature","geometry":{"type":"Point","coordinates":[-77.09254,38.7369]},"properties":{"id":"node/13298128796","name":"Postres Victoria","group":"food","category":"shop=bakery","hours":"Tu 09:00-17:30, We 07:00-15:00, Th-Sa 07:00-21:00, Su 07:00-15:00","phone":"+1-703-825-9835","housenumber":"8131","street":"Richmond Highway","city":"Alexandria","postcode":"22309"}},{"type":"Feature","geometry":{"type":"Point","coordinates":[-77.12591,38.72153]},"properties":{"id":"node/13298128797","name":"Pupuseria Do\u00f1a Azucena","group":"food","category":"amenity=restaurant","cuisine":"papusa;el_salvador","hours":"Su-Th 08:30-22:00; Fr-Sa 08:30-23:00","phone":"+1 703-799-1000","website":"https://pupuseriadonaazucena.com/","housenumber":"8764","street":"Richmond Highway","city":"Alexandria","postcode":"22309"}},{"type":"Feature","geometry":{"type":"Point","coordinates":[-77.19379,38.86577]},"properties":{"id":"node/13300677713","name":"B\u00e1nh M\u00ec DC","group":"food","category":"amenity=restaurant","cuisine":"vietnamese","hours":"Mo-Su 08:00-20:00","phone":"+1-703-205-9300","website":"https://banhmidc.com","housenumber":"3103C","street":"Graham Road","city":"Falls Church","postcode":"22042-2505"}},{"type":"Feature","geometry":{"type":"Point","coordinates":[-77.19191,38.82916]},"properties":{"id":"node/13324986701","name":"9292 Korean BBQ","group":"food","category":"amenity=restaurant","cuisine":"korean","hours":"Su-Th 11:30-00:00; Fr-Sa 11:30-01:30","housenumber":"7133","street":"Little River Turnpike","postcode":"22003"}},{"type":"Feature","geometry":{"type":"Point","coordinates":[-77.19183,38.82879]},"properties":{"id":"node/13324986801","name":"9292 Shabu","group":"food","category":"amenity=restaurant","housenumber":"7131-A","street":"Little River Turnpike","postcode":"22003"}},{"type":"Feature","geometry":{"type":"Point","coordinates":[-77.19173,38.82877]},"properties":{"id":"node/13325000201","name":"Cafe V BBQ Chicken","group":"food","category":"amenity=cafe","cuisine":"barbecue;chicken;coffee_shop;korean","housenumber":"7131","street":"Little River Turnpike","postcode":"22003"}},{"type":"Feature","geometry":{"type":"Point","coordinates":[-77.17602,38.90032]},"properties":{"id":"node/13334716274","name":"Catherine Lee Florals","group":"shopping","category":"shop=florist","housenumber":"2225","street":"Casemont Drive","city":"Falls Church","postcode":"22046"}},{"type":"Feature","geometry":{"type":"Point","coordinates":[-77.15406,38.87445]},"properties":{"id":"node/13341065301","name":"Ch\u1ea3 \u1ed0c Gia Huy","group":"food","category":"amenity=restaurant","cuisine":"vietnamese","hours":"Fr-Su 09:00-20:00; Mo-We 09:00-19:30; Th 09:00-19:00","phone":"+1-703-988-1993","housenumber":"6575, #9","street":"Wilson Blvd.","postcode":"22044"}},{"type":"Feature","geometry":{"type":"Point","coordinates":[-77.19002,38.83377]},"properties":{"id":"node/13409194027","name":"New Brothers Engraving","group":"shopping","category":"shop=trophy","housenumber":"4121","street":"Chatelain Road"}},{"type":"Feature","geometry":{"type":"Point","coordinates":[-77.17724,38.88685]},"properties":{"id":"node/13409371168","name":"Midori Tea House","group":"food","category":"amenity=cafe","cuisine":"tea","phone":"+1-571-781-2316","website":"http://midoriteahouse.com","housenumber":"450","street":"West Broad Street","city":"Falls Church","postcode":"22046"}},{"type":"Feature","geometry":{"type":"Point","coordinates":[-77.17731,38.88681]},"properties":{"id":"node/13409371169","name":"CJ Beauty Hair Salon","group":"personal_care","category":"shop=beauty","housenumber":"450","street":"West Broad Street"}},{"type":"Feature","geometry":{"type":"Point","coordinates":[-77.19209,38.89504]},"properties":{"id":"node/13410041998","name":"CM Chicken","group":"food","category":"amenity=fast_food","cuisine":"chicken","website":"https://cmchickenusa.com/","housenumber":"7121","street":"Leesburg Pike","city":"Falls Church","postcode":"22043"}},{"type":"Feature","geometry":{"type":"Point","coordinates":[-77.17141,38.80583]},"properties":{"id":"node/13472581433","name":"Semilla Madre","group":"groceries","category":"shop=nutrition_supplements","hours":"Mo-Sa 09:00-18:00; Su 09:00-13:00","phone":"+1-703-652-4434","website":"https://www.semillamadre.com/","housenumber":"6571","street":"Edsall Road","city":"Springfield","postcode":"22151"}},{"type":"Feature","geometry":{"type":"Point","coordinates":[-77.08861,38.74926]},"properties":{"id":"node/13596364702","name":"Sew-Ins & More","group":"personal_care","category":"shop=hairdresser","hours":"Mo 09:00-15:00; Tu-Fr 09:00-17:00; Sa 07:00-16:00","phone":"+1-703-598-0069","website":"https://sew-ins-and-more.zoca.ai","housenumber":"7700B","street":"Richmond Highway","city":"Alexandria","postcode":"22306"}},{"type":"Feature","geometry":{"type":"Point","coordinates":[-77.15394,38.87216]},"properties":{"id":"node/13670466083","name":"AAA Seven Corners Car Care","group":"services","category":"shop=car_repair","hours":"Mo-Fr 07:30-18:00, Sa 08:00-17:00","phone":"+1-703-269-4040","website":"https://www.aaa.com/autorepair/shop/aaa-seven-corners-car-care-insurance-travel-center-92000","housenumber":"6290","street":"Arlington Boulevard","city":"Falls Church","postcode":"22044"}},{"type":"Feature","geometry":{"type":"Point","coordinates":[-77.14217,38.81871]},"properties":{"id":"node/13706078093","name":"Linjee","group":"food","category":"amenity=restaurant","cuisine":"thai"}},{"type":"Feature","geometry":{"type":"Point","coordinates":[-77.14216,38.81876]},"properties":{"id":"node/13706078094","name":"Lacrosse Unlimited","group":"shopping","category":"shop=sports"}},{"type":"Feature","geometry":{"type":"Point","coordinates":[-77.14157,38.81982]},"properties":{"id":"node/13706078096","name":"Pizzato Pizza","group":"food","category":"amenity=restaurant","cuisine":"pizza"}},{"type":"Feature","geometry":{"type":"Point","coordinates":[-77.21434,38.8259]},"properties":{"id":"node/13773519676","name":"Osaki Massage Chair l OTA World Annandale VA","group":"food","category":"amenity=restaurant","hours":"Mo-Sa 11:00-19:00; Su 12:00-18:00","phone":"+1-240-457-7542","website":"https://otamassagechairs.com/","housenumber":"7883","street":"Heritage Drive","city":"Annandale","postcode":"22003"}},{"type":"Feature","geometry":{"type":"Point","coordinates":[-77.16165,38.82337]},"properties":{"id":"node/13873491866","name":"Kyo Matcha","group":"food","category":"amenity=ice_cream","housenumber":"6550","street":"Little River Turnpike","city":"Alexandria","postcode":"22312"}},{"type":"Feature","geometry":{"type":"Point","coordinates":[-77.16167,38.8234]},"properties":{"id":"node/13873711504","name":"Kajiken","group":"food","category":"amenity=restaurant","cuisine":"ramen","housenumber":"6550","street":"Little River Turnpike","city":"Alexandria","postcode":"22312"}},{"type":"Feature","geometry":{"type":"Point","coordinates":[-77.12052,38.84074]},"properties":{"id":"node/13888420596","name":"CPR Cell Phone Repair","group":"services","category":"craft=electronics_repair","hours":"Mo-Fr 09:00-17:00","phone":"+1-703-209-0006","website":"https://www.cellphonerepair.com/locations/store/cpr-falls-church-va-901034","housenumber":"3825","street":"South George Mason Drive","city":"Falls Church","postcode":"22041"}},{"type":"Feature","geometry":{"type":"Point","coordinates":[-77.19087,38.82815]},"properties":{"id":"node/13899962595","name":"Duck Chang\u2019s","group":"food","category":"amenity=restaurant","cuisine":"chinese","housenumber":"4427","street":"John Marr Drive"}},{"type":"Feature","geometry":{"type":"Point","coordinates":[-77.18961,38.82804]},"properties":{"id":"node/13900021664","name":"Korean Food Specialists","group":"food","category":"amenity=restaurant","cuisine":"korean","housenumber":"7031","street":"Little River Turnpike"}},{"type":"Feature","geometry":{"type":"Point","coordinates":[-77.18949,38.82803]},"properties":{"id":"node/13900021665","name":"TOSOKCHON","group":"food","category":"amenity=restaurant","cuisine":"korean","hours":"24/7","housenumber":"7031","street":"Little River Turnpike"}},{"type":"Feature","geometry":{"type":"Point","coordinates":[-77.18927,38.82802]},"properties":{"id":"node/13900021667","name":"Sun\u2019s Hair Design","group":"personal_care","category":"shop=hairdresser","housenumber":"7031","street":"Little River Turnpike"}},{"type":"Feature","geometry":{"type":"Point","coordinates":[-77.18918,38.82803]},"properties":{"id":"node/13900021668","name":"Sun\u2019s Day Spa","group":"personal_care","category":"shop=beauty","housenumber":"7031","street":"Little River Turnpike"}},{"type":"Feature","geometry":{"type":"Point","coordinates":[-77.18912,38.82837]},"properties":{"id":"node/13900021669","name":"New World Pharmacy","group":"groceries","category":"shop=chemist"}},{"type":"Feature","geometry":{"type":"Point","coordinates":[-77.18825,38.83014]},"properties":{"id":"node/13900125003","name":"Snocream","group":"food","category":"amenity=ice_cream"}},{"type":"Feature","geometry":{"type":"Point","coordinates":[-77.18824,38.83008]},"properties":{"id":"node/13900125004","name":"Garden Social","group":"food","category":"amenity=restaurant","cuisine":"asian","housenumber":"4363","street":"John Marr Drive","city":"Annandale","postcode":"22003"}},{"type":"Feature","geometry":{"type":"Point","coordinates":[-77.13234,38.80829]},"properties":{"id":"node/13904165405","name":"K & B Auto Service","group":"services","category":"shop=car_repair","phone":"+1-703-751-5070","housenumber":"414","street":"South Van Dorn Street","city":"Alexandria","postcode":"22304"}},{"type":"Feature","geometry":{"type":"Point","coordinates":[-77.14374,38.87077]},"properties":{"id":"node/13909777640","name":"Snack Bar","group":"food","category":"amenity=fast_food"}},{"type":"Feature","geometry":{"type":"Point","coordinates":[-77.17316,38.88376]},"properties":{"id":"node/13910439695","name":"Falls Church Antique Annex","group":"shopping","category":"shop=antiques","hours":"Mo-Sa 11:00-17:00, Su 12:00-17:00","phone":"+1-703-241-9642","housenumber":"250","street":"West Broad Street","city":"Falls Church","postcode":"22046"}},{"type":"Feature","geometry":{"type":"Point","coordinates":[-77.18845,38.83108]},"properties":{"id":"node/13910604577","name":"Tobe Nails & Spa","group":"personal_care","category":"shop=beauty"}},{"type":"Feature","geometry":{"type":"Point","coordinates":[-77.17875,38.93797]},"properties":{"id":"node/13911577736","name":"Nataly Danilova Photography","group":"services","category":"craft=photographer","hours":"Mo-Fr 08:00-19:00, Sa 08:00-14:00","phone":"+1-571-699-4450","website":"https://natalydanilova.com/","housenumber":"1350","street":"Beverly Road","city":"McLean","postcode":"22101"}},{"type":"Feature","geometry":{"type":"Point","coordinates":[-77.12403,38.89702]},"properties":{"id":"node/13924455515","name":"Tobacco King","group":"shopping","category":"shop=tobacco"}},{"type":"Feature","geometry":{"type":"Point","coordinates":[-77.13066,38.89612]},"properties":{"id":"node/13924455516","name":"Eli\u2019s Salon","group":"personal_care","category":"shop=beauty"}},{"type":"Feature","geometry":{"type":"Point","coordinates":[-77.17701,38.88581]},"properties":{"id":"node/13954843011","name":"Godfrey\u2019s Bakery Caf\u00e9","group":"food","category":"amenity=cafe","cuisine":"bistro;coffee_shop;pastry","hours":"Su-Mo 07:00-20:00; Tu-Th 07:00-21:00; Fr-Sa 07:00-22:00","phone":"+1-571-378-1144","website":"https://godfreysbakerycafe.com/","housenumber":"421","street":"West Broad Street","city":"Falls Church","postcode":"22046"}},{"type":"Feature","geometry":{"type":"Point","coordinates":[-77.17084,38.88339]},"properties":{"id":"node/13954996885","name":"Action Music","group":"shopping","category":"shop=musical_instrument","housenumber":"111","street":"Park Avenue","city":"Falls Church","postcode":"22046"}},{"type":"Feature","geometry":{"type":"Point","coordinates":[-77.17126,38.88381]},"properties":{"id":"node/13955128910","name":"Archer High Fidelity","group":"shopping","category":"shop=hifi","hours":"Tu-Fr 12:00-19:00, Sa 12:00-17:00","phone":"+1-703-687-6115","website":"https://archerhifi.com/","housenumber":"115","street":"Park Avenue","city":"Falls Church","postcode":"22046"}},{"type":"Feature","geometry":{"type":"Point","coordinates":[-77.2093,38.87541]},"properties":{"id":"node/13956533880","name":"Lotus Nails Spa","group":"personal_care","category":"shop=beauty"}},{"type":"Feature","geometry":{"type":"Point","coordinates":[-77.17058,38.88165]},"properties":{"id":"node/13987890401","name":"Barbers Club Neo","group":"personal_care","category":"shop=hairdresser","website":"https://barbersclubneo.com/","housenumber":"116","street":"East Broad Street","city":"Falls Church","postcode":"22046"}},{"type":"Feature","geometry":{"type":"Point","coordinates":[-77.16584,38.87036]},"properties":{"id":"node/13996331714","name":"Meadows Farms Nursery","group":"shopping","category":"shop=garden_centre","hours":"Mo-Fr 08:00-18:00; Sa 09:00-18:00; Su 09:00-17:00","housenumber":"6461","street":"Arlington Boulevard","city":"Falls Church","postcode":"22042"}},{"type":"Feature","geometry":{"type":"Point","coordinates":[-77.18728,38.83458]},"properties":{"id":"node/14077541448","name":"Crimson Coward","group":"food","category":"amenity=fast_food","cuisine":"chicken","housenumber":"7004","street":"Columbia Pike","city":"Annandale","postcode":"22003"}},{"type":"Feature","geometry":{"type":"Point","coordinates":[-77.18735,38.83456]},"properties":{"id":"node/14077541449","name":"Collector's World","group":"shopping","category":"shop=collector","housenumber":"7006","street":"Columbia Pike","city":"Annandale","postcode":"22003"}},{"type":"Feature","geometry":{"type":"Point","coordinates":[-77.18795,38.83425]},"properties":{"id":"node/14077541452","name":"Cue Club Cafe","group":"food","category":"amenity=cafe","cuisine":"american","phone":"+1-703-941-7665","website":"http://www.cueclubcafe.com","housenumber":"7016","street":"Columbia Pike","city":"Annandale","postcode":"22003"}},{"type":"Feature","geometry":{"type":"Point","coordinates":[-77.18811,38.8342]},"properties":{"id":"node/14077541454","name":"Kitchen & Bath Solutions","group":"shopping","category":"shop=kitchen","housenumber":"7024","street":"Columbia Pike","city":"Annandale","postcode":"22003"}},{"type":"Feature","geometry":{"type":"Point","coordinates":[-77.18841,38.83407]},"properties":{"id":"node/14077541457","name":"Hair Unik","group":"personal_care","category":"shop=beauty","housenumber":"7034","street":"Columbia Pike","city":"Annandale","postcode":"22003"}},{"type":"Feature","geometry":{"type":"Point","coordinates":[-77.18851,38.83403]},"properties":{"id":"node/14077541459","name":"Eden Nails & Spa","group":"personal_care","category":"shop=beauty","housenumber":"7038","street":"Columbia Pike","city":"Annandale","postcode":"22003"}},{"type":"Feature","geometry":{"type":"Point","coordinates":[-77.18875,38.8339]},"properties":{"id":"node/14077594546","name":"Pupusas Express","group":"food","category":"amenity=fast_food","cuisine":"mexican","housenumber":"7042","street":"Columbia Pike","city":"Annandale","postcode":"22003"}},{"type":"Feature","geometry":{"type":"Point","coordinates":[-77.18884,38.83387]},"properties":{"id":"node/14077594547","name":"Annandale Photo & Camera","group":"shopping","category":"shop=camera","housenumber":"7044","street":"Columbia Pike","city":"Annandale","postcode":"22003"}},{"type":"Feature","geometry":{"type":"Point","coordinates":[-77.18891,38.83383]},"properties":{"id":"node/14077594548","name":"Annandale Barber Shop","group":"personal_care","category":"shop=hairdresser","housenumber":"7046","street":"Columbia Pike","city":"Annandale","postcode":"22003"}},{"type":"Feature","geometry":{"type":"Point","coordinates":[-77.18897,38.83381]},"properties":{"id":"node/14077594549","name":"Alterations & Shoe Repair","group":"services","category":"shop=tailor","housenumber":"7048","street":"Columbia Pike","city":"Annandale","postcode":"22003"}},{"type":"Feature","geometry":{"type":"Point","coordinates":[-77.1884,38.83275]},"properties":{"id":"node/14077647495","name":"Hair News Beauty Salon","group":"personal_care","category":"shop=beauty","street":"John Marr Drive","city":"Annandale","postcode":"22003"}},{"type":"Feature","geometry":{"type":"Point","coordinates":[-77.18841,38.8328]},"properties":{"id":"node/14077647496","name":"Beauty City","group":"personal_care","category":"shop=beauty","street":"John Marr Drive","city":"Annandale","postcode":"22003"}},{"type":"Feature","geometry":{"type":"Point","coordinates":[-77.18842,38.83285]},"properties":{"id":"node/14077647497","name":"Z's Boxing Gear","group":"shopping","category":"shop=sports","phone":"+1-703-547-4054","website":"https://z-boxinggym.com/#shop","street":"John Marr Drive","city":"Annandale","postcode":"22003"}},{"type":"Feature","geometry":{"type":"Point","coordinates":[-77.19568,38.83087]},"properties":{"id":"node/14077648072","name":"Basil","group":"food","category":"amenity=restaurant","cuisine":"mediterranean","housenumber":"7254","street":"Columbia Pike","city":"Annandale","postcode":"22003"}},{"type":"Feature","geometry":{"type":"Point","coordinates":[-77.19595,38.83078]},"properties":{"id":"node/14077648073","name":"Cash for Gold","group":"services","category":"shop=gold_buyer","housenumber":"7262","street":"Columbia Pike","city":"Annandale","postcode":"22003"}},{"type":"Feature","geometry":{"type":"Point","coordinates":[-77.18842,38.83312]},"properties":{"id":"node/14077659501","name":"Annandale Service Center","group":"services","category":"shop=car_repair","street":"Columbia Pike","city":"Annandale","postcode":"22003"}},{"type":"Feature","geometry":{"type":"Point","coordinates":[-77.19638,38.83183]},"properties":{"id":"node/14079659862","name":"DC Nail Supply","group":"shopping","category":"shop=wholesale","website":"https://dcnailsupplyllc.com/","housenumber":"4227","street":"Annandale Road","city":"Annandale","postcode":"22003"}},{"type":"Feature","geometry":{"type":"Point","coordinates":[-77.1964,38.83189]},"properties":{"id":"node/14079659863","name":"Springfield Beauty Academy","group":"personal_care","category":"shop=beauty","phone":"+1-703-256-5662","website":"https://springfieldbeautyacademyva.com/","housenumber":"4223","street":"Annandale Road","city":"Annandale","postcode":"22003"}},{"type":"Feature","geometry":{"type":"Point","coordinates":[-77.19641,38.83196]},"properties":{"id":"node/14079659864","name":"Annandale Watch & Clock","group":"shopping","category":"shop=watches","phone":"+1-703-750-2389","housenumber":"4221","street":"Annandale Road","city":"Annandale","postcode":"22003"}},{"type":"Feature","geometry":{"type":"Point","coordinates":[-77.19089,38.83145]},"properties":{"id":"node/14081119143","name":"Annandale Catering","group":"food","category":"craft=caterer","cuisine":"korean","phone":"+1-703-354-4989;+1-703-354-6554","website":"https://www.annandalecatering.com/","housenumber":"4221","street":"Tom Davis Drive","city":"Annandale","postcode":"22003"}},{"type":"Feature","geometry":{"type":"Point","coordinates":[-77.19103,38.83168]},"properties":{"id":"node/14081119144","name":"Pawtiques Grooming & Academy","group":"services","category":"shop=pet_grooming","phone":"+1-703-941-6812","website":"https://mypawtiques.com/","housenumber":"4207","street":"Tom Davis Drive","city":"Annandale","postcode":"22003"}},{"type":"Feature","geometry":{"type":"Point","coordinates":[-77.19108,38.83175]},"properties":{"id":"node/14081119145","name":"New China","group":"food","category":"amenity=restaurant","cuisine":"chinese","hours":"Mo-Th 10:30-20:30, Su 11:00-22:30, Fr-Sa 10:30-23:00","phone":"+1-703-941-2663","website":"https://www.newchinacarryout.com/","housenumber":"4205","street":"Tom Davis Drive","city":"Annandale","postcode":"22003"}},{"type":"Feature","geometry":{"type":"Point","coordinates":[-77.1911,38.83178]},"properties":{"id":"node/14081119146","name":"Gene's Hair Salon","group":"personal_care","category":"shop=beauty","phone":"+1-703-941-2007","housenumber":"4203","street":"Tom Davis Drive","city":"Annandale","postcode":"22003"}},{"type":"Feature","geometry":{"type":"Point","coordinates":[-77.19112,38.83182]},"properties":{"id":"node/14081119147","name":"Total Fashion","group":"services","category":"shop=tailor","housenumber":"4201","street":"Tom Davis Drive","city":"Annandale","postcode":"22003"}},{"type":"Feature","geometry":{"type":"Point","coordinates":[-77.19069,38.83216]},"properties":{"id":"node/14081202718","name":"Geobukseons","group":"food","category":"amenity=restaurant","cuisine":"sushi;korean","website":"https://geobukseons.com/","housenumber":"7119","street":"Columbia Pike","city":"Annandale","postcode":"22003"}},{"type":"Feature","geometry":{"type":"Point","coordinates":[-77.19027,38.83242]},"properties":{"id":"node/14081208166","name":"Underdog Coffee & Bread","group":"food","category":"amenity=cafe","cuisine":"coffee_shop","hours":"Mo-Th 07:30-18:00, Fr-Su 07:30-19:30","phone":"+1-571-378-1994","website":"https://underdogcoffeeandbread.shop/","housenumber":"7109","street":"Columbia Pike","city":"Annandale","postcode":"22003"}},{"type":"Feature","geometry":{"type":"Point","coordinates":[-77.17236,38.87902]},"properties":{"id":"node/14085915631","name":"Safa Halal Mart","group":"groceries","category":"shop=butcher","phone":"+1-703-992-0902","housenumber":"150","street":"Hillwood Avenue","city":"Falls Church","postcode":"22042"}},{"type":"Feature","geometry":{"type":"Point","coordinates":[-77.17183,38.87861]},"properties":{"id":"node/14086045717","name":"Richards Heating & Air Conditioning","group":"services","category":"craft=hvac","phone":"+1-703-844-3822","website":"https://www.richardsac.com/","housenumber":"200","street":"Hillwood Avenue","city":"Falls Church"}},{"type":"Feature","geometry":{"type":"Point","coordinates":[-77.16955,38.88148]},"properties":{"id":"node/14086045722","name":"Little Beast","group":"food","category":"amenity=cafe","cuisine":"pizza;sandwich;salad","hours":"Mo-Th 16:00-21:00, Fr-Sa 11:00-22:00, Su 11:00-21:00","phone":"+1-571-705-5651","website":"https://www.littlebeastbistro.com/visitlittlebeast","housenumber":"119","street":"East Broad Street","city":"Falls Church","postcode":"22046"}},{"type":"Feature","geometry":{"type":"Point","coordinates":[-77.17141,38.88264]},"properties":{"id":"node/14086054849","name":"The Dark, Unbound","group":"shopping","category":"shop=books","website":"https://www.thedarkunbound.com/","housenumber":"112","street":"West Broad Street","city":"Falls Church","postcode":"22046"}},{"type":"Feature","geometry":{"type":"Point","coordinates":[-77.17145,38.88266]},"properties":{"id":"node/14086054850","name":"Lil City Creamery","group":"food","category":"amenity=ice_cream","hours":"Mo-Tu 16:00-20:00, We-Th 12:00-20:00, Fr 12:00-22:00, Sa 11:00-22:00, Su 11:00-20:00","phone":"+1-703-819-3285","website":"https://www.lilcitycreamery.com/","housenumber":"114","street":"West Broad Street","city":"Falls Church","postcode":"22046"}},{"type":"Feature","geometry":{"type":"Point","coordinates":[-77.17147,38.88267]},"properties":{"id":"node/14086054851","name":"Floris Beauty Salon","group":"personal_care","category":"shop=beauty","website":"https://florisargueta.setmore.com/","housenumber":"114","street":"West Broad Street","city":"Falls Church","postcode":"22046"}},{"type":"Feature","geometry":{"type":"Point","coordinates":[-77.17372,38.88413]},"properties":{"id":"node/14086054852","name":"Stratford Garden","group":"food","category":"amenity=restaurant","phone":"+1-703-534-4660","website":"https://www.stratfordgarden.com/","housenumber":"300","street":"West Broad Street","city":"Falls Church","postcode":"22046"}},{"type":"Feature","geometry":{"type":"Point","coordinates":[-77.17869,38.88729]},"properties":{"id":"node/14086115975","name":"Helena's Mexican Restaurant","group":"food","category":"amenity=restaurant","cuisine":"mexican","hours":"Mo 11:00-21:00, Tu-Th 11:00-22:00, Fr-Sa 11:00-23:00, Su 11:00-22:00","phone":"+1-571-378-0150","website":"https://helenasmexicanrestaurant.com/locations","housenumber":"502","street":"West Broad Street","city":"Falls Church","postcode":"22046"}},{"type":"Feature","geometry":{"type":"Point","coordinates":[-77.18492,38.89092]},"properties":{"id":"node/14086203289","name":"My Home Thai","group":"food","category":"amenity=restaurant","cuisine":"thai","hours":"Su-Th 11:00-22:00, Fr-Sa 11:00-23:00","phone":"+1-571-899-5055","website":"https://www.myhomethaifallschurch.com/","housenumber":"1009","street":"West Broad Street","city":"Falls Church","postcode":"22046"}},{"type":"Feature","geometry":{"type":"Point","coordinates":[-77.18662,38.89153]},"properties":{"id":"node/14086203292","name":"West Falls Church Pharmacy & Medical Supplies","group":"groceries","category":"amenity=pharmacy","housenumber":"1075","street":"West Broad Street","city":"Falls Church","postcode":"22046"}},{"type":"Feature","geometry":{"type":"Point","coordinates":[-77.1867,38.89155]},"properties":{"id":"node/14086203293","name":"Saffron","group":"food","category":"amenity=restaurant","cuisine":"indian","housenumber":"1077","street":"West Broad Street","city":"Falls Church","postcode":"22046"}},{"type":"Feature","geometry":{"type":"Point","coordinates":[-77.18678,38.89156]},"properties":{"id":"node/14086203294","name":"Snip","group":"personal_care","category":"shop=hairdresser","housenumber":"1081","street":"West Broad Street","city":"Falls Church","postcode":"22046"}},{"type":"Feature","geometry":{"type":"Point","coordinates":[-77.18684,38.89157]},"properties":{"id":"node/14086203295","name":"Everest Beauty Salon","group":"personal_care","category":"shop=beauty","housenumber":"1083","street":"West Broad Street","city":"Falls Church","postcode":"22046"}},{"type":"Feature","geometry":{"type":"Point","coordinates":[-77.18643,38.89138]},"properties":{"id":"node/14086203296","name":"Indian Spices","group":"groceries","category":"shop=spices","phone":"+1-703-532-1777","housenumber":"1067","street":"West Broad Street","city":"Falls Church","postcode":"22046"}},{"type":"Feature","geometry":{"type":"Point","coordinates":[-77.17741,38.88774]},"properties":{"id":"node/14086277925","name":"Harvest Moon Pharmaceuticals","group":"shopping","category":"shop=wholesale","phone":"+1-703-531-0244","website":"https://www.harvestmoonpharma.com/contact_us","housenumber":"605","street":"Park Avenue","city":"Falls Church","postcode":"22046"}},{"type":"Feature","geometry":{"type":"Point","coordinates":[-77.17075,38.88276]},"properties":{"id":"node/14086290783","name":"The Toy Nest","group":"shopping","category":"shop=toys","hours":"Tu-Th 10:00-18:00, Fr-Sa 09:00-17:00","phone":"+1-703-988-1777","website":"https://www.thetoynest.com/","housenumber":"125","street":"North Washington Street","city":"Falls Church","postcode":"22046"}},{"type":"Feature","geometry":{"type":"Point","coordinates":[-77.19095,38.89588]},"properties":{"id":"node/14086509875","name":"Seoul Spice","group":"food","category":"amenity=restaurant","cuisine":"korean","hours":"Su-Sa 10:45-21:00","website":"https://www.seoulspice.com/locations-virginia","housenumber":"156","street":"West Falls Station Boulevard","city":"Falls Church","postcode":"22043"}},{"type":"Feature","geometry":{"type":"Point","coordinates":[-77.19201,38.8951]},"properties":{"id":"node/14086516250","name":"Beauty by MKP","group":"personal_care","category":"shop=beauty","phone":"+1-571-378-0107","housenumber":"7121","street":"Leesburg Pike","city":"Falls Church","postcode":"22043"}},{"type":"Feature","geometry":{"type":"Point","coordinates":[-77.18854,38.89452]},"properties":{"id":"node/14086516253","name":"Reico Kitchen & Bath","group":"shopping","category":"shop=kitchen","hours":"Mo-Fr 09:00-17:00, Sa 10:00-14:00","phone":"+1-703-748-0700","website":"https://www.reico.com/locations/virginia-showrooms/falls-church/","housenumber":"1224","street":"West Broad Street","city":"Falls Church","postcode":"22046"}},{"type":"Feature","geometry":{"type":"Point","coordinates":[-77.18831,38.89438]},"properties":{"id":"node/14086516256","name":"Plaka Grill","group":"food","category":"amenity=restaurant","cuisine":"greek","hours":"Su-Sa 11:00-21:00","phone":"+1-703-639-0161","website":"https://www.plakagrill.com/","housenumber":"1216","street":"West Broad Street","city":"Falls Church","postcode":"22046"}},{"type":"Feature","geometry":{"type":"Point","coordinates":[-77.18775,38.89398]},"properties":{"id":"node/14086516259","name":"Skin Lab Med Spa","group":"personal_care","category":"shop=beauty","website":"https://www.skinlabmed.com/","housenumber":"1140","street":"West Broad Street","city":"Falls Church","postcode":"22046"}},{"type":"Feature","geometry":{"type":"Point","coordinates":[-77.18734,38.89359]},"properties":{"id":"node/14086516270","name":"Taco Rock","group":"food","category":"amenity=restaurant","cuisine":"tacos","website":"https://www.thetacorock.com/taco-rock-falls-church/","housenumber":"1116","street":"West Broad Street","city":"Falls Church","postcode":"22046"}},{"type":"Feature","geometry":{"type":"Point","coordinates":[-77.18727,38.89355]},"properties":{"id":"node/14086516271","name":"Present Nails","group":"personal_care","category":"shop=beauty","street":"West Broad Street","city":"Falls Church","postcode":"22046"}},{"type":"Feature","geometry":{"type":"Point","coordinates":[-77.18721,38.89351]},"properties":{"id":"node/14086516272","name":"Tasty Dumpling","group":"food","category":"amenity=restaurant","cuisine":"asian;dumplings","hours":"Su-Th 11:00-20:00, Fr-Sa 11:00-20:30","phone":"+1-703-269-1752","website":"https://tasty-dumpling.com/","housenumber":"1112","street":"West Broad Street","city":"Falls Church","postcode":"22046"}},{"type":"Feature","geometry":{"type":"Point","coordinates":[-77.19055,38.89691]},"properties":{"id":"node/14086548588","name":"Casabella Salon","group":"personal_care","category":"shop=beauty","hours":"Mo-Fr 10:00-22:00, Sa 10:00-19:00, Su 11:00-18:00","phone":"+1-571-605-8386","website":"https://casabellasalonwestfalls.com/","housenumber":"267","street":"West Falls Station Boulevard","city":"Falls Church","postcode":"22046"}},{"type":"Feature","geometry":{"type":"Point","coordinates":[-77.19074,38.89608]},"properties":{"id":"node/14086554596","name":"Dok Khao Thai Eatery","group":"food","category":"amenity=restaurant","cuisine":"thai","website":"https://dokkhao.com/","housenumber":"180","street":"West Falls Station Boulevard","city":"Falls Church","postcode":"22043"}},{"type":"Feature","geometry":{"type":"Point","coordinates":[-77.19075,38.89671]},"properties":{"id":"node/14086563725","name":"Mason's Famous Lobster Rolls","group":"food","category":"amenity=restaurant","cuisine":"seafood","hours":"Su-Sa11:00-21:00","phone":"+1-703-574-0242","website":"https://www.masonslobster.com/locations/falls-church/","housenumber":"243","street":"West Falls Station Boulevard","city":"Falls Church","postcode":"22046"}},{"type":"Feature","geometry":{"type":"Point","coordinates":[-77.19136,38.89611]},"properties":{"id":"node/14086563727","name":"Honoo Ramen Bar","group":"food","category":"amenity=restaurant","cuisine":"ramen","hours":"Mo-Th 11:00-22:00, Fr 11:00-23:00, Sa 12:00-23:00, Su 12:00-22:00","phone":"+1-571-866-6540","website":"https://www.honooramenbar.com/","housenumber":"153","street":"West Falls Station Boulevard","city":"Falls Church","postcode":"22046"}},{"type":"Feature","geometry":{"type":"Point","coordinates":[-77.17535,38.86825]},"properties":{"id":"node/14088697949","name":"One Stop Kitchen & Bath","group":"shopping","category":"shop=kitchen","housenumber":"3000","street":"Annandale Road","city":"Falls Church","postcode":"22042"}},{"type":"Feature","geometry":{"type":"Point","coordinates":[-77.20892,38.8318]},"properties":{"id":"node/14092684835","name":"Marss Cafe & Food","group":"food","category":"amenity=cafe","hours":"Mo-Th 07:00-15:00; Fr 07:00-14:00; Sa-Su off","phone":"+1-703-445-2803","website":"https://marsscafe.com","housenumber":"7611","street":"Little River Turnpike","city":"Annandale","postcode":"22003-2611"}},{"type":"Feature","geometry":{"type":"Point","coordinates":[-77.21383,38.87605]},"properties":{"id":"node/14120376512","name":"La Estancia Churrasqueria","group":"food","category":"amenity=restaurant","cuisine":"steak_house;mexican","housenumber":"7810","street":"Route 29","city":"Falls Church","postcode":"22043"}},{"type":"Feature","geometry":{"type":"Point","coordinates":[-77.21364,38.87613]},"properties":{"id":"node/14120376513","name":"Salon Yadira","group":"personal_care","category":"shop=hairdresser","housenumber":"7810","street":"Route 29","city":"Falls Church"}},{"type":"Feature","geometry":{"type":"Point","coordinates":[-77.21357,38.87612]},"properties":{"id":"node/14120376514","name":"Delicias de Centroamerica","group":"food","category":"amenity=restaurant","cuisine":"central_american","housenumber":"7810","street":"Route 29","city":"Falls Church","postcode":"22043"}},{"type":"Feature","geometry":{"type":"Point","coordinates":[-77.2135,38.8761]},"properties":{"id":"node/14120376515","name":"Apex Nails & Spa","group":"personal_care","category":"shop=beauty","housenumber":"7810","street":"Route 29","city":"Falls Church","postcode":"22043"}},{"type":"Feature","geometry":{"type":"Point","coordinates":[-77.17998,38.87893]},"properties":{"id":"node/14120410698","name":"Fairfax Deli & Pizza","group":"food","category":"amenity=restaurant","cuisine":"pizza","housenumber":"7173","street":"Route 29","city":"Falls Church","postcode":"22046"}},{"type":"Feature","geometry":{"type":"Point","coordinates":[-77.17991,38.87893]},"properties":{"id":"node/14120410699","name":"Lee Nails & Spa","group":"personal_care","category":"shop=beauty","housenumber":"7171","street":"Route 29","city":"Falls Church","postcode":"22046"}},{"type":"Feature","geometry":{"type":"Point","coordinates":[-77.17982,38.87893]},"properties":{"id":"node/14120410700","name":"Vacuums & Sewing","group":"shopping","category":"shop=vacuum_cleaner","housenumber":"7169","street":"Route 29","city":"Falls Church","postcode":"22046"}},{"type":"Feature","geometry":{"type":"Point","coordinates":[-77.13881,38.80401]},"properties":{"id":"node/14122903390","name":"Alexandria Carpet One Floor & Home","group":"shopping","category":"shop=carpet","housenumber":"851","street":"South Pickett Street","city":"Alexandria","postcode":"22304"}},{"type":"Feature","geometry":{"type":"Point","coordinates":[-77.17995,38.87937]},"properties":{"id":"node/14127376145","name":"New Look Auto Detailing","group":"services","category":"shop=car_repair","hours":"Mo,Fr 07:30-20:00; Tu 08:00-20:00; We 07:30-19:00; Th 07:30-19:30; Sa 08:00-18:00","phone":"+1-703-774-6231","website":"https://newlookautodetail.com/","housenumber":"624","street":"South Washington Street","city":"Falls Church","postcode":"22046"}},{"type":"Feature","geometry":{"type":"Point","coordinates":[-77.17975,38.87935]},"properties":{"id":"node/14127376146","name":"True Gear Motors","group":"shopping","category":"shop=car","hours":"Mo-Sa 10:00-18:00","website":"https://www.truegearmotors.com/","housenumber":"624","street":"South Washington Street","city":"Falls Church","postcode":"22046"}},{"type":"Feature","geometry":{"type":"Point","coordinates":[-77.17632,38.93801]},"properties":{"id":"node/14166829943","name":"Plumbifi","group":"services","category":"craft=plumber","hours":"Mo-Fr 07:00-18:00; Sa 07:00-14:00; Su closed","phone":"+1 703-356-0010","website":"https://plumbifi.com/","housenumber":"1340","street":"Old Chain Bridge Road","city":"McLean","postcode":"22101"}},{"type":"Feature","geometry":{"type":"Point","coordinates":[-77.19144,38.83299]},"properties":{"id":"node/14225218701","name":"Soricha Tea & Theater","group":"food","category":"amenity=cafe","cuisine":"coffee_shop;tea","hours":"Mo-Th 12:00-21:30; Fr-Su 11:30-22:00","phone":"+1-703-642-0020","website":"https://www.soricha.com/soricha-annandale.html","housenumber":"7112","street":"Columbia Pike","postcode":"22003"}},{"type":"Feature","geometry":{"type":"Point","coordinates":[-77.17645,38.93596]},"properties":{"id":"node/14235293701","name":"New to You","group":"shopping","category":"shop=second_hand","hours":"Tu-Sa 11:00-17:00","website":"http://newtoyou.net","housenumber":"1392","street":"Chain Bridge Road","city":"McLean","postcode":"22101"}},{"type":"Feature","geometry":{"type":"Point","coordinates":[-77.13993,38.85556]},"properties":{"id":"node/14235958269","name":"Healthy Spot","group":"food","category":"amenity=fast_food","cuisine":"juice","housenumber":"6043","street":"Leesburg Pike","city":"Falls Church","postcode":"22041"}},{"type":"Feature","geometry":{"type":"Point","coordinates":[-77.13978,38.85545]},"properties":{"id":"node/14236078820","name":"Bailey's Market & Carry Out","group":"groceries","category":"shop=convenience","housenumber":"6035","street":"Leesburg Pike","city":"Falls Church","postcode":"22041"}},{"type":"Feature","geometry":{"type":"Point","coordinates":[-77.13887,38.85493]},"properties":{"id":"node/14236078821","name":"Ssam Kitchen","group":"food","category":"amenity=restaurant","cuisine":"korean;mexican","housenumber":"6017","street":"Leesburg Pike","city":"Falls Church","postcode":"22041"}},{"type":"Feature","geometry":{"type":"Point","coordinates":[-77.13881,38.8549]},"properties":{"id":"node/14236078822","name":"Pho & Grill Burrito Bowls","group":"food","category":"amenity=restaurant","cuisine":"vietnamese;mexican","housenumber":"6015","street":"Leesburg Pike","city":"Falls Church","postcode":"22041"}},{"type":"Feature","geometry":{"type":"Point","coordinates":[-77.13872,38.85485]},"properties":{"id":"node/14236078823","name":"Taco Ssam","group":"food","category":"amenity=restaurant","cuisine":"korean;mexican","website":"https://www.tacossam.com/","housenumber":"6013","street":"Leesburg Pike","city":"Falls Church","postcode":"22041"}},{"type":"Feature","geometry":{"type":"Point","coordinates":[-77.13857,38.85477]},"properties":{"id":"node/14236078826","name":"Chicken House & Panaderia","group":"food","category":"amenity=restaurant","housenumber":"6007","street":"Leesburg Pike","city":"Falls Church","postcode":"22041"}},{"type":"Feature","geometry":{"type":"Point","coordinates":[-77.13828,38.85469]},"properties":{"id":"node/14236078827","name":"Valdemar Travel","group":"services","category":"shop=travel_agency","phone":"+1-703-931-1295","housenumber":"6001","street":"Leesburg Pike","city":"Falls Church","postcode":"22041"}},{"type":"Feature","geometry":{"type":"Point","coordinates":[-77.13687,38.85489]},"properties":{"id":"node/14236101361","name":"Bakersfield Rugs","group":"shopping","category":"shop=carpet","street":"Leesburg Pike","city":"Falls Church","postcode":"22041"}},{"type":"Feature","geometry":{"type":"Point","coordinates":[-77.13486,38.85304]},"properties":{"id":"node/14236101362","name":"Chili Wok","group":"food","category":"amenity=restaurant","cuisine":"asian","housenumber":"3400","street":"Leesburg Pike","city":"Falls Church","postcode":"22041"}},{"type":"Feature","geometry":{"type":"Point","coordinates":[-77.13469,38.85296]},"properties":{"id":"node/14236101364","name":"Habibi House Cafe","group":"food","category":"amenity=cafe","housenumber":"3400","street":"Leesburg Pike","city":"Falls Church","postcode":"22041"}},{"type":"Feature","geometry":{"type":"Point","coordinates":[-77.13461,38.85292]},"properties":{"id":"node/14236101365","name":"Jerusalem Mediterranean","group":"food","category":"amenity=restaurant","cuisine":"mediterranean","housenumber":"3400","street":"Leesburg Pike","city":"Falls Church","postcode":"22041"}},{"type":"Feature","geometry":{"type":"Point","coordinates":[-77.12338,38.84945]},"properties":{"id":"node/14236112147","name":"Rack Attack","group":"shopping","category":"shop=car_parts","website":"https://rackattack.com/","housenumber":"3501","street":"Carlin Springs Road","city":"Falls Church","postcode":"22041"}},{"type":"Feature","geometry":{"type":"Point","coordinates":[-77.12285,38.85025]},"properties":{"id":"node/14236112150","name":"Factory Motor Parts Automotive Supply","group":"shopping","category":"shop=car_parts","phone":"+1-703-845-7000","website":"https://www.factorymotorparts.com/","housenumber":"3439","street":"Carlin Springs Road","city":"Falls Church","postcode":"22041"}},{"type":"Feature","geometry":{"type":"Point","coordinates":[-77.12255,38.85045]},"properties":{"id":"node/14236112151","name":"Pho Supplies Inc.","group":"shopping","category":"shop=wholesale","phone":"+1-703-532-4030","housenumber":"3435","street":"Carlin Springs Road","city":"Falls Church","postcode":"22041"}},{"type":"Feature","geometry":{"type":"Point","coordinates":[-77.12338,38.84671]},"properties":{"id":"node/14236121630","name":"Malisa Beauty Salon","group":"personal_care","category":"shop=beauty","street":"Leesburg Pike","city":"Falls Church","postcode":"22041"}},{"type":"Feature","geometry":{"type":"Point","coordinates":[-77.12331,38.84678]},"properties":{"id":"node/14236121631","name":"The Vault Jewelry and Loan","group":"services","category":"shop=pawnbroker","street":"Leesburg Pike","city":"Falls Church","postcode":"22041"}},{"type":"Feature","geometry":{"type":"Point","coordinates":[-77.12326,38.84683]},"properties":{"id":"node/14236121632","name":"Filipino Global","group":"groceries","category":"shop=convenience","housenumber":"5509","street":"Leesburg Pike","city":"Falls Church","postcode":"22041"}},{"type":"Feature","geometry":{"type":"Point","coordinates":[-77.12322,38.84688]},"properties":{"id":"node/14236121633","name":"Smoke Shop","group":"shopping","category":"shop=tobacco","street":"Leesburg Pike","city":"Falls Church","postcode":"22041"}},{"type":"Feature","geometry":{"type":"Point","coordinates":[-77.12316,38.84693]},"properties":{"id":"node/14236121634","name":"America's Best Wings","group":"food","category":"amenity=fast_food","cuisine":"wings","housenumber":"5505","street":"Leesburg Pike","city":"Falls Church","postcode":"22041"}},{"type":"Feature","geometry":{"type":"Point","coordinates":[-77.11997,38.84928]},"properties":{"id":"node/14236163061","name":"168 Nail Supply Wholesale & Retail","group":"shopping","category":"shop=wholesale","housenumber":"3512","street":"South Jefferson Street","city":"Falls Church","postcode":"22041"}},{"type":"Feature","geometry":{"type":"Point","coordinates":[-77.12007,38.84898]},"properties":{"id":"node/14236163062","name":"KC Beauty","group":"personal_care","category":"shop=beauty","website":"https://www.kcbeautymartinc.com/locations-1","housenumber":"3524","street":"South Jefferson Street","city":"Falls Church","postcode":"22041"}},{"type":"Feature","geometry":{"type":"Point","coordinates":[-77.12042,38.84793]},"properties":{"id":"node/14236163063","name":"The Nails Spa","group":"personal_care","category":"shop=beauty","housenumber":"3544","street":"South Jefferson Street","city":"Falls Church","postcode":"22041"}},{"type":"Feature","geometry":{"type":"Point","coordinates":[-77.12086,38.84788]},"properties":{"id":"node/14236163065","name":"Quickway Japanese Hibachi","group":"food","category":"amenity=fast_food","cuisine":"japanese","housenumber":"3556","street":"South Jefferson Street","city":"Falls Church","postcode":"22041"}},{"type":"Feature","geometry":{"type":"Point","coordinates":[-77.13254,38.85259]},"properties":{"id":"node/14241048420","name":"Vale's Hair Salon","group":"personal_care","category":"shop=hairdresser","street":"Payne Street","city":"Falls Church","postcode":"22041"}},{"type":"Feature","geometry":{"type":"Point","coordinates":[-77.13249,38.85264]},"properties":{"id":"node/14241048421","name":"El Compadre Grocery","group":"groceries","category":"shop=supermarket","housenumber":"3409","street":"Payne Street","city":"Falls Church","postcode":"22041"}},{"type":"Feature","geometry":{"type":"Point","coordinates":[-77.13242,38.85273]},"properties":{"id":"node/14241048423","name":"Bread & Kabob","group":"food","category":"amenity=fast_food","cuisine":"middle_eastern","housenumber":"3407","street":"Payne Street","city":"Falls Church","postcode":"22041"}},{"type":"Feature","geometry":{"type":"Point","coordinates":[-77.13238,38.85276]},"properties":{"id":"node/14241048424","name":"Halal Mart","group":"groceries","category":"shop=supermarket","housenumber":"3407","street":"Payne Street","city":"Falls Church","postcode":"22041"}},{"type":"Feature","geometry":{"type":"Point","coordinates":[-77.13231,38.85282]},"properties":{"id":"node/14241048425","name":"The Red Bird Hot Chicken & Fries","group":"food","category":"amenity=fast_food","housenumber":"3405","street":"Payne Street","city":"Falls Church","postcode":"22041"}},{"type":"Feature","geometry":{"type":"Point","coordinates":[-77.13223,38.85289]},"properties":{"id":"node/14241048426","name":"Macca Halal Meat","group":"groceries","category":"shop=butcher","housenumber":"3403","street":"Payne Street","city":"Falls Church","postcode":"22041"}},{"type":"Feature","geometry":{"type":"Point","coordinates":[-77.13314,38.8529]},"properties":{"id":"node/14241048428","name":"Bora Bora","group":"food","category":"amenity=fast_food","cuisine":"juice","website":"https://boraborausa.com/","housenumber":"5870","street":"Payne Street","city":"Falls Church","postcode":"22041"}},{"type":"Feature","geometry":{"type":"Point","coordinates":[-77.13408,38.85333]},"properties":{"id":"node/14241048429","name":"Duangrat's","group":"food","category":"amenity=restaurant","cuisine":"thai","website":"https://www.duangrats.com/","housenumber":"5878","street":"Leesburg Pike","city":"Falls Church","postcode":"22041"}},{"type":"Feature","geometry":{"type":"Point","coordinates":[-77.13435,38.8539]},"properties":{"id":"node/14241048435","name":"Aphrodite Greek Imports","group":"food","category":"shop=deli","website":"https://www.aphroditegreek.com/","housenumber":"5886","street":"Leesburg Pike","city":"Falls Church","postcode":"22041"}},{"type":"Feature","geometry":{"type":"Point","coordinates":[-77.13735,38.85508]},"properties":{"id":"node/14241066593","name":"Dawson's Auto Care","group":"services","category":"shop=car_repair","housenumber":"5930","street":"Leesburg Pike","city":"Falls Church","postcode":"22041"}},{"type":"Feature","geometry":{"type":"Point","coordinates":[-77.1353,38.85427]},"properties":{"id":"node/14241080801","name":"Masa Jewelry","group":"shopping","category":"shop=jewelry","housenumber":"5900","street":"Leesburg Pike","city":"Falls Church","postcode":"22041"}},{"type":"Feature","geometry":{"type":"Point","coordinates":[-77.13547,38.85433]},"properties":{"id":"node/14241080802","name":"Hunan Village","group":"food","category":"amenity=restaurant","cuisine":"asian","housenumber":"5904","street":"Leesburg Pike","city":"Falls Church","postcode":"22041"}},{"type":"Feature","geometry":{"type":"Point","coordinates":[-77.13564,38.85442]},"properties":{"id":"node/14241080805","name":"San Miguel Market","group":"groceries","category":"shop=supermarket","housenumber":"5900","street":"Leesburg Pike","city":"Falls Church","postcode":"22041"}},{"type":"Feature","geometry":{"type":"Point","coordinates":[-77.1357,38.85448]},"properties":{"id":"node/14241080810","name":"San Miguel Cafe","group":"food","category":"amenity=cafe","cuisine":"salvadoran","phone":"+1-703-933-0688","housenumber":"5908","street":"Leesburg Pike","city":"Falls Church","postcode":"22041"}},{"type":"Feature","geometry":{"type":"Point","coordinates":[-77.1358,38.85458]},"properties":{"id":"node/14241080811","name":"Halalco","group":"groceries","category":"shop=supermarket","housenumber":"5910","street":"Leesburg Pike","city":"Falls Church","postcode":"22041"}},{"type":"Feature","geometry":{"type":"Point","coordinates":[-77.13593,38.85465]},"properties":{"id":"node/14241080812","name":"Rick's Tattoos","group":"personal_care","category":"shop=tattoo","housenumber":"5912","street":"Leesburg Pike","city":"Falls Church","postcode":"22041"}},{"type":"Feature","geometry":{"type":"Point","coordinates":[-77.13604,38.85472]},"properties":{"id":"node/14241080813","name":"Mama's Laundromat","group":"services","category":"shop=laundry","housenumber":"5914","street":"Leesburg Pike","city":"Falls Church","postcode":"22041"}},{"type":"Feature","geometry":{"type":"Point","coordinates":[-77.13615,38.85477]},"properties":{"id":"node/14241080815","name":"Super Dollar","group":"groceries","category":"shop=variety_store","housenumber":"5918","street":"Leesburg Pike","city":"Falls Church","postcode":"22041"}},{"type":"Feature","geometry":{"type":"Point","coordinates":[-77.20983,38.83376]},"properties":{"id":"way/51511654","name":"Ye Chon Restaurant","group":"food","category":"amenity=restaurant","cuisine":"asian","hours":"24/7","phone":"+1 703-914-4646","website":"http://www.yechon.com","housenumber":"4121","street":"Hummer Road","city":"Annandale","postcode":"22003"}},{"type":"Feature","geometry":{"type":"Point","coordinates":[-77.15588,38.87147]},"properties":{"id":"way/72596028","name":"Seven Corners Laundromat","group":"services","category":"shop=laundry","hours":"24/7","housenumber":"6333","street":"Leesburg Pike","city":"Falls Church","postcode":"22044"}},{"type":"Feature","geometry":{"type":"Point","coordinates":[-77.15831,38.87197]},"properties":{"id":"way/72596041","name":"Legacy Tire Co.","group":"services","category":"shop=car_repair","hours":"Mo-Fr 08:30-18:00, Sa 08:30-17:00","phone":"+1-571-378-0165","website":"https://www.legacytirecompany.com/","housenumber":"6325","street":"Arlington Boulevard","city":"Falls Church"}},{"type":"Feature","geometry":{"type":"Point","coordinates":[-77.1534,38.87467]},"properties":{"id":"way/72596046","name":"Good Fortune Supermarket","group":"groceries","category":"shop=supermarket","cuisine":"asian","phone":"+1 571-830-6668","website":"http://www.goodfortunesupermarket.com/desktop.php","housenumber":"6751","street":"Wilson Boulevard","city":"Falls Church","postcode":"22044"}},{"type":"Feature","geometry":{"type":"Point","coordinates":[-77.15791,38.87286]},"properties":{"id":"way/72596116","name":"Pistone\u2019s Italian Inn","group":"food","category":"amenity=restaurant","cuisine":"italian","phone":"+1-703-533-1885","website":"https://www.pistoneitalianinn.com/","housenumber":"6320","street":"Arlington Boulevard","city":"Falls Church","postcode":"22044"}},{"type":"Feature","geometry":{"type":"Point","coordinates":[-77.15503,38.87029]},"properties":{"id":"way/72596139","name":"Seven Corners Sunoco","group":"services","category":"shop=car_repair","phone":"+1-703-534-1808","website":"https://www.sevencornerssunoco.com/","housenumber":"6301","street":"Leesburg Pike","city":"Falls Church","postcode":"22044"}},{"type":"Feature","geometry":{"type":"Point","coordinates":[-77.15453,38.87118]},"properties":{"id":"way/72596143","name":"Bawadi Mediterranean Grill","group":"food","category":"amenity=restaurant","cuisine":"middle_eastern","housenumber":"6304","street":"Leesburg Pike","city":"Falls Church","postcode":"22044"}},{"type":"Feature","geometry":{"type":"Point","coordinates":[-77.12591,38.85118]},"properties":{"id":"way/72646692","name":"Desi Bazar","group":"groceries","category":"shop=supermarket","street":"Columbia Pike"}},{"type":"Feature","geometry":{"type":"Point","coordinates":[-77.14095,38.88566]},"properties":{"id":"way/87483654","name":"Westover Market","group":"groceries","category":"shop=convenience","phone":"+1 703-536-5040","website":"http://www.westovermarketbeergarden.com/","housenumber":"5863","street":"Washington Boulevard","city":"Arlington","postcode":"22205"}},{"type":"Feature","geometry":{"type":"Point","coordinates":[-77.14992,38.70554]},"properties":{"id":"way/109579107","name":"Automotive Skills Center (1462)","group":"services","category":"shop=car_repair","hours":"We-Fr 12:00-20:00; Sa-Su 09:00-17:00","phone":"+1 703-806-4088","housenumber":"9290","street":"Gunston Road","city":"Fort Belvoir","postcode":"22060"}},{"type":"Feature","geometry":{"type":"Point","coordinates":[-77.18308,38.79489]},"properties":{"id":"way/111601994","name":"Fresh World","group":"groceries","category":"shop=supermarket","phone":"+1 703-256-5201","housenumber":"6901","street":"Hechinger Drive","city":"Springfield","postcode":"22151"}},{"type":"Feature","geometry":{"type":"Point","coordinates":[-77.14958,38.72317]},"properties":{"id":"way/123084595","name":"Commissary","group":"groceries","category":"shop=supermarket","hours":"Mo-Fr 09:00-21:00; Sa 08:00-20:00; Su 09:00-19:00","phone":"+1 703-806-6674","website":"https://www.commissaries.com/shopping/store-locations/fort-belvoir","housenumber":"6050","street":"Gorgas Road","city":"Fort Belvoir","postcode":"22060"}},{"type":"Feature","geometry":{"type":"Point","coordinates":[-77.15219,38.72059]},"properties":{"id":"way/123084627","name":"Class Six with Gas Station","group":"groceries","category":"shop=convenience","hours":"Mo-Fr 06:00-22:00; Sa 07:30-22:00; Su 08:00-21:00","city":"Fort Belvoir","postcode":"22060"}},{"type":"Feature","geometry":{"type":"Point","coordinates":[-77.14384,38.6957]},"properties":{"id":"way/133646019","name":"Military Clothing Sales","group":"shopping","category":"shop=clothes","hours":"Mo,We,Fr 09:00-18:00;Tu,Th 09:00-18:30;Sa 09:00-17:00;Su off","phone":"+1-703-805-2574","website":"https://www.belvoir.army.mil/aafes/6.asp"}},{"type":"Feature","geometry":{"type":"Point","coordinates":[-77.0843,38.75037]},"properties":{"id":"way/140087750","name":"Della J's","group":"food","category":"amenity=restaurant","cuisine":"southern","housenumber":"7692","street":"Richmond Highway","postcode":"22306"}},{"type":"Feature","geometry":{"type":"Point","coordinates":[-77.19416,38.83162]},"properties":{"id":"way/152439054","name":"Honey Pig Restaurant","group":"food","category":"amenity=restaurant","cuisine":"barbecue;korean","hours":"Su-Th 10:00-02:00; Fr-Sa 10:00-04:00","phone":"+1 703-256-5229","website":"https://www.honeypigbbq.com/annandale/","housenumber":"7220","street":"Columbia Pike","city":"Annandale","postcode":"22003"}},{"type":"Feature","geometry":{"type":"Point","coordinates":[-77.17803,38.88648]},"properties":{"id":"way/203019713","name":"Grace Nails & Spa","group":"personal_care","category":"shop=hairdresser","phone":"+1-703-534-0313","website":"https://gracenailsnspa.com/","housenumber":"511","street":"West Broad Street","city":"Falls Church","postcode":"22046"}},{"type":"Feature","geometry":{"type":"Point","coordinates":[-77.17992,38.8875]},"properties":{"id":"way/203020006","name":"Design Frames","group":"shopping","category":"shop=frame","housenumber":"715","street":"West Broad Street","city":"Falls Church","postcode":"22046"}},{"type":"Feature","geometry":{"type":"Point","coordinates":[-77.17261,38.8835]},"properties":{"id":"way/206777337","name":"Pho 88","group":"food","category":"amenity=restaurant","cuisine":"vietnamese","hours":"We,Th,Su,Mo 10:30-21:30; Fr,Sa 10:30-22:00","phone":"+1-703-533-8233","website":"http://www.pho88va.com","housenumber":"232","street":"West Broad Street","city":"Falls Church","postcode":"22046"}},{"type":"Feature","geometry":{"type":"Point","coordinates":[-77.17287,38.88367]},"properties":{"id":"way/206777338","name":"Father & Son Barbershop","group":"personal_care","category":"shop=hairdresser","hours":"Mo-Fr 09:00-18:30; Sa 08:00-17:00; Su 10:00-16:00","housenumber":"242","street":"West Broad Street","city":"Falls Church","postcode":"22046"}},{"type":"Feature","geometry":{"type":"Point","coordinates":[-77.17277,38.8836]},"properties":{"id":"way/206777339","name":"Manekineko Japanese Restaurant","group":"food","category":"amenity=restaurant","cuisine":"sushi;japanese","hours":"Mo-Fr 11:30-14:30, Sa,Su 12:00-14:30, Mo-Su 17:00-21:00","phone":"+1-703-534-8666","website":"http://mneko.com/","housenumber":"238","street":"West Broad Street","city":"Falls Church","postcode":"22046"}},{"type":"Feature","geometry":{"type":"Point","coordinates":[-77.17299,38.88374]},"properties":{"id":"way/206777342","name":"Lemon Lane Children's Consignment","group":"shopping","category":"shop=second_hand","hours":"Tu-Sa 10:00-17:00; Su 12:00-16:00","housenumber":"246","street":"West Broad Street","city":"Falls Church","postcode":"22046"}},{"type":"Feature","geometry":{"type":"Point","coordinates":[-77.17269,38.88355]},"properties":{"id":"way/206777349","name":"Doodlehopper 4 Kids","group":"shopping","category":"shop=toys","hours":"Mo-Th 10:00-18:00; Fr 10:00-19:00; Sa 09:30-18:00; Su 11:00-17:00","housenumber":"234","street":"West Broad Street","city":"Falls Church","postcode":"22046"}},{"type":"Feature","geometry":{"type":"Point","coordinates":[-77.17254,38.88291]},"properties":{"id":"way/206777758","name":"Matt's Tailor & Bridal Boutique","group":"services","category":"shop=tailor","housenumber":"201","street":"West Broad Street","city":"Falls Church","postcode":"22046"}},{"type":"Feature","geometry":{"type":"Point","coordinates":[-77.17179,38.88301]},"properties":{"id":"way/206778316","name":"Hunan Cafe","group":"food","category":"amenity=restaurant","cuisine":"chinese","hours":"Tu-Th 11:00-21:30; Fr,Sa 11:00-22:00; Su 12:00-21:30","phone":"+1-703-533-8704","website":"http://hunancafefallschurchva.com","housenumber":"126","street":"West Broad Street","city":"Falls Church","postcode":"22046"}},{"type":"Feature","geometry":{"type":"Point","coordinates":[-77.17024,38.88259]},"properties":{"id":"way/207123272","name":"Thompson Italian","group":"food","category":"amenity=restaurant","cuisine":"italian","phone":"+1 703-269-0893","website":"https://thompsonitalian.com/","housenumber":"124","street":"North Washington Street","city":"Falls Church","postcode":"22046"}},{"type":"Feature","geometry":{"type":"Point","coordinates":[-77.17294,38.87913]},"properties":{"id":"way/207123280","name":"Hillwood Mart","group":"services","category":"shop=car_repair","phone":"+1 703 532 0513","housenumber":"100","street":"Hillwood Avenue","city":"Falls Church","postcode":"22046"}},{"type":"Feature","geometry":{"type":"Point","coordinates":[-77.17302,38.87881]},"properties":{"id":"way/207123284","name":"Studios @ 307","group":"services","category":"craft=atelier","phone":"+1-703-534-4202","website":"https://www.studiosat307.com/","housenumber":"307","street":"East Annandale Road","city":"Falls Church","postcode":"22046"}},{"type":"Feature","geometry":{"type":"Point","coordinates":[-77.17103,38.87842]},"properties":{"id":"way/207123290","name":"vacant","group":"food","category":"amenity=restaurant","hours":"closed","housenumber":"306","street":"Hillwood Avenue","city":"Falls Church","postcode":"22046"}},{"type":"Feature","geometry":{"type":"Point","coordinates":[-77.17106,38.87896]},"properties":{"id":"way/207123333","name":"United Imports LLC","group":"shopping","category":"shop=car","website":"https://www.ucarsllc.com/","housenumber":"201","street":"Hillwood Avenue","city":"Falls Church","postcode":"22046"}},{"type":"Feature","geometry":{"type":"Point","coordinates":[-77.17571,38.88072]},"properties":{"id":"way/207123587","name":"Borek-G Turkish Mom's Cookin'","group":"food","category":"amenity=restaurant","cuisine":"turkish","phone":"+1 571-230-6821","website":"https://www.borekg.com/","housenumber":"315","street":"South Maple Avenue","city":"Falls Church","postcode":"22046"}},{"type":"Feature","geometry":{"type":"Point","coordinates":[-77.17376,38.87921]},"properties":{"id":"way/207123594","name":"Koons Used Cars and Trucks","group":"shopping","category":"shop=car","housenumber":"302","street":"East Annandale Road","city":"Falls Church","postcode":"22046"}},{"type":"Feature","geometry":{"type":"Point","coordinates":[-77.17411,38.87952]},"properties":{"id":"way/207123595","name":"Drive European Sales & Service","group":"services","category":"shop=car_repair","hours":"Mo-Fr 08:00-17:00","phone":"+1-703-536-4500","website":"https://driveeuropean.com/","housenumber":"30","street":"Hillwood Avenue","city":"Falls Church","postcode":"22046"}},{"type":"Feature","geometry":{"type":"Point","coordinates":[-77.18268,38.88944]},"properties":{"id":"way/207124546","name":"Jess Hair Cuts","group":"personal_care","category":"shop=hairdresser","housenumber":"909","street":"West Broad Street","city":"Falls Church","postcode":"22046"}},{"type":"Feature","geometry":{"type":"Point","coordinates":[-77.18052,38.8794]},"properties":{"id":"way/207368316","name":"Virginia Auto Repair","group":"services","category":"shop=car_repair","phone":"+1-703-533-3000","housenumber":"700","street":"South Washington Street","city":"Falls Church","postcode":"22046"}},{"type":"Feature","geometry":{"type":"Point","coordinates":[-77.17773,38.87915]},"properties":{"id":"way/207368325","name":"Sisler's Stone","group":"shopping","category":"shop=stone","hours":"Mo-Fr 07:00-16:00, Sa 07:00-13:00","phone":"+1 703-532-0169","website":"https://sislersstone.com/","housenumber":"7139","street":"Route 29","city":"Falls Church","postcode":"22046"}},{"type":"Feature","geometry":{"type":"Point","coordinates":[-77.1647,38.88606]},"properties":{"id":"way/207370937","name":"All Tune and Lube","group":"services","category":"shop=car_repair","phone":"+1 703-534-7799","housenumber":"501","street":"West Washington Street","city":"Falls Church","postcode":"22046"}},{"type":"Feature","geometry":{"type":"Point","coordinates":[-77.16412,38.88637]},"properties":{"id":"way/207370948","name":"Swedish Motor Cars, Inc.","group":"services","category":"shop=car_repair","phone":"+1 703-237-0988","website":"http://www.swedishmotorcars.com/","housenumber":"535","street":"North Washington Street","city":"Falls Church","postcode":"22046"}},{"type":"Feature","geometry":{"type":"Point","coordinates":[-77.18868,38.89399]},"properties":{"id":"way/207779313","name":"Falls Church Convenience Store","group":"groceries","category":"shop=convenience","housenumber":"1200","street":"West Broad Street","city":"Falls Church","postcode":"22046"}},{"type":"Feature","geometry":{"type":"Point","coordinates":[-77.19045,38.89428]},"properties":{"id":"way/207781058","name":"Lazy Mike\u2019s","group":"food","category":"shop=deli","phone":"+1-703-532-5299","website":"https://lazymikesdeli.com/","housenumber":"7049","street":"Leesburg Pike","city":"Falls Church","postcode":"22046"}},{"type":"Feature","geometry":{"type":"Point","coordinates":[-77.18734,38.8923]},"properties":{"id":"way/207781875","name":"Smokey's Garage","group":"services","category":"shop=car_repair","hours":"Mo-Fr 07:30-17:00, Sa 08:00-12:00","phone":"+1 703-531-1370","website":"https://smokeysgarage.com/","housenumber":"1105","street":"West Broad Street","city":"Falls Church","postcode":"22046"}},{"type":"Feature","geometry":{"type":"Point","coordinates":[-77.1787,38.87947]},"properties":{"id":"way/207822947","name":"Victory Comics","group":"shopping","category":"shop=books","hours":"Su-Fr 11:00-21:00, Sa 10:00-21:00","website":"https://victorycomics.com/","housenumber":"586","street":"South Washington Street","city":"Falls Church","postcode":"22046"}},{"type":"Feature","geometry":{"type":"Point","coordinates":[-77.1742,38.86868]},"properties":{"id":"way/207826337","name":"The Village","group":"food","category":"amenity=restaurant","cuisine":"kebab;mexican","phone":"+1-703-241-2901","housenumber":"3013","street":"Annandale Road","city":"Falls Church","postcode":"22042"}},{"type":"Feature","geometry":{"type":"Point","coordinates":[-77.14229,38.89555]},"properties":{"id":"way/207944700","name":"Maya Bistro","group":"food","category":"amenity=restaurant","cuisine":"mediterranean","hours":"Mo-Th 11:00-21:00; Fr-Sa 11:00-21:30; Su 11:00-21:00","phone":"+1 703-533-7800","website":"https://bistromaya.com/","housenumber":"5649","street":"Langston Boulevard","city":"Arlington","postcode":"22207"}},{"type":"Feature","geometry":{"type":"Point","coordinates":[-77.16353,38.88678]},"properties":{"id":"way/207944714","name":"Don Pool Mercedes - Benz Specialist","group":"services","category":"shop=car_repair","housenumber":"6917","street":"Langston Boulevard"}},{"type":"Feature","geometry":{"type":"Point","coordinates":[-77.14365,38.89516]},"properties":{"id":"way/207944721","name":"Sloppy Mama's","group":"food","category":"amenity=restaurant","cuisine":"barbecue","hours":"Mo off; Tu off; We-Sa 11:00-20:00; Su 11:00-19:00","phone":"+1 703-269-2718","website":"https://www.sloppymamas.com/","housenumber":"5731","street":"Langston Boulevard","city":"Arlington","postcode":"22207"}},{"type":"Feature","geometry":{"type":"Point","coordinates":[-77.16565,38.88629]},"properties":{"id":"way/207944722","name":"Falls Church Auto Body","group":"services","category":"shop=car_repair","phone":"+1 703-237-8166","website":"https://www.fallschurchautobody.com/","housenumber":"101","street":"West Jefferson Street","postcode":"22046"}},{"type":"Feature","geometry":{"type":"Point","coordinates":[-77.14031,38.89597]},"properties":{"id":"way/207944730","name":"A Modo Mio","group":"food","category":"amenity=restaurant","cuisine":"italian","hours":"11:00-21:00","phone":"+1-703-532-0990","website":"https://amodomiopizza.com/","housenumber":"5555","street":"Langston Boulevard","city":"Arlington","postcode":"22207-1613"}},{"type":"Feature","geometry":{"type":"Point","coordinates":[-77.13108,38.89608]},"properties":{"id":"way/207946325","name":"Bob and Edith's Diner","group":"food","category":"amenity=restaurant","cuisine":"american;breakfast;coffee_shop;diner","hours":"Fr-Sa 00:00-24:00; Tu-Th 06:00-21:45; Su-Mo 06:00-23:45","phone":"+1 703-594-0280","website":"https://www.bobandedithsdiner.com/home","housenumber":"5050","street":"Lee Highway","city":"Arlington","postcode":"22207"}},{"type":"Feature","geometry":{"type":"Point","coordinates":[-77.16248,38.88666]},"properties":{"id":"way/207951177","name":"Yayla Bistro","group":"food","category":"amenity=restaurant","cuisine":"turkish","hours":"Mo 11:00-21:30; Tu 11:00-21:00; We-Th 11:00-21:30; Fr-Sa 11:00-22:00; Su 11:00-21:30","phone":"+1 703-533-5600","website":"https://www.yaylabistro.com/","housenumber":"2205","street":"North Westmoreland Street"}},{"type":"Feature","geometry":{"type":"Point","coordinates":[-77.16265,38.88676]},"properties":{"id":"way/207951179","name":"La C\u00f4te D'Or Caf\u00e9","group":"food","category":"amenity=restaurant","cuisine":"french","hours":"We-Fr 11:30-14:30, Tu-Su 17:30-21:00, Sa,Su 11:30-14:30","website":"https://www.lacotedorarlington.com/","housenumber":"2020","street":"North Westmoreland Street"}},{"type":"Feature","geometry":{"type":"Point","coordinates":[-77.163,38.88784]},"properties":{"id":"way/207951180","name":"Cars USA","group":"shopping","category":"shop=car","phone":"+1 703-533-2211","website":"http://www.carsusava.com/","housenumber":"6847","street":"Langston Boulevard","city":"Arlington","postcode":"22213"}},{"type":"Feature","geometry":{"type":"Point","coordinates":[-77.124,38.89769]},"properties":{"id":"way/208057164","name":"KH Art Framing","group":"shopping","category":"shop=frame","phone":"+1 703-525-6132","website":"https://www.khartframing.com/","housenumber":"4745","street":"Langston Boulevard","city":"Arlington","postcode":"22207"}},{"type":"Feature","geometry":{"type":"Point","coordinates":[-77.12444,38.89744]},"properties":{"id":"way/208057204","name":"Hunan Village","group":"food","category":"amenity=restaurant","cuisine":"chinese","hours":"Mo-Th 11:00-22:00; Fr-Sa 11:00-23:00; Su 12:00-22:00","phone":"+1 703-524-9874","website":"http://www.hunanvillagerestaurant.com/","housenumber":"4775","street":"Langston Boulevard","city":"Arlington","postcode":"22207"}},{"type":"Feature","geometry":{"type":"Point","coordinates":[-77.12529,38.89674]},"properties":{"id":"way/208057223","name":"Cowboy Cafe","group":"food","category":"amenity=restaurant","cuisine":"american","hours":"Mo-Fr 11:00-02:00; Sa-Su 09:00-02:00","phone":"+1 703-243-8010","website":"https://www.thecowboycafe.com/","housenumber":"4792","street":"Langston Boulevard","city":"Arlington","postcode":"22207"}},{"type":"Feature","geometry":{"type":"Point","coordinates":[-77.12743,38.89604]},"properties":{"id":"way/208091736","name":"Heidelberg Pastry Shoppe","group":"food","category":"shop=bakery","hours":"Mo off; Tu-Fr 06:30-17:00; Sa 08:00-16:00; Su 08:00-13:00","phone":"+1 703-527-8394","website":"https://www.heidelbergbakery.com/","housenumber":"2150","street":"North Culpeper Street","city":"Arlington","postcode":"22207"}},{"type":"Feature","geometry":{"type":"Point","coordinates":[-77.12247,38.8972]},"properties":{"id":"way/208091739","name":"Ocean Shack","group":"food","category":"amenity=restaurant","cuisine":"seafood","hours":"Mo-We 16:00-24:00; Th 12:00-24:00; Fr-Sa 12:00-01:00; Su 12:00-24:00","phone":"+1-703-488-7161","website":"https://oceanshackarlington.com/","housenumber":"2163","street":"North Glebe Road","city":"Arlington","postcode":"22207"}},{"type":"Feature","geometry":{"type":"Point","coordinates":[-77.14291,38.89538]},"properties":{"id":"way/208102892","name":"Mary's Barber","group":"personal_care","category":"shop=hairdresser","phone":"+1 703-533-7574","website":"http://www.marysbarbershop.com/about.html","housenumber":"5713","street":"Langston Boulevard","city":"Arlington","postcode":"22207"}},{"type":"Feature","geometry":{"type":"Point","coordinates":[-77.14278,38.89542]},"properties":{"id":"way/208102896","name":"Garden City Florist","group":"shopping","category":"shop=florist","phone":"+1 703-533-8638","website":"https://www.gardencityfloristva.com/#","housenumber":"5707","street":"Langston Boulevard","city":"Arlington","postcode":"22207"}},{"type":"Feature","geometry":{"type":"Point","coordinates":[-77.14267,38.89545]},"properties":{"id":"way/208102899","name":"Potomac Paint & Design Centers","group":"shopping","category":"shop=paint","phone":"+1 703-534-4477","website":"https://www.potomacpaint.com/","housenumber":"5701","street":"Langston Boulevard","city":"Arlington","postcode":"22207"}},{"type":"Feature","geometry":{"type":"Point","coordinates":[-77.15569,38.90049]},"properties":{"id":"way/208127093","name":"Calico","group":"shopping","category":"shop=fabric","hours":"Mo-Sa 10:00-17:00, Su 12:00-17:00","phone":"+1-703-536-5488","website":"https://www.calicocorners.com/","housenumber":"6400","street":"Williamsburg Boulevard","city":"Arlington","postcode":"22207"}},{"type":"Feature","geometry":{"type":"Point","coordinates":[-77.17616,38.87951]},"properties":{"id":"way/208674563","name":"L & R Motors","group":"shopping","category":"shop=car","housenumber":"445","street":"South Washington Street","city":"Falls Church","postcode":"22046"}},{"type":"Feature","geometry":{"type":"Point","coordinates":[-77.16448,38.88618]},"properties":{"id":"way/209092188","name":"Euro Werks","group":"services","category":"shop=car_repair","phone":"+1 703-237-5266","website":"https://www.eurowerksva.com/","housenumber":"531","street":"North Washington Street","city":"Falls Church","postcode":"22046"}},{"type":"Feature","geometry":{"type":"Point","coordinates":[-77.17282,38.88364]},"properties":{"id":"way/209092652","name":"Lucky Thai","group":"food","category":"amenity=restaurant","cuisine":"thai","hours":"Mo-Th 11:00-22:00; Fr 11:00-22:30; Sa 11:30-22:30; Su 12:00-22:00","phone":"+1-571-405-6672","website":"https://luckythaifallschurch.com/","housenumber":"240","street":"West Broad Street","city":"Falls Church","postcode":"22046"}},{"type":"Feature","geometry":{"type":"Point","coordinates":[-77.17188,38.88306]},"properties":{"id":"way/209096661","name":"Dogwood Tavern","group":"food","category":"amenity=pub","cuisine":"american","hours":"Mo-Fr 11:00-02:00, Sa,Su 10:00-02:00","phone":"+1-703-237-8333","website":"http://www.dogwoodtavern.com","housenumber":"132","street":"West Broad Street","city":"Falls Church","postcode":"22046"}},{"type":"Feature","geometry":{"type":"Point","coordinates":[-77.1714,38.88284]},"properties":{"id":"way/209096662","name":"Hot N Juicy Crawfish","group":"food","category":"amenity=restaurant","cuisine":"crawfish;louisiana","hours":"Su 11:30-22:00, Mo-Th 12:00-22:00, Fr 12:00-23:00, Sa 11:30-23:00","phone":"+1-703-992-8700","website":"https://www.hotnjuicycrawfish.com/locations-2/falls-church-va","housenumber":"116","street":"West Broad Street","city":"Falls Church","postcode":"22046"}},{"type":"Feature","geometry":{"type":"Point","coordinates":[-77.1748,38.88523]},"properties":{"id":"way/209118303","name":"The Falls","group":"food","category":"amenity=restaurant","cuisine":"barbecue","hours":"Mo-Th 11:30-15:00,17:00-21:00; Fr 11:30-15:00,17:00-22:00; Sa 10:00-15:00,17:00-22:00; Su 10:00-15:00,17:00-21:00","phone":"+1-703-237-8227","website":"https://www.thefallsva.com/","housenumber":"370","street":"West Broad Street","city":"Falls Church","postcode":"22046"}},{"type":"Feature","geometry":{"type":"Point","coordinates":[-77.1333,38.89665]},"properties":{"id":"way/210293138","name":"Caribbean Grill","group":"food","category":"amenity=fast_food","cuisine":"jamaican","hours":"Mo-Sa 11:00-20:00; Su off","phone":"+1 703-241-8947","website":"http://www.thecaribbeangrill.com/","housenumber":"5183","street":"Langston Boulevard","city":"Arlington","postcode":"22207"}},{"type":"Feature","geometry":{"type":"Point","coordinates":[-77.1332,38.89666]},"properties":{"id":"way/210293139","name":"Reed's Custom Tailors","group":"services","category":"shop=tailor","phone":"+1 703-532-1112","website":"https://reedstailors.com/","housenumber":"5179","street":"Langston Boulevard","city":"Arlington","postcode":"22207"}},{"type":"Feature","geometry":{"type":"Point","coordinates":[-77.12399,38.87733]},"properties":{"id":"way/210519817","name":"Urban Farmhouse Gift Shop","group":"shopping","category":"shop=gift","housenumber":"5140","street":"Wilson Boulevard","postcode":"22205"}},{"type":"Feature","geometry":{"type":"Point","coordinates":[-77.12288,38.89807]},"properties":{"id":"way/213286030","name":"Metro 29 Diner","group":"food","category":"amenity=restaurant","cuisine":"diner","hours":"Mo-Su 06:00-22:00","phone":"+1-703-528-2464","website":"https://www.metro29diner.com/","housenumber":"4711","street":"Langston Boulevard","city":"Arlington","postcode":"22207"}},{"type":"Feature","geometry":{"type":"Point","coordinates":[-77.12263,38.81205]},"properties":{"id":"way/220298039","name":"Duke Auto Repair & Service","group":"services","category":"shop=car_repair","phone":"+1-703-212-0608","housenumber":"5220","street":"Duke Street","city":"Alexandria","postcode":"22304"}},{"type":"Feature","geometry":{"type":"Point","coordinates":[-77.19649,38.83011]},"properties":{"id":"way/220417647","name":"Han Gang Korean Cuisine","group":"food","category":"amenity=restaurant","cuisine":"korean","housenumber":"7233","street":"Little River Turnpike","postcode":"22003"}},{"type":"Feature","geometry":{"type":"Point","coordinates":[-77.12439,38.84721]},"properties":{"id":"way/223311549","name":"FoodStar","group":"groceries","category":"shop=supermarket","housenumber":"5521","street":"Leesburg Pike","city":"Falls Church"}},{"type":"Feature","geometry":{"type":"Point","coordinates":[-77.14272,38.84417]},"properties":{"id":"way/223314947","name":"Americana Grocery","group":"groceries","category":"shop=supermarket","housenumber":"6128","street":"Columbia Pike","city":"Falls Church","postcode":"22041"}},{"type":"Feature","geometry":{"type":"Point","coordinates":[-77.0799,38.77976]},"properties":{"id":"way/224179693","name":"El Pollo Ranchero","group":"food","category":"amenity=restaurant","cuisine":"mexican","housenumber":"6324","street":"Richmond Highway","city":"Alexandria","postcode":"22306"}},{"type":"Feature","geometry":{"type":"Point","coordinates":[-77.07986,38.78044]},"properties":{"id":"way/224179695","name":"Uncle C's","group":"food","category":"amenity=fast_food","cuisine":"chicken","housenumber":"6308","street":"Richmond Highway","city":"Alexandria","postcode":"22306"}},{"type":"Feature","geometry":{"type":"Point","coordinates":[-77.06312,38.79034]},"properties":{"id":"way/228145195","name":"Flavor Hive","group":"food","category":"amenity=restaurant","cuisine":"mediterranean","housenumber":"5928","street":"Richmond Highway","postcode":"22303"}},{"type":"Feature","geometry":{"type":"Point","coordinates":[-77.084,38.74203]},"properties":{"id":"way/228775657","name":"Prime Thrift Virginia","group":"shopping","category":"shop=charity","housenumber":"3115","street":"Sherwood Hall Lane","postcode":"22306"}},{"type":"Feature","geometry":{"type":"Point","coordinates":[-77.17713,38.88682]},"properties":{"id":"way/231661988","name":"Spectrum Cleaners","group":"services","category":"shop=dry_cleaning","housenumber":"450","street":"West Broad Street"}},{"type":"Feature","geometry":{"type":"Point","coordinates":[-77.17848,38.88745]},"properties":{"id":"way/232135150","name":"Hair and Nail Boutique","group":"personal_care","category":"shop=beauty","housenumber":"502","street":"West Broad Street","city":"Falls Church","postcode":"22046"}},{"type":"Feature","geometry":{"type":"Point","coordinates":[-77.18011,38.8883]},"properties":{"id":"way/232192273","name":"Sfizi Cafe","group":"food","category":"amenity=restaurant","cuisine":"italian","phone":"+1-703-533-1191","website":"https://www.sfizi.com/","housenumber":"800","street":"West Broad Street","city":"Falls Church","postcode":"22046"}},{"type":"Feature","geometry":{"type":"Point","coordinates":[-77.05674,38.74253]},"properties":{"id":"way/232847018","name":"Hollin Hall Automotive","group":"services","category":"shop=car_repair","housenumber":"7926","street":"Fort Hunt Road","postcode":"22308"}},{"type":"Feature","geometry":{"type":"Point","coordinates":[-77.07324,38.77331]},"properties":{"id":"way/232849034","name":"Concessions","group":"food","category":"amenity=fast_food","housenumber":"6624","street":"Quander Road","postcode":"22307"}},{"type":"Feature","geometry":{"type":"Point","coordinates":[-77.14096,38.85564]},"properties":{"id":"way/236345107","name":"Ummah Market & Cafe","group":"groceries","category":"shop=supermarket","hours":"Su-Sa 09:00-21:00","phone":"+1-202-999-7993","website":"https://www.ummah.market/","housenumber":"6053","street":"Leesburg Pike","city":"Falls Church"}},{"type":"Feature","geometry":{"type":"Point","coordinates":[-77.19156,38.83189]},"properties":{"id":"way/237319443","name":"Annandale Automotive Service","group":"services","category":"shop=car_repair","phone":"+1-703-941-8308","website":"https://www.annandale-citgo.com/","housenumber":"7131","street":"Columbia Pike","city":"Annandale","postcode":"22003"}},{"type":"Feature","geometry":{"type":"Point","coordinates":[-77.15494,38.83685]},"properties":{"id":"way/237472337","name":"Glory Days Grille","group":"food","category":"amenity=restaurant","website":"https://www.glorydaysgrill.com/locations/virginia/barcroft-plaza/"}},{"type":"Feature","geometry":{"type":"Point","coordinates":[-77.175,38.87389]},"properties":{"id":"way/238528938","name":"nvfs Thrift Shop","group":"shopping","category":"shop=second_hand","hours":"Tu-Su 10:00-18:00","phone":"+1-703-237-1910","website":"https://www.nvfs.org/support/thrift/","housenumber":"2860","street":"Annandale Road","city":"Falls Church","postcode":"22042"}},{"type":"Feature","geometry":{"type":"Point","coordinates":[-77.1751,38.8733]},"properties":{"id":"way/238528939","name":"J & H Aitcheson","group":"shopping","category":"shop=hardware","housenumber":"2908","street":"Annandale Road","city":"Falls Church"}},{"type":"Feature","geometry":{"type":"Point","coordinates":[-77.17516,38.8724]},"properties":{"id":"way/238528945","name":"La Granja de Oro","group":"food","category":"amenity=restaurant","housenumber":"2920","street":"Annandale Road","city":"Falls Church","postcode":"22042"}},{"type":"Feature","geometry":{"type":"Point","coordinates":[-77.17157,38.87079]},"properties":{"id":"way/238529261","name":"Best Cleaners","group":"services","category":"shop=dry_cleaning","housenumber":"6610","street":"Arlington Boulevard","city":"Falls Church","postcode":"22042"}},{"type":"Feature","geometry":{"type":"Point","coordinates":[-77.19755,38.83102]},"properties":{"id":"way/238970972","name":"Chicken Pollo","group":"food","category":"amenity=restaurant"}},{"type":"Feature","geometry":{"type":"Point","coordinates":[-77.19806,38.83041]},"properties":{"id":"way/238970975","name":"El Habenero","group":"food","category":"amenity=restaurant","housenumber":"7321","street":"Little River Turnpike","postcode":"22003"}},{"type":"Feature","geometry":{"type":"Point","coordinates":[-77.19877,38.8302]},"properties":{"id":"way/238973710","name":"Massage and Nail Salon","group":"personal_care","category":"shop=massage","housenumber":"7331","street":"Little River Turnpike","postcode":"22003"}},{"type":"Feature","geometry":{"type":"Point","coordinates":[-77.19504,38.82952]},"properties":{"id":"way/238974221","name":"Sorak Garden Restaurant","group":"food","category":"amenity=restaurant","cuisine":"korean","hours":"Su-Th 11:30-22:30; Fr,Sa 11:30-23:00","housenumber":"4308","street":"Backlick Road","postcode":"22003"}},{"type":"Feature","geometry":{"type":"Point","coordinates":[-77.1761,38.93466]},"properties":{"id":"way/239273033","name":"McLean Cleaners","group":"services","category":"shop=dry_cleaning","hours":"Mo-Fr 07:30-18:30; Sa 08:00-16:00","housenumber":"1407","street":"Chain Bridge Road"}},{"type":"Feature","geometry":{"type":"Point","coordinates":[-77.17541,38.93548]},"properties":{"id":"way/239273038","name":"Craftsman Auto Care","group":"services","category":"shop=car_repair","hours":"Mo-Fr 07:00-18:00; Sa 08:00-16:00","phone":"+1-571-556-9747","website":"https://craftsmanautocare.com/","housenumber":"1387","street":"Chain Bridge Road","city":"McLean","postcode":"22101"}},{"type":"Feature","geometry":{"type":"Point","coordinates":[-77.17935,38.93359]},"properties":{"id":"way/239273340","name":"Diamond Creations","group":"shopping","category":"shop=jewelry","hours":"Mo-Fr 10:00-19:00, Sa 10:00-18:00","housenumber":"6809","street":"Redmond Drive"}},{"type":"Feature","geometry":{"type":"Point","coordinates":[-77.20998,38.83355]},"properties":{"id":"way/241300246","name":"Breeze Bakery","group":"food","category":"amenity=cafe","cuisine":"korean","hours":"Su-Th 07:00-24:00; Fr,Sa 07:00-02:00","phone":"+1 703-462-9093","website":"https://www.breezebakery.com/","housenumber":"4125","street":"Hummer Road","city":"Annandale","postcode":"22003"}},{"type":"Feature","geometry":{"type":"Point","coordinates":[-77.13544,38.84817]},"properties":{"id":"way/241740642","name":"La Paz","group":"food","category":"amenity=restaurant","cuisine":"mexican","housenumber":"5900","street":"Columbia Pike","city":"Falls Church","postcode":"22041"}},{"type":"Feature","geometry":{"type":"Point","coordinates":[-77.14224,38.84407]},"properties":{"id":"way/245743286","name":"Lee's Auto Center","group":"services","category":"shop=car_repair","hours":"Mo-Fr 08:00-18:30, Sa 08:00-15:30","phone":"+1-703-931-2508","housenumber":"6116","street":"Columbia Pike","city":"Falls Church","postcode":"22041"}},{"type":"Feature","geometry":{"type":"Point","coordinates":[-77.17986,38.88746]},"properties":{"id":"way/256631390","name":"Space Bar","group":"food","category":"amenity=restaurant","cuisine":"sandwich","hours":"Su-Th 17:00-24:00; Fr,Sa 17:00-02:00","phone":"+1-703-992-0777","website":"http://www.spcbr.com","housenumber":"709","street":"West Broad Street","city":"Falls Church","postcode":"22046"}},{"type":"Feature","geometry":{"type":"Point","coordinates":[-77.14467,38.81914]},"properties":{"id":"way/260553697","name":"Turnpike Auto Service","group":"shopping","category":"shop=car","phone":"+1-703-642-9100","housenumber":"6304","street":"Little River Turnpike","postcode":"22312"}},{"type":"Feature","geometry":{"type":"Point","coordinates":[-77.14542,38.81921]},"properties":{"id":"way/260553700","name":"Barnside Diner","group":"food","category":"amenity=restaurant","cuisine":"breakfast","hours":"Mo-Su 07:00-15:00","phone":"+1-703-256-3318","website":"https://orderbarnsidediner.com/","housenumber":"6306","street":"Little River Turnpike","postcode":"22312"}},{"type":"Feature","geometry":{"type":"Point","coordinates":[-77.12808,38.87668]},"properties":{"id":"way/262949474","name":"La Union Restaraunt","group":"food","category":"amenity=restaurant","cuisine":"salvadoran","hours":"Mo-Su 11:00-21:00","phone":"+1 703-522-0134","website":"https://www.launionrestaurant.com/","housenumber":"5517","street":"Wilson Boulevard","city":"Arlington","postcode":"22205"}},{"type":"Feature","geometry":{"type":"Point","coordinates":[-77.19688,38.86484]},"properties":{"id":"way/282276570","name":"Celebrity Delly","group":"food","category":"amenity=restaurant","cuisine":"sandwich","hours":"Mo-Sa 09:00-20:00; Su 09:00-15:00","phone":"+1-703-573-9002","website":"https://www.celebritydeliva.com/","housenumber":"7263","street":"Arlington Boulevard","city":"Falls Church"}},{"type":"Feature","geometry":{"type":"Point","coordinates":[-77.19689,38.86497]},"properties":{"id":"way/282276741","name":"Loehmann's Plaza Barber and Stylist","group":"personal_care","category":"shop=hairdresser","phone":"+1-571-282-4027","housenumber":"7263","street":"Arlington Boulevard","city":"Falls Church"}},{"type":"Feature","geometry":{"type":"Point","coordinates":[-77.19691,38.86524]},"properties":{"id":"way/282277312","name":"Latino Chicken Place","group":"food","category":"amenity=restaurant","cuisine":"mexican","housenumber":"7263","street":"Arlington Boulevard","city":"Falls Church"}},{"type":"Feature","geometry":{"type":"Point","coordinates":[-77.19692,38.8653]},"properties":{"id":"way/282277359","name":"Pho 50","group":"food","category":"amenity=restaurant","cuisine":"vietnamese","housenumber":"7263","street":"Arlington Boulevard","city":"Falls Church"}},{"type":"Feature","geometry":{"type":"Point","coordinates":[-77.19687,38.8645]},"properties":{"id":"way/282284647","name":"Mavana Nails","group":"personal_care","category":"shop=beauty","housenumber":"7259","street":"Arlington Boulevard","city":"Falls Church","postcode":"22042"}},{"type":"Feature","geometry":{"type":"Point","coordinates":[-77.19626,38.86449]},"properties":{"id":"way/283787728","name":"Hair Extraordinaire","group":"personal_care","category":"shop=hairdresser","phone":"+1 703-560-8223","website":"https://www.hairxo.com/","housenumber":"7247","street":"Arlington Boulevard","city":"Falls Church"}},{"type":"Feature","geometry":{"type":"Point","coordinates":[-77.16494,38.88924]},"properties":{"id":"way/304197419","name":"Le Auto Service","group":"services","category":"shop=car_repair","housenumber":"6970","street":"Fairfax Drive"}},{"type":"Feature","geometry":{"type":"Point","coordinates":[-77.14406,38.89453]},"properties":{"id":"way/304264827","name":"New Image Hair Designs","group":"personal_care","category":"shop=hairdresser","housenumber":"5800","street":"Langston Boulevard"}},{"type":"Feature","geometry":{"type":"Point","coordinates":[-77.13129,38.89669]},"properties":{"id":"way/304294813","name":"Saira's Beauty Salon","group":"personal_care","category":"shop=beauty","phone":"+1 703-536-5777","website":"https://www.facebook.com/pages/Sairas-Hair-Salon/145009772224190","housenumber":"5117","street":"Langston Boulevard","city":"Arlington","postcode":"22207"}},{"type":"Feature","geometry":{"type":"Point","coordinates":[-77.13145,38.89669]},"properties":{"id":"way/304294827","name":"Salon Joseph","group":"personal_care","category":"shop=beauty","phone":"+1 703-532-4247","website":"https://www.joestyle1.com/","housenumber":"5121","street":"Langston Boulevard","city":"Arlington","postcode":"22207"}},{"type":"Feature","geometry":{"type":"Point","coordinates":[-77.13153,38.89667]},"properties":{"id":"way/304294832","name":"Kaphrao Express","group":"food","category":"amenity=restaurant","cuisine":"thai","hours":"Mo-Th 11:00-15:00,16:30-21:00; Fr 11:00-15:00,16:30-21:30; Sa 11:00-21:30; Su 12:00-21:00","phone":"+1 703-533-1919","website":"https://www.kaphraoexpressva.com","housenumber":"5123","street":"Langston Boulevard","city":"Arlington","postcode":"22207-1603"}},{"type":"Feature","geometry":{"type":"Point","coordinates":[-77.13161,38.89667]},"properties":{"id":"way/304294842","name":"Citipizza","group":"food","category":"amenity=restaurant","cuisine":"pizza","phone":"+1 703-534-3737","website":"http://citipizza.com/","housenumber":"5127","street":"Langston Boulevard","city":"Arlington","postcode":"22207"}},{"type":"Feature","geometry":{"type":"Point","coordinates":[-77.13171,38.89667]},"properties":{"id":"way/304294849","name":"LA Tee Shirt","group":"shopping","category":"shop=clothes","phone":"+1 703-532-7329","website":"http://www.latee-shirt.com/","housenumber":"5131","street":"Langston Boulevard","city":"Arlington","postcode":"22207"}},{"type":"Feature","geometry":{"type":"Point","coordinates":[-77.13188,38.89667]},"properties":{"id":"way/304294857","name":"Top Butcher Market","group":"groceries","category":"shop=butcher","housenumber":"5137","street":"Langston Boulevard","city":"Arlington","postcode":"22207"}},{"type":"Feature","geometry":{"type":"Point","coordinates":[-77.132,38.89667]},"properties":{"id":"way/304294860","name":"Teresa Nails & Spa","group":"personal_care","category":"shop=beauty","hours":"Mo,We,Fr 10:00-20:00; Th 10:00-19:00; Sa-Su 10:00-17:00","phone":"+1-703-682-0422","website":"https://www.nailsspaarlington.com/","housenumber":"5141","street":"Langston Boulevard","city":"Arlington","postcode":"22207"}},{"type":"Feature","geometry":{"type":"Point","coordinates":[-77.13223,38.89667]},"properties":{"id":"way/304294865","name":"Bangla Bazar","group":"groceries","category":"shop=supermarket","cuisine":"bangladeshi","phone":"+1 703-241-7040","housenumber":"5149","street":"Langston Boulevard","city":"Arlington","postcode":"22207"}},{"type":"Feature","geometry":{"type":"Point","coordinates":[-77.13239,38.89669]},"properties":{"id":"way/304294866","name":"Sonia","group":"shopping","category":"shop=jewelry","phone":"+1 703-538-5941","website":"https://www.soniajeweler.com/","housenumber":"5155","street":"Langston Boulevard"}},{"type":"Feature","geometry":{"type":"Point","coordinates":[-77.13247,38.89668]},"properties":{"id":"way/304294867","name":"Gharer Khabar","group":"food","category":"amenity=restaurant","cuisine":"bangladeshi","phone":"+1 703-973-2432","website":"https://www.arlingtongharerkhabar.com/","housenumber":"5157","street":"Langston Boulevard","city":"Arlington","postcode":"22207"}},{"type":"Feature","geometry":{"type":"Point","coordinates":[-77.13289,38.89668]},"properties":{"id":"way/304294874","name":"Deshi Spice","group":"food","category":"amenity=restaurant","cuisine":"bangladeshi","hours":"Mo-Su 11:00-22:00","phone":"+1 703-533-0077","housenumber":"5169","street":"Langston Boulevard","city":"Arlington","postcode":"22207"}},{"type":"Feature","geometry":{"type":"Point","coordinates":[-77.13299,38.89668]},"properties":{"id":"way/304294875","name":"Asia Halal Supermarket","group":"groceries","category":"shop=supermarket","housenumber":"5171;5173","street":"Langston Boulevard","city":"Arlington","postcode":"22207"}},{"type":"Feature","geometry":{"type":"Point","coordinates":[-77.13309,38.89668]},"properties":{"id":"way/304294877","name":"Flame Pizza","group":"food","category":"amenity=fast_food","cuisine":"pizza","hours":"Mo-Th 16:00-02:00, Fr-Sa 16:00-03:00, Su 16:00-24:00","phone":"+1 703-532-9110","website":"https://www.myflamepizza.com/","housenumber":"5175","street":"Langston Boulevard","city":"Arlington","postcode":"22207"}},{"type":"Feature","geometry":{"type":"Point","coordinates":[-77.13314,38.89668]},"properties":{"id":"way/304294878","name":"Lee Barber Shop","group":"personal_care","category":"shop=hairdresser","phone":"+1 703-533-0454","housenumber":"5177","street":"Langston Boulevard","city":"Arlington","postcode":"22207"}},{"type":"Feature","geometry":{"type":"Point","coordinates":[-77.12683,38.89679]},"properties":{"id":"way/304294939","name":"Japanese Auto Clinic","group":"services","category":"shop=car_repair","hours":"Mo-Fr 07:00-18:30, Sa 08:00-14:00","phone":"+1 703-528-1812","housenumber":"4831","street":"Langston Boulevard","city":"Arlington","postcode":"22207"}},{"type":"Feature","geometry":{"type":"Point","coordinates":[-77.13115,38.89665]},"properties":{"id":"way/304294940","name":"Preston's Pharmacy","group":"groceries","category":"amenity=pharmacy","hours":"Mo-Fr 08:30-19:00, Sa 08:30-16:00","phone":"+1-703-522-3412","website":"https://prestonspharmacy.com/","housenumber":"5101","street":"Langston Boulevard","city":"Arlington","postcode":"22207"}},{"type":"Feature","geometry":{"type":"Point","coordinates":[-77.12073,38.72448]},"properties":{"id":"way/313962104","name":"Chef Huang's","group":"food","category":"amenity=restaurant","cuisine":"chinese","hours":"Mo-Th 11:00-22:00; Fr-Sa 11:00-22:30; Su 11:00-22:00","website":"http://www.chefhuang.com/","housenumber":"8638","street":"Richmond Highway","city":"Alexandria","postcode":"22309"}},{"type":"Feature","geometry":{"type":"Point","coordinates":[-77.17521,38.93714]},"properties":{"id":"way/315397096","name":"Sweet Leaf Cafe","group":"food","category":"amenity=restaurant","cuisine":"regional","hours":"Mo-Sa 08:00-20:00; Su 08:00-18:00","phone":"+1-703-893-2323","website":"http://www.eatsweetleaf.com","housenumber":"1359","street":"Chain Bridge Road","city":"McLean","postcode":"22101"}},{"type":"Feature","geometry":{"type":"Point","coordinates":[-77.17514,38.9374]},"properties":{"id":"way/315397129","name":"Rocco's","group":"food","category":"amenity=restaurant","cuisine":"italian","hours":"Mo-Sa 11:00-22:00; Su 11:30-21:00","housenumber":"1357","street":"Chain Bridge Road"}},{"type":"Feature","geometry":{"type":"Point","coordinates":[-77.1817,38.93582]},"properties":{"id":"way/315414540","name":"Moby Dick House of Kabob","group":"food","category":"amenity=restaurant","cuisine":"kebab","housenumber":"6854","street":"Old Dominion Drive"}},{"type":"Feature","geometry":{"type":"Point","coordinates":[-77.17723,38.93564]},"properties":{"id":"way/315414605","name":"Hunan Express","group":"food","category":"amenity=restaurant","cuisine":"chinese","hours":"Mo off; Tu-Th 10:30-21:30; Fr-Sa 10:30-22:00; Su 11:30-21:30","phone":"+1-703-821-9000","website":"http://hunanexpressva.com","housenumber":"6732","street":"Curran Street","city":"McLean","postcode":"22101"}},{"type":"Feature","geometry":{"type":"Point","coordinates":[-77.17704,38.93494]},"properties":{"id":"way/315414621","name":"Miyagi Restaurant","group":"food","category":"amenity=restaurant","cuisine":"japanese","hours":"Mo-Fr 11:30-14:30, 17:00-21:00; Sa 05:00-21:00; Su off","phone":"+1 703-893-0116","housenumber":"6719","street":"Curran Street","city":"McLean","postcode":"22101-6049"}},{"type":"Feature","geometry":{"type":"Point","coordinates":[-77.17687,38.93535]},"properties":{"id":"way/315414636","name":"Kukje Fur USA Inc","group":"shopping","category":"shop=clothes","housenumber":"6722","street":"Curran Street"}},{"type":"Feature","geometry":{"type":"Point","coordinates":[-77.1771,38.93555]},"properties":{"id":"way/315414650","name":"Kim's Family Barber","group":"personal_care","category":"shop=hairdresser","housenumber":"6728","street":"Curran Street"}},{"type":"Feature","geometry":{"type":"Point","coordinates":[-77.17515,38.93235]},"properties":{"id":"way/319502062","name":"Art Sewing and Cleaner","group":"services","category":"shop=tailor","hours":"Mo-Fr 08:00-19:00, Sa 09:00-17:00, Su off","housenumber":"6667","street":"Old Dominion Drive"}},{"type":"Feature","geometry":{"type":"Point","coordinates":[-77.17503,38.93225]},"properties":{"id":"way/319502064","name":"King Queen Salon Day Spa","group":"personal_care","category":"shop=beauty","housenumber":"6663","street":"Old Dominion Drive"}},{"type":"Feature","geometry":{"type":"Point","coordinates":[-77.17572,38.93187]},"properties":{"id":"way/319502067","name":"Salon Sage","group":"personal_care","category":"shop=hairdresser","hours":"Mo 09:00-20:00; Tu 09:00-19:00; We 09:00-20:00; Th 09:00-20:00; Fr 09:00-19:00; Sa 08:00-17:00; Su closed","housenumber":"6716","street":"Whittier Avenue","city":"McLean","postcode":"22101"}},{"type":"Feature","geometry":{"type":"Point","coordinates":[-77.17508,38.9323]},"properties":{"id":"way/319502068","name":"Dominion Barber SHop","group":"personal_care","category":"shop=hairdresser","housenumber":"6665","street":"Old Dominion Drive"}},{"type":"Feature","geometry":{"type":"Point","coordinates":[-77.17587,38.93354]},"properties":{"id":"way/319502427","name":"The Organic Butcher of McLean","group":"groceries","category":"shop=butcher","hours":"Mo-Fr 11:00-19:00; Sa 10:00-18:00; Su 11:00-17:00","phone":"+1-703-790-8300","website":"https://www.theorganicbutcher.com","housenumber":"6712","street":"Old Dominion Drive","city":"McLean","postcode":"22101-3806"}},{"type":"Feature","geometry":{"type":"Point","coordinates":[-77.16692,38.87049]},"properties":{"id":"way/332953273","name":"Sleepy Hollow Gas & Auto Repair","group":"services","category":"shop=car_repair","phone":"+1-703-531-1870","housenumber":"6519","street":"Arlington Boulevard","city":"Falls Church","postcode":"22042"}},{"type":"Feature","geometry":{"type":"Point","coordinates":[-77.16146,38.80158]},"properties":{"id":"way/386579778","name":"Sugar Plum Thai Restaurant","group":"food","category":"amenity=restaurant","cuisine":"asian","phone":"+1-703-354-1077","housenumber":"5580","street":"Vincent Gate Terrace","city":"Alexandria","postcode":"22312"}},{"type":"Feature","geometry":{"type":"Point","coordinates":[-77.07426,38.78339]},"properties":{"id":"way/406589729","name":"El Paso","group":"food","category":"amenity=restaurant","cuisine":"mexican","hours":"Mo-Su 10:00-22:00","phone":"+1 703-768-0002","website":"https://elpasomexicanrestaurants.com/alexandriarichmondhwy/","housenumber":"6151","street":"Richmond Highway","city":"Alexandria","postcode":"22303"}},{"type":"Feature","geometry":{"type":"Point","coordinates":[-77.1836,38.88985]},"properties":{"id":"way/439089790","name":"Dominion Wine and Beer","group":"groceries","category":"shop=wine","phone":"+1-703-533-3030","website":"https://www.dominionwineandbeerstore.com/","housenumber":"107","street":"Rowell Court","city":"Falls Church","postcode":"22046"}},{"type":"Feature","geometry":{"type":"Point","coordinates":[-77.17672,38.87937]},"properties":{"id":"way/439827660","name":"Top Japanese Auto","group":"services","category":"shop=car_repair","hours":"Mo-Fr 08:00-18:00, Sa 08:30-13:30","phone":"+1 703-533-0800","website":"https://top-japanese-auto.edan.io/","housenumber":"503","street":"South Washington Street","city":"Falls Church","postcode":"22046"}},{"type":"Feature","geometry":{"type":"Point","coordinates":[-77.18487,38.80623]},"properties":{"id":"way/456090638","name":"Demane Funeral Home","group":"services","category":"shop=funeral_directors","housenumber":"5308","street":"Backlick Road","city":"Springfield","postcode":"22151"}},{"type":"Feature","geometry":{"type":"Point","coordinates":[-77.19004,38.82864]},"properties":{"id":"way/486676531","name":"Choong Hwa Won","group":"food","category":"amenity=restaurant","cuisine":"korean","phone":"+1 703-256-8006","website":"https://www.choonghwawon.com/","housenumber":"4409","street":"John Marr Drive","postcode":"22003"}},{"type":"Feature","geometry":{"type":"Point","coordinates":[-77.18525,38.80956]},"properties":{"id":"way/533114185","name":"Immanuel Christian Bookstore","group":"shopping","category":"shop=books","phone":"+1-703-354-5219","website":"https://immanuelbible.church/visit/bookstore","housenumber":"6911","street":"Braddock Road","city":"Springfield","postcode":"22151"}},{"type":"Feature","geometry":{"type":"Point","coordinates":[-77.12436,38.89747]},"properties":{"id":"way/554860985","name":"Royal Essence Skin Care & Nail Salon","group":"personal_care","category":"shop=beauty","hours":"Tu-Fr 10:00-19:00; Sa 09:00-18:00","phone":"+1 703-248-9499","website":"http://www.royalessencesalon.com/","housenumber":"4767","street":"Langston Boulevard","city":"Arlington","postcode":"22207"}},{"type":"Feature","geometry":{"type":"Point","coordinates":[-77.12429,38.8975]},"properties":{"id":"way/554860986","name":"Kool Kuts","group":"personal_care","category":"shop=hairdresser","phone":"+1 703-522-1004","website":"http://koolkuts.wixsite.com/arlington","housenumber":"4765","street":"Langston Boulevard","city":"Arlington","postcode":"22207"}},{"type":"Feature","geometry":{"type":"Point","coordinates":[-77.12423,38.89754]},"properties":{"id":"way/554860987","name":"Ruffino's Spaghetti House","group":"food","category":"amenity=restaurant","cuisine":"italian","hours":"Mo-Th 11:00-22:00; Fr-Sa 11:00-22:30; Su 11:00-22:00","phone":"+1 703-528-2242","website":"http://www.ruffinosarlington.com/","housenumber":"4763","street":"Langston Boulevard","city":"Arlington","postcode":"22207"}},{"type":"Feature","geometry":{"type":"Point","coordinates":[-77.12922,38.8066]},"properties":{"id":"way/584973663","name":"Mini U Storage","group":"services","category":"shop=storage_rental","housenumber":"500","street":"South Pickett Street","city":"Alexandria","postcode":"22304"}},{"type":"Feature","geometry":{"type":"Point","coordinates":[-77.13824,38.81822]},"properties":{"id":"way/610027174","name":"Lincolnia Automotive","group":"services","category":"shop=car_repair"}},{"type":"Feature","geometry":{"type":"Point","coordinates":[-77.1323,38.89669]},"properties":{"id":"way/611933146","name":"Charga","group":"food","category":"amenity=restaurant","cuisine":"steak_house","hours":"Mo-Th 11:00-21:00; Fr-Sa 11:00-22:00; Su 12:00-21:00","phone":"+1 703-988-6063","website":"https://www.chargagrill.com/","housenumber":"5151","street":"Langston Boulevard","city":"Arlington","postcode":"22207"}},{"type":"Feature","geometry":{"type":"Point","coordinates":[-77.12435,38.89778]},"properties":{"id":"way/615898622","name":"Millie's Tailoring & Dry Cleaning","group":"services","category":"shop=dry_cleaning","hours":"Mo-Fr 07:00-18:00; Sa 08:00-16:00","phone":"+1 703-527-7170","website":"https://www.facebook.com/pages/Millies-Tailoring-Dry-Cleaning/163174997033467","housenumber":"2222","street":"North Glebe Road","city":"Arlington"}},{"type":"Feature","geometry":{"type":"Point","coordinates":[-77.14286,38.8954]},"properties":{"id":"way/651758755","name":"Nail 2000","group":"personal_care","category":"shop=beauty","phone":"+1 703-536-0113","website":"https://www.facebook.com/pages/category/Nail-Salon/Nails-2000-203360513840/","housenumber":"5711","street":"Langston Boulevard","city":"Arlington","postcode":"22207"}},{"type":"Feature","geometry":{"type":"Point","coordinates":[-77.14212,38.8956]},"properties":{"id":"way/651782608","name":"Orchid Nail","group":"personal_care","category":"shop=beauty","housenumber":"5643","street":"Langston Boulevard","city":"Arlington","postcode":"22207"}},{"type":"Feature","geometry":{"type":"Point","coordinates":[-77.14217,38.89559]},"properties":{"id":"way/651782611","name":"Chicago's Pizza With a Twist","group":"food","category":"amenity=fast_food","cuisine":"pizza","hours":"Mo-Th 11:00-22:00; Fr-Sa 11:00-24:00; Su 11:00-22:00","phone":"+1 571-347-1700","website":"https://www.chicagospizzatwist.com/","housenumber":"5645","street":"Langston Boulevard","city":"Arlington","postcode":"22207"}},{"type":"Feature","geometry":{"type":"Point","coordinates":[-77.12385,38.89712]},"properties":{"id":"way/651798570","name":"ABW Applicances A Better Way","group":"shopping","category":"shop=appliance","phone":"+1 703-879-7966","website":"https://abwappliances.com/showrooms/arlington"}},{"type":"Feature","geometry":{"type":"Point","coordinates":[-77.12395,38.89708]},"properties":{"id":"way/651798571","name":"ABW Applicances A Better Way","group":"shopping","category":"shop=appliance","phone":"+1 703-879-7966","website":"https://abwappliances.com/showrooms/arlington","housenumber":"4748","street":"Langston Boulevard","city":"Arlington","postcode":"22207"}},{"type":"Feature","geometry":{"type":"Point","coordinates":[-77.19613,38.83013]},"properties":{"id":"way/653841138","name":"Steinhorst Plumbing","group":"services","category":"craft=plumber","housenumber":"7229","street":"Little River Turnpike","postcode":"22003"}},{"type":"Feature","geometry":{"type":"Point","coordinates":[-77.17016,38.87091]},"properties":{"id":"way/654856485","name":"Liberty","group":"services","category":"shop=car_repair","housenumber":"6550","street":"Arlington Boulevard","city":"Falls Church","postcode":"22042"}},{"type":"Feature","geometry":{"type":"Point","coordinates":[-77.17136,38.87082]},"properties":{"id":"way/657976433","name":"Best Laundromat","group":"services","category":"shop=laundry","hours":"24/7","housenumber":"6610","street":"Arlington Boulevard","city":"Falls Church","postcode":"22042"}},{"type":"Feature","geometry":{"type":"Point","coordinates":[-77.12607,38.81264]},"properties":{"id":"way/706668175","name":"Zaytoun Halal Grill","group":"food","category":"amenity=fast_food","cuisine":"middle_eastern;american","hours":"Mo-Su 10:00-02:00","phone":"+1-571-444-6782","website":"https://zayttoun.com/","housenumber":"5418","street":"Duke Street","city":"Alexandria","postcode":"22304"}},{"type":"Feature","geometry":{"type":"Point","coordinates":[-77.13774,38.75034]},"properties":{"id":"way/707947649","name":"Huras Family Ornaments","group":"shopping","category":"shop=wholesale","phone":"+1 540-940-7956","website":"https://www.hurasfamily.com/","housenumber":"7621","street":"Luton Place","postcode":"22315"}},{"type":"Feature","geometry":{"type":"Point","coordinates":[-77.13696,38.7492]},"properties":{"id":"way/707947813","name":"Office Cuts, Inc.","group":"personal_care","category":"shop=beauty","phone":"+1 703-971-6191","housenumber":"7700","street":"Hayfield Road","postcode":"22315"}},{"type":"Feature","geometry":{"type":"Point","coordinates":[-77.13306,38.75119]},"properties":{"id":"way/707947926","name":"Steadfast K9, LLC","group":"services","category":"shop=pet_grooming","phone":"+1 703-415-6255","housenumber":"5702","street":"Broadmoor Street","postcode":"22315"}},{"type":"Feature","geometry":{"type":"Point","coordinates":[-77.14714,38.74934]},"properties":{"id":"way/707948461","name":"Northern Virginia Marble and Granite, LLC","group":"services","category":"craft=stonemason","phone":"+1 571-255-8282","website":"https://novagranite.com/","housenumber":"7700","street":"Old Telegraph Road","postcode":"22315"}},{"type":"Feature","geometry":{"type":"Point","coordinates":[-77.12199,38.72272]},"properties":{"id":"way/708033855","name":"International Auto Body","group":"services","category":"shop=car_repair","housenumber":"8656","street":"Richmond Highway","postcode":"22309"}},{"type":"Feature","geometry":{"type":"Point","coordinates":[-77.09638,38.73571]},"properties":{"id":"way/708034269","name":"Mana Pupuseria & Taqueria","group":"food","category":"amenity=restaurant","cuisine":"latin_american","hours":"Mo-We 08:00-22:00; Th-Su 08:00-24:00","phone":"+1-703-347-7701","website":"https://manapupuseriataqueria.com/","housenumber":"8166","street":"Richmond Highway","postcode":"22309"}},{"type":"Feature","geometry":{"type":"Point","coordinates":[-77.19301,38.83147]},"properties":{"id":"way/750190939","name":"Nua Haus Thai, Sushi & Drafthouse","group":"food","category":"amenity=restaurant","cuisine":"thai","phone":"+1-703-750-0880","housenumber":"7203","street":"Columbia Pike","city":"Annandale","postcode":"22003"}},{"type":"Feature","geometry":{"type":"Point","coordinates":[-77.13248,38.84286]},"properties":{"id":"way/753321417","name":"La Tiendita de Mlanca Market Cafe","group":"groceries","category":"shop=convenience","hours":"Su-Fr 10:00-20:00, Sa Closed","housenumber":"3716","street":"Lacy Boulevard","city":"Falls Church","postcode":"22041"}},{"type":"Feature","geometry":{"type":"Point","coordinates":[-77.19419,38.83036]},"properties":{"id":"way/758417765","name":"Francis & Murphy Fine Men's Clothing","group":"services","category":"shop=tailor","hours":"Mo-Fr 10:00-20:00; Sa 10:00-18:00; Su 12:00-17:00","website":"https://www.francisfinemensclothing.com/","housenumber":"4305","street":"Backlick Road","city":"Annandale","postcode":"22003"}},{"type":"Feature","geometry":{"type":"Point","coordinates":[-77.14222,38.89557]},"properties":{"id":"way/817054571","name":"Byebye Stress Massage","group":"personal_care","category":"shop=massage","housenumber":"5647","street":"Langston Boulevard","city":"Arlington","postcode":"22207"}},{"type":"Feature","geometry":{"type":"Point","coordinates":[-77.07981,38.77223]},"properties":{"id":"way/853553263","name":"Computer & Cellular","group":"services","category":"shop=repair","hours":"Mo-Fr 10:00-18:00, Sa 10:00-17:00","phone":"+1-703-302-0009","housenumber":"2790","street":"Beacon Hill Road","city":"Alexandria","postcode":"22306"}},{"type":"Feature","geometry":{"type":"Point","coordinates":[-77.08045,38.77775]},"properties":{"id":"way/853554030","name":"A&A Rental Station","group":"services","category":"shop=rental","phone":"+1 703-660-6000","website":"https://anarentalstation.com","housenumber":"6416","street":"Richmond Highway","city":"Alexandria","postcode":"22306"}},{"type":"Feature","geometry":{"type":"Point","coordinates":[-77.05727,38.78025]},"properties":{"id":"way/853563739","name":"The Haven","group":"food","category":"amenity=restaurant","cuisine":"pizza;burger;american","hours":"Mo-Th 11:30-21:00; Fr 11:30-22:00; Sa 11:00-22:00; Su 11:00-21:00","phone":"+1 703-765-5300","website":"https://www.bellehavenpizzeria.com","housenumber":"1401","street":"Belle Haven Road","city":"Alexandria","postcode":"22307"}},{"type":"Feature","geometry":{"type":"Point","coordinates":[-77.05428,38.78002]},"properties":{"id":"way/853563755","name":"Old Town Funeral Choices","group":"services","category":"shop=funeral_directors","phone":"+1 703-465-1800","website":"https://funeralchoices.com/why-choose-us/our-locations/alexandria/","housenumber":"1205","street":"Belle Haven Road","postcode":"22307"}},{"type":"Feature","geometry":{"type":"Point","coordinates":[-77.12626,38.84843]},"properties":{"id":"way/855603341","name":"MVC","group":"shopping","category":"shop=erotic","housenumber":"5625","street":"Leesburg Pike","postcode":"22041"}},{"type":"Feature","geometry":{"type":"Point","coordinates":[-77.17707,38.87931]},"properties":{"id":"way/855663171","name":"ACE Tool Rental","group":"services","category":"shop=tool_hire","phone":"+1 703 532-5600","website":"http://www2.toolrental.com/","housenumber":"7131","street":"Lee Highway","city":"Falls Church","postcode":"22046"}},{"type":"Feature","geometry":{"type":"Point","coordinates":[-77.17867,38.87894]},"properties":{"id":"way/855663172","name":"Luzmary Bolivian Restaurant","group":"food","category":"amenity=restaurant","cuisine":"bolivian","website":"https://www.luzmarybolivianfood.com/","housenumber":"7151","street":"Route 29","city":"Falls Church","postcode":"22046"}},{"type":"Feature","geometry":{"type":"Point","coordinates":[-77.20421,38.90795]},"properties":{"id":"way/856472851","name":"A Garcia's Landscaping","group":"services","category":"craft=gardener","hours":"Mo-Fr 07:00-18:00; Sa 07:00-15:00","phone":"+1-571-241-4848","website":"https://agarciaslandscaping.com","housenumber":"2029","street":"Dexter Drive","city":"Falls Church","postcode":"22043"}},{"type":"Feature","geometry":{"type":"Point","coordinates":[-77.20871,38.87618]},"properties":{"id":"way/965354039","name":"Settle Down Easy Brewing Co.","group":"food","category":"craft=brewery","housenumber":"2822","street":"Fallfax Drive","city":"Falls Church","postcode":"22042"}},{"type":"Feature","geometry":{"type":"Point","coordinates":[-77.17014,38.88267]},"properties":{"id":"way/1071110823","name":"Clare and Don's Beach Shack","group":"food","category":"amenity=restaurant","cuisine":"seafood","phone":"+1 703-532-9283","website":"https://clareanddons.com/","housenumber":"130","street":"North Washington Street","city":"Falls Church","postcode":"22046"}},{"type":"Feature","geometry":{"type":"Point","coordinates":[-77.05712,38.78029]},"properties":{"id":"way/1080664130","name":"Custard Shack","group":"food","category":"amenity=ice_cream","hours":"Su-Th 12:00-21:00; Fr-Sa 12:00-20:00","website":"https://www.custardshack.com","housenumber":"1401","street":"Belle Haven Road","city":"Alexandria","postcode":"22307"}},{"type":"Feature","geometry":{"type":"Point","coordinates":[-77.12773,38.87677]},"properties":{"id":"way/1090400018","name":"Yen Beauty","group":"personal_care","category":"shop=beauty","housenumber":"5511","street":"Wilson Boulevard","city":"Arlington","postcode":"22205"}},{"type":"Feature","geometry":{"type":"Point","coordinates":[-77.12789,38.87672]},"properties":{"id":"way/1090400019","name":"King of Koshary","group":"food","category":"amenity=restaurant","cuisine":"egyptian;yemeni;middle_eastern","hours":"Mo-Su 11:00-21:00","phone":"+1-571-317-7925","website":"https://kingofkoshary.com/","housenumber":"5515","street":"Wilson Boulevard","city":"Arlington","postcode":"22205"}},{"type":"Feature","geometry":{"type":"Point","coordinates":[-77.06382,38.72278]},"properties":{"id":"way/1092539583","name":"Fort Hunt Service Center","group":"services","category":"shop=car_repair"}},{"type":"Feature","geometry":{"type":"Point","coordinates":[-77.06573,38.71077]},"properties":{"id":"way/1092541920","name":"Cedar Knoll","group":"food","category":"amenity=restaurant","phone":"+1-703-780-3665","website":"https://www.cedarknollva.com/","housenumber":"9030","street":"Lucia Lane","city":"Alexandria","postcode":"22308"}},{"type":"Feature","geometry":{"type":"Point","coordinates":[-77.15382,38.75712]},"properties":{"id":"way/1220390501","name":"GoTech Roofing","group":"services","category":"craft=roofer","phone":"+1 703-417-9200","website":"https://gotechroofing.com/","housenumber":"7420","street":"Heatherfield Lane"}},{"type":"Feature","geometry":{"type":"Point","coordinates":[-77.16227,38.82144]},"properties":{"id":"way/1255771957","name":"Home Depot Garden Center","group":"shopping","category":"shop=garden_centre"}},{"type":"Feature","geometry":{"type":"Point","coordinates":[-77.17584,38.93925]},"properties":{"id":"way/1349639833","name":"matchbox","group":"food","category":"amenity=restaurant","cuisine":"american","hours":"Mo-Fr 11:00-21:00; Sa 09:00-22:00; Su 09:00-21:00","phone":"+15714561630","website":"https://www.matchboxrestaurants.com/","housenumber":"1340","street":"Chain Bridge Road","postcode":"22101"}},{"type":"Feature","geometry":{"type":"Point","coordinates":[-77.15486,38.87261]},"properties":{"id":"way/1563676484","name":"Arlington Motors","group":"shopping","category":"shop=car","hours":"Mo-Sa 10:00-20:00","phone":"+1-703-533-7871","website":"https://arlingtonmotorsva.com/","housenumber":"6298","street":"Arlington Boulevard","city":"Falls Church","postcode":"22044"}},{"type":"Feature","geometry":{"type":"Point","coordinates":[-77.17252,38.88345]},"properties":{"id":"relation/17072479","name":"Rare Bird Coffee Roasters","group":"food","category":"amenity=cafe","cuisine":"coffee_shop","hours":"Mo-Fr 07:30-14:00; Sa-Su 08:00-14:30","phone":"+1-571-314-1711","website":"https://www.rarebirdcoffee.com/","housenumber":"230;228","street":"West Broad Street","city":"Falls Church","postcode":"22046"}},{"type":"Feature","geometry":{"type":"Point","coordinates":[-77.09177,38.88728]},"properties":{"id":"node/2803896770","name":"Eastern Mountain Sports","group":"shopping","category":"shop=outdoor","housenumber":"2700","street":"Clarendon Boulevard","city":"Arlington","postcode":"22201"}},{"type":"Feature","geometry":{"type":"Point","coordinates":[-77.17653,38.93632]},"properties":{"id":"node/3584164920","name":"Barstons Child's Play","group":"shopping","category":"shop=toys","hours":"Mo-Fr 09:00-17:00; Sa,Su off","housenumber":"1382","street":"Chain Bridge Road","city":"McLean","postcode":"22101"}},{"type":"Feature","geometry":{"type":"Point","coordinates":[-77.17644,38.93596]},"properties":{"id":"node/3584164925","name":"McLean Pharmacy","group":"groceries","category":"amenity=pharmacy","housenumber":"1392","street":"Chain Bridge Road"}},{"type":"Feature","geometry":{"type":"Point","coordinates":[-77.1758,38.94009]},"properties":{"id":"node/3897476147","name":"Evo Bistro","group":"food","category":"amenity=restaurant","cuisine":"international","hours":"Mo-Th 11:30-22:00; Fr 11:30-23:00; Sa 16:00-23:00; Su 16:00-21:00","housenumber":"1313","street":"Old Chain Bridge Road","city":"McLean","postcode":"22101"}},{"type":"Feature","geometry":{"type":"Point","coordinates":[-77.09435,38.88832]},"properties":{"id":"node/4223459085","name":"Casal's","group":"personal_care","category":"shop=hairdresser","hours":"Tu, Th 09:00-22:00; We, Fr 09:00-20:00; Sa 09:00-17:00","phone":"+1 855-422-7257","website":"http://www.casalsatclarendon.com/","housenumber":"3033","street":"North Wilson Boulevard","city":"Arlington","postcode":"22201"}},{"type":"Feature","geometry":{"type":"Point","coordinates":[-77.09434,38.88823]},"properties":{"id":"node/4223459100","name":"The Waterhouse","group":"food","category":"amenity=cafe","hours":"07:00-19:00","phone":"+1 571-312-4524","website":"https://www.waterhousecoffee.com/"}},{"type":"Feature","geometry":{"type":"Point","coordinates":[-77.13541,38.85435]},"properties":{"id":"node/4938688121","name":"Hokkaido Seafood Buffet","group":"food","category":"amenity=restaurant","cuisine":"seafood","housenumber":"5900","street":"Leesburg Pike","city":"Falls Church","postcode":"22041"}},{"type":"Feature","geometry":{"type":"Point","coordinates":[-77.15614,38.83536]},"properties":{"id":"node/5254897899","name":"Carpet Outlet","group":"shopping","category":"shop=carpet"}},{"type":"Feature","geometry":{"type":"Point","coordinates":[-77.15605,38.83541]},"properties":{"id":"node/5254897900","name":"Modern Hair & Nails","group":"personal_care","category":"shop=hairdresser"}},{"type":"Feature","geometry":{"type":"Point","coordinates":[-77.17535,38.86823]},"properties":{"id":"node/6162126801","name":"Buffer Zone","group":"shopping","category":"shop=clothes","website":"https://www.bufferzone.com/service/about/","housenumber":"3000","street":"Annandale Road","city":"Falls Church","postcode":"22042"}},{"type":"Feature","geometry":{"type":"Point","coordinates":[-77.10172,38.87193]},"properties":{"id":"node/6305572366","name":"Pupuseria Dona Azucena","group":"food","category":"amenity=restaurant","cuisine":"salvadoran","hours":"Mo-Fr 11:00-23:00; Sa 08:00-23:00; Su 08:30-22:00","phone":"+1 703-248-0332","website":"http://www.pupuseriadonaazucena.com","housenumber":"71","street":"North Glebe Road","city":"Arlington","postcode":"22203-3703"}},{"type":"Feature","geometry":{"type":"Point","coordinates":[-77.09208,38.8297]},"properties":{"id":"node/8807335385","name":"Unwined Gourmet Wine & Beer","group":"groceries","category":"shop=alcohol","housenumber":"3690","street":"King Street"}},{"type":"Feature","geometry":{"type":"Point","coordinates":[-77.11736,38.84849]},"properties":{"id":"node/9311198930","name":"Nail Tek","group":"personal_care","category":"shop=beauty","hours":"Mo-Sa 10:00-20:00; Su 12:00-17:00","phone":"+1-703-671-7310","website":"https://nail-tek-falls-church.poi.place/","housenumber":"3503","street":"South Jefferson Street","city":"Falls Church","postcode":"22041"}},{"type":"Feature","geometry":{"type":"Point","coordinates":[-77.11739,38.84856]},"properties":{"id":"node/9311198931","name":"Super Dollar","group":"groceries","category":"shop=variety_store","hours":"Mo-Sa 09:30-20:00; Su 10:00-20:00","phone":"+1-703-256-1494","housenumber":"3501","street":"South Jefferson Street","city":"Falls Church","postcode":"22041"}},{"type":"Feature","geometry":{"type":"Point","coordinates":[-77.11737,38.84874]},"properties":{"id":"node/9311198933","name":"Sweet Home Furniture","group":"shopping","category":"shop=furniture","hours":"Mo-Sa 10:00-21:00; Su 11:00-19:00","phone":"+1-703-341-6200","website":"https://sweethome-va.com/","housenumber":"3501","street":"South Jefferson Street","city":"Falls Church","postcode":"22041"}},{"type":"Feature","geometry":{"type":"Point","coordinates":[-77.18625,38.89149]},"properties":{"id":"node/9597496564","name":"TBS Impressions","group":"shopping","category":"shop=art","hours":"Mo-Sa 10:30-18:00","phone":"+1 703-995-3286","website":"https://tbsimpressions.com","housenumber":"1057","street":"West Broad Street","city":"Falls Church","postcode":"22046"}},{"type":"Feature","geometry":{"type":"Point","coordinates":[-77.09484,38.88802]},"properties":{"id":"node/10767320032","name":"L\u00e1yl\u00ed","group":"food","category":"amenity=restaurant","cuisine":"lebanese;greek;turkish","housenumber":"3303","street":"Wilson Boulevard","city":"Arlington","postcode":"22201"}},{"type":"Feature","geometry":{"type":"Point","coordinates":[-77.21352,38.87611]},"properties":{"id":"node/10853190933","name":"Kariju Japanese Fried Chicken","group":"food","category":"amenity=restaurant"}},{"type":"Feature","geometry":{"type":"Point","coordinates":[-77.2136,38.87613]},"properties":{"id":"node/10853190934","name":"La Estancia Churrasqueria","group":"food","category":"amenity=restaurant","cuisine":"regional"}},{"type":"Feature","geometry":{"type":"Point","coordinates":[-77.18841,38.83277]},"properties":{"id":"node/10931857765","name":"Word of Life","group":"shopping","category":"shop=books"}},{"type":"Feature","geometry":{"type":"Point","coordinates":[-77.17854,38.88719]},"properties":{"id":"node/13132057245","name":"Cuates Grill","group":"food","category":"amenity=restaurant","cuisine":"mexican","housenumber":"502","street":"West Broad Street","city":"Falls Church","postcode":"22046-3206"}},{"type":"Feature","geometry":{"type":"Point","coordinates":[-77.08024,38.89296]},"properties":{"id":"way/45303064","name":"Rhodeside Grill","group":"food","category":"amenity=restaurant","cuisine":"american","hours":"Mo-Fr 11:00-02:00; Sa-Su 10:00-02:00","phone":"+1 703-243-0145","website":"https://www.rhodesidegrill.com/home","housenumber":"1836","street":"North Wilson Boulevard","city":"Arlington","postcode":"22201"}},{"type":"Feature","geometry":{"type":"Point","coordinates":[-77.08009,38.89275]},"properties":{"id":"way/45303065","name":"Il Radicchio","group":"food","category":"amenity=restaurant","cuisine":"italian","hours":"Mo off; Tu-Th 16:30-21:00; Fr-Sa 16:30-21:30; Su 16:30-21:00","phone":"+1-703-276-2627","website":"https://www.ilradicchio.com/","housenumber":"1801","street":"Clarendon Boulevard","city":"Arlington","postcode":"22201"}},{"type":"Feature","geometry":{"type":"Point","coordinates":[-77.14071,38.88552]},"properties":{"id":"way/87483656","name":"Ayer's Hardware & Variety Store","group":"shopping","category":"shop=doityourself","hours":"Mo-Sa 08:30-17:30; Su 10:00-17:30","phone":"+17035385678","housenumber":"5853","street":"Washington Boulevard","city":"Arlington","postcode":"22205"}},{"type":"Feature","geometry":{"type":"Point","coordinates":[-77.17134,38.88279]},"properties":{"id":"way/209115788","name":"Lil City Creamery","group":"food","category":"amenity=ice_cream","hours":"Mo-Tu 16:00-20:00, We-Th 12:00-20:00, Fr 12:00-22:00, Sa 11:00-22:00, Su 11:00-20:00","phone":"+1-703-819-3285","website":"https://www.lilcitycreamery.com/","housenumber":"114","street":"West Broad Street","city":"Falls Church","postcode":"22046"}},{"type":"Feature","geometry":{"type":"Point","coordinates":[-77.15514,38.87251]},"properties":{"id":"way/210474517","name":"Arlington Motors","group":"shopping","category":"shop=car","website":"https://arlingtonmotorsva.com/","housenumber":"6300","street":"Arlington Boulevard","postcode":"22044"}}]}