{"type":"FeatureCollection","features":[{"type":"Feature","geometry":{"type":"Point","coordinates":[-77.25907,38.68325]},"properties":{"id":"node/796154333","name":"Madigans","group":"food","category":"amenity=restaurant","cuisine":"seafood","website":"https://www.madiganswaterfront.com/","tags":";seafood;restaurant;"}},{"type":"Feature","geometry":{"type":"Point","coordinates":[-77.19963,38.1629]},"properties":{"id":"node/2441732960","name":"Horne's","group":"food","category":"amenity=restaurant","website":"http://www.hornes.com","housenumber":"25532","street":"A P Hill Boulevard","city":"Port Royal","postcode":"22535","tags":";restaurant;"}},{"type":"Feature","geometry":{"type":"Point","coordinates":[-77.24599,38.6505]},"properties":{"id":"node/3973689243","name":"Teddy's Fresh Baked Pizza Crust","group":"food","category":"shop=bakery","hours":"Mo-Sa 08:00-17:00","phone":"+1 703-497-0572","website":"http://teddyspizzadough.com","housenumber":"1051","street":"Cannons Court","city":"Woodbridge","postcode":"22191","tags":";bakery;pizza;"}},{"type":"Feature","geometry":{"type":"Point","coordinates":[-77.26081,38.65003]},"properties":{"id":"node/4944663724","name":"Sports Barber Shop","group":"personal_care","category":"shop=hairdresser","housenumber":"13986","street":"Jefferson Davis Highway","city":"Woodbridge","tags":";hairdresser;barber;"}},{"type":"Feature","geometry":{"type":"Point","coordinates":[-77.26076,38.65006]},"properties":{"id":"node/4944663725","name":"Margarita","group":"food","category":"amenity=restaurant","cuisine":"mexican","housenumber":"13986","street":"Jefferson Davis Highway","city":"Woodbridge","postcode":"22191","tags":";mexican;restaurant;"}},{"type":"Feature","geometry":{"type":"Point","coordinates":[-77.25935,38.64875]},"properties":{"id":"node/5107794636","name":"Tobacco Spot","group":"shopping","category":"shop=tobacco","housenumber":"13997","street":"Jefferson Davis Highway","city":"Woodbridge","postcode":"22191","tags":";tobacco;"}},{"type":"Feature","geometry":{"type":"Point","coordinates":[-77.25943,38.6487]},"properties":{"id":"node/5107794637","name":"Peking Express","group":"food","category":"amenity=restaurant","cuisine":"chinese","website":"https://www.pekingexpress-va.com/","housenumber":"13999","street":"Jefferson Davis Highway","city":"Woodbridge","postcode":"22191","tags":";chinese;restaurant;takeout;"}},{"type":"Feature","geometry":{"type":"Point","coordinates":[-77.2591,38.64889]},"properties":{"id":"node/5107794638","name":"The Palace","group":"food","category":"amenity=restaurant","cuisine":"mexican","housenumber":"13989","street":"Jefferson Davis Highway","city":"Woodbridge","postcode":"22191","tags":";mexican;restaurant;"}},{"type":"Feature","geometry":{"type":"Point","coordinates":[-77.25876,38.68294]},"properties":{"id":"node/5132030849","name":"Bar J Chili Parlor and Restaurant","group":"food","category":"amenity=restaurant","website":"https://www.bar-jchili.com/","housenumber":"125","street":"Mill Street","city":"Occoquan Historic District","postcode":"22125","tags":";restaurant;"}},{"type":"Feature","geometry":{"type":"Point","coordinates":[-77.26046,38.6829]},"properties":{"id":"node/5677528036","name":"3rd Base Pizza","group":"food","category":"amenity=restaurant","housenumber":"202","street":"Commerce Street","postcode":"22125","tags":";restaurant;pizza;"}},{"type":"Feature","geometry":{"type":"Point","coordinates":[-77.27239,38.6312]},"properties":{"id":"node/5773567009","name":"Ham Radio Outlet","group":"shopping","category":"shop=electronics","hours":"Mo-Sa 10:00-17:30","phone":"+1 703-643-1063","website":"https://www.hamradio.com/locations.cfm?storeid=7","housenumber":"14803","street":"Build America Drive","city":"Woodbridge","postcode":"22191","tags":";electronics;"}},{"type":"Feature","geometry":{"type":"Point","coordinates":[-77.26164,38.68485]},"properties":{"id":"node/5998941986","name":"The Secret Garden Cafe","group":"food","category":"amenity=restaurant","hours":"Mo-Th 09:00-21:00; Fr 09:00-22:00; Sa 08:00-22:00; Su 08:00-21:00","phone":"+1 703-494-2848","website":"https://www.thesgcafe.com/","housenumber":"404","street":"Mill Street","city":"Occoquan Historic District","postcode":"22125-7735","tags":";restaurant;"}},{"type":"Feature","geometry":{"type":"Point","coordinates":[-77.27297,38.63039]},"properties":{"id":"node/6094163741","name":"Two Brothers Chicken & Subs","group":"food","category":"amenity=restaurant","housenumber":"14845","street":"Buildamerica Drive","city":"Woodbridge","postcode":"22191","tags":";restaurant;chicken;sandwich;"}},{"type":"Feature","geometry":{"type":"Point","coordinates":[-77.27245,38.63197]},"properties":{"id":"node/6094163742","name":"Zaine Threading Salon","group":"personal_care","category":"shop=hairdresser","housenumber":"14810","street":"Buildamerica Drive","city":"Woodbridge","postcode":"22191","tags":";hairdresser;"}},{"type":"Feature","geometry":{"type":"Point","coordinates":[-77.26867,38.63686]},"properties":{"id":"node/6149540669","name":"Bee's Beauty Supply","group":"personal_care","category":"shop=beauty","phone":"+1 703-490-2442","website":"http://www.beesbeautysupply.com","housenumber":"14513","street":"Jefferson Davis Highway","city":"Woodbridge","postcode":"22191","tags":";beauty;"}},{"type":"Feature","geometry":{"type":"Point","coordinates":[-77.2535,38.66274]},"properties":{"id":"node/6213546820","name":"Handy Dandy Market","group":"groceries","category":"shop=convenience","housenumber":"13316","street":"Occoquan Road","city":"Woodbridge","postcode":"22191","tags":";convenience;"}},{"type":"Feature","geometry":{"type":"Point","coordinates":[-77.25365,38.66269]},"properties":{"id":"node/6213546821","name":"La Petite","group":"personal_care","category":"shop=hairdresser","housenumber":"1300","street":"Horner Road","city":"Woodbridge","postcode":"22191","tags":";hairdresser;"}},{"type":"Feature","geometry":{"type":"Point","coordinates":[-77.25357,38.66285]},"properties":{"id":"node/6213546822","name":"Tobacco Junction","group":"shopping","category":"shop=tobacco","hours":"Mo-Su 10:00-22:00","phone":"+1-571-409-5022","housenumber":"13314","street":"Occoquan Road","city":"Woodbridge","postcode":"22191","tags":";tobacco;takeout;"}},{"type":"Feature","geometry":{"type":"Point","coordinates":[-77.25363,38.66295]},"properties":{"id":"node/6213546824","name":"Sisters Barber Shop","group":"personal_care","category":"shop=hairdresser","housenumber":"13310","street":"Occoquan Road","city":"Woodbridge","postcode":"22191","tags":";hairdresser;barber;"}},{"type":"Feature","geometry":{"type":"Point","coordinates":[-77.27278,38.63153]},"properties":{"id":"node/6408481520","name":"Esther's Hair And Wigs, Beauty Supply, Braiding Shop","group":"personal_care","category":"shop=hairdresser","phone":"+1 571-572-3081","website":"https://www.estherhairwigsandbraidingshop.com/","housenumber":"14820","street":"Build America Drive","city":"Woodbridge","postcode":"22191","tags":";hairdresser;braiding;"}},{"type":"Feature","geometry":{"type":"Point","coordinates":[-77.25031,38.66348]},"properties":{"id":"node/6514218183","name":"LT Foreign Car Service","group":"services","category":"shop=car_repair","phone":"+1 703-675-7016","housenumber":"1108","street":"Horner Road","city":"Woodbridge","postcode":"22191","tags":";car_repair;"}},{"type":"Feature","geometry":{"type":"Point","coordinates":[-77.05498,38.35008]},"properties":{"id":"node/6997908160","name":"Bennys Chinese and American Food","group":"food","category":"amenity=restaurant","cuisine":"chinese","hours":"Tu-Th 11:00-21:30; Mo 11:00-21:00","phone":"+1-540-663-0888","housenumber":"16430","street":"Consumer Row","city":"King George","postcode":"22485","tags":";chinese;restaurant;"}},{"type":"Feature","geometry":{"type":"Point","coordinates":[-77.14392,38.26629]},"properties":{"id":"node/7010284573","name":"301 Cleaners","group":"services","category":"shop=dry_cleaning","hours":"Mo-Fr 07:00-19:00; Sa 08:00-17:00","phone":"+1-540-775-0707","housenumber":"10402","street":"James Madison Parkway","city":"King George","postcode":"22485","tags":";dry_cleaning;"}},{"type":"Feature","geometry":{"type":"Point","coordinates":[-77.1839,38.27032]},"properties":{"id":"node/7802528527","name":"Mary's Cakery and Candy Kitchen","group":"food","category":"shop=bakery","cuisine":"chocolate;cake","hours":"Mo-We,Su off; Th-Sa 11:00-17:00","phone":"+1-540-775-9350","website":"https://maryscakeryandcandy.com","housenumber":"10305","street":"Indiantown Road","city":"King George","postcode":"22485","tags":";chocolate;cake;bakery;"}},{"type":"Feature","geometry":{"type":"Point","coordinates":[-77.27263,38.63949]},"properties":{"id":"node/7937588379","name":"Legacy Home Comfort LLC","group":"services","category":"craft=hvac","hours":"24/7","phone":"+1 703-826-0625","website":"https://www.legacyhomecomfort.com/","housenumber":"14381","street":"Pine Lane","city":"Woodbridge","postcode":"22191","tags":";hvac;"}},{"type":"Feature","geometry":{"type":"Point","coordinates":[-77.24933,38.66085]},"properties":{"id":"node/7990677162","name":"Belash Bakery","group":"food","category":"shop=bakery","tags":";bakery;"}},{"type":"Feature","geometry":{"type":"Point","coordinates":[-77.24996,38.66244]},"properties":{"id":"node/7990678425","name":"Laundromat Depot","group":"services","category":"shop=laundry","tags":";laundry;"}},{"type":"Feature","geometry":{"type":"Point","coordinates":[-77.24895,38.66069]},"properties":{"id":"node/7990698498","name":"Astoria Pizza","group":"food","category":"amenity=restaurant","cuisine":"pizza","tags":";pizza;restaurant;"}},{"type":"Feature","geometry":{"type":"Point","coordinates":[-77.25879,38.67271]},"properties":{"id":"node/8637883037","name":"Lima Coffee Shop","group":"food","category":"amenity=restaurant","cuisine":"peruvian","housenumber":"1419","street":"Old Bridge Road","city":"Woodbridge","postcode":"22192","tags":";peruvian;restaurant;coffee_shop;"}},{"type":"Feature","geometry":{"type":"Point","coordinates":[-77.25118,38.65815]},"properties":{"id":"node/9319545439","name":"Woodbridge Gold & Jewelry","group":"services","category":"shop=pawnbroker","hours":"Mo-Fr 10:00-19:00; Sa 09:30-17:30","phone":"+1 703-491-3333","housenumber":"13572","street":"Richmond Highway","tags":";pawnbroker;"}},{"type":"Feature","geometry":{"type":"Point","coordinates":[-77.25108,38.65802]},"properties":{"id":"node/9319545440","name":"Pupuseria Do\u00f1a Azucena","group":"food","category":"amenity=restaurant","cuisine":"latin_american","hours":"Su-Th 08:30-22:00; Fr,Sa 08:30-23:00","tags":";latin_american;restaurant;"}},{"type":"Feature","geometry":{"type":"Point","coordinates":[-77.25134,38.65869]},"properties":{"id":"node/9319545446","name":"Pink Nails","group":"personal_care","category":"shop=beauty","hours":"Mo-Sa 09:30-18:30; Su 10:00-17:00","phone":"+17034927208","tags":";beauty;nails;"}},{"type":"Feature","geometry":{"type":"Point","coordinates":[-77.25125,38.65873]},"properties":{"id":"node/9319545447","name":"Halo Barber Shop","group":"personal_care","category":"shop=hairdresser","housenumber":"13538","tags":";hairdresser;barber;"}},{"type":"Feature","geometry":{"type":"Point","coordinates":[-77.25113,38.65879]},"properties":{"id":"node/9319545448","name":"ICellphone Solutions","group":"shopping","category":"shop=mobile_phone","phone":"+1 703-231-0929","housenumber":"13532","tags":";mobile_phone;"}},{"type":"Feature","geometry":{"type":"Point","coordinates":[-77.25075,38.65896]},"properties":{"id":"node/9319545450","name":"Dixie Bones","group":"food","category":"amenity=restaurant","cuisine":"barbecue","tags":";barbecue;restaurant;"}},{"type":"Feature","geometry":{"type":"Point","coordinates":[-77.24986,38.66195]},"properties":{"id":"node/9384583518","name":"B-Thrifty","group":"shopping","category":"shop=charity","tags":";charity;"}},{"type":"Feature","geometry":{"type":"Point","coordinates":[-77.24925,38.66082]},"properties":{"id":"node/9384583521","name":"Happy Nails","group":"personal_care","category":"shop=beauty","tags":";beauty;nails;"}},{"type":"Feature","geometry":{"type":"Point","coordinates":[-77.2494,38.66088]},"properties":{"id":"node/9384583522","name":"Mi Casa Es Tu Casa","group":"food","category":"amenity=restaurant","cuisine":"mexican","tags":";mexican;restaurant;"}},{"type":"Feature","geometry":{"type":"Point","coordinates":[-77.24916,38.66078]},"properties":{"id":"node/9384583523","name":"Gourmet Taste","group":"food","category":"amenity=restaurant","cuisine":"chinese","tags":";chinese;restaurant;"}},{"type":"Feature","geometry":{"type":"Point","coordinates":[-77.24911,38.66076]},"properties":{"id":"node/9384583524","name":"Hans Watch Clock & Jewelry","group":"shopping","category":"shop=jewelry","tags":";jewelry;"}},{"type":"Feature","geometry":{"type":"Point","coordinates":[-77.24907,38.66074]},"properties":{"id":"node/9384583525","name":"Linda Furniture","group":"shopping","category":"shop=furniture","tags":";furniture;"}},{"type":"Feature","geometry":{"type":"Point","coordinates":[-77.24901,38.66072]},"properties":{"id":"node/9384583526","name":"WB Tobacco","group":"shopping","category":"shop=tobacco","tags":";tobacco;"}},{"type":"Feature","geometry":{"type":"Point","coordinates":[-77.25985,38.6486]},"properties":{"id":"node/9386746910","name":"Fairy Hair Salon","group":"personal_care","category":"shop=hairdresser","tags":";hairdresser;"}},{"type":"Feature","geometry":{"type":"Point","coordinates":[-77.25839,38.6493]},"properties":{"id":"node/9386751201","name":"Furniture For Less","group":"shopping","category":"shop=furniture","tags":";furniture;"}},{"type":"Feature","geometry":{"type":"Point","coordinates":[-77.25735,38.64983]},"properties":{"id":"node/9386751204","name":"Woodbridge Barber & Salon","group":"personal_care","category":"shop=hairdresser","tags":";hairdresser;barber;"}},{"type":"Feature","geometry":{"type":"Point","coordinates":[-77.25744,38.64992]},"properties":{"id":"node/9386751205","name":"VA Nails & Spa","group":"personal_care","category":"shop=beauty","tags":";beauty;nails;spa;"}},{"type":"Feature","geometry":{"type":"Point","coordinates":[-77.25963,38.64859]},"properties":{"id":"node/9386751206","name":"Fatu United Braids & Weaves","group":"personal_care","category":"shop=hairdresser","tags":";hairdresser;braiding;"}},{"type":"Feature","geometry":{"type":"Point","coordinates":[-77.25677,38.65021]},"properties":{"id":"node/9386751208","name":"Capital Discount Merchandise","group":"shopping","category":"shop=furniture","tags":";furniture;"}},{"type":"Feature","geometry":{"type":"Point","coordinates":[-77.25664,38.65036]},"properties":{"id":"node/9386751209","name":"Salon Hispano","group":"personal_care","category":"shop=hairdresser","tags":";hairdresser;"}},{"type":"Feature","geometry":{"type":"Point","coordinates":[-77.25584,38.65074]},"properties":{"id":"node/9386751210","name":"Todos Supermarket","group":"groceries","category":"shop=supermarket","tags":";supermarket;"}},{"type":"Feature","geometry":{"type":"Point","coordinates":[-77.25625,38.6506]},"properties":{"id":"node/9386751211","name":"Brother's Pizza","group":"food","category":"amenity=restaurant","cuisine":"pizza","tags":";pizza;restaurant;"}},{"type":"Feature","geometry":{"type":"Point","coordinates":[-77.25636,38.65053]},"properties":{"id":"node/9386751212","name":"Marumsco Laundromat","group":"services","category":"shop=laundry","tags":";laundry;"}},{"type":"Feature","geometry":{"type":"Point","coordinates":[-77.25647,38.65047]},"properties":{"id":"node/9386751213","name":"Marumsco Cleaners","group":"services","category":"shop=dry_cleaning","tags":";dry_cleaning;"}},{"type":"Feature","geometry":{"type":"Point","coordinates":[-77.25882,38.65007]},"properties":{"id":"node/9386760923","name":"Chiyoshi","group":"food","category":"amenity=restaurant","cuisine":"chinese","tags":";chinese;restaurant;"}},{"type":"Feature","geometry":{"type":"Point","coordinates":[-77.259,38.64996]},"properties":{"id":"node/9386760924","name":"Ricos Tacos Moya","group":"food","category":"amenity=restaurant","cuisine":"mexican","tags":";mexican;restaurant;"}},{"type":"Feature","geometry":{"type":"Point","coordinates":[-77.26616,38.64105]},"properties":{"id":"node/9559447423","name":"Libreria Cristiana","group":"shopping","category":"shop=books","tags":";books;"}},{"type":"Feature","geometry":{"type":"Point","coordinates":[-77.26637,38.64049]},"properties":{"id":"node/9559447425","name":"Mobile World","group":"shopping","category":"shop=mobile_phone","tags":";mobile_phone;"}},{"type":"Feature","geometry":{"type":"Point","coordinates":[-77.26641,38.64041]},"properties":{"id":"node/9559447427","name":"Pulgarcito de America","group":"food","category":"amenity=restaurant","cuisine":"mexican","tags":";mexican;restaurant;"}},{"type":"Feature","geometry":{"type":"Point","coordinates":[-77.26653,38.63981]},"properties":{"id":"node/9559447428","name":"Potomac Cobbler","group":"shopping","category":"shop=shoes","tags":";shoes;"}},{"type":"Feature","geometry":{"type":"Point","coordinates":[-77.26651,38.63994]},"properties":{"id":"node/9559447429","name":"Carcia Hair Salon","group":"personal_care","category":"shop=hairdresser","tags":";hairdresser;"}},{"type":"Feature","geometry":{"type":"Point","coordinates":[-77.26652,38.63988]},"properties":{"id":"node/9559447430","name":"Discount Tobacco & Things","group":"shopping","category":"shop=tobacco","tags":";tobacco;"}},{"type":"Feature","geometry":{"type":"Point","coordinates":[-77.26655,38.6397]},"properties":{"id":"node/9559447431","name":"CJKK Bridals & Quincea\u00f1eras","group":"shopping","category":"shop=clothes","tags":";clothes;"}},{"type":"Feature","geometry":{"type":"Point","coordinates":[-77.25257,38.65539]},"properties":{"id":"node/9681257675","name":"El Molcajete Moya","group":"food","category":"amenity=restaurant","cuisine":"mexican","tags":";mexican;restaurant;"}},{"type":"Feature","geometry":{"type":"Point","coordinates":[-77.25264,38.65557]},"properties":{"id":"node/9681257677","name":"Muebleria Miguele\u00f1a","group":"shopping","category":"shop=furniture","tags":";furniture;"}},{"type":"Feature","geometry":{"type":"Point","coordinates":[-77.25268,38.6557]},"properties":{"id":"node/9681257678","name":"Ana Ruth Hair Salon","group":"personal_care","category":"shop=hairdresser","tags":";hairdresser;"}},{"type":"Feature","geometry":{"type":"Point","coordinates":[-77.25267,38.65567]},"properties":{"id":"node/9681257679","name":"Jangko Sushi & Teriyaki","group":"food","category":"amenity=restaurant","cuisine":"japanese","tags":";japanese;restaurant;sushi;"}},{"type":"Feature","geometry":{"type":"Point","coordinates":[-77.2524,38.65614]},"properties":{"id":"node/9681257681","name":"Fairway Supermarket","group":"groceries","category":"shop=supermarket","tags":";supermarket;"}},{"type":"Feature","geometry":{"type":"Point","coordinates":[-77.25234,38.65625]},"properties":{"id":"node/9681257682","name":"El Ranchon","group":"food","category":"amenity=restaurant","cuisine":"steak_house","tags":";steak_house;restaurant;"}},{"type":"Feature","geometry":{"type":"Point","coordinates":[-77.25214,38.65652]},"properties":{"id":"node/9681257683","name":"Kleber's Restaurant","group":"food","category":"amenity=restaurant","cuisine":"mexican","tags":";mexican;restaurant;"}},{"type":"Feature","geometry":{"type":"Point","coordinates":[-77.25222,38.65641]},"properties":{"id":"node/9681257684","name":"Kayden Used Appliances","group":"shopping","category":"shop=appliance","tags":";appliance;"}},{"type":"Feature","geometry":{"type":"Point","coordinates":[-77.25203,38.65666]},"properties":{"id":"node/9681257685","name":"Playtime Pools","group":"shopping","category":"shop=swimming_pool","tags":";swimming_pool;"}},{"type":"Feature","geometry":{"type":"Point","coordinates":[-77.25208,38.65659]},"properties":{"id":"node/9681257686","name":"Tobacco Garden","group":"shopping","category":"shop=tobacco","tags":";tobacco;"}},{"type":"Feature","geometry":{"type":"Point","coordinates":[-77.25408,38.66269]},"properties":{"id":"node/9723968735","name":"R & M Electric Company","group":"services","category":"craft=electrician","hours":"Mo-Fr 06:00-17:00","phone":"+1-703-313-4500","website":"https://randmelectricco.com","housenumber":"13335","street":"Woodbridge Street","city":"Woodbridge","postcode":"22191","tags":";electrician;"}},{"type":"Feature","geometry":{"type":"Point","coordinates":[-77.25451,38.665]},"properties":{"id":"node/9913243057","name":"Yaneth International Hair Salon","group":"personal_care","category":"shop=hairdresser","tags":";hairdresser;"}},{"type":"Feature","geometry":{"type":"Point","coordinates":[-77.25446,38.66504]},"properties":{"id":"node/9913243058","name":"Woodbridge VIP Cleaners","group":"services","category":"shop=dry_cleaning","tags":";dry_cleaning;"}},{"type":"Feature","geometry":{"type":"Point","coordinates":[-77.25428,38.66516]},"properties":{"id":"node/9913243059","name":"Tipicos Do\u00f1a Juanita","group":"food","category":"amenity=restaurant","cuisine":"salvadoran","tags":";salvadoran;restaurant;"}},{"type":"Feature","geometry":{"type":"Point","coordinates":[-77.25373,38.66484]},"properties":{"id":"node/9913243060","name":"Top Nails","group":"personal_care","category":"shop=beauty","tags":";beauty;nails;"}},{"type":"Feature","geometry":{"type":"Point","coordinates":[-77.25369,38.66481]},"properties":{"id":"node/9913243061","name":"Clippers Barber Shop","group":"personal_care","category":"shop=hairdresser","tags":";hairdresser;barber;"}},{"type":"Feature","geometry":{"type":"Point","coordinates":[-77.25364,38.66477]},"properties":{"id":"node/9913243062","name":"Joyeria Teresa","group":"shopping","category":"shop=jewelry","tags":";jewelry;"}},{"type":"Feature","geometry":{"type":"Point","coordinates":[-77.25359,38.66473]},"properties":{"id":"node/9913243063","name":"Pizza Palace","group":"food","category":"amenity=restaurant","cuisine":"pizza","tags":";pizza;restaurant;"}},{"type":"Feature","geometry":{"type":"Point","coordinates":[-77.25355,38.66469]},"properties":{"id":"node/9913243064","name":"Celebrations de Todo","group":"shopping","category":"shop=party","tags":";party;"}},{"type":"Feature","geometry":{"type":"Point","coordinates":[-77.25346,38.6646]},"properties":{"id":"node/9913243066","name":"Pak Bazaar","group":"groceries","category":"shop=supermarket","tags":";supermarket;"}},{"type":"Feature","geometry":{"type":"Point","coordinates":[-77.25342,38.66456]},"properties":{"id":"node/9913243067","name":"Xela Kabob","group":"food","category":"amenity=fast_food","cuisine":"sandwich","tags":";sandwich;fast_food;"}},{"type":"Feature","geometry":{"type":"Point","coordinates":[-77.25335,38.66449]},"properties":{"id":"node/9913243068","name":"Hunan D'Lite","group":"food","category":"amenity=restaurant","cuisine":"asian;chinese;thai","tags":";asian;chinese;thai;restaurant;"}},{"type":"Feature","geometry":{"type":"Point","coordinates":[-77.2532,38.66435]},"properties":{"id":"node/9913243069","name":"La Despensa Grocery & Deli","group":"groceries","category":"shop=supermarket","tags":";supermarket;"}},{"type":"Feature","geometry":{"type":"Point","coordinates":[-77.25307,38.66424]},"properties":{"id":"node/9913243070","name":"Happy Laundromat","group":"services","category":"shop=laundry","housenumber":"13291","street":"Occoquan Road","city":"Woodbridge","postcode":"22191","tags":";laundry;"}},{"type":"Feature","geometry":{"type":"Point","coordinates":[-77.25426,38.6637]},"properties":{"id":"node/9928527011","name":"Lake-Wood Auto Service","group":"services","category":"shop=car_repair","tags":";car_repair;"}},{"type":"Feature","geometry":{"type":"Point","coordinates":[-77.25439,38.66389]},"properties":{"id":"node/9928527012","name":"Leonard Splaine Co.","group":"services","category":"craft=hvac","tags":";hvac;"}},{"type":"Feature","geometry":{"type":"Point","coordinates":[-77.25377,38.66332]},"properties":{"id":"node/9928585141","name":"De'Unique Salon","group":"personal_care","category":"shop=hairdresser","tags":";hairdresser;"}},{"type":"Feature","geometry":{"type":"Point","coordinates":[-77.24711,38.65084]},"properties":{"id":"node/9969529181","name":"Belmont Bay Small Engine Repair LLC","group":"services","category":"shop=motorcycle_repair","hours":"Mo-Fr 10:00-18:00; Sa 10:00-14:00","phone":"+1-703-494-9675","website":"https://belmont-bay-small-engine-repair.business.site","housenumber":"1210","street":"Cannons Court","city":"Woodbridge","postcode":"22191","tags":";motorcycle_repair;"}},{"type":"Feature","geometry":{"type":"Point","coordinates":[-77.25468,38.66337]},"properties":{"id":"node/10038208502","name":"Woodbridge Inn","group":"food","category":"amenity=bar","tags":";bar;"}},{"type":"Feature","geometry":{"type":"Point","coordinates":[-77.2545,38.66344]},"properties":{"id":"node/10038208503","name":"Woodbridge Laundromat","group":"services","category":"shop=laundry","tags":";laundry;"}},{"type":"Feature","geometry":{"type":"Point","coordinates":[-77.25434,38.66298]},"properties":{"id":"node/10038221449","name":"In The Cut","group":"personal_care","category":"shop=hairdresser","tags":";hairdresser;"}},{"type":"Feature","geometry":{"type":"Point","coordinates":[-77.25427,38.66288]},"properties":{"id":"node/10038221451","name":"Lea's European Kitchen","group":"food","category":"amenity=restaurant","tags":";restaurant;"}},{"type":"Feature","geometry":{"type":"Point","coordinates":[-77.26827,38.63898]},"properties":{"id":"node/10039917366","name":"Do\u00f1a Tere","group":"food","category":"amenity=restaurant","cuisine":"salvadoran","tags":";salvadoran;restaurant;"}},{"type":"Feature","geometry":{"type":"Point","coordinates":[-77.26882,38.63919]},"properties":{"id":"node/10039917367","name":"Salon Hispano","group":"personal_care","category":"shop=hairdresser","tags":";hairdresser;"}},{"type":"Feature","geometry":{"type":"Point","coordinates":[-77.26901,38.63882]},"properties":{"id":"node/10039917368","name":"El Establo Bar & Grill","group":"food","category":"amenity=restaurant","tags":";restaurant;"}},{"type":"Feature","geometry":{"type":"Point","coordinates":[-77.26877,38.6393]},"properties":{"id":"node/10039917369","name":"Casa De Fiesta Dina","group":"shopping","category":"shop=clothes","tags":";clothes;"}},{"type":"Feature","geometry":{"type":"Point","coordinates":[-77.26874,38.63935]},"properties":{"id":"node/10039917370","name":"El Molino","group":"food","category":"shop=bakery","tags":";bakery;"}},{"type":"Feature","geometry":{"type":"Point","coordinates":[-77.26872,38.6394]},"properties":{"id":"node/10039917371","name":"Pollo Latino A La Brasa","group":"food","category":"amenity=restaurant","cuisine":"peruvian","tags":";peruvian;restaurant;"}},{"type":"Feature","geometry":{"type":"Point","coordinates":[-77.26869,38.63945]},"properties":{"id":"node/10039917372","name":"Tienda Y Joyeria Dina","group":"shopping","category":"shop=jewelry","tags":";jewelry;"}},{"type":"Feature","geometry":{"type":"Point","coordinates":[-77.26854,38.63972]},"properties":{"id":"node/10039917374","name":"Americana Grocery","group":"groceries","category":"shop=supermarket","tags":";supermarket;"}},{"type":"Feature","geometry":{"type":"Point","coordinates":[-77.26843,38.64005]},"properties":{"id":"node/10039917396","name":"La Neveria Michoacana","group":"food","category":"amenity=ice_cream","tags":";ice_cream;"}},{"type":"Feature","geometry":{"type":"Point","coordinates":[-77.26848,38.64015]},"properties":{"id":"node/10039917397","name":"Soul Cakes by Tanya","group":"food","category":"shop=bakery","tags":";bakery;"}},{"type":"Feature","geometry":{"type":"Point","coordinates":[-77.2685,38.64035]},"properties":{"id":"node/10039917398","name":"Pho Golden Express","group":"food","category":"amenity=restaurant","cuisine":"vietnamese","tags":";vietnamese;restaurant;"}},{"type":"Feature","geometry":{"type":"Point","coordinates":[-77.26843,38.64051]},"properties":{"id":"node/10039917399","name":"Dominican House of Beauty","group":"personal_care","category":"shop=hairdresser","tags":";hairdresser;"}},{"type":"Feature","geometry":{"type":"Point","coordinates":[-77.26836,38.64064]},"properties":{"id":"node/10039917402","name":"Woodbridge International African Market","group":"groceries","category":"shop=convenience","tags":";convenience;"}},{"type":"Feature","geometry":{"type":"Point","coordinates":[-77.26889,38.64095]},"properties":{"id":"node/10039921717","name":"Latin Beauty Salon","group":"personal_care","category":"shop=hairdresser","tags":";hairdresser;"}},{"type":"Feature","geometry":{"type":"Point","coordinates":[-77.26829,38.64076]},"properties":{"id":"node/10039921736","name":"Auto Spectrum Body Shop Supply","group":"shopping","category":"shop=paint","tags":";paint;"}},{"type":"Feature","geometry":{"type":"Point","coordinates":[-77.26754,38.64097]},"properties":{"id":"node/10039921737","name":"Baldino's Lock & Key","group":"services","category":"shop=locksmith","tags":";locksmith;"}},{"type":"Feature","geometry":{"type":"Point","coordinates":[-77.26781,38.64105]},"properties":{"id":"node/10039921739","name":"Pamela's Ventures","group":"personal_care","category":"shop=beauty","tags":";beauty;"}},{"type":"Feature","geometry":{"type":"Point","coordinates":[-77.26779,38.64105]},"properties":{"id":"node/10039921740","name":"African Queen Braiding","group":"personal_care","category":"shop=hairdresser","tags":";hairdresser;braiding;"}},{"type":"Feature","geometry":{"type":"Point","coordinates":[-77.26774,38.64122]},"properties":{"id":"node/10039921741","name":"Woodbridge Glass","group":"services","category":"craft=glaziery","tags":";glaziery;"}},{"type":"Feature","geometry":{"type":"Point","coordinates":[-77.20039,38.16311]},"properties":{"id":"node/10303078010","name":"Bo's Market Place","group":"shopping","category":"shop=gift","tags":";gift;"}},{"type":"Feature","geometry":{"type":"Point","coordinates":[-77.15034,38.22919]},"properties":{"id":"node/10303102709","name":"All Makes Auto","group":"services","category":"shop=car_repair","tags":";car_repair;"}},{"type":"Feature","geometry":{"type":"Point","coordinates":[-77.16136,38.20249]},"properties":{"id":"node/10303119309","name":"Gardening Gays Farm","group":"groceries","category":"shop=farm","hours":"Mo,Th,Fr,Sa 10:00-17:00; Su 10:00-15:00","phone":"+1-540-709-1171","housenumber":"15267","street":"James Madison Parkway","city":"King George","postcode":"22485-3225","tags":";farm;"}},{"type":"Feature","geometry":{"type":"Point","coordinates":[-77.23754,38.31374]},"properties":{"id":"node/10305268411","name":"Accurate Auto Parts","group":"shopping","category":"shop=car_parts","tags":";car_parts;"}},{"type":"Feature","geometry":{"type":"Point","coordinates":[-77.14321,38.26334]},"properties":{"id":"node/10313637515","name":"Minter's Towing & Repair","group":"services","category":"shop=car_repair","phone":"+1 540-775-5959","website":"https://www.minterstowingandrepair.com/","housenumber":"10533","street":"James Madison Parkway","tags":";car_repair;"}},{"type":"Feature","geometry":{"type":"Point","coordinates":[-77.14234,38.25638]},"properties":{"id":"node/10313637516","name":"Ray's Lawnmower & Automotive Repair","group":"services","category":"shop=car_repair","tags":";car_repair;"}},{"type":"Feature","geometry":{"type":"Point","coordinates":[-77.19202,38.17111]},"properties":{"id":"node/10313637616","name":"B&L Trailers","group":"shopping","category":"shop=car","tags":";car;"}},{"type":"Feature","geometry":{"type":"Point","coordinates":[-77.1442,38.26175]},"properties":{"id":"node/10313637713","name":"Minter's Auto Body","group":"services","category":"shop=car_repair","hours":"Mo-Fr 08:00-17:00; Sa-Su off","phone":"+1 540-775-4774","housenumber":"11050","street":"James Madison Parkway","city":"King George","postcode":"22485","tags":";car_repair;"}},{"type":"Feature","geometry":{"type":"Point","coordinates":[-77.14961,38.24149]},"properties":{"id":"node/10313637714","name":"SRT Auto Sales","group":"shopping","category":"shop=car","phone":"+1 540-376-7639","housenumber":"12356","street":"James Madison Parkway","tags":";car;"}},{"type":"Feature","geometry":{"type":"Point","coordinates":[-77.19292,38.17074]},"properties":{"id":"node/10313637717","name":"Blue Bar Bakery","group":"food","category":"shop=bakery","tags":";bakery;"}},{"type":"Feature","geometry":{"type":"Point","coordinates":[-77.14357,38.26703]},"properties":{"id":"node/10313637912","name":"SYTYS AUTO","group":"shopping","category":"shop=car","hours":"Mo-Sa 10:00-18:00","phone":"+1-540-681-3303","website":"https://www.sytysauto.com","housenumber":"10376","street":"James Madison Parkway","city":"King George","postcode":"22485","tags":";car;"}},{"type":"Feature","geometry":{"type":"Point","coordinates":[-77.26046,38.60014]},"properties":{"id":"node/10771850379","name":"Potomac House Boat Brokerage","group":"shopping","category":"shop=boat","tags":";boat;"}},{"type":"Feature","geometry":{"type":"Point","coordinates":[-77.25709,38.661]},"properties":{"id":"node/11014529854","name":"Junction Pet Supplies","group":"shopping","category":"shop=pet","housenumber":"1338","street":"Horner Road","city":"Woodbridge","postcode":"22191","tags":";pet;"}},{"type":"Feature","geometry":{"type":"Point","coordinates":[-77.26516,38.67563]},"properties":{"id":"node/11132441518","name":"The Dry Cleaner","group":"services","category":"shop=dry_cleaning","tags":";dry_cleaning;"}},{"type":"Feature","geometry":{"type":"Point","coordinates":[-77.2651,38.67581]},"properties":{"id":"node/11132441520","name":"Rahama African Market","group":"groceries","category":"shop=convenience","tags":";convenience;"}},{"type":"Feature","geometry":{"type":"Point","coordinates":[-77.26506,38.67592]},"properties":{"id":"node/11132441522","name":"Osaka Steak House & Japanese Sushi","group":"food","category":"amenity=restaurant","cuisine":"japanese","tags":";japanese;restaurant;sushi;"}},{"type":"Feature","geometry":{"type":"Point","coordinates":[-77.26503,38.67599]},"properties":{"id":"node/11132441523","name":"Omega Boutique","group":"shopping","category":"shop=clothes","tags":";clothes;"}},{"type":"Feature","geometry":{"type":"Point","coordinates":[-77.26502,38.67605]},"properties":{"id":"node/11132441525","name":"Rahama African Restaurant & Catering","group":"food","category":"amenity=restaurant","cuisine":"african","tags":";african;restaurant;"}},{"type":"Feature","geometry":{"type":"Point","coordinates":[-77.26497,38.67618]},"properties":{"id":"node/11132441527","name":"JC Nails & Spa","group":"personal_care","category":"shop=beauty","tags":";beauty;nails;spa;"}},{"type":"Feature","geometry":{"type":"Point","coordinates":[-77.26447,38.67657]},"properties":{"id":"node/11132441542","name":"Sasha Spa Massage","group":"personal_care","category":"shop=massage","tags":";massage;spa;"}},{"type":"Feature","geometry":{"type":"Point","coordinates":[-77.26424,38.67559]},"properties":{"id":"node/11132441560","name":"Vallora","group":"personal_care","category":"shop=beauty","tags":";beauty;"}},{"type":"Feature","geometry":{"type":"Point","coordinates":[-77.26871,38.63587]},"properties":{"id":"node/11372381060","name":"Mandad Medical Supply","group":"groceries","category":"shop=medical_supply","tags":";medical_supply;"}},{"type":"Feature","geometry":{"type":"Point","coordinates":[-77.2685,38.63575]},"properties":{"id":"node/11372381061","name":"VIP Barber","group":"personal_care","category":"shop=hairdresser","tags":";hairdresser;barber;"}},{"type":"Feature","geometry":{"type":"Point","coordinates":[-77.26844,38.63572]},"properties":{"id":"node/11372381062","name":"Featherstone Cleaners","group":"services","category":"shop=dry_cleaning","tags":";dry_cleaning;"}},{"type":"Feature","geometry":{"type":"Point","coordinates":[-77.26833,38.63566]},"properties":{"id":"node/11372381063","name":"Halima African Hair Braiding","group":"personal_care","category":"shop=hairdresser","tags":";hairdresser;braiding;"}},{"type":"Feature","geometry":{"type":"Point","coordinates":[-77.26815,38.63557]},"properties":{"id":"node/11372381064","name":"Rocco Chicken","group":"food","category":"amenity=restaurant","cuisine":"chicken","tags":";chicken;restaurant;"}},{"type":"Feature","geometry":{"type":"Point","coordinates":[-77.26794,38.63546]},"properties":{"id":"node/11372381066","name":"Irie Caribbean Restaurant","group":"food","category":"amenity=restaurant","cuisine":"caribbean","tags":";caribbean;restaurant;"}},{"type":"Feature","geometry":{"type":"Point","coordinates":[-77.26811,38.63462]},"properties":{"id":"node/11372384607","name":"Featherstone Laundromat","group":"services","category":"shop=laundry","tags":";laundry;"}},{"type":"Feature","geometry":{"type":"Point","coordinates":[-77.26979,38.63481]},"properties":{"id":"node/11372384623","name":"China House","group":"food","category":"amenity=restaurant","cuisine":"chinese","tags":";chinese;restaurant;"}},{"type":"Feature","geometry":{"type":"Point","coordinates":[-77.27005,38.63485]},"properties":{"id":"node/11372384624","name":"Black Friday Daily Deals","group":"groceries","category":"shop=variety_store","tags":";variety_store;"}},{"type":"Feature","geometry":{"type":"Point","coordinates":[-77.272,38.57394]},"properties":{"id":"node/11498451601","name":"AB's Nutrition","group":"food","category":"amenity=cafe","cuisine":"juice","housenumber":"1801","street":"Potomac Shores Parkway","city":"Dumfries","postcode":"22026","tags":";juice;cafe;"}},{"type":"Feature","geometry":{"type":"Point","coordinates":[-77.07144,38.34059]},"properties":{"id":"node/11512213273","name":"Jin Express","group":"food","category":"amenity=restaurant","cuisine":"chinese","hours":"Mo-Sa 11:00-21:00","phone":"+1-540-644-1688","housenumber":"15413","street":"Dahlgren Road","city":"King George","postcode":"22485","tags":";chinese;restaurant;"}},{"type":"Feature","geometry":{"type":"Point","coordinates":[-77.07154,38.34027]},"properties":{"id":"node/11512213277","name":"C Nail 2 & Spa","group":"personal_care","category":"shop=beauty","hours":"Mo-Fr 09:00-20:00; Sa 09:00-19:00; Su 09:00-18:00","phone":"+1-540-644-1440","housenumber":"15421","street":"Dahlgren Road","city":"King George","postcode":"22485","tags":";beauty;nails;spa;"}},{"type":"Feature","geometry":{"type":"Point","coordinates":[-77.07155,38.34024]},"properties":{"id":"node/11512213278","name":"Sareby's Beauty Supply","group":"personal_care","category":"shop=beauty","hours":"Mo-Sa 10:00-19:00","phone":"+1-540-625-2133","housenumber":"15423","street":"Dahlgren Road","city":"King George","postcode":"22485","tags":";beauty;"}},{"type":"Feature","geometry":{"type":"Point","coordinates":[-77.26114,38.68447]},"properties":{"id":"node/11817030399","name":"Toynado Alley","group":"shopping","category":"shop=collector","tags":";collector;"}},{"type":"Feature","geometry":{"type":"Point","coordinates":[-77.26111,38.68445]},"properties":{"id":"node/11817030400","name":"So Bohemian","group":"shopping","category":"shop=clothes","tags":";clothes;"}},{"type":"Feature","geometry":{"type":"Point","coordinates":[-77.26108,38.68442]},"properties":{"id":"node/11817030401","name":"Man Overboard","group":"shopping","category":"shop=antiques","tags":";antiques;"}},{"type":"Feature","geometry":{"type":"Point","coordinates":[-77.26104,38.6844]},"properties":{"id":"node/11817030402","name":"Art A La Carte","group":"shopping","category":"shop=art","tags":";art;"}},{"type":"Feature","geometry":{"type":"Point","coordinates":[-77.2609,38.6843]},"properties":{"id":"node/11817048493","name":"Good Hair Day Salon","group":"personal_care","category":"shop=beauty","tags":";beauty;"}},{"type":"Feature","geometry":{"type":"Point","coordinates":[-77.26082,38.68423]},"properties":{"id":"node/11817048494","name":"Jerry's Occoquan Jewelers","group":"shopping","category":"shop=jewelry","tags":";jewelry;"}},{"type":"Feature","geometry":{"type":"Point","coordinates":[-77.26074,38.68418]},"properties":{"id":"node/11817048497","name":"Potomac Chocolate","group":"food","category":"shop=chocolate","tags":";chocolate;"}},{"type":"Feature","geometry":{"type":"Point","coordinates":[-77.26071,38.68416]},"properties":{"id":"node/11817048498","name":"Ballywhack Shack","group":"food","category":"amenity=fast_food","cuisine":"hot_dog","tags":";hot_dog;fast_food;"}},{"type":"Feature","geometry":{"type":"Point","coordinates":[-77.2606,38.68397]},"properties":{"id":"node/11817048499","name":"Organic Allure","group":"shopping","category":"shop=gift","tags":";gift;"}},{"type":"Feature","geometry":{"type":"Point","coordinates":[-77.26058,38.68406]},"properties":{"id":"node/11817048500","name":"Curate","group":"personal_care","category":"shop=cosmetics","tags":";cosmetics;"}},{"type":"Feature","geometry":{"type":"Point","coordinates":[-77.26038,38.68387]},"properties":{"id":"node/11817071764","name":"Andre Sorano Atelier","group":"shopping","category":"shop=clothes","tags":";clothes;"}},{"type":"Feature","geometry":{"type":"Point","coordinates":[-77.26004,38.68233]},"properties":{"id":"node/11817084387","name":"The Golden Plum","group":"food","category":"shop=bakery","hours":"Su 08:00-18:00; Mo-Fr 07:00-19:00; Sa 08:00-19:00","phone":"+1 703-497-7437","website":"https://momsapplepieco.com/","housenumber":"126","street":"Commerce Street","postcode":"22125","tags":";bakery;"}},{"type":"Feature","geometry":{"type":"Point","coordinates":[-77.26014,38.68232]},"properties":{"id":"node/11817084388","name":"Ballywhack Shack Cafe","group":"food","category":"amenity=cafe","tags":";cafe;"}},{"type":"Feature","geometry":{"type":"Point","coordinates":[-77.26017,38.68376]},"properties":{"id":"node/11817091970","name":"Forever Young","group":"personal_care","category":"shop=beauty","tags":";beauty;"}},{"type":"Feature","geometry":{"type":"Point","coordinates":[-77.2599,38.68333]},"properties":{"id":"node/11817091983","name":"Salon 8 Hair & Nails Spa","group":"personal_care","category":"shop=beauty","tags":";beauty;nails;spa;"}},{"type":"Feature","geometry":{"type":"Point","coordinates":[-77.26055,38.68372]},"properties":{"id":"node/11817091984","name":"Zorba's Grill","group":"food","category":"amenity=restaurant","tags":";restaurant;"}},{"type":"Feature","geometry":{"type":"Point","coordinates":[-77.23376,38.65436]},"properties":{"id":"node/12024652457","name":"The Honee Pot","group":"personal_care","category":"shop=beauty","housenumber":"555","street":"Harbor Side Street","city":"Woodbridge","postcode":"22191","tags":";beauty;"}},{"type":"Feature","geometry":{"type":"Point","coordinates":[-77.23365,38.65427]},"properties":{"id":"node/12024652458","name":"The Spot at Belmont Bay","group":"food","category":"amenity=restaurant","cuisine":"american","housenumber":"551","street":"Harbor Side Street","city":"Woodbridge","postcode":"22191","tags":";american;restaurant;"}},{"type":"Feature","geometry":{"type":"Point","coordinates":[-77.23418,38.65469]},"properties":{"id":"node/12024674294","name":"Harbor Side Market","group":"groceries","category":"shop=convenience","housenumber":"571","street":"Harbor Side Street","city":"Woodbridge","postcode":"22191","tags":";convenience;"}},{"type":"Feature","geometry":{"type":"Point","coordinates":[-77.23449,38.65495]},"properties":{"id":"node/12024674363","name":"Zenmi Barber, Beauty & Nails","group":"personal_care","category":"shop=beauty","housenumber":"613","street":"Harbor Side Street","city":"Woodbridge","postcode":"22191","tags":";beauty;barber;nails;"}},{"type":"Feature","geometry":{"type":"Point","coordinates":[-77.26935,38.57629]},"properties":{"id":"node/12212672730","name":"Tidewater Grill","group":"food","category":"amenity=restaurant","cuisine":"american","tags":";american;restaurant;"}},{"type":"Feature","geometry":{"type":"Point","coordinates":[-77.26716,38.63847]},"properties":{"id":"node/12217444253","name":"Lempa Supermarket","group":"groceries","category":"shop=supermarket","cuisine":"latin_american","housenumber":"1640","street":"Woodside Drive","city":"Woodbridge","postcode":"22191","tags":";latin_american;supermarket;"}},{"type":"Feature","geometry":{"type":"Point","coordinates":[-77.26765,38.6383]},"properties":{"id":"node/12217444254","name":"Tobacco Hutt","group":"shopping","category":"shop=tobacco","housenumber":"14455","street":"Richmond Highway","city":"Woodbridge","postcode":"22191","tags":";tobacco;"}},{"type":"Feature","geometry":{"type":"Point","coordinates":[-77.26746,38.63846]},"properties":{"id":"node/12217444255","name":"Sheger Ethiopian Supermarket","group":"groceries","category":"shop=supermarket","housenumber":"14455","street":"Richmond Highway","city":"Woodbridge","postcode":"22191","tags":";supermarket;"}},{"type":"Feature","geometry":{"type":"Point","coordinates":[-77.2673,38.63861]},"properties":{"id":"node/12217444256","name":"La Taza Cafe & Bakery","group":"food","category":"amenity=cafe","cuisine":"salvadoran","housenumber":"14455","street":"Richmond Highway","city":"Woodbridge","postcode":"22191","tags":";salvadoran;cafe;bakery;"}},{"type":"Feature","geometry":{"type":"Point","coordinates":[-77.26735,38.63857]},"properties":{"id":"node/12217444257","name":"Best Desi Bazaar","group":"groceries","category":"shop=supermarket","housenumber":"14455","street":"Richmond Highway","city":"Woodbridge","postcode":"22191","tags":";supermarket;"}},{"type":"Feature","geometry":{"type":"Point","coordinates":[-77.2674,38.63852]},"properties":{"id":"node/12217444258","name":"La Roca Pupuseria Y Taqueria","group":"food","category":"amenity=restaurant","cuisine":"salvadoran","housenumber":"14455","street":"Richmond Highway","city":"Woodbridge","postcode":"22191","tags":";salvadoran;restaurant;mexican;"}},{"type":"Feature","geometry":{"type":"Point","coordinates":[-77.26752,38.63841]},"properties":{"id":"node/12217444259","name":"Gaby's Hair Salon","group":"personal_care","category":"shop=hairdresser","housenumber":"14455","street":"Richmond Highway","city":"Woodbridge","postcode":"22191","tags":";hairdresser;"}},{"type":"Feature","geometry":{"type":"Point","coordinates":[-77.26758,38.63836]},"properties":{"id":"node/12217444260","name":"Don Alberto's Charcoal Chicken","group":"food","category":"amenity=restaurant","cuisine":"chicken","housenumber":"14455","street":"Richmond Highway","city":"Woodbridge","postcode":"22191","tags":";chicken;restaurant;"}},{"type":"Feature","geometry":{"type":"Point","coordinates":[-77.24405,38.66977]},"properties":{"id":"node/12281917519","name":"Mixology Hair Salon","group":"personal_care","category":"shop=hairdresser","housenumber":"13200","street":"Marina Way","city":"Woodbridge","postcode":"22191","tags":";hairdresser;"}},{"type":"Feature","geometry":{"type":"Point","coordinates":[-77.261,38.68389]},"properties":{"id":"node/12323630596","name":"Cock and Bowl","group":"food","category":"amenity=restaurant","cuisine":"belgian","website":"https://www.cockandbowl.com/","housenumber":"302","street":"Poplar Alley","city":"Occoquan","postcode":"22125","tags":";belgian;restaurant;"}},{"type":"Feature","geometry":{"type":"Point","coordinates":[-77.26025,38.68412]},"properties":{"id":"node/12323635461","name":"D'Rocco's","group":"food","category":"amenity=restaurant","cuisine":"italian","housenumber":"301","street":"Mill Street","city":"Occoquan","postcode":"22125","tags":";italian;restaurant;"}},{"type":"Feature","geometry":{"type":"Point","coordinates":[-77.2608,38.6846]},"properties":{"id":"node/12323667671","name":"Bottle Stop Wine Bar","group":"food","category":"amenity=bar","website":"https://www.bottlestopva.com/","housenumber":"311","street":"Mill Street","city":"Occoquan","postcode":"22125","tags":";bar;"}},{"type":"Feature","geometry":{"type":"Point","coordinates":[-77.20687,38.27796]},"properties":{"id":"node/12323737814","name":"King George Chinese Restaurant","group":"food","category":"amenity=restaurant","cuisine":"chinese","phone":"+1-540-775-5055","housenumber":"8137","street":"Kings Highway","city":"King George","postcode":"22485","tags":";chinese;restaurant;"}},{"type":"Feature","geometry":{"type":"Point","coordinates":[-77.20657,38.27789]},"properties":{"id":"node/12323737818","name":"El Charro","group":"food","category":"amenity=restaurant","cuisine":"mexican","hours":"Mo-Th 11:00-21:00; Fr-Sa 11:00-22:00","phone":"+1-540-775-0680","website":"https://www.elcharrokg.com/","housenumber":"8145","street":"Kings Highway","city":"King George","postcode":"22485","tags":";mexican;restaurant;takeout;"}},{"type":"Feature","geometry":{"type":"Point","coordinates":[-77.05081,38.33651]},"properties":{"id":"node/12323748167","name":"Roma Pizza","group":"food","category":"amenity=restaurant","cuisine":"pizza","hours":"Mo-Th 11:00-21:00 open \"Grill and Bar\" || Fr-Sa 11:00-22:00 open \"Grill and Bar\" || Su 11:00-21:00 open \"Grill and Bar\" || Mo-Th 21:00-22:00 open \"Bar\" || Fr-Sa 22:00-02:00 open \"Bar\"","phone":"+1-540-663-2200","website":"https://romadahlgren.com/","housenumber":"5293","street":"Palivoda Drive","city":"King George","postcode":"22485","tags":";pizza;restaurant;delivery;"}},{"type":"Feature","geometry":{"type":"Point","coordinates":[-77.04935,38.32256]},"properties":{"id":"node/12323760238","name":"Machodoc Creek Cafe","group":"food","category":"amenity=cafe","cuisine":"seafood;breakfast;salad;sandwich;american","hours":"We-Su 11:00-15:00","phone":"+1-540-413-1007","website":"https://www.machodoccreekmarina.com/cafe","housenumber":"17088","street":"Ferry Dock Road","city":"King George","postcode":"22485","tags":";seafood;breakfast;salad;sandwich;american;cafe;outdoor_seating;wifi;"}},{"type":"Feature","geometry":{"type":"Point","coordinates":[-77.25869,38.67276]},"properties":{"id":"node/12407774447","name":"Yegna Ethiopian Market","group":"groceries","category":"shop=convenience","cuisine":"ethiopian","housenumber":"1415","street":"Old Bridge Road","city":"Woodbridge","postcode":"22192","tags":";ethiopian;convenience;"}},{"type":"Feature","geometry":{"type":"Point","coordinates":[-77.25861,38.67284]},"properties":{"id":"node/12407774449","name":"Old Bridge Tobacco","group":"shopping","category":"shop=tobacco","tags":";tobacco;"}},{"type":"Feature","geometry":{"type":"Point","coordinates":[-77.25855,38.67288]},"properties":{"id":"node/12407774450","name":"Kabob Zone","group":"food","category":"amenity=restaurant","cuisine":"pakistani;kabob;gyro","housenumber":"1403","street":"Old Bridge Road","city":"Woodbridge","postcode":"22192","tags":";pakistani;kabob;gyro;restaurant;halal;"}},{"type":"Feature","geometry":{"type":"Point","coordinates":[-77.25848,38.67291]},"properties":{"id":"node/12407774451","name":"Joy Nail Spa","group":"personal_care","category":"shop=beauty","housenumber":"1399","street":"Old Bridge Road","city":"Woodbridge","postcode":"22192","tags":";beauty;nails;spa;"}},{"type":"Feature","geometry":{"type":"Point","coordinates":[-77.25838,38.67298]},"properties":{"id":"node/12407774452","name":"Joy Day Spa","group":"personal_care","category":"shop=beauty","housenumber":"1391","street":"Old Bridge Road","city":"Woodbridge","postcode":"22192","tags":";beauty;spa;"}},{"type":"Feature","geometry":{"type":"Point","coordinates":[-77.25835,38.67304]},"properties":{"id":"node/12407774453","name":"Hibachi Express","group":"food","category":"amenity=restaurant","cuisine":"japanese","housenumber":"1383","street":"Old Bridge Road","city":"Woodbridge","postcode":"22192","tags":";japanese;restaurant;"}},{"type":"Feature","geometry":{"type":"Point","coordinates":[-77.25831,38.67308]},"properties":{"id":"node/12407774454","name":"Locksmith Outlet","group":"services","category":"shop=locksmith","housenumber":"1379","street":"Old Bridge Road","city":"Woodbridge","postcode":"22192","tags":";locksmith;"}},{"type":"Feature","geometry":{"type":"Point","coordinates":[-77.26169,38.17338]},"properties":{"id":"node/12813093853","name":"Betty's Inn","group":"groceries","category":"shop=convenience","housenumber":"22169","street":"Tidewater Trail","city":"Rappahannock Academy","postcode":"22538","tags":";convenience;"}},{"type":"Feature","geometry":{"type":"Point","coordinates":[-77.23389,38.65446]},"properties":{"id":"node/13056914584","name":"Tide & Treasures","group":"shopping","category":"shop=gift","housenumber":"559","street":"Harbor Side Street","city":"Woodbridge","postcode":"22191","tags":";gift;"}},{"type":"Feature","geometry":{"type":"Point","coordinates":[-77.14698,38.19302]},"properties":{"id":"node/13174052766","name":"Creekside Farm Brewery","group":"food","category":"craft=brewery","hours":"Th-Fr 15:00-21:00; Sa 12:00-21:00; Su 12:00-18:00","phone":"+1-540-228-4961","website":"https://creeksidefarmbrewery.com","housenumber":"15492","street":"Creekside Ln","city":"King George","postcode":"22485","tags":";brewery;wheelchair_accessible;"}},{"type":"Feature","geometry":{"type":"Point","coordinates":[-77.25424,38.63028]},"properties":{"id":"node/13426919545","name":"Farm Cafe","group":"food","category":"amenity=restaurant","cuisine":"american","housenumber":"14850","street":"Farm Creek Drive","city":"Woodbridge","postcode":"22191","tags":";american;restaurant;"}},{"type":"Feature","geometry":{"type":"Point","coordinates":[-77.25431,38.63014]},"properties":{"id":"node/13426919546","name":"Stan Rollison's Automotive Services","group":"services","category":"shop=car_repair","housenumber":"14852","street":"Farm Creek Drive","city":"Woodbridge","postcode":"22191","tags":";car_repair;"}},{"type":"Feature","geometry":{"type":"Point","coordinates":[-77.25535,38.62763]},"properties":{"id":"node/13426973899","name":"Autopart International","group":"shopping","category":"shop=car_parts","housenumber":"14970","street":"Farm Creek Drive","city":"Woodbridge","postcode":"22191","tags":";car_parts;"}},{"type":"Feature","geometry":{"type":"Point","coordinates":[-77.2554,38.62622]},"properties":{"id":"node/13426985611","name":"Imperial Paint & Body","group":"services","category":"craft=car_painter","housenumber":"15004","street":"Farm Creek Drive","city":"Woodbridge","postcode":"22191","tags":";car_painter;"}},{"type":"Feature","geometry":{"type":"Point","coordinates":[-77.14521,38.26549]},"properties":{"id":"node/13699933401","name":"Big Dog Outfitters","group":"shopping","category":"shop=outdoor","website":"https://bigdog-outfitters.com/","housenumber":"11463","street":"Ridge Road","tags":";outdoor;"}},{"type":"Feature","geometry":{"type":"Point","coordinates":[-77.26043,38.68433]},"properties":{"id":"node/13721296824","name":"Mill Street Sweets","group":"food","category":"amenity=ice_cream","hours":"Su-Th 12:00-20:00, Fr-Sa 12:00-21:00","phone":"+1-703-760-3105","website":"https://millstreetsweetsreviews.com/","housenumber":"305","street":"Mill Street","city":"Occoquan","postcode":"22125","tags":";ice_cream;"}},{"type":"Feature","geometry":{"type":"Point","coordinates":[-77.27329,38.63089]},"properties":{"id":"node/13762138878","name":"MAS Auto Stereo","group":"shopping","category":"shop=car_parts","housenumber":"14838","street":"Buildamerica Drive","city":"Woodbridge","postcode":"22191","tags":";car_parts;"}},{"type":"Feature","geometry":{"type":"Point","coordinates":[-77.27324,38.63093]},"properties":{"id":"node/13762138879","name":"Tobacco Zone","group":"shopping","category":"shop=tobacco","housenumber":"14836","street":"Buildamerica Drive","city":"Woodbridge","postcode":"22191","tags":";tobacco;"}},{"type":"Feature","geometry":{"type":"Point","coordinates":[-77.27308,38.63116]},"properties":{"id":"node/13762138882","name":"Aburi Gardens","group":"food","category":"amenity=restaurant","cuisine":"african","housenumber":"14830","street":"Buildamerica Drive","city":"Woodbridge","postcode":"22191","tags":";african;restaurant;"}},{"type":"Feature","geometry":{"type":"Point","coordinates":[-77.27296,38.63132]},"properties":{"id":"node/13762138884","name":"Woodbridge Printing Company","group":"services","category":"shop=copyshop","housenumber":"14826","street":"Buildamerica Drive","city":"Woodbridge","postcode":"22191","tags":";copyshop;"}},{"type":"Feature","geometry":{"type":"Point","coordinates":[-77.27291,38.63137]},"properties":{"id":"node/13762138885","name":"L & Y Electronics","group":"shopping","category":"shop=electronics","housenumber":"14824","street":"Buildamerica Drive","city":"Woodbridge","postcode":"22191","tags":";electronics;"}},{"type":"Feature","geometry":{"type":"Point","coordinates":[-77.27275,38.63159]},"properties":{"id":"node/13762138887","name":"Blaze-N-Cuts","group":"personal_care","category":"shop=hairdresser","housenumber":"14818","street":"Buildamerica Drive","city":"Woodbridge","postcode":"22191","tags":";hairdresser;"}},{"type":"Feature","geometry":{"type":"Point","coordinates":[-77.27269,38.63168]},"properties":{"id":"node/13762138888","name":"Taza Bazar","group":"groceries","category":"shop=supermarket","housenumber":"14816","street":"Buildamerica Drive","city":"Woodbridge","postcode":"22191","tags":";supermarket;"}},{"type":"Feature","geometry":{"type":"Point","coordinates":[-77.27252,38.63188]},"properties":{"id":"node/13762252505","name":"Hajara's Market","group":"groceries","category":"shop=supermarket","housenumber":"14812","tags":";supermarket;"}},{"type":"Feature","geometry":{"type":"Point","coordinates":[-77.27239,38.63204]},"properties":{"id":"node/13762252506","name":"Ali Grocery & Halal Meat","group":"services","category":"shop=window_tinting","housenumber":"14808","street":"Buildamerica Drive","city":"Woodbridge","postcode":"22191","tags":";window_tinting;"}},{"type":"Feature","geometry":{"type":"Point","coordinates":[-77.27236,38.63211]},"properties":{"id":"node/13762252507","name":"Real Taste Chicken & Subs","group":"food","category":"amenity=fast_food","cuisine":"chicken","housenumber":"14806","street":"Buildamerica Drive","city":"Woodbridge","postcode":"22191","tags":";chicken;fast_food;sandwich;"}},{"type":"Feature","geometry":{"type":"Point","coordinates":[-77.2723,38.6322]},"properties":{"id":"node/13762252508","name":"Betaneya Ehtiopian Restaurant","group":"food","category":"amenity=restaurant","cuisine":"ethiopian","housenumber":"14804","street":"Buildamerica Drive","city":"Woodbridge","postcode":"22191","tags":";ethiopian;restaurant;"}},{"type":"Feature","geometry":{"type":"Point","coordinates":[-77.27224,38.63227]},"properties":{"id":"node/13762252509","name":"Dieu Donne Beauty Supply","group":"personal_care","category":"shop=hairdresser","housenumber":"14802","street":"Buildamerica Drive","city":"Woodbridge","postcode":"22191","tags":";hairdresser;"}},{"type":"Feature","geometry":{"type":"Point","coordinates":[-77.27218,38.63232]},"properties":{"id":"node/13762252510","name":"Rita's Hair Braiding","group":"personal_care","category":"shop=hairdresser","tags":";hairdresser;braiding;"}},{"type":"Feature","geometry":{"type":"Point","coordinates":[-77.27206,38.63248]},"properties":{"id":"node/13762252512","name":"Discount Cleaners","group":"services","category":"shop=dry_cleaning","housenumber":"14796","street":"Buildamerica Drive","city":"Woodbridge","postcode":"22191","tags":";dry_cleaning;"}},{"type":"Feature","geometry":{"type":"Point","coordinates":[-77.27203,38.63254]},"properties":{"id":"node/13762252513","name":"ZamZam Market","group":"groceries","category":"shop=supermarket","housenumber":"14794","street":"Buildamerica Drive","city":"Woodbridge","postcode":"22191","tags":";supermarket;"}},{"type":"Feature","geometry":{"type":"Point","coordinates":[-77.27196,38.63263]},"properties":{"id":"node/13762252514","name":"R & B Chicken and Seafood","group":"food","category":"amenity=restaurant","cuisine":"african","housenumber":"14792","street":"Buildamerica Drive","city":"Woodbridge","postcode":"22191","tags":";african;restaurant;chicken;seafood;"}},{"type":"Feature","geometry":{"type":"Point","coordinates":[-77.27191,38.6327]},"properties":{"id":"node/13762252515","name":"Kumasi Supermarket","group":"groceries","category":"shop=supermarket","housenumber":"14790","street":"Buildamerica Drive","city":"Woodbridge","postcode":"22191","tags":";supermarket;"}},{"type":"Feature","geometry":{"type":"Point","coordinates":[-77.27185,38.63275]},"properties":{"id":"node/13762252516","name":"Hybrid Tattoo","group":"personal_care","category":"shop=tattoo","housenumber":"14788","street":"Buildamerica Drive","city":"Woodbridge","postcode":"22191","tags":";tattoo;"}},{"type":"Feature","geometry":{"type":"Point","coordinates":[-77.27179,38.63284]},"properties":{"id":"node/13762252517","name":"Economy Thrift Tires","group":"services","category":"shop=tyres","housenumber":"14786","street":"Buildamerica Drive","city":"Woodbridge","postcode":"22191","tags":";tyres;"}},{"type":"Feature","geometry":{"type":"Point","coordinates":[-77.27148,38.63245]},"properties":{"id":"node/13762252527","name":"Laslo's Foreign Car Service","group":"services","category":"shop=car_repair","housenumber":"14747","street":"Buildamerica Drive","city":"Woodbridge","postcode":"22191","tags":";car_repair;"}},{"type":"Feature","geometry":{"type":"Point","coordinates":[-77.27164,38.63224]},"properties":{"id":"node/13762252528","name":"Rafa's RT1 Auto Repair","group":"services","category":"shop=car_repair","housenumber":"14759","street":"Buildamerica Drive","city":"Woodbridge","postcode":"22191","tags":";car_repair;"}},{"type":"Feature","geometry":{"type":"Point","coordinates":[-77.27169,38.63217]},"properties":{"id":"node/13762252529","name":"Woodbridge Motorcars","group":"services","category":"shop=car_repair","housenumber":"14763","street":"Buildamerica Drive","city":"Woodbridge","postcode":"22191","tags":";car_repair;"}},{"type":"Feature","geometry":{"type":"Point","coordinates":[-77.27175,38.63209]},"properties":{"id":"node/13762252530","name":"C & J Automotive","group":"services","category":"shop=car_repair","housenumber":"14767","street":"Buildamerica Drive","city":"Woodbridge","postcode":"22191","tags":";car_repair;"}},{"type":"Feature","geometry":{"type":"Point","coordinates":[-77.27181,38.63202]},"properties":{"id":"node/13762252531","name":"Miro's Foreign Car Service","group":"services","category":"shop=car_repair","housenumber":"14771","street":"Buildamerica Drive","city":"Woodbridge","postcode":"22191","tags":";car_repair;"}},{"type":"Feature","geometry":{"type":"Point","coordinates":[-77.27192,38.63187]},"properties":{"id":"node/13762252533","name":"Alex Automotive","group":"services","category":"shop=car_repair","housenumber":"14779","street":"Buildamerica Drive","city":"Woodbridge","postcode":"22191","tags":";car_repair;"}},{"type":"Feature","geometry":{"type":"Point","coordinates":[-77.27198,38.6318]},"properties":{"id":"node/13762252534","name":"Del Pueblo Auto Service","group":"services","category":"shop=car_repair","housenumber":"14783","street":"Buildamerica Drive","city":"Woodbridge","postcode":"22191","tags":";car_repair;"}},{"type":"Feature","geometry":{"type":"Point","coordinates":[-77.27169,38.63167]},"properties":{"id":"node/13762252535","name":"Wildfire Automotive","group":"services","category":"shop=car_repair","housenumber":"14785","street":"Buildamerica Drive","city":"Woodbridge","postcode":"22191","tags":";car_repair;"}},{"type":"Feature","geometry":{"type":"Point","coordinates":[-77.27158,38.63181]},"properties":{"id":"node/13762252539","name":"High-Tech Automotive","group":"services","category":"shop=car_repair","housenumber":"14777","street":"Buildamerica Drive","city":"Woodbridge","postcode":"22191","tags":";car_repair;"}},{"type":"Feature","geometry":{"type":"Point","coordinates":[-77.27151,38.63189]},"properties":{"id":"node/13762252540","name":"Bravo's Auto Repairs","group":"services","category":"shop=car_repair","housenumber":"14773","tags":";car_repair;"}},{"type":"Feature","geometry":{"type":"Point","coordinates":[-77.2714,38.63203]},"properties":{"id":"node/13762252542","name":"Kar-Tunes","group":"services","category":"shop=car_repair","housenumber":"14765","street":"Buildamerica Drive","city":"Woodbridge","postcode":"22191","tags":";car_repair;"}},{"type":"Feature","geometry":{"type":"Point","coordinates":[-77.27124,38.63225]},"properties":{"id":"node/13762252545","name":"Muffler Motorsports","group":"services","category":"shop=car_repair","tags":";car_repair;"}},{"type":"Feature","geometry":{"type":"Point","coordinates":[-77.27217,38.6315]},"properties":{"id":"node/13762252568","name":"Southeast Sheet Metal Contractors","group":"services","category":"craft=metal_construction","housenumber":"14787","street":"Buildamerica Drive","city":"Woodbridge","postcode":"22191","tags":";metal_construction;"}},{"type":"Feature","geometry":{"type":"Point","coordinates":[-77.27233,38.63127]},"properties":{"id":"node/13762252571","name":"E.M. Logan Inc.","group":"services","category":"craft=hvac","housenumber":"14799","street":"Buildamerica Drive","city":"Woodbridge","postcode":"22191","tags":";hvac;"}},{"type":"Feature","geometry":{"type":"Point","coordinates":[-77.27257,38.63099]},"properties":{"id":"node/13762252574","name":"Lhee Electric","group":"services","category":"craft=electrician","housenumber":"14815","street":"Buildamerica Drive","city":"Woodbridge","postcode":"22191","tags":";electrician;"}},{"type":"Feature","geometry":{"type":"Point","coordinates":[-77.27266,38.63084]},"properties":{"id":"node/13762252576","name":"Global Foods Warehouse","group":"groceries","category":"shop=supermarket","housenumber":"14823","street":"Buildamerica Drive","city":"Woodbridge","postcode":"22191","tags":";supermarket;"}},{"type":"Feature","geometry":{"type":"Point","coordinates":[-77.27271,38.63077]},"properties":{"id":"node/13762252577","name":"Betanya Market","group":"groceries","category":"shop=supermarket","housenumber":"14827","street":"Buildamerica Drive","city":"Woodbridge","postcode":"22191","tags":";supermarket;"}},{"type":"Feature","geometry":{"type":"Point","coordinates":[-77.2729,38.63035]},"properties":{"id":"node/13762252581","name":"A To Z Carpet & Rugs","group":"shopping","category":"shop=carpet","housenumber":"14847","street":"Buildamerica Drive","city":"Woodbridge","postcode":"22191","tags":";carpet;"}},{"type":"Feature","geometry":{"type":"Point","coordinates":[-77.27284,38.63023]},"properties":{"id":"node/13762252582","name":"Kadi's Hair Gallery","group":"personal_care","category":"shop=hairdresser","housenumber":"14849","street":"Buildamerica Drive","city":"Woodbridge","postcode":"22191","tags":";hairdresser;"}},{"type":"Feature","geometry":{"type":"Point","coordinates":[-77.27264,38.63034]},"properties":{"id":"node/13762252584","name":"Jewel Auto Care","group":"services","category":"shop=car_detail","housenumber":"14843","street":"Buildamerica Drive","city":"Woodbridge","postcode":"22191","tags":";car_detail;car_repair;"}},{"type":"Feature","geometry":{"type":"Point","coordinates":[-77.27254,38.63049]},"properties":{"id":"node/13762252586","name":"AR & TE Parts","group":"shopping","category":"shop=car_parts","housenumber":"14837","street":"Buildamerica Drive","city":"Woodbridge","postcode":"22191","tags":";car_parts;"}},{"type":"Feature","geometry":{"type":"Point","coordinates":[-77.27236,38.6307]},"properties":{"id":"node/13762252588","name":"Ms. Dee's Kenkey House","group":"food","category":"amenity=restaurant","cuisine":"african","housenumber":"14825","street":"Buildamerica Drive","city":"Woodbridge","postcode":"22191","tags":";african;restaurant;"}},{"type":"Feature","geometry":{"type":"Point","coordinates":[-77.27203,38.63113]},"properties":{"id":"node/13762252595","name":"Atlantic Auto Glass","group":"shopping","category":"shop=car_parts","housenumber":"14801","street":"Buildamerica Drive","city":"Woodbridge","postcode":"22191","tags":";car_parts;"}},{"type":"Feature","geometry":{"type":"Point","coordinates":[-77.25129,38.65818]},"properties":{"id":"node/13785287000","name":"Florcita's Beauty Studio","group":"personal_care","category":"shop=hairdresser","housenumber":"13562","street":"Richmond Highway","tags":";hairdresser;"}},{"type":"Feature","geometry":{"type":"Point","coordinates":[-77.25093,38.65889]},"properties":{"id":"node/13785305148","name":"Cobalt Tattoo","group":"personal_care","category":"shop=tattoo","phone":"+17033029523","housenumber":"13520","street":"Richmond Highway","tags":";tattoo;"}},{"type":"Feature","geometry":{"type":"Point","coordinates":[-77.25416,38.62348]},"properties":{"id":"node/13998618526","name":"PSI Cleaning and Restoration","group":"services","category":"craft=cleaning","housenumber":"15037","street":"Farm Creek Drive","city":"Woodbridge","postcode":"22191","tags":";cleaning;"}},{"type":"Feature","geometry":{"type":"Point","coordinates":[-77.05438,38.35262]},"properties":{"id":"node/14132198501","name":"Herbal Nails and Spa","group":"personal_care","category":"shop=beauty","hours":"Mo-Sa 09:00-19:00; Su 10:00-17:00","phone":"+1-540-413-1163","housenumber":"16463","street":"Merchants Lane","postcode":"22485","tags":";beauty;nails;spa;"}},{"type":"Feature","geometry":{"type":"Point","coordinates":[-77.19335,38.27318]},"properties":{"id":"node/14133308154","name":"Northern Neck Auto Parts","group":"shopping","category":"shop=car_parts","hours":"Mo-Fr 08:00-17:00","phone":"+1-540-775-3500","website":"https://northernneckautoparts.com","housenumber":"9003","street":"Kings Highway","city":"King George","postcode":"22485","tags":";car_parts;"}},{"type":"Feature","geometry":{"type":"Point","coordinates":[-77.14646,38.26398]},"properties":{"id":"node/14135118716","name":"Potomac Kitchen Designs","group":"shopping","category":"shop=kitchen","hours":"Mo-Th 10:00-16:00; Fr 10:00-14:00; PH off","phone":"+1-540-775-4211","housenumber":"11399","street":"Ridge Road","city":"King George","postcode":"22485","tags":";kitchen;"}},{"type":"Feature","geometry":{"type":"Point","coordinates":[-77.14662,38.26389]},"properties":{"id":"node/14135118717","name":"Simply Bliss","group":"personal_care","category":"shop=beauty","hours":"Mo 11:00-19:00; Tu 10:00-17:00; We 10:00-18:00; Th 10:00-19:00; Fr 09:00-18:00; Sa 09:00-14:00","phone":"+1-540-775-1818","website":"https://www.simplyblissva.com/","housenumber":"11393","street":"Ridge Road","city":"King George","postcode":"22485","tags":";beauty;"}},{"type":"Feature","geometry":{"type":"Point","coordinates":[-77.14446,38.26265]},"properties":{"id":"node/14135177109","name":"HDR Services","group":"services","category":"shop=car_repair","hours":"Mo-Fr 09:00-17:00","phone":"+1-540-907-2816","website":"https://www.hdrservicesva.net","housenumber":"11016","street":"James Madison Parkway","city":"King George","postcode":"22485","tags":";car_repair;"}},{"type":"Feature","geometry":{"type":"Point","coordinates":[-77.14136,38.26085]},"properties":{"id":"node/14135177110","name":"Storke","group":"services","category":"shop=funeral_directors","phone":"+1-540-775-5522","website":"https://storkefuneralhome.com","housenumber":"11089","street":"James Madison Parkway","city":"King George","postcode":"22485","tags":";funeral_directors;"}},{"type":"Feature","geometry":{"type":"Point","coordinates":[-77.15115,38.23905]},"properties":{"id":"node/14135689475","name":"Catfish Kelly's","group":"groceries","category":"shop=seafood","hours":"Su-Sa 08:00-18:00","phone":"+1-540-498-7667","housenumber":"12450","street":"Kings Highway","city":"King George","postcode":"22485","tags":";seafood;"}},{"type":"Feature","geometry":{"type":"Point","coordinates":[-77.15115,38.23898]},"properties":{"id":"node/14135689476","name":"Catfish Kelly's","group":"shopping","category":"shop=fishing","hours":"Su-Sa 08:00-18:00","phone":"+1-540-498-7667","housenumber":"12450","street":"Kings Highway","city":"King George","postcode":"22485","tags":";fishing;"}},{"type":"Feature","geometry":{"type":"Point","coordinates":[-77.16958,38.26212]},"properties":{"id":"node/14135776719","name":"Uncle Dave's Jr.","group":"food","category":"amenity=restaurant","cuisine":"burger;ice_cream;breakfast","hours":"Mo-Sa 07:00-21:00","phone":"+1-540-775-0900","housenumber":"10226","street":"Kings Highway","city":"King George","postcode":"22485","tags":";burger;ice_cream;breakfast;restaurant;"}},{"type":"Feature","geometry":{"type":"Point","coordinates":[-77.17377,38.26508]},"properties":{"id":"node/14135776720","name":"MJ's Barber Shop","group":"personal_care","category":"shop=hairdresser","hours":"Mo-Fr 09:00-17:00; Sa 09:00-14:00","phone":"+1-540-775-2318","housenumber":"10063","street":"Kings Highway","city":"King George","postcode":"22485","tags":";hairdresser;barber;"}},{"type":"Feature","geometry":{"type":"Point","coordinates":[-77.18628,38.26921]},"properties":{"id":"node/14135949986","name":"King George Tire","group":"services","category":"shop=tyres","hours":"Mo-Fr 08:00-16:00","phone":"+1-540-775-0069","housenumber":"9255","street":"Kings Highway","city":"King George","postcode":"22485","tags":";tyres;"}},{"type":"Feature","geometry":{"type":"Point","coordinates":[-77.1707,38.26002]},"properties":{"id":"node/14136078467","name":"Four Elements Electrical Contracting","group":"services","category":"craft=electrician","hours":"Mo-Fr 08:00-17:00","phone":"+1-540-623-7599","website":"https://www.fourelementselectric.com/","housenumber":"11169","street":"Journal Parkway","city":"King George","postcode":"22485","tags":";electrician;"}},{"type":"Feature","geometry":{"type":"Point","coordinates":[-77.21104,38.27881]},"properties":{"id":"node/14136253760","name":"Sippin' Pop","group":"food","category":"amenity=cafe","cuisine":"ice_cream;popcorn;gourmet_soda;floats","hours":"Mo-Sa 10:00-17:00; Su 12:00-17:00","phone":"+1-540-371-2030","housenumber":"7991","street":"Kings Highway","city":"King George","postcode":"22485","tags":";ice_cream;popcorn;gourmet_soda;floats;cafe;"}},{"type":"Feature","geometry":{"type":"Point","coordinates":[-77.21189,38.2798]},"properties":{"id":"node/14136253761","name":"Highmark Brewery","group":"food","category":"craft=brewery","hours":"Su 12:00-18:00; Tu-We 16:00-21:00, Th-Fr 16:00-22:00; Sa 14:00-22:00","phone":"+1-763-300-7575","website":"http://highmarkbrewery.com/","housenumber":"7829","street":"Dolleys Court","city":"King George","postcode":"22485","tags":";brewery;wheelchair_accessible;"}},{"type":"Feature","geometry":{"type":"Point","coordinates":[-77.21198,38.27878]},"properties":{"id":"node/14136253765","name":"T&K Nail Spa","group":"personal_care","category":"shop=beauty","hours":"Mo-Sa 09:30-18:30; Su 10:30-16:30","phone":"+1-540-809-0002","housenumber":"7965","street":"Kings Highway","city":"King George","postcode":"22485","tags":";beauty;nails;spa;"}},{"type":"Feature","geometry":{"type":"Point","coordinates":[-77.21144,38.27889]},"properties":{"id":"node/14136253766","name":"Kings Pizza","group":"food","category":"amenity=restaurant","cuisine":"pizza;italian;mexican","phone":"+1-540-775-7575","website":"http://www.kingspizzakg.com/","housenumber":"7983","street":"Kings Highway","city":"King George","postcode":"22485","tags":";pizza;italian;mexican;restaurant;takeout;delivery;vegetarian;gluten_free;"}},{"type":"Feature","geometry":{"type":"Point","coordinates":[-77.20681,38.27794]},"properties":{"id":"node/14136253767","name":"Queen Nail & Spa","group":"personal_care","category":"shop=beauty","hours":"Mo,We-Sa 10:00-19:00; Su 11:00-17:00","phone":"+1-540-775-1222","website":"https://queennailandspa.com/","housenumber":"8139","street":"Kings Highway","city":"King George","postcode":"22485","tags":";beauty;nails;spa;"}},{"type":"Feature","geometry":{"type":"Point","coordinates":[-77.20668,38.27791]},"properties":{"id":"node/14136253769","name":"King George Cleaners","group":"services","category":"shop=dry_cleaning","hours":"Mo-Fr 07:00-18:00; Sa 07:00-16:00","phone":"+1-540-775-3215","housenumber":"8143","street":"Kings Highway","city":"King George","postcode":"22485","tags":";dry_cleaning;"}},{"type":"Feature","geometry":{"type":"Point","coordinates":[-77.2059,38.2778]},"properties":{"id":"node/14136253770","name":"Food Lion Bakery","group":"food","category":"shop=bakery","website":"https://stores.foodlion.com/va/king-george/8149-kings-hwy","housenumber":"8149","street":"Kings Highway","city":"King George","postcode":"22485","tags":";bakery;"}},{"type":"Feature","geometry":{"type":"Point","coordinates":[-77.2052,38.27704]},"properties":{"id":"node/14136253773","name":"Tobacco Hut","group":"shopping","category":"shop=tobacco","hours":"Sa-Su 09:00-22:00; Mo-Fr 08:00-22:00","phone":"+1-540-625-2108","housenumber":"8171","street":"Kings Highway","city":"King George","postcode":"22485","tags":";tobacco;"}},{"type":"Feature","geometry":{"type":"Point","coordinates":[-77.1735,38.2651]},"properties":{"id":"node/14138610671","name":"Happy Dance Coffee Shop","group":"food","category":"amenity=cafe","cuisine":"coffee_shop","hours":"Mo-Fr 07:00-19:00; Sa 08:00-13:00","phone":"+1-540-709-1810","website":"https://www.happydancecoffeekg.com/","housenumber":"10071","street":"Kings Highway","city":"King George","postcode":"22485","tags":";coffee_shop;cafe;outdoor_seating;wifi;"}},{"type":"Feature","geometry":{"type":"Point","coordinates":[-77.05296,38.3373]},"properties":{"id":"node/14142590296","name":"China Garden","group":"food","category":"amenity=restaurant","cuisine":"chinese","hours":"Tu-Th 11:00-21:30; Fr-Sa 11:00-22:30; Su 12:00-21:00","phone":"+1-540-663-2993","website":"https://chinagardendahlgren.com/","housenumber":"17010","street":"Dahlgren Road","city":"King George","postcode":"22485","tags":";chinese;restaurant;wifi;"}},{"type":"Feature","geometry":{"type":"Point","coordinates":[-77.20493,38.27671]},"properties":{"id":"node/14143299001","name":"South Your Mouth","group":"food","category":"amenity=fast_food","cuisine":"barbecue","hours":"Tu-Sa 12:00-19:00; Su 11:00-14:00","phone":"+1-540-413-6894","housenumber":"8181","street":"Kings Highway","city":"King George","postcode":"22485","tags":";barbecue;fast_food;"}},{"type":"Feature","geometry":{"type":"Point","coordinates":[-77.174,38.26512]},"properties":{"id":"node/14143524290","name":"American Printing and Signs","group":"services","category":"craft=signmaker","hours":"Mo-Fr 09:00-17:00; Th 09:00-16:00","phone":"+1-540-775-7446","website":"http://www.printingva.com/","housenumber":"10051","street":"Kings Highway","city":"King George","postcode":"22485","tags":";signmaker;"}},{"type":"Feature","geometry":{"type":"Point","coordinates":[-77.052,38.34987]},"properties":{"id":"node/14143562879","name":"Don Eladio's Cantina","group":"food","category":"amenity=restaurant","cuisine":"mexican","hours":"Su 11:00-21:00; Mo-Sa 11:00-22:00","phone":"+1-540-644-0414","website":"https://doneladioscantina.com","housenumber":"4585","street":"James Madison Parkway","city":"King George","postcode":"22485","tags":";mexican;restaurant;takeout;delivery;outdoor_seating;"}},{"type":"Feature","geometry":{"type":"Point","coordinates":[-77.05212,38.34983]},"properties":{"id":"node/14143562880","name":"Sareby's Beauty Barber and Spa","group":"personal_care","category":"shop=beauty","hours":"Tu,We,Sa 10:00-17:00; Th 10:00-18:00; Fr 10:00-19:00","phone":"+1 540 413 1023","website":"http://www.sarebysbeautysupply.com/","housenumber":"4589","street":"James Madison Parkway","city":"King George","postcode":"22485","tags":";beauty;barber;spa;"}},{"type":"Feature","geometry":{"type":"Point","coordinates":[-77.05222,38.34978]},"properties":{"id":"node/14143562881","name":"Tobacco Hub","group":"shopping","category":"shop=tobacco","hours":"09:00-21:00","phone":"+1 540 413 1615","housenumber":"4593","street":"James Madison Parkway","city":"King George","postcode":"22485","tags":";tobacco;"}},{"type":"Feature","geometry":{"type":"Point","coordinates":[-77.21151,38.27878]},"properties":{"id":"node/14152401297","name":"Two Dogs Whine","group":"food","category":"craft=winery","hours":"Th-Fr 16:00-19:00; Sa 13:00-18:00","phone":"+1 540 940 3026","website":"https://www.twodogswhine.com","housenumber":"7981","street":"Kings Highway","city":"King George","postcode":"22485","tags":";winery;"}},{"type":"Feature","geometry":{"type":"Point","coordinates":[-77.11592,38.28971]},"properties":{"id":"node/14155439012","name":"Ana Instruments","group":"shopping","category":"shop=radiotechnics","phone":"+1 540 538 4592","website":"http://www.anainstruments.com/","housenumber":"9008","street":"Will Loop","city":"King George","postcode":"22485","tags":";radiotechnics;"}},{"type":"Feature","geometry":{"type":"Point","coordinates":[-77.13076,38.27856]},"properties":{"id":"node/14155439013","name":"Unique Antiques Mall","group":"shopping","category":"shop=antiques","hours":"10:00-17:00; Tu off; PH off","phone":"+1 540 625 2006","website":"https://uniqueantiquesmall.net/","housenumber":"9600","street":"James Madison Parkway","city":"King George","postcode":"22485","tags":";antiques;"}},{"type":"Feature","geometry":{"type":"Point","coordinates":[-77.1441,38.266]},"properties":{"id":"node/14167424867","name":"Pizza Bono","group":"food","category":"amenity=fast_food","cuisine":"pizza","hours":"Mo-Sa 10:00-20:00","phone":"+1-540-775-9999","housenumber":"10426","street":"James Madison Parkway","city":"King George","postcode":"22485","tags":";pizza;fast_food;takeout;outdoor_seating;"}},{"type":"Feature","geometry":{"type":"Point","coordinates":[-77.14407,38.26608]},"properties":{"id":"node/14167424868","name":"Tobacco Land","group":"shopping","category":"shop=tobacco","hours":"Mo-Sa 09:00-21:00; Su 10:00-20:00","housenumber":"10424","street":"James Madison Parkway","city":"King George","postcode":"22485","tags":";tobacco;"}},{"type":"Feature","geometry":{"type":"Point","coordinates":[-77.14404,38.26614]},"properties":{"id":"node/14167424869","name":"Dynamic Tattoo Studios","group":"personal_care","category":"shop=tattoo","hours":"Tu-Su 13:00-20:00","phone":"+1-540-625-2070","website":"https://www.dynamictattoostudios.com/","housenumber":"10422","street":"James Madison Parkway","city":"King George","postcode":"22485","tags":";tattoo;"}},{"type":"Feature","geometry":{"type":"Point","coordinates":[-77.18462,38.26883]},"properties":{"id":"node/14167424871","name":"The Sanctuary Tattoo Studio","group":"personal_care","category":"shop=tattoo","hours":"Tu-Sa 11:00-17:00","phone":"+1-540-940-4630","website":"https://thesanctuarytattoostudio.com/","housenumber":"9305","street":"Kings Highway","city":"King George","postcode":"22485","tags":";tattoo;"}},{"type":"Feature","geometry":{"type":"Point","coordinates":[-77.17296,38.26511]},"properties":{"id":"node/14167449557","name":"Elite Barber Shop","group":"personal_care","category":"shop=hairdresser","phone":"+1-540-775-9912","website":"https://www.chamberofcommerce.com/business-directory/virginia/king-george/barber-shop/2000834736-elite-barber-shop","housenumber":"10083","street":"Kings Highway","city":"King George","postcode":"22485","tags":";hairdresser;barber;"}},{"type":"Feature","geometry":{"type":"Point","coordinates":[-77.03707,38.32838]},"properties":{"id":"node/14169957564","name":"Gray's Landing","group":"food","category":"amenity=fast_food","hours":"Mo-Fr 06:00-09:00,11:00-13:00,15:45-17:45; Sa-Su,PH 10:00-13:00,15:45-17:45","phone":"+1-540-653-3077","website":"https://www.navymwrdahlgren.com/programs/fd997405-7194-40d8-b5f9-915fb1257033","housenumber":"17482","street":"Potomac Inn Road","city":"Dahlgren","postcode":"22448","tags":";fast_food;"}},{"type":"Feature","geometry":{"type":"Point","coordinates":[-77.25388,38.65575]},"properties":{"id":"node/14204761482","name":"Tony's Auto Repair","group":"services","category":"shop=car_repair","housenumber":"1234","street":"Easy Street","city":"Woodbridge","postcode":"22191","tags":";car_repair;"}},{"type":"Feature","geometry":{"type":"Point","coordinates":[-77.25512,38.6539]},"properties":{"id":"node/14204773602","name":"Walbert Auto Electric","group":"services","category":"shop=car_repair","housenumber":"1272","street":"Easy Street","city":"Woodbridge","postcode":"22191","tags":";car_repair;electrician;"}},{"type":"Feature","geometry":{"type":"Point","coordinates":[-77.25519,38.65399]},"properties":{"id":"node/14204773603","name":"Legget Truck Repair","group":"services","category":"shop=truck_repair","housenumber":"1270","street":"Easy Street","city":"Woodbridge","postcode":"22191","tags":";truck_repair;"}},{"type":"Feature","geometry":{"type":"Point","coordinates":[-77.05015,38.35538]},"properties":{"id":"node/14232164038","name":"Community Storage","group":"services","category":"shop=storage_rental","hours":"Mo,We open 11:00-16:00 \"Office/Rental Access\", Fr open 10:00-17:00 \"Office/Rental Access\", Tu,Th,Sa,Su open \"Office (Appointment Only)/Rental Access\" || open \"Rental Access\"","phone":"+1-540-530-4019","website":"https://www.kinggeorgestorage.com/","housenumber":"17168","street":"Owens Drive","city":"King George","postcode":"22485","tags":";storage_rental;"}},{"type":"Feature","geometry":{"type":"Point","coordinates":[-77.25565,38.62872]},"properties":{"id":"way/93843825","name":"Foundation Building Materials","group":"shopping","category":"shop=building_materials","housenumber":"14962","street":"Farm Creek Drive","city":"Woodbridge","postcode":"22191","tags":";building_materials;"}},{"type":"Feature","geometry":{"type":"Point","coordinates":[-77.25547,38.62543]},"properties":{"id":"way/93843838","name":"Potomac Architectural Millwork","group":"services","category":"craft=carpenter","housenumber":"15010","street":"Farm Creek Drive","city":"Woodbridge","postcode":"22191","tags":";carpenter;"}},{"type":"Feature","geometry":{"type":"Point","coordinates":[-77.254,38.61948]},"properties":{"id":"way/93843840","name":"K & W Auto Body","group":"services","category":"shop=car_repair","housenumber":"15413","street":"Farm Creek Drive","city":"Woodbridge","postcode":"22191","tags":";car_repair;"}},{"type":"Feature","geometry":{"type":"Point","coordinates":[-77.26504,38.63362]},"properties":{"id":"way/93943182","name":"1 Stop Market","group":"groceries","category":"shop=convenience","housenumber":"1551","street":"Featherstone Road","city":"Woodbridge","postcode":"22191","tags":";convenience;"}},{"type":"Feature","geometry":{"type":"Point","coordinates":[-77.24946,38.65748]},"properties":{"id":"way/93951570","name":"Auto Finance Center","group":"shopping","category":"shop=car","housenumber":"13601","street":"Richmond Highway","city":"Woodbridge","postcode":"22191","tags":";car;"}},{"type":"Feature","geometry":{"type":"Point","coordinates":[-77.25414,38.6545]},"properties":{"id":"way/93951580","name":"Randall Funeral Home","group":"services","category":"shop=funeral_directors","housenumber":"1247","street":"Easy Street","city":"Woodbridge","postcode":"22191","tags":";funeral_directors;"}},{"type":"Feature","geometry":{"type":"Point","coordinates":[-77.25519,38.65255]},"properties":{"id":"way/93951582","name":"World of Omelettes and Waffles","group":"food","category":"amenity=restaurant","cuisine":"american","housenumber":"13775","street":"Jefferson Davis Highway","city":"Woodbridge","postcode":"22191","tags":";american;restaurant;"}},{"type":"Feature","geometry":{"type":"Point","coordinates":[-77.25165,38.65747]},"properties":{"id":"way/93951592","name":"McCormick Paints","group":"shopping","category":"shop=paint","housenumber":"1212","street":"Easy Street","city":"Woodbridge","postcode":"22191","tags":";paint;"}},{"type":"Feature","geometry":{"type":"Point","coordinates":[-77.25072,38.65608]},"properties":{"id":"way/93951597","name":"Woodbridge Auto Sales","group":"shopping","category":"shop=car","housenumber":"13611","street":"Richmond Highway","city":"Woodbridge","postcode":"22191","tags":";car;"}},{"type":"Feature","geometry":{"type":"Point","coordinates":[-77.25398,38.65306]},"properties":{"id":"way/93951606","name":"Kim Auto Upholstery","group":"services","category":"shop=car_repair","housenumber":"13735","street":"Jefferson Davis Highway","city":"Woodbridge","postcode":"22191","tags":";car_repair;"}},{"type":"Feature","geometry":{"type":"Point","coordinates":[-77.25008,38.65694]},"properties":{"id":"way/93951614","name":"Kabobistan Afghan Cuisine","group":"food","category":"amenity=restaurant","cuisine":"kebab;afghan","housenumber":"13605","street":"Richmond Highway","city":"Woodbridge","postcode":"22191","tags":";kebab;afghan;restaurant;"}},{"type":"Feature","geometry":{"type":"Point","coordinates":[-77.25101,38.66362]},"properties":{"id":"way/93958092","name":"Woodbridge Public Auto Auction","group":"shopping","category":"shop=car","hours":"Mo-Fr 09:00-20:00; Sa-Su 09:00-18:00","phone":"+1 703-643-1189","housenumber":"1108","street":"Horner Road","city":"Woodbridge","postcode":"22191","tags":";car;"}},{"type":"Feature","geometry":{"type":"Point","coordinates":[-77.26719,38.64099]},"properties":{"id":"way/93973478","name":"AutoHub Center","group":"shopping","category":"shop=car","tags":";car;"}},{"type":"Feature","geometry":{"type":"Point","coordinates":[-77.26834,38.64128]},"properties":{"id":"way/93973480","name":"SuperSuds Laundromat","group":"services","category":"shop=laundry","tags":";laundry;"}},{"type":"Feature","geometry":{"type":"Point","coordinates":[-77.2619,38.64941]},"properties":{"id":"way/93973497","name":"Tobacco Hut","group":"shopping","category":"shop=tobacco","housenumber":"14000","street":"Jefferson Davis Highway","city":"Woodbridge","postcode":"22191","tags":";tobacco;"}},{"type":"Feature","geometry":{"type":"Point","coordinates":[-77.26398,38.64744]},"properties":{"id":"way/93973531","name":"Mi Tierra Deli","group":"food","category":"amenity=restaurant","cuisine":"salvadoran","housenumber":"14120","street":"Richmond Highway","city":"Woodbridge","postcode":"22191","tags":";salvadoran;restaurant;sandwich;"}},{"type":"Feature","geometry":{"type":"Point","coordinates":[-77.25172,38.66046]},"properties":{"id":"way/93992670","name":"Psychic of Virginia","group":"services","category":"shop=psychic","tags":";psychic;"}},{"type":"Feature","geometry":{"type":"Point","coordinates":[-77.25129,38.65987]},"properties":{"id":"way/93992678","name":"OC Cigar Lounge","group":"shopping","category":"shop=tobacco","tags":";tobacco;"}},{"type":"Feature","geometry":{"type":"Point","coordinates":[-77.2531,38.66221]},"properties":{"id":"way/93992684","name":"Mountcastle Turch Funeral Home","group":"services","category":"shop=funeral_directors","housenumber":"13318","street":"Occoquan Road","city":"Woodbridge","postcode":"22191","tags":";funeral_directors;"}},{"type":"Feature","geometry":{"type":"Point","coordinates":[-77.2516,38.66024]},"properties":{"id":"way/93992688","name":"Tecos Tire Shop","group":"services","category":"shop=tyres","tags":";tyres;"}},{"type":"Feature","geometry":{"type":"Point","coordinates":[-77.25201,38.66172]},"properties":{"id":"way/93992691","name":"Cars2Us","group":"shopping","category":"shop=car","tags":";car;"}},{"type":"Feature","geometry":{"type":"Point","coordinates":[-77.25308,38.66327]},"properties":{"id":"way/93992697","name":"Junior Market","group":"groceries","category":"shop=convenience","tags":";convenience;"}},{"type":"Feature","geometry":{"type":"Point","coordinates":[-77.25332,38.66373]},"properties":{"id":"way/93992698","name":"A & S Auto Service","group":"services","category":"shop=car_repair","tags":";car_repair;"}},{"type":"Feature","geometry":{"type":"Point","coordinates":[-77.25357,38.66312]},"properties":{"id":"way/93992706","name":"Fantasias Hair Salon","group":"personal_care","category":"shop=hairdresser","tags":";hairdresser;"}},{"type":"Feature","geometry":{"type":"Point","coordinates":[-77.25396,38.66245]},"properties":{"id":"way/93992709","name":"Pulgarcito Grill","group":"food","category":"amenity=restaurant","cuisine":"mexican","housenumber":"1306","street":"Horner Road","city":"Woodbridge","postcode":"22191","tags":";mexican;restaurant;"}},{"type":"Feature","geometry":{"type":"Point","coordinates":[-77.25115,38.65968]},"properties":{"id":"way/93992727","name":"Almita's Mexican Restaurant & Seafood","group":"food","category":"amenity=restaurant","cuisine":"mexican","tags":";mexican;restaurant;seafood;"}},{"type":"Feature","geometry":{"type":"Point","coordinates":[-77.24314,38.66892]},"properties":{"id":"way/94055593","name":"The Harbor Grille","group":"food","category":"amenity=restaurant","tags":";restaurant;"}},{"type":"Feature","geometry":{"type":"Point","coordinates":[-77.25957,38.68316]},"properties":{"id":"way/94300674","name":"Attic Treasures & Sew Easy Sewing","group":"shopping","category":"shop=sewing","housenumber":"203","street":"Washington Street","city":"Occoquan","postcode":"22125","tags":";sewing;"}},{"type":"Feature","geometry":{"type":"Point","coordinates":[-77.26057,38.68441]},"properties":{"id":"way/94300708","name":"Gift & Gather","group":"shopping","category":"shop=gift","tags":";gift;"}},{"type":"Feature","geometry":{"type":"Point","coordinates":[-77.25387,38.67534]},"properties":{"id":"way/94300716","name":"The Electric Palm","group":"food","category":"amenity=restaurant","cuisine":"seafood","website":"https://www.theelectricpalm.net/","housenumber":"12745","street":"Sea Ray Lane","city":"Woodbridge","postcode":"22192","tags":";seafood;restaurant;"}},{"type":"Feature","geometry":{"type":"Point","coordinates":[-77.25829,38.67874]},"properties":{"id":"way/94300725","name":"Super Cleaners","group":"services","category":"shop=dry_cleaning","housenumber":"12518","street":"Gordon Boulevard","city":"Woodbridge","postcode":"22192","tags":";dry_cleaning;"}},{"type":"Feature","geometry":{"type":"Point","coordinates":[-77.25889,38.67364]},"properties":{"id":"way/94494487","name":"VA Smoke Shop","group":"shopping","category":"shop=tobacco","housenumber":"1410","street":"Old Bridge Road","city":"Woodbridge","postcode":"22192","tags":";tobacco;"}},{"type":"Feature","geometry":{"type":"Point","coordinates":[-77.26193,38.67327]},"properties":{"id":"way/94494534","name":"The Carpet Store","group":"shopping","category":"shop=carpet","housenumber":"1500","street":"Old Bridge Road","tags":";carpet;"}},{"type":"Feature","geometry":{"type":"Point","coordinates":[-77.27397,38.63318]},"properties":{"id":"way/144460190","name":"Fresh World","group":"groceries","category":"shop=supermarket","website":"https://www.freshworld.us/","housenumber":"2042","street":"Daniel Stewart Square","city":"Woodbridge","postcode":"22191","tags":";supermarket;"}},{"type":"Feature","geometry":{"type":"Point","coordinates":[-77.1904,38.17317]},"properties":{"id":"way/203541027","name":"Randolph's On the River","group":"food","category":"amenity=restaurant","cuisine":"seafood","housenumber":"136","street":"Main Street","city":"Port Royal","postcode":"22535","tags":";seafood;restaurant;"}},{"type":"Feature","geometry":{"type":"Point","coordinates":[-77.19711,38.16199]},"properties":{"id":"way/436050933","name":"Port Royal Supermarket","group":"groceries","category":"shop=convenience","housenumber":"25547","street":"Tidewater Trail","city":"Port Royal","postcode":"22535","tags":";convenience;"}},{"type":"Feature","geometry":{"type":"Point","coordinates":[-77.19738,38.16507]},"properties":{"id":"way/436976659","name":"Port Royal Antiques","group":"shopping","category":"shop=furniture","housenumber":"25638","street":"A.P. Hill Boulevard","city":"Port Royal","postcode":"22535","tags":";furniture;antiques;"}},{"type":"Feature","geometry":{"type":"Point","coordinates":[-77.19726,38.29237]},"properties":{"id":"way/545551044","name":"SignWorks","group":"services","category":"craft=signmaker","hours":"Mo-Fr 09:00-17:00","phone":"+1-540-775-3117","website":"https://lr-signs.com/","housenumber":"8755","street":"Dahlgren Road","city":"King George","postcode":"22485","tags":";signmaker;"}},{"type":"Feature","geometry":{"type":"Point","coordinates":[-77.15064,38.23964]},"properties":{"id":"way/546347581","name":"Green Acres","group":"shopping","category":"shop=garden_centre","housenumber":"12424","street":"James Madison Parkway","tags":";garden_centre;"}},{"type":"Feature","geometry":{"type":"Point","coordinates":[-77.18622,38.26864]},"properties":{"id":"way/546360554","name":"The Cobb House","group":"shopping","category":"shop=antiques","hours":"Mo-Tu off; We-Fr 10:00-17:00; Sa 09:00-17:00; Su 12:00-17:00","phone":"+1 540-775-6500","housenumber":"9262","street":"Kings Highway","tags":";antiques;"}},{"type":"Feature","geometry":{"type":"Point","coordinates":[-77.18541,38.26855]},"properties":{"id":"way/546360556","name":"C & S Auto Repair","group":"services","category":"shop=car_repair","hours":"Mo-Fr 08:00-17:00","phone":"+1-540-775-2900","housenumber":"9288","street":"Kings Highway","city":"King George","postcode":"22485","tags":";car_repair;"}},{"type":"Feature","geometry":{"type":"Point","coordinates":[-77.18072,38.26625]},"properties":{"id":"way/546360587","name":"The Opp Shop","group":"shopping","category":"shop=charity","hours":"Tu 09:00-13:00; We 17:00-19:00; Sa 09:00-13:00","website":"https://www.stpaulskgva.org/serve/the-opp-shop/","housenumber":"9500","street":"Kings Highway","city":"King George","postcode":"22485","tags":";charity;"}},{"type":"Feature","geometry":{"type":"Point","coordinates":[-77.22279,38.28067]},"properties":{"id":"way/546378719","name":"Real Deal","group":"shopping","category":"shop=car","hours":"Fr-We 08:00-18:00; Th 15:00-17:30","phone":"+1-540-228-1377","housenumber":"7157","street":"Kings Highway","city":"King George","postcode":"22485","tags":";car;"}},{"type":"Feature","geometry":{"type":"Point","coordinates":[-77.20454,38.2768]},"properties":{"id":"way/546378760","name":"One Stop","group":"groceries","category":"shop=convenience","hours":"24/7","phone":"+1-540-775-5070","housenumber":"8181","street":"Kings Highway","city":"King George","postcode":"22485","tags":";convenience;"}},{"type":"Feature","geometry":{"type":"Point","coordinates":[-77.20286,38.27626]},"properties":{"id":"way/546378762","name":"My Tire Guy","group":"services","category":"shop=tyres","housenumber":"8231","street":"Kings Highway","tags":";tyres;"}},{"type":"Feature","geometry":{"type":"Point","coordinates":[-77.24709,38.33116]},"properties":{"id":"way/546380476","name":"Tim's II at Fairview","group":"food","category":"amenity=restaurant","cuisine":"seafood","housenumber":"5411","street":"Pavilion Drive","tags":";seafood;restaurant;"}},{"type":"Feature","geometry":{"type":"Point","coordinates":[-77.24679,38.33045]},"properties":{"id":"way/546380550","name":"The Shore Store","group":"groceries","category":"shop=convenience","housenumber":"5435","street":"Pavilion Drive","tags":";convenience;"}},{"type":"Feature","geometry":{"type":"Point","coordinates":[-77.24214,38.32834]},"properties":{"id":"way/546380799","name":"Sam\u2019s Pizza & Subs","group":"food","category":"amenity=restaurant","cuisine":"pizza","housenumber":"6072","street":"Riverview Drive","tags":";pizza;restaurant;sandwich;"}},{"type":"Feature","geometry":{"type":"Point","coordinates":[-77.17634,38.2923]},"properties":{"id":"way/546429348","name":"1-Ten Mart","group":"groceries","category":"shop=convenience","hours":"07:00-21:00","phone":"+1-540-625-2046","housenumber":"9501","street":"Dahlgren Road","city":"King George","postcode":"22485","tags":";convenience;"}},{"type":"Feature","geometry":{"type":"Point","coordinates":[-77.17523,38.29203]},"properties":{"id":"way/546429350","name":"Jane's Opp Shop","group":"shopping","category":"shop=second_hand","housenumber":"10008","street":"Dahlgren Road","tags":";second_hand;"}},{"type":"Feature","geometry":{"type":"Point","coordinates":[-77.18476,38.27025]},"properties":{"id":"way/546429509","name":"King George Feed and Supply","group":"groceries","category":"shop=farm","hours":"Mo-Sa 09:00-17:00","phone":"+1-540-775-7152","website":"https://www.kinggeorgefeedandsupply.com","housenumber":"10312","street":"Indiantown Road","city":"King George","postcode":"22485","tags":";farm;"}},{"type":"Feature","geometry":{"type":"Point","coordinates":[-77.18668,38.26929]},"properties":{"id":"way/546429517","name":"King Automotive","group":"services","category":"shop=car_repair","phone":"+1-540-775-6050","website":"http://kingautomotiveva.com","housenumber":"9245;9235","street":"Kings Highway","city":"King George","postcode":"22485","tags":";car_repair;"}},{"type":"Feature","geometry":{"type":"Point","coordinates":[-77.13821,38.27106]},"properties":{"id":"way/546434624","name":"Pro Auto Gallery","group":"shopping","category":"shop=car","hours":"Mo-Su 10:30-18:30","phone":"+1-540-625-1550","website":"http://proautogallery.com/","housenumber":"10165","street":"James Madison Parkway","city":"King George","postcode":"22485","tags":";car;"}},{"type":"Feature","geometry":{"type":"Point","coordinates":[-77.14374,38.26671]},"properties":{"id":"way/546434630","name":"Taste of Himalaya","group":"food","category":"amenity=restaurant","cuisine":"indian","hours":"Tu-Su 11:00-21:00","phone":"+1-540-625-2078","website":"https://tasteofhimal.com","housenumber":"10392","street":"James Madison Parkway","tags":";indian;restaurant;"}},{"type":"Feature","geometry":{"type":"Point","coordinates":[-77.14529,38.26465]},"properties":{"id":"way/546434647","name":"El Ranchero Mexican Restaurant","group":"food","category":"amenity=restaurant","cuisine":"mexican","hours":"Mo-Su 11:00-21:00","phone":"+1-540-775-3137","website":"https://elrancheromexicanrest.gomavenseo.com/","housenumber":"11437","street":"Ridge Road","city":"King George","postcode":"22485","tags":";mexican;restaurant;"}},{"type":"Feature","geometry":{"type":"Point","coordinates":[-77.25266,38.66161]},"properties":{"id":"way/663960588","name":"The Chimney Doctor NoVa","group":"services","category":"craft=chimney_sweeper","tags":";chimney_sweeper;"}},{"type":"Feature","geometry":{"type":"Point","coordinates":[-77.20078,38.1638]},"properties":{"id":"way/781051802","name":"General Store Antiques","group":"shopping","category":"shop=antiques","housenumber":"25422","street":"Tidewater Trail","postcode":"22535","tags":";antiques;"}},{"type":"Feature","geometry":{"type":"Point","coordinates":[-77.25494,38.66433]},"properties":{"id":"way/848987009","name":"Mike Fink's Automotive Service Specialists","group":"services","category":"shop=car_repair","tags":";car_repair;"}},{"type":"Feature","geometry":{"type":"Point","coordinates":[-77.25075,38.6592]},"properties":{"id":"way/848993130","name":"Gigi's Salon","group":"personal_care","category":"shop=hairdresser","housenumber":"13428","street":"Occoquan Road","city":"Woodbridge","postcode":"22191","tags":";hairdresser;"}},{"type":"Feature","geometry":{"type":"Point","coordinates":[-77.25997,38.67457]},"properties":{"id":"way/909215404","name":"Bistro L'hermitage","group":"food","category":"amenity=restaurant","cuisine":"french","housenumber":"12724","street":"Occoquan Road","city":"Woodbridge","postcode":"22192","tags":";french;restaurant;wifi;"}},{"type":"Feature","geometry":{"type":"Point","coordinates":[-77.2556,38.58703]},"properties":{"id":"way/1066261395","name":"Breakwater Store","group":"food","category":"amenity=cafe","tags":";cafe;"}},{"type":"Feature","geometry":{"type":"Point","coordinates":[-77.26997,38.63658]},"properties":{"id":"way/1074374576","name":"Capitol Motors of Woodbridge","group":"shopping","category":"shop=car","tags":";car;"}},{"type":"Feature","geometry":{"type":"Point","coordinates":[-77.25999,38.60004]},"properties":{"id":"way/1096798644","name":"Potomac Marine","group":"services","category":"shop=repair","tags":";repair;"}},{"type":"Feature","geometry":{"type":"Point","coordinates":[-77.26225,38.60066]},"properties":{"id":"way/1096806776","name":"Potomac Canvas Company","group":"shopping","category":"shop=boat_parts","tags":";boat_parts;"}},{"type":"Feature","geometry":{"type":"Point","coordinates":[-77.04365,38.32954]},"properties":{"id":"way/1098081972","name":"Second Tour Thrift Shop","group":"shopping","category":"shop=second_hand","housenumber":"722","street":"Sampson Road","tags":";second_hand;"}},{"type":"Feature","geometry":{"type":"Point","coordinates":[-77.21169,38.27975]},"properties":{"id":"way/1103968771","name":"Vinny's Italian Grill & Pizzeria","group":"food","category":"amenity=restaurant","cuisine":"pizza;italian","hours":"11:00-20:00","phone":"+1-540-775-6960","website":"https://vinnysitaliangrill.com","housenumber":"7835","street":"Dolleys Court","tags":";pizza;italian;restaurant;"}},{"type":"Feature","geometry":{"type":"Point","coordinates":[-77.26028,38.68364]},"properties":{"id":"way/1148713862","name":"Leaf & Petal","group":"food","category":"shop=tea","tags":";tea;"}},{"type":"Feature","geometry":{"type":"Point","coordinates":[-77.26941,38.63298]},"properties":{"id":"way/1226353713","name":"Fort Knox Self Storage","group":"services","category":"shop=storage_rental","tags":";storage_rental;"}},{"type":"Feature","geometry":{"type":"Point","coordinates":[-77.27422,38.67869]},"properties":{"id":"way/1354482525","name":"Food Mart","group":"groceries","category":"shop=convenience","housenumber":"2010","street":"Old Bridge Road","city":"Woodbridge","postcode":"22192","tags":";convenience;"}},{"type":"Feature","geometry":{"type":"Point","coordinates":[-77.25632,38.67573]},"properties":{"id":"way/1472983662","name":"FastFuels","group":"groceries","category":"shop=convenience","housenumber":"1320","street":"Old Bridge Road","city":"Woodbridge","postcode":"22192","tags":";convenience;"}},{"type":"Feature","geometry":{"type":"Point","coordinates":[-77.14415,38.25818]},"properties":{"id":"way/1482156072","name":"Affordable RV Truck and Trailer Repair","group":"shopping","category":"shop=caravan","hours":"Mo-Fr 08:00-17:00; Sa 08:00-12:00","phone":"+1-866-513-7574","website":"http://www.affordablerv.net","housenumber":"11166","street":"James Madison Parkway","city":"King George","postcode":"22485","tags":";caravan;"}},{"type":"Feature","geometry":{"type":"Point","coordinates":[-77.26555,38.64409]},"properties":{"id":"way/1484773406","name":"American Auto Salvage","group":"shopping","category":"shop=car_parts","tags":";car_parts;"}},{"type":"Feature","geometry":{"type":"Point","coordinates":[-77.26588,38.64383]},"properties":{"id":"way/1484773407","name":"Tecos Tires","group":"services","category":"shop=tyres","housenumber":"14218","street":"Richmond Highway","city":"Woodbridge","postcode":"22191","tags":";tyres;"}},{"type":"Feature","geometry":{"type":"Point","coordinates":[-77.18692,38.26929]},"properties":{"id":"way/1553328750","name":"Gali's Caf\u00e9","group":"food","category":"amenity=cafe","cuisine":"coffee_shop;sandwich","hours":"Mo-Th 08:00-14:00; Fr 08:00-13:00; Sa 09:00-13:00","phone":"+1-540-625-2155","housenumber":"9239","street":"Kings Highway","city":"King George","postcode":"22485","tags":";coffee_shop;sandwich;cafe;wifi;"}},{"type":"Feature","geometry":{"type":"Point","coordinates":[-77.18701,38.26931]},"properties":{"id":"way/1553328751","name":"LaLa's Fuzion","group":"food","category":"amenity=restaurant","cuisine":"caribbean;cuban","hours":"Tu 16:00-20:00; We-Fr 14:00-20:00; Sa 10:30-18:00","phone":"+1-540-625-2017","website":"https://www.facebook.com/lalaskitchenonwheels","housenumber":"9237","street":"Kings Highway","city":"King George","postcode":"22485","tags":";caribbean;cuban;restaurant;takeout;delivery;"}},{"type":"Feature","geometry":{"type":"Point","coordinates":[-78.43849,38.5175]},"properties":{"id":"node/356560305","name":"Big Meadows Wayside","group":"food","category":"amenity=restaurant","cuisine":"american","hours":"Mar 29-Nov12 08:00-20:00","website":"https://www.nps.gov/places/000/big-meadows-wayside.htm","tags":";american;restaurant;"}},{"type":"Feature","geometry":{"type":"Point","coordinates":[-77.4601,38.30488]},"properties":{"id":"node/484086754","name":"Scott's Barber Shop","group":"personal_care","category":"shop=hairdresser","tags":";hairdresser;barber;"}},{"type":"Feature","geometry":{"type":"Point","coordinates":[-77.4595,38.30393]},"properties":{"id":"node/484124517","name":"Antique Court of Shoppes","group":"shopping","category":"shop=antiques","housenumber":"1001","street":"Caroline Street","tags":";antiques;"}},{"type":"Feature","geometry":{"type":"Point","coordinates":[-77.50093,38.25396]},"properties":{"id":"node/544126448","name":"Window World","group":"shopping","category":"shop=glaziery","tags":";glaziery;"}},{"type":"Feature","geometry":{"type":"Point","coordinates":[-77.34805,38.51949]},"properties":{"id":"node/824652594","name":"Dominic's of New York","group":"food","category":"amenity=fast_food","tags":";fast_food;"}},{"type":"Feature","geometry":{"type":"Point","coordinates":[-77.51673,38.24566]},"properties":{"id":"node/1165262946","name":"Don Alberto's Peruvian Chicken","group":"food","category":"amenity=restaurant","cuisine":"peruvian","tags":";peruvian;restaurant;chicken;"}},{"type":"Feature","geometry":{"type":"Point","coordinates":[-77.29349,38.63529]},"properties":{"id":"node/1374145961","name":"The Natural Grocerer","group":"groceries","category":"shop=greengrocer","tags":";greengrocer;"}},{"type":"Feature","geometry":{"type":"Point","coordinates":[-77.30177,38.63989]},"properties":{"id":"node/1572274174","name":"CW Price","group":"shopping","category":"shop=clothes","phone":"+1-571-659-6003","website":"http://www.cw-price.com/","housenumber":"14250","street":"Smoketown Road","tags":";clothes;"}},{"type":"Feature","geometry":{"type":"Point","coordinates":[-77.3014,38.64005]},"properties":{"id":"node/1572274178","name":"KD's Hair Salon","group":"personal_care","category":"shop=hairdresser","tags":";hairdresser;"}},{"type":"Feature","geometry":{"type":"Point","coordinates":[-77.30143,38.63999]},"properties":{"id":"node/1572274179","name":"LA Tint","group":"services","category":"shop=car_repair","tags":";car_repair;"}},{"type":"Feature","geometry":{"type":"Point","coordinates":[-77.30075,38.6406]},"properties":{"id":"node/1572274180","name":"Long Nails","group":"personal_care","category":"shop=beauty","tags":";beauty;nails;"}},{"type":"Feature","geometry":{"type":"Point","coordinates":[-77.30136,38.64014]},"properties":{"id":"node/1572274181","name":"National Carpet and Rug","group":"shopping","category":"shop=carpet","tags":";carpet;"}},{"type":"Feature","geometry":{"type":"Point","coordinates":[-77.30092,38.64056]},"properties":{"id":"node/1572274182","name":"Opticians","group":"personal_care","category":"shop=optician","tags":";optician;"}},{"type":"Feature","geometry":{"type":"Point","coordinates":[-77.30084,38.64057]},"properties":{"id":"node/1572274189","name":"VA Runner","group":"shopping","category":"shop=shoes","tags":";shoes;"}},{"type":"Feature","geometry":{"type":"Point","coordinates":[-77.30116,38.64048]},"properties":{"id":"node/1572274190","name":"Vacuums","group":"shopping","category":"shop=vacuum_cleaner","tags":";vacuum_cleaner;"}},{"type":"Feature","geometry":{"type":"Point","coordinates":[-78.25423,38.37975]},"properties":{"id":"node/1634303208","name":"Cardinal Home Center","group":"shopping","category":"shop=doityourself","hours":"Mo-Fr 07:00-17:00; Sa 07:00-12:00","phone":"+1 540-948-3062","website":"https://cardinalhomecenter.com/","housenumber":"322","street":"Washington Street","city":"Madison","postcode":"22727","tags":";doityourself;"}},{"type":"Feature","geometry":{"type":"Point","coordinates":[-78.26219,38.52539]},"properties":{"id":"node/1634360002","name":"The Little Country Store","group":"groceries","category":"shop=convenience","website":"https://tlcs-bbq.com/","housenumber":"5338","street":"South F T Valley Road","postcode":"22719","tags":";convenience;"}},{"type":"Feature","geometry":{"type":"Point","coordinates":[-77.30461,38.65141]},"properties":{"id":"node/1932321236","name":"Babylon Woodbridge","group":"food","category":"amenity=bar","housenumber":"3081","street":"Golansky Boulevard","city":"Woodbridge","postcode":"22192","tags":";bar;"}},{"type":"Feature","geometry":{"type":"Point","coordinates":[-77.30578,38.65134]},"properties":{"id":"node/1932339484","name":"Korean Grill","group":"food","category":"amenity=restaurant","cuisine":"korean","housenumber":"3131","street":"Golansky Boulevard","city":"Woodbridge","postcode":"22192","tags":";korean;restaurant;"}},{"type":"Feature","geometry":{"type":"Point","coordinates":[-77.30557,38.65147]},"properties":{"id":"node/1932353336","name":"Hahu Cafe & Market","group":"food","category":"shop=deli","housenumber":"3143","street":"Golansky Boulevard","city":"Woodbridge","postcode":"22192","tags":";deli;"}},{"type":"Feature","geometry":{"type":"Point","coordinates":[-77.45899,38.30306]},"properties":{"id":"node/2153304274","name":"The Galleria","group":"food","category":"amenity=cafe","housenumber":"907","street":"Caroline Street","tags":";cafe;"}},{"type":"Feature","geometry":{"type":"Point","coordinates":[-77.45905,38.30308]},"properties":{"id":"node/2153304275","name":"Cork and Table","group":"food","category":"amenity=restaurant","cuisine":"american","phone":"+1 540-479-1291","website":"https://www.corkandtable.com/","housenumber":"909","street":"Caroline Street","tags":";american;restaurant;"}},{"type":"Feature","geometry":{"type":"Point","coordinates":[-77.45873,38.30254]},"properties":{"id":"node/2153453853","name":"Bangkok Cafe","group":"food","category":"amenity=restaurant","cuisine":"thai","hours":"Mo,We-Th,Su 11:00-21:00; Tu off; Fr-Sa 11:00-21:30","phone":"+1-540-373-0745","website":"https://www.bangkokcafeva.com/","housenumber":"825","street":"Caroline Street","tags":";thai;restaurant;takeout;delivery;"}},{"type":"Feature","geometry":{"type":"Point","coordinates":[-77.45876,38.30259]},"properties":{"id":"node/2153453855","name":"Monkee's","group":"shopping","category":"shop=clothes","phone":"+1 540-368-2111","website":"https://www.fredmonkees.com/","housenumber":"827","street":"Caroline Street","tags":";clothes;"}},{"type":"Feature","geometry":{"type":"Point","coordinates":[-78.28351,38.34799]},"properties":{"id":"node/2296136300","name":"Tastee Freeze","group":"food","category":"amenity=fast_food","cuisine":"ice_cream","tags":";ice_cream;fast_food;"}},{"type":"Feature","geometry":{"type":"Point","coordinates":[-78.28323,38.34843]},"properties":{"id":"node/2296136305","name":"Madison Gardens","group":"shopping","category":"shop=garden_centre","phone":"+1-540-948-4789","website":"https://www.facebook.com/MadisonGardens29","housenumber":"2705","street":"S Seminole Trail","city":"Madison","postcode":"22727","tags":";garden_centre;"}},{"type":"Feature","geometry":{"type":"Point","coordinates":[-78.28256,38.34863]},"properties":{"id":"node/2296136309","name":"Giovanna's","group":"food","category":"amenity=restaurant","cuisine":"italian","phone":"+1-540-948-5454","housenumber":"2679","street":"N Seminole Trail","city":"Madison","postcode":"22727","tags":";italian;restaurant;"}},{"type":"Feature","geometry":{"type":"Point","coordinates":[-78.28429,38.34843]},"properties":{"id":"node/2296136313","name":"Madison Motors","group":"shopping","category":"shop=car","phone":"+1-540-948-3122","website":"https://www.madisonmotors.com/","housenumber":"2736","street":"S Seminole Trail","city":"Madison","postcode":"22727","tags":";car;"}},{"type":"Feature","geometry":{"type":"Point","coordinates":[-78.25641,38.30888]},"properties":{"id":"node/2300087988","name":"Martin's Auto Repair","group":"services","category":"shop=car_repair","phone":"+1-540-948-6100","tags":";car_repair;"}},{"type":"Feature","geometry":{"type":"Point","coordinates":[-77.41079,38.47141]},"properties":{"id":"node/2388360271","name":"First American Carpet","group":"shopping","category":"shop=furniture","tags":";furniture;"}},{"type":"Feature","geometry":{"type":"Point","coordinates":[-77.41061,38.47135]},"properties":{"id":"node/2388360272","name":"Taste of Kabob","group":"food","category":"amenity=restaurant","cuisine":"kebab","tags":";kebab;restaurant;"}},{"type":"Feature","geometry":{"type":"Point","coordinates":[-77.41031,38.47128]},"properties":{"id":"node/2388360274","name":"Outlooks for Hair","group":"personal_care","category":"shop=hairdresser","tags":";hairdresser;"}},{"type":"Feature","geometry":{"type":"Point","coordinates":[-77.41022,38.47115]},"properties":{"id":"node/2388360276","name":"Paisano's","group":"food","category":"amenity=fast_food","tags":";fast_food;"}},{"type":"Feature","geometry":{"type":"Point","coordinates":[-77.40699,38.46982]},"properties":{"id":"node/2388421782","name":"DEB","group":"shopping","category":"shop=clothes","tags":";clothes;"}},{"type":"Feature","geometry":{"type":"Point","coordinates":[-77.28844,38.62995]},"properties":{"id":"node/2400313652","name":"Brixx","group":"food","category":"amenity=fast_food","cuisine":"pizza","housenumber":"14900","street":"Potomac Town Place","city":"Woodbridge","postcode":"22191","tags":";pizza;fast_food;vegan;vegetarian;"}},{"type":"Feature","geometry":{"type":"Point","coordinates":[-77.28832,38.62974]},"properties":{"id":"node/2400313653","name":"Uncle Julio's","group":"food","category":"amenity=restaurant","cuisine":"mexican","housenumber":"14900","street":"Potomac Town Place","city":"Woodbridge","postcode":"22191","tags":";mexican;restaurant;"}},{"type":"Feature","geometry":{"type":"Point","coordinates":[-77.28732,38.62802]},"properties":{"id":"node/2400549385","name":"Average Not Your Joe's","group":"food","category":"amenity=restaurant","cuisine":"american","housenumber":"15101","street":"Potomac Town Place","city":"Woodbridge","postcode":"22191","tags":";american;restaurant;"}},{"type":"Feature","geometry":{"type":"Point","coordinates":[-77.28768,38.62794]},"properties":{"id":"node/2400818079","name":"Firebirds Wood Fired Grill","group":"food","category":"amenity=restaurant","housenumber":"15100","street":"Potomac Town Place","city":"Woodbridge","postcode":"22191","tags":";restaurant;"}},{"type":"Feature","geometry":{"type":"Point","coordinates":[-77.35823,38.60949]},"properties":{"id":"node/2527401540","name":"The Pub @ Brothers Encore","group":"food","category":"amenity=restaurant","cuisine":"italian","tags":";italian;restaurant;"}},{"type":"Feature","geometry":{"type":"Point","coordinates":[-77.34188,38.60323]},"properties":{"id":"node/2527406458","name":"WineStyles","group":"food","category":"amenity=bar","tags":";bar;"}},{"type":"Feature","geometry":{"type":"Point","coordinates":[-77.29337,38.63547]},"properties":{"id":"node/2555934886","name":"Pho","group":"food","category":"amenity=restaurant","cuisine":"asian","tags":";asian;restaurant;vietnamese;"}},{"type":"Feature","geometry":{"type":"Point","coordinates":[-77.32778,38.56205]},"properties":{"id":"node/2744534464","name":"U Mart","group":"groceries","category":"shop=supermarket","tags":";supermarket;"}},{"type":"Feature","geometry":{"type":"Point","coordinates":[-77.9887,38.48011]},"properties":{"id":"node/3075891994","name":"Taqueria La Tapatia","group":"food","category":"amenity=restaurant","cuisine":"mexican","website":"https://taquerialatapatiava.com/","housenumber":"500","street":"Culpeper Town Square","tags":";mexican;restaurant;"}},{"type":"Feature","geometry":{"type":"Point","coordinates":[-77.98875,38.48036]},"properties":{"id":"node/3075891996","name":"SuperSuds","group":"services","category":"shop=laundry","housenumber":"494","street":"Culpeper Town Square","tags":";laundry;"}},{"type":"Feature","geometry":{"type":"Point","coordinates":[-77.98875,38.48041]},"properties":{"id":"node/3075891997","name":"Pete's Pizza","group":"food","category":"amenity=restaurant","cuisine":"pizza","housenumber":"490","street":"Culpeper Town Square","tags":";pizza;restaurant;"}},{"type":"Feature","geometry":{"type":"Point","coordinates":[-78.11405,38.25559]},"properties":{"id":"node/3104910687","name":"Orange Diner","group":"food","category":"amenity=restaurant","cuisine":"diner","housenumber":"511","street":"North Madison Road","tags":";diner;restaurant;"}},{"type":"Feature","geometry":{"type":"Point","coordinates":[-78.11372,38.25643]},"properties":{"id":"node/3104910691","name":"Goodwill","group":"groceries","category":"shop=variety_store","housenumber":"547","street":"North Madison Road","tags":";variety_store;"}},{"type":"Feature","geometry":{"type":"Point","coordinates":[-78.11377,38.25667]},"properties":{"id":"node/3104910693","name":"Great Wall Chinese","group":"food","category":"amenity=restaurant","cuisine":"chinese","housenumber":"555","street":"North Madison Road","tags":";chinese;restaurant;"}},{"type":"Feature","geometry":{"type":"Point","coordinates":[-78.11378,38.25676]},"properties":{"id":"node/3104910694","name":"Laudromat","group":"services","category":"shop=laundry","housenumber":"559","street":"North Madison Road","tags":";laundry;"}},{"type":"Feature","geometry":{"type":"Point","coordinates":[-78.11401,38.2578]},"properties":{"id":"node/3104910701","name":"Super Nails","group":"personal_care","category":"shop=beauty","housenumber":"587","street":"North Madison Road","tags":";beauty;nails;"}},{"type":"Feature","geometry":{"type":"Point","coordinates":[-78.01185,38.45943]},"properties":{"id":"node/3104928875","name":"Mama's Pizza & Subs","group":"food","category":"amenity=restaurant","cuisine":"pizza;sandwich","website":"https://www.mamaspizzasubsculpeper.com/","housenumber":"500","street":"Meadowbrook Shopping Center","tags":";pizza;sandwich;restaurant;"}},{"type":"Feature","geometry":{"type":"Point","coordinates":[-78.01227,38.4584]},"properties":{"id":"node/3104928876","name":"Osaka Japanese Steak House & Sushi Bar","group":"food","category":"amenity=restaurant","cuisine":"japanese","website":"https://osakava.com/","housenumber":"409","street":"Meadowbrook Shopping Center","tags":";japanese;restaurant;sushi;"}},{"type":"Feature","geometry":{"type":"Point","coordinates":[-77.97705,38.48281]},"properties":{"id":"node/3106342820","name":"Tops China","group":"food","category":"amenity=restaurant","cuisine":"chinese","website":"https://tops-china-culpeper.edan.io/","tags":";chinese;restaurant;"}},{"type":"Feature","geometry":{"type":"Point","coordinates":[-77.97699,38.48284]},"properties":{"id":"node/3106342821","name":"Pro Nail","group":"personal_care","category":"shop=beauty","tags":";beauty;nails;"}},{"type":"Feature","geometry":{"type":"Point","coordinates":[-77.96856,38.48595]},"properties":{"id":"node/3106358010","name":"My Eye Doctor","group":"personal_care","category":"shop=optician","tags":";optician;"}},{"type":"Feature","geometry":{"type":"Point","coordinates":[-77.97013,38.4866]},"properties":{"id":"node/3106358015","name":"Haymarket Cleaners","group":"services","category":"shop=dry_cleaning","tags":";dry_cleaning;"}},{"type":"Feature","geometry":{"type":"Point","coordinates":[-77.96927,38.48689]},"properties":{"id":"node/3106358023","name":"China Garden","group":"food","category":"amenity=restaurant","cuisine":"chinese","tags":";chinese;restaurant;"}},{"type":"Feature","geometry":{"type":"Point","coordinates":[-77.9696,38.48678]},"properties":{"id":"node/3106358024","name":"Nifty Nails, Hair & Salon","group":"personal_care","category":"shop=beauty","tags":";beauty;nails;"}},{"type":"Feature","geometry":{"type":"Point","coordinates":[-77.96951,38.48681]},"properties":{"id":"node/3106358025","name":"Ted's Barber Shop","group":"personal_care","category":"shop=hairdresser","tags":";hairdresser;barber;"}},{"type":"Feature","geometry":{"type":"Point","coordinates":[-77.96941,38.48305]},"properties":{"id":"node/3106362666","name":"Glory Days Grille","group":"food","category":"amenity=restaurant","cuisine":"american","website":"https://www.glorydaysgrill.com/locations/virginia/culpeper/#","housenumber":"15295","street":"Montannus Drive","city":"Culpeper","postcode":"22701-2524","tags":";american;restaurant;"}},{"type":"Feature","geometry":{"type":"Point","coordinates":[-77.9691,38.48239]},"properties":{"id":"node/3106362668","name":"China Inn","group":"food","category":"amenity=restaurant","cuisine":"asian","tags":";asian;restaurant;"}},{"type":"Feature","geometry":{"type":"Point","coordinates":[-77.9924,38.49307]},"properties":{"id":"node/3107064179","name":"Golden Halo Salon","group":"personal_care","category":"shop=hairdresser","tags":";hairdresser;"}},{"type":"Feature","geometry":{"type":"Point","coordinates":[-77.99241,38.493]},"properties":{"id":"node/3107064180","name":"Dolcery Desserts","group":"food","category":"shop=bakery","tags":";bakery;"}},{"type":"Feature","geometry":{"type":"Point","coordinates":[-78.00298,38.46253]},"properties":{"id":"node/3107064186","name":"Dragon Chef","group":"food","category":"amenity=restaurant","cuisine":"asian","tags":";asian;restaurant;"}},{"type":"Feature","geometry":{"type":"Point","coordinates":[-78.00298,38.46278]},"properties":{"id":"node/3107064189","name":"Magic Nails","group":"personal_care","category":"shop=beauty","tags":";beauty;nails;"}},{"type":"Feature","geometry":{"type":"Point","coordinates":[-78.00096,38.46258]},"properties":{"id":"node/3108265984","name":"Country Cookin'","group":"food","category":"amenity=restaurant","cuisine":"american","housenumber":"247","street":"Southgate Shopping Center","tags":";american;restaurant;"}},{"type":"Feature","geometry":{"type":"Point","coordinates":[-78.00005,38.46276]},"properties":{"id":"node/3108265986","name":"Persimmon Consignment Boutique","group":"shopping","category":"shop=clothes","website":"https://persimmonconsignment.com/","housenumber":"213","street":"Southgate Shopping Center","tags":";clothes;second_hand;"}},{"type":"Feature","geometry":{"type":"Point","coordinates":[-77.31884,38.68245]},"properties":{"id":"node/3223456770","name":"Jerry's Subs","group":"food","category":"amenity=fast_food","tags":";fast_food;sandwich;"}},{"type":"Feature","geometry":{"type":"Point","coordinates":[-77.31918,38.68269]},"properties":{"id":"node/3223456774","name":"King & Queen Hair Salon","group":"personal_care","category":"shop=hairdresser","tags":";hairdresser;"}},{"type":"Feature","geometry":{"type":"Point","coordinates":[-77.31933,38.6828]},"properties":{"id":"node/3223456776","name":"Wild Bird Center","group":"shopping","category":"shop=pet","tags":";pet;"}},{"type":"Feature","geometry":{"type":"Point","coordinates":[-77.31854,38.68291]},"properties":{"id":"node/3223456848","name":"One Hanson Pharmacy","group":"groceries","category":"amenity=pharmacy","housenumber":"12351","street":"Dillingham Square","city":"Lake Ridge","postcode":"22192","tags":";pharmacy;"}},{"type":"Feature","geometry":{"type":"Point","coordinates":[-77.31814,38.68266]},"properties":{"id":"node/3223456851","name":"Salon Plaza","group":"personal_care","category":"shop=hairdresser","tags":";hairdresser;"}},{"type":"Feature","geometry":{"type":"Point","coordinates":[-77.31772,38.68365]},"properties":{"id":"node/3223456852","name":"Brittany\u2019s Sports Bar","group":"food","category":"amenity=bar","phone":"+1-703-730-0728","housenumber":"12449","street":"Dillingham Square","city":"Woodbridge","postcode":"22192-5253","tags":";bar;"}},{"type":"Feature","geometry":{"type":"Point","coordinates":[-77.31779,38.68334]},"properties":{"id":"node/3223456854","name":"Fax N\u2019 Mail","group":"shopping","category":"shop=stationery","tags":";stationery;"}},{"type":"Feature","geometry":{"type":"Point","coordinates":[-77.31724,38.68499]},"properties":{"id":"node/3223456863","name":"Best Beauty","group":"personal_care","category":"shop=beauty","tags":";beauty;"}},{"type":"Feature","geometry":{"type":"Point","coordinates":[-77.31691,38.68486]},"properties":{"id":"node/3223456866","name":"Nail Design","group":"personal_care","category":"shop=beauty","tags":";beauty;nails;"}},{"type":"Feature","geometry":{"type":"Point","coordinates":[-77.31667,38.68477]},"properties":{"id":"node/3223456868","name":"Village Skis and Bikes","group":"shopping","category":"shop=sports","tags":";sports;bicycle;"}},{"type":"Feature","geometry":{"type":"Point","coordinates":[-77.31926,38.68327]},"properties":{"id":"node/3223456872","name":"Michael\u2019s Flowers","group":"shopping","category":"shop=florist","tags":";florist;"}},{"type":"Feature","geometry":{"type":"Point","coordinates":[-77.31907,38.6836]},"properties":{"id":"node/3223456875","name":"House of Chou Chinese Restaurant","group":"food","category":"amenity=restaurant","cuisine":"chinese","tags":";chinese;restaurant;"}},{"type":"Feature","geometry":{"type":"Point","coordinates":[-77.31894,38.68379]},"properties":{"id":"node/3223456877","name":"Ariang Hibachi Steak House","group":"food","category":"amenity=restaurant","cuisine":"steak","phone":"+1-703-878-8878","housenumber":"12492","street":"Dillingham Square","city":"Lake Ridge","postcode":"22192","tags":";steak;restaurant;japanese;"}},{"type":"Feature","geometry":{"type":"Point","coordinates":[-77.31883,38.68401]},"properties":{"id":"node/3223456879","name":"Pet Nutrition Center","group":"shopping","category":"shop=pet","tags":";pet;"}},{"type":"Feature","geometry":{"type":"Point","coordinates":[-77.31879,38.68408]},"properties":{"id":"node/3223456880","name":"Festival Cleaners","group":"services","category":"shop=dry_cleaning","tags":";dry_cleaning;"}},{"type":"Feature","geometry":{"type":"Point","coordinates":[-77.31875,38.68415]},"properties":{"id":"node/3223456881","name":"Lake Ridge Vision","group":"personal_care","category":"shop=optician","tags":";optician;"}},{"type":"Feature","geometry":{"type":"Point","coordinates":[-77.31163,38.68667]},"properties":{"id":"node/3223475950","name":"Pizza Gourmet","group":"food","category":"amenity=restaurant","cuisine":"pizza","phone":"+1-703-490-6798","city":"Woodbridge","postcode":"22192","tags":";pizza;restaurant;"}},{"type":"Feature","geometry":{"type":"Point","coordinates":[-77.31156,38.68665]},"properties":{"id":"node/3223475951","name":"Parcel Plus","group":"shopping","category":"shop=stationery","tags":";stationery;"}},{"type":"Feature","geometry":{"type":"Point","coordinates":[-77.31158,38.68659]},"properties":{"id":"node/3223475952","name":"Nail Salon & Spa","group":"personal_care","category":"shop=beauty","tags":";beauty;nails;spa;"}},{"type":"Feature","geometry":{"type":"Point","coordinates":[-77.31162,38.68654]},"properties":{"id":"node/3223475953","name":"Lake Ridge Barber Shop","group":"personal_care","category":"shop=hairdresser","housenumber":"12435","street":"Hedges Run Drive","city":"Woodbridge","postcode":"22192","tags":";hairdresser;barber;"}},{"type":"Feature","geometry":{"type":"Point","coordinates":[-77.31159,38.68643]},"properties":{"id":"node/3223475954","name":"Hunan Garden Chinese Restaurant","group":"food","category":"amenity=restaurant","cuisine":"chinese","tags":";chinese;restaurant;"}},{"type":"Feature","geometry":{"type":"Point","coordinates":[-77.33442,38.6746]},"properties":{"id":"node/3223475958","name":"Angel's Bake Shop","group":"food","category":"shop=bakery","hours":"Su,Mo closed; Sa 09:00-19:00; Tu-Fr 11:00-19:00","tags":";bakery;"}},{"type":"Feature","geometry":{"type":"Point","coordinates":[-77.33437,38.6746]},"properties":{"id":"node/3223475959","name":"Smoke Hut","group":"shopping","category":"shop=tobacco","tags":";tobacco;"}},{"type":"Feature","geometry":{"type":"Point","coordinates":[-77.3343,38.6746]},"properties":{"id":"node/3223475960","name":"Empire Chinese Restaurant","group":"food","category":"amenity=restaurant","cuisine":"chinese","hours":"Mo-Th 11:00-22:00; Fr,Sa 11:00-22:30; Su 11:30-22:00","phone":"+1-703-680-2828","website":"http://www.empirewoodbridge.com","housenumber":"4212","street":"Merchant Plaza","city":"Woodbridge","postcode":"22192-5086","tags":";chinese;restaurant;"}},{"type":"Feature","geometry":{"type":"Point","coordinates":[-77.33418,38.67459]},"properties":{"id":"node/3223475962","name":"Glen Cleaners","group":"services","category":"shop=dry_cleaning","hours":"Mo-Fr 07:00-19:00; Sa 08:00-17:00","tags":";dry_cleaning;"}},{"type":"Feature","geometry":{"type":"Point","coordinates":[-77.3337,38.67457]},"properties":{"id":"node/3223475966","name":"MNB Art & Framing","group":"shopping","category":"shop=craft","tags":";craft;"}},{"type":"Feature","geometry":{"type":"Point","coordinates":[-77.33341,38.67455]},"properties":{"id":"node/3223475970","name":"Nail Design","group":"personal_care","category":"shop=beauty","hours":"Mo-Fr 10:00-19:00; Sa 09:00-19:00; Su 09:00-17:00","tags":";beauty;nails;"}},{"type":"Feature","geometry":{"type":"Point","coordinates":[-77.3332,38.67456]},"properties":{"id":"node/3223475972","name":"Los Toltecos Mexican Restaurante","group":"food","category":"amenity=restaurant","cuisine":"mexican","tags":";mexican;restaurant;"}},{"type":"Feature","geometry":{"type":"Point","coordinates":[-77.33306,38.6743]},"properties":{"id":"node/3223475973","name":"Presto! Pizza","group":"food","category":"amenity=restaurant","cuisine":"pizza","hours":"Mo-Su 11:00-22:00","phone":"+1-703-590-9555","website":"https://prestopizzas.com/","housenumber":"4135","street":"Merchant Plaza","city":"Woodbridge","postcode":"22192","tags":";pizza;restaurant;vegetarian;"}},{"type":"Feature","geometry":{"type":"Point","coordinates":[-77.33303,38.67427]},"properties":{"id":"node/3223475974","name":"Siam Bistro","group":"food","category":"amenity=restaurant","cuisine":"thai","phone":"+1-703-878-8988","website":"https://www.siambistrothaicuisine.com/","housenumber":"4129","street":"Merchant Plaza","city":"Woodbridge","postcode":"22192","tags":";thai;restaurant;"}},{"type":"Feature","geometry":{"type":"Point","coordinates":[-77.36807,38.66205]},"properties":{"id":"node/3223523599","name":"L&B's Pizzeria & Sports Bar","group":"food","category":"amenity=restaurant","cuisine":"pizza","hours":"Mo-Su 11:00-02:00","phone":"+1 703-730-1764","website":"https://www.lbspizzeriasportsbar.com/","housenumber":"5401","street":"Mapledale Avenue","tags":";pizza;restaurant;"}},{"type":"Feature","geometry":{"type":"Point","coordinates":[-77.368,38.66106]},"properties":{"id":"node/3223523607","name":"Ricky's Chicken","group":"food","category":"amenity=restaurant","cuisine":"peruvian","hours":"Mo-Sa 11:00-22:00; Su 11:30-21:00","phone":"+1 703-897-1616","website":"https://woodbridge.orderrickyschicken.com","housenumber":"5840","street":"Mapledale Plaza","postcode":"22193","tags":";peruvian;restaurant;chicken;takeout;"}},{"type":"Feature","geometry":{"type":"Point","coordinates":[-77.35916,38.66037]},"properties":{"id":"node/3223538899","name":"Dale City Auto Service","group":"services","category":"shop=car_repair","housenumber":"13594","street":"Quate Lane","city":"Woodbridge","postcode":"22193","tags":";car_repair;"}},{"type":"Feature","geometry":{"type":"Point","coordinates":[-77.33866,38.64821]},"properties":{"id":"node/3223546607","name":"Sisters Braiding & Weaving","group":"personal_care","category":"shop=hairdresser","housenumber":"4336","street":"Dale Boulevard","city":"Woodbridge","postcode":"22193","tags":";hairdresser;braiding;"}},{"type":"Feature","geometry":{"type":"Point","coordinates":[-77.30573,38.65292]},"properties":{"id":"node/3223586541","name":"Kababayan Filipino Gourmet","group":"food","category":"amenity=restaurant","cuisine":"asian","tags":";asian;restaurant;"}},{"type":"Feature","geometry":{"type":"Point","coordinates":[-77.3058,38.65299]},"properties":{"id":"node/3223586542","name":"Taste of Tandor","group":"food","category":"amenity=restaurant","cuisine":"indian","street":"Smoketown Road","tags":";indian;restaurant;takeout;"}},{"type":"Feature","geometry":{"type":"Point","coordinates":[-77.30584,38.65302]},"properties":{"id":"node/3223586543","name":"Red Nails","group":"personal_care","category":"shop=beauty","tags":";beauty;nails;"}},{"type":"Feature","geometry":{"type":"Point","coordinates":[-77.30605,38.65321]},"properties":{"id":"node/3223586545","name":"Smoketown Cleaners","group":"services","category":"shop=dry_cleaning","tags":";dry_cleaning;"}},{"type":"Feature","geometry":{"type":"Point","coordinates":[-77.30713,38.65276]},"properties":{"id":"node/3223586551","name":"Village Thrift","group":"shopping","category":"shop=second_hand","tags":";second_hand;"}},{"type":"Feature","geometry":{"type":"Point","coordinates":[-77.30741,38.65259]},"properties":{"id":"node/3223586552","name":"Selena\u2019s Gri","group":"food","category":"amenity=restaurant","tags":";restaurant;"}},{"type":"Feature","geometry":{"type":"Point","coordinates":[-77.30747,38.65255]},"properties":{"id":"node/3223586553","name":"Tommy Barber & Hair Salon","group":"personal_care","category":"shop=hairdresser","tags":";hairdresser;barber;"}},{"type":"Feature","geometry":{"type":"Point","coordinates":[-77.30753,38.65252]},"properties":{"id":"node/3223586554","name":"China Express","group":"food","category":"amenity=restaurant","cuisine":"chinese","tags":";chinese;restaurant;"}},{"type":"Feature","geometry":{"type":"Point","coordinates":[-77.30759,38.65248]},"properties":{"id":"node/3223586555","name":"Buffalo Philly's","group":"food","category":"amenity=restaurant","cuisine":"regional","tags":";regional;restaurant;"}},{"type":"Feature","geometry":{"type":"Point","coordinates":[-78.19439,38.14002]},"properties":{"id":"node/3336418103","name":"China","group":"food","category":"amenity=restaurant","cuisine":"chinese","website":"http://chinagordonsville.com/","housenumber":"408","street":"West Gordon Avenue","city":"Gordonsville","postcode":"22942","tags":";chinese;restaurant;"}},{"type":"Feature","geometry":{"type":"Point","coordinates":[-78.05901,38.24208]},"properties":{"id":"node/3419028854","name":"Gas & Stuff","group":"groceries","category":"shop=convenience","tags":";convenience;"}},{"type":"Feature","geometry":{"type":"Point","coordinates":[-78.27715,38.16033]},"properties":{"id":"node/3769608760","name":"Palladio","group":"food","category":"amenity=restaurant","cuisine":"italian","website":"https://www.bbvwine.com/palladio-restaurant","housenumber":"17655","street":"Winery Road","city":"Barboursville","postcode":"22923","tags":";italian;restaurant;"}},{"type":"Feature","geometry":{"type":"Point","coordinates":[-78.27715,38.16052]},"properties":{"id":"node/3769608848","name":"Barboursville Vineyards Tasting Room","group":"groceries","category":"shop=alcohol","tags":";alcohol;"}},{"type":"Feature","geometry":{"type":"Point","coordinates":[-77.29602,38.65184]},"properties":{"id":"node/3785582943","name":"5 Star Nutrition","group":"groceries","category":"shop=convenience","street":"Prince William Parkway","city":"Woodbridge","postcode":"22192","tags":";convenience;"}},{"type":"Feature","geometry":{"type":"Point","coordinates":[-77.29607,38.65185]},"properties":{"id":"node/3785584958","name":"Matrix Nails","group":"personal_care","category":"shop=beauty","housenumber":"2820","street":"Prince William Parkway","city":"Woodbridge","postcode":"22192","tags":";beauty;nails;"}},{"type":"Feature","geometry":{"type":"Point","coordinates":[-77.28964,38.65287]},"properties":{"id":"node/3789894938","name":"Beauty 4U","group":"personal_care","category":"shop=beauty","tags":";beauty;"}},{"type":"Feature","geometry":{"type":"Point","coordinates":[-77.28953,38.65205]},"properties":{"id":"node/3789894976","name":"Appliance Connection","group":"shopping","category":"shop=appliance","tags":";appliance;"}},{"type":"Feature","geometry":{"type":"Point","coordinates":[-77.29,38.65222]},"properties":{"id":"node/3789894978","name":"Olympus Auto Parts","group":"shopping","category":"shop=car_parts","tags":";car_parts;"}},{"type":"Feature","geometry":{"type":"Point","coordinates":[-78.50736,38.33931]},"properties":{"id":"node/3823094741","name":"Blue Ridge Pottery","group":"services","category":"craft=pottery","hours":"09:00-17:00","tags":";pottery;"}},{"type":"Feature","geometry":{"type":"Point","coordinates":[-77.33002,38.58218]},"properties":{"id":"node/3840179068","name":"Quantico Center Barber Shop","group":"personal_care","category":"shop=hairdresser","housenumber":"3922","street":"Fettler Park Drive","city":"Dumfries","postcode":"22025","tags":";hairdresser;barber;"}},{"type":"Feature","geometry":{"type":"Point","coordinates":[-77.33898,38.64819]},"properties":{"id":"node/3840228277","name":"Pitkins Ace Home Center","group":"shopping","category":"shop=doityourself","housenumber":"4340","street":"Dale Boulevard","city":"Woodbridge","postcode":"22193","tags":";doityourself;"}},{"type":"Feature","geometry":{"type":"Point","coordinates":[-77.3384,38.64804]},"properties":{"id":"node/3840228278","name":"Wonder Nails","group":"personal_care","category":"shop=beauty","housenumber":"4324","street":"Dale Boulevard","city":"Woodbridge","postcode":"22193","tags":";beauty;nails;"}},{"type":"Feature","geometry":{"type":"Point","coordinates":[-77.33852,38.64811]},"properties":{"id":"node/3840228279","name":"Images Beauty & Barber Salon","group":"personal_care","category":"shop=hairdresser","housenumber":"4330","street":"Dale Boulevard","city":"Woodbridge","postcode":"22193","tags":";hairdresser;barber;"}},{"type":"Feature","geometry":{"type":"Point","coordinates":[-77.33848,38.64809]},"properties":{"id":"node/3840228280","name":"Health Spa","group":"personal_care","category":"shop=massage","housenumber":"4328","street":"Dale Boulevard","city":"Woodbridge","postcode":"22193","tags":";massage;spa;"}},{"type":"Feature","geometry":{"type":"Point","coordinates":[-77.33856,38.64814]},"properties":{"id":"node/3840228282","name":"Neda Jewellers","group":"shopping","category":"shop=jewelry","housenumber":"4332","street":"Dale Boulevard","city":"Woodbridge","postcode":"22193","tags":";jewelry;"}},{"type":"Feature","geometry":{"type":"Point","coordinates":[-77.3386,38.64817]},"properties":{"id":"node/3840228283","name":"Top China Carryout","group":"food","category":"amenity=restaurant","cuisine":"chinese","housenumber":"4334","street":"Dale Boulevard","city":"Woodbridge","postcode":"22193","tags":";chinese;restaurant;"}},{"type":"Feature","geometry":{"type":"Point","coordinates":[-77.33812,38.64786]},"properties":{"id":"node/3840228284","name":"Common Grounds","group":"food","category":"amenity=cafe","cuisine":"coffee_shop","website":"http://www.commongroundsdc.com","housenumber":"4320","street":"Dale Boulevard","city":"Woodbridge","postcode":"22193","tags":";coffee_shop;cafe;"}},{"type":"Feature","geometry":{"type":"Point","coordinates":[-77.33049,38.58234]},"properties":{"id":"node/3841128233","name":"Millennium Nails & Day Spa","group":"personal_care","category":"shop=beauty","housenumber":"3954","street":"Fettler Park Drive","city":"Dumfries","postcode":"22025","tags":";beauty;nails;spa;"}},{"type":"Feature","geometry":{"type":"Point","coordinates":[-77.33052,38.58266]},"properties":{"id":"node/3841158978","name":"Asian Pan","group":"food","category":"amenity=restaurant","cuisine":"japanese","website":"http://www.asianpanrestaurant.com","housenumber":"3974","street":"Fettler Park Drive","city":"Dumfries","postcode":"22025","tags":";japanese;restaurant;"}},{"type":"Feature","geometry":{"type":"Point","coordinates":[-77.33411,38.64665]},"properties":{"id":"node/3847083998","name":"Yogi Cream","group":"food","category":"amenity=ice_cream","housenumber":"4495","street":"Cheshire Station Plaza","city":"Woodbridge","postcode":"22193","tags":";ice_cream;"}},{"type":"Feature","geometry":{"type":"Point","coordinates":[-77.33441,38.64653]},"properties":{"id":"node/3847084001","name":"KikiRiki","group":"food","category":"amenity=restaurant","housenumber":"4475","street":"Cheshire Station Plaza","city":"Woodbridge","postcode":"22193","tags":";restaurant;"}},{"type":"Feature","geometry":{"type":"Point","coordinates":[-77.3336,38.64493]},"properties":{"id":"node/3847161261","name":"Tobacco Home","group":"shopping","category":"shop=tobacco","housenumber":"4271","street":"Cheshire Station Plaza","city":"Woodbridge","postcode":"22193","tags":";tobacco;"}},{"type":"Feature","geometry":{"type":"Point","coordinates":[-77.3331,38.64617]},"properties":{"id":"node/3847219718","name":"World Nails & Day Spa","group":"personal_care","category":"shop=beauty","housenumber":"4155","street":"Cheshire Station Plaza","city":"Woodbridge","postcode":"22193","tags":";beauty;nails;spa;"}},{"type":"Feature","geometry":{"type":"Point","coordinates":[-77.33323,38.64638]},"properties":{"id":"node/3847219719","name":"Sprint/Radio Shack","group":"shopping","category":"shop=electronics","housenumber":"4134","street":"Cheshire Station Plaza","city":"Woodbridge","postcode":"22193","tags":";electronics;"}},{"type":"Feature","geometry":{"type":"Point","coordinates":[-77.33328,38.64644]},"properties":{"id":"node/3847219720","name":"Golden House","group":"food","category":"amenity=fast_food","cuisine":"chinese","housenumber":"4131","street":"Cheshire Station Plaza","city":"Woodbridge","postcode":"22193","tags":";chinese;fast_food;"}},{"type":"Feature","geometry":{"type":"Point","coordinates":[-77.30922,38.65515]},"properties":{"id":"node/3848333391","name":"Gabe's Automotive","group":"services","category":"shop=car_repair","housenumber":"13512","street":"Minnieville Road","city":"Woodbridge","postcode":"22192","tags":";car_repair;"}},{"type":"Feature","geometry":{"type":"Point","coordinates":[-77.33504,38.64347]},"properties":{"id":"node/3875609372","name":"Wok & Pho","group":"food","category":"amenity=restaurant","cuisine":"vietnamese","housenumber":"4148","street":"Dale Boulevard","city":"Woodbridge","postcode":"22193","tags":";vietnamese;restaurant;chinese;"}},{"type":"Feature","geometry":{"type":"Point","coordinates":[-77.33526,38.64374]},"properties":{"id":"node/3875609376","name":"Kelly's Hair and Day Spa","group":"personal_care","category":"shop=hairdresser","housenumber":"4170","street":"Dale Boulevard","city":"Woodbridge","postcode":"22193","tags":";hairdresser;spa;"}},{"type":"Feature","geometry":{"type":"Point","coordinates":[-77.33496,38.64337]},"properties":{"id":"node/3875609377","name":"Royal Valet Cleaners","group":"services","category":"shop=dry_cleaning","housenumber":"4138","street":"Dale Boulevard","city":"Woodbridge","postcode":"22193","tags":";dry_cleaning;"}},{"type":"Feature","geometry":{"type":"Point","coordinates":[-77.33517,38.64363]},"properties":{"id":"node/3875609378","name":"Joyeria Esquivel","group":"shopping","category":"shop=jewelry","housenumber":"4162","street":"Dale Boulevard","city":"Woodbridge","postcode":"22193","tags":";jewelry;"}},{"type":"Feature","geometry":{"type":"Point","coordinates":[-77.33486,38.64321]},"properties":{"id":"node/3875609379","name":"FM Furniture","group":"shopping","category":"shop=furniture","housenumber":"4136","street":"Dale Boulevard","city":"Woodbridge","postcode":"22193","tags":";furniture;"}},{"type":"Feature","geometry":{"type":"Point","coordinates":[-77.33521,38.64368]},"properties":{"id":"node/3875609384","name":"Cigarette Club","group":"shopping","category":"shop=tobacco","housenumber":"4166","street":"Dale Boulevard","city":"Woodbridge","postcode":"22193","tags":";tobacco;"}},{"type":"Feature","geometry":{"type":"Point","coordinates":[-77.335,38.64342]},"properties":{"id":"node/3875609385","name":"Dale City Laundromat","group":"services","category":"shop=laundry","housenumber":"4144","street":"Dale Boulevard","city":"Woodbridge","postcode":"22193","tags":";laundry;"}},{"type":"Feature","geometry":{"type":"Point","coordinates":[-77.3344,38.64268]},"properties":{"id":"node/3876398458","name":"Super Selectos Grocery and Deli","group":"groceries","category":"shop=grocery","housenumber":"4112","street":"Dale Boulevard","city":"Woodbridge","postcode":"22193","tags":";grocery;"}},{"type":"Feature","geometry":{"type":"Point","coordinates":[-77.33453,38.64284]},"properties":{"id":"node/3876398459","name":"Pawn City","group":"services","category":"shop=pawnbroker","housenumber":"4124","street":"Dale Boulevard","city":"Woodbridge","postcode":"22193","tags":";pawnbroker;"}},{"type":"Feature","geometry":{"type":"Point","coordinates":[-77.33445,38.64274]},"properties":{"id":"node/3876398462","name":"5-Twelve","group":"groceries","category":"shop=convenience","housenumber":"4116","street":"Dale Boulevard","city":"Woodbridge","postcode":"22193","tags":";convenience;"}},{"type":"Feature","geometry":{"type":"Point","coordinates":[-77.29842,38.65117]},"properties":{"id":"node/3877471403","name":"Mattress Discounters","group":"shopping","category":"shop=bed","housenumber":"14069","street":"Shoppers Best Way","city":"Woodbridge","postcode":"22193","tags":";bed;"}},{"type":"Feature","geometry":{"type":"Point","coordinates":[-77.29412,38.65024]},"properties":{"id":"node/3880020417","name":"Bento Cafe","group":"food","category":"amenity=restaurant","cuisine":"sushi","housenumber":"13257","street":"Worth Avenue","city":"Woodbridge","postcode":"22192","tags":";sushi;restaurant;"}},{"type":"Feature","geometry":{"type":"Point","coordinates":[-77.29404,38.65003]},"properties":{"id":"node/3880020418","name":"Tobacco King","group":"shopping","category":"shop=tobacco","housenumber":"13273","street":"Worth Avenue","city":"Woodbridge","postcode":"22192","tags":";tobacco;"}},{"type":"Feature","geometry":{"type":"Point","coordinates":[-77.29406,38.65008]},"properties":{"id":"node/3880020428","name":"T-Nails","group":"personal_care","category":"shop=beauty","housenumber":"13269","street":"Worth Avenue","city":"Woodbridge","postcode":"22192","tags":";beauty;nails;"}},{"type":"Feature","geometry":{"type":"Point","coordinates":[-77.29414,38.65028]},"properties":{"id":"node/3880020429","name":"Pro Styl'n","group":"personal_care","category":"shop=hairdresser","housenumber":"13255","street":"Worth Avenue","city":"Woodbridge","postcode":"22192","tags":";hairdresser;"}},{"type":"Feature","geometry":{"type":"Point","coordinates":[-77.30154,38.64949]},"properties":{"id":"node/3882377911","name":"Al-Zaytoun Kabob & Grill","group":"food","category":"amenity=restaurant","cuisine":"kebab","housenumber":"13871","street":"Smoketown Road","city":"Woodbridge","postcode":"22192","tags":";kebab;restaurant;"}},{"type":"Feature","geometry":{"type":"Point","coordinates":[-77.30153,38.64967]},"properties":{"id":"node/3882377927","name":"Fair Price International Supermarket","group":"groceries","category":"shop=grocery","housenumber":"13863","street":"Smoketown Road","city":"Woodbridge","postcode":"22192","tags":";grocery;halal;"}},{"type":"Feature","geometry":{"type":"Point","coordinates":[-77.30155,38.64932]},"properties":{"id":"node/3882377934","name":"Pawn USA","group":"services","category":"shop=pawnbroker","housenumber":"13879","street":"Smoketown Road","city":"Woodbridge","postcode":"22192","tags":";pawnbroker;"}},{"type":"Feature","geometry":{"type":"Point","coordinates":[-77.28509,38.65169]},"properties":{"id":"node/3882772664","name":"Five Star Nails","group":"personal_care","category":"shop=beauty","housenumber":"14001","street":"Crossing Place","city":"Woodbridge","postcode":"22192","tags":";beauty;nails;"}},{"type":"Feature","geometry":{"type":"Point","coordinates":[-77.28613,38.65203]},"properties":{"id":"node/3882772665","name":"nextday Blinds","group":"shopping","category":"shop=window_blind","housenumber":"2475","street":"Prince William Parkway","city":"Woodbridge","postcode":"22192","tags":";window_blind;"}},{"type":"Feature","geometry":{"type":"Point","coordinates":[-77.28506,38.65176]},"properties":{"id":"node/3882772674","name":"Salon Culture","group":"personal_care","category":"shop=hairdresser","housenumber":"14005","street":"Crossing Place","city":"Woodbridge","postcode":"22192","tags":";hairdresser;"}},{"type":"Feature","geometry":{"type":"Point","coordinates":[-77.28415,38.65366]},"properties":{"id":"node/3882772676","name":"Thompsonville Furniture","group":"shopping","category":"shop=furniture","housenumber":"14189","street":"Crossing Place","city":"Woodbridge","postcode":"22192","tags":";furniture;"}},{"type":"Feature","geometry":{"type":"Point","coordinates":[-77.28502,38.65183]},"properties":{"id":"node/3882772681","name":"Marlow White","group":"shopping","category":"shop=clothes","housenumber":"14013","street":"Crossing Place","city":"Woodbridge","postcode":"22192","tags":";clothes;"}},{"type":"Feature","geometry":{"type":"Point","coordinates":[-77.30186,38.65193]},"properties":{"id":"node/3885531779","name":"Phenix Salon Suites","group":"personal_care","category":"shop=beauty","housenumber":"2980","street":"Prince William Parkway","city":"Woodbridge","postcode":"22192","tags":";beauty;"}},{"type":"Feature","geometry":{"type":"Point","coordinates":[-77.30067,38.65242]},"properties":{"id":"node/3885531782","name":"Jewelry By Design","group":"shopping","category":"shop=jewelry","housenumber":"2932","street":"Prince William Parkway","city":"Woodbridge","postcode":"22192","tags":";jewelry;"}},{"type":"Feature","geometry":{"type":"Point","coordinates":[-77.30144,38.65214]},"properties":{"id":"node/3885531790","name":"Divine Nails & Spa","group":"personal_care","category":"shop=beauty","housenumber":"2958","street":"Prince William Parkway","city":"Woodbridge","postcode":"22192","tags":";beauty;nails;spa;"}},{"type":"Feature","geometry":{"type":"Point","coordinates":[-77.30138,38.65217]},"properties":{"id":"node/3885531795","name":"Barber Shop & Co.","group":"personal_care","category":"shop=hairdresser","housenumber":"2956","street":"Prince William Parkway","city":"Woodbridge","postcode":"22192","tags":";hairdresser;barber;"}},{"type":"Feature","geometry":{"type":"Point","coordinates":[-77.33562,38.64705]},"properties":{"id":"node/3888580330","name":"Sampan","group":"food","category":"amenity=fast_food","cuisine":"chinese","hours":"Mo-Th 11:00-21:30; Fr, Sa 11:00-22:00; Su 11:30-21:30","phone":"+1 703-670-0500","website":"https://www.sampancarryout.com","housenumber":"14128","street":"Minnieville Road","city":"Woodbridge","postcode":"22193","tags":";chinese;fast_food;takeout;delivery;"}},{"type":"Feature","geometry":{"type":"Point","coordinates":[-77.33555,38.64704]},"properties":{"id":"node/3888580331","name":"Pete's Barber Shop","group":"personal_care","category":"shop=hairdresser","housenumber":"14126","street":"Minnieville Road","city":"Woodbridge","postcode":"22193","tags":";hairdresser;barber;"}},{"type":"Feature","geometry":{"type":"Point","coordinates":[-77.33538,38.64703]},"properties":{"id":"node/3888580332","name":"V-Nails Boutique","group":"personal_care","category":"shop=beauty","housenumber":"14120","street":"Minnieville Road","city":"Woodbridge","postcode":"22193","tags":";beauty;nails;"}},{"type":"Feature","geometry":{"type":"Point","coordinates":[-77.33604,38.64708]},"properties":{"id":"node/3888581980","name":"Clear Bubble Laundromat","group":"services","category":"shop=laundry","housenumber":"14140","street":"Minnieville Road","city":"Woodbridge","postcode":"22193","tags":";laundry;"}},{"type":"Feature","geometry":{"type":"Point","coordinates":[-77.33579,38.64706]},"properties":{"id":"node/3888581981","name":"Dale Seafood","group":"groceries","category":"shop=seafood","housenumber":"14132","street":"Minnieville Road","city":"Woodbridge","postcode":"22193","tags":";seafood;"}},{"type":"Feature","geometry":{"type":"Point","coordinates":[-77.33653,38.64662]},"properties":{"id":"node/3888589957","name":"Jaxa Event Designer & Rentals","group":"shopping","category":"shop=party","housenumber":"14170","street":"Minnieville Road","city":"Woodbridge","postcode":"22193","tags":";party;"}},{"type":"Feature","geometry":{"type":"Point","coordinates":[-77.33641,38.64662]},"properties":{"id":"node/3888589959","name":"Exotic Smoke Shop","group":"shopping","category":"shop=tobacco","housenumber":"14170","street":"Minnieville Road","city":"Woodbridge","postcode":"22193","tags":";tobacco;"}},{"type":"Feature","geometry":{"type":"Point","coordinates":[-77.29813,38.63971]},"properties":{"id":"node/3889852849","name":"Carpetland","group":"shopping","category":"shop=carpet","housenumber":"2713","street":"Potomac Mills Circle","city":"Woodbridge","postcode":"22192","tags":";carpet;"}},{"type":"Feature","geometry":{"type":"Point","coordinates":[-77.298,38.63961]},"properties":{"id":"node/3889852850","name":"Sensational Stylz","group":"personal_care","category":"shop=hairdresser","housenumber":"2717","street":"Potomac Mills Circle","city":"Woodbridge","postcode":"22192","tags":";hairdresser;"}},{"type":"Feature","geometry":{"type":"Point","coordinates":[-77.29822,38.63975]},"properties":{"id":"node/3889852851","name":"Mattressland","group":"shopping","category":"shop=bed","housenumber":"2709","street":"Potomac Mills Circle","city":"Woodbridge","postcode":"22192","tags":";bed;"}},{"type":"Feature","geometry":{"type":"Point","coordinates":[-77.30434,38.65538]},"properties":{"id":"node/3899201748","name":"DC Charcoal Chicken","group":"food","category":"amenity=fast_food","cuisine":"chicken;peruvian;mexican","housenumber":"13580","street":"Foulger Square","city":"Woodbidge","postcode":"22192","tags":";chicken;peruvian;mexican;fast_food;takeout;"}},{"type":"Feature","geometry":{"type":"Point","coordinates":[-77.29539,38.63903]},"properties":{"id":"node/3900611852","name":"Carpet & Floor Outlet","group":"shopping","category":"shop=carpet","housenumber":"2785","street":"Metro Plaza","city":"Woodbridge","postcode":"22192","tags":";carpet;"}},{"type":"Feature","geometry":{"type":"Point","coordinates":[-77.29507,38.63952]},"properties":{"id":"node/3900611853","name":"Sake Japanese Steakhouse Woodbridge","group":"food","category":"amenity=restaurant","cuisine":"steak_house","website":"http://www.tjsh.com","housenumber":"2705","street":"Metro Plaza","city":"Woodbridge","postcode":"22192","tags":";steak_house;restaurant;japanese;"}},{"type":"Feature","geometry":{"type":"Point","coordinates":[-77.29522,38.63929]},"properties":{"id":"node/3900611856","name":"Old Virginia Tobacco Company","group":"shopping","category":"shop=tobacco","housenumber":"2745","street":"Metro Plaza","city":"Woodbridge","postcode":"22192","tags":";tobacco;"}},{"type":"Feature","geometry":{"type":"Point","coordinates":[-77.29519,38.63934]},"properties":{"id":"node/3900612157","name":"Victory Nails","group":"personal_care","category":"shop=beauty","housenumber":"2735","street":"Metro Plaza","city":"Woodbridge","postcode":"22192","tags":";beauty;nails;"}},{"type":"Feature","geometry":{"type":"Point","coordinates":[-77.29552,38.63877]},"properties":{"id":"node/3900627457","name":"Potomac Mills Barber & Hair Stylist","group":"personal_care","category":"shop=hairdresser","housenumber":"2770","street":"Metro Plaza","city":"Woodbridge","postcode":"22192","tags":";hairdresser;barber;"}},{"type":"Feature","geometry":{"type":"Point","coordinates":[-77.29573,38.63899]},"properties":{"id":"node/3900627458","name":"Satelite AutoGlass","group":"services","category":"shop=car_repair","housenumber":"2726","street":"Metro Plaza","city":"Woodbridge","postcode":"22192","tags":";car_repair;"}},{"type":"Feature","geometry":{"type":"Point","coordinates":[-77.29564,38.63889]},"properties":{"id":"node/3900627461","name":"Le Tache","group":"shopping","category":"shop=clothes","housenumber":"2730","street":"Metro Plaza","city":"Woodbridge","postcode":"22192","tags":";clothes;"}},{"type":"Feature","geometry":{"type":"Point","coordinates":[-77.29532,38.63872]},"properties":{"id":"node/3900627462","name":"Prime Automotive","group":"services","category":"shop=car_repair","housenumber":"2800","street":"Metro Plaza","city":"Woodbridge","postcode":"22192","tags":";car_repair;"}},{"type":"Feature","geometry":{"type":"Point","coordinates":[-77.29542,38.63874]},"properties":{"id":"node/3900627463","name":"Skinhibitions","group":"personal_care","category":"shop=tattoo","housenumber":"2790","street":"Metro Plaza","city":"Woodbridge","postcode":"22192","tags":";tattoo;"}},{"type":"Feature","geometry":{"type":"Point","coordinates":[-77.2958,38.63907]},"properties":{"id":"node/3900627464","name":"Hookay Oasis","group":"shopping","category":"shop=tobacco","housenumber":"2720","street":"Metro Plaza","city":"Woodbridge","postcode":"22192","tags":";tobacco;"}},{"type":"Feature","geometry":{"type":"Point","coordinates":[-78.19484,38.13992]},"properties":{"id":"node/3913598708","name":"Fabio's Pizza","group":"food","category":"amenity=restaurant","cuisine":"pizza","tags":";pizza;restaurant;"}},{"type":"Feature","geometry":{"type":"Point","coordinates":[-78.09726,38.24299]},"properties":{"id":"node/3919068211","name":"Waugh Enterprises Harley Davidson","group":"shopping","category":"shop=motorcycle","tags":";motorcycle;"}},{"type":"Feature","geometry":{"type":"Point","coordinates":[-78.11645,38.22871]},"properties":{"id":"node/3919070871","name":"Piedmont Power","group":"groceries","category":"shop=farm","tags":";farm;"}},{"type":"Feature","geometry":{"type":"Point","coordinates":[-78.11123,38.23693]},"properties":{"id":"node/3919070872","name":"Corner Cabinet Shop","group":"services","category":"craft=carpenter","tags":";carpenter;"}},{"type":"Feature","geometry":{"type":"Point","coordinates":[-78.04828,38.24436]},"properties":{"id":"node/3919252925","name":"TJ's Mobile Repair","group":"services","category":"shop=car_repair","tags":";car_repair;"}},{"type":"Feature","geometry":{"type":"Point","coordinates":[-78.01363,38.25562]},"properties":{"id":"node/3919253315","name":"Billy Cooper's Music","group":"shopping","category":"shop=musical_instrument","tags":";musical_instrument;"}},{"type":"Feature","geometry":{"type":"Point","coordinates":[-77.3731,38.63313]},"properties":{"id":"node/3935138349","name":"Nail Spa","group":"personal_care","category":"shop=beauty","housenumber":"5560","street":"Staples Mill Plaza","city":"Woodbridge","postcode":"22193","tags":";beauty;nails;spa;"}},{"type":"Feature","geometry":{"type":"Point","coordinates":[-77.37265,38.63333]},"properties":{"id":"node/3935138350","name":"Armetta's Italian Grill & Pizzeria","group":"food","category":"amenity=restaurant","cuisine":"italian","hours":"Mo-Th 11:00-22:00; Fr, Sa 11:00-23:00; Su 12:00-22:00","phone":"+1 703-878-9977","website":"https://armettasrestaurant.com/armettas-miniville-menu","housenumber":"5524","street":"Staples Mill Plaza","city":"Woodbridge","postcode":"22193","tags":";italian;restaurant;pizza;takeout;"}},{"type":"Feature","geometry":{"type":"Point","coordinates":[-77.37275,38.63326]},"properties":{"id":"node/3935138351","name":"New China","group":"food","category":"amenity=fast_food","cuisine":"chinese","phone":"+1 703-897-0399","housenumber":"5528","street":"Staples Mill Plaza","city":"Woodbridge","postcode":"22193","tags":";chinese;fast_food;takeout;"}},{"type":"Feature","geometry":{"type":"Point","coordinates":[-77.37245,38.63346]},"properties":{"id":"node/3935138352","name":"Dollar Planet","group":"groceries","category":"shop=variety_store","housenumber":"5504","street":"Staples Mill Plaza","city":"Woodbridge","postcode":"22193","tags":";variety_store;"}},{"type":"Feature","geometry":{"type":"Point","coordinates":[-77.3725,38.63343]},"properties":{"id":"node/3935141859","name":"Shear Image","group":"personal_care","category":"shop=hairdresser","housenumber":"5508","street":"Staples Mill Plaza","city":"Woodbridge","postcode":"22193","tags":";hairdresser;"}},{"type":"Feature","geometry":{"type":"Point","coordinates":[-77.37285,38.6332]},"properties":{"id":"node/3935141870","name":"That Bowl","group":"food","category":"amenity=restaurant","hours":"Mo-Su 11:00-21:00","phone":"+1 571-285-2704","website":"https://www.thatbowl.com/","housenumber":"5540","street":"Staples Mill Plaza","city":"Wodbridge","postcode":"22193","tags":";restaurant;"}},{"type":"Feature","geometry":{"type":"Point","coordinates":[-77.37317,38.63312]},"properties":{"id":"node/3935141871","name":"Minnieville Cleaners","group":"services","category":"shop=dry_cleaning","housenumber":"5564","street":"Staples Mill Plaza","city":"Woodbridge","postcode":"22193","tags":";dry_cleaning;"}},{"type":"Feature","geometry":{"type":"Point","coordinates":[-77.33919,38.64695]},"properties":{"id":"node/4044604505","name":"Cigarettes Unlimited","group":"shopping","category":"shop=tobacco","housenumber":"4315","street":"Dale Boulevard","city":"Woodbridge","postcode":"22193","tags":";tobacco;"}},{"type":"Feature","geometry":{"type":"Point","coordinates":[-77.33397,38.66678]},"properties":{"id":"node/4054977753","name":"Forever Beauty Salon","group":"personal_care","category":"shop=beauty","housenumber":"13165","street":"Centerpointe Way","city":"Woodbridge","postcode":"22193","tags":";beauty;"}},{"type":"Feature","geometry":{"type":"Point","coordinates":[-77.33391,38.6668]},"properties":{"id":"node/4054977756","name":"Crystal Brite Cleaners","group":"services","category":"shop=dry_cleaning","housenumber":"13171","street":"Centerpointe Way","city":"Woodbridge","postcode":"22193","tags":";dry_cleaning;"}},{"type":"Feature","geometry":{"type":"Point","coordinates":[-77.33385,38.66682]},"properties":{"id":"node/4054977757","name":"Parkway Pawn & Gold Buyers","group":"services","category":"shop=pawnbroker","housenumber":"13177","street":"Centerpointe Way","city":"Woodbridge","postcode":"22193","tags":";pawnbroker;"}},{"type":"Feature","geometry":{"type":"Point","coordinates":[-77.30168,38.65906]},"properties":{"id":"node/4094346182","name":"East Moon Asian Bistro","group":"food","category":"amenity=restaurant","cuisine":"chinese","housenumber":"13352","street":"Minnieville Road","city":"Woodbridge","postcode":"22192","tags":";chinese;restaurant;"}},{"type":"Feature","geometry":{"type":"Point","coordinates":[-77.30135,38.65937]},"properties":{"id":"node/4094346185","name":"Afghan Grill Kabob","group":"food","category":"amenity=restaurant","cuisine":"kebab","website":"https://www.afghangrillkabob.com/","housenumber":"13338","street":"Minnieville Road","city":"Woodbridge","postcode":"22192","tags":";kebab;restaurant;"}},{"type":"Feature","geometry":{"type":"Point","coordinates":[-77.3014,38.65933]},"properties":{"id":"node/4094347100","name":"Vivian Nails & Spa","group":"personal_care","category":"shop=beauty","housenumber":"13340","street":"Minnieville Road","city":"Woodbridge","postcode":"22192","tags":";beauty;nails;spa;"}},{"type":"Feature","geometry":{"type":"Point","coordinates":[-77.30156,38.65917]},"properties":{"id":"node/4094347114","name":"Tazo Pizza","group":"food","category":"amenity=restaurant","cuisine":"pizza","housenumber":"13346","street":"Minnieville Road","city":"Woodbridge","postcode":"22192","tags":";pizza;restaurant;"}},{"type":"Feature","geometry":{"type":"Point","coordinates":[-77.30147,38.65925]},"properties":{"id":"node/4094347118","name":"$1.99 Dry Clean","group":"services","category":"shop=dry_cleaning","housenumber":"13342","street":"Minnieville Road","city":"Woodbridge","postcode":"22192","tags":";dry_cleaning;"}},{"type":"Feature","geometry":{"type":"Point","coordinates":[-77.3016,38.65913]},"properties":{"id":"node/4094347129","name":"Hair Designers","group":"personal_care","category":"shop=hairdresser","housenumber":"13348","street":"Minnieville Road","city":"Woodbridge","postcode":"22192","tags":";hairdresser;"}},{"type":"Feature","geometry":{"type":"Point","coordinates":[-77.47005,38.32261]},"properties":{"id":"node/4167481638","name":"Amy's Cafe","group":"food","category":"amenity=restaurant","cuisine":"american","housenumber":"103","street":"West Cambridge Street","city":"Falmouth","postcode":"22405","tags":";american;restaurant;"}},{"type":"Feature","geometry":{"type":"Point","coordinates":[-77.31095,38.65454]},"properties":{"id":"node/4170649867","name":"The American Barber Shop","group":"personal_care","category":"shop=hairdresser","housenumber":"13596","street":"Minnieville Road","city":"Woodbridge","postcode":"22192","tags":";hairdresser;barber;"}},{"type":"Feature","geometry":{"type":"Point","coordinates":[-77.31029,38.65509]},"properties":{"id":"node/4170669495","name":"Emaye Ethiopian Market & Carry Out","group":"groceries","category":"shop=convenience","housenumber":"13554","street":"Minnieville Road","city":"Woodbridge","postcode":"22192","tags":";convenience;"}},{"type":"Feature","geometry":{"type":"Point","coordinates":[-77.31061,38.65497]},"properties":{"id":"node/4170669498","name":"Good Taste Express","group":"food","category":"amenity=fast_food","cuisine":"chinese","housenumber":"13564","street":"Minnieville Road","city":"Woodbridge","postcode":"22192","tags":";chinese;fast_food;"}},{"type":"Feature","geometry":{"type":"Point","coordinates":[-77.30989,38.65486]},"properties":{"id":"node/4188273006","name":"Pinay Kitchen","group":"food","category":"amenity=restaurant","cuisine":"filipino","housenumber":"13542","street":"Minnieville Road","city":"Woodbridge","postcode":"22192","tags":";filipino;restaurant;"}},{"type":"Feature","geometry":{"type":"Point","coordinates":[-77.33967,38.64633]},"properties":{"id":"node/4191939507","name":"China Gourmet","group":"food","category":"amenity=restaurant","cuisine":"chinese","website":"https://www.chinagourmetdalecity.com/","housenumber":"4313","street":"Dale Boulevard","city":"Woodbridge","postcode":"22193","tags":";chinese;restaurant;"}},{"type":"Feature","geometry":{"type":"Point","coordinates":[-77.33982,38.64642]},"properties":{"id":"node/4191939508","name":"Nail Club","group":"personal_care","category":"shop=beauty","housenumber":"4321","street":"Dale Boulevard","city":"Woodbridge","postcode":"22193","tags":";beauty;nails;"}},{"type":"Feature","geometry":{"type":"Point","coordinates":[-77.33988,38.64648]},"properties":{"id":"node/4191939516","name":"Margaritas Grill","group":"food","category":"amenity=restaurant","cuisine":"salvadoran","housenumber":"4331","street":"Dale Boulevard","city":"Woodbridge","postcode":"22193","tags":";salvadoran;restaurant;"}},{"type":"Feature","geometry":{"type":"Point","coordinates":[-77.33985,38.64644]},"properties":{"id":"node/4191939520","name":"Chilla","group":"shopping","category":"shop=tobacco","housenumber":"4321","street":"Dale Boulevard","city":"Woodbridge","postcode":"22193","tags":";tobacco;"}},{"type":"Feature","geometry":{"type":"Point","coordinates":[-77.33883,38.64577]},"properties":{"id":"node/4191939525","name":"Lydia Braiding and Weaving","group":"personal_care","category":"shop=beauty","housenumber":"4303","street":"Dale Boulevard","city":"Woodbridge","postcode":"22193","tags":";beauty;braiding;"}},{"type":"Feature","geometry":{"type":"Point","coordinates":[-77.31353,38.64842]},"properties":{"id":"node/4245102927","name":"Quality Nails & Spa","group":"personal_care","category":"shop=beauty","tags":";beauty;nails;spa;"}},{"type":"Feature","geometry":{"type":"Point","coordinates":[-77.31339,38.64849]},"properties":{"id":"node/4245102933","name":"Lee's Salon & Barber","group":"personal_care","category":"shop=hairdresser","tags":";hairdresser;barber;"}},{"type":"Feature","geometry":{"type":"Point","coordinates":[-77.3136,38.64839]},"properties":{"id":"node/4245102940","name":"Sunny's Seafood & Deli","group":"food","category":"amenity=fast_food","website":"http://projects.sinhmax.com/design3/sunny-seafood/index.html","tags":";fast_food;seafood;sandwich;"}},{"type":"Feature","geometry":{"type":"Point","coordinates":[-77.30198,38.65536]},"properties":{"id":"node/4287032154","name":"Global Food","group":"groceries","category":"shop=supermarket","hours":"09:00-22:00","housenumber":"13813","street":"Foulger Square","city":"Woodbridge","postcode":"22192","tags":";supermarket;"}},{"type":"Feature","geometry":{"type":"Point","coordinates":[-77.30411,38.65549]},"properties":{"id":"node/4288725667","name":"New York Pizza Grill Kabob","group":"food","category":"amenity=restaurant","cuisine":"pizza;indian;pakistani","housenumber":"13600","street":"Foulger Square","city":"Woodbridge","postcode":"22192","tags":";pizza;indian;pakistani;restaurant;"}},{"type":"Feature","geometry":{"type":"Point","coordinates":[-77.35194,38.67725]},"properties":{"id":"node/4311330963","name":"River Falls Salon & Spa","group":"personal_care","category":"shop=hairdresser","tags":";hairdresser;spa;"}},{"type":"Feature","geometry":{"type":"Point","coordinates":[-77.30225,38.62806]},"properties":{"id":"node/4365568425","name":"Shyla Nails","group":"personal_care","category":"shop=beauty","housenumber":"2982","street":"Dale Boulevard","city":"Woodbridge","postcode":"22193","tags":";beauty;nails;"}},{"type":"Feature","geometry":{"type":"Point","coordinates":[-77.30048,38.62817]},"properties":{"id":"node/4368037325","name":"EZway Mart","group":"groceries","category":"shop=convenience","housenumber":"2904","street":"Dale Boulevard","city":"Woodbridge","postcode":"22193","tags":";convenience;"}},{"type":"Feature","geometry":{"type":"Point","coordinates":[-77.30064,38.62823]},"properties":{"id":"node/4368037326","name":"Sabor Latino","group":"food","category":"amenity=restaurant","cuisine":"salvadoran","housenumber":"2910","street":"Dale Boulevard","city":"Woodbridge","postcode":"22193","tags":";salvadoran;restaurant;"}},{"type":"Feature","geometry":{"type":"Point","coordinates":[-77.29976,38.62805]},"properties":{"id":"node/4368037328","name":"Pho Saigon","group":"food","category":"amenity=restaurant","cuisine":"vietnamese","housenumber":"2890","street":"Dale Boulevard","city":"Woodbridge","postcode":"22193","tags":";vietnamese;restaurant;"}},{"type":"Feature","geometry":{"type":"Point","coordinates":[-77.30115,38.62832]},"properties":{"id":"node/4368037337","name":"La Azteca Latina","group":"groceries","category":"shop=convenience","housenumber":"2928","street":"Dale Boulevard","city":"Woodbridge","postcode":"22193","tags":";convenience;latin_american;"}},{"type":"Feature","geometry":{"type":"Point","coordinates":[-77.30042,38.62816]},"properties":{"id":"node/4368037338","name":"Sun Dry Cleaners","group":"services","category":"shop=dry_cleaning","housenumber":"2902","street":"Dale Boulevard","city":"Woodbridge","postcode":"22193","tags":";dry_cleaning;"}},{"type":"Feature","geometry":{"type":"Point","coordinates":[-78.43837,38.51743]},"properties":{"id":"node/4444403149","name":"Big Meadows Campstore","group":"shopping","category":"shop=outdoor","hours":"Mar 29-Nov12 08:00-20:00","tags":";outdoor;"}},{"type":"Feature","geometry":{"type":"Point","coordinates":[-78.43833,38.51752]},"properties":{"id":"node/4444403150","name":"Big Meadows Gift Shop","group":"shopping","category":"shop=gift","hours":"Mar 29-Nov12 08:00-20:00","tags":";gift;"}},{"type":"Feature","geometry":{"type":"Point","coordinates":[-77.27505,38.63117]},"properties":{"id":"node/4546189658","name":"LA Nails","group":"personal_care","category":"shop=beauty","phone":"+1 703-492-0399","website":"https://lanailswoodbridge.com/","housenumber":"1937","street":"Daniel Stuart Square","city":"Woodbridge","postcode":"22191","tags":";beauty;nails;"}},{"type":"Feature","geometry":{"type":"Point","coordinates":[-77.5026,38.25298]},"properties":{"id":"node/4551901360","name":"Pride Auto Sales","group":"shopping","category":"shop=car","phone":"+1-540-642-4944","website":"https://prideautosalesva.com/","housenumber":"10824","street":"Courthouse Rd","city":"Fredericksburg","postcode":"22408","tags":";car;"}},{"type":"Feature","geometry":{"type":"Point","coordinates":[-78.00957,38.41077]},"properties":{"id":"node/4578371695","name":"Winston Deli & Grocery","group":"groceries","category":"shop=convenience","tags":";convenience;"}},{"type":"Feature","geometry":{"type":"Point","coordinates":[-77.99744,38.46295]},"properties":{"id":"node/4578372491","name":"Hillside Motors","group":"shopping","category":"shop=car","tags":";car;"}},{"type":"Feature","geometry":{"type":"Point","coordinates":[-77.96427,38.35069]},"properties":{"id":"node/4578372692","name":"E. V. Baker's Store","group":"groceries","category":"shop=convenience","tags":";convenience;"}},{"type":"Feature","geometry":{"type":"Point","coordinates":[-77.9556,38.25527]},"properties":{"id":"node/4578376091","name":"Chester's Variety Store","group":"groceries","category":"shop=convenience","tags":";convenience;"}},{"type":"Feature","geometry":{"type":"Point","coordinates":[-77.98525,38.45094]},"properties":{"id":"node/4578376092","name":"K&M Equipment Rental","group":"shopping","category":"shop=hardware","tags":";hardware;"}},{"type":"Feature","geometry":{"type":"Point","coordinates":[-78.06315,38.45484]},"properties":{"id":"node/4578405791","name":"Country Store Antiques","group":"shopping","category":"shop=furniture","tags":";furniture;antiques;"}},{"type":"Feature","geometry":{"type":"Point","coordinates":[-78.03192,38.49178]},"properties":{"id":"node/4578423092","name":"522 Automotive","group":"services","category":"shop=car_repair","tags":";car_repair;"}},{"type":"Feature","geometry":{"type":"Point","coordinates":[-78.02068,38.48464]},"properties":{"id":"node/4578423705","name":"Westover Market","group":"groceries","category":"shop=convenience","hours":"Mo-Su 08:00-21:00","phone":"+1-540-825-1060","housenumber":"1325","street":"Sperryville Pike","city":"Culpeper","postcode":"22701","tags":";convenience;"}},{"type":"Feature","geometry":{"type":"Point","coordinates":[-78.02175,38.48523]},"properties":{"id":"node/4578423706","name":"Full Circle Thrift","group":"shopping","category":"shop=furniture","tags":";furniture;second_hand;"}},{"type":"Feature","geometry":{"type":"Point","coordinates":[-78.0664,38.51297]},"properties":{"id":"node/4578423707","name":"Norman's Grocery","group":"groceries","category":"shop=convenience","hours":"Mo-Sa 11:00-18:00","phone":"+1-540-825-1437","housenumber":"9496","street":"Sperryville Pike","city":"Culpeper","postcode":"22701","tags":";convenience;"}},{"type":"Feature","geometry":{"type":"Point","coordinates":[-78.0973,38.52189]},"properties":{"id":"node/4578423708","name":"Joan Brown Interiors","group":"shopping","category":"shop=furniture","hours":"Mo-Fr 10:00-17:00","phone":"+1-540-547-9889","website":"https://joanbrowninteriors.com/","housenumber":"8052","street":"Sperryville Pike","city":"Culpeper","postcode":"22701","tags":";furniture;"}},{"type":"Feature","geometry":{"type":"Point","coordinates":[-77.49201,38.296]},"properties":{"id":"node/4586264790","name":"Old Towne Bikes","group":"shopping","category":"shop=bicycle","tags":";bicycle;"}},{"type":"Feature","geometry":{"type":"Point","coordinates":[-77.47599,38.30287]},"properties":{"id":"node/4586264791","name":"Bike Repair Stand","group":"shopping","category":"shop=bicycle","hours":"24/7","tags":";bicycle;"}},{"type":"Feature","geometry":{"type":"Point","coordinates":[-77.45891,38.30386]},"properties":{"id":"node/4586264792","name":"Bikeworks","group":"shopping","category":"shop=bicycle","hours":"Mo-Fr 11:00-18:00; Sa 10:00-17:00; Su off","phone":"+1 540-373-8900","website":"https://www.bikeworks.us","housenumber":"104","street":"William Street","tags":";bicycle;"}},{"type":"Feature","geometry":{"type":"Point","coordinates":[-77.49521,38.29477]},"properties":{"id":"node/4588398894","name":"TAJ Indian Cuisine","group":"food","category":"amenity=restaurant","cuisine":"indian","hours":"Tu-Su 11:00-22:00; Mo 16:00-22:00","website":"https://www.tajindianva.com/","housenumber":"2032","street":"Plank Road","city":"Fredericksburg","tags":";indian;restaurant;"}},{"type":"Feature","geometry":{"type":"Point","coordinates":[-77.50044,38.29505]},"properties":{"id":"node/4588416499","name":"Teppinyaki Sushi & Seafood Buffet","group":"food","category":"amenity=restaurant","cuisine":"japanese;sushi","tags":";japanese;sushi;restaurant;seafood;"}},{"type":"Feature","geometry":{"type":"Point","coordinates":[-77.49545,38.29481]},"properties":{"id":"node/4588432190","name":"RNR Tire Express","group":"services","category":"shop=tyres","hours":"Mo-Fr 09:00-18:00; Sa 09:00-17:00; Su off","website":"https://rnrtires.com","housenumber":"2042","street":"Plank Road","city":"Fredericksburg","tags":";tyres;"}},{"type":"Feature","geometry":{"type":"Point","coordinates":[-77.49704,38.29693]},"properties":{"id":"node/4588440389","name":"Mamas Fried Chicken","group":"food","category":"amenity=fast_food","cuisine":"chicken","tags":";chicken;fast_food;"}},{"type":"Feature","geometry":{"type":"Point","coordinates":[-77.49488,38.29478]},"properties":{"id":"node/4588442089","name":"Two Times New","group":"shopping","category":"shop=clothes","housenumber":"2028","street":"Plank Road","city":"Fredericksburg","tags":";clothes;"}},{"type":"Feature","geometry":{"type":"Point","coordinates":[-77.49454,38.29469]},"properties":{"id":"node/4588442090","name":"Latino Market","group":"groceries","category":"shop=supermarket","housenumber":"2026;2020","street":"Plank Road","city":"Fredericksburg","tags":";supermarket;latin_american;"}},{"type":"Feature","geometry":{"type":"Point","coordinates":[-77.49404,38.29617]},"properties":{"id":"node/4589404215","name":"Outlooks for Hair","group":"personal_care","category":"shop=hairdresser","tags":";hairdresser;"}},{"type":"Feature","geometry":{"type":"Point","coordinates":[-77.49398,38.2964]},"properties":{"id":"node/4589404216","name":"The Pool Company","group":"shopping","category":"shop=swimming_pool","tags":";swimming_pool;"}},{"type":"Feature","geometry":{"type":"Point","coordinates":[-77.4938,38.29693]},"properties":{"id":"node/4589433607","name":"Game Haven","group":"shopping","category":"shop=toys","tags":";toys;games;"}},{"type":"Feature","geometry":{"type":"Point","coordinates":[-77.49433,38.29466]},"properties":{"id":"node/4589464707","name":"Nail Connection","group":"personal_care","category":"shop=beauty","housenumber":"2014","street":"Plank Road","city":"Fredericksburg","tags":";beauty;nails;"}},{"type":"Feature","geometry":{"type":"Point","coordinates":[-77.49357,38.29697]},"properties":{"id":"node/4589464710","name":"Fredericksburg Golf","group":"shopping","category":"shop=sports","tags":";sports;"}},{"type":"Feature","geometry":{"type":"Point","coordinates":[-77.49241,38.29591]},"properties":{"id":"node/4589464809","name":"America's Best Wings","group":"food","category":"amenity=restaurant","cuisine":"wings","hours":"Mo-Th 11:00-22:00; Fr-Sa 11:00-23:00; Su 11:00-21:00","phone":"+1-540-940-6771","housenumber":"1917","street":"Plank Road","city":"Fredericksburg","postcode":"22401","tags":";wings;restaurant;chicken;takeout;"}},{"type":"Feature","geometry":{"type":"Point","coordinates":[-77.49178,38.29619]},"properties":{"id":"node/4589464810","name":"Thompson's Westwood Florist","group":"shopping","category":"shop=florist","hours":"Mo-Fr 08:00-18:00; Sa 09:00-16:00; Su 10:00-14:00","tags":";florist;"}},{"type":"Feature","geometry":{"type":"Point","coordinates":[-77.49418,38.29465]},"properties":{"id":"node/4589464901","name":"Latin Beauty Supply","group":"personal_care","category":"shop=beauty","housenumber":"2010","street":"Plank Road","city":"Fredericksburg","tags":";beauty;"}},{"type":"Feature","geometry":{"type":"Point","coordinates":[-77.494,38.29629]},"properties":{"id":"node/4589494794","name":"Nile Market","group":"groceries","category":"shop=convenience","tags":";convenience;"}},{"type":"Feature","geometry":{"type":"Point","coordinates":[-77.50802,38.30525]},"properties":{"id":"node/4589581889","name":"Tito's Diner","group":"food","category":"amenity=restaurant","cuisine":"diner","website":"http://www.titodiner.com/","housenumber":"1695","street":"Carl D Silver Parkway","city":"Fredericksburg","postcode":"22401","tags":";diner;restaurant;"}},{"type":"Feature","geometry":{"type":"Point","coordinates":[-77.5108,38.30847]},"properties":{"id":"node/4589710091","name":"Websites for Anything","group":"shopping","category":"shop=electronics","tags":";electronics;"}},{"type":"Feature","geometry":{"type":"Point","coordinates":[-77.51077,38.30519]},"properties":{"id":"node/4589710094","name":"Park Barber Shop","group":"personal_care","category":"shop=hairdresser","tags":";hairdresser;barber;"}},{"type":"Feature","geometry":{"type":"Point","coordinates":[-77.51673,38.29795]},"properties":{"id":"node/4589747191","name":"Hearing Aid Center","group":"personal_care","category":"shop=hearing_aids","tags":";hearing_aids;"}},{"type":"Feature","geometry":{"type":"Point","coordinates":[-77.51267,38.30342]},"properties":{"id":"node/4590170189","name":"Barber Shop & Co.","group":"personal_care","category":"shop=hairdresser","hours":"Mo-Fr 09:00-19:00; Sa 08:00-16:00; Su 10:00-15:00","phone":"+1 540-548-4800","website":"https://barbershopandco.net","housenumber":"1340","street":"Central Park Boulevard","tags":";hairdresser;barber;"}},{"type":"Feature","geometry":{"type":"Point","coordinates":[-77.31676,38.65131]},"properties":{"id":"node/4684673623","name":"The Flower Box","group":"shopping","category":"shop=florist","phone":"+1-703-897-9292","website":"https://the-flowerbox.com","housenumber":"13885","street":"Hedgewood Drive","city":"Woodbridge","postcode":"22193","tags":";florist;"}},{"type":"Feature","geometry":{"type":"Point","coordinates":[-77.46735,38.29421]},"properties":{"id":"node/4841402724","name":"Fredericksburg Battlefield Shop","group":"shopping","category":"shop=gift","hours":"09:00-17:00","phone":"+1-540-693-3200 x1100","housenumber":"1013","street":"Lafayette Boulevard","city":"Fredericksburg","postcode":"22401","tags":";gift;wheelchair_accessible;"}},{"type":"Feature","geometry":{"type":"Point","coordinates":[-77.64629,38.0423]},"properties":{"id":"node/4883849621","name":"Stop Shop","group":"groceries","category":"shop=convenience","housenumber":"3001","street":"Partlow Road","city":"Partlow","postcode":"22534","tags":";convenience;"}},{"type":"Feature","geometry":{"type":"Point","coordinates":[-77.46782,38.3003]},"properties":{"id":"node/4979438297","name":"Soup and Taco 2","group":"food","category":"amenity=restaurant","cuisine":"mexican","tags":";mexican;restaurant;delivery;outdoor_seating;vegetarian;"}},{"type":"Feature","geometry":{"type":"Point","coordinates":[-77.46741,38.3003]},"properties":{"id":"node/4979438298","name":"Merriman's","group":"services","category":"shop=car_repair","tags":";car_repair;"}},{"type":"Feature","geometry":{"type":"Point","coordinates":[-77.4621,38.44956]},"properties":{"id":"node/5022519809","name":"Lin's Gourmet","group":"food","category":"amenity=restaurant","cuisine":"chinese;fast_food","tags":";chinese;fast_food;restaurant;takeout;delivery;"}},{"type":"Feature","geometry":{"type":"Point","coordinates":[-77.49947,38.2951]},"properties":{"id":"node/5171663922","name":"Cowboy Jack's Saloon","group":"food","category":"amenity=restaurant","tags":";restaurant;"}},{"type":"Feature","geometry":{"type":"Point","coordinates":[-77.49336,38.29502]},"properties":{"id":"node/5171683021","name":"Decatur's Crabs","group":"groceries","category":"shop=seafood","housenumber":"2002","street":"Plank Road","city":"Fredericksburg","tags":";seafood;"}},{"type":"Feature","geometry":{"type":"Point","coordinates":[-77.49235,38.29592]},"properties":{"id":"node/5171822322","name":"Atlas Credit","group":"services","category":"shop=money_lender","tags":";money_lender;"}},{"type":"Feature","geometry":{"type":"Point","coordinates":[-77.47701,38.30567]},"properties":{"id":"node/5258696641","name":"For Five","group":"food","category":"amenity=cafe","cuisine":"coffee_shop","tags":";coffee_shop;cafe;outdoor_seating;wifi;"}},{"type":"Feature","geometry":{"type":"Point","coordinates":[-77.75077,38.06013]},"properties":{"id":"node/5260542520","name":"Dukes' Creek Deli","group":"food","category":"amenity=restaurant","tags":";restaurant;sandwich;"}},{"type":"Feature","geometry":{"type":"Point","coordinates":[-77.75088,38.0602]},"properties":{"id":"node/5260542621","name":"Dukes Creek Convience Store","group":"groceries","category":"shop=convenience","tags":";convenience;"}},{"type":"Feature","geometry":{"type":"Point","coordinates":[-77.51169,38.12802]},"properties":{"id":"node/5315105321","name":"Camping World RV Sales","group":"shopping","category":"shop=car","tags":";car;"}},{"type":"Feature","geometry":{"type":"Point","coordinates":[-77.45618,38.34018]},"properties":{"id":"node/5329788390","name":"City Mart","group":"groceries","category":"shop=convenience","housenumber":"1001","street":"Forbes Street","city":"Falmouth","postcode":"22405","tags":";convenience;"}},{"type":"Feature","geometry":{"type":"Point","coordinates":[-77.66829,38.24801]},"properties":{"id":"node/5339245492","name":"Todd's Tavern Market","group":"groceries","category":"shop=convenience","tags":";convenience;"}},{"type":"Feature","geometry":{"type":"Point","coordinates":[-77.66821,38.24786]},"properties":{"id":"node/5339245493","name":"Fast Eddie's Household Bargains","group":"groceries","category":"shop=variety_store","tags":";variety_store;"}},{"type":"Feature","geometry":{"type":"Point","coordinates":[-77.55697,38.233]},"properties":{"id":"node/5449488321","name":"Weiss","group":"groceries","category":"shop=supermarket","housenumber":"9801","street":"Courthouse Road","city":"Spotsylvania","postcode":"22553","tags":";supermarket;"}},{"type":"Feature","geometry":{"type":"Point","coordinates":[-77.55645,38.23369]},"properties":{"id":"node/5449502478","name":"Danny's Pizza & Subs","group":"food","category":"amenity=restaurant","cuisine":"pizza;sandwich;italian","housenumber":"9837","street":"Courthouse Road","city":"Spotsylvania","postcode":"22553","tags":";pizza;sandwich;italian;restaurant;takeout;delivery;"}},{"type":"Feature","geometry":{"type":"Point","coordinates":[-77.55675,38.23399]},"properties":{"id":"node/5449502479","name":"Courtland Commons Cleaner","group":"services","category":"shop=dry_cleaning","housenumber":"9823","street":"Courthouse Road","city":"Spotsylvania","postcode":"22553","tags":";dry_cleaning;"}},{"type":"Feature","geometry":{"type":"Point","coordinates":[-77.55662,38.23386]},"properties":{"id":"node/5449505170","name":"L A Nails","group":"personal_care","category":"shop=beauty","housenumber":"9829","street":"Courthouse Road","city":"Spotsylvania","postcode":"22553","tags":";beauty;nails;"}},{"type":"Feature","geometry":{"type":"Point","coordinates":[-77.55658,38.23381]},"properties":{"id":"node/5449505171","name":"Mimi's Barber Shop","group":"personal_care","category":"shop=hairdresser","housenumber":"9821","street":"Courthouse Road","city":"Spotsylvania","postcode":"22553","tags":";hairdresser;barber;"}},{"type":"Feature","geometry":{"type":"Point","coordinates":[-77.55654,38.23377]},"properties":{"id":"node/5449505172","name":"The Red Bowl","group":"food","category":"amenity=restaurant","cuisine":"chinese","housenumber":"9833","street":"Courthouse Road","city":"Spotsylvania","postcode":"22553","tags":";chinese;restaurant;takeout;delivery;"}},{"type":"Feature","geometry":{"type":"Point","coordinates":[-77.49332,38.24702]},"properties":{"id":"node/5451189358","name":"Kings Clearner","group":"services","category":"shop=dry_cleaning","housenumber":"10631","street":"Spotsylvania Avenue","city":"Fredericksburg","postcode":"22408","tags":";dry_cleaning;"}},{"type":"Feature","geometry":{"type":"Point","coordinates":[-77.49328,38.24674]},"properties":{"id":"node/5451189360","name":"El Rinconocito","group":"food","category":"amenity=restaurant","cuisine":"salvadoran","website":"https://elrinconcitobaryrestauranteva.com/","housenumber":"10615","street":"Spotsylvania Avenue","city":"Fredericksburg","postcode":"22408","tags":";salvadoran;restaurant;"}},{"type":"Feature","geometry":{"type":"Point","coordinates":[-77.50698,38.23931]},"properties":{"id":"node/5451274591","name":"Kobe","group":"food","category":"amenity=restaurant","cuisine":"japanese","housenumber":"10119","street":"Southpoint Parkway","city":"Fredericksburg","postcode":"22407","tags":";japanese;restaurant;"}},{"type":"Feature","geometry":{"type":"Point","coordinates":[-77.76609,38.11218]},"properties":{"id":"node/5454147375","name":"Lake Anna Winery","group":"groceries","category":"shop=wine","housenumber":"5621","street":"Courthouse Rd","city":"Spotsylvania Courthouse","postcode":"22551","tags":";wine;"}},{"type":"Feature","geometry":{"type":"Point","coordinates":[-77.51824,38.29369]},"properties":{"id":"node/5471094976","name":"Omega World Travel","group":"services","category":"shop=travel_agency","housenumber":"3406","street":"Plank Road","city":"Fredericksburg","postcode":"22407","tags":";travel_agency;"}},{"type":"Feature","geometry":{"type":"Point","coordinates":[-77.52272,38.29099]},"properties":{"id":"node/5471153076","name":"Sofa Outlet","group":"shopping","category":"shop=furniture","housenumber":"3706","street":"Plank Road","city":"Fredericksburg","postcode":"22407","tags":";furniture;"}},{"type":"Feature","geometry":{"type":"Point","coordinates":[-77.51255,38.13309]},"properties":{"id":"node/5477256277","name":"Millers","group":"groceries","category":"shop=convenience","tags":";convenience;"}},{"type":"Feature","geometry":{"type":"Point","coordinates":[-77.58719,38.19963]},"properties":{"id":"node/5482421821","name":"Sam's Pizza","group":"food","category":"amenity=restaurant","cuisine":"pizza","housenumber":"8925","street":"Courthouse Road","city":"Spotsylvania","postcode":"22553","tags":";pizza;restaurant;takeout;delivery;"}},{"type":"Feature","geometry":{"type":"Point","coordinates":[-77.50241,38.23161]},"properties":{"id":"node/5485302941","name":"Monie's Pizza and Subs","group":"food","category":"amenity=restaurant","cuisine":"pizza;sandwich","housenumber":"5426","street":"Southpoint Plaza Way","city":"Fredericksburg","postcode":"22407","tags":";pizza;sandwich;restaurant;takeout;delivery;"}},{"type":"Feature","geometry":{"type":"Point","coordinates":[-77.50628,38.23674]},"properties":{"id":"node/5503790569","name":"Image Salon","group":"personal_care","category":"shop=beauty","housenumber":"10008","street":"Southpoint Parkway","city":"Fredericksburg","postcode":"22407","tags":";beauty;"}},{"type":"Feature","geometry":{"type":"Point","coordinates":[-77.50757,38.2411]},"properties":{"id":"node/5503918592","name":"Chicken Run Express","group":"food","category":"amenity=restaurant","cuisine":"peruvian","housenumber":"10219","street":"Southpoint Parkway","city":"Fredericksburg","postcode":"22407","tags":";peruvian;restaurant;chicken;takeout;"}},{"type":"Feature","geometry":{"type":"Point","coordinates":[-77.50748,38.24109]},"properties":{"id":"node/5503918593","name":"Dirty Paws Dog Wash","group":"shopping","category":"shop=pet","housenumber":"10217","street":"Southpoint Parkway","city":"Fredericksburg","postcode":"22407","tags":";pet;"}},{"type":"Feature","geometry":{"type":"Point","coordinates":[-77.50699,38.24102]},"properties":{"id":"node/5503918596","name":"Roma's Italian Pizza","group":"food","category":"amenity=restaurant","cuisine":"pizza;italian","housenumber":"10209","street":"Southpoint Parkway","city":"Fredericksburg","postcode":"22407","tags":";pizza;italian;restaurant;takeout;"}},{"type":"Feature","geometry":{"type":"Point","coordinates":[-77.50711,38.24104]},"properties":{"id":"node/5503918597","name":"China King","group":"food","category":"amenity=restaurant","cuisine":"chinese","housenumber":"10211","street":"Southpoint Parkway","city":"Fredericksburg","postcode":"22407","tags":";chinese;restaurant;delivery;outdoor_seating;"}},{"type":"Feature","geometry":{"type":"Point","coordinates":[-77.41027,38.4711]},"properties":{"id":"node/5536329438","name":"myEye doctor","group":"personal_care","category":"shop=optician","tags":";optician;"}},{"type":"Feature","geometry":{"type":"Point","coordinates":[-77.28063,38.67591]},"properties":{"id":"node/5550599602","name":"Lake Ridge Florist","group":"shopping","category":"shop=florist","housenumber":"2253","street":"Old Bridge Road","city":"Woodbridge","postcode":"22192","tags":";florist;"}},{"type":"Feature","geometry":{"type":"Point","coordinates":[-77.28126,38.67661]},"properties":{"id":"node/5550599603","name":"Vivid Bridal Boutique","group":"shopping","category":"shop=clothes","housenumber":"2223","street":"Old Bridge Road","city":"Woodbridge","postcode":"22192","tags":";clothes;"}},{"type":"Feature","geometry":{"type":"Point","coordinates":[-77.28141,38.67614]},"properties":{"id":"node/5550599604","name":"Tacketts Mill Barber Shop","group":"personal_care","category":"shop=hairdresser","housenumber":"2237","street":"Old Bridge Road","city":"Woodbridge","postcode":"22192","tags":";hairdresser;barber;"}},{"type":"Feature","geometry":{"type":"Point","coordinates":[-77.28104,38.67595]},"properties":{"id":"node/5550599605","name":"Statements The Salon","group":"personal_care","category":"shop=hairdresser","housenumber":"2253","street":"Old Bridge Road","city":"Woodbridge","postcode":"22192","tags":";hairdresser;"}},{"type":"Feature","geometry":{"type":"Point","coordinates":[-77.28125,38.67667]},"properties":{"id":"node/5550599611","name":"Edgemoor Art Studio","group":"shopping","category":"shop=art","housenumber":"2221","street":"Old Bridge Road","city":"Woodbridge","postcode":"22192","tags":";art;"}},{"type":"Feature","geometry":{"type":"Point","coordinates":[-77.28135,38.67634]},"properties":{"id":"node/5550599613","name":"Revive nail Spa","group":"personal_care","category":"shop=beauty","housenumber":"2231","street":"Old Bridge Road","city":"Woodbridge","postcode":"22192","tags":";beauty;nails;spa;"}},{"type":"Feature","geometry":{"type":"Point","coordinates":[-77.28121,38.67679]},"properties":{"id":"node/5550599614","name":"Layla's Lebanese Restaurant","group":"food","category":"amenity=restaurant","cuisine":"lebanese","phone":"+1-703-492-1500","website":"https://laylas.net/","housenumber":"2217","street":"Old Bridge Road","city":"Woodbridge","postcode":"22192","tags":";lebanese;restaurant;"}},{"type":"Feature","geometry":{"type":"Point","coordinates":[-77.28132,38.67641]},"properties":{"id":"node/5550599615","name":"Lake Ridge Pizzaria","group":"food","category":"amenity=restaurant","cuisine":"pizza","phone":"+1-703-494-2134","website":"https://www.lakeridgepizzariamenu.com/","housenumber":"2229","street":"Old Bridge Road","city":"Woodbridge","postcode":"22192","tags":";pizza;restaurant;"}},{"type":"Feature","geometry":{"type":"Point","coordinates":[-77.33989,38.64661]},"properties":{"id":"node/5705693704","name":"Royal Pawn","group":"services","category":"shop=pawnbroker","housenumber":"4335","street":"Dale Boulevard","city":"Woodbridge","postcode":"22193","tags":";pawnbroker;"}},{"type":"Feature","geometry":{"type":"Point","coordinates":[-77.33992,38.6468]},"properties":{"id":"node/5705693705","name":"Padrino's Pizza","group":"food","category":"amenity=restaurant","housenumber":"4337","street":"Dale Boulevard","city":"Woodbridge","postcode":"22193","tags":";restaurant;pizza;"}},{"type":"Feature","geometry":{"type":"Point","coordinates":[-77.33997,38.6472]},"properties":{"id":"node/5705693709","name":"Party World","group":"shopping","category":"shop=party","housenumber":"4371","street":"Dale Boulevard","city":"Woodbridge","postcode":"22193","tags":";party;"}},{"type":"Feature","geometry":{"type":"Point","coordinates":[-77.33993,38.64691]},"properties":{"id":"node/5705693710","name":"K Watch, Clock & Jewelry","group":"shopping","category":"shop=jewelry","housenumber":"4351","street":"Dale Boulevard","city":"Woodbridge","postcode":"22193","tags":";jewelry;"}},{"type":"Feature","geometry":{"type":"Point","coordinates":[-77.33996,38.64709]},"properties":{"id":"node/5705693711","name":"Woodbridge Scuba","group":"shopping","category":"shop=scuba_diving","housenumber":"4365","street":"Dale Boulevard","city":"Woodbridge","postcode":"22193","tags":";scuba_diving;"}},{"type":"Feature","geometry":{"type":"Point","coordinates":[-77.34001,38.6475]},"properties":{"id":"node/5705693713","name":"Vacuums and Small Engines","group":"shopping","category":"shop=vacuum_cleaner","housenumber":"4379","street":"Dale Boulevard","city":"Woodbridge","postcode":"22193","tags":";vacuum_cleaner;"}},{"type":"Feature","geometry":{"type":"Point","coordinates":[-77.34036,38.64686]},"properties":{"id":"node/5705693715","name":"Barago International Market","group":"groceries","category":"shop=supermarket","housenumber":"4357","street":"Dale Boulevard","city":"Woodbridge","postcode":"22193","tags":";supermarket;"}},{"type":"Feature","geometry":{"type":"Point","coordinates":[-77.33996,38.64714]},"properties":{"id":"node/5705694025","name":"Dale City Music","group":"shopping","category":"shop=music","website":"https://www.dalecitymusic.com/","housenumber":"4367","street":"Dale Boulevard","city":"Woodbridge","postcode":"22193","tags":";music;"}},{"type":"Feature","geometry":{"type":"Point","coordinates":[-77.33198,38.59613]},"properties":{"id":"node/5754364936","name":"Fortuna Cleaners","group":"services","category":"shop=dry_cleaning","housenumber":"4116","street":"Fortuna Center Plaza","city":"Dumfries","postcode":"22025","tags":";dry_cleaning;"}},{"type":"Feature","geometry":{"type":"Point","coordinates":[-77.52474,38.29239]},"properties":{"id":"node/5764709775","name":"Plow and Hearth Outlet","group":"shopping","category":"shop=houseware","tags":";houseware;"}},{"type":"Feature","geometry":{"type":"Point","coordinates":[-78.1089,38.24621]},"properties":{"id":"node/5871746177","name":"Mario's Pizzeria","group":"food","category":"amenity=restaurant","cuisine":"pizza","tags":";pizza;restaurant;"}},{"type":"Feature","geometry":{"type":"Point","coordinates":[-77.51615,38.01876]},"properties":{"id":"node/5893614555","name":"Bougie Boutique & Gifts","group":"shopping","category":"shop=second_hand","housenumber":"18020","street":"Jefferson Davis Highway","city":"Ruther Glen","postcode":"22546","tags":";second_hand;"}},{"type":"Feature","geometry":{"type":"Point","coordinates":[-77.23076,37.99108]},"properties":{"id":"node/5893675814","name":"Sparta Fast Market","group":"groceries","category":"shop=convenience","housenumber":"24100","street":"Sparta Road","city":"Sparta","postcode":"22522","tags":";convenience;"}},{"type":"Feature","geometry":{"type":"Point","coordinates":[-77.53653,38.2881]},"properties":{"id":"node/5918283783","name":"Radiant Wellness Massage","group":"personal_care","category":"shop=massage","phone":"+1-540-412-6536","website":"https://radiantwellnessmassage.com/","housenumber":"4300","street":"Plank Road","city":"Fredericksburg","postcode":"22407","tags":";massage;"}},{"type":"Feature","geometry":{"type":"Point","coordinates":[-77.97359,38.48443]},"properties":{"id":"node/5935403332","name":"K&M Lawn, Garden and Arborist Supply","group":"shopping","category":"shop=garden_centre","housenumber":"16033","street":"Ira Hoffman Lane","city":"Culpeper","postcode":"22701","tags":";garden_centre;"}},{"type":"Feature","geometry":{"type":"Point","coordinates":[-77.97868,38.48223]},"properties":{"id":"node/5935452877","name":"El Agave","group":"food","category":"amenity=restaurant","cuisine":"mexican","website":"https://elagavemexrestaurant.com/menu-culpeper-va/","housenumber":"701","street":"Dominion Square Shopping Center","city":"Culpeper","postcode":"22701","tags":";mexican;restaurant;"}},{"type":"Feature","geometry":{"type":"Point","coordinates":[-77.52874,38.24307]},"properties":{"id":"node/6000844886","name":"Lost Tribes Tattoos","group":"personal_care","category":"shop=tattoo","housenumber":"10431","street":"Courthouse Road","city":"Fredericksburg","postcode":"22407","tags":";tattoo;"}},{"type":"Feature","geometry":{"type":"Point","coordinates":[-77.52858,38.24309]},"properties":{"id":"node/6000844887","name":"Scafa's","group":"food","category":"amenity=restaurant","cuisine":"italian","housenumber":"10439","street":"Courthouse Road","city":"Fredericksburg","postcode":"22407","tags":";italian;restaurant;takeout;"}},{"type":"Feature","geometry":{"type":"Point","coordinates":[-77.52835,38.24309]},"properties":{"id":"node/6000844889","name":"Q L Spa Salon","group":"personal_care","category":"shop=beauty","housenumber":"10363","street":"Courthouse Road","city":"Fredericksburg","postcode":"22407","tags":";beauty;spa;"}},{"type":"Feature","geometry":{"type":"Point","coordinates":[-77.45822,38.29926]},"properties":{"id":"node/6075313782","name":"Symphony Strings Repair Service","group":"shopping","category":"shop=musical_instrument","hours":"Mo-Fr 09:00-18:00","phone":"+1 540-621-3710","website":"https://symphonystringrepair.com","housenumber":"PO Box","street":"1403","city":"Fredericksburg","postcode":"22402","tags":";musical_instrument;"}},{"type":"Feature","geometry":{"type":"Point","coordinates":[-77.29058,38.62457]},"properties":{"id":"node/6093703527","name":"Viet Fortune","group":"food","category":"amenity=restaurant","cuisine":"vietnamese","hours":"Mo-Su 10:30-21:00","housenumber":"2701","street":"Neabsco Common Place","city":"Woodbridge","postcode":"22191-4189","tags":";vietnamese;restaurant;"}},{"type":"Feature","geometry":{"type":"Point","coordinates":[-77.27523,38.63153]},"properties":{"id":"node/6094173211","name":"Hibachi Grill & Supreme Buffet","group":"food","category":"amenity=restaurant","tags":";restaurant;japanese;"}},{"type":"Feature","geometry":{"type":"Point","coordinates":[-77.51412,38.19098]},"properties":{"id":"node/6225489177","name":"ABC DieselZ","group":"services","category":"shop=car_repair","housenumber":"8505","street":"Jamison Lane","city":"Fredericksburg","postcode":"22407","tags":";car_repair;"}},{"type":"Feature","geometry":{"type":"Point","coordinates":[-77.51372,38.191]},"properties":{"id":"node/6225489178","name":"Irby Electrial Distributors","group":"services","category":"craft=electrician","housenumber":"8501","street":"Jamison Lane","city":"Fredericksburg","postcode":"22407","tags":";electrician;"}},{"type":"Feature","geometry":{"type":"Point","coordinates":[-77.31156,38.68652]},"properties":{"id":"node/6248117092","name":"Crest Cleaners","group":"services","category":"shop=dry_cleaning","housenumber":"12439","street":"Hedges Run Drive","city":"Woodbridge","postcode":"22192","tags":";dry_cleaning;"}},{"type":"Feature","geometry":{"type":"Point","coordinates":[-77.97177,38.48282]},"properties":{"id":"node/6525780682","name":"Farm Home Center","group":"groceries","category":"shop=country_store","tags":";country_store;"}},{"type":"Feature","geometry":{"type":"Point","coordinates":[-77.9772,38.48274]},"properties":{"id":"node/6525781287","name":"J&R Jewelry","group":"shopping","category":"shop=jewelry","tags":";jewelry;"}},{"type":"Feature","geometry":{"type":"Point","coordinates":[-78.01162,38.45952]},"properties":{"id":"node/6525781295","name":"El Jaripeo Mexican Restaurant","group":"food","category":"amenity=restaurant","cuisine":"mexican","website":"https://jaripeorestaurant.com/","housenumber":"500","street":"Meadowbrook Shopping Center","tags":";mexican;restaurant;"}},{"type":"Feature","geometry":{"type":"Point","coordinates":[-77.53379,38.28843]},"properties":{"id":"node/6533784896","name":"Hometown Barber Shop","group":"personal_care","category":"shop=hairdresser","housenumber":"4228","street":"Plank Road","city":"Fredericksburg","postcode":"22407","tags":";hairdresser;barber;"}},{"type":"Feature","geometry":{"type":"Point","coordinates":[-77.32891,38.56122]},"properties":{"id":"node/6633353771","name":"Viva Tequila","group":"food","category":"amenity=restaurant","tags":";restaurant;"}},{"type":"Feature","geometry":{"type":"Point","coordinates":[-77.329,38.56113]},"properties":{"id":"node/6633360783","name":"Pardino's II Restaurant","group":"food","category":"amenity=restaurant","cuisine":"pizza","tags":";pizza;restaurant;"}},{"type":"Feature","geometry":{"type":"Point","coordinates":[-77.29532,38.63507]},"properties":{"id":"node/6647239847","name":"Older Towne Bicycles","group":"shopping","category":"shop=bicycle","hours":"Mo-Fr 10:00-19:00; Sa 10:00-18:00; Su 12:00-17:00","phone":"+1 703-491-5700","housenumber":"14519","street":"Potomac Mills Road","tags":";bicycle;"}},{"type":"Feature","geometry":{"type":"Point","coordinates":[-77.457,38.2984]},"properties":{"id":"node/6668279714","name":"The Alpine Chef","group":"food","category":"amenity=restaurant","cuisine":"german","hours":"Mo 15:00-21:00; Tu-Sa 11:30-21:00; Su 11:00-21:00","phone":"+1 540-656-2101","website":"https://www.alpinechefrestaurant.com","housenumber":"200","street":"Lafayette Boulevard","tags":";german;restaurant;"}},{"type":"Feature","geometry":{"type":"Point","coordinates":[-77.347,38.04966]},"properties":{"id":"node/6698019495","name":"FurGet Me Knots","group":"services","category":"shop=pet_grooming","tags":";pet_grooming;"}},{"type":"Feature","geometry":{"type":"Point","coordinates":[-77.54962,38.28927]},"properties":{"id":"node/6797192325","name":"Spring Massage","group":"personal_care","category":"shop=massage","housenumber":"5024","street":"Plank Road","city":"Fredericksburg","postcode":"22407","tags":";massage;"}},{"type":"Feature","geometry":{"type":"Point","coordinates":[-77.54989,38.28928]},"properties":{"id":"node/6797192326","name":"Mama's Pizza & Subs","group":"food","category":"amenity=restaurant","housenumber":"5028","street":"Plank Road","city":"Fredericksburg","postcode":"22407","tags":";restaurant;pizza;sandwich;"}},{"type":"Feature","geometry":{"type":"Point","coordinates":[-77.55001,38.28931]},"properties":{"id":"node/6797192327","name":"Taste of China","group":"food","category":"amenity=restaurant","cuisine":"chinese","housenumber":"5030","street":"Plank Road","city":"Fredericksburg","postcode":"22407","tags":";chinese;restaurant;"}},{"type":"Feature","geometry":{"type":"Point","coordinates":[-77.58019,38.26335]},"properties":{"id":"node/6981886426","name":"Southern Style Chicken and Waffles","group":"food","category":"amenity=restaurant","cuisine":"chicken;southern","website":"https://wafflessc.com/","housenumber":"7132","street":"Salem Fields Boulevard","city":"Fredericksburg","tags":";chicken;southern;restaurant;"}},{"type":"Feature","geometry":{"type":"Point","coordinates":[-77.58021,38.26317]},"properties":{"id":"node/6981886428","name":"Clean Cleaners","group":"services","category":"shop=dry_cleaning","phone":"+1-540-548-0873","housenumber":"7116","street":"Salem Fields Boulevard","city":"Fredericksburg","tags":";dry_cleaning;"}},{"type":"Feature","geometry":{"type":"Point","coordinates":[-77.58377,38.2635]},"properties":{"id":"node/6981887337","name":"Rubicon Cafe","group":"food","category":"amenity=cafe","housenumber":"11120","street":"Gordon Road","city":"Fredericksburg","tags":";cafe;"}},{"type":"Feature","geometry":{"type":"Point","coordinates":[-77.58076,38.26192]},"properties":{"id":"node/6981887338","name":"China Garden","group":"food","category":"amenity=restaurant","cuisine":"chinese","housenumber":"7028","street":"Salen fields Blvd;Salem Fields Boulevard","city":"Fredericksburg","tags":";chinese;restaurant;"}},{"type":"Feature","geometry":{"type":"Point","coordinates":[-78.26088,38.16686]},"properties":{"id":"node/7034697720","name":"Horton Vineyards","group":"food","category":"craft=winery","hours":"Mo-Su 10:00-17:00","website":"https://hortonwine.com/","housenumber":"6399","street":"Spotswood Trail","city":"Gordonsville","postcode":"22942","tags":";winery;"}},{"type":"Feature","geometry":{"type":"Point","coordinates":[-77.4116,38.47167]},"properties":{"id":"node/7065268460","name":"Super Rico","group":"food","category":"amenity=restaurant","cuisine":"peruvian","phone":"+1 540-318-6829","website":"https://www.super-rico.com/","tags":";peruvian;restaurant;takeout;"}},{"type":"Feature","geometry":{"type":"Point","coordinates":[-77.46105,38.44929]},"properties":{"id":"node/7068344259","name":"Warrior Coffee","group":"food","category":"amenity=cafe","tags":";cafe;coffee_shop;"}},{"type":"Feature","geometry":{"type":"Point","coordinates":[-77.51495,38.29121]},"properties":{"id":"node/7115025063","name":"H&G Formal","group":"shopping","category":"shop=clothes","tags":";clothes;"}},{"type":"Feature","geometry":{"type":"Point","coordinates":[-77.51747,38.29354]},"properties":{"id":"node/7115039822","name":"Brauning Automotive","group":"services","category":"shop=car_repair","tags":";car_repair;"}},{"type":"Feature","geometry":{"type":"Point","coordinates":[-77.30306,38.65224]},"properties":{"id":"node/7129022783","name":"Flashback Comics","group":"shopping","category":"shop=books","website":"https://www.flashbackcomicsva.com/","housenumber":"3112","street":"Business Center Drive","city":"Woodbridge","postcode":"22192","tags":";books;games;"}},{"type":"Feature","geometry":{"type":"Point","coordinates":[-77.48003,38.30743]},"properties":{"id":"node/7129338886","name":"Adventure Brewing Co","group":"food","category":"amenity=bar","hours":"Mo-Th 15:30-22:00; Fr,Sa 12:00-22:00; Su 12:00-22:00","phone":"+1-540-242-8876","website":"https://adventurebrewing.com","housenumber":"1113","street":"Jefferson Davis Highway","city":"Fredericksburg","postcode":"22401","tags":";bar;brewery;outdoor_seating;wheelchair_accessible;"}},{"type":"Feature","geometry":{"type":"Point","coordinates":[-77.51414,38.01963]},"properties":{"id":"node/7292587693","name":"E.M. Dodgers Pet Supply","group":"shopping","category":"shop=pet","hours":"Mo-Sa 10:00-19:00; Su 12:00-17:00","housenumber":"17477","street":"Jefferson Davis Highway","city":"Ruther Glen","postcode":"22546","tags":";pet;"}},{"type":"Feature","geometry":{"type":"Point","coordinates":[-77.51481,38.01838]},"properties":{"id":"node/7292587962","name":"VIP Cleaners","group":"services","category":"shop=dry_cleaning","housenumber":"18041","street":"Jefferson Davis Highway","city":"Ruther Glen","postcode":"22546","tags":";dry_cleaning;"}},{"type":"Feature","geometry":{"type":"Point","coordinates":[-77.51499,38.01838]},"properties":{"id":"node/7292587967","name":"Lin's Gourmet","group":"food","category":"amenity=restaurant","cuisine":"chinese","website":"https://www.linsgourmet.com/","housenumber":"18045","street":"Jefferson Davis Highway","city":"Ruther Glen","postcode":"22546","tags":";chinese;restaurant;"}},{"type":"Feature","geometry":{"type":"Point","coordinates":[-77.51462,38.01839]},"properties":{"id":"node/7292587971","name":"Top Ten Nails","group":"personal_care","category":"shop=beauty","housenumber":"18037","street":"Jefferson Davis Highway","city":"Ruther Glen","postcode":"22546","tags":";beauty;nails;"}},{"type":"Feature","geometry":{"type":"Point","coordinates":[-77.35834,38.048]},"properties":{"id":"node/7292635795","name":"Co-Nails","group":"personal_care","category":"shop=beauty","housenumber":"318","street":"West Broaddus Avenue","postcode":"22427","tags":";beauty;nails;"}},{"type":"Feature","geometry":{"type":"Point","coordinates":[-77.35825,38.04812]},"properties":{"id":"node/7292635797","name":"China Inn Restaurant","group":"food","category":"amenity=restaurant","cuisine":"chinese","housenumber":"312","street":"West Broaddus Avenue","postcode":"22427","tags":";chinese;restaurant;"}},{"type":"Feature","geometry":{"type":"Point","coordinates":[-77.34683,38.05001]},"properties":{"id":"node/7292635953","name":"Ashley Lipscomb Photography","group":"services","category":"craft=photographer","housenumber":"101","street":"North Main Street","postcode":"22427","tags":";photographer;"}},{"type":"Feature","geometry":{"type":"Point","coordinates":[-77.47921,37.93108]},"properties":{"id":"node/7292743768","name":"Mi Jalisco","group":"food","category":"amenity=restaurant","cuisine":"mexican","website":"https://mijaliscotogo.com/","housenumber":"24409","street":"Rogers Clark Boulevard","city":"Ruther Glen","postcode":"22546","tags":";mexican;restaurant;"}},{"type":"Feature","geometry":{"type":"Point","coordinates":[-77.5392,38.26077]},"properties":{"id":"node/7500963270","name":"Ge Ge Barber Shop","group":"personal_care","category":"shop=hairdresser","housenumber":"11029","street":"Leavells Road","city":"Fredericksburg","postcode":"22407","tags":";hairdresser;barber;"}},{"type":"Feature","geometry":{"type":"Point","coordinates":[-77.5392,38.26071]},"properties":{"id":"node/7500963271","name":"Formosa Cafe","group":"food","category":"amenity=restaurant","cuisine":"chinese","housenumber":"11027","street":"Leavells Road","city":"Fredericksburg","postcode":"22407","tags":";chinese;restaurant;delivery;"}},{"type":"Feature","geometry":{"type":"Point","coordinates":[-77.5392,38.26064]},"properties":{"id":"node/7500963272","name":"Salem Towne Cleaners","group":"services","category":"shop=dry_cleaning","housenumber":"11025","street":"Leavells Road","city":"Fredericksburg","postcode":"22407","tags":";dry_cleaning;"}},{"type":"Feature","geometry":{"type":"Point","coordinates":[-77.53919,38.26083]},"properties":{"id":"node/7500963273","name":"Mama's Laundro Mat","group":"services","category":"shop=laundry","housenumber":"11031","street":"Leavells Road","city":"Fredericksburg","postcode":"22407","tags":";laundry;"}},{"type":"Feature","geometry":{"type":"Point","coordinates":[-77.53919,38.26091]},"properties":{"id":"node/7500963274","name":"AB Spa Nails","group":"personal_care","category":"shop=beauty","housenumber":"11033","street":"Leavells Road","city":"Fredericksburg","postcode":"22407","tags":";beauty;nails;spa;"}},{"type":"Feature","geometry":{"type":"Point","coordinates":[-77.29575,38.59848]},"properties":{"id":"node/7684143326","name":"Bellagio Nails & Spa","group":"personal_care","category":"shop=beauty","housenumber":"16438","street":"Navigation Drive","city":"Woodbridge","postcode":"22191","tags":";beauty;nails;spa;"}},{"type":"Feature","geometry":{"type":"Point","coordinates":[-77.42236,37.84849]},"properties":{"id":"node/7817825738","name":"Ticket Plaza","group":"shopping","category":"shop=ticket","tags":";ticket;"}},{"type":"Feature","geometry":{"type":"Point","coordinates":[-77.53918,38.2627]},"properties":{"id":"node/7858543074","name":"Vinny's Italian Grill & Pizzeria","group":"food","category":"amenity=restaurant","cuisine":"pizza;italian","website":"https://vinnysitaliangrill.com/","housenumber":"11105","street":"Leavells Road","city":"Fredericksburg","postcode":"22407","tags":";pizza;italian;restaurant;"}},{"type":"Feature","geometry":{"type":"Point","coordinates":[-77.54579,38.28997]},"properties":{"id":"node/8088289906","name":"Central Park Hearing Aid Center","group":"personal_care","category":"shop=hearing_aids","housenumber":"4903","street":"Plank Road","city":"Fredericksburg","postcode":"22407","tags":";hearing_aids;"}},{"type":"Feature","geometry":{"type":"Point","coordinates":[-77.54578,38.29004]},"properties":{"id":"node/8088289907","name":"Salon Voss","group":"personal_care","category":"shop=hairdresser","tags":";hairdresser;"}},{"type":"Feature","geometry":{"type":"Point","coordinates":[-77.57745,38.20902]},"properties":{"id":"node/8090816240","name":"Mastins Barbershop","group":"personal_care","category":"shop=hairdresser","housenumber":"9243","street":"Courthouse Road","city":"Spotsylvania","postcode":"22553","tags":";hairdresser;barber;"}},{"type":"Feature","geometry":{"type":"Point","coordinates":[-77.57751,38.20897]},"properties":{"id":"node/8090816241","name":"Git - n - Go","group":"groceries","category":"shop=convenience","housenumber":"9243","street":"Courthouse Road","city":"Spotsylvania","postcode":"22553","tags":";convenience;"}},{"type":"Feature","geometry":{"type":"Point","coordinates":[-77.57739,38.20887]},"properties":{"id":"node/8090816242","name":"V & G Auto Repair","group":"services","category":"shop=car_repair","housenumber":"9243","street":"Courthouse Road","city":"Spotsylvania","postcode":"22553","tags":";car_repair;"}},{"type":"Feature","geometry":{"type":"Point","coordinates":[-77.51062,38.30732]},"properties":{"id":"node/8108526787","name":"Red Crab","group":"food","category":"amenity=restaurant","tags":";restaurant;seafood;"}},{"type":"Feature","geometry":{"type":"Point","coordinates":[-77.51086,38.30523]},"properties":{"id":"node/8108526788","name":"Paisano's Pizza","group":"food","category":"amenity=restaurant","cuisine":"pizza","housenumber":"1500","street":"Central Park Boulevard","city":"Fredericksburg","postcode":"22401","tags":";pizza;restaurant;"}},{"type":"Feature","geometry":{"type":"Point","coordinates":[-77.51167,38.24739]},"properties":{"id":"node/8117561167","name":"Provisions Thrift Store","group":"shopping","category":"shop=second_hand","phone":"+1-540-993-4150","housenumber":"10506","street":"Wakeman Drive","city":"Fredericksburg","postcode":"22407","tags":";second_hand;"}},{"type":"Feature","geometry":{"type":"Point","coordinates":[-77.30186,38.65358]},"properties":{"id":"node/8138232824","name":"Mark Gilvey Creative, LLC","group":"services","category":"craft=photographer","housenumber":"2809","street":"PS Businesss Center Dr.","city":"Woodbridge","postcode":"22192","tags":";photographer;"}},{"type":"Feature","geometry":{"type":"Point","coordinates":[-77.80782,38.09018]},"properties":{"id":"node/8142488092","name":"Lake Anna Golf Carts","group":"services","category":"shop=rental","housenumber":"13703","street":"Anna Point Lane","city":"Mineral","postcode":"23117","tags":";rental;"}},{"type":"Feature","geometry":{"type":"Point","coordinates":[-77.59349,38.20443]},"properties":{"id":"node/8339869357","name":"Itavie New York Grill & Bakery","group":"food","category":"amenity=restaurant","cuisine":"italian","website":"https://www.itavie.com/","housenumber":"7610","street":"Heths Salient Street","city":"Spotsylvania Courthouse","postcode":"22553","tags":";italian;restaurant;bakery;"}},{"type":"Feature","geometry":{"type":"Point","coordinates":[-77.46424,38.30177]},"properties":{"id":"node/8433159279","name":"Old Town Enterprises","group":"shopping","category":"shop=weapons","hours":"Tu-Fr 15:00-18:00; Sa 11:00-16:00","phone":"+1-540-645-5720","website":"https://oldtownfirearms.com/","housenumber":"602","street":"William Street","city":"Fredericksburg","postcode":"22401","tags":";weapons;"}},{"type":"Feature","geometry":{"type":"Point","coordinates":[-77.56866,38.29335]},"properties":{"id":"node/8497339179","name":"Harry's Ale House","group":"food","category":"amenity=restaurant","cuisine":"american","hours":"Mo-Th 11:30-21:00; Fr 11:30-22:00; Sa 11:00-22:00; Su 11:00-20:00","phone":"+1-540-548-1500","website":"https://www.harrysalehouse.com/","housenumber":"5737","street":"Plank Road","city":"Fredericksburg","postcode":"22407","tags":";american;restaurant;"}},{"type":"Feature","geometry":{"type":"Point","coordinates":[-77.31213,38.57653]},"properties":{"id":"node/8636668273","name":"Passion Hair Salon","group":"personal_care","category":"shop=hairdresser","housenumber":"17323","street":"Richmond Highway","city":"Dumfries","postcode":"22026","tags":";hairdresser;"}},{"type":"Feature","geometry":{"type":"Point","coordinates":[-77.3123,38.5766]},"properties":{"id":"node/8636668298","name":"Cocoi's Sweets & Pastries","group":"food","category":"shop=pastry","cuisine":"filipino","housenumber":"17319","street":"Richmond Highway","city":"Dumfries","postcode":"22026","tags":";filipino;pastry;"}},{"type":"Feature","geometry":{"type":"Point","coordinates":[-77.3124,38.57668]},"properties":{"id":"node/8636668302","name":"Dumfries Mini Mart","group":"groceries","category":"shop=convenience","housenumber":"17315","street":"Richmond Highway","city":"Dumfries","postcode":"22026","tags":";convenience;"}},{"type":"Feature","geometry":{"type":"Point","coordinates":[-77.31217,38.57714]},"properties":{"id":"node/8636668354","name":"BAPS Auto Paint","group":"shopping","category":"shop=paint","housenumber":"17297","street":"Richmond Highway","city":"Dumfries","postcode":"22026","tags":";paint;"}},{"type":"Feature","geometry":{"type":"Point","coordinates":[-77.31188,38.57708]},"properties":{"id":"node/8636668355","name":"Jojo's Auto Repair Shop","group":"services","category":"shop=car_repair","housenumber":"17291","street":"Richmond Highway","city":"Dumfries","postcode":"22026","tags":";car_repair;"}},{"type":"Feature","geometry":{"type":"Point","coordinates":[-77.31177,38.57682]},"properties":{"id":"node/8636668356","name":"J&E Auto Repair","group":"services","category":"shop=car_repair","housenumber":"17295","street":"Richmond Highway","city":"Dumfries","postcode":"22026","tags":";car_repair;"}},{"type":"Feature","geometry":{"type":"Point","coordinates":[-77.31196,38.57697]},"properties":{"id":"node/8636668357","name":"Auto & Marine Upholstery Inc","group":"services","category":"craft=upholsterer","hours":"Mo-Fr 10:00-17:00, Sa 10:00-14:00, Su off","phone":"+1 571-641-9302","website":"https://amupholstery.com","housenumber":"17299","street":"Jefferson Davis Highway","city":"Dumfries","postcode":"22026","tags":";upholsterer;car_repair;"}},{"type":"Feature","geometry":{"type":"Point","coordinates":[-77.53338,38.28939]},"properties":{"id":"node/8735355827","name":"El Pino","group":"food","category":"amenity=restaurant","cuisine":"mexican","phone":"+1-540-548-4332","website":"https://www.elpinorestaurant.com/","housenumber":"4211","street":"Plank Road","city":"Fredericksburg","postcode":"22407","tags":";mexican;restaurant;"}},{"type":"Feature","geometry":{"type":"Point","coordinates":[-77.53593,38.28991]},"properties":{"id":"node/8735355831","name":"GogiGo Korean BBQ","group":"food","category":"amenity=restaurant","cuisine":"korean","website":"https://www.gogigokoreanbbq.com/fredericksburg-1","housenumber":"4197","street":"Plank Road","city":"Fredericksburg","postcode":"22407","tags":";korean;restaurant;barbecue;"}},{"type":"Feature","geometry":{"type":"Point","coordinates":[-77.53586,38.2902]},"properties":{"id":"node/8735355836","name":"The Pub","group":"food","category":"amenity=pub","hours":"Mo-Sa 11:00-22:00","phone":"+1-540-785-2164","housenumber":"4187","street":"Plank Road","city":"Fredericksburg","postcode":"22407","tags":";pub;"}},{"type":"Feature","geometry":{"type":"Point","coordinates":[-77.29528,38.59883]},"properties":{"id":"node/9357037558","name":"WIGSS Global Food","group":"groceries","category":"shop=convenience","cuisine":"african","housenumber":"16410","street":"Navigation Drive","city":"Woodbridge","postcode":"22191","tags":";african;convenience;"}},{"type":"Feature","geometry":{"type":"Point","coordinates":[-77.32806,38.56197]},"properties":{"id":"node/9391002948","name":"Kim's Barber","group":"personal_care","category":"shop=hairdresser","tags":";hairdresser;barber;"}},{"type":"Feature","geometry":{"type":"Point","coordinates":[-77.32806,38.56187]},"properties":{"id":"node/9391002949","name":"Plaza Coin Laundry","group":"services","category":"shop=laundry","tags":";laundry;"}},{"type":"Feature","geometry":{"type":"Point","coordinates":[-77.32813,38.56181]},"properties":{"id":"node/9391002950","name":"Hair & Nail Designers","group":"personal_care","category":"shop=hairdresser","tags":";hairdresser;nails;"}},{"type":"Feature","geometry":{"type":"Point","coordinates":[-77.32842,38.56161]},"properties":{"id":"node/9391002954","name":"PulmoCare","group":"groceries","category":"shop=medical_supply","tags":";medical_supply;"}},{"type":"Feature","geometry":{"type":"Point","coordinates":[-77.32857,38.56147]},"properties":{"id":"node/9391002956","name":"Fu Sheng Carry-Out","group":"food","category":"amenity=restaurant","cuisine":"chinese","tags":";chinese;restaurant;takeout;"}},{"type":"Feature","geometry":{"type":"Point","coordinates":[-77.32862,38.56143]},"properties":{"id":"node/9391002957","name":"El Tucan","group":"food","category":"amenity=restaurant","cuisine":"salvadoran","tags":";salvadoran;restaurant;"}},{"type":"Feature","geometry":{"type":"Point","coordinates":[-77.32844,38.56129]},"properties":{"id":"node/9391002958","name":"Salon y Barberia Florcita","group":"personal_care","category":"shop=hairdresser","tags":";hairdresser;barber;"}},{"type":"Feature","geometry":{"type":"Point","coordinates":[-77.32879,38.56135]},"properties":{"id":"node/9391002959","name":"Sandy's Salon & Barber","group":"personal_care","category":"shop=hairdresser","tags":";hairdresser;barber;"}},{"type":"Feature","geometry":{"type":"Point","coordinates":[-77.32866,38.56128]},"properties":{"id":"node/9391002962","name":"La Bendicion","group":"food","category":"amenity=restaurant","cuisine":"chicken;burger;dessert;tex-mex;sandwich;drinks","tags":";chicken;burger;dessert;tex-mex;sandwich;drinks;restaurant;"}},{"type":"Feature","geometry":{"type":"Point","coordinates":[-77.3321,38.56023]},"properties":{"id":"node/9392614441","name":"Triangle Fried Chicken","group":"food","category":"amenity=restaurant","tags":";restaurant;chicken;"}},{"type":"Feature","geometry":{"type":"Point","coordinates":[-77.33255,38.55966]},"properties":{"id":"node/9392614448","name":"Feng's Garden","group":"food","category":"amenity=restaurant","cuisine":"chinese","tags":";chinese;restaurant;"}},{"type":"Feature","geometry":{"type":"Point","coordinates":[-77.33257,38.55957]},"properties":{"id":"node/9392614450","name":"JC Cleaner","group":"services","category":"shop=dry_cleaning","tags":";dry_cleaning;"}},{"type":"Feature","geometry":{"type":"Point","coordinates":[-77.3328,38.55896]},"properties":{"id":"node/9392614452","name":"Magic Nails Salon","group":"personal_care","category":"shop=beauty","tags":";beauty;nails;"}},{"type":"Feature","geometry":{"type":"Point","coordinates":[-77.33277,38.55905]},"properties":{"id":"node/9392614453","name":"Mosaic Barber & Beauty Salon","group":"personal_care","category":"shop=hairdresser","tags":";hairdresser;barber;"}},{"type":"Feature","geometry":{"type":"Point","coordinates":[-77.33283,38.55887]},"properties":{"id":"node/9392614454","name":"Dhobee Laundry","group":"services","category":"shop=laundry","tags":";laundry;"}},{"type":"Feature","geometry":{"type":"Point","coordinates":[-77.32062,38.57025]},"properties":{"id":"node/9499904463","name":"Vincent & Vincent","group":"personal_care","category":"shop=hairdresser","tags":";hairdresser;"}},{"type":"Feature","geometry":{"type":"Point","coordinates":[-77.30886,38.57933]},"properties":{"id":"node/9499924630","name":"Wings Ways","group":"food","category":"amenity=fast_food","tags":";fast_food;chicken;"}},{"type":"Feature","geometry":{"type":"Point","coordinates":[-77.30896,38.57917]},"properties":{"id":"node/9499924632","name":"Amazing Grace Salon & Barber","group":"personal_care","category":"shop=hairdresser","tags":";hairdresser;barber;"}},{"type":"Feature","geometry":{"type":"Point","coordinates":[-77.30901,38.57912]},"properties":{"id":"node/9499924635","name":"Queenly Nails","group":"personal_care","category":"shop=beauty","tags":";beauty;nails;"}},{"type":"Feature","geometry":{"type":"Point","coordinates":[-77.30931,38.57866]},"properties":{"id":"node/9499924640","name":"Mandarin Court","group":"food","category":"amenity=restaurant","cuisine":"chinese","tags":";chinese;restaurant;"}},{"type":"Feature","geometry":{"type":"Point","coordinates":[-77.30934,38.5786]},"properties":{"id":"node/9499924641","name":"Skrimp Shack","group":"food","category":"amenity=restaurant","cuisine":"seafood","tags":";seafood;restaurant;"}},{"type":"Feature","geometry":{"type":"Point","coordinates":[-77.31286,38.58013]},"properties":{"id":"node/9503606826","name":"Lux Laundromat","group":"services","category":"shop=laundry","housenumber":"17100","street":"Richmond Highway","city":"Dumfries","postcode":"22026","tags":";laundry;"}},{"type":"Feature","geometry":{"type":"Point","coordinates":[-77.31281,38.58024]},"properties":{"id":"node/9503606827","name":"Angel Nails & Spa","group":"personal_care","category":"shop=beauty","housenumber":"17092","street":"Richmond Highway","city":"Dumfries","postcode":"22026","tags":";beauty;nails;spa;"}},{"type":"Feature","geometry":{"type":"Point","coordinates":[-77.31275,38.58034]},"properties":{"id":"node/9503606828","name":"D'vine Unisex","group":"personal_care","category":"shop=hairdresser","housenumber":"17080","street":"Richmond Highway","city":"Dumfries","postcode":"22026","tags":";hairdresser;"}},{"type":"Feature","geometry":{"type":"Point","coordinates":[-77.31278,38.58029]},"properties":{"id":"node/9503606829","name":"Princeton Woods Cleaners","group":"services","category":"shop=dry_cleaning","housenumber":"17088","tags":";dry_cleaning;"}},{"type":"Feature","geometry":{"type":"Point","coordinates":[-77.31273,38.58039]},"properties":{"id":"node/9503606830","name":"China 1","group":"food","category":"amenity=restaurant","cuisine":"chinese","housenumber":"17076","street":"Richmond Highway","city":"Dumfries","postcode":"22026","tags":";chinese;restaurant;"}},{"type":"Feature","geometry":{"type":"Point","coordinates":[-77.31268,38.58049]},"properties":{"id":"node/9503606831","name":"Beauty Town","group":"personal_care","category":"shop=beauty","housenumber":"17064","street":"Richmond Highway","city":"Dumfries","postcode":"22026","tags":";beauty;"}},{"type":"Feature","geometry":{"type":"Point","coordinates":[-77.31165,38.58247]},"properties":{"id":"node/9503606854","name":"DeLux Nails and Spa","group":"personal_care","category":"shop=beauty","tags":";beauty;nails;spa;"}},{"type":"Feature","geometry":{"type":"Point","coordinates":[-77.31534,38.57343]},"properties":{"id":"node/9505886565","name":"Automotive & Commercial Center","group":"services","category":"shop=car_repair","tags":";car_repair;"}},{"type":"Feature","geometry":{"type":"Point","coordinates":[-77.31657,38.57234]},"properties":{"id":"node/9505886570","name":"Tema African & Caribbean Market","group":"groceries","category":"shop=supermarket","tags":";supermarket;"}},{"type":"Feature","geometry":{"type":"Point","coordinates":[-77.31571,38.57276]},"properties":{"id":"node/9505886571","name":"Lundy's Used Car Sales","group":"shopping","category":"shop=car","tags":";car;"}},{"type":"Feature","geometry":{"type":"Point","coordinates":[-77.31575,38.57272]},"properties":{"id":"node/9505886572","name":"Safari African Restaurant","group":"food","category":"amenity=restaurant","cuisine":"african","website":"https://safariafricanrestaurant.weebly.com/","tags":";african;restaurant;"}},{"type":"Feature","geometry":{"type":"Point","coordinates":[-77.3158,38.57268]},"properties":{"id":"node/9505886573","name":"Ambience Nails & Spa","group":"personal_care","category":"shop=beauty","tags":";beauty;nails;spa;"}},{"type":"Feature","geometry":{"type":"Point","coordinates":[-77.31579,38.57261]},"properties":{"id":"node/9505886574","name":"MiJin's Barber Shop","group":"personal_care","category":"shop=hairdresser","tags":";hairdresser;barber;"}},{"type":"Feature","geometry":{"type":"Point","coordinates":[-77.31584,38.57264]},"properties":{"id":"node/9505886576","name":"Sook's Barber Shop","group":"personal_care","category":"shop=hairdresser","tags":";hairdresser;barber;"}},{"type":"Feature","geometry":{"type":"Point","coordinates":[-77.31594,38.57256]},"properties":{"id":"node/9505886577","name":"Rotana Hookah Lounge","group":"food","category":"amenity=cafe","tags":";cafe;"}},{"type":"Feature","geometry":{"type":"Point","coordinates":[-77.31603,38.57248]},"properties":{"id":"node/9505886579","name":"Happy Eatery","group":"food","category":"amenity=restaurant","cuisine":"chinese","tags":";chinese;restaurant;takeout;"}},{"type":"Feature","geometry":{"type":"Point","coordinates":[-77.31607,38.57245]},"properties":{"id":"node/9505886580","name":"Mirnas Restaurant","group":"food","category":"amenity=restaurant","cuisine":"latin_american","tags":";latin_american;restaurant;"}},{"type":"Feature","geometry":{"type":"Point","coordinates":[-77.31643,38.57231]},"properties":{"id":"node/9505886582","name":"Dumfries Marine","group":"services","category":"shop=repair","tags":";repair;"}},{"type":"Feature","geometry":{"type":"Point","coordinates":[-77.34635,38.62555]},"properties":{"id":"node/9555191260","name":"Nail Art","group":"personal_care","category":"shop=beauty","tags":";beauty;nails;"}},{"type":"Feature","geometry":{"type":"Point","coordinates":[-77.34625,38.62541]},"properties":{"id":"node/9555191262","name":"Geeks Zone","group":"shopping","category":"shop=electronics","tags":";electronics;"}},{"type":"Feature","geometry":{"type":"Point","coordinates":[-78.37034,38.23474]},"properties":{"id":"node/9563773067","name":"East Gourmet","group":"food","category":"amenity=restaurant","cuisine":"chinese","website":"https://eastgourmettogo.com","housenumber":"98","street":"Stoneridge Drive North","city":"Ruckersville","postcode":"22968","tags":";chinese;restaurant;"}},{"type":"Feature","geometry":{"type":"Point","coordinates":[-77.27537,38.62971]},"properties":{"id":"node/9581816596","name":"Pharmacy One","group":"groceries","category":"shop=chemist","tags":";chemist;"}},{"type":"Feature","geometry":{"type":"Point","coordinates":[-77.50511,38.23327]},"properties":{"id":"node/9651465205","name":"Montego Bay Grille & Sports Bar","group":"food","category":"amenity=restaurant","housenumber":"9915","street":"Southpoint Parkway","city":"Fredericksburg","postcode":"22407","tags":";restaurant;"}},{"type":"Feature","geometry":{"type":"Point","coordinates":[-77.49744,38.25321]},"properties":{"id":"node/9668114756","name":"Huber Motor Cars","group":"shopping","category":"shop=car","housenumber":"10653","street":"Patriot Highway","city":"Fredericksburg","postcode":"22408","tags":";car;"}},{"type":"Feature","geometry":{"type":"Point","coordinates":[-77.50394,38.2515]},"properties":{"id":"node/9668172448","name":"My Salon","group":"personal_care","category":"shop=hairdresser","housenumber":"10813","street":"Courthouse Road","city":"Fredericksburg","postcode":"22408","tags":";hairdresser;"}},{"type":"Feature","geometry":{"type":"Point","coordinates":[-77.50381,38.25155]},"properties":{"id":"node/9668172449","name":"PRAISE GOD BEAUTY SUPPLY & BRAIDING","group":"personal_care","category":"shop=hairdresser_supply","housenumber":"10813","street":"Courthouse Road","city":"Fredericksburg","postcode":"22408","tags":";hairdresser_supply;braiding;"}},{"type":"Feature","geometry":{"type":"Point","coordinates":[-77.5037,38.25161]},"properties":{"id":"node/9668172452","name":"Sweet Basil Macrons","group":"food","category":"shop=bakery","housenumber":"10813","street":"Courthouse Road","city":"Fredericksburg","postcode":"22408","tags":";bakery;"}},{"type":"Feature","geometry":{"type":"Point","coordinates":[-77.50348,38.25171]},"properties":{"id":"node/9668172453","name":"Molly$Friends","group":"shopping","category":"shop=antiques","housenumber":"10813","street":"Courthouse Road","city":"Fredericksburg","postcode":"22408","tags":";antiques;"}},{"type":"Feature","geometry":{"type":"Point","coordinates":[-77.49536,38.26292]},"properties":{"id":"node/9677034273","name":"Sweetheart Tattoo","group":"personal_care","category":"shop=tattoo","housenumber":"11009","street":"Patriot Highway","city":"Fredericksburg","postcode":"22408","tags":";tattoo;"}},{"type":"Feature","geometry":{"type":"Point","coordinates":[-77.49541,38.26268]},"properties":{"id":"node/9677034274","name":"Dianes Too Many Things","group":"shopping","category":"shop=antiques","housenumber":"11001","street":"Patriot Highway","city":"Fredericksburg","postcode":"22408","tags":";antiques;"}},{"type":"Feature","geometry":{"type":"Point","coordinates":[-77.49705,38.26241]},"properties":{"id":"node/9677034283","name":"3 Boys Motors","group":"shopping","category":"shop=car","housenumber":"10972","street":"Patriot Highway","city":"Fredericksburg","postcode":"22408","tags":";car;"}},{"type":"Feature","geometry":{"type":"Point","coordinates":[-77.49648,38.26314]},"properties":{"id":"node/9677034292","name":"Discount Mini Storage","group":"services","category":"shop=storage_rental","housenumber":"11004","street":"Patriot Highway","city":"Fredericksburg","postcode":"22408","tags":";storage_rental;"}},{"type":"Feature","geometry":{"type":"Point","coordinates":[-77.4965,38.26304]},"properties":{"id":"node/9677034293","name":"Superior Wholesalers","group":"shopping","category":"shop=car","housenumber":"11002","street":"Patriot Highway","city":"Fredericksburg","postcode":"22408","tags":";car;"}},{"type":"Feature","geometry":{"type":"Point","coordinates":[-77.28276,38.67563]},"properties":{"id":"node/9677838754","name":"Joe's Small Engine / Mower Repair","group":"services","category":"shop=repair","phone":"+1 703-981-3099","website":"https://joessmallengine.com","housenumber":"12735","street":"Torrington Street","city":"Lake Ridge","postcode":"22192","tags":";repair;"}},{"type":"Feature","geometry":{"type":"Point","coordinates":[-77.48794,38.33732]},"properties":{"id":"node/9725006366","name":"KT's Barber Shop","group":"personal_care","category":"shop=hairdresser","tags":";hairdresser;barber;"}},{"type":"Feature","geometry":{"type":"Point","coordinates":[-77.48805,38.33738]},"properties":{"id":"node/9725006367","name":"Mega Beauty Supply","group":"personal_care","category":"shop=beauty","tags":";beauty;"}},{"type":"Feature","geometry":{"type":"Point","coordinates":[-77.48846,38.33753]},"properties":{"id":"node/9725006368","name":"Botanica Omi Ashe","group":"shopping","category":"shop=religion","tags":";religion;"}},{"type":"Feature","geometry":{"type":"Point","coordinates":[-77.43311,38.42604]},"properties":{"id":"node/9725149174","name":"Luxe Nails & Wax","group":"personal_care","category":"shop=beauty","tags":";beauty;nails;"}},{"type":"Feature","geometry":{"type":"Point","coordinates":[-77.33203,38.54512]},"properties":{"id":"node/9760840353","name":"Shine Car Shine, LLC","group":"shopping","category":"shop=car_parts","tags":";car_parts;"}},{"type":"Feature","geometry":{"type":"Point","coordinates":[-77.35858,38.609]},"properties":{"id":"node/9765715792","name":"Framing Outlet","group":"shopping","category":"shop=interior_decoration","tags":";interior_decoration;"}},{"type":"Feature","geometry":{"type":"Point","coordinates":[-77.35855,38.60905]},"properties":{"id":"node/9765715793","name":"Vivian's Nail Spa","group":"personal_care","category":"shop=beauty","tags":";beauty;nails;spa;"}},{"type":"Feature","geometry":{"type":"Point","coordinates":[-77.35834,38.60934]},"properties":{"id":"node/9765715797","name":"New Hunan","group":"food","category":"amenity=restaurant","cuisine":"chinese","tags":";chinese;restaurant;"}},{"type":"Feature","geometry":{"type":"Point","coordinates":[-77.35815,38.61024]},"properties":{"id":"node/9765715801","name":"Fo Japanese Bistro","group":"food","category":"amenity=restaurant","cuisine":"japanese","tags":";japanese;restaurant;"}},{"type":"Feature","geometry":{"type":"Point","coordinates":[-77.29566,38.63806]},"properties":{"id":"node/9777611100","name":"Poke Mian","group":"food","category":"amenity=restaurant","cuisine":"hawaiian","tags":";hawaiian;restaurant;"}},{"type":"Feature","geometry":{"type":"Point","coordinates":[-77.29611,38.63818]},"properties":{"id":"node/9777611115","name":"2Q Nail Bar","group":"personal_care","category":"shop=beauty","tags":";beauty;nails;"}},{"type":"Feature","geometry":{"type":"Point","coordinates":[-77.30544,38.58966]},"properties":{"id":"node/9817915814","name":"Great Wall","group":"food","category":"amenity=restaurant","cuisine":"chinese","housenumber":"16708","street":"Richmond Highway","city":"Dumfries","postcode":"22026","tags":";chinese;restaurant;"}},{"type":"Feature","geometry":{"type":"Point","coordinates":[-77.30326,38.5883]},"properties":{"id":"node/9817978852","name":"Tobacco Center","group":"shopping","category":"shop=tobacco","tags":";tobacco;"}},{"type":"Feature","geometry":{"type":"Point","coordinates":[-77.3031,38.58819]},"properties":{"id":"node/9817978854","name":"A Plus Plus Nails","group":"personal_care","category":"shop=beauty","tags":";beauty;nails;"}},{"type":"Feature","geometry":{"type":"Point","coordinates":[-77.30303,38.58815]},"properties":{"id":"node/9817978855","name":"Fresh Barber & Unisex Salon","group":"personal_care","category":"shop=hairdresser","tags":";hairdresser;barber;"}},{"type":"Feature","geometry":{"type":"Point","coordinates":[-77.30284,38.588]},"properties":{"id":"node/9817978858","name":"Juciy Claw","group":"food","category":"amenity=restaurant","cuisine":"seafood","tags":";seafood;restaurant;"}},{"type":"Feature","geometry":{"type":"Point","coordinates":[-77.44757,38.31005]},"properties":{"id":"node/9837470720","name":"Glover Enterprises","group":"shopping","category":"shop=fireplace","tags":";fireplace;"}},{"type":"Feature","geometry":{"type":"Point","coordinates":[-77.44749,38.30974]},"properties":{"id":"node/9837470722","name":"Present & Past Treasures","group":"shopping","category":"shop=antiques","tags":";antiques;"}},{"type":"Feature","geometry":{"type":"Point","coordinates":[-77.48238,38.27129]},"properties":{"id":"node/9839707615","name":"Xclusiv Barber & Beauty Lounge","group":"personal_care","category":"shop=hairdresser","tags":";hairdresser;barber;"}},{"type":"Feature","geometry":{"type":"Point","coordinates":[-77.48262,38.27138]},"properties":{"id":"node/9839707616","name":"Roma Pizza","group":"food","category":"amenity=restaurant","cuisine":"pizza","tags":";pizza;restaurant;"}},{"type":"Feature","geometry":{"type":"Point","coordinates":[-77.48293,38.27148]},"properties":{"id":"node/9839707617","name":"Fiesta Super Market","group":"groceries","category":"shop=supermarket","tags":";supermarket;"}},{"type":"Feature","geometry":{"type":"Point","coordinates":[-77.48308,38.27153]},"properties":{"id":"node/9839707618","name":"El Asador","group":"food","category":"amenity=restaurant","cuisine":"mexican","tags":";mexican;restaurant;"}},{"type":"Feature","geometry":{"type":"Point","coordinates":[-77.48222,38.27137]},"properties":{"id":"node/9839707619","name":"Bright Cleaners & Laundry","group":"services","category":"shop=laundry","tags":";laundry;dry_cleaning;"}},{"type":"Feature","geometry":{"type":"Point","coordinates":[-77.34016,38.32195]},"properties":{"id":"node/9865921877","name":"Ken Lamb Tree Service, LLC","group":"services","category":"craft=gardener","hours":"Mo-Fr 07:00-15:30","phone":"+1 540-371-7586","website":"https://kenlambtreeservice.com","housenumber":"41","street":"Wood Landing Road","city":"Fredericksburg","postcode":"22405","tags":";gardener;"}},{"type":"Feature","geometry":{"type":"Point","coordinates":[-77.34088,38.6029]},"properties":{"id":"node/9928271630","name":"Montclair Cleaners","group":"services","category":"shop=dry_cleaning","tags":";dry_cleaning;"}},{"type":"Feature","geometry":{"type":"Point","coordinates":[-77.34151,38.60296]},"properties":{"id":"node/9928271639","name":"Montclair Chinese Cuisine","group":"food","category":"amenity=restaurant","cuisine":"chinese","tags":";chinese;restaurant;"}},{"type":"Feature","geometry":{"type":"Point","coordinates":[-77.34194,38.60316]},"properties":{"id":"node/9928271730","name":"Giorgio's Family Restaurant","group":"food","category":"amenity=restaurant","cuisine":"greek","tags":";greek;restaurant;"}},{"type":"Feature","geometry":{"type":"Point","coordinates":[-77.34183,38.60329]},"properties":{"id":"node/9928271731","name":"Two Young Cleaners","group":"services","category":"shop=dry_cleaning","tags":";dry_cleaning;"}},{"type":"Feature","geometry":{"type":"Point","coordinates":[-77.34167,38.60345]},"properties":{"id":"node/9928271732","name":"Images Salon","group":"personal_care","category":"shop=hairdresser","tags":";hairdresser;"}},{"type":"Feature","geometry":{"type":"Point","coordinates":[-77.42753,38.47558]},"properties":{"id":"node/9936195354","name":"Koi Tea","group":"food","category":"shop=tea","tags":";tea;"}},{"type":"Feature","geometry":{"type":"Point","coordinates":[-77.42779,38.47549]},"properties":{"id":"node/9936195357","name":"Dan's Wellness Pharmacy","group":"groceries","category":"amenity=pharmacy","tags":";pharmacy;"}},{"type":"Feature","geometry":{"type":"Point","coordinates":[-78.19464,38.19941]},"properties":{"id":"node/9942854488","name":"The Market at Grelen","group":"food","category":"amenity=cafe","website":"https://www.themarketatgrelen.com/","housenumber":"15091","street":"Yager Road","city":"Somerset","postcode":"22972","tags":";cafe;"}},{"type":"Feature","geometry":{"type":"Point","coordinates":[-77.35216,37.91894]},"properties":{"id":"node/9991847265","name":"Double Down Outdoors","group":"shopping","category":"shop=outdoor","phone":"+18045513970","website":"https://doubledown.tv/","housenumber":"25114","street":"Richmond Turnpike","city":"Ruther Glen","postcode":"22546","tags":";outdoor;"}},{"type":"Feature","geometry":{"type":"Point","coordinates":[-77.37029,37.83203]},"properties":{"id":"node/10030778513","name":"Crossroads Italian Bistro","group":"food","category":"amenity=restaurant","cuisine":"italian","phone":"+18049942031","housenumber":"31286","street":"Richmond Turnpike","city":"Doswell","postcode":"23047","tags":";italian;restaurant;"}},{"type":"Feature","geometry":{"type":"Point","coordinates":[-77.29468,38.63629]},"properties":{"id":"node/10065551225","name":"Hot Chickn Kitchn","group":"food","category":"amenity=restaurant","cuisine":"chicken","hours":"Mo-Th, Su 11:00-21:00; Fr-Sa 11:00-22:00","phone":"+1 571-398-2145","website":"https://hotchiknkitchn.com/","housenumber":"14313","street":"Potomac Mills Road","city":"Woodbridge","postcode":"22192","tags":";chicken;restaurant;"}},{"type":"Feature","geometry":{"type":"Point","coordinates":[-77.46423,38.30206]},"properties":{"id":"node/10141428706","name":"Harry's","group":"food","category":"amenity=pub","housenumber":"601","street":"William Street","city":"Fredericksburg","postcode":"22401","tags":";pub;"}},{"type":"Feature","geometry":{"type":"Point","coordinates":[-77.46439,38.30199]},"properties":{"id":"node/10141428707","name":"Blue Cow Ice Cream Co.","group":"food","category":"amenity=ice_cream","housenumber":"607","street":"William Street","city":"Fredericksburg","postcode":"22401","tags":";ice_cream;"}},{"type":"Feature","geometry":{"type":"Point","coordinates":[-77.35272,38.67676]},"properties":{"id":"node/10155856525","name":"Burke Electronics","group":"services","category":"craft=electronics_repair","tags":";electronics_repair;"}},{"type":"Feature","geometry":{"type":"Point","coordinates":[-77.35277,38.67664]},"properties":{"id":"node/10155856526","name":"Amy's Dominican Hair Salon","group":"personal_care","category":"shop=hairdresser","tags":";hairdresser;"}},{"type":"Feature","geometry":{"type":"Point","coordinates":[-77.35275,38.67669]},"properties":{"id":"node/10155856527","name":"Caring Loft","group":"personal_care","category":"shop=hairdresser","tags":";hairdresser;"}},{"type":"Feature","geometry":{"type":"Point","coordinates":[-77.3528,38.67657]},"properties":{"id":"node/10155856528","name":"Complex Nail & Spa","group":"personal_care","category":"shop=beauty","tags":";beauty;nails;spa;"}},{"type":"Feature","geometry":{"type":"Point","coordinates":[-77.35283,38.6765]},"properties":{"id":"node/10155856529","name":"Premiere Hair Lounge","group":"personal_care","category":"shop=hairdresser","tags":";hairdresser;"}},{"type":"Feature","geometry":{"type":"Point","coordinates":[-77.35225,38.67593]},"properties":{"id":"node/10155856535","name":"U.S. Title","group":"services","category":"shop=money_lender","tags":";money_lender;"}},{"type":"Feature","geometry":{"type":"Point","coordinates":[-77.3521,38.67589]},"properties":{"id":"node/10155856536","name":"Blessing Beauty Salon","group":"personal_care","category":"shop=beauty","tags":";beauty;"}},{"type":"Feature","geometry":{"type":"Point","coordinates":[-77.35177,38.67581]},"properties":{"id":"node/10155856538","name":"Regal Cleaners","group":"services","category":"shop=dry_cleaning","tags":";dry_cleaning;"}},{"type":"Feature","geometry":{"type":"Point","coordinates":[-78.27022,38.36713]},"properties":{"id":"node/10167503611","name":"Mandarin Express","group":"food","category":"amenity=restaurant","cuisine":"chinese","tags":";chinese;restaurant;"}},{"type":"Feature","geometry":{"type":"Point","coordinates":[-77.52363,38.13247]},"properties":{"id":"node/10182109474","name":"Angela's Italian Restaurant","group":"food","category":"amenity=restaurant","cuisine":"italian","hours":"Mo-Th 10:00-21:00, Fr-Sa 10:00-22:30, Su 11:00-21:00","phone":"+1-540-582-5250","website":"https://angelasitalian.com","housenumber":"6336","street":"Patriot Highway","city":"Spotsylvania","postcode":"22551","tags":";italian;restaurant;"}},{"type":"Feature","geometry":{"type":"Point","coordinates":[-77.91339,38.26977]},"properties":{"id":"node/10218511107","name":"Cafe Charm","group":"food","category":"shop=bakery","tags":";bakery;"}},{"type":"Feature","geometry":{"type":"Point","coordinates":[-77.48158,38.27722]},"properties":{"id":"node/10239506306","name":"Finishing Touch Florist & Gifts","group":"shopping","category":"shop=gift","tags":";gift;florist;"}},{"type":"Feature","geometry":{"type":"Point","coordinates":[-77.48163,38.27674]},"properties":{"id":"node/10239516841","name":"Tobaccoville","group":"shopping","category":"shop=tobacco","housenumber":"2012","street":"Lafayette Boulevard","city":"Fredericksburg","postcode":"22401","tags":";tobacco;"}},{"type":"Feature","geometry":{"type":"Point","coordinates":[-77.48163,38.27665]},"properties":{"id":"node/10239516842","name":"Jenni Laundry","group":"services","category":"shop=laundry","housenumber":"2012 1/2","street":"Lafayette Boulevard","city":"Fredericksburg","postcode":"22401","tags":";laundry;"}},{"type":"Feature","geometry":{"type":"Point","coordinates":[-77.48164,38.27658]},"properties":{"id":"node/10239516843","name":"Shear Luxe Hair Salon","group":"personal_care","category":"shop=hairdresser","housenumber":"2014","street":"Lafayette Boulevard","city":"Fredericksburg","postcode":"22401","tags":";hairdresser;"}},{"type":"Feature","geometry":{"type":"Point","coordinates":[-77.48013,38.30418]},"properties":{"id":"node/10241088198","name":"Express Food Mart","group":"groceries","category":"shop=convenience","tags":";convenience;"}},{"type":"Feature","geometry":{"type":"Point","coordinates":[-77.48013,38.30453]},"properties":{"id":"node/10241088200","name":"Flowers by Val","group":"shopping","category":"shop=florist","tags":";florist;"}},{"type":"Feature","geometry":{"type":"Point","coordinates":[-77.42226,38.4743]},"properties":{"id":"node/10241417543","name":"Escape Salon & Day Spa","group":"personal_care","category":"shop=beauty","tags":";beauty;spa;"}},{"type":"Feature","geometry":{"type":"Point","coordinates":[-77.42208,38.47425]},"properties":{"id":"node/10241417544","name":"Unique Chic","group":"personal_care","category":"shop=hairdresser","tags":";hairdresser;"}},{"type":"Feature","geometry":{"type":"Point","coordinates":[-77.42201,38.47423]},"properties":{"id":"node/10241417545","name":"Brafferton Cleaners","group":"services","category":"shop=dry_cleaning","tags":";dry_cleaning;"}},{"type":"Feature","geometry":{"type":"Point","coordinates":[-77.42194,38.47421]},"properties":{"id":"node/10241417546","name":"America's Best Wings","group":"food","category":"amenity=restaurant","cuisine":"chicken","tags":";chicken;restaurant;"}},{"type":"Feature","geometry":{"type":"Point","coordinates":[-77.42183,38.4749]},"properties":{"id":"node/10241417557","name":"610 Barber Shop","group":"personal_care","category":"shop=hairdresser","tags":";hairdresser;barber;"}},{"type":"Feature","geometry":{"type":"Point","coordinates":[-77.42176,38.47488]},"properties":{"id":"node/10241417558","name":"Poke Mian","group":"food","category":"amenity=restaurant","tags":";restaurant;"}},{"type":"Feature","geometry":{"type":"Point","coordinates":[-77.4217,38.47487]},"properties":{"id":"node/10241417559","name":"5 Star Nutrition","group":"groceries","category":"shop=nutrition_supplements","tags":";nutrition_supplements;"}},{"type":"Feature","geometry":{"type":"Point","coordinates":[-77.41808,38.47293]},"properties":{"id":"node/10241417566","name":"Jin's Garden Chinese Restuarant","group":"food","category":"amenity=restaurant","cuisine":"chinese","tags":";chinese;restaurant;"}},{"type":"Feature","geometry":{"type":"Point","coordinates":[-77.41755,38.47333]},"properties":{"id":"node/10241417573","name":"Bang! Music Store","group":"shopping","category":"shop=music","tags":";music;"}},{"type":"Feature","geometry":{"type":"Point","coordinates":[-77.41761,38.4733]},"properties":{"id":"node/10241417574","name":"Select LEaf","group":"shopping","category":"shop=tobacco","tags":";tobacco;"}},{"type":"Feature","geometry":{"type":"Point","coordinates":[-77.3909,38.47768]},"properties":{"id":"node/10241440415","name":"Big Bad W Pit BBQ","group":"food","category":"amenity=restaurant","cuisine":"barbecue","tags":";barbecue;restaurant;"}},{"type":"Feature","geometry":{"type":"Point","coordinates":[-77.39082,38.47773]},"properties":{"id":"node/10241440416","name":"Padrino's II Restaurant","group":"food","category":"amenity=restaurant","cuisine":"italian","tags":";italian;restaurant;"}},{"type":"Feature","geometry":{"type":"Point","coordinates":[-77.39066,38.47786]},"properties":{"id":"node/10241440417","name":"Treasure Chest Comics","group":"shopping","category":"shop=collector","tags":";collector;games;"}},{"type":"Feature","geometry":{"type":"Point","coordinates":[-77.39059,38.47791]},"properties":{"id":"node/10241440418","name":"The Barkershop","group":"services","category":"shop=pet_grooming","tags":";pet_grooming;"}},{"type":"Feature","geometry":{"type":"Point","coordinates":[-77.39055,38.47794]},"properties":{"id":"node/10241440419","name":"Barber Salon","group":"personal_care","category":"shop=hairdresser","tags":";hairdresser;barber;"}},{"type":"Feature","geometry":{"type":"Point","coordinates":[-77.39051,38.47798]},"properties":{"id":"node/10241440420","name":"Regional Auto Center","group":"shopping","category":"shop=car","tags":";car;"}},{"type":"Feature","geometry":{"type":"Point","coordinates":[-77.46729,38.31272]},"properties":{"id":"node/10275700476","name":"Jack Brown's Tattoo Revival","group":"personal_care","category":"shop=tattoo","hours":"Mo-Fr 12:00-20:00; Sa 12:00-21:00; Su 13:00-19:00","website":"https://tattyshack.com/","housenumber":"1919","street":"Princess Anne Street","city":"Fredericksburg","postcode":"22401","tags":";tattoo;"}},{"type":"Feature","geometry":{"type":"Point","coordinates":[-77.99662,38.47155]},"properties":{"id":"node/10288167752","name":"Moving Meadows Farm","group":"food","category":"shop=bakery","hours":"Tu-Sa 08:00-16:00","phone":"+1-540-317-5862","website":"https://movingmeadowsfarm.com","housenumber":"307","street":"South Main Street","city":"Culpeper","postcode":"22701","tags":";bakery;"}},{"type":"Feature","geometry":{"type":"Point","coordinates":[-78.37213,38.23027]},"properties":{"id":"node/10299362409","name":"Cavalier Carpet","group":"shopping","category":"shop=furniture","tags":";furniture;"}},{"type":"Feature","geometry":{"type":"Point","coordinates":[-78.37215,38.22952]},"properties":{"id":"node/10299362410","name":"Tienda Latina","group":"groceries","category":"shop=convenience","tags":";convenience;latin_american;"}},{"type":"Feature","geometry":{"type":"Point","coordinates":[-77.33839,38.06047]},"properties":{"id":"node/10303050809","name":"Expert Auto","group":"services","category":"shop=car_repair","tags":";car_repair;"}},{"type":"Feature","geometry":{"type":"Point","coordinates":[-77.33195,38.06761]},"properties":{"id":"node/10303078011","name":"AP Hill Market","group":"groceries","category":"shop=convenience","tags":";convenience;"}},{"type":"Feature","geometry":{"type":"Point","coordinates":[-77.40165,38.3111]},"properties":{"id":"node/10305963609","name":"Charlie's Crab House","group":"groceries","category":"shop=seafood","tags":";seafood;"}},{"type":"Feature","geometry":{"type":"Point","coordinates":[-77.39522,38.30754]},"properties":{"id":"node/10306025209","name":"Alvin's Repair Shop","group":"services","category":"shop=car_repair","tags":";car_repair;"}},{"type":"Feature","geometry":{"type":"Point","coordinates":[-77.401,38.31092]},"properties":{"id":"node/10313637309","name":"Black Steel Tattoos","group":"personal_care","category":"shop=tattoo","tags":";tattoo;"}},{"type":"Feature","geometry":{"type":"Point","coordinates":[-77.42942,38.3106]},"properties":{"id":"node/10313637510","name":"El Patron Mexican Restaurant","group":"food","category":"amenity=restaurant","cuisine":"mexican","tags":";mexican;restaurant;"}},{"type":"Feature","geometry":{"type":"Point","coordinates":[-77.43593,38.31155]},"properties":{"id":"node/10313637512","name":"Padrino's Pizza","group":"food","category":"amenity=restaurant","cuisine":"pizza","tags":";pizza;restaurant;"}},{"type":"Feature","geometry":{"type":"Point","coordinates":[-77.4673,38.32523]},"properties":{"id":"node/10313637513","name":"Access Eye","group":"personal_care","category":"shop=optician","tags":";optician;"}},{"type":"Feature","geometry":{"type":"Point","coordinates":[-77.42954,38.31059]},"properties":{"id":"node/10313637609","name":"Tobacco Hut","group":"shopping","category":"shop=tobacco","tags":";tobacco;"}},{"type":"Feature","geometry":{"type":"Point","coordinates":[-77.42991,38.31057]},"properties":{"id":"node/10313637610","name":"Cutz-N-Restore Images","group":"personal_care","category":"shop=hairdresser","tags":";hairdresser;"}},{"type":"Feature","geometry":{"type":"Point","coordinates":[-77.46604,38.32742]},"properties":{"id":"node/10313637611","name":"AP Auto","group":"shopping","category":"shop=car","tags":";car;"}},{"type":"Feature","geometry":{"type":"Point","coordinates":[-77.4357,38.31169]},"properties":{"id":"node/10313637710","name":"Steampunk Parlor","group":"personal_care","category":"shop=beauty","tags":";beauty;"}},{"type":"Feature","geometry":{"type":"Point","coordinates":[-77.45858,38.34443]},"properties":{"id":"node/10313637712","name":"540 Auto Sales","group":"shopping","category":"shop=car","tags":";car;"}},{"type":"Feature","geometry":{"type":"Point","coordinates":[-77.4633,38.33547]},"properties":{"id":"node/10313637909","name":"Virginia Water Gardens","group":"shopping","category":"shop=hardware","tags":";hardware;"}},{"type":"Feature","geometry":{"type":"Point","coordinates":[-77.43297,38.4267]},"properties":{"id":"node/10566010810","name":"Manhattan Pizza","group":"food","category":"amenity=restaurant","cuisine":"pizza","tags":";pizza;restaurant;"}},{"type":"Feature","geometry":{"type":"Point","coordinates":[-77.43292,38.42667]},"properties":{"id":"node/10566010811","name":"Table 9 Kitchen","group":"food","category":"amenity=restaurant","cuisine":"asian","tags":";asian;restaurant;"}},{"type":"Feature","geometry":{"type":"Point","coordinates":[-77.43307,38.42608]},"properties":{"id":"node/10566010813","name":"Up North Kutz","group":"personal_care","category":"shop=hairdresser","tags":";hairdresser;"}},{"type":"Feature","geometry":{"type":"Point","coordinates":[-77.43302,38.42612]},"properties":{"id":"node/10566016221","name":"Abner B's Ice Cream","group":"food","category":"amenity=ice_cream","tags":";ice_cream;"}},{"type":"Feature","geometry":{"type":"Point","coordinates":[-77.47112,38.29121]},"properties":{"id":"node/10573662666","name":"Vintage is for Lovers","group":"services","category":"shop=rental","phone":"+1 540-845-1351","website":"https://www.vintageisforlovers.com/","housenumber":"1210","street":"Lafayette Boulevard","tags":";rental;"}},{"type":"Feature","geometry":{"type":"Point","coordinates":[-77.32244,38.53579]},"properties":{"id":"node/10676513068","name":"PJ's Food Store","group":"groceries","category":"shop=convenience","tags":";convenience;"}},{"type":"Feature","geometry":{"type":"Point","coordinates":[-77.32232,38.53568]},"properties":{"id":"node/10676513069","name":"Rayo Quick Repair","group":"services","category":"craft=electronics_repair","tags":";electronics_repair;"}},{"type":"Feature","geometry":{"type":"Point","coordinates":[-77.29733,38.63645]},"properties":{"id":"node/10727088132","name":"Ku Tea","group":"food","category":"amenity=cafe","cuisine":"bubble_tea","housenumber":"14542","street":"Potomac Mills Road","city":"Woodbridge","postcode":"22192","tags":";bubble_tea;cafe;"}},{"type":"Feature","geometry":{"type":"Point","coordinates":[-77.2882,38.63025]},"properties":{"id":"node/10728675744","name":"Bubbles","group":"personal_care","category":"shop=hairdresser","housenumber":"14901","street":"Potomac Town Place","city":"Woodbridge","postcode":"22191","tags":";hairdresser;"}},{"type":"Feature","geometry":{"type":"Point","coordinates":[-77.28808,38.63014]},"properties":{"id":"node/10728675745","name":"Sushi Jin","group":"food","category":"amenity=restaurant","cuisine":"sushi","housenumber":"14901","street":"Potomac Town Place","city":"Woodbridge","postcode":"22191","tags":";sushi;restaurant;"}},{"type":"Feature","geometry":{"type":"Point","coordinates":[-77.28802,38.63007]},"properties":{"id":"node/10728675746","name":"Muse Paintbar","group":"food","category":"amenity=bar","housenumber":"14901","street":"Potomac Town Place","city":"Woodbridge","postcode":"22191","tags":";bar;"}},{"type":"Feature","geometry":{"type":"Point","coordinates":[-77.28775,38.6302]},"properties":{"id":"node/10728675747","name":"Quinn's Goldsmith","group":"shopping","category":"shop=jewelry","housenumber":"14901","street":"Potomac Town Place","city":"Woodbridge","postcode":"22191","tags":";jewelry;"}},{"type":"Feature","geometry":{"type":"Point","coordinates":[-77.28744,38.62737]},"properties":{"id":"node/10728675757","name":"Dok Khao","group":"food","category":"amenity=restaurant","cuisine":"thai","hours":"Su-Th 11:00-22:00; Fr,Sa 11:00-23:00","phone":"+1-571-285-2459","website":"https://dokkhao.com/dok-khao-woodbridge-home/","housenumber":"15200","street":"Potomac Town Place","city":"Woodbridge","postcode":"22191","tags":";thai;restaurant;outdoor_seating;"}},{"type":"Feature","geometry":{"type":"Point","coordinates":[-77.81022,38.30563]},"properties":{"id":"node/10737921348","name":"The Market at Locust Grove","group":"groceries","category":"shop=convenience","tags":";convenience;"}},{"type":"Feature","geometry":{"type":"Point","coordinates":[-77.80995,38.3057]},"properties":{"id":"node/10737921349","name":"Freshwind Consignment","group":"shopping","category":"shop=second_hand","tags":";second_hand;"}},{"type":"Feature","geometry":{"type":"Point","coordinates":[-77.80987,38.30572]},"properties":{"id":"node/10737921350","name":"Gemma's Hair Studio","group":"personal_care","category":"shop=hairdresser","tags":";hairdresser;"}},{"type":"Feature","geometry":{"type":"Point","coordinates":[-77.80977,38.30575]},"properties":{"id":"node/10737921351","name":"Mama's Pizza","group":"food","category":"amenity=restaurant","cuisine":"pizza","tags":";pizza;restaurant;"}},{"type":"Feature","geometry":{"type":"Point","coordinates":[-77.80907,38.3059]},"properties":{"id":"node/10737921436","name":"Guacamole","group":"food","category":"amenity=restaurant","cuisine":"mexican","tags":";mexican;restaurant;"}},{"type":"Feature","geometry":{"type":"Point","coordinates":[-77.80875,38.30597]},"properties":{"id":"node/10737921438","name":"Hong Kong","group":"food","category":"amenity=restaurant","cuisine":"chinese","tags":";chinese;restaurant;"}},{"type":"Feature","geometry":{"type":"Point","coordinates":[-77.80792,38.30617]},"properties":{"id":"node/10737921471","name":"Witch's Brew Cafe","group":"food","category":"amenity=cafe","tags":";cafe;"}},{"type":"Feature","geometry":{"type":"Point","coordinates":[-77.80767,38.30623]},"properties":{"id":"node/10737921473","name":"Endurance Automotive","group":"shopping","category":"shop=car","tags":";car;"}},{"type":"Feature","geometry":{"type":"Point","coordinates":[-77.80676,38.3067]},"properties":{"id":"node/10737921474","name":"Savage Selections","group":"shopping","category":"shop=pet","tags":";pet;"}},{"type":"Feature","geometry":{"type":"Point","coordinates":[-77.9244,38.62805]},"properties":{"id":"node/10742274625","name":"Death Ridge Brewery","group":"food","category":"craft=brewery","housenumber":"5393","street":"Higher Ground Trail","tags":";brewery;"}},{"type":"Feature","geometry":{"type":"Point","coordinates":[-77.47493,38.31501]},"properties":{"id":"node/10747255362","name":"The Vault","group":"services","category":"shop=pawnbroker","tags":";pawnbroker;"}},{"type":"Feature","geometry":{"type":"Point","coordinates":[-77.47501,38.31493]},"properties":{"id":"node/10747255363","name":"Tortiller\u00eda Mixteca","group":"groceries","category":"shop=supermarket","housenumber":"451","street":"Emancipation Highway","tags":";supermarket;"}},{"type":"Feature","geometry":{"type":"Point","coordinates":[-77.47472,38.31522]},"properties":{"id":"node/10747255365","name":"Buddy's","group":"shopping","category":"shop=furniture","tags":";furniture;"}},{"type":"Feature","geometry":{"type":"Point","coordinates":[-77.47457,38.31535]},"properties":{"id":"node/10747255366","name":"Fu Kien","group":"food","category":"amenity=restaurant","cuisine":"chinese","tags":";chinese;restaurant;"}},{"type":"Feature","geometry":{"type":"Point","coordinates":[-77.47381,38.31526]},"properties":{"id":"node/10747255386","name":"Steckler Bros.","group":"shopping","category":"shop=car_parts","phone":"+1 540-479-3470","housenumber":"410","street":"Amaret Street","tags":";car_parts;"}},{"type":"Feature","geometry":{"type":"Point","coordinates":[-77.47372,38.31532]},"properties":{"id":"node/10747255387","name":"Simply You Salon","group":"personal_care","category":"shop=beauty","hours":"Mo,Su off; Tu 09:00-18:30; We 09:00-15:30; Th 09:00-20:00; Fr 08:30-17:30; Sa 08:00-14:30","phone":"+1 540-373-1717","housenumber":"408","street":"Amaret Street","tags":";beauty;"}},{"type":"Feature","geometry":{"type":"Point","coordinates":[-77.47357,38.31518]},"properties":{"id":"node/10747255388","name":"Super Auto Sales","group":"shopping","category":"shop=car","phone":"+1 540-538-7711","housenumber":"429","street":"Bridgewater Street","tags":";car;"}},{"type":"Feature","geometry":{"type":"Point","coordinates":[-77.47291,38.316]},"properties":{"id":"node/10747280550","name":"Classic Hair Designs","group":"personal_care","category":"shop=hairdresser","hours":"Mo-Tu,Su off; We-Fr 11:00-21:00; Sa 10:00-16:00","phone":"+1 540-845-1112","housenumber":"336","street":"Amaret Street","tags":";hairdresser;"}},{"type":"Feature","geometry":{"type":"Point","coordinates":[-77.47262,38.31648]},"properties":{"id":"node/10747280630","name":"Sam's Pizza & Subs","group":"food","category":"amenity=restaurant","cuisine":"pizza","hours":"Mo-Th 11:00-21:00; Fr-Sa 11:00-22:00; Su off","phone":"+1 540-374-2030","website":"https://www.samspizza.com/fredericksburg","housenumber":"326","street":"Emancipation Highway","tags":";pizza;restaurant;sandwich;"}},{"type":"Feature","geometry":{"type":"Point","coordinates":[-77.47266,38.31644]},"properties":{"id":"node/10747280631","name":"FXBG Nutrition & Energy","group":"food","category":"amenity=cafe","cuisine":"juice","phone":"+1 540-371-1769","housenumber":"328","street":"Emancipation Highway","tags":";juice;cafe;"}},{"type":"Feature","geometry":{"type":"Point","coordinates":[-77.47258,38.31653]},"properties":{"id":"node/10747280632","name":"Diva Beauty Supply","group":"personal_care","category":"shop=beauty","tags":";beauty;"}},{"type":"Feature","geometry":{"type":"Point","coordinates":[-77.47253,38.31658]},"properties":{"id":"node/10747280633","name":"Sunshin Dry Cleaners","group":"services","category":"shop=dry_cleaning","tags":";dry_cleaning;"}},{"type":"Feature","geometry":{"type":"Point","coordinates":[-77.4724,38.3167]},"properties":{"id":"node/10747280634","name":"Fredericksburg Food Co-Op","group":"groceries","category":"shop=supermarket","hours":"07:00-21:00","website":"https://fxbgfood.coop/","housenumber":"320","street":"Emancipation Highway","tags":";supermarket;"}},{"type":"Feature","geometry":{"type":"Point","coordinates":[-77.47218,38.31692]},"properties":{"id":"node/10747280636","name":"Charlie G's","group":"food","category":"amenity=restaurant","cuisine":"american","tags":";american;restaurant;"}},{"type":"Feature","geometry":{"type":"Point","coordinates":[-77.47452,38.3154]},"properties":{"id":"node/10747280670","name":"Kabul Mart","group":"groceries","category":"shop=convenience","tags":";convenience;"}},{"type":"Feature","geometry":{"type":"Point","coordinates":[-77.43742,38.2837]},"properties":{"id":"node/10754574775","name":"Jina Barber Shop","group":"personal_care","category":"shop=hairdresser","tags":";hairdresser;barber;"}},{"type":"Feature","geometry":{"type":"Point","coordinates":[-77.43976,38.28783]},"properties":{"id":"node/10754626329","name":"Comfort Medical Supply","group":"groceries","category":"shop=medical_supply","tags":";medical_supply;"}},{"type":"Feature","geometry":{"type":"Point","coordinates":[-77.43989,38.28756]},"properties":{"id":"node/10754626330","name":"Highmark Brewery","group":"food","category":"amenity=pub","tags":";pub;brewery;"}},{"type":"Feature","geometry":{"type":"Point","coordinates":[-77.46255,38.46826]},"properties":{"id":"node/10767443257","name":"Monarch Pool Care","group":"shopping","category":"shop=swimming_pool","tags":";swimming_pool;"}},{"type":"Feature","geometry":{"type":"Point","coordinates":[-77.46246,38.46821]},"properties":{"id":"node/10767443258","name":"Glamour Nails & Spa","group":"personal_care","category":"shop=beauty","tags":";beauty;nails;spa;"}},{"type":"Feature","geometry":{"type":"Point","coordinates":[-77.4623,38.46812]},"properties":{"id":"node/10767443259","name":"Shelton Shop Cleaners","group":"services","category":"shop=dry_cleaning","tags":";dry_cleaning;"}},{"type":"Feature","geometry":{"type":"Point","coordinates":[-77.33306,38.58437]},"properties":{"id":"node/10778894495","name":"CUPPi Coffee","group":"food","category":"amenity=cafe","cuisine":"coffee_shop","tags":";coffee_shop;cafe;"}},{"type":"Feature","geometry":{"type":"Point","coordinates":[-77.33309,38.58442]},"properties":{"id":"node/10778894496","name":"Eye See Optique","group":"personal_care","category":"shop=optician","tags":";optician;"}},{"type":"Feature","geometry":{"type":"Point","coordinates":[-77.35979,38.67865]},"properties":{"id":"node/10782783194","name":"Chunky Cup","group":"food","category":"amenity=cafe","cuisine":"bubble_tea","hours":"Mo-Su 10:00-21:00","housenumber":"12723","street":"Apollo Drive","city":"Woodbridge","postcode":"22193","tags":";bubble_tea;cafe;"}},{"type":"Feature","geometry":{"type":"Point","coordinates":[-77.31363,38.68536]},"properties":{"id":"node/10785446912","name":"One Hanson Pharmacy","group":"groceries","category":"shop=chemist","tags":";chemist;"}},{"type":"Feature","geometry":{"type":"Point","coordinates":[-77.31102,38.68527]},"properties":{"id":"node/10785446918","name":"Care 4 Cars, Inc.","group":"services","category":"shop=car_repair","tags":";car_repair;"}},{"type":"Feature","geometry":{"type":"Point","coordinates":[-77.33469,38.66714]},"properties":{"id":"node/10792254441","name":"PoopScoop Troopers","group":"services","category":"craft=cleaning","phone":"+1-888-997-2667","website":"https://poopscooptroopers.com/","housenumber":"13164","street":"Centerpointe Way","city":"Woodbridge","postcode":"22193","tags":";cleaning;"}},{"type":"Feature","geometry":{"type":"Point","coordinates":[-77.3466,38.05008]},"properties":{"id":"node/10800615602","name":"Main Street Massage","group":"personal_care","category":"shop=massage","housenumber":"103","street":"Chase Street","city":"Bowling Green","postcode":"22427","tags":";massage;"}},{"type":"Feature","geometry":{"type":"Point","coordinates":[-77.34801,38.05125]},"properties":{"id":"node/10800799505","name":"Song's Classic Cuts","group":"personal_care","category":"shop=hairdresser","housenumber":"204","street":"North Main Street","city":"Bowling Green","postcode":"22427","tags":";hairdresser;"}},{"type":"Feature","geometry":{"type":"Point","coordinates":[-77.99587,38.47341]},"properties":{"id":"node/10809093137","name":"Pepperberries","group":"shopping","category":"shop=clothes","tags":";clothes;"}},{"type":"Feature","geometry":{"type":"Point","coordinates":[-77.99577,38.47355]},"properties":{"id":"node/10809093138","name":"Oma's Creative Corner","group":"shopping","category":"shop=craft","tags":";craft;"}},{"type":"Feature","geometry":{"type":"Point","coordinates":[-77.99535,38.47326]},"properties":{"id":"node/10809093158","name":"Blue Ridge Title & Settlement","group":"services","category":"shop=money_lender","tags":";money_lender;"}},{"type":"Feature","geometry":{"type":"Point","coordinates":[-77.99493,38.47316]},"properties":{"id":"node/10809093178","name":"Scoop On Davis","group":"food","category":"amenity=ice_cream","tags":";ice_cream;"}},{"type":"Feature","geometry":{"type":"Point","coordinates":[-77.99485,38.47314]},"properties":{"id":"node/10809093179","name":"Vinosity","group":"groceries","category":"shop=wine","tags":";wine;"}},{"type":"Feature","geometry":{"type":"Point","coordinates":[-77.99431,38.47301]},"properties":{"id":"node/10809093196","name":"Bonnie Turner Photography","group":"services","category":"craft=photographer","tags":";photographer;"}},{"type":"Feature","geometry":{"type":"Point","coordinates":[-77.99424,38.47299]},"properties":{"id":"node/10809093197","name":"Legacy Barber Shop","group":"personal_care","category":"shop=hairdresser","tags":";hairdresser;barber;"}},{"type":"Feature","geometry":{"type":"Point","coordinates":[-77.994,38.47293]},"properties":{"id":"node/10809093206","name":"The Salted Lemon Boutique","group":"shopping","category":"shop=clothes","tags":";clothes;"}},{"type":"Feature","geometry":{"type":"Point","coordinates":[-77.9938,38.47289]},"properties":{"id":"node/10809093209","name":"Skin + Touch Therapy Spa","group":"personal_care","category":"shop=beauty","tags":";beauty;spa;"}},{"type":"Feature","geometry":{"type":"Point","coordinates":[-77.99414,38.47275]},"properties":{"id":"node/10809093224","name":"Natraj Indian Cuisine","group":"food","category":"amenity=restaurant","cuisine":"indian","tags":";indian;restaurant;"}},{"type":"Feature","geometry":{"type":"Point","coordinates":[-77.99395,38.4727]},"properties":{"id":"node/10809093225","name":"TechBox","group":"services","category":"craft=electronics_repair","tags":";electronics_repair;"}},{"type":"Feature","geometry":{"type":"Point","coordinates":[-77.99426,38.47277]},"properties":{"id":"node/10809093227","name":"Skintology","group":"personal_care","category":"shop=beauty","tags":";beauty;"}},{"type":"Feature","geometry":{"type":"Point","coordinates":[-77.99482,38.4729]},"properties":{"id":"node/10809093236","name":"Grass Rootes","group":"food","category":"amenity=restaurant","cuisine":"american","website":"https://www.grassrootescu.com/","tags":";american;restaurant;"}},{"type":"Feature","geometry":{"type":"Point","coordinates":[-77.99491,38.47292]},"properties":{"id":"node/10809093241","name":"Pinto Thai","group":"food","category":"amenity=restaurant","cuisine":"thai","tags":";thai;restaurant;"}},{"type":"Feature","geometry":{"type":"Point","coordinates":[-77.99506,38.47295]},"properties":{"id":"node/10809093248","name":"Miss Minerva's Tea Room & Gifts","group":"shopping","category":"shop=gift","tags":";gift;"}},{"type":"Feature","geometry":{"type":"Point","coordinates":[-77.99511,38.47297]},"properties":{"id":"node/10809093249","name":"Digital at Heart","group":"services","category":"craft=electronics_repair","tags":";electronics_repair;"}},{"type":"Feature","geometry":{"type":"Point","coordinates":[-77.99554,38.47307]},"properties":{"id":"node/10809093266","name":"Wanderlust Gifts","group":"shopping","category":"shop=gift","tags":";gift;"}},{"type":"Feature","geometry":{"type":"Point","coordinates":[-77.99546,38.47305]},"properties":{"id":"node/10809093267","name":"The Frenchman's Corner","group":"food","category":"shop=chocolate","tags":";chocolate;"}},{"type":"Feature","geometry":{"type":"Point","coordinates":[-77.99563,38.47309]},"properties":{"id":"node/10809093275","name":"The Cameleer","group":"shopping","category":"shop=gift","tags":";gift;"}},{"type":"Feature","geometry":{"type":"Point","coordinates":[-77.99575,38.47312]},"properties":{"id":"node/10809093276","name":"iNes","group":"shopping","category":"shop=jewelry","tags":";jewelry;"}},{"type":"Feature","geometry":{"type":"Point","coordinates":[-77.99611,38.47378]},"properties":{"id":"node/10809175074","name":"Rapidan Title Agency","group":"services","category":"shop=money_lender","tags":";money_lender;"}},{"type":"Feature","geometry":{"type":"Point","coordinates":[-77.99619,38.47355]},"properties":{"id":"node/10809175090","name":"N Style Fashion Gallery","group":"shopping","category":"shop=clothes","tags":";clothes;"}},{"type":"Feature","geometry":{"type":"Point","coordinates":[-77.99617,38.47279]},"properties":{"id":"node/10809188885","name":"Flavor on Main","group":"food","category":"amenity=restaurant","cuisine":"american","website":"http://flavoronmain.com/","tags":";american;restaurant;"}},{"type":"Feature","geometry":{"type":"Point","coordinates":[-77.99565,38.47422]},"properties":{"id":"node/10809188989","name":"Quail-at-the-Wood Antiques","group":"shopping","category":"shop=antiques","tags":";antiques;"}},{"type":"Feature","geometry":{"type":"Point","coordinates":[-77.99568,38.47415]},"properties":{"id":"node/10809188990","name":"Lily Rose & Company","group":"shopping","category":"shop=gift","tags":";gift;"}},{"type":"Feature","geometry":{"type":"Point","coordinates":[-77.43068,38.3099]},"properties":{"id":"node/10844862892","name":"GFR LLC","group":"shopping","category":"shop=weapons","tags":";weapons;"}},{"type":"Feature","geometry":{"type":"Point","coordinates":[-77.42931,38.30922]},"properties":{"id":"node/10844882451","name":"OHA Ouellette Heating & Air Conditioning","group":"services","category":"craft=hvac","tags":";hvac;"}},{"type":"Feature","geometry":{"type":"Point","coordinates":[-78.28313,38.49318]},"properties":{"id":"node/10915087194","name":"Blue Quartz Winery","group":"food","category":"craft=winery","tags":";winery;"}},{"type":"Feature","geometry":{"type":"Point","coordinates":[-78.28323,38.49269]},"properties":{"id":"node/10915193516","name":"Shotwell Run Brewing Company","group":"food","category":"craft=brewery","tags":";brewery;"}},{"type":"Feature","geometry":{"type":"Point","coordinates":[-77.49057,38.30803]},"properties":{"id":"node/10920237264","name":"Basilico New York Deli","group":"food","category":"amenity=restaurant","cuisine":"deli","phone":"+1-540-370-0355","website":"https://basilicodeli.com","housenumber":"2577","street":"Cowan Boulevard","city":"Fredericksburg","postcode":"22401","tags":";deli;restaurant;sandwich;"}},{"type":"Feature","geometry":{"type":"Point","coordinates":[-77.29686,38.64836]},"properties":{"id":"node/10922708321","name":"Shubh Beauty","group":"personal_care","category":"shop=beauty","tags":";beauty;"}},{"type":"Feature","geometry":{"type":"Point","coordinates":[-77.29684,38.64845]},"properties":{"id":"node/10922708323","name":"Walmart Money Center","group":"services","category":"shop=money_lender","tags":";money_lender;"}},{"type":"Feature","geometry":{"type":"Point","coordinates":[-77.59236,38.20497]},"properties":{"id":"node/10931909039","name":"Cider Lab","group":"food","category":"amenity=bar","housenumber":"7501","street":"Graham Street","city":"Spotsylvania Courthouse","postcode":"22553","tags":";bar;"}},{"type":"Feature","geometry":{"type":"Point","coordinates":[-77.31656,38.57429]},"properties":{"id":"node/10942891790","name":"L&M Body Shop","group":"services","category":"shop=car_repair","tags":";car_repair;"}},{"type":"Feature","geometry":{"type":"Point","coordinates":[-77.31472,38.5726]},"properties":{"id":"node/10942891791","name":"Gomez Automotive","group":"shopping","category":"shop=car","tags":";car;"}},{"type":"Feature","geometry":{"type":"Point","coordinates":[-77.31466,38.57266]},"properties":{"id":"node/10942891792","name":"Dream Auto Group","group":"shopping","category":"shop=car","tags":";car;"}},{"type":"Feature","geometry":{"type":"Point","coordinates":[-77.32548,38.56435]},"properties":{"id":"node/10942910783","name":"FBT Tile & Marble","group":"shopping","category":"shop=tiles","tags":";tiles;"}},{"type":"Feature","geometry":{"type":"Point","coordinates":[-77.32543,38.56441]},"properties":{"id":"node/10942910784","name":"Kitchentech","group":"shopping","category":"shop=appliance","tags":";appliance;"}},{"type":"Feature","geometry":{"type":"Point","coordinates":[-77.32504,38.56476]},"properties":{"id":"node/10942910786","name":"Minuteman Restoration","group":"services","category":"craft=cleaning","tags":";cleaning;"}},{"type":"Feature","geometry":{"type":"Point","coordinates":[-77.42597,38.31097]},"properties":{"id":"node/10951700725","name":"Custom Cabinetry and Design","group":"shopping","category":"shop=furniture","tags":";furniture;"}},{"type":"Feature","geometry":{"type":"Point","coordinates":[-77.42613,38.31096]},"properties":{"id":"node/10951700738","name":"Beauty in the Beast","group":"services","category":"shop=pet_grooming","tags":";pet_grooming;"}},{"type":"Feature","geometry":{"type":"Point","coordinates":[-77.99804,38.46522]},"properties":{"id":"node/10961673549","name":"Antojo Street Tacos","group":"food","category":"amenity=fast_food","cuisine":"mexican","tags":";mexican;fast_food;"}},{"type":"Feature","geometry":{"type":"Point","coordinates":[-77.99861,38.46501]},"properties":{"id":"node/10961673633","name":"Andon Florals & Gifts","group":"shopping","category":"shop=florist","tags":";florist;"}},{"type":"Feature","geometry":{"type":"Point","coordinates":[-77.99852,38.46498]},"properties":{"id":"node/10961673634","name":"A Cut Above","group":"personal_care","category":"shop=hairdresser","tags":";hairdresser;"}},{"type":"Feature","geometry":{"type":"Point","coordinates":[-77.48103,38.28304]},"properties":{"id":"node/10963834312","name":"Visions Barbershop","group":"personal_care","category":"shop=hairdresser","tags":";hairdresser;barber;"}},{"type":"Feature","geometry":{"type":"Point","coordinates":[-77.48143,38.2829]},"properties":{"id":"node/10963834314","name":"C & S Hair Design","group":"personal_care","category":"shop=hairdresser","tags":";hairdresser;"}},{"type":"Feature","geometry":{"type":"Point","coordinates":[-77.36273,38.67799]},"properties":{"id":"node/10964289368","name":"Crimson Coward","group":"food","category":"amenity=restaurant","cuisine":"american","hours":"Mo-Sa 11:00-22:00; Su 11:00-21:00","tags":";american;restaurant;"}},{"type":"Feature","geometry":{"type":"Point","coordinates":[-77.36018,38.67902]},"properties":{"id":"node/10964352675","name":"La Porchetta Kitchen","group":"food","category":"amenity=restaurant","cuisine":"pizza","housenumber":"12753","street":"Apollo Drive","city":"Woodbridge","postcode":"22193","tags":";pizza;restaurant;"}},{"type":"Feature","geometry":{"type":"Point","coordinates":[-77.35971,38.67857]},"properties":{"id":"node/10964352678","name":"Mediterranean Eats & Butchery","group":"food","category":"amenity=restaurant","cuisine":"mediterranean","housenumber":"12715","tags":";mediterranean;restaurant;"}},{"type":"Feature","geometry":{"type":"Point","coordinates":[-77.43756,38.22097]},"properties":{"id":"node/10968102837","name":"The Store","group":"groceries","category":"shop=convenience","tags":";convenience;"}},{"type":"Feature","geometry":{"type":"Point","coordinates":[-77.91286,38.45481]},"properties":{"id":"node/10969803004","name":"Old House Vineyards","group":"food","category":"craft=winery","website":"https://oldhousetoday.com/","housenumber":"18351","street":"Corkys Lane","city":"Culpeper","postcode":"22701","tags":";winery;"}},{"type":"Feature","geometry":{"type":"Point","coordinates":[-78.18704,38.13546]},"properties":{"id":"node/10972011693","name":"Folkling","group":"shopping","category":"shop=clothes","tags":";clothes;"}},{"type":"Feature","geometry":{"type":"Point","coordinates":[-78.18701,38.13541]},"properties":{"id":"node/10972011694","name":"Tr\u00e9sors","group":"shopping","category":"shop=antiques","tags":";antiques;"}},{"type":"Feature","geometry":{"type":"Point","coordinates":[-78.18698,38.13533]},"properties":{"id":"node/10972011695","name":"Posh","group":"shopping","category":"shop=clothes","hours":"Mo-Sa 11:00-17:00","tags":";clothes;"}},{"type":"Feature","geometry":{"type":"Point","coordinates":[-78.18677,38.13549]},"properties":{"id":"node/10972011696","name":"Jackson & Company","group":"groceries","category":"shop=convenience","hours":"Mo-Tu off; We-Sa 09:00-17:00; Su 10:00-16:00","tags":";convenience;"}},{"type":"Feature","geometry":{"type":"Point","coordinates":[-78.18671,38.13476]},"properties":{"id":"node/10972011698","name":"Gillian Valentine","group":"shopping","category":"shop=clothes","tags":";clothes;"}},{"type":"Feature","geometry":{"type":"Point","coordinates":[-78.18668,38.1347]},"properties":{"id":"node/10972011701","name":"The Laurie Holladay Shop","group":"shopping","category":"shop=antiques","tags":";antiques;"}},{"type":"Feature","geometry":{"type":"Point","coordinates":[-78.18647,38.13415]},"properties":{"id":"node/10972011702","name":"Blossman Gas & Appliance","group":"shopping","category":"shop=appliance","tags":";appliance;"}},{"type":"Feature","geometry":{"type":"Point","coordinates":[-77.46416,38.29476]},"properties":{"id":"node/10992709744","name":"Quality Cuts","group":"personal_care","category":"shop=hairdresser","hours":"Mo,Su off; Tu-We 09:30-18:00; Th-Fr 09:30-19:00; Sa 08:00-14:00","housenumber":"813","street":"Lafayette Boulevard","tags":";hairdresser;"}},{"type":"Feature","geometry":{"type":"Point","coordinates":[-77.46411,38.29477]},"properties":{"id":"node/10992709745","name":"Jacky's Braiding Shop","group":"personal_care","category":"shop=hairdresser","housenumber":"811","street":"Lafayette Boulevard","tags":";hairdresser;braiding;"}},{"type":"Feature","geometry":{"type":"Point","coordinates":[-77.50026,38.26461]},"properties":{"id":"node/11007755010","name":"Integrity roll off","group":"services","category":"shop=rental","housenumber":"329B","street":"Wallace Lane","city":"Fredericksburg","postcode":"22408","tags":";rental;"}},{"type":"Feature","geometry":{"type":"Point","coordinates":[-77.49976,38.26457]},"properties":{"id":"node/11007755012","name":"Pressed 4 Ink Custom Screen Printing","group":"shopping","category":"shop=clothes","housenumber":"325","street":"Wallace Lane","city":"Fredericksburg","postcode":"22408","tags":";clothes;"}},{"type":"Feature","geometry":{"type":"Point","coordinates":[-77.49944,38.26447]},"properties":{"id":"node/11007755013","name":"Dave's Machine Shop","group":"services","category":"craft=metal_construction","housenumber":"325A","street":"Wallace Lane","city":"Fredericksburg","postcode":"22408","tags":";metal_construction;"}},{"type":"Feature","geometry":{"type":"Point","coordinates":[-77.49958,38.26442]},"properties":{"id":"node/11007755014","name":"Done Right Motorcycle","group":"services","category":"shop=motorcycle_repair","housenumber":"323C","street":"Wallace Lane","city":"Fredericksburg","postcode":"22408","tags":";motorcycle_repair;"}},{"type":"Feature","geometry":{"type":"Point","coordinates":[-77.3529,38.65523]},"properties":{"id":"node/11009686458","name":"Dominion Services Heating & Air Conditioning Refrigeration LLC","group":"services","category":"craft=hvac","hours":"Mo-Fr 07:00-19:00,Sa 07:00-13:00","phone":"+1 703-926-4400","website":"https://dominionhvac.com","housenumber":"13806","street":"Delaney Road","city":"Woodbridge","postcode":"22193","tags":";hvac;"}},{"type":"Feature","geometry":{"type":"Point","coordinates":[-77.29048,38.62406]},"properties":{"id":"node/11020949229","name":"Essentials","group":"personal_care","category":"shop=beauty","housenumber":"2701","street":"Neabsco Mills Road","city":"Woodbridge","postcode":"22191","tags":";beauty;"}},{"type":"Feature","geometry":{"type":"Point","coordinates":[-77.4985,38.31605]},"properties":{"id":"node/11028547531","name":"Neighborhood Grocery Store","group":"groceries","category":"shop=convenience","tags":";convenience;"}},{"type":"Feature","geometry":{"type":"Point","coordinates":[-77.49856,38.31605]},"properties":{"id":"node/11028547536","name":"Ctuz-N-Restore","group":"personal_care","category":"shop=hairdresser","tags":";hairdresser;"}},{"type":"Feature","geometry":{"type":"Point","coordinates":[-77.49863,38.31605]},"properties":{"id":"node/11028547537","name":"Unisex Beauty Fashion","group":"personal_care","category":"shop=cosmetics","tags":";cosmetics;"}},{"type":"Feature","geometry":{"type":"Point","coordinates":[-77.49869,38.31604]},"properties":{"id":"node/11028547538","name":"Souls Grill","group":"food","category":"amenity=restaurant","cuisine":"american","tags":";american;restaurant;"}},{"type":"Feature","geometry":{"type":"Point","coordinates":[-77.80705,38.30637]},"properties":{"id":"node/11044595840","name":"Maddybugs Gifts","group":"shopping","category":"shop=gift","tags":";gift;"}},{"type":"Feature","geometry":{"type":"Point","coordinates":[-77.80676,38.30644]},"properties":{"id":"node/11044595841","name":"Oasis Pools","group":"shopping","category":"shop=swimming_pool","tags":";swimming_pool;"}},{"type":"Feature","geometry":{"type":"Point","coordinates":[-78.37538,38.22521]},"properties":{"id":"node/11070398805","name":"Blue Ridge Cafe & Catering","group":"food","category":"amenity=restaurant","cuisine":"american","hours":"11:00-21:00; Th-Sa 11:00-22:00","website":"https://blueridgecafe.com/","tags":";american;restaurant;"}},{"type":"Feature","geometry":{"type":"Point","coordinates":[-78.36799,38.23797]},"properties":{"id":"node/11070403505","name":"The Wolf's Fixins Barbecue","group":"food","category":"amenity=restaurant","cuisine":"barbecue","website":"https://www.thewolfsfixins.com/","housenumber":"344","street":"Stoneridge Drive North","tags":";barbecue;restaurant;"}},{"type":"Feature","geometry":{"type":"Point","coordinates":[-78.38115,38.21422]},"properties":{"id":"node/11070405105","name":"Hensley's Family Auto Service","group":"services","category":"shop=car_repair","hours":"Mo-Fr 08:00-17:30","website":"https://www.ruckersvilleautorepair.com/","tags":";car_repair;"}},{"type":"Feature","geometry":{"type":"Point","coordinates":[-78.37454,38.22442]},"properties":{"id":"node/11070405106","name":"Dutch Pantry","group":"groceries","category":"shop=grocery","hours":"Mo-Fr 07:00-18:00; Sa 07:00-16:30","website":"https://www.dutchpantry.net/","tags":";grocery;"}},{"type":"Feature","geometry":{"type":"Point","coordinates":[-78.38784,38.20872]},"properties":{"id":"node/11070411405","name":"Two Brothers Southwestern Grill","group":"food","category":"amenity=restaurant","cuisine":"tex-mex","hours":"Mo-Sa 11:00-21:00","housenumber":"124","street":"Cedar Grove Road","city":"Ruckersville","tags":";tex-mex;restaurant;"}},{"type":"Feature","geometry":{"type":"Point","coordinates":[-78.43987,38.29729]},"properties":{"id":"node/11070416506","name":"Maybelle's on Main","group":"food","category":"amenity=cafe","hours":"Mo-Fr 07:00-16:00; Sa 08:00-14:00","tags":";cafe;"}},{"type":"Feature","geometry":{"type":"Point","coordinates":[-78.39035,38.20056]},"properties":{"id":"node/11071305705","name":"Fabio's NY Pizza - Ruckersville","group":"food","category":"amenity=restaurant","cuisine":"pizza","hours":"We,Th 11:00-20:00; Fr,Sa 11:00-21:00; Su 12:00-20:00","housenumber":"6420","street":"Seminole Park Plaza","city":"Barboursville","tags":";pizza;restaurant;"}},{"type":"Feature","geometry":{"type":"Point","coordinates":[-77.91332,38.2698]},"properties":{"id":"node/11091726377","name":"Unionville Florist","group":"shopping","category":"shop=florist","tags":";florist;"}},{"type":"Feature","geometry":{"type":"Point","coordinates":[-77.91316,38.26964]},"properties":{"id":"node/11091726378","name":"Orange County Garage","group":"services","category":"shop=car_repair","tags":";car_repair;"}},{"type":"Feature","geometry":{"type":"Point","coordinates":[-77.40324,38.46791]},"properties":{"id":"node/11092007075","name":"Tranquil Massage","group":"personal_care","category":"shop=massage","tags":";massage;"}},{"type":"Feature","geometry":{"type":"Point","coordinates":[-77.31844,38.57736]},"properties":{"id":"node/11092204485","name":"Dominion Tire Co.","group":"services","category":"shop=tyres","tags":";tyres;"}},{"type":"Feature","geometry":{"type":"Point","coordinates":[-77.31626,38.57571]},"properties":{"id":"node/11092204487","name":"Stellar Nails","group":"personal_care","category":"shop=beauty","tags":";beauty;nails;"}},{"type":"Feature","geometry":{"type":"Point","coordinates":[-77.43612,38.31155]},"properties":{"id":"node/11120858714","name":"Pro Trucks","group":"services","category":"shop=tyres","tags":";tyres;"}},{"type":"Feature","geometry":{"type":"Point","coordinates":[-77.43601,38.31155]},"properties":{"id":"node/11120858715","name":"All Pro Plumbling LLC.","group":"services","category":"craft=plumber","tags":";plumber;"}},{"type":"Feature","geometry":{"type":"Point","coordinates":[-77.33288,38.58421]},"properties":{"id":"node/11121333815","name":"El Papi Street Tacos","group":"food","category":"amenity=restaurant","cuisine":"mexican","tags":";mexican;restaurant;"}},{"type":"Feature","geometry":{"type":"Point","coordinates":[-78.25611,38.3817]},"properties":{"id":"node/11160582739","name":"Nippin Nicks Barber Shop","group":"personal_care","category":"shop=hairdresser","tags":";hairdresser;barber;"}},{"type":"Feature","geometry":{"type":"Point","coordinates":[-78.25372,38.3807]},"properties":{"id":"node/11160582744","name":"Pig N Steak","group":"food","category":"amenity=restaurant","cuisine":"barbecue","website":"https://www.pigandsteak.com/","housenumber":"313","street":"Washington Street","tags":";barbecue;restaurant;"}},{"type":"Feature","geometry":{"type":"Point","coordinates":[-78.25713,38.38058]},"properties":{"id":"node/11160582745","name":"Madison Drugs","group":"groceries","category":"amenity=pharmacy","tags":";pharmacy;"}},{"type":"Feature","geometry":{"type":"Point","coordinates":[-77.2996,38.66158]},"properties":{"id":"node/11164186004","name":"Prime Pizza & Grill","group":"food","category":"amenity=restaurant","cuisine":"pizza","website":"https://primepizzagrill.com/","housenumber":"2902","street":"Garber Way","tags":";pizza;restaurant;"}},{"type":"Feature","geometry":{"type":"Point","coordinates":[-77.29955,38.6616]},"properties":{"id":"node/11164214605","name":"Tobacco Time","group":"shopping","category":"shop=tobacco","housenumber":"2898","street":"Garber Way","tags":";tobacco;"}},{"type":"Feature","geometry":{"type":"Point","coordinates":[-77.29947,38.66162]},"properties":{"id":"node/11164214606","name":"UniqueSoles","group":"shopping","category":"shop=shoes","housenumber":"2894","street":"Garber Way","tags":";shoes;"}},{"type":"Feature","geometry":{"type":"Point","coordinates":[-77.2994,38.66164]},"properties":{"id":"node/11164214607","name":"Blades Barbers","group":"personal_care","category":"shop=hairdresser","housenumber":"2890","street":"Garber Way","tags":";hairdresser;barber;"}},{"type":"Feature","geometry":{"type":"Point","coordinates":[-77.29933,38.66166]},"properties":{"id":"node/11164214608","name":"Fusion Nails & Day Spa","group":"personal_care","category":"shop=beauty","website":"https://fusionsalondayspa.com/","housenumber":"2886","street":"Garber Way","tags":";beauty;nails;spa;"}},{"type":"Feature","geometry":{"type":"Point","coordinates":[-77.29915,38.66172]},"properties":{"id":"node/11164214609","name":"Classic Massage","group":"personal_care","category":"shop=massage","website":"https://classicmassagepro.com/","housenumber":"2878","street":"Garber Way","tags":";massage;"}},{"type":"Feature","geometry":{"type":"Point","coordinates":[-77.29908,38.66174]},"properties":{"id":"node/11164214610","name":"Justa's Peruvian Bar & Grille","group":"food","category":"amenity=restaurant","cuisine":"peruvian","housenumber":"2874","street":"Garber Way","tags":";peruvian;restaurant;"}},{"type":"Feature","geometry":{"type":"Point","coordinates":[-77.29885,38.6618]},"properties":{"id":"node/11164214619","name":"EverSmith Organics","group":"groceries","category":"shop=nutrition_supplements","website":"https://www.eversmithorganics.com/","housenumber":"2858","street":"Garber Way","tags":";nutrition_supplements;"}},{"type":"Feature","geometry":{"type":"Point","coordinates":[-77.2985,38.66164]},"properties":{"id":"node/11164214621","name":"Sepho's","group":"groceries","category":"shop=supermarket","cuisine":"middle_eastern","tags":";middle_eastern;supermarket;"}},{"type":"Feature","geometry":{"type":"Point","coordinates":[-77.29765,38.66124]},"properties":{"id":"node/11164214624","name":"Holly Acres Marine","group":"shopping","category":"shop=boat","tags":";boat;"}},{"type":"Feature","geometry":{"type":"Point","coordinates":[-77.29777,38.66147]},"properties":{"id":"node/11164214690","name":"Absolute Motors Inc.","group":"shopping","category":"shop=car","tags":";car;"}},{"type":"Feature","geometry":{"type":"Point","coordinates":[-78.11238,38.24458]},"properties":{"id":"node/11165263059","name":"Orange Pharmacy","group":"groceries","category":"amenity=pharmacy","tags":";pharmacy;"}},{"type":"Feature","geometry":{"type":"Point","coordinates":[-78.11163,38.24886]},"properties":{"id":"node/11165263091","name":"Servpro","group":"shopping","category":"shop=hardware","tags":";hardware;"}},{"type":"Feature","geometry":{"type":"Point","coordinates":[-78.11183,38.24916]},"properties":{"id":"node/11165263097","name":"Schewels Furniture Company","group":"shopping","category":"shop=furniture","tags":";furniture;"}},{"type":"Feature","geometry":{"type":"Point","coordinates":[-77.50084,38.25492]},"properties":{"id":"node/11181832461","name":"Morton's Power Equipment","group":"shopping","category":"shop=doityourself","tags":";doityourself;"}},{"type":"Feature","geometry":{"type":"Point","coordinates":[-77.98094,38.48038]},"properties":{"id":"node/11187738227","name":"Payne Pools & Spas","group":"shopping","category":"shop=swimming_pool","tags":";swimming_pool;"}},{"type":"Feature","geometry":{"type":"Point","coordinates":[-77.44681,38.29781]},"properties":{"id":"node/11189256408","name":"Tilly's Homemade Ice Cream","group":"food","category":"amenity=ice_cream","housenumber":"215","street":"Kings Highway","city":"Fredericksburg","postcode":"22405","tags":";ice_cream;outdoor_seating;"}},{"type":"Feature","geometry":{"type":"Point","coordinates":[-77.44681,38.29774]},"properties":{"id":"node/11189256409","name":"Greek House of Pizza","group":"food","category":"amenity=restaurant","cuisine":"pizza","housenumber":"215","street":"Kings Highway","city":"Fredericksburg","postcode":"22405","tags":";pizza;restaurant;greek;"}},{"type":"Feature","geometry":{"type":"Point","coordinates":[-77.44682,38.29766]},"properties":{"id":"node/11189256410","name":"Bad Truck Pottery","group":"services","category":"craft=pottery","housenumber":"215","street":"Kings Highway","city":"Fredericksburg","postcode":"22405","tags":";pottery;"}},{"type":"Feature","geometry":{"type":"Point","coordinates":[-77.44559,38.29892]},"properties":{"id":"node/11189256413","name":"Moon Star Chinese Restaurant","group":"food","category":"amenity=restaurant","cuisine":"chinese","housenumber":"201","street":"Kings Highway","city":"Fredericksburg","postcode":"22405","tags":";chinese;restaurant;"}},{"type":"Feature","geometry":{"type":"Point","coordinates":[-77.44565,38.29883]},"properties":{"id":"node/11189256414","name":"Vinny's Italian Grill & Pizzeria","group":"food","category":"amenity=restaurant","cuisine":"italian;pizza","website":"https://vinnysitaliangrill.com/","housenumber":"201","street":"Kings Highway","city":"Fredericksburg","postcode":"22405","tags":";italian;pizza;restaurant;"}},{"type":"Feature","geometry":{"type":"Point","coordinates":[-77.29202,38.61192]},"properties":{"id":"node/11189372579","name":"The Sportsman Marine Center","group":"shopping","category":"shop=boat","tags":";boat;"}},{"type":"Feature","geometry":{"type":"Point","coordinates":[-77.29211,38.612]},"properties":{"id":"node/11189372580","name":"Off-Leash K9 Training","group":"services","category":"shop=animal_training","tags":";animal_training;"}},{"type":"Feature","geometry":{"type":"Point","coordinates":[-77.29208,38.61181]},"properties":{"id":"node/11189372581","name":"J & M Tile, Granite & Marble","group":"shopping","category":"shop=kitchen","tags":";kitchen;"}},{"type":"Feature","geometry":{"type":"Point","coordinates":[-77.29159,38.61195]},"properties":{"id":"node/11189372582","name":"Steve's Auto & Tire","group":"services","category":"shop=car_repair","tags":";car_repair;tyres;"}},{"type":"Feature","geometry":{"type":"Point","coordinates":[-77.29158,38.61165]},"properties":{"id":"node/11189373039","name":"Vision Car Graphics","group":"services","category":"craft=car_painter","tags":";car_painter;"}},{"type":"Feature","geometry":{"type":"Point","coordinates":[-77.29127,38.61166]},"properties":{"id":"node/11189373040","name":"Vision Collision","group":"services","category":"shop=car_repair","tags":";car_repair;"}},{"type":"Feature","geometry":{"type":"Point","coordinates":[-77.291,38.61193]},"properties":{"id":"node/11189373041","name":"Capital Window Tinting","group":"services","category":"shop=window_tinting","tags":";window_tinting;"}},{"type":"Feature","geometry":{"type":"Point","coordinates":[-77.86833,38.13394]},"properties":{"id":"node/11215529639","name":"Hunters Landing at The Cove","group":"groceries","category":"shop=convenience","tags":";convenience;"}},{"type":"Feature","geometry":{"type":"Point","coordinates":[-77.86851,38.13379]},"properties":{"id":"node/11215529640","name":"The Cove at Lake Anna","group":"food","category":"amenity=restaurant","cuisine":"seafood","website":"https://www.thecovelka.com/","housenumber":"6320","street":"Belmont Road","city":"Mineral","postcode":"23117","tags":";seafood;restaurant;"}},{"type":"Feature","geometry":{"type":"Point","coordinates":[-77.52722,38.29006]},"properties":{"id":"node/11221380520","name":"A & D Hair & Nail Salon","group":"personal_care","category":"shop=beauty","tags":";beauty;nails;"}},{"type":"Feature","geometry":{"type":"Point","coordinates":[-77.52713,38.28968]},"properties":{"id":"node/11221380522","name":"House of Cars","group":"shopping","category":"shop=collector","tags":";collector;"}},{"type":"Feature","geometry":{"type":"Point","coordinates":[-77.52712,38.28964]},"properties":{"id":"node/11221380524","name":"Sunrise Message","group":"personal_care","category":"shop=massage","tags":";massage;"}},{"type":"Feature","geometry":{"type":"Point","coordinates":[-77.78464,38.08984]},"properties":{"id":"node/11244354099","name":"Tackle Shop","group":"shopping","category":"shop=fishing","tags":";fishing;"}},{"type":"Feature","geometry":{"type":"Point","coordinates":[-77.95486,38.47512]},"properties":{"id":"node/11430113310","name":"Shear Secrets","group":"personal_care","category":"shop=hairdresser","tags":";hairdresser;"}},{"type":"Feature","geometry":{"type":"Point","coordinates":[-77.9548,38.47505]},"properties":{"id":"node/11430113311","name":"Double J's","group":"shopping","category":"shop=furniture","tags":";furniture;"}},{"type":"Feature","geometry":{"type":"Point","coordinates":[-77.95469,38.47492]},"properties":{"id":"node/11430113313","name":"Doggy Clipps","group":"services","category":"shop=pet_grooming","tags":";pet_grooming;"}},{"type":"Feature","geometry":{"type":"Point","coordinates":[-77.95581,38.47459]},"properties":{"id":"node/11430113314","name":"Noland","group":"services","category":"craft=hvac","tags":";hvac;"}},{"type":"Feature","geometry":{"type":"Point","coordinates":[-77.95527,38.47461]},"properties":{"id":"node/11430113316","name":"Culpeper Tire & Auto Repair","group":"services","category":"shop=car_repair","tags":";car_repair;tyres;"}},{"type":"Feature","geometry":{"type":"Point","coordinates":[-77.42931,38.42456]},"properties":{"id":"node/11471313028","name":"Cinnaholic","group":"food","category":"shop=pastry","tags":";pastry;"}},{"type":"Feature","geometry":{"type":"Point","coordinates":[-77.33279,38.58514]},"properties":{"id":"node/11474748424","name":"Kosmo Nail Bar","group":"personal_care","category":"shop=beauty","housenumber":"16820","street":"Dumfries Road","city":"Dumfries","postcode":"22025","tags":";beauty;nails;"}},{"type":"Feature","geometry":{"type":"Point","coordinates":[-77.5147,38.01839]},"properties":{"id":"node/11482704742","name":"Tobacco Land","group":"shopping","category":"shop=tobacco","tags":";tobacco;"}},{"type":"Feature","geometry":{"type":"Point","coordinates":[-78.00157,38.47909]},"properties":{"id":"node/11489040188","name":"Shawn's Smokehouse BBQ","group":"food","category":"amenity=restaurant","cuisine":"barbecue","tags":";barbecue;restaurant;"}},{"type":"Feature","geometry":{"type":"Point","coordinates":[-78.39758,38.25054]},"properties":{"id":"node/11496199925","name":"Snow's","group":"shopping","category":"shop=antiques","hours":"Mo,We-Fr 10:00-18:00; Tu off; Sa-Su 10:00-17:00","tags":";antiques;"}},{"type":"Feature","geometry":{"type":"Point","coordinates":[-77.45736,38.29986]},"properties":{"id":"node/11557622855","name":"DermaEnVie","group":"personal_care","category":"shop=beauty","hours":"Mo,Su off; Tu-We 10:00-16:00 \"Appointment Only\"; Th-Fr 10:00-18:00 \"Appointment Only\"; Sa 10:00-15:00 \"Appointment Only\"","phone":"+1 540-479-1648","website":"https://www.dermaenvie.com","housenumber":"600","street":"Caroline Street","tags":";beauty;"}},{"type":"Feature","geometry":{"type":"Point","coordinates":[-77.4574,38.29991]},"properties":{"id":"node/11557622856","name":"Glass City Tobacco","group":"shopping","category":"shop=tobacco","hours":"Mo-Th 10:00-21:00; Fr-Sa 09:00-21:00; Su 10:00-20:00","housenumber":"600","street":"Caroline Street","tags":";tobacco;"}},{"type":"Feature","geometry":{"type":"Point","coordinates":[-77.45745,38.29987]},"properties":{"id":"node/11557622857","name":"Blue Sage Massage Studio","group":"personal_care","category":"shop=massage","hours":"\"Appointment Only\"","phone":"+1 540-693-0656","website":"https://www.bluesagemassagestudio.com/","housenumber":"600","street":"Caroline Street","tags":";massage;"}},{"type":"Feature","geometry":{"type":"Point","coordinates":[-77.45745,38.29998]},"properties":{"id":"node/11557622858","name":"Global Threadz And Thrifts","group":"shopping","category":"shop=second_hand","hours":"Mo-Tu off; We-Su 12:00-18:00","housenumber":"602","street":"Caroline Street","tags":";second_hand;"}},{"type":"Feature","geometry":{"type":"Point","coordinates":[-77.45748,38.30004]},"properties":{"id":"node/11557622859","name":"Fredericksburg bMX","group":"shopping","category":"shop=bicycle","housenumber":"604","street":"Caroline Street","tags":";bicycle;"}},{"type":"Feature","geometry":{"type":"Point","coordinates":[-77.45759,38.30026]},"properties":{"id":"node/11557622860","name":"Retro Relix","group":"shopping","category":"shop=second_hand","housenumber":"610","street":"Caroline Street","tags":";second_hand;"}},{"type":"Feature","geometry":{"type":"Point","coordinates":[-77.45763,38.30029]},"properties":{"id":"node/11557622861","name":"House Of Mambo","group":"shopping","category":"shop=houseware","hours":"Mo-Tu,Su off; We-Th 12:00-17:00; Fr-Sa 12:00-18:00","housenumber":"612","street":"Caroline Street","tags":";houseware;"}},{"type":"Feature","geometry":{"type":"Point","coordinates":[-77.45927,38.30355]},"properties":{"id":"node/11557738342","name":"Hunan Garden","group":"food","category":"amenity=restaurant","cuisine":"chinese;asian","hours":"Mo-Th 11:00-21:00; Fr-Sa 11:00-21:30; Su 12:00-21:00","phone":"+1 540-373-5616","website":"https://www.hunangardenchinese.com/","housenumber":"923","street":"Caroline Street","tags":";chinese;asian;restaurant;takeout;delivery;"}},{"type":"Feature","geometry":{"type":"Point","coordinates":[-77.46236,38.29582]},"properties":{"id":"node/11557972399","name":"Pepe's Auto Repair","group":"services","category":"shop=car_repair","phone":"+1 540-373-9600","housenumber":"627","street":"Lafayette Boulevard","tags":";car_repair;"}},{"type":"Feature","geometry":{"type":"Point","coordinates":[-77.4599,38.29743]},"properties":{"id":"node/11557972401","name":"Permatreat Pest Control","group":"services","category":"shop=pest_control","hours":"Mo-Fr 08:00-17:30; Sa 08:00-12:00; Su off","website":"https://www.permatreat.com","housenumber":"501","street":"Lafayette Boulevard","tags":";pest_control;"}},{"type":"Feature","geometry":{"type":"Point","coordinates":[-77.45932,38.29802]},"properties":{"id":"node/11557972404","name":"Olde Towne Auto Repair","group":"services","category":"shop=car_repair","hours":"Mo-Fr 08:00-17:00","phone":"+1 540-899-2155","housenumber":"411","street":"Lafayette Boulevard","tags":";car_repair;"}},{"type":"Feature","geometry":{"type":"Point","coordinates":[-77.45895,38.30238]},"properties":{"id":"node/11558068345","name":"Maggie's","group":"food","category":"amenity=fast_food","hours":"Mo-Th,Su 11:00-19:00; Fr-Sa 11:00-20:00","housenumber":"820","street":"Caroline Street","tags":";fast_food;outdoor_seating;"}},{"type":"Feature","geometry":{"type":"Point","coordinates":[-77.72885,38.32753]},"properties":{"id":"node/11569958062","name":"Battlefield Firearms","group":"shopping","category":"shop=weapons","tags":";weapons;"}},{"type":"Feature","geometry":{"type":"Point","coordinates":[-77.72879,38.32748]},"properties":{"id":"node/11569958063","name":"Divine Nails","group":"personal_care","category":"shop=beauty","tags":";beauty;nails;"}},{"type":"Feature","geometry":{"type":"Point","coordinates":[-77.99575,38.47336]},"properties":{"id":"node/11575201036","name":"Sweet Roux","group":"food","category":"amenity=restaurant","cuisine":"american","website":"https://sweetrouxofculpeper.com/","tags":";american;restaurant;"}},{"type":"Feature","geometry":{"type":"Point","coordinates":[-77.99567,38.47334]},"properties":{"id":"node/11575201037","name":"Taste","group":"groceries","category":"shop=spices","tags":";spices;"}},{"type":"Feature","geometry":{"type":"Point","coordinates":[-77.99559,38.47332]},"properties":{"id":"node/11575201038","name":"It's About Thyme","group":"food","category":"amenity=restaurant","cuisine":"european","phone":"+1 540-825-4264","website":"https://www.thymeinfo.com/","housenumber":"128","street":"East Davis Street","city":"Culpeper","postcode":"22701","tags":";european;restaurant;"}},{"type":"Feature","geometry":{"type":"Point","coordinates":[-77.99548,38.47329]},"properties":{"id":"node/11575201039","name":"Graze to Griddle","group":"food","category":"amenity=restaurant","cuisine":"burger","tags":";burger;restaurant;"}},{"type":"Feature","geometry":{"type":"Point","coordinates":[-77.99522,38.47323]},"properties":{"id":"node/11575201040","name":"Knakal's Bakery","group":"food","category":"shop=bakery","tags":";bakery;"}},{"type":"Feature","geometry":{"type":"Point","coordinates":[-77.99508,38.4732]},"properties":{"id":"node/11575201041","name":"Jimni","group":"shopping","category":"shop=interior_decoration","tags":";interior_decoration;"}},{"type":"Feature","geometry":{"type":"Point","coordinates":[-77.995,38.47318]},"properties":{"id":"node/11575201042","name":"Seriously Sweet","group":"food","category":"shop=bakery","tags":";bakery;"}},{"type":"Feature","geometry":{"type":"Point","coordinates":[-77.99518,38.47298]},"properties":{"id":"node/11575201043","name":"Le Monkey House","group":"shopping","category":"shop=gift","tags":";gift;"}},{"type":"Feature","geometry":{"type":"Point","coordinates":[-77.99524,38.473]},"properties":{"id":"node/11575201044","name":"Designer's Choice","group":"shopping","category":"shop=interior_decoration","tags":";interior_decoration;"}},{"type":"Feature","geometry":{"type":"Point","coordinates":[-77.9953,38.47301]},"properties":{"id":"node/11575201045","name":"Wear It Again, Kid","group":"shopping","category":"shop=clothes","tags":";clothes;"}},{"type":"Feature","geometry":{"type":"Point","coordinates":[-77.99538,38.47303]},"properties":{"id":"node/11575201046","name":"Green Roost","group":"shopping","category":"shop=gift","tags":";gift;"}},{"type":"Feature","geometry":{"type":"Point","coordinates":[-77.99584,38.47314]},"properties":{"id":"node/11575201047","name":"Reigning Cats & Dogs","group":"shopping","category":"shop=pet","tags":";pet;"}},{"type":"Feature","geometry":{"type":"Point","coordinates":[-77.99593,38.47316]},"properties":{"id":"node/11575201048","name":"Homeconomics","group":"shopping","category":"shop=houseware","tags":";houseware;"}},{"type":"Feature","geometry":{"type":"Point","coordinates":[-77.99601,38.47318]},"properties":{"id":"node/11575201049","name":"Frost Cafe","group":"food","category":"amenity=cafe","tags":";cafe;"}},{"type":"Feature","geometry":{"type":"Point","coordinates":[-77.99433,38.47279]},"properties":{"id":"node/11575201053","name":"Raven's Nest Coffee House","group":"food","category":"amenity=cafe","cuisine":"coffee_shop","tags":";coffee_shop;cafe;"}},{"type":"Feature","geometry":{"type":"Point","coordinates":[-77.99608,38.47384]},"properties":{"id":"node/11575207377","name":"Knit Wit","group":"shopping","category":"shop=sewing","tags":";sewing;"}},{"type":"Feature","geometry":{"type":"Point","coordinates":[-77.99613,38.47372]},"properties":{"id":"node/11575207379","name":"Bailey's Cookie Bar","group":"food","category":"shop=pastry","tags":";pastry;"}},{"type":"Feature","geometry":{"type":"Point","coordinates":[-77.99528,38.47233]},"properties":{"id":"node/11575255074","name":"Uncle Elder's Family Restaurant BBQ","group":"food","category":"amenity=restaurant","cuisine":"barbecue","website":"https://uncleeldersbbq.com/","housenumber":"129","street":"East Culpeper Street","city":"Culpeper","postcode":"22701","tags":";barbecue;restaurant;"}},{"type":"Feature","geometry":{"type":"Point","coordinates":[-77.9959,38.47247]},"properties":{"id":"node/11575255123","name":"Dolls & Flaws","group":"personal_care","category":"shop=hairdresser","tags":";hairdresser;"}},{"type":"Feature","geometry":{"type":"Point","coordinates":[-77.99584,38.47246]},"properties":{"id":"node/11575255124","name":"Vogue Hair Salon & Barber Shop","group":"personal_care","category":"shop=hairdresser","tags":";hairdresser;barber;"}},{"type":"Feature","geometry":{"type":"Point","coordinates":[-77.5362,38.50835]},"properties":{"id":"node/11592437548","name":"Sam's Pizza & Subs","group":"food","category":"amenity=restaurant","cuisine":"italian","tags":";italian;restaurant;pizza;sandwich;"}},{"type":"Feature","geometry":{"type":"Point","coordinates":[-77.53626,38.50828]},"properties":{"id":"node/11592437549","name":"Sam's Food Mart","group":"groceries","category":"shop=convenience","tags":";convenience;"}},{"type":"Feature","geometry":{"type":"Point","coordinates":[-77.53611,38.5086]},"properties":{"id":"node/11592437593","name":"Mr. B's Small Engine Repair","group":"services","category":"craft=agricultural_engines","tags":";agricultural_engines;"}},{"type":"Feature","geometry":{"type":"Point","coordinates":[-77.99625,38.47417]},"properties":{"id":"node/11593154053","name":"Triple Image","group":"services","category":"shop=copyshop","tags":";copyshop;"}},{"type":"Feature","geometry":{"type":"Point","coordinates":[-77.99597,38.47413]},"properties":{"id":"node/11593154059","name":"Culpeper Music","group":"shopping","category":"shop=musical_instrument","tags":";musical_instrument;"}},{"type":"Feature","geometry":{"type":"Point","coordinates":[-77.99595,38.47417]},"properties":{"id":"node/11593154062","name":"Taqueria La Chiapaneca","group":"food","category":"amenity=restaurant","cuisine":"mexican;Salvadoran","hours":"Mo,Tu,Th,Fr,Sa 11:00-20:00","phone":"+1-540-812-4397","website":"https://www.chiapanecafood.com","housenumber":"204","street":"North Main Street","city":"Culpeper","postcode":"22701-2620","tags":";mexican;salvadoran;restaurant;"}},{"type":"Feature","geometry":{"type":"Point","coordinates":[-77.99594,38.47421]},"properties":{"id":"node/11593154066","name":"Successful Hands Barber Shop","group":"personal_care","category":"shop=hairdresser","tags":";hairdresser;barber;"}},{"type":"Feature","geometry":{"type":"Point","coordinates":[-77.99668,38.47334]},"properties":{"id":"node/11595463579","name":"Dachi","group":"personal_care","category":"shop=hairdresser","tags":";hairdresser;"}},{"type":"Feature","geometry":{"type":"Point","coordinates":[-77.99002,38.47909]},"properties":{"id":"node/11595829683","name":"Cloverleaf Nook","group":"shopping","category":"shop=gift","tags":";gift;"}},{"type":"Feature","geometry":{"type":"Point","coordinates":[-77.99397,38.4782]},"properties":{"id":"node/11599292892","name":"Payne's Laundromat","group":"services","category":"shop=laundry","tags":";laundry;"}},{"type":"Feature","geometry":{"type":"Point","coordinates":[-77.99405,38.47799]},"properties":{"id":"node/11599292893","name":"Payne's Checks Cashed","group":"services","category":"shop=money_lender","tags":";money_lender;"}},{"type":"Feature","geometry":{"type":"Point","coordinates":[-77.99538,38.47485]},"properties":{"id":"node/11599304928","name":"Mini Market Ebenezer","group":"groceries","category":"shop=convenience","tags":";convenience;"}},{"type":"Feature","geometry":{"type":"Point","coordinates":[-77.99539,38.47482]},"properties":{"id":"node/11599304929","name":"Roxana Hair Salon","group":"personal_care","category":"shop=hairdresser","tags":";hairdresser;"}},{"type":"Feature","geometry":{"type":"Point","coordinates":[-77.99681,38.47194]},"properties":{"id":"node/11608815302","name":"The 4 C's","group":"food","category":"amenity=restaurant","cuisine":"peruvian","tags":";peruvian;restaurant;"}},{"type":"Feature","geometry":{"type":"Point","coordinates":[-77.99685,38.47198]},"properties":{"id":"node/11608815303","name":"Celiox Cellphone Repairs","group":"services","category":"craft=electronics_repair","tags":";electronics_repair;"}},{"type":"Feature","geometry":{"type":"Point","coordinates":[-77.99686,38.47194]},"properties":{"id":"node/11608815304","name":"Lupita's Unisex Salon","group":"personal_care","category":"shop=hairdresser","tags":";hairdresser;"}},{"type":"Feature","geometry":{"type":"Point","coordinates":[-77.99686,38.47181]},"properties":{"id":"node/11608815309","name":"Culpeper Cheese Company","group":"groceries","category":"shop=cheese","tags":";cheese;"}},{"type":"Feature","geometry":{"type":"Point","coordinates":[-77.99652,38.47153]},"properties":{"id":"node/11608815343","name":"The Sangria Bowl","group":"food","category":"amenity=restaurant","cuisine":"latin_american","website":"https://www.thesangriabowl.com/","housenumber":"305","street":"South Main Street","city":"Culpeper","tags":";latin_american;restaurant;"}},{"type":"Feature","geometry":{"type":"Point","coordinates":[-77.99665,38.47147]},"properties":{"id":"node/11608815349","name":"Grill 309","group":"food","category":"amenity=restaurant","cuisine":"burger","website":"https://www.grill309.com/","housenumber":"309","street":"South Main Street","city":"Culpeper","postcode":"22701","tags":";burger;restaurant;"}},{"type":"Feature","geometry":{"type":"Point","coordinates":[-77.99507,38.47676]},"properties":{"id":"node/11617133803","name":"C & A My Auto Sales","group":"shopping","category":"shop=car","tags":";car;"}},{"type":"Feature","geometry":{"type":"Point","coordinates":[-77.99531,38.47676]},"properties":{"id":"node/11617133804","name":"Town Tires","group":"services","category":"shop=tyres","tags":";tyres;"}},{"type":"Feature","geometry":{"type":"Point","coordinates":[-77.9955,38.47563]},"properties":{"id":"node/11661938115","name":"iRepair & Graphics","group":"services","category":"shop=copyshop","tags":";copyshop;"}},{"type":"Feature","geometry":{"type":"Point","coordinates":[-77.99487,38.47184]},"properties":{"id":"node/11662091679","name":"Chameleon","group":"personal_care","category":"shop=hairdresser","tags":";hairdresser;"}},{"type":"Feature","geometry":{"type":"Point","coordinates":[-77.9949,38.47176]},"properties":{"id":"node/11662091680","name":"Calhoun's Ham House & Country Deli","group":"food","category":"shop=deli","tags":";deli;sandwich;"}},{"type":"Feature","geometry":{"type":"Point","coordinates":[-77.99492,38.4717]},"properties":{"id":"node/11662091681","name":"El Rinc\u00f3n Hispano","group":"groceries","category":"shop=convenience","tags":";convenience;"}},{"type":"Feature","geometry":{"type":"Point","coordinates":[-77.99485,38.47196]},"properties":{"id":"node/11662091688","name":"Collector's Den","group":"shopping","category":"shop=collector","tags":";collector;"}},{"type":"Feature","geometry":{"type":"Point","coordinates":[-77.99457,38.47213]},"properties":{"id":"node/11662091694","name":"La Lomita","group":"groceries","category":"shop=supermarket","tags":";supermarket;"}},{"type":"Feature","geometry":{"type":"Point","coordinates":[-77.99404,38.472]},"properties":{"id":"node/11662091710","name":"Mane Street Hair Salon","group":"personal_care","category":"shop=hairdresser","tags":";hairdresser;"}},{"type":"Feature","geometry":{"type":"Point","coordinates":[-77.99393,38.47198]},"properties":{"id":"node/11662091711","name":"Beer Hound Brewery","group":"food","category":"amenity=pub","tags":";pub;brewery;"}},{"type":"Feature","geometry":{"type":"Point","coordinates":[-77.99417,38.47175]},"properties":{"id":"node/11662091720","name":"Minutemen Market","group":"groceries","category":"shop=convenience","tags":";convenience;"}},{"type":"Feature","geometry":{"type":"Point","coordinates":[-77.99427,38.47147]},"properties":{"id":"node/11662091725","name":"VeloConcepts","group":"shopping","category":"shop=bicycle","tags":";bicycle;"}},{"type":"Feature","geometry":{"type":"Point","coordinates":[-77.99429,38.47141]},"properties":{"id":"node/11662091727","name":"18 Grams Coffee Lab","group":"food","category":"amenity=cafe","cuisine":"coffee_shop","tags":";coffee_shop;cafe;"}},{"type":"Feature","geometry":{"type":"Point","coordinates":[-78.00172,38.47916]},"properties":{"id":"node/11663962469","name":"Scarlett & Sage Salon","group":"personal_care","category":"shop=hairdresser","tags":";hairdresser;"}},{"type":"Feature","geometry":{"type":"Point","coordinates":[-78.00181,38.47919]},"properties":{"id":"node/11663962470","name":"Lily's Furniture & Mattress","group":"shopping","category":"shop=furniture","tags":";furniture;"}},{"type":"Feature","geometry":{"type":"Point","coordinates":[-78.00189,38.47922]},"properties":{"id":"node/11663962471","name":"Mama Mais Pizza","group":"food","category":"amenity=restaurant","cuisine":"pizza","tags":";pizza;restaurant;"}},{"type":"Feature","geometry":{"type":"Point","coordinates":[-78.00196,38.47925]},"properties":{"id":"node/11663962473","name":"Albana's Taverna","group":"food","category":"amenity=restaurant","cuisine":"greek","tags":";greek;restaurant;"}},{"type":"Feature","geometry":{"type":"Point","coordinates":[-77.99464,38.47249]},"properties":{"id":"node/11665947902","name":"Fearless","group":"personal_care","category":"shop=beauty","tags":";beauty;"}},{"type":"Feature","geometry":{"type":"Point","coordinates":[-77.99466,38.47243]},"properties":{"id":"node/11665947903","name":"Rob Paul's Studio","group":"personal_care","category":"shop=beauty","tags":";beauty;"}},{"type":"Feature","geometry":{"type":"Point","coordinates":[-77.99468,38.47238]},"properties":{"id":"node/11665947904","name":"Tropi-Canna","group":"shopping","category":"shop=pet","tags":";pet;"}},{"type":"Feature","geometry":{"type":"Point","coordinates":[-77.99303,38.4729]},"properties":{"id":"node/11666030125","name":"Culpeper Machine & Supply Co.","group":"shopping","category":"shop=trade","tags":";trade;"}},{"type":"Feature","geometry":{"type":"Point","coordinates":[-77.99675,38.47107]},"properties":{"id":"node/11669498544","name":"Burnt Ends BBQ","group":"food","category":"amenity=restaurant","cuisine":"barbecue","website":"https://www.burntendsbbqllc.com/","tags":";barbecue;restaurant;"}},{"type":"Feature","geometry":{"type":"Point","coordinates":[-77.9952,38.47152]},"properties":{"id":"node/11669513895","name":"La Princesa Formal Wear & Events","group":"shopping","category":"shop=clothes","tags":";clothes;"}},{"type":"Feature","geometry":{"type":"Point","coordinates":[-77.99703,38.47133]},"properties":{"id":"node/11673303556","name":"Botanical Dwellings","group":"shopping","category":"shop=gift","tags":";gift;"}},{"type":"Feature","geometry":{"type":"Point","coordinates":[-77.99653,38.47087]},"properties":{"id":"node/11673332740","name":"Yesy's Salon","group":"personal_care","category":"shop=hairdresser","tags":";hairdresser;"}},{"type":"Feature","geometry":{"type":"Point","coordinates":[-77.9965,38.47079]},"properties":{"id":"node/11673332741","name":"Creative Hands Hair Salon","group":"personal_care","category":"shop=hairdresser","tags":";hairdresser;"}},{"type":"Feature","geometry":{"type":"Point","coordinates":[-77.99655,38.47017]},"properties":{"id":"node/11673332747","name":"Kash Imprints","group":"services","category":"shop=copyshop","tags":";copyshop;"}},{"type":"Feature","geometry":{"type":"Point","coordinates":[-77.99763,38.4697]},"properties":{"id":"node/11674156537","name":"Illusions by Teresa","group":"personal_care","category":"shop=hairdresser","tags":";hairdresser;"}},{"type":"Feature","geometry":{"type":"Point","coordinates":[-77.33312,38.58449]},"properties":{"id":"node/11731538772","name":"Artisana Pizza","group":"food","category":"amenity=restaurant","cuisine":"pizza","tags":";pizza;restaurant;"}},{"type":"Feature","geometry":{"type":"Point","coordinates":[-78.28287,38.17353]},"properties":{"id":"node/11781444853","name":"Virginia Foothills Distillery & Company","group":"food","category":"craft=distillery","hours":"We-Su 11:00-19:00","housenumber":"5361","street":"Spotswood Trail","city":"Barboursville","postcode":"22923","tags":";distillery;"}},{"type":"Feature","geometry":{"type":"Point","coordinates":[-77.58708,38.19951]},"properties":{"id":"node/11823063270","name":"Janee Marie Hair Studio","group":"personal_care","category":"shop=hairdresser","tags":";hairdresser;"}},{"type":"Feature","geometry":{"type":"Point","coordinates":[-77.58703,38.19947]},"properties":{"id":"node/11823063271","name":"KJ's Smoke Shop","group":"shopping","category":"shop=tobacco","tags":";tobacco;"}},{"type":"Feature","geometry":{"type":"Point","coordinates":[-77.58699,38.19943]},"properties":{"id":"node/11823063272","name":"The Gentlemen's Club Barber Shop","group":"personal_care","category":"shop=hairdresser","tags":";hairdresser;barber;"}},{"type":"Feature","geometry":{"type":"Point","coordinates":[-77.4263,38.30948]},"properties":{"id":"node/11823175058","name":"Wild Waylon's BBQ","group":"food","category":"amenity=restaurant","cuisine":"barbecue","tags":";barbecue;restaurant;"}},{"type":"Feature","geometry":{"type":"Point","coordinates":[-77.42652,38.3094]},"properties":{"id":"node/11823175059","name":"Top Chef","group":"food","category":"amenity=restaurant","cuisine":"chinese","tags":";chinese;restaurant;"}},{"type":"Feature","geometry":{"type":"Point","coordinates":[-77.42674,38.30932]},"properties":{"id":"node/11823175062","name":"Three Star Cleaners","group":"services","category":"shop=dry_cleaning","tags":";dry_cleaning;"}},{"type":"Feature","geometry":{"type":"Point","coordinates":[-77.42696,38.30925]},"properties":{"id":"node/11823175063","name":"Top Ten Nails","group":"personal_care","category":"shop=beauty","tags":";beauty;nails;"}},{"type":"Feature","geometry":{"type":"Point","coordinates":[-77.98634,38.48044]},"properties":{"id":"node/11823692628","name":"Blue Ridge Frame Shop","group":"shopping","category":"shop=frame","tags":";frame;"}},{"type":"Feature","geometry":{"type":"Point","coordinates":[-77.98663,38.48043]},"properties":{"id":"node/11823692631","name":"Bonnie Reb Boot Shop","group":"shopping","category":"shop=shoes","tags":";shoes;"}},{"type":"Feature","geometry":{"type":"Point","coordinates":[-77.9807,38.48038]},"properties":{"id":"node/11825823684","name":"Variedades En Estilo","group":"shopping","category":"shop=clothes","tags":";clothes;"}},{"type":"Feature","geometry":{"type":"Point","coordinates":[-77.31684,38.65114]},"properties":{"id":"node/11879422823","name":"Down Home Comfort Caf\u00e9","group":"food","category":"amenity=restaurant","cuisine":"american","tags":";american;restaurant;"}},{"type":"Feature","geometry":{"type":"Point","coordinates":[-77.31672,38.65119]},"properties":{"id":"node/11879422837","name":"TShirtsRU","group":"services","category":"shop=copyshop","tags":";copyshop;"}},{"type":"Feature","geometry":{"type":"Point","coordinates":[-77.31678,38.65136]},"properties":{"id":"node/11879422838","name":"HairTalk Salon","group":"personal_care","category":"shop=hairdresser","tags":";hairdresser;"}},{"type":"Feature","geometry":{"type":"Point","coordinates":[-77.31681,38.65147]},"properties":{"id":"node/11879422839","name":"Master Salons","group":"personal_care","category":"shop=beauty","tags":";beauty;"}},{"type":"Feature","geometry":{"type":"Point","coordinates":[-77.31668,38.65133]},"properties":{"id":"node/11879422842","name":"Piedmont Massage","group":"personal_care","category":"shop=massage","tags":";massage;"}},{"type":"Feature","geometry":{"type":"Point","coordinates":[-77.31668,38.6512]},"properties":{"id":"node/11879422844","name":"All Dolled Up","group":"personal_care","category":"shop=hairdresser","tags":";hairdresser;"}},{"type":"Feature","geometry":{"type":"Point","coordinates":[-77.31763,38.65153]},"properties":{"id":"node/11879432412","name":"Fresh Life Cafe","group":"food","category":"amenity=fast_food","cuisine":"juice","tags":";juice;fast_food;"}},{"type":"Feature","geometry":{"type":"Point","coordinates":[-77.3176,38.65143]},"properties":{"id":"node/11879432413","name":"Inspired Art Barber Shop","group":"personal_care","category":"shop=hairdresser","tags":";hairdresser;barber;"}},{"type":"Feature","geometry":{"type":"Point","coordinates":[-77.31757,38.65132]},"properties":{"id":"node/11879432414","name":"Beyond Studio","group":"personal_care","category":"shop=beauty","tags":";beauty;"}},{"type":"Feature","geometry":{"type":"Point","coordinates":[-77.31751,38.65116]},"properties":{"id":"node/11879432417","name":"LC Glam Box","group":"personal_care","category":"shop=beauty","tags":";beauty;"}},{"type":"Feature","geometry":{"type":"Point","coordinates":[-77.31759,38.65115]},"properties":{"id":"node/11879432418","name":"Field Six","group":"shopping","category":"shop=collector","tags":";collector;"}},{"type":"Feature","geometry":{"type":"Point","coordinates":[-77.31732,38.65097]},"properties":{"id":"node/11879432419","name":"J's Hairs Design","group":"personal_care","category":"shop=hairdresser","tags":";hairdresser;"}},{"type":"Feature","geometry":{"type":"Point","coordinates":[-77.31741,38.65102]},"properties":{"id":"node/11879432422","name":"Urban Pie","group":"food","category":"amenity=restaurant","cuisine":"pizza","tags":";pizza;restaurant;"}},{"type":"Feature","geometry":{"type":"Point","coordinates":[-77.31758,38.6511]},"properties":{"id":"node/11879432423","name":"Mr. Ray's Barber Shop","group":"personal_care","category":"shop=hairdresser","tags":";hairdresser;barber;"}},{"type":"Feature","geometry":{"type":"Point","coordinates":[-77.3175,38.65112]},"properties":{"id":"node/11879432424","name":"Vixxen Beaut\u00e9","group":"personal_care","category":"shop=beauty","tags":";beauty;"}},{"type":"Feature","geometry":{"type":"Point","coordinates":[-77.31756,38.65106]},"properties":{"id":"node/11879432425","name":"Shades Electrolysis Salon","group":"personal_care","category":"shop=beauty","tags":";beauty;"}},{"type":"Feature","geometry":{"type":"Point","coordinates":[-77.33074,38.54477]},"properties":{"id":"node/11883968318","name":"Mary's Flower Shop","group":"shopping","category":"shop=florist","tags":";florist;"}},{"type":"Feature","geometry":{"type":"Point","coordinates":[-77.3308,38.54479]},"properties":{"id":"node/11883968319","name":"Two Guys Antiques & Collectibles","group":"shopping","category":"shop=antiques","tags":";antiques;"}},{"type":"Feature","geometry":{"type":"Point","coordinates":[-77.46414,38.30181]},"properties":{"id":"node/11889681218","name":"Primavera Italian Pizzeria & Grill","group":"food","category":"amenity=restaurant","cuisine":"pizza;italian;greek","tags":";pizza;italian;greek;restaurant;"}},{"type":"Feature","geometry":{"type":"Point","coordinates":[-77.46419,38.30179]},"properties":{"id":"node/11889681225","name":"All About Diving","group":"shopping","category":"shop=scuba_diving","tags":";scuba_diving;"}},{"type":"Feature","geometry":{"type":"Point","coordinates":[-77.37023,37.83233]},"properties":{"id":"node/11891615743","name":"Crossroads Village & Antiques","group":"shopping","category":"shop=antiques","phone":"+18049942964","housenumber":"31286","street":"Richmond Turnpike","city":"Doswell","postcode":"23047","tags":";antiques;"}},{"type":"Feature","geometry":{"type":"Point","coordinates":[-77.30034,38.63843]},"properties":{"id":"node/11950350957","name":"MOM's Organic Market","group":"groceries","category":"shop=supermarket","hours":"Mo-Sa 09:00-21:00; Su 09:00-20:00","phone":"+1 571-398-3043","website":"https://momsorganicmarket.com/virginia/","housenumber":"14470","street":"Smoketown Road","tags":";supermarket;"}},{"type":"Feature","geometry":{"type":"Point","coordinates":[-77.36777,38.66198]},"properties":{"id":"node/11952270923","name":"Kabob G","group":"food","category":"amenity=restaurant","cuisine":"pakistani","hours":"Tu-Th, Su 11:00-21:00; Fr, Sa 11:00-22:00","phone":"+1 571-659-9604","website":"https://www.kabobgva.com/","housenumber":"5429","street":"Mapledale Avenue","tags":";pakistani;restaurant;takeout;"}},{"type":"Feature","geometry":{"type":"Point","coordinates":[-78.37114,38.23208]},"properties":{"id":"node/12000195807","name":"Vinny's New York Pizza & Pasta","group":"food","category":"amenity=restaurant","cuisine":"italian","housenumber":"8841","street":"Seminole Trail","tags":";italian;restaurant;pizza;"}},{"type":"Feature","geometry":{"type":"Point","coordinates":[-77.48366,38.29918]},"properties":{"id":"node/12014217151","name":"Domoishi","group":"food","category":"amenity=restaurant","cuisine":"asian","hours":"Mo-Sa 11:00-21:00; Su 12:00-21:00","housenumber":"1605","street":"Emancipation Highway","city":"Fredericksburg","postcode":"22401","tags":";asian;restaurant;"}},{"type":"Feature","geometry":{"type":"Point","coordinates":[-77.48135,38.30521]},"properties":{"id":"node/12100785715","name":"Parthenon Restaurant","group":"food","category":"amenity=restaurant","cuisine":"greek","housenumber":"2024","street":"Augustine Avenue","city":"Fredericksburg","postcode":"22401","tags":";greek;restaurant;"}},{"type":"Feature","geometry":{"type":"Point","coordinates":[-77.48132,38.30517]},"properties":{"id":"node/12100785716","name":"Jenny's Barber and Beauty Salon","group":"personal_care","category":"shop=beauty","housenumber":"2022","street":"Augustine Avenue","city":"Fredericksburg","postcode":"22401","tags":";beauty;barber;"}},{"type":"Feature","geometry":{"type":"Point","coordinates":[-77.48128,38.30513]},"properties":{"id":"node/12100785717","name":"Renee's Crepes & Cakes","group":"food","category":"shop=pastry","housenumber":"2020","street":"Augustine Avenue","city":"Fredericksburg","postcode":"22401","tags":";pastry;"}},{"type":"Feature","geometry":{"type":"Point","coordinates":[-78.11398,38.2556]},"properties":{"id":"node/12103005026","name":"Kida's Grill","group":"food","category":"amenity=restaurant","cuisine":"american","website":"https://kidasgrilltogo.com/","housenumber":"515","street":"North Madison Road","tags":";american;restaurant;"}},{"type":"Feature","geometry":{"type":"Point","coordinates":[-77.4251,38.22521]},"properties":{"id":"node/12113321596","name":"Carts Inc.","group":"shopping","category":"shop=golf_cart","housenumber":"2617","street":"Wheatland Woods Drive","city":"Fredericksburg","postcode":"22408","tags":";golf_cart;"}},{"type":"Feature","geometry":{"type":"Point","coordinates":[-77.42512,38.22535]},"properties":{"id":"node/12113321597","name":"Fred Books","group":"shopping","category":"shop=books","housenumber":"2629","street":"Wheatland Woods Drive","city":"Fredericksburg","postcode":"22408","tags":";books;"}},{"type":"Feature","geometry":{"type":"Point","coordinates":[-77.43706,38.29589]},"properties":{"id":"node/12115336263","name":"Cuts From Above","group":"personal_care","category":"shop=hairdresser","tags":";hairdresser;"}},{"type":"Feature","geometry":{"type":"Point","coordinates":[-77.58098,38.26194]},"properties":{"id":"node/12117918706","name":"ByFaith Beauty Bar","group":"personal_care","category":"shop=beauty","housenumber":"7016","street":"Salem Fields Boulevard","tags":";beauty;"}},{"type":"Feature","geometry":{"type":"Point","coordinates":[-78.01253,38.45874]},"properties":{"id":"node/12118856324","name":"Sonia's Bakery","group":"food","category":"shop=bakery","housenumber":"437","street":"Meadowbrook Shopping Center","tags":";bakery;"}},{"type":"Feature","geometry":{"type":"Point","coordinates":[-78.36976,38.2306]},"properties":{"id":"node/12118936958","name":"Rylie's Diner","group":"food","category":"amenity=restaurant","cuisine":"diner","hours":"Tu-Su 08:00-15:00","housenumber":"8726","street":"Seminole Trail","city":"Ruckersville","tags":";diner;restaurant;"}},{"type":"Feature","geometry":{"type":"Point","coordinates":[-78.00009,38.46283]},"properties":{"id":"node/12119007768","name":"Southside Coffee and Gifts","group":"food","category":"amenity=cafe","cuisine":"coffee_shop","website":"https://southsidecoffeeandgifts.com/","housenumber":"211","street":"Southgate Shopping Center","tags":";coffee_shop;cafe;"}},{"type":"Feature","geometry":{"type":"Point","coordinates":[-77.56848,38.29334]},"properties":{"id":"node/12119016724","name":"Asian Dynasty","group":"food","category":"amenity=restaurant","cuisine":"asian;thai;chinese","website":"https://www.asiandynastyonline.com/","housenumber":"5729","street":"Plank Road","tags":";asian;thai;chinese;restaurant;"}},{"type":"Feature","geometry":{"type":"Point","coordinates":[-77.56748,38.29323]},"properties":{"id":"node/12119016734","name":"Naz's Halal Food","group":"food","category":"amenity=restaurant","cuisine":"middle_eastern","website":"https://nazshalal.com/","housenumber":"5707","street":"Plank Road","tags":";middle_eastern;restaurant;halal;"}},{"type":"Feature","geometry":{"type":"Point","coordinates":[-78.3701,38.23521]},"properties":{"id":"node/12140975389","name":"El Jaripero","group":"food","category":"amenity=restaurant","cuisine":"mexican","tags":";mexican;restaurant;"}},{"type":"Feature","geometry":{"type":"Point","coordinates":[-78.11249,38.24908]},"properties":{"id":"node/12153656265","name":"El Vaquero West Restaurant","group":"food","category":"amenity=restaurant","cuisine":"mexican","website":"https://elvaquerowestrestaurant.com/","housenumber":"215","street":"North Madison Road","city":"Orange","tags":";mexican;restaurant;"}},{"type":"Feature","geometry":{"type":"Point","coordinates":[-78.11243,38.23941]},"properties":{"id":"node/12153679682","name":"My Avocado","group":"food","category":"amenity=restaurant","cuisine":"mexican;mediterranean","housenumber":"100","street":"Berry Hill Road","city":"Orange","tags":";mexican;mediterranean;restaurant;"}},{"type":"Feature","geometry":{"type":"Point","coordinates":[-78.12838,38.54193]},"properties":{"id":"node/12160371959","name":"Boston General Store","group":"groceries","category":"shop=general","hours":"Mo-Sa 08:00-20:00; Su 08:00-19:00","phone":"+1-540-547-9877","website":"http://bostongeneralstore.net/","housenumber":"6276","street":"Sperryville Pike","city":"Boston","postcode":"22713","tags":";general;"}},{"type":"Feature","geometry":{"type":"Point","coordinates":[-77.304,38.65196]},"properties":{"id":"node/12164060047","name":"Reico Kitchen & Bath","group":"shopping","category":"shop=kitchen","housenumber":"3041","street":"Golansky Boulevard","city":"Woodbridge","postcode":"22192","tags":";kitchen;"}},{"type":"Feature","geometry":{"type":"Point","coordinates":[-77.30441,38.65152]},"properties":{"id":"node/12164060050","name":"Bilal Rugs","group":"shopping","category":"shop=carpet","housenumber":"3069","street":"Golansky Boulevard","city":"Woodbridge","postcode":"22192","tags":";carpet;"}},{"type":"Feature","geometry":{"type":"Point","coordinates":[-77.30434,38.65156]},"properties":{"id":"node/12164060051","name":"Painted Visions Comics","group":"shopping","category":"shop=collector","housenumber":"3065","street":"Golansky Boulevard","city":"Woodbridge","postcode":"22192","tags":";collector;games;"}},{"type":"Feature","geometry":{"type":"Point","coordinates":[-77.30486,38.65124]},"properties":{"id":"node/12164060058","name":"Magicstic Hair & Nail Salon","group":"personal_care","category":"shop=beauty","housenumber":"3097","street":"Golansky Boulevard","city":"Woodbridge","postcode":"22192","tags":";beauty;nails;"}},{"type":"Feature","geometry":{"type":"Point","coordinates":[-77.30493,38.65119]},"properties":{"id":"node/12164060059","name":"Kabul Halal Market","group":"groceries","category":"shop=convenience","housenumber":"3101","street":"Golansky Boulevard","city":"Woodbridge","postcode":"22192","tags":";convenience;halal;"}},{"type":"Feature","geometry":{"type":"Point","coordinates":[-77.30511,38.65108]},"properties":{"id":"node/12164060061","name":"Lendmark","group":"services","category":"shop=money_lender","housenumber":"3109","street":"Golansky Boulevard","city":"Woodbridge","postcode":"22192","tags":";money_lender;"}},{"type":"Feature","geometry":{"type":"Point","coordinates":[-78.44335,38.29814]},"properties":{"id":"node/12187298080","name":"Sal's Pizzeria","group":"food","category":"amenity=restaurant","cuisine":"pizza","website":"https://www.salsrestaurantva.com/","housenumber":"8265","street":"Spotswood Trail","city":"Stanardsville","postcode":"22973","tags":";pizza;restaurant;"}},{"type":"Feature","geometry":{"type":"Point","coordinates":[-78.39383,38.19457]},"properties":{"id":"node/12187363736","name":"Fiorano","group":"food","category":"amenity=restaurant","cuisine":"mediterranean","website":"https://www.fioranomediterranean.com/","tags":";mediterranean;restaurant;"}},{"type":"Feature","geometry":{"type":"Point","coordinates":[-78.44045,38.29725]},"properties":{"id":"node/12187369362","name":"Los Robles Pupuseria","group":"food","category":"amenity=restaurant","cuisine":"salvadoran","website":"https://losroblespupuseria.com/","housenumber":"76","street":"Main Street","city":"Stanardsville","postcode":"22973","tags":";salvadoran;restaurant;"}},{"type":"Feature","geometry":{"type":"Point","coordinates":[-78.37008,38.23369]},"properties":{"id":"node/12269973355","name":"Jack's Shop Kitchen","group":"food","category":"amenity=restaurant","cuisine":"american","website":"https://www.jacksshopkitchen.com/","housenumber":"14843","street":"Spotswood Trail","city":"Ruckersville","postcode":"22968","tags":";american;restaurant;"}},{"type":"Feature","geometry":{"type":"Point","coordinates":[-78.37019,38.23375]},"properties":{"id":"node/12269973356","name":"Gateway Antiques Center","group":"shopping","category":"shop=antiques","housenumber":"14843","street":"Spotswood Trail","city":"Ruckersville","postcode":"22968","tags":";antiques;"}},{"type":"Feature","geometry":{"type":"Point","coordinates":[-78.37006,38.23378]},"properties":{"id":"node/12269973357","name":"Greene House Shop","group":"shopping","category":"shop=antiques","housenumber":"14843","street":"Spotswood Trail","city":"Ruckersville","postcode":"22968","tags":";antiques;"}},{"type":"Feature","geometry":{"type":"Point","coordinates":[-78.36995,38.23372]},"properties":{"id":"node/12269973358","name":"Jill's Ice Cream","group":"food","category":"amenity=ice_cream","housenumber":"14843","street":"Spotswood Trail","city":"Ruckersville","postcode":"22968","tags":";ice_cream;"}},{"type":"Feature","geometry":{"type":"Point","coordinates":[-78.18736,38.13743]},"properties":{"id":"node/12278584100","name":"Gordonsville Ice House","group":"food","category":"amenity=restaurant","cuisine":"american","website":"https://www.gordonsvilleicehouse.com/","housenumber":"212","street":"North Main Street","city":"Gordonsville","postcode":"22942","tags":";american;restaurant;"}},{"type":"Feature","geometry":{"type":"Point","coordinates":[-77.31406,38.65056]},"properties":{"id":"node/12316378227","name":"Arepas Capitol","group":"food","category":"amenity=restaurant","cuisine":"venezuelan","website":"http://www.arepascapitolusa.com/","housenumber":"14091","street":"Noblewood Plaza","city":"Woodbridge","postcode":"22193","tags":";venezuelan;restaurant;"}},{"type":"Feature","geometry":{"type":"Point","coordinates":[-77.31426,38.65115]},"properties":{"id":"node/12316378235","name":"Mofongo Steakhouse and Grill","group":"food","category":"amenity=restaurant","cuisine":"dominican","housenumber":"14035","street":"Noblewood Plaza","city":"Woodbridge","postcode":"22193","tags":";dominican;restaurant;"}},{"type":"Feature","geometry":{"type":"Point","coordinates":[-77.33972,38.64635]},"properties":{"id":"node/12323700796","name":"Da berg sports bar","group":"food","category":"amenity=bar","website":"https://dabergsportsbar.com/","housenumber":"4317","street":"Dale Boulevard","city":"Woodbridge","postcode":"22193","tags":";bar;"}},{"type":"Feature","geometry":{"type":"Point","coordinates":[-77.33563,38.64424]},"properties":{"id":"node/12323724134","name":"Zaffron","group":"food","category":"amenity=restaurant","cuisine":"afghan;pakistani","website":"https://thezaffron.com/","housenumber":"4182","street":"Dale Boulevard","city":"Woodbridge","postcode":"22193","tags":";afghan;pakistani;restaurant;"}},{"type":"Feature","geometry":{"type":"Point","coordinates":[-77.29547,38.63875]},"properties":{"id":"node/12323724349","name":"Del Campo","group":"food","category":"amenity=restaurant","cuisine":"latin_american","website":"https://delcamporestaurantstaffordva.com/","housenumber":"2780","street":"Metro Plaza","city":"Woodbridge","postcode":"22192","tags":";latin_american;restaurant;"}},{"type":"Feature","geometry":{"type":"Point","coordinates":[-77.33301,38.674]},"properties":{"id":"node/12323765603","name":"Khan Korean Grill & Bar","group":"food","category":"amenity=restaurant","cuisine":"korean","housenumber":"4187","street":"Merchant Plaza","city":"Woodbridge","postcode":"22192","tags":";korean;restaurant;"}},{"type":"Feature","geometry":{"type":"Point","coordinates":[-77.53687,38.29009]},"properties":{"id":"node/12323793630","name":"J'angelas Restaurant","group":"food","category":"amenity=restaurant","cuisine":"latin_american","website":"https://www.jangelasrestaurant.net/","housenumber":"4409","street":"Plank Road","city":"Fredericksburg","postcode":"22407","tags":";latin_american;restaurant;"}},{"type":"Feature","geometry":{"type":"Point","coordinates":[-77.50988,38.01839]},"properties":{"id":"node/12323794584","name":"Timbers Restaurant","group":"food","category":"amenity=restaurant","cuisine":"pizza","website":"https://timberstogo.com/","housenumber":"8026","street":"Prosperity Way","city":"Ruther Glen","postcode":"22546","tags":";pizza;restaurant;"}},{"type":"Feature","geometry":{"type":"Point","coordinates":[-77.37302,38.51551]},"properties":{"id":"node/12323797442","name":"Cozy Corner","group":"food","category":"amenity=restaurant","housenumber":"1000","street":"Corporate Drive","city":"Stafford","postcode":"22554","tags":";restaurant;"}},{"type":"Feature","geometry":{"type":"Point","coordinates":[-77.49429,38.2475]},"properties":{"id":"node/12323799354","name":"Iztac Mexican Cantina","group":"food","category":"amenity=restaurant","cuisine":"mexican","website":"https://www.iztacmxcantina.com/","housenumber":"10649","street":"Spotsylvania Avenue","city":"Fredericksburg","postcode":"22408","tags":";mexican;restaurant;"}},{"type":"Feature","geometry":{"type":"Point","coordinates":[-77.50064,38.25419]},"properties":{"id":"node/12323813849","name":"Fish N' Grill","group":"food","category":"amenity=restaurant","cuisine":"seafood","website":"https://fishngrill.com/","housenumber":"10908","street":"Courthouse Road","city":"Fredericksburg","postcode":"22408","tags":";seafood;restaurant;"}},{"type":"Feature","geometry":{"type":"Point","coordinates":[-77.45746,38.30068]},"properties":{"id":"node/12323835055","name":"Billiken's Smokehouse","group":"food","category":"amenity=restaurant","cuisine":"barbecue","website":"https://billikensbbq.com/","housenumber":"623","street":"Caroline Street","city":"Fredericksburg","postcode":"22401","tags":";barbecue;restaurant;"}},{"type":"Feature","geometry":{"type":"Point","coordinates":[-77.4588,38.30415]},"properties":{"id":"node/12324455892","name":"Agave Bar & Grill","group":"food","category":"amenity=restaurant","cuisine":"mexican","website":"https://www.agavedowntown.com/","housenumber":"101","street":"William Street","city":"Fredericksburg","postcode":"22401","tags":";mexican;restaurant;"}},{"type":"Feature","geometry":{"type":"Point","coordinates":[-77.52776,38.24444]},"properties":{"id":"node/12324492839","name":"Dragon Express","group":"food","category":"amenity=restaurant","cuisine":"chinese","website":"https://dragonexpress1888.com/","housenumber":"10400","street":"Courthouse Road","city":"Spotsylvania","postcode":"22553","tags":";chinese;restaurant;"}},{"type":"Feature","geometry":{"type":"Point","coordinates":[-77.52732,38.24461]},"properties":{"id":"node/12324492845","name":"Pi's Cucina","group":"food","category":"amenity=restaurant","cuisine":"italian","website":"https://piscucinamenu.com/","housenumber":"10412","street":"Courthouse Road","city":"Spotsylvania","postcode":"22553","tags":";italian;restaurant;"}},{"type":"Feature","geometry":{"type":"Point","coordinates":[-77.52697,38.24475]},"properties":{"id":"node/12324492849","name":"Pollito Chicken","group":"food","category":"amenity=restaurant","cuisine":"peruvian","website":"https://www.pollito-chicken.com/","housenumber":"10420","street":"Courthouse Road","city":"Spotsylvania","postcode":"22553","tags":";peruvian;restaurant;chicken;"}},{"type":"Feature","geometry":{"type":"Point","coordinates":[-77.50267,38.2309]},"properties":{"id":"node/12324529930","name":"Orleans Bistro","group":"food","category":"amenity=restaurant","cuisine":"cajun","website":"https://www.orleansbistrova.com/","housenumber":"5442","street":"Southpoint Plaza Way","city":"Fredericksburg","postcode":"22407","tags":";cajun;restaurant;"}},{"type":"Feature","geometry":{"type":"Point","coordinates":[-77.45854,38.30269]},"properties":{"id":"node/12324531642","name":"The Port","group":"food","category":"amenity=restaurant","cuisine":"seafood","website":"https://eatattheport.com/","housenumber":"106","street":"George Street","city":"Fredericksburg","postcode":"22401","tags":";seafood;restaurant;"}},{"type":"Feature","geometry":{"type":"Point","coordinates":[-77.46225,38.30284]},"properties":{"id":"node/12324554102","name":"Deutschland Downtown","group":"food","category":"amenity=restaurant","cuisine":"german","website":"https://www.deutschlanddowntown.com/","housenumber":"411","street":"William Street","city":"Fredericksburg","postcode":"22401","tags":";german;restaurant;"}},{"type":"Feature","geometry":{"type":"Point","coordinates":[-77.51308,38.24689]},"properties":{"id":"node/12324555026","name":"Castiglia's Italian Restaurant","group":"food","category":"amenity=restaurant","cuisine":"italian","website":"http://www.mycastiglias.com/","housenumber":"10705","street":"Courthouse Road","city":"Fredericksburg","postcode":"22407","tags":";italian;restaurant;"}},{"type":"Feature","geometry":{"type":"Point","coordinates":[-77.47216,38.47617]},"properties":{"id":"node/12324560617","name":"Ricco's Pizza","group":"food","category":"amenity=restaurant","cuisine":"pizza","website":"https://www.riccospie.com/","housenumber":"50","street":"North Stafford Complex Center","city":"Stafford","postcode":"22556","tags":";pizza;restaurant;"}},{"type":"Feature","geometry":{"type":"Point","coordinates":[-78.11054,38.24517]},"properties":{"id":"node/12324594736","name":"Main Street Tavern","group":"food","category":"amenity=restaurant","cuisine":"american","website":"https://msttavernva.com/","housenumber":"110","street":"East Main Street","city":"Orange","postcode":"22960","tags":";american;restaurant;"}},{"type":"Feature","geometry":{"type":"Point","coordinates":[-78.11206,38.24473]},"properties":{"id":"node/12324633268","name":"Sparks & Ovals","group":"food","category":"amenity=restaurant","cuisine":"american","website":"https://sparksandovals.com","housenumber":"124","street":"West Main Street","city":"Orange","postcode":"22960","tags":";american;restaurant;"}},{"type":"Feature","geometry":{"type":"Point","coordinates":[-78.10793,38.24501]},"properties":{"id":"node/12324651287","name":"Premier Baking Co.","group":"food","category":"amenity=cafe","website":"https://www.facebook.com/p/Premier-Baking-Co-100084771589086/","housenumber":"131","street":"Byrd Street","city":"Orange","postcode":"22960","tags":";cafe;"}},{"type":"Feature","geometry":{"type":"Point","coordinates":[-78.10778,38.24286]},"properties":{"id":"node/12324688423","name":"La Naranja","group":"food","category":"amenity=restaurant","cuisine":"mexican","website":"https://www.lanaranjamex.com/","housenumber":"182","street":"Byrd Street","city":"Orange","postcode":"22960","tags":";mexican;restaurant;"}},{"type":"Feature","geometry":{"type":"Point","coordinates":[-78.18339,38.14505]},"properties":{"id":"node/12324704533","name":"Inwood Restaurant","group":"food","category":"amenity=restaurant","cuisine":"southern","housenumber":"19095","street":"James Madison Highway","city":"Gordonsville","postcode":"22942","tags":";southern;restaurant;"}},{"type":"Feature","geometry":{"type":"Point","coordinates":[-77.99053,38.48127]},"properties":{"id":"node/12324708393","name":"Frank\u2019s Diner","group":"food","category":"amenity=restaurant","cuisine":"diner","housenumber":"200","street":"James Madison Highway","city":"Culpeper","postcode":"22701","tags":";diner;restaurant;"}},{"type":"Feature","geometry":{"type":"Point","coordinates":[-77.74272,38.34168]},"properties":{"id":"node/12324710067","name":"Bella Cucina of the Lake","group":"food","category":"amenity=restaurant","cuisine":"italian","website":"https://bellacucinaitalian.froogleorders.com/","housenumber":"4444","street":"Germanna Highway","city":"Locust Grove","postcode":"22508","tags":";italian;restaurant;"}},{"type":"Feature","geometry":{"type":"Point","coordinates":[-77.74263,38.34151]},"properties":{"id":"node/12324710068","name":"Bella Cucina Mexican Restaurant","group":"food","category":"amenity=restaurant","cuisine":"mexican","website":"https://bellacucinamexican.froogleorders.com/","housenumber":"4444","street":"Germanna Highway","city":"Locust Grove","postcode":"22508","tags":";mexican;restaurant;"}},{"type":"Feature","geometry":{"type":"Point","coordinates":[-77.99437,38.47304]},"properties":{"id":"node/12324710315","name":"Dtom Dtun Noodle","group":"food","category":"amenity=restaurant","cuisine":"vietnamese","housenumber":"202","street":"East Davis Street","city":"Culpeper","postcode":"22701","tags":";vietnamese;restaurant;"}},{"type":"Feature","geometry":{"type":"Point","coordinates":[-78.12397,38.22503]},"properties":{"id":"node/12324714227","name":"Country Cookin Depot","group":"food","category":"amenity=restaurant","cuisine":"southern","website":"https://www.countrycookindepot.com/","housenumber":"13246","street":"James Madison Highway","city":"Orange","postcode":"22960","tags":";southern;restaurant;"}},{"type":"Feature","geometry":{"type":"Point","coordinates":[-77.74568,38.34491]},"properties":{"id":"node/12324716309","name":"Clearwater Fire-Grill & Catering","group":"food","category":"amenity=restaurant","cuisine":"bar_and_grill","website":"https://clearwatergrill.com/index.html","housenumber":"4276","street":"Germanna Highway","city":"Locust Grove","postcode":"22508","tags":";bar_and_grill;restaurant;"}},{"type":"Feature","geometry":{"type":"Point","coordinates":[-77.74593,38.34506]},"properties":{"id":"node/12324716310","name":"El Vaquero","group":"food","category":"amenity=restaurant","cuisine":"mexican","website":"https://elvaquerowestrestaurant.com/","housenumber":"4266","street":"Germanna Highway","city":"Locust Grove","postcode":"22508","tags":";mexican;restaurant;"}},{"type":"Feature","geometry":{"type":"Point","coordinates":[-78.11313,38.23211]},"properties":{"id":"node/12324724101","name":"Coopers Cookin and Catering","group":"food","category":"amenity=restaurant","cuisine":"southern","housenumber":"12399","street":"James Madison Highway","city":"Orange","postcode":"22960","tags":";southern;restaurant;"}},{"type":"Feature","geometry":{"type":"Point","coordinates":[-78.11397,38.25206]},"properties":{"id":"node/12324739925","name":"Spoon & Spindle","group":"food","category":"amenity=restaurant","cuisine":"american","website":"https://www.spoonandspindle.com/","housenumber":"323","street":"North Madison Road","city":"Orange","postcode":"22960","tags":";american;restaurant;"}},{"type":"Feature","geometry":{"type":"Point","coordinates":[-77.74648,38.3475]},"properties":{"id":"node/12324767429","name":"Sam's Pizza and Subs","group":"food","category":"amenity=restaurant","cuisine":"pizza","website":"https://samspizza.com/","housenumber":"36080","street":"Goodwin Drive","city":"Locust Grove","postcode":"22508","tags":";pizza;restaurant;sandwich;"}},{"type":"Feature","geometry":{"type":"Point","coordinates":[-77.74654,38.34747]},"properties":{"id":"node/12324767430","name":"Tops China","group":"food","category":"amenity=restaurant","cuisine":"chinese","website":"http://www.topchinava.com/","housenumber":"36080","street":"Goodwin Drive","city":"Locust Grove","postcode":"22508","tags":";chinese;restaurant;"}},{"type":"Feature","geometry":{"type":"Point","coordinates":[-77.73085,38.32632]},"properties":{"id":"node/12324769073","name":"2 Brothers Restaurant","group":"food","category":"amenity=restaurant","cuisine":"pizza","website":"https://www.2brothersrestaurant.net/","housenumber":"5390","street":"Lyndon Drive","city":"Locust Grove","postcode":"22508","tags":";pizza;restaurant;"}},{"type":"Feature","geometry":{"type":"Point","coordinates":[-77.73097,38.32641]},"properties":{"id":"node/12324769074","name":"Lin's Garden","group":"food","category":"amenity=restaurant","cuisine":"chinese","website":"https://linsgardenlocustgrovetogo.com/","housenumber":"5390","street":"Lyndon Drive","city":"Locust Grove","postcode":"22508","tags":";chinese;restaurant;"}},{"type":"Feature","geometry":{"type":"Point","coordinates":[-77.74699,38.3495]},"properties":{"id":"node/12324773936","name":"Tokyo Restaurant","group":"food","category":"amenity=restaurant","cuisine":"japanese","housenumber":"36099","street":"Goodwin Drive","city":"Locust Grove","postcode":"22508","tags":";japanese;restaurant;"}},{"type":"Feature","geometry":{"type":"Point","coordinates":[-78.25625,38.38199]},"properties":{"id":"node/12326785067","name":"Miranda's Restaurant","group":"food","category":"amenity=restaurant","cuisine":"american","tags":";american;restaurant;"}},{"type":"Feature","geometry":{"type":"Point","coordinates":[-78.1949,38.13989]},"properties":{"id":"node/12326790272","name":"Los Tres Hermanitos","group":"food","category":"amenity=restaurant","cuisine":"mexican","housenumber":"408","street":"West Gordon Avenue","city":"Gordonsville","postcode":"22942","tags":";mexican;restaurant;"}},{"type":"Feature","geometry":{"type":"Point","coordinates":[-77.32387,38.57639]},"properties":{"id":"node/12331640827","name":"The Playbook Sports Bar + Grill","group":"food","category":"amenity=pub","housenumber":"17680","street":"Colonial Street","city":"Dumfries","postcode":"22026","tags":";pub;"}},{"type":"Feature","geometry":{"type":"Point","coordinates":[-77.32429,38.57635]},"properties":{"id":"node/12331640828","name":"1609 Prime Cuts + Cocktails","group":"food","category":"amenity=restaurant","cuisine":"steak_house","housenumber":"17680","street":"Colonial Street","city":"Dumfries","postcode":"22026","tags":";steak_house;restaurant;"}},{"type":"Feature","geometry":{"type":"Point","coordinates":[-77.30996,38.65499]},"properties":{"id":"node/12335106526","name":"Pinay Collectibles","group":"shopping","category":"shop=music","housenumber":"13542","street":"Minnieville Road","city":"Woodbridge","postcode":"22192","tags":";music;"}},{"type":"Feature","geometry":{"type":"Point","coordinates":[-77.29709,38.63678]},"properties":{"id":"node/12335198970","name":"Pompadour Hair Salon","group":"personal_care","category":"shop=hairdresser","housenumber":"14522","street":"Potomac Mills Road","city":"Woodbridge","postcode":"22192","tags":";hairdresser;"}},{"type":"Feature","geometry":{"type":"Point","coordinates":[-77.29719,38.63665]},"properties":{"id":"node/12335198972","name":"Viet Chopstick","group":"food","category":"amenity=restaurant","cuisine":"vietnamese","housenumber":"14532","street":"Potomac Mills Road","city":"Woodbridge","postcode":"22192","tags":";vietnamese;restaurant;"}},{"type":"Feature","geometry":{"type":"Point","coordinates":[-77.29725,38.63656]},"properties":{"id":"node/12335198973","name":"Risana Day Spa","group":"personal_care","category":"shop=beauty","housenumber":"14536","street":"Potomac Mills Road","city":"Woodbridge","postcode":"22192","tags":";beauty;spa;"}},{"type":"Feature","geometry":{"type":"Point","coordinates":[-77.29745,38.63636]},"properties":{"id":"node/12335198974","name":"Virginia Lottery","group":"services","category":"shop=lottery","housenumber":"14550","tags":";lottery;"}},{"type":"Feature","geometry":{"type":"Point","coordinates":[-77.29759,38.6363]},"properties":{"id":"node/12335198975","name":"Castro's Bakery","group":"food","category":"shop=bakery","housenumber":"14556","street":"Potomac Mills Road","city":"Woodbridge","postcode":"22192","tags":";bakery;"}},{"type":"Feature","geometry":{"type":"Point","coordinates":[-77.29772,38.63626]},"properties":{"id":"node/12335198976","name":"Woodbridge Soccer","group":"shopping","category":"shop=sports","housenumber":"14560","street":"Potomac Mills Road","city":"Woodbridge","postcode":"22192","tags":";sports;"}},{"type":"Feature","geometry":{"type":"Point","coordinates":[-77.45289,38.31297]},"properties":{"id":"node/12351799342","name":"Laundry Basket","group":"services","category":"shop=laundry","housenumber":"411","street":"Chatham Heights Road","city":"Fredericksburg","postcode":"22405","tags":";laundry;"}},{"type":"Feature","geometry":{"type":"Point","coordinates":[-77.4201,38.4751]},"properties":{"id":"node/12408724539","name":"Diamond Concepts","group":"shopping","category":"shop=jewelry","tags":";jewelry;"}},{"type":"Feature","geometry":{"type":"Point","coordinates":[-77.42272,38.47606]},"properties":{"id":"node/12408724544","name":"Special Event Boutique","group":"shopping","category":"shop=clothes","tags":";clothes;"}},{"type":"Feature","geometry":{"type":"Point","coordinates":[-77.42286,38.47608]},"properties":{"id":"node/12408724545","name":"Robiolina Restaurant","group":"food","category":"amenity=restaurant","cuisine":"italian","tags":";italian;restaurant;"}},{"type":"Feature","geometry":{"type":"Point","coordinates":[-77.42323,38.4761]},"properties":{"id":"node/12408724547","name":"American Tobacco","group":"shopping","category":"shop=tobacco","tags":";tobacco;"}},{"type":"Feature","geometry":{"type":"Point","coordinates":[-77.4235,38.47616]},"properties":{"id":"node/12408724551","name":"Dalia's African Cuisine","group":"food","category":"amenity=restaurant","cuisine":"african","tags":";african;restaurant;"}},{"type":"Feature","geometry":{"type":"Point","coordinates":[-77.42382,38.47626]},"properties":{"id":"node/12408724552","name":"I <3 Teriyaki","group":"food","category":"amenity=restaurant","cuisine":"japanese","tags":";japanese;restaurant;"}},{"type":"Feature","geometry":{"type":"Point","coordinates":[-77.45288,38.47063]},"properties":{"id":"node/12408731003","name":"Basilico","group":"food","category":"amenity=restaurant","cuisine":"italian","tags":";italian;restaurant;"}},{"type":"Feature","geometry":{"type":"Point","coordinates":[-77.45277,38.47068]},"properties":{"id":"node/12408731005","name":"El Jimador Mexican Restaurant","group":"food","category":"amenity=restaurant","cuisine":"mexican","tags":";mexican;restaurant;"}},{"type":"Feature","geometry":{"type":"Point","coordinates":[-77.30064,38.63854]},"properties":{"id":"node/12434400260","name":"Super Beauty","group":"personal_care","category":"shop=hairdresser","tags":";hairdresser;"}},{"type":"Feature","geometry":{"type":"Point","coordinates":[-77.29528,38.64327]},"properties":{"id":"node/12434458588","name":"Kickz","group":"shopping","category":"shop=shoes","tags":";shoes;"}},{"type":"Feature","geometry":{"type":"Point","coordinates":[-77.29402,38.64325]},"properties":{"id":"node/12434458593","name":"Earthbound Trading Company","group":"shopping","category":"shop=interior_decoration","tags":";interior_decoration;"}},{"type":"Feature","geometry":{"type":"Point","coordinates":[-77.29276,38.64486]},"properties":{"id":"node/12434458597","name":"Prime Jewelers","group":"shopping","category":"shop=jewelry","tags":";jewelry;"}},{"type":"Feature","geometry":{"type":"Point","coordinates":[-77.29339,38.64348]},"properties":{"id":"node/12434474806","name":"Elite Jewelers","group":"shopping","category":"shop=jewelry","tags":";jewelry;"}},{"type":"Feature","geometry":{"type":"Point","coordinates":[-77.29641,38.64329]},"properties":{"id":"node/12434474807","name":"Suit City","group":"shopping","category":"shop=clothes","tags":";clothes;"}},{"type":"Feature","geometry":{"type":"Point","coordinates":[-77.44685,38.46427]},"properties":{"id":"node/12437628348","name":"Friends of the Library","group":"shopping","category":"shop=books","website":"https://www.librarypoint.org/booksales/","tags":";books;"}},{"type":"Feature","geometry":{"type":"Point","coordinates":[-77.48129,38.27244]},"properties":{"id":"node/12439071542","name":"Friends Of The Library","group":"shopping","category":"shop=books","tags":";books;"}},{"type":"Feature","geometry":{"type":"Point","coordinates":[-77.43705,38.47418]},"properties":{"id":"node/12442361801","name":"Mirna latina Kitchen","group":"food","category":"amenity=restaurant","tags":";restaurant;"}},{"type":"Feature","geometry":{"type":"Point","coordinates":[-77.99834,38.46357]},"properties":{"id":"node/12469428920","name":"Automotive Options","group":"shopping","category":"shop=car_parts","housenumber":"109","street":"Germanna Highway","city":"Culpeper","postcode":"22701","tags":";car_parts;"}},{"type":"Feature","geometry":{"type":"Point","coordinates":[-77.45865,38.30188]},"properties":{"id":"node/12479680523","name":"Bash Boutique","group":"shopping","category":"shop=clothes","website":"https://bashboutiqueva.com/","tags":";clothes;"}},{"type":"Feature","geometry":{"type":"Point","coordinates":[-77.49615,38.26404]},"properties":{"id":"node/12527014310","name":"Appliance Stop","group":"shopping","category":"shop=appliance","tags":";appliance;"}},{"type":"Feature","geometry":{"type":"Point","coordinates":[-77.49619,38.26392]},"properties":{"id":"node/12527014311","name":"Tobacco Hub","group":"shopping","category":"shop=tobacco","tags":";tobacco;"}},{"type":"Feature","geometry":{"type":"Point","coordinates":[-77.5095,38.29073]},"properties":{"id":"node/12530002926","name":"Joe Muggs Cafe","group":"food","category":"amenity=cafe","tags":";cafe;"}},{"type":"Feature","geometry":{"type":"Point","coordinates":[-77.49925,38.25646]},"properties":{"id":"node/12544052246","name":"Spotsyvania Gold & Pawn","group":"services","category":"shop=pawnbroker","tags":";pawnbroker;"}},{"type":"Feature","geometry":{"type":"Point","coordinates":[-77.5009,38.25539]},"properties":{"id":"node/12544052257","name":"Hard Times Cafe","group":"food","category":"amenity=cafe","tags":";cafe;"}},{"type":"Feature","geometry":{"type":"Point","coordinates":[-77.51871,38.29137]},"properties":{"id":"node/12544101386","name":"Qball Cafe & Billards","group":"food","category":"amenity=cafe","tags":";cafe;"}},{"type":"Feature","geometry":{"type":"Point","coordinates":[-77.51739,38.29047]},"properties":{"id":"node/12544101387","name":"Diane Nails","group":"personal_care","category":"shop=beauty","tags":";beauty;nails;"}},{"type":"Feature","geometry":{"type":"Point","coordinates":[-77.51798,38.2908]},"properties":{"id":"node/12544101392","name":"Furniture & Cabinetry Woodcrafters","group":"services","category":"craft=carpenter","tags":";carpenter;"}},{"type":"Feature","geometry":{"type":"Point","coordinates":[-77.51786,38.2905]},"properties":{"id":"node/12544101396","name":"Pool & Spa","group":"shopping","category":"shop=swimming_pool","tags":";swimming_pool;"}},{"type":"Feature","geometry":{"type":"Point","coordinates":[-77.51773,38.29048]},"properties":{"id":"node/12544119902","name":"Barber","group":"personal_care","category":"shop=hairdresser","tags":";hairdresser;barber;"}},{"type":"Feature","geometry":{"type":"Point","coordinates":[-77.51751,38.29048]},"properties":{"id":"node/12544119903","name":"Vita Felice","group":"food","category":"amenity=restaurant","cuisine":"italian","tags":";italian;restaurant;"}},{"type":"Feature","geometry":{"type":"Point","coordinates":[-77.49896,38.23401]},"properties":{"id":"node/12554248427","name":"Shoe Clinic","group":"services","category":"shop=shoe_repair","tags":";shoe_repair;"}},{"type":"Feature","geometry":{"type":"Point","coordinates":[-77.50108,38.23315]},"properties":{"id":"node/12554248458","name":"Better Menswear","group":"shopping","category":"shop=clothes","tags":";clothes;"}},{"type":"Feature","geometry":{"type":"Point","coordinates":[-77.49862,38.19293]},"properties":{"id":"node/12595643909","name":"Botanical Bites & Provisions","group":"groceries","category":"shop=farm","website":"https://www.botanicalbitesandprovisionsllc.com/","postcode":"22408","tags":";farm;"}},{"type":"Feature","geometry":{"type":"Point","coordinates":[-77.42958,38.42461]},"properties":{"id":"node/12685925879","name":"Crimson Coward Nashville Hot Chicken","group":"food","category":"amenity=fast_food","cuisine":"chicken","tags":";chicken;fast_food;"}},{"type":"Feature","geometry":{"type":"Point","coordinates":[-77.52517,38.37045]},"properties":{"id":"node/12699250155","name":"First Strike","group":"shopping","category":"shop=weapons","tags":";weapons;"}},{"type":"Feature","geometry":{"type":"Point","coordinates":[-77.46384,38.29495]},"properties":{"id":"node/12732004101","name":"Freddy Donuts","group":"food","category":"amenity=cafe","tags":";cafe;donut;"}},{"type":"Feature","geometry":{"type":"Point","coordinates":[-77.51079,38.36025]},"properties":{"id":"node/12822685931","name":"Black Optix Tint - Fredericksburg VA","group":"services","category":"shop=car_repair","hours":"Mo-Fr 09:00-18:30, Sa 09:00-15:30","phone":"+1-540-356-5193","website":"https://blackoptixtint.com/fredericksburg-va/","housenumber":"119","street":"Juliad Court","city":"Fredericksburg","postcode":"22406","tags":";car_repair;"}},{"type":"Feature","geometry":{"type":"Point","coordinates":[-77.4667,38.32802]},"properties":{"id":"node/12847019598","name":"Jen\u2019s Pizza Den","group":"food","category":"amenity=restaurant","cuisine":"pizza","website":"https://jenspizzaden.com/","housenumber":"175","street":"Cambridge Street","city":"Fredericksburg","postcode":"22405","tags":";pizza;restaurant;"}},{"type":"Feature","geometry":{"type":"Point","coordinates":[-77.46675,38.32792]},"properties":{"id":"node/12847019599","name":"Sue Bee Photography","group":"services","category":"craft=photographer","housenumber":"175","street":"Cambridge Street","city":"Fredericksburg","postcode":"22405","tags":";photographer;"}},{"type":"Feature","geometry":{"type":"Point","coordinates":[-77.46678,38.32785]},"properties":{"id":"node/12847019600","name":"Whocares Auto Repairs","group":"services","category":"shop=car_repair","housenumber":"175","street":"Cambridge Street","city":"Fredericksburg","postcode":"22405","tags":";car_repair;"}},{"type":"Feature","geometry":{"type":"Point","coordinates":[-77.46665,38.32814]},"properties":{"id":"node/12847021401","name":"Fantasy Costume Rentals","group":"shopping","category":"shop=party","housenumber":"175","street":"Cambridge Street","city":"Fredericksburg","postcode":"22405","tags":";party;"}},{"type":"Feature","geometry":{"type":"Point","coordinates":[-77.36636,38.29766]},"properties":{"id":"node/12996213301","name":"Rappahannock Education Farm","group":"groceries","category":"shop=farm","website":"https://www.rappahannockfarm.org/","tags":";farm;"}},{"type":"Feature","geometry":{"type":"Point","coordinates":[-77.30157,38.65486]},"properties":{"id":"node/12997643296","name":"Shine Nails Supply","group":"personal_care","category":"shop=cosmetics","housenumber":"13825","street":"Foulger Square","city":"Woodbridge","postcode":"22192","tags":";cosmetics;nails;"}},{"type":"Feature","geometry":{"type":"Point","coordinates":[-78.4428,38.2983]},"properties":{"id":"node/13007574522","name":"Great Valu","group":"groceries","category":"shop=supermarket","housenumber":"8271","street":"Spotswood Trail","city":"Stanardsville","postcode":"22973","tags":";supermarket;"}},{"type":"Feature","geometry":{"type":"Point","coordinates":[-78.44361,38.29759]},"properties":{"id":"node/13007678470","name":"Mountainside Gas and Grocery Laundromat","group":"services","category":"shop=laundry","hours":"Mo-Su 06:00-23:00","housenumber":"8257","street":"Spotswood Trail","city":"Stanardsville","postcode":"22973","tags":";laundry;"}},{"type":"Feature","geometry":{"type":"Point","coordinates":[-78.44046,38.29668]},"properties":{"id":"node/13007737511","name":"New York Pizza","group":"food","category":"amenity=restaurant","cuisine":"pizza","phone":"+1-434-990-9009","website":"https://newyorkpizzainva.com/","housenumber":"41","street":"Ford Avenue","city":"Stanardsville","postcode":"22973","tags":";pizza;restaurant;"}},{"type":"Feature","geometry":{"type":"Point","coordinates":[-77.49434,38.34313]},"properties":{"id":"node/13018136630","name":"Quickway","group":"food","category":"amenity=restaurant","cuisine":"japanese","tags":";japanese;restaurant;"}},{"type":"Feature","geometry":{"type":"Point","coordinates":[-77.30095,38.64182]},"properties":{"id":"node/13146613861","name":"Cherish Nails","group":"personal_care","category":"shop=beauty","hours":"Mo-Fr 09:30-19:30; Sa 09:30-19:00,11:00-17:00","phone":"+1-703-560-9358","tags":";beauty;nails;"}},{"type":"Feature","geometry":{"type":"Point","coordinates":[-77.45729,38.30049]},"properties":{"id":"node/13205961201","name":"Original Grinds Coffee Co.","group":"food","category":"amenity=cafe","website":"https://www.instagram.com/ogsfxbg?igsh=MTVpZW55Zng5czh1MA==","housenumber":"615","street":"Caroline Street","postcode":"22401","tags":";cafe;coffee_shop;"}},{"type":"Feature","geometry":{"type":"Point","coordinates":[-77.49883,38.29456]},"properties":{"id":"node/13205961202","name":"Reclaim Arcade","group":"shopping","category":"shop=video_games","website":"https://reclaimarcade.com/","housenumber":"2324","street":"Plank Road","postcode":"22401","tags":";video_games;"}},{"type":"Feature","geometry":{"type":"Point","coordinates":[-78.272,38.1664]},"properties":{"id":"node/13272714083","name":"The Barn at 678","group":"food","category":"craft=winery","hours":"Mo-We closed, Th 11:00-17:00, Fr 11:00-19:00, Sa 11:00-18:00, Su 11:00-17:00","phone":"+1-434-981-3793","website":"https://www.barnat678.com/","housenumber":"6045","street":"Governor Barbour Street","city":"Barboursville","postcode":"22923","tags":";winery;"}},{"type":"Feature","geometry":{"type":"Point","coordinates":[-77.45398,38.31625]},"properties":{"id":"node/13316509521","name":"Medical Massage Clinic Inc","group":"personal_care","category":"shop=massage","hours":"Su 10:00-18:00, Mo-Fr 09:00-20:00, Sa 09:00-19:00","phone":"+1 540-321-5788","website":"https://medmassageclinic.com/","housenumber":"242","street":"Butler Road","city":"Fredericksburg","postcode":"22405","tags":";massage;"}},{"type":"Feature","geometry":{"type":"Point","coordinates":[-77.98172,38.4803]},"properties":{"id":"node/13354261265","name":"Culpeper Kitchen & Bath","group":"shopping","category":"shop=kitchen","hours":"Mo-Sa 09:00-18:00","phone":"+1-571-598-2509","website":"https://culpeperkb.com/","housenumber":"571","street":"James Madison Highway","city":"Culpeper","postcode":"22701","tags":";kitchen;"}},{"type":"Feature","geometry":{"type":"Point","coordinates":[-77.47889,37.91791]},"properties":{"id":"node/13393826278","name":"Mobile Yum Yum","group":"food","category":"amenity=fast_food","hours":"Su 11:45-14:00","phone":"+1-804-362-8833","website":"https://www.mobileyumyum1.com/","housenumber":"25215","street":"Zion Road","city":"Ruther Glen","postcode":"22546-2328","tags":";fast_food;"}},{"type":"Feature","geometry":{"type":"Point","coordinates":[-77.478,38.2808]},"properties":{"id":"node/13396004599","name":"Your Plumber","group":"services","category":"craft=plumber","phone":"+1 540-514-2829","housenumber":"110","street":"Braehead Drive","city":"Fredericksburg","postcode":"22401","tags":";plumber;"}},{"type":"Feature","geometry":{"type":"Point","coordinates":[-77.29802,38.63959]},"properties":{"id":"node/13411120120","name":"All Dolled Up","group":"personal_care","category":"shop=hairdresser","hours":"Mo-Fr 10:00-20:00; Sa 10:00-16:00; Su 10:00-15:00","phone":"+1-470-591-7891","housenumber":"2717","street":"Potomac Mills Circle","city":"Woodbridge","postcode":"22192","tags":";hairdresser;"}},{"type":"Feature","geometry":{"type":"Point","coordinates":[-77.35355,38.66071]},"properties":{"id":"node/13469158860","name":"Phone Fix","group":"services","category":"craft=electronics_repair","phone":"+1 240-644-9444","housenumber":"4812","street":"Dale Boulevard","city":"Woodbridge","postcode":"22193","tags":";electronics_repair;"}},{"type":"Feature","geometry":{"type":"Point","coordinates":[-77.35346,38.66069]},"properties":{"id":"node/13469158861","name":"Smoke Hut","group":"shopping","category":"shop=tobacco","housenumber":"4810","street":"Dale Boulevard","city":"Woodbridge","postcode":"22193","tags":";tobacco;"}},{"type":"Feature","geometry":{"type":"Point","coordinates":[-77.35323,38.66072]},"properties":{"id":"node/13469158862","name":"Peruvian Chicken & Grocery","group":"groceries","category":"shop=supermarket","housenumber":"4802","street":"Dale Boulevard","city":"Woodbridge","postcode":"22193","tags":";supermarket;"}},{"type":"Feature","geometry":{"type":"Point","coordinates":[-77.3534,38.6607]},"properties":{"id":"node/13469158863","name":"M&C Laundromat","group":"services","category":"shop=laundry","housenumber":"4806","street":"Dale Boulevard","city":"Woodbridge","postcode":"22193","tags":";laundry;"}},{"type":"Feature","geometry":{"type":"Point","coordinates":[-77.45876,38.30173]},"properties":{"id":"node/13479604491","name":"Hanover Place","group":"shopping","category":"shop=craft","hours":"Th 12:00-17:00; Fr 12:00-18:00; Sa 10:00-18:00; Su 12:00-16:00","phone":"+1-703-975-9376","website":"https://www.hanoverplacefxbg.com/","housenumber":"205","street":"Hanover Street","city":"Fredericksburg","postcode":"22401-5930","tags":";craft;"}},{"type":"Feature","geometry":{"type":"Point","coordinates":[-78.3951,38.19297]},"properties":{"id":"node/13502737688","name":"Chuck\u2019s Auto Care","group":"services","category":"shop=car_repair","hours":"Mo-Fr 08:00-17:00","phone":"+1-434-985-1919","website":"https://chucksautocareva.com/","housenumber":"43","street":"Lake Saponi Drive","city":"Barboursville","postcode":"22923","tags":";car_repair;"}},{"type":"Feature","geometry":{"type":"Point","coordinates":[-77.275,38.63512]},"properties":{"id":"node/13520740413","name":"Massage","group":"personal_care","category":"shop=massage","tags":";massage;"}},{"type":"Feature","geometry":{"type":"Point","coordinates":[-77.29043,38.62439]},"properties":{"id":"node/13522963185","name":"Blazin Handz Hair Studio","group":"personal_care","category":"shop=hairdresser","housenumber":"2701","street":"Neabsco Commons Place","city":"Woodbridge","postcode":"22191","tags":";hairdresser;"}},{"type":"Feature","geometry":{"type":"Point","coordinates":[-77.34113,38.64817]},"properties":{"id":"node/13530235217","name":"Yoders Dutch Delights","group":"food","category":"amenity=fast_food","cuisine":"donut","hours":"Su 10:00-13:00","housenumber":"14090","street":"Gemini Way","city":"Dale City","postcode":"22193-2701","tags":";donut;fast_food;"}},{"type":"Feature","geometry":{"type":"Point","coordinates":[-77.96555,38.48561]},"properties":{"id":"node/13542416704","name":"Ron's Used Tires","group":"services","category":"shop=tyres","tags":";tyres;"}},{"type":"Feature","geometry":{"type":"Point","coordinates":[-77.49502,38.25112]},"properties":{"id":"node/13571022101","name":"The Wag Shack, LLC","group":"services","category":"shop=pet_grooming","phone":"+1-540-690-1138","housenumber":"10702","street":"Stoner Drive","postcode":"22408","tags":";pet_grooming;"}},{"type":"Feature","geometry":{"type":"Point","coordinates":[-77.29449,38.63671]},"properties":{"id":"node/13710046920","name":"Beauty4U","group":"personal_care","category":"shop=hairdresser_supply","housenumber":"14353","street":"Potomac Mills Road","city":"Woodbridge","postcode":"22192","tags":";hairdresser_supply;"}},{"type":"Feature","geometry":{"type":"Point","coordinates":[-77.99374,38.49385]},"properties":{"id":"node/13728343719","name":"Willow Shade Nursery","group":"shopping","category":"shop=garden_centre","hours":"Su closed, Mo,Tu,Th,Fr 09:00-18:00, We,Sa 09:00-17:00","phone":"+1-540-445-5463","website":"https://willowshadenursery.com/","housenumber":"15180","street":"Rixeyville Road","city":"Culpeper","postcode":"22701","tags":";garden_centre;"}},{"type":"Feature","geometry":{"type":"Point","coordinates":[-77.59159,38.20579]},"properties":{"id":"node/13730813693","name":"K\u00fcl Contour Studio","group":"personal_care","category":"shop=beauty","housenumber":"9108","street":"Old Battlefield Boulevard","city":"Spotsylvania Courthouse","postcode":"22553","tags":";beauty;"}},{"type":"Feature","geometry":{"type":"Point","coordinates":[-77.59231,38.20514]},"properties":{"id":"node/13730813697","name":"Stillwater Aesthetics","group":"personal_care","category":"shop=beauty","housenumber":"7501","street":"Graham Street","city":"Spotsylvania Courthouse","postcode":"22553","tags":";beauty;"}},{"type":"Feature","geometry":{"type":"Point","coordinates":[-77.59237,38.20517]},"properties":{"id":"node/13730821603","name":"Indy & Bo Hair Co.","group":"personal_care","category":"shop=hairdresser","housenumber":"7501","street":"Graham Street","city":"Spotsylvania Courthouse","postcode":"22553","tags":";hairdresser;"}},{"type":"Feature","geometry":{"type":"Point","coordinates":[-77.43671,38.26089]},"properties":{"id":"node/13808713726","name":"The Social FXBG","group":"food","category":"amenity=bar","hours":"Tu-Th 16:00-23:00; Fr-Sa 16:00-00:00","phone":"+1-540-604-1797","website":"https://thesocialfxbg.com","housenumber":"11047","street":"Pierson Drive","city":"Fredericksburg","postcode":"22408","tags":";bar;"}},{"type":"Feature","geometry":{"type":"Point","coordinates":[-77.31207,38.57647]},"properties":{"id":"node/13809444502","name":"Tobacco Hut","group":"shopping","category":"shop=tobacco","housenumber":"17323","street":"Richmond Highway","city":"Dumfries","postcode":"22026","tags":";tobacco;"}},{"type":"Feature","geometry":{"type":"Point","coordinates":[-77.29808,38.63918]},"properties":{"id":"node/13812280415","name":"Sun.B","group":"groceries","category":"shop=convenience","housenumber":"14496","street":"Gideon Drive","city":"Woodbridge","postcode":"22192","tags":";convenience;"}},{"type":"Feature","geometry":{"type":"Point","coordinates":[-77.28742,38.62731]},"properties":{"id":"node/13840761750","name":"Aroma Latin Fusion","group":"food","category":"amenity=restaurant","cuisine":"latin_american","housenumber":"15200","street":"Potomac Town Place","city":"Woodbridge","postcode":"22191","tags":";latin_american;restaurant;"}},{"type":"Feature","geometry":{"type":"Point","coordinates":[-77.28738,38.62818]},"properties":{"id":"node/13840763011","name":"The Good Feet Store","group":"groceries","category":"shop=medical_supply","housenumber":"15101","street":"Potomac Town Place","city":"Woodbridge","postcode":"22191","tags":";medical_supply;"}},{"type":"Feature","geometry":{"type":"Point","coordinates":[-77.28746,38.62842]},"properties":{"id":"node/13840763012","name":"Chrysella","group":"shopping","category":"shop=jewelry","housenumber":"15101","street":"Rock Bridge Court","city":"Woodbridge","postcode":"22191","tags":";jewelry;"}},{"type":"Feature","geometry":{"type":"Point","coordinates":[-77.28726,38.62846]},"properties":{"id":"node/13840763013","name":"Betty's Cake","group":"food","category":"shop=pastry","housenumber":"15101","street":"Potomac Town Place","city":"Woodbridge","postcode":"22191","tags":";pastry;"}},{"type":"Feature","geometry":{"type":"Point","coordinates":[-77.28849,38.63001]},"properties":{"id":"node/13840763327","name":"VIO Med Spa","group":"personal_care","category":"shop=beauty","housenumber":"14900","street":"Potomac Town Place","city":"Woodbridge","postcode":"22191","tags":";beauty;spa;"}},{"type":"Feature","geometry":{"type":"Point","coordinates":[-77.28825,38.6303]},"properties":{"id":"node/13840763482","name":"Visual Health","group":"personal_care","category":"shop=optician","housenumber":"14901","street":"Potomac Town Place","city":"Woodbridge","postcode":"22191","tags":";optician;"}},{"type":"Feature","geometry":{"type":"Point","coordinates":[-77.28814,38.6302]},"properties":{"id":"node/13840763483","name":"Diamond Lotus Nail Spa","group":"personal_care","category":"shop=beauty","housenumber":"14901","street":"Potomac Town Place","city":"Woodbridge","postcode":"22191","tags":";beauty;nails;spa;"}},{"type":"Feature","geometry":{"type":"Point","coordinates":[-77.28773,38.62745]},"properties":{"id":"node/13840763499","name":"Campbells Frozen Custard","group":"food","category":"amenity=ice_cream","housenumber":"15200","street":"Potomac Town Place","city":"Woodbridge","postcode":"22191","tags":";ice_cream;"}},{"type":"Feature","geometry":{"type":"Point","coordinates":[-77.79665,38.30843]},"properties":{"id":"node/13914745926","name":"Breeden's Auto Repair","group":"services","category":"shop=car_repair","tags":";car_repair;"}},{"type":"Feature","geometry":{"type":"Point","coordinates":[-77.49938,38.34506]},"properties":{"id":"node/13927044005","name":"Black Rifle Coffee Company","group":"food","category":"amenity=cafe","cuisine":"coffee_shop","hours":"Mo-Su 05:30-20:00","phone":"+1-540-940-6492","website":"https://www.brccva.com/","housenumber":"591","street":"Warrenton Road","postcode":"22406","tags":";coffee_shop;cafe;"}},{"type":"Feature","geometry":{"type":"Point","coordinates":[-77.48159,38.27713]},"properties":{"id":"node/13927054101","name":"Paul\u2019s Bakery","group":"food","category":"shop=bakery","hours":"Tu-Sa 05:30-14:00","phone":"+1-540-898-2173","website":"https://shop.paulsbakery.com/","housenumber":"2008","street":"Lafayette Boulevard","postcode":"22401","tags":";bakery;"}},{"type":"Feature","geometry":{"type":"Point","coordinates":[-78.18702,38.13545]},"properties":{"id":"node/13935695556","name":"Tess & Co. Jewelers","group":"shopping","category":"shop=jewelry","hours":"Mo,Su off; Tu-Fr 10:00-17:00; Sa 10:00-16:00","tags":";jewelry;"}},{"type":"Feature","geometry":{"type":"Point","coordinates":[-78.11178,38.2395]},"properties":{"id":"node/13936929255","name":"Multilatino Market & Deli","group":"groceries","category":"shop=convenience","tags":";convenience;"}},{"type":"Feature","geometry":{"type":"Point","coordinates":[-78.11593,38.22887]},"properties":{"id":"node/13936929257","name":"Beverage Tractor","group":"shopping","category":"shop=trade","tags":";trade;"}},{"type":"Feature","geometry":{"type":"Point","coordinates":[-77.50485,38.22249]},"properties":{"id":"node/13937704564","name":"Tru Diva Beauty at Salon Plaza","group":"personal_care","category":"shop=hairdresser","hours":"Tu-Fr 10:00-18:00; Sa 09:00-17:00","phone":"+1-267-320-2535","website":"https://tru-diva-beauty.vercel.app/","housenumber":"9911","street":"Patriot Highway","city":"Fredericksburg","postcode":"22407","tags":";hairdresser;"}},{"type":"Feature","geometry":{"type":"Point","coordinates":[-77.50814,38.19493]},"properties":{"id":"node/13943986801","name":"Provisions Thrift Store","group":"shopping","category":"shop=second_hand","phone":"+15409934150","website":"https://www.provisionsthrift.org/","housenumber":"8613","street":"Patriot Highway","postcode":"22407","tags":";second_hand;"}},{"type":"Feature","geometry":{"type":"Point","coordinates":[-77.50814,38.19493]},"properties":{"id":"node/13943987101","name":"Provisions Thrift Store","group":"shopping","category":"shop=second_hand","hours":"Mo-Sa 10:00-16:00","phone":"+15409934150","website":"https://www.provisionsthrift.org/","housenumber":"8613","street":"Patriot Highway","postcode":"22407","tags":";second_hand;"}},{"type":"Feature","geometry":{"type":"Point","coordinates":[-77.36011,38.67894]},"properties":{"id":"node/13956268892","name":"Caring Loft","group":"personal_care","category":"shop=hairdresser","housenumber":"12745","street":"Apollo Drive","city":"Woodbridge","postcode":"22193","tags":";hairdresser;"}},{"type":"Feature","geometry":{"type":"Point","coordinates":[-77.36001,38.67886]},"properties":{"id":"node/13956268893","name":"RL Title & Escrow, Inc.","group":"services","category":"shop=money_lender","housenumber":"12737","street":"Apollo Drive","city":"Woodbridge","postcode":"22193","tags":";money_lender;"}},{"type":"Feature","geometry":{"type":"Point","coordinates":[-77.42923,38.42419]},"properties":{"id":"node/13979329904","name":"Turning Point","group":"food","category":"amenity=restaurant","tags":";restaurant;"}},{"type":"Feature","geometry":{"type":"Point","coordinates":[-77.42894,38.42411]},"properties":{"id":"node/13979329905","name":"My Home Thai","group":"food","category":"amenity=restaurant","cuisine":"thai","tags":";thai;restaurant;"}},{"type":"Feature","geometry":{"type":"Point","coordinates":[-77.76951,38.3145]},"properties":{"id":"node/13983932664","name":"Salon 20","group":"personal_care","category":"shop=hairdresser","tags":";hairdresser;"}},{"type":"Feature","geometry":{"type":"Point","coordinates":[-77.50213,38.23151]},"properties":{"id":"node/14056764203","name":"Don Julio Taquila","group":"food","category":"amenity=restaurant","housenumber":"4611","street":"Southpoint Parkway","tags":";restaurant;"}},{"type":"Feature","geometry":{"type":"Point","coordinates":[-77.29315,38.63634]},"properties":{"id":"node/14060514507","name":"Water's End Brewery","group":"food","category":"amenity=pub","website":"https://www.watersendbrewery.com","tags":";pub;brewery;"}},{"type":"Feature","geometry":{"type":"Point","coordinates":[-77.29572,38.6361]},"properties":{"id":"node/14060514509","name":"The Charbroil Grill","group":"food","category":"amenity=restaurant","city":"Woodbridge","tags":";restaurant;"}},{"type":"Feature","geometry":{"type":"Point","coordinates":[-77.96485,38.48639]},"properties":{"id":"node/14090463439","name":"La Chiapaneca","group":"food","category":"amenity=fast_food","cuisine":"mexican;salvadoran","hours":"Mo-Su 11:00-21:00","phone":"+1-540-827-8675","website":"https://www.chiapanecafood.com","housenumber":"15367","street":"Brandy Rd","city":"Culpeper","postcode":"22701-2547","tags":";mexican;salvadoran;fast_food;"}},{"type":"Feature","geometry":{"type":"Point","coordinates":[-78.09783,38.24298]},"properties":{"id":"node/14101934722","name":"Road Trip Camping","group":"shopping","category":"shop=caravan","phone":"+1-540-308-7596","housenumber":"381","street":"Waugh Boulevard","city":"Orange","postcode":"22960","tags":";caravan;"}},{"type":"Feature","geometry":{"type":"Point","coordinates":[-77.29401,38.64996]},"properties":{"id":"node/14109646614","name":"Grill and Thrill","group":"food","category":"amenity=restaurant","cuisine":"mexican","hours":"Fr, Sa 11:00-02:00; Su 11:00-01:00; Mo-Th 11:00-00:00","phone":"+15712427336","website":"https://www.grillandthrillusa.com/","housenumber":"22192","street":"Worth Avenue","tags":";mexican;restaurant;"}},{"type":"Feature","geometry":{"type":"Point","coordinates":[-77.32915,38.56637]},"properties":{"id":"node/14135702445","name":"Tasty Kabob Plus","group":"food","category":"amenity=fast_food","tags":";fast_food;"}},{"type":"Feature","geometry":{"type":"Point","coordinates":[-77.28447,38.27786]},"properties":{"id":"node/14144687794","name":"The Estate at Whitehall Vineyard","group":"food","category":"craft=winery","hours":"Su 12:30-17:30; Fr 17:00-20:00; Sa 13:00-18:00","phone":"+1 540 656 6958","website":"https://www.theestateatwhitehall.com/","housenumber":"3668","street":"White Hall Road","city":"King George","postcode":"22485","tags":";winery;"}},{"type":"Feature","geometry":{"type":"Point","coordinates":[-77.29015,38.61321]},"properties":{"id":"node/14175428459","name":"Koons Automotive of Woodbridge","group":"shopping","category":"shop=car","housenumber":"15610","street":"Richmond Highway","city":"Woodbridge","postcode":"22191","tags":";car;"}},{"type":"Feature","geometry":{"type":"Point","coordinates":[-77.34699,38.67788]},"properties":{"id":"node/14197991804","name":"Armetta's","group":"food","category":"amenity=restaurant","cuisine":"italian","housenumber":"4585","street":"Daisy Reid Avenue","city":"Woodbridge","postcode":"22192","tags":";italian;restaurant;"}},{"type":"Feature","geometry":{"type":"Point","coordinates":[-77.99516,38.47158]},"properties":{"id":"node/14236235391","name":"Emerald Tack & Co","group":"shopping","category":"shop=equestrian","phone":"+1-540-321-7233","housenumber":"300","street":"South East Street","city":"Culpeper","postcode":"22701","tags":";equestrian;"}},{"type":"Feature","geometry":{"type":"Point","coordinates":[-77.51224,38.24755]},"properties":{"id":"way/37528904","name":"Sweet n Sassy","group":"food","category":"amenity=restaurant","cuisine":"barbecue","housenumber":"10713","street":"Courthouse Road","city":"Fredericksburg","postcode":"22407","tags":";barbecue;restaurant;takeout;outdoor_seating;"}},{"type":"Feature","geometry":{"type":"Point","coordinates":[-77.50603,38.24082]},"properties":{"id":"way/37735553","name":"Indian Motorcycles","group":"shopping","category":"shop=motorcycle","housenumber":"10519","street":"Southpoint Parkway","city":"Fredericksburg","postcode":"22407","tags":";motorcycle;"}},{"type":"Feature","geometry":{"type":"Point","coordinates":[-77.50472,38.23235]},"properties":{"id":"way/38584509","name":"Aladin Mediterranean Kitchen","group":"food","category":"amenity=restaurant","cuisine":"mediterranean","website":"https://www.aladinkitchenva.com/","housenumber":"9901","street":"Southpoint Parkway","city":"Fredericksburg","postcode":"22407","tags":";mediterranean;restaurant;"}},{"type":"Feature","geometry":{"type":"Point","coordinates":[-77.51077,38.24815]},"properties":{"id":"way/38587860","name":"Found and Sons Funeral Chapel","group":"services","category":"shop=funeral_directors","housenumber":"10719","street":"Courthouse Road","city":"Fredericksburg","postcode":"22407","tags":";funeral_directors;"}},{"type":"Feature","geometry":{"type":"Point","coordinates":[-77.51384,38.24622]},"properties":{"id":"way/38619218","name":"Liberty Pawn & Gold","group":"services","category":"shop=pawnbroker","housenumber":"616","street":"Stoney Creek Drive","city":"Fredericksburg","postcode":"22407","tags":";pawnbroker;"}},{"type":"Feature","geometry":{"type":"Point","coordinates":[-77.498,38.24231]},"properties":{"id":"way/39256278","name":"Himalayan Heritage Restaurant and Bar","group":"food","category":"amenity=restaurant","cuisine":"indian","housenumber":"10336","street":"Spotsylvania Avenue","city":"Fredericksburg","postcode":"22408","tags":";indian;restaurant;"}},{"type":"Feature","geometry":{"type":"Point","coordinates":[-77.49604,38.24448]},"properties":{"id":"way/39256490","name":"Legends","group":"food","category":"amenity=restaurant","cuisine":"american","website":"https://legendsgrilleva.com/","housenumber":"10500","street":"Spotsylvania Avenue","city":"Fredericksburg","postcode":"22408","tags":";american;restaurant;"}},{"type":"Feature","geometry":{"type":"Point","coordinates":[-77.4985,38.24884]},"properties":{"id":"way/39256789","name":"Loan Max","group":"services","category":"shop=money_lender","housenumber":"10513","street":"Patriot Highway","city":"Fredericksburg","postcode":"22408","tags":";money_lender;"}},{"type":"Feature","geometry":{"type":"Point","coordinates":[-77.49766,38.2506]},"properties":{"id":"way/39256827","name":"Old Dominion Harley Davidson","group":"shopping","category":"shop=motorcycle","housenumber":"10611","street":"Patriot Highway","city":"Fredericksburg","postcode":"22408","tags":";motorcycle;"}},{"type":"Feature","geometry":{"type":"Point","coordinates":[-77.50048,38.25318]},"properties":{"id":"way/39256855","name":"Courthouse Tire & Service Center","group":"services","category":"shop=car_repair","housenumber":"10901","street":"Courthouse Road","city":"Fredericksburg","postcode":"22408","tags":";car_repair;tyres;"}},{"type":"Feature","geometry":{"type":"Point","coordinates":[-77.50704,38.25107]},"properties":{"id":"way/39256861","name":"Doc Auto","group":"services","category":"shop=car_repair","housenumber":"10734","street":"Courthouse Road","city":"Fredericksburg","postcode":"22408","tags":";car_repair;"}},{"type":"Feature","geometry":{"type":"Point","coordinates":[-77.49927,38.25758]},"properties":{"id":"way/39257046","name":"Classic Iron Motorocyles","group":"shopping","category":"shop=motorcycle","housenumber":"10802","street":"Patriot Highway","city":"Fredericksburg","postcode":"22408","tags":";motorcycle;"}},{"type":"Feature","geometry":{"type":"Point","coordinates":[-77.49654,38.25676]},"properties":{"id":"way/39257051","name":"Sheehy Buick GMC","group":"shopping","category":"shop=car","housenumber":"10801","street":"Patriot Highway","city":"Fredericksburg","postcode":"22408","tags":";car;"}},{"type":"Feature","geometry":{"type":"Point","coordinates":[-77.49654,38.25761]},"properties":{"id":"way/39257070","name":"Sheehy Subaru","group":"shopping","category":"shop=car","housenumber":"10811","street":"Patriot Highway","city":"Fredericksburg","postcode":"22408","tags":";car;"}},{"type":"Feature","geometry":{"type":"Point","coordinates":[-77.49693,38.25391]},"properties":{"id":"way/39257110","name":"Safford Kia","group":"shopping","category":"shop=car","housenumber":"10661","street":"Patriot Highway","city":"Fredericksburg","postcode":"22408","tags":";car;"}},{"type":"Feature","geometry":{"type":"Point","coordinates":[-77.49893,38.25433]},"properties":{"id":"way/39257162","name":"Four Mile Fork AutoPlex","group":"shopping","category":"shop=car","cuisine":"chinese","housenumber":"10911","street":"Courthouse Road","city":"Fredericksburg","postcode":"22408","tags":";chinese;car;"}},{"type":"Feature","geometry":{"type":"Point","coordinates":[-77.49821,38.25473]},"properties":{"id":"way/39257166","name":"Star Cars","group":"shopping","category":"shop=car","housenumber":"10921","street":"Courthouse Road","city":"Fredericksburg","postcode":"22408","tags":";car;"}},{"type":"Feature","geometry":{"type":"Point","coordinates":[-77.49837,38.25417]},"properties":{"id":"way/39257175","name":"Four Seasons Family Restauarnt","group":"food","category":"amenity=restaurant","cuisine":"regional;burger","housenumber":"10660","street":"Patriot Highway","city":"Fredericksburg","postcode":"22408","tags":";regional;burger;restaurant;"}},{"type":"Feature","geometry":{"type":"Point","coordinates":[-77.4963,38.25504]},"properties":{"id":"way/39257248","name":"Pohanka Nissan","group":"shopping","category":"shop=car","housenumber":"5200","street":"Jefferson Davis Highway","city":"Fredericksburg","postcode":"22408","tags":";car;"}},{"type":"Feature","geometry":{"type":"Point","coordinates":[-77.49633,38.25547]},"properties":{"id":"way/39257258","name":"Pohanka Hyundai","group":"shopping","category":"shop=car","housenumber":"10667","street":"Patriot Highway","city":"Fredericksburg","postcode":"22408","tags":";car;"}},{"type":"Feature","geometry":{"type":"Point","coordinates":[-77.51223,38.30868]},"properties":{"id":"way/39356399","name":"Oishi Japanese Cuisine","group":"food","category":"amenity=restaurant","cuisine":"japanese","hours":"Mo-Th,Su 11:00-21:00; Fr-Sa 11:00-22:00","phone":"+1 540-786-2333","website":"https://oishi1901.com/","housenumber":"1901","street":"Carl D. Silver Parkway","tags":";japanese;restaurant;"}},{"type":"Feature","geometry":{"type":"Point","coordinates":[-77.51602,38.29843]},"properties":{"id":"way/39359514","name":"Sport & Health","group":"shopping","category":"shop=sports","housenumber":"1191","street":"Central Park Boulevard","city":"Fredericksburg","postcode":"22401","tags":";sports;"}},{"type":"Feature","geometry":{"type":"Point","coordinates":[-77.51376,38.29761]},"properties":{"id":"way/39359617","name":"Shane's Rib Shack","group":"food","category":"amenity=restaurant","tags":";restaurant;"}},{"type":"Feature","geometry":{"type":"Point","coordinates":[-77.50865,38.30173]},"properties":{"id":"way/39359761","name":"Mattress Discounters","group":"shopping","category":"shop=furniture","housenumber":"1242","street":"Carl D Silver Parkway","city":"Fredericksburg","postcode":"22401","tags":";furniture;"}},{"type":"Feature","geometry":{"type":"Point","coordinates":[-77.45625,38.27298]},"properties":{"id":"way/42004310","name":"Strangeway Brewery","group":"food","category":"craft=brewery","hours":"Mo-Su 11:00-22:00","housenumber":"350","street":"Lansdowne Road","city":"Fredericksburg","postcode":"22401","tags":";brewery;"}},{"type":"Feature","geometry":{"type":"Point","coordinates":[-77.5142,38.35731]},"properties":{"id":"way/43250411","name":"Allen's Auto Sales","group":"shopping","category":"shop=car","tags":";car;"}},{"type":"Feature","geometry":{"type":"Point","coordinates":[-77.49545,38.25564]},"properties":{"id":"way/43305243","name":"Safford Chrysler Jeep Dodge","group":"shopping","category":"shop=car","housenumber":"10671","street":"Patriot Highway","city":"Fredericksburg","postcode":"22408","tags":";car;"}},{"type":"Feature","geometry":{"type":"Point","coordinates":[-77.49495,38.25661]},"properties":{"id":"way/43305247","name":"Jeep Dealership","group":"shopping","category":"shop=car","housenumber":"4535","street":"Lafayette Boulevard","city":"Fredericksburg","postcode":"22408","tags":";car;"}},{"type":"Feature","geometry":{"type":"Point","coordinates":[-77.49563,38.25719]},"properties":{"id":"way/43305252","name":"Autos Direct","group":"shopping","category":"shop=car","housenumber":"4540","street":"Lafayette Boulevard","city":"Fredericksburg","postcode":"22408","tags":";car;"}},{"type":"Feature","geometry":{"type":"Point","coordinates":[-77.49758,38.2585]},"properties":{"id":"way/43305261","name":"L & S Auto Brokers","group":"shopping","category":"shop=car","housenumber":"10820","street":"Patriot Highway","city":"Fredericksburg","postcode":"22408","tags":";car;"}},{"type":"Feature","geometry":{"type":"Point","coordinates":[-77.49781,38.25891]},"properties":{"id":"way/43305263","name":"Carpet House","group":"shopping","category":"shop=carpet","housenumber":"10822","street":"Jefferson Davis Highway","city":"Fredericksburg","postcode":"22408","tags":";carpet;"}},{"type":"Feature","geometry":{"type":"Point","coordinates":[-77.49764,38.25938]},"properties":{"id":"way/43305270","name":"Simms Furniture & Interiors","group":"shopping","category":"shop=furniture","housenumber":"4907","street":"Jefferson Davis Highway","city":"Fredericksburg","postcode":"22408","tags":";furniture;"}},{"type":"Feature","geometry":{"type":"Point","coordinates":[-77.49747,38.26057]},"properties":{"id":"way/43305332","name":"Covenant Funeral Home","group":"services","category":"shop=funeral_directors","housenumber":"10830","street":"Patriot Highway","city":"Fredericksburg","postcode":"22408","tags":";funeral_directors;"}},{"type":"Feature","geometry":{"type":"Point","coordinates":[-77.49594,38.26045]},"properties":{"id":"way/50249894","name":"Memorable Moments","group":"shopping","category":"shop=party","housenumber":"10829","street":"Patriot Highway","city":"Fredericksburg","postcode":"22408","tags":";party;"}},{"type":"Feature","geometry":{"type":"Point","coordinates":[-77.49593,38.2598]},"properties":{"id":"way/50249896","name":"E;lite Auto Sales","group":"shopping","category":"shop=car","housenumber":"10827","street":"Patriot Highway","city":"Fredericksburg","postcode":"22408","tags":";car;"}},{"type":"Feature","geometry":{"type":"Point","coordinates":[-77.51791,38.29397]},"properties":{"id":"way/50250652","name":"Mi Rancho Authentic Mexican Food","group":"food","category":"amenity=restaurant","cuisine":"mexican","housenumber":"3400","street":"Plank Road","city":"Fredericksburg","postcode":"22407","tags":";mexican;restaurant;"}},{"type":"Feature","geometry":{"type":"Point","coordinates":[-77.52642,38.29053]},"properties":{"id":"way/50250763","name":"Lane Custom Hearing","group":"personal_care","category":"shop=hearing_aids","housenumber":"3916","street":"Plank Road","city":"Fredericksburg","tags":";hearing_aids;"}},{"type":"Feature","geometry":{"type":"Point","coordinates":[-77.52775,38.28994]},"properties":{"id":"way/50250769","name":"Trivett Furniture","group":"shopping","category":"shop=furniture","housenumber":"3986","street":"Plank Road","city":"Fredericksburg","postcode":"22407","tags":";furniture;"}},{"type":"Feature","geometry":{"type":"Point","coordinates":[-77.52879,38.28955]},"properties":{"id":"way/50250777","name":"Marlo Furniture Liquidation Center","group":"shopping","category":"shop=furniture","housenumber":"4040","street":"Plank Road","city":"Fredericksburg","postcode":"22407","tags":";furniture;"}},{"type":"Feature","geometry":{"type":"Point","coordinates":[-77.53369,38.28769]},"properties":{"id":"way/50250888","name":"Regency Furniture","group":"shopping","category":"shop=furniture","housenumber":"2301","street":"Salem Church Road","city":"Fredericksburg","postcode":"22407","tags":";furniture;"}},{"type":"Feature","geometry":{"type":"Point","coordinates":[-77.54271,38.2901]},"properties":{"id":"way/50251472","name":"Rt 3 Simply Storage","group":"services","category":"shop=storage_rental","housenumber":"4801","street":"Plank Road","city":"Fredericksburg","postcode":"22407","tags":";storage_rental;"}},{"type":"Feature","geometry":{"type":"Point","coordinates":[-77.53925,38.29055]},"properties":{"id":"way/50251548","name":"Roof Works","group":"services","category":"craft=roofer","housenumber":"12108","street":"Chewning Lane","city":"Fredericksburg","postcode":"22407","tags":";roofer;"}},{"type":"Feature","geometry":{"type":"Point","coordinates":[-77.53734,38.2897]},"properties":{"id":"way/50251703","name":"Pawn King","group":"services","category":"shop=pawnbroker","housenumber":"4521","street":"Plank Road","city":"Fredericksburg","postcode":"22407","tags":";pawnbroker;"}},{"type":"Feature","geometry":{"type":"Point","coordinates":[-77.52875,38.29125]},"properties":{"id":"way/50252448","name":"Powell's Furniture","group":"shopping","category":"shop=furniture","housenumber":"4001","street":"Plank Road","city":"Fredericksburg","postcode":"22407","tags":";furniture;"}},{"type":"Feature","geometry":{"type":"Point","coordinates":[-77.52613,38.2438]},"properties":{"id":"way/51857108","name":"InTouch Auto Outlest","group":"shopping","category":"shop=car","housenumber":"10421","street":"Courthouse Road","city":"Fredericksburg","postcode":"22407","tags":";car;"}},{"type":"Feature","geometry":{"type":"Point","coordinates":[-77.52936,38.2442]},"properties":{"id":"way/51857112","name":"Honest 1 Auto Care","group":"services","category":"shop=car_repair","housenumber":"10350","street":"Courthouse Road","city":"Fredericksburg","postcode":"22407","tags":";car_repair;"}},{"type":"Feature","geometry":{"type":"Point","coordinates":[-77.34997,38.52044]},"properties":{"id":"way/68587700","name":"Quantico MCB Commissary","group":"groceries","category":"shop=supermarket","hours":"Mo-Fr 09:00-20:00; Sa 09:00-19:00; Su 09:00-18:00;PH off","tags":";supermarket;"}},{"type":"Feature","geometry":{"type":"Point","coordinates":[-77.34869,38.52025]},"properties":{"id":"way/68588091","name":"Marine Corp Exchange Dept Store","group":"shopping","category":"shop=department_store","tags":";department_store;"}},{"type":"Feature","geometry":{"type":"Point","coordinates":[-77.4675,38.29288]},"properties":{"id":"way/76256237","name":"Battlefield Restaurant","group":"food","category":"amenity=restaurant","cuisine":"american","phone":"+1 540-846-9661","housenumber":"1018","street":"Lafayette Boulevard","tags":";american;restaurant;"}},{"type":"Feature","geometry":{"type":"Point","coordinates":[-77.50641,38.22181]},"properties":{"id":"way/80966929","name":"Mexico Palace","group":"food","category":"amenity=restaurant","cuisine":"mexican","housenumber":"10001","street":"Patriot Highway","city":"Fredericksburg","tags":";mexican;restaurant;"}},{"type":"Feature","geometry":{"type":"Point","coordinates":[-77.50468,38.22673]},"properties":{"id":"way/80966944","name":"Fatty's Taphouse","group":"food","category":"amenity=restaurant","cuisine":"barbecue","housenumber":"10101","street":"Patriot Highway","city":"Fredericksburg","postcode":"22407","tags":";barbecue;restaurant;"}},{"type":"Feature","geometry":{"type":"Point","coordinates":[-77.30375,38.58893]},"properties":{"id":"way/93997254","name":"Todos Neighborhood Market","group":"groceries","category":"shop=supermarket","hours":"09:00-22:00","housenumber":"16593","street":"River Ridge Boulevard","city":"Woodbridge","postcode":"22191","tags":";supermarket;"}},{"type":"Feature","geometry":{"type":"Point","coordinates":[-77.29185,38.60875]},"properties":{"id":"way/94011517","name":"Summit Cleaners","group":"services","category":"shop=dry_cleaning","housenumber":"15822","street":"Richmond Highway","city":"Woodbridge","postcode":"22191","tags":";dry_cleaning;"}},{"type":"Feature","geometry":{"type":"Point","coordinates":[-77.29275,38.61304]},"properties":{"id":"way/94011524","name":"Lindsay Collision Center","group":"services","category":"shop=car_repair","tags":";car_repair;"}},{"type":"Feature","geometry":{"type":"Point","coordinates":[-77.29188,38.61256]},"properties":{"id":"way/94011526","name":"Ram's Auto Body","group":"services","category":"shop=car_repair","tags":";car_repair;"}},{"type":"Feature","geometry":{"type":"Point","coordinates":[-77.29148,38.61118]},"properties":{"id":"way/94011540","name":"Badd Boyz Off Road Stuff","group":"shopping","category":"shop=car_parts","tags":";car_parts;"}},{"type":"Feature","geometry":{"type":"Point","coordinates":[-77.29252,38.6187]},"properties":{"id":"way/94014503","name":"Bookstore (WB)","group":"shopping","category":"shop=books","hours":"Mo-Th 09:00-16:00","phone":"+1-703-670-0050","website":"https://nvcc.bncollege.com/","housenumber":"2644","street":"College Drive","city":"Woodbridge","postcode":"22191","tags":";books;"}},{"type":"Feature","geometry":{"type":"Point","coordinates":[-77.29676,38.64015]},"properties":{"id":"way/94030503","name":"Guapos","group":"food","category":"amenity=restaurant","cuisine":"mexican","housenumber":"14418","street":"Gideon Drive","city":"Woodbridge","postcode":"22192","tags":";mexican;restaurant;"}},{"type":"Feature","geometry":{"type":"Point","coordinates":[-77.29737,38.65217]},"properties":{"id":"way/94046127","name":"Bungalow Alehouse","group":"food","category":"amenity=restaurant","cuisine":"pub","housenumber":"2840","street":"Prince William Parkway","city":"Woodbridge","postcode":"22192","tags":";pub;restaurant;"}},{"type":"Feature","geometry":{"type":"Point","coordinates":[-77.28752,38.64598]},"properties":{"id":"way/94053174","name":"Coleman Powersports","group":"shopping","category":"shop=motorcycle","tags":";motorcycle;"}},{"type":"Feature","geometry":{"type":"Point","coordinates":[-77.28932,38.64824]},"properties":{"id":"way/94053175","name":"Collision Pro","group":"services","category":"shop=car_repair","tags":";car_repair;"}},{"type":"Feature","geometry":{"type":"Point","coordinates":[-77.29097,38.6514]},"properties":{"id":"way/94053806","name":"Potomac Mills Shell","group":"groceries","category":"shop=convenience","housenumber":"2600","street":"Prince William Parkway","city":"Woodbridge","postcode":"22192","tags":";convenience;"}},{"type":"Feature","geometry":{"type":"Point","coordinates":[-77.29487,38.65746]},"properties":{"id":"way/94223845","name":"Caton's Auto Repair","group":"services","category":"shop=car_repair","housenumber":"2605","street":"Caton Hill road","city":"Woodbridge","postcode":"22192","tags":";car_repair;"}},{"type":"Feature","geometry":{"type":"Point","coordinates":[-77.30449,38.65224]},"properties":{"id":"way/94223856","name":"El Paso","group":"food","category":"amenity=restaurant","cuisine":"mexican","housenumber":"3031","street":"Golansky Boulevard","city":"Woodbridge","postcode":"22192","tags":";mexican;restaurant;"}},{"type":"Feature","geometry":{"type":"Point","coordinates":[-77.30833,38.65144]},"properties":{"id":"way/94231979","name":"Miller Funeral Home","group":"services","category":"shop=funeral_directors","housenumber":"3200","street":"Golansky Boulevard","city":"Woodbridge","postcode":"22192","tags":";funeral_directors;"}},{"type":"Feature","geometry":{"type":"Point","coordinates":[-77.29705,38.66129]},"properties":{"id":"way/94232039","name":"Wind Rider Auto Outlet","group":"shopping","category":"shop=car","tags":";car;"}},{"type":"Feature","geometry":{"type":"Point","coordinates":[-77.31159,38.65366]},"properties":{"id":"way/94232041","name":"Georgees Grill","group":"food","category":"amenity=restaurant","cuisine":"american","housenumber":"13641","street":"Minnieville Road","city":"Woodbridge","postcode":"22193","tags":";american;restaurant;"}},{"type":"Feature","geometry":{"type":"Point","coordinates":[-77.28148,38.67504]},"properties":{"id":"way/94497757","name":"Lakeside Cafe and Grill","group":"food","category":"amenity=restaurant","cuisine":"burger;sandwich","phone":"+1-703-910-4029","housenumber":"2233","street":"Tacketts Mill Drive","city":"Lake Ridge","postcode":"22192","tags":";burger;sandwich;restaurant;"}},{"type":"Feature","geometry":{"type":"Point","coordinates":[-77.33658,38.67401]},"properties":{"id":"way/94671253","name":"Lake Ridge Auto Care","group":"services","category":"shop=car_repair","tags":";car_repair;"}},{"type":"Feature","geometry":{"type":"Point","coordinates":[-77.34758,38.67639]},"properties":{"id":"way/94847500","name":"Queen's Gambit","group":"food","category":"amenity=restaurant","cuisine":"american","housenumber":"12730","street":"Black Forest Lane","city":"Woodbridge","postcode":"22192","tags":";american;restaurant;"}},{"type":"Feature","geometry":{"type":"Point","coordinates":[-77.32494,38.66125]},"properties":{"id":"way/94847648","name":"Motorcycle Factory","group":"shopping","category":"shop=motorcycle","housenumber":"3820","street":"Prince William Parkway","city":"Woodbridge","postcode":"22192","tags":";motorcycle;"}},{"type":"Feature","geometry":{"type":"Point","coordinates":[-77.32535,38.66144]},"properties":{"id":"way/94847654","name":"Parkway Automotive","group":"services","category":"shop=car_repair","housenumber":"3830","street":"Prince William Parkway","city":"Woodbridge","postcode":"22192","tags":";car_repair;"}},{"type":"Feature","geometry":{"type":"Point","coordinates":[-77.36158,38.67858]},"properties":{"id":"way/95046092","name":"Interstate All Battery Center","group":"shopping","category":"shop=car_parts","housenumber":"5121","street":"Hoadly Road","city":"Woodbridge","postcode":"22195","tags":";car_parts;"}},{"type":"Feature","geometry":{"type":"Point","coordinates":[-77.33758,38.64539]},"properties":{"id":"way/95048263","name":"Minnieville Exxon","group":"services","category":"shop=car_repair","housenumber":"14195","street":"Minnieville Road","city":"Dale City","postcode":"22193","tags":";car_repair;"}},{"type":"Feature","geometry":{"type":"Point","coordinates":[-77.33383,38.64053]},"properties":{"id":"way/95049169","name":"Mountcastle Funeral Home","group":"services","category":"shop=funeral_directors","housenumber":"4143","street":"Dale Boulevard","city":"Woodbride","postcode":"22193","tags":";funeral_directors;"}},{"type":"Feature","geometry":{"type":"Point","coordinates":[-77.33071,38.58444]},"properties":{"id":"way/95186290","name":"El Paso Mexican Grill","group":"food","category":"amenity=restaurant","cuisine":"mexican","housenumber":"16918","street":"Dumfries Road","city":"Dumfries","postcode":"22025","tags":";mexican;restaurant;"}},{"type":"Feature","geometry":{"type":"Point","coordinates":[-77.33004,38.58395]},"properties":{"id":"way/95186323","name":"Montclair Family Restaurant","group":"food","category":"amenity=restaurant","cuisine":"american","housenumber":"17001","street":"Dumfries Road","city":"Dumfries","postcode":"22025","tags":";american;restaurant;"}},{"type":"Feature","geometry":{"type":"Point","coordinates":[-77.31625,38.57146]},"properties":{"id":"way/95530715","name":"C. B. Lucas Co. Inc.","group":"services","category":"craft=hvac","tags":";hvac;"}},{"type":"Feature","geometry":{"type":"Point","coordinates":[-77.31823,38.57311]},"properties":{"id":"way/95530732","name":"95 Motors","group":"shopping","category":"shop=car","tags":";car;"}},{"type":"Feature","geometry":{"type":"Point","coordinates":[-77.31794,38.57333]},"properties":{"id":"way/95530733","name":"1 Performance Auto Care","group":"services","category":"shop=car_repair","tags":";car_repair;"}},{"type":"Feature","geometry":{"type":"Point","coordinates":[-77.31298,38.5791]},"properties":{"id":"way/95530738","name":"Food Mart","group":"groceries","category":"shop=convenience","housenumber":"17164","street":"Richmond Highway","city":"Dumfries","postcode":"22026","tags":";convenience;"}},{"type":"Feature","geometry":{"type":"Point","coordinates":[-77.31901,38.57765]},"properties":{"id":"way/95530751","name":"Lyons Automotive Center","group":"services","category":"shop=car_repair","housenumber":"17274","street":"Dumfries Road","city":"Dumfries","postcode":"22026","tags":";car_repair;"}},{"type":"Feature","geometry":{"type":"Point","coordinates":[-77.32189,38.56801]},"properties":{"id":"way/96905627","name":"Daniels Auto Care","group":"services","category":"shop=car_repair","tags":";car_repair;"}},{"type":"Feature","geometry":{"type":"Point","coordinates":[-77.32144,38.56786]},"properties":{"id":"way/96905630","name":"Economy Auto Sales","group":"shopping","category":"shop=car","tags":";car;"}},{"type":"Feature","geometry":{"type":"Point","coordinates":[-77.32118,38.56853]},"properties":{"id":"way/96905631","name":"Select New & Used Tires","group":"services","category":"shop=tyres","tags":";tyres;"}},{"type":"Feature","geometry":{"type":"Point","coordinates":[-77.33291,38.55456]},"properties":{"id":"way/97517159","name":"Triangle Self Storage","group":"services","category":"shop=storage_rental","tags":";storage_rental;"}},{"type":"Feature","geometry":{"type":"Point","coordinates":[-77.33166,38.56145]},"properties":{"id":"way/97517633","name":"Quik Shop Food Mart","group":"groceries","category":"shop=convenience","housenumber":"18020","street":"Main Street","city":"Dumfries","postcode":"22026","tags":";convenience;"}},{"type":"Feature","geometry":{"type":"Point","coordinates":[-77.32705,38.5675]},"properties":{"id":"way/98345471","name":"Pooch Purrfect Pet Spa","group":"services","category":"shop=pet_grooming","housenumber":"17742","street":"Main Street","city":"Dumfries","postcode":"22026","tags":";pet_grooming;"}},{"type":"Feature","geometry":{"type":"Point","coordinates":[-77.32171,38.56947]},"properties":{"id":"way/98345474","name":"Mason Jar Thrift Store","group":"shopping","category":"shop=second_hand","housenumber":"17646","street":"Main Street","city":"Dumfries","postcode":"22026","tags":";second_hand;"}},{"type":"Feature","geometry":{"type":"Point","coordinates":[-77.32251,38.56928]},"properties":{"id":"way/98345487","name":"Cropper's Auto Care","group":"services","category":"shop=car_repair","housenumber":"17660","street":"Main Street","city":"Dumfries","postcode":"22026","tags":";car_repair;"}},{"type":"Feature","geometry":{"type":"Point","coordinates":[-77.32999,38.56652]},"properties":{"id":"way/98345502","name":"A&M Mechanic and Tire Service","group":"services","category":"shop=repair","tags":";repair;tyres;car_repair;"}},{"type":"Feature","geometry":{"type":"Point","coordinates":[-77.33214,38.55386]},"properties":{"id":"way/98351031","name":"Lease Car Return","group":"shopping","category":"shop=car","housenumber":"18313","street":"Richmond Highway","city":"Triangle","postcode":"22172","tags":";car;"}},{"type":"Feature","geometry":{"type":"Point","coordinates":[-77.46737,38.29312]},"properties":{"id":"way/103081385","name":"The Picket Post","group":"shopping","category":"shop=antiques","hours":"Mo-Sa 10:00-17:00; Su 12:00-17:00","phone":"+1 540-371-7703","website":"http://www.picketpost.com/","housenumber":"1016","street":"Lafayette Boulevard","tags":";antiques;"}},{"type":"Feature","geometry":{"type":"Point","coordinates":[-77.51587,38.29352]},"properties":{"id":"way/140589637","name":"Jared's","group":"shopping","category":"shop=jewelry","housenumber":"3102","street":"Plank Road","city":"Fredericksburg","postcode":"22407","tags":";jewelry;"}},{"type":"Feature","geometry":{"type":"Point","coordinates":[-78.44208,38.2975]},"properties":{"id":"way/164609682","name":"Lawson Enterprises","group":"shopping","category":"shop=car","tags":";car;"}},{"type":"Feature","geometry":{"type":"Point","coordinates":[-77.94213,38.68249]},"properties":{"id":"way/164621806","name":"Augusta Lumber","group":"services","category":"craft=sawmill","housenumber":"1317","street":"Augusta Lane","city":"Amissville","postcode":"20106","tags":";sawmill;"}},{"type":"Feature","geometry":{"type":"Point","coordinates":[-77.48141,38.30087]},"properties":{"id":"way/192372150","name":"Umi","group":"food","category":"amenity=restaurant","cuisine":"sushi","tags":";sushi;restaurant;"}},{"type":"Feature","geometry":{"type":"Point","coordinates":[-78.31012,38.35195]},"properties":{"id":"way/192808860","name":"Early Mountain Vineyards","group":"food","category":"craft=winery","hours":"11:00-18:00; Tu off","phone":"+1 540 948 9005","website":"https://www.earlymountain.com/","housenumber":"6109","street":"Wolftown-Hood Road","city":"Madison","postcode":"22727","tags":";winery;outdoor_seating;"}},{"type":"Feature","geometry":{"type":"Point","coordinates":[-77.31773,38.58626]},"properties":{"id":"way/202997049","name":"Abel Cleaning Supplies","group":"shopping","category":"shop=cleaning_supplies","hours":"Mo-Fr 08:30-17:00; PH off","phone":"+1 703 550 9446","website":"http://abelsupply.com/","housenumber":"16815","street":"Interstate Drive","city":"Dumfries","postcode":"22026","tags":";cleaning_supplies;"}},{"type":"Feature","geometry":{"type":"Point","coordinates":[-77.47382,37.93848]},"properties":{"id":"way/202997050","name":"Aunt Sarah's Pancake House","group":"food","category":"amenity=restaurant","cuisine":"regional","website":"http://auntsarahsrestaurants.com/locations.htm","housenumber":"23496","street":"Welcome Way Drive","postcode":"22546","tags":";regional;restaurant;"}},{"type":"Feature","geometry":{"type":"Point","coordinates":[-77.45976,38.30452]},"properties":{"id":"way/205346148","name":"Antique Gallery","group":"shopping","category":"shop=antiques","housenumber":"1023","street":"Caroline Street","city":"Fredericksburg","postcode":"22401","tags":";antiques;"}},{"type":"Feature","geometry":{"type":"Point","coordinates":[-77.45958,38.30416]},"properties":{"id":"way/205346151","name":"Dog Crazy","group":"shopping","category":"shop=pet","hours":"Mo-Sa 10:00-18:00; Su 11:00-17:00","phone":"+1 540-373-4168","website":"http://dogkrazyva.com/","housenumber":"1011","street":"Caroline Street","city":"Fredericksburg","postcode":"22401","tags":";pet;"}},{"type":"Feature","geometry":{"type":"Point","coordinates":[-77.45962,38.30422]},"properties":{"id":"way/205346153","name":"Dutch Tea & Spice Company","group":"food","category":"shop=deli","hours":"Mo-We 10:00-18:00; Fr-Sa 10:00-18:00; Su 11:00-18:00","website":"https://www.facebook.com/PaDutchTeaSpiceCompany","housenumber":"1013","street":"Caroline Street","city":"Fredericksburg","postcode":"22401","tags":";deli;"}},{"type":"Feature","geometry":{"type":"Point","coordinates":[-77.45966,38.30427]},"properties":{"id":"way/205346163","name":"Pa Dutch Food & Candy Company","group":"food","category":"shop=confectionery","hours":"Mo-We 10:00-18:00; Fr-Sa 10:00-18:00; Su 11:00-18:00","phone":"+1 540-656-2405","website":"https://www.facebook.com/PaDutchFoodCandyCompany","housenumber":"1015","street":"Caroline Street","city":"Fredericksburg","postcode":"22401","tags":";confectionery;"}},{"type":"Feature","geometry":{"type":"Point","coordinates":[-77.45971,38.30433]},"properties":{"id":"way/205346165","name":"Re-Run Shoppe","group":"shopping","category":"shop=clothes","website":"https://www.rerunshoppe.com/","housenumber":"1017","street":"Caroline Street","city":"Fredericksburg","postcode":"22401","tags":";clothes;"}},{"type":"Feature","geometry":{"type":"Point","coordinates":[-77.4598,38.30459]},"properties":{"id":"way/205346166","name":"Techs in the Burg","group":"shopping","category":"shop=computer","website":"https://www.techsintheburg.com/","housenumber":"1025","street":"Caroline Street","city":"Fredericksburg","postcode":"22401","tags":";computer;"}},{"type":"Feature","geometry":{"type":"Point","coordinates":[-77.45969,38.30441]},"properties":{"id":"way/205346168","name":"The Kitchen at Whittingham","group":"shopping","category":"shop=kitchen","hours":"Mo-Sa 09:00-17:30; Su 11:00-17:00","phone":"+1-540-374-0443","website":"https://www.shopwhittingham.com/","housenumber":"1019","street":"Caroline Street","city":"Fredericksburg","postcode":"22401","tags":";kitchen;"}},{"type":"Feature","geometry":{"type":"Point","coordinates":[-77.45967,38.30448]},"properties":{"id":"way/205346172","name":"Whittingham","group":"shopping","category":"shop=antiques","hours":"Mo-Sa 10:00-18:00; Su 11:00-17:00","website":"https://www.shopwhittingham.com/","housenumber":"1021","street":"Caroline Street","city":"Fredericksburg","postcode":"22401","tags":";antiques;"}},{"type":"Feature","geometry":{"type":"Point","coordinates":[-77.46022,38.30508]},"properties":{"id":"way/205349823","name":"Carter Hair Design","group":"personal_care","category":"shop=hairdresser","phone":"+1-540-373-4271","website":"https://www.carterhairdesign.com/","housenumber":"1107","street":"Caroline Street","city":"Fredericksburg","postcode":"22401","tags":";hairdresser;"}},{"type":"Feature","geometry":{"type":"Point","coordinates":[-77.4603,38.30537]},"properties":{"id":"way/205349825","name":"Eileen's Cafe & Bakery","group":"food","category":"shop=bakery","cuisine":"coffee_shop","hours":"Mo off; Tu-Su 08:00-14:00","phone":"+1 540-372-4030","website":"http://eileensbakeryandcafe.com/","housenumber":"1115","street":"Caroline Street","city":"Fredericksburg","tags":";coffee_shop;bakery;"}},{"type":"Feature","geometry":{"type":"Point","coordinates":[-77.46017,38.30502]},"properties":{"id":"way/205349833","name":"Sullivan's Barbershop","group":"personal_care","category":"shop=hairdresser","housenumber":"1105","street":"Caroline Street","city":"Fredericksburg","postcode":"22401","tags":";hairdresser;barber;"}},{"type":"Feature","geometry":{"type":"Point","coordinates":[-77.4593,38.30287]},"properties":{"id":"way/205353500","name":"Blue Shark Antiques and Collectibles","group":"shopping","category":"shop=antiques","hours":"Mo-Sa 11:00-17:00; Su 12:00-17:00","phone":"+1-540-373-5873","website":"https://www.bluesharkantiques.com/","housenumber":"904","street":"Caroline Street","tags":";antiques;"}},{"type":"Feature","geometry":{"type":"Point","coordinates":[-77.45953,38.30298]},"properties":{"id":"way/205353501","name":"Caroline Square","group":"shopping","category":"shop=antiques","website":"https://www.carolinesquare.com/","housenumber":"912, 914","street":"Caroline Street","city":"Fredericksburg","postcode":"22401","tags":";antiques;"}},{"type":"Feature","geometry":{"type":"Point","coordinates":[-77.45977,38.30349]},"properties":{"id":"way/205353502","name":"Crown Jewelers","group":"shopping","category":"shop=jewelry","hours":"Mo-Sa 09:00-17:30; Su 11:00-17:00","phone":"+1 540-373-4421","website":"https://crownjewelersfredericksburg.com/","housenumber":"200","street":"William Street","city":"Fredericksburg","postcode":"22401","tags":";jewelry;"}},{"type":"Feature","geometry":{"type":"Point","coordinates":[-77.45936,38.30272]},"properties":{"id":"way/205353507","name":"FORT to-go","group":"shopping","category":"shop=toys","hours":"Tu-Sa 11:00-17:00, Su 12:00-17:00","phone":"+1-540-371-3100","website":"https://forttogo.com, https://facebook.com/fortpureplay/","housenumber":"900","street":"Caroline Street","city":"Fredericksburg","postcode":"22401","tags":";toys;"}},{"type":"Feature","geometry":{"type":"Point","coordinates":[-77.45938,38.30278]},"properties":{"id":"way/205353511","name":"Picker's Supply Inc","group":"shopping","category":"shop=musical_instrument","phone":"+1-800-830-4669","website":"https://pickerssupply.com/","housenumber":"902","street":"Caroline Street","city":"Fredericksburg","tags":";musical_instrument;"}},{"type":"Feature","geometry":{"type":"Point","coordinates":[-77.45965,38.30314]},"properties":{"id":"way/205353512","name":"Way Back When","group":"shopping","category":"shop=antiques","hours":"Mo-Th, Su 10:00-17:00; Fr 10:00-18:00; Sa 10:00-18:00","website":"http://waybackwhen.biz/","housenumber":"918","street":"Caroline Street","city":"Fredericksburg","postcode":"22401","tags":";antiques;"}},{"type":"Feature","geometry":{"type":"Point","coordinates":[-77.45884,38.30346]},"properties":{"id":"way/205358169","name":"Capital Ale House","group":"food","category":"amenity=restaurant","website":"https://www.capitalalehouse.com/","housenumber":"917","street":"Caroline Street","city":"Fredericksburg","tags":";restaurant;"}},{"type":"Feature","geometry":{"type":"Point","coordinates":[-77.45892,38.30359]},"properties":{"id":"way/205358170","name":"Corky's","group":"shopping","category":"shop=military_surplus","website":"https://m.facebook.com/corkys.military/","housenumber":"921","street":"Caroline Street","city":"Fredericksburg","tags":";military_surplus;"}},{"type":"Feature","geometry":{"type":"Point","coordinates":[-77.45895,38.30318]},"properties":{"id":"way/205358171","name":"Southern Accents","group":"shopping","category":"shop=furniture","hours":"Mo-We,Fr-Su 11:00-17:00","phone":"+1 540-538-3398","website":"https://www.satcfred.com","housenumber":"911","street":"Caroline Street","city":"Fredericksburg","tags":";furniture;"}},{"type":"Feature","geometry":{"type":"Point","coordinates":[-77.45921,38.30356]},"properties":{"id":"way/205358173","name":"Fortune Gourmet Restaurant","group":"food","category":"amenity=restaurant","housenumber":"923","street":"Caroline Street","city":"Fredericksburg","tags":";restaurant;"}},{"type":"Feature","geometry":{"type":"Point","coordinates":[-77.45879,38.30295]},"properties":{"id":"way/205358175","name":"Goolrick's Pharmacy","group":"groceries","category":"shop=soda","website":"https://www.goolrickspharmacy.com","housenumber":"901","street":"Caroline Street","city":"Fredericksburg","tags":";soda;"}},{"type":"Feature","geometry":{"type":"Point","coordinates":[-77.45913,38.30372]},"properties":{"id":"way/205358177","name":"River Run Antique Mall","group":"shopping","category":"shop=antiques","housenumber":"925","street":"William Street","city":"Fredericksburg","tags":";antiques;"}},{"type":"Feature","geometry":{"type":"Point","coordinates":[-77.45908,38.30343]},"properties":{"id":"way/205358178","name":"Curitiba Art Cafe","group":"food","category":"amenity=cafe","hours":"Mo-Tu,Su,Th 10:00-18:00; We off; Fr 10:00-21:00; Sa 10:00-22:30","website":"https://www.curitibaartcafe.com","housenumber":"919","street":"Caroline Street","city":"Fredericksburg","tags":";cafe;outdoor_seating;"}},{"type":"Feature","geometry":{"type":"Point","coordinates":[-77.45883,38.30301]},"properties":{"id":"way/205358179","name":"Ulman's Jewelry","group":"shopping","category":"shop=jewelry","hours":"Mo-Sa 09:00-17:30","phone":"+1 540-373-9243","website":"http://www.ulmans.com/","housenumber":"903","street":"Caroline Street","city":"Fredericksburg","tags":";jewelry;"}},{"type":"Feature","geometry":{"type":"Point","coordinates":[-77.45842,38.30228]},"properties":{"id":"way/205373844","name":"Commonwealth Lighting Of Virginia","group":"shopping","category":"shop=furniture","website":"https://www.commonwealth-lighting.com/","housenumber":"811","street":"Caroline Street","city":"Fredericksburg","postcode":"22401","tags":";furniture;"}},{"type":"Feature","geometry":{"type":"Point","coordinates":[-77.45818,38.30197]},"properties":{"id":"way/205373846","name":"Sammy T's","group":"food","category":"amenity=restaurant","cuisine":"american","hours":"Mo 11:30-21:00; We 11:30-21:00; Th 11:30-21:00; Fr 11:30-22:00; Sa 11:30-22:00; Su 10:00-18:00; Tu closed","phone":"+1-540-371-2008","website":"https://www.sammyts.com/","housenumber":"801","street":"Caroline Street","city":"Fredericksburg","postcode":"22401","menu":"http://www.sammyts.com/menu","tags":";american;restaurant;delivery;outdoor_seating;"}},{"type":"Feature","geometry":{"type":"Point","coordinates":[-77.45818,38.30206]},"properties":{"id":"way/205373847","name":"Rocking Horse Gallery","group":"shopping","category":"shop=collector","hours":"Mo-Fr 10:00-17:00; Sa 10:00-18:00; Su 12:00-17:00","phone":"+1 540-371-1894","website":"https://rockinghorsegaller.wixsite.com/rockinghorsegallery","housenumber":"803","street":"Caroline Street","city":"Fredericksburg","postcode":"22401","tags":";collector;"}},{"type":"Feature","geometry":{"type":"Point","coordinates":[-77.45818,38.30214]},"properties":{"id":"way/205373848","name":"Riverby Books","group":"shopping","category":"shop=books","hours":"Mo-Sa 10:00-18:00; Su 11:00-17:00","phone":"+1 540-373-6148","website":"https://www.riverbybooks.com/","housenumber":"805","street":"Caroline Street","city":"Fredericksburg","postcode":"22401","tags":";books;"}},{"type":"Feature","geometry":{"type":"Point","coordinates":[-77.45836,38.30215]},"properties":{"id":"way/205373849","name":"Wren and Sparrow","group":"shopping","category":"shop=garden_centre","website":"https://shop.wrenandsparrow.com/","housenumber":"807","street":"Caroline Street","city":"Fredericksburg","postcode":"22401","tags":";garden_centre;"}},{"type":"Feature","geometry":{"type":"Point","coordinates":[-77.45847,38.30237]},"properties":{"id":"way/205373850","name":"Frenchman's Corner","group":"food","category":"shop=chocolate","housenumber":"817","street":"Caroline Street","city":"Fredericksburg","postcode":"22401","tags":";chocolate;"}},{"type":"Feature","geometry":{"type":"Point","coordinates":[-77.45844,38.30232]},"properties":{"id":"way/205373853","name":"Soup & Taco","group":"food","category":"amenity=restaurant","hours":"Th-Sa 11:00-21:00; Su 11:00-18:00","phone":"+1-540-899-0969","website":"https://soupntacofxbg.com/","housenumber":"813","street":"Caroline Street","city":"Fredericksburg","postcode":"22401","tags":";restaurant;mexican;"}},{"type":"Feature","geometry":{"type":"Point","coordinates":[-77.45838,38.30222]},"properties":{"id":"way/205373855","name":"Commonwealth Lighting of Virginia","group":"shopping","category":"shop=lighting","hours":"Tu,Th 09:00-19:00; Fr 09:00-17:00; Sa 09:00-16:00","phone":"+1 540-899-5576","website":"http://commonwealth-lighting.com/","housenumber":"809","street":"Caroline Street","city":"Fredericksburg","postcode":"22401","tags":";lighting;"}},{"type":"Feature","geometry":{"type":"Point","coordinates":[-77.45845,38.30235]},"properties":{"id":"way/205373856","name":"Taste Oil Vinegar Spice","group":"food","category":"shop=deli","phone":"+1-540-373-1262","website":"https://www.tasteovs.com/","housenumber":"815","street":"Caroline Street","city":"Fredericksburg","postcode":"22401","tags":";deli;"}},{"type":"Feature","geometry":{"type":"Point","coordinates":[-77.45855,38.30246]},"properties":{"id":"way/205373857","name":"Abner B's Ice Cream","group":"food","category":"amenity=ice_cream","cuisine":"ice_cream","hours":"Tu 15:00-20:00; We,Th 13:00-20:00; Fr,Sa 13:00-21:00; Su 13:00-19:00","website":"http://www.facebook.com/pages/Wallys-Homemade-Ice-Cream-Shoppe/101346753251241","housenumber":"821","street":"Caroline Street","city":"Fredericksburg","postcode":"22401","tags":";ice_cream;"}},{"type":"Feature","geometry":{"type":"Point","coordinates":[-77.45781,38.30142]},"properties":{"id":"way/205430692","name":"Bello Manzo","group":"food","category":"amenity=restaurant","cuisine":"italian","phone":"+1 540-681-1566","housenumber":"715","street":"Caroline Street","city":"Fredericksburg","postcode":"22401","tags":";italian;restaurant;"}},{"type":"Feature","geometry":{"type":"Point","coordinates":[-77.45771,38.30101]},"properties":{"id":"way/205430693","name":"Centerpiece Boutique and Studio","group":"shopping","category":"shop=gift","hours":"Mo-Tu \"by appointment only\"; We-Su 11:00-18:00","phone":"+1 540-681-1069","website":"https://www.centerpiecestudio.com","housenumber":"703","street":"Caroline Street","city":"Fredericksburg","postcode":"22401","tags":";gift;"}},{"type":"Feature","geometry":{"type":"Point","coordinates":[-77.458,38.30151]},"properties":{"id":"way/205430694","name":"Fredericksburg Jeweler","group":"shopping","category":"shop=jewelry","hours":"Mo-Sa 10:00-18:00; Su 11:00-17:00","phone":"+1-540-656-2332","website":"https://www.fredericksburgjeweler.com/","housenumber":"719","street":"Caroline Street","city":"Fredericksburg","postcode":"22401","tags":";jewelry;"}},{"type":"Feature","geometry":{"type":"Point","coordinates":[-77.45792,38.30162]},"properties":{"id":"way/205430695","name":"Heather","group":"shopping","category":"shop=clothes","housenumber":"721","street":"Caroline Street","city":"Fredericksburg","postcode":"22401","tags":";clothes;"}},{"type":"Feature","geometry":{"type":"Point","coordinates":[-77.45778,38.3012]},"properties":{"id":"way/205430698","name":"Mondays","group":"shopping","category":"shop=doityourself","hours":"Mo-Sa 11:00-18:00; Su 11:00-17:00","website":"https://mondaysplantstudio.com","housenumber":"709","street":"Caroline Street","city":"Fredericksburg","postcode":"22401","tags":";doityourself;"}},{"type":"Feature","geometry":{"type":"Point","coordinates":[-77.45784,38.30148]},"properties":{"id":"way/205430699","name":"Collector's Den","group":"shopping","category":"shop=collector","housenumber":"717","street":"Caroline Street","city":"Fredericksburg","postcode":"22401","tags":";collector;"}},{"type":"Feature","geometry":{"type":"Point","coordinates":[-77.45807,38.30173]},"properties":{"id":"way/205430700","name":"Irish Eyes of VA","group":"shopping","category":"shop=gift","hours":"Mo-Sa 10:00-18:00; Su 12:00-17:00","phone":"+1-888-474-7439","website":"https://www.irisheyesofva.com/","housenumber":"725","street":"Caroline Street","city":"Fredericksburg","postcode":"22401","tags":";gift;"}},{"type":"Feature","geometry":{"type":"Point","coordinates":[-77.45797,38.30147]},"properties":{"id":"way/205430701","name":"Olde Towne Tobacconist","group":"shopping","category":"shop=tobacco","hours":"Mo-We 10:00-20:00; Th 10:00-22:00; Fr-Sa 09:00-22:00; Su 10:30-18:00","phone":"+1-540-371-3715","website":"http://www.oldetownetobacconist.com/","housenumber":"719 A","street":"Caroline Street","city":"Fredericksburg","postcode":"22401","tags":";tobacco;"}},{"type":"Feature","geometry":{"type":"Point","coordinates":[-77.45805,38.30166]},"properties":{"id":"way/205430703","name":"Lady Legacy","group":"shopping","category":"shop=clothes","hours":"Mo-Th 10:00-17:00; Fr-Sa 10:00-18:00; Su 12:00-17:00","phone":"+1 540-899-8041","housenumber":"723","street":"Caroline Street","city":"Fredericksburg","postcode":"22401","tags":";clothes;"}},{"type":"Feature","geometry":{"type":"Point","coordinates":[-77.45769,38.30115]},"properties":{"id":"way/205430704","name":"Osan","group":"food","category":"shop=deli","cuisine":"japanese;sushi;korean","hours":"Mo off; Tu-Th 11:00-14:30,16:00-21:00; Fr 11:00-14:30,16:00-21:30; Sa 12:00-21:30; Su 12:00-20:30","phone":"+1 540-371-7562","website":"https://www.osanjapanese.com","housenumber":"707","street":"Caroline Street","city":"Fredericksburg","postcode":"22401","tags":";japanese;sushi;korean;deli;"}},{"type":"Feature","geometry":{"type":"Point","coordinates":[-77.45666,38.29956]},"properties":{"id":"way/205434533","name":"Fredericksburg Square","group":"food","category":"amenity=restaurant","phone":"+1-540-310-0063","website":"https://www.fburgsquare.com/","housenumber":"525","street":"Caroline Street","city":"Fredericksburg","postcode":"22401","tags":";restaurant;"}},{"type":"Feature","geometry":{"type":"Point","coordinates":[-77.45692,38.2998]},"properties":{"id":"way/205434548","name":"Vanity Salon","group":"personal_care","category":"shop=hairdresser","hours":"Tu-Sa \"Appointment Only\"","website":"http://www.vanitysalonllc.com/","housenumber":"531","street":"Caroline Street","city":"Fredericksburg","postcode":"22401","tags":";hairdresser;"}},{"type":"Feature","geometry":{"type":"Point","coordinates":[-77.45755,38.30009]},"properties":{"id":"way/205445783","name":"Gemstone Creations","group":"shopping","category":"shop=jewelry","hours":"Tu, Th, Fr, Sa 10:00-17:00, We 10:00-18:30","phone":"+1-540-373-7847","website":"https://www.gemstonecreations.org/","housenumber":"606","street":"Caroline Street","city":"Fredericksburg","postcode":"22401","tags":";jewelry;"}},{"type":"Feature","geometry":{"type":"Point","coordinates":[-77.45693,38.29896]},"properties":{"id":"way/205445785","name":"Uncle Sean's","group":"groceries","category":"shop=convenience","hours":"Mo-Sa 08:00-22:00; Su 09:00-21:00","housenumber":"510","street":"Caroline Street","city":"Fredericksburg","postcode":"22401","tags":";convenience;"}},{"type":"Feature","geometry":{"type":"Point","coordinates":[-77.45709,38.29936]},"properties":{"id":"way/205445793","name":"Agora Downtown Cafe","group":"food","category":"amenity=cafe","cuisine":"coffee_shop","hours":"Mo-Fr 07:00-20:00; Sa-Su 07:30-20:00","phone":"+1 540-369-8180","website":"https://agoradowntown.com","housenumber":"520","street":"Caroline Street","city":"Fredericksburg","postcode":"22401","tags":";coffee_shop;cafe;wifi;"}},{"type":"Feature","geometry":{"type":"Point","coordinates":[-77.45816,38.30102]},"properties":{"id":"way/205482350","name":"Beck's Antiques & Books","group":"shopping","category":"shop=antiques","phone":"+1-540-371-1766","website":"https://www.becksantiques.com/","housenumber":"708","street":"Caroline Street","city":"Fredericksburg","postcode":"22401","tags":";antiques;books;"}},{"type":"Feature","geometry":{"type":"Point","coordinates":[-77.45821,38.30108]},"properties":{"id":"way/205482353","name":"Old Town Clairvoyant","group":"services","category":"shop=psychic","housenumber":"710","street":"Caroline Street","city":"Fredericksburg","postcode":"22401","tags":";psychic;"}},{"type":"Feature","geometry":{"type":"Point","coordinates":[-77.45828,38.30121]},"properties":{"id":"way/205482354","name":"Skin Touch Therapy Spa","group":"personal_care","category":"shop=beauty","housenumber":"714","street":"Caroline Street","city":"Fredericksburg","postcode":"22401","tags":";beauty;spa;"}},{"type":"Feature","geometry":{"type":"Point","coordinates":[-77.45839,38.30135]},"properties":{"id":"way/205482355","name":"Peacaloo Boutique","group":"shopping","category":"shop=clothes","hours":"Mo,Su off; Tu-Th 10:00-16:00; Fr-Sa 10:00-18:00","housenumber":"720","street":"Caroline Street","city":"Fredericksburg","postcode":"22401","tags":";clothes;"}},{"type":"Feature","geometry":{"type":"Point","coordinates":[-77.45841,38.30141]},"properties":{"id":"way/205482356","name":"Benny Vitali's","group":"food","category":"amenity=restaurant","cuisine":"pizza","hours":"Mo-Th,Su 11:00-23:00; Fr-Sa 11:00-24:00","housenumber":"722","street":"Caroline Street","city":"Fredericksburg","postcode":"22401","tags":";pizza;restaurant;outdoor_seating;"}},{"type":"Feature","geometry":{"type":"Point","coordinates":[-77.45825,38.30114]},"properties":{"id":"way/205482357","name":"PONSHOP Art Studio","group":"shopping","category":"shop=art","phone":"+1-540-656-2215","website":"https://www.ponshopstudio.com/","housenumber":"710","street":"Caroline Street","city":"Fredericksburg","postcode":"22401","tags":";art;"}},{"type":"Feature","geometry":{"type":"Point","coordinates":[-77.45828,38.30125]},"properties":{"id":"way/205482358","name":"Skin Touch Therapy Spa","group":"personal_care","category":"shop=beauty","phone":"+1-540-899-7770","website":"http://www.party-elegance.com/","housenumber":"716","street":"Caroline Street","city":"Fredericksburg","postcode":"22401","tags":";beauty;spa;"}},{"type":"Feature","geometry":{"type":"Point","coordinates":[-77.45875,38.30194]},"properties":{"id":"way/205487293","name":"Bangs & Boujee Salon","group":"personal_care","category":"shop=beauty","hours":"\"Appointment Only\"","housenumber":"806","street":"Caroline Street","city":"Fredericksburg","postcode":"22401","tags":";beauty;"}},{"type":"Feature","geometry":{"type":"Point","coordinates":[-77.45885,38.30217]},"properties":{"id":"way/205487295","name":"Tea Tyme","group":"food","category":"amenity=cafe","cuisine":"bubble_tea","phone":"+1 540-368-0675","housenumber":"814","street":"Caroline Street","city":"Fredericksburg","postcode":"22401","tags":";bubble_tea;cafe;"}},{"type":"Feature","geometry":{"type":"Point","coordinates":[-77.45903,38.30218]},"properties":{"id":"way/205487296","name":"Spirits American Bar & Grill","group":"food","category":"amenity=restaurant","phone":"+1 540-371-9595","housenumber":"816","street":"Caroline Street","city":"Fredericksburg","postcode":"22401","tags":";restaurant;"}},{"type":"Feature","geometry":{"type":"Point","coordinates":[-77.45908,38.30225]},"properties":{"id":"way/205487297","name":"Bella Hair","group":"personal_care","category":"shop=hairdresser","phone":"+1 540-373-5595","housenumber":"818","street":"Caroline Street","city":"Fredericksburg","postcode":"22401","tags":";hairdresser;"}},{"type":"Feature","geometry":{"type":"Point","coordinates":[-77.45916,38.30237]},"properties":{"id":"way/205487300","name":"Du Jardin","group":"shopping","category":"shop=houseware","phone":"+1 540-374-1001","housenumber":"822","street":"Caroline Street","city":"Fredericksburg","postcode":"22401","tags":";houseware;"}},{"type":"Feature","geometry":{"type":"Point","coordinates":[-77.45864,38.3015]},"properties":{"id":"way/205487306","name":"J. Brian's Tap Room","group":"food","category":"amenity=pub","hours":"Mo-Th, Su 11:00-21:00; Fr-Sa 11:00-22:00","phone":"+1-540-373-0738","website":"https://www.jbrianstaproom.com/","housenumber":"200","street":"Hanover Street","city":"Fredericksburg","postcode":"22401","tags":";pub;"}},{"type":"Feature","geometry":{"type":"Point","coordinates":[-77.45873,38.302]},"properties":{"id":"way/205487309","name":"Sorry Mom Tattoo","group":"personal_care","category":"shop=tattoo","hours":"Mo-Sa 12:00-20:00; Su 12:00-18:00","phone":"+1 540-373-2443","website":"https://sorrymomtattoo.com/","housenumber":"808","street":"Caroline Street","city":"Fredericksburg","postcode":"22401","tags":";tattoo;"}},{"type":"Feature","geometry":{"type":"Point","coordinates":[-77.45846,38.30153]},"properties":{"id":"way/205487312","name":"Sugar and Spruce","group":"personal_care","category":"shop=beauty","hours":"Mo-Th,Su 11:00-17:00; Fr-Sa 11:00-18:00","phone":"+1 540-373-1888","website":"https://sugarandspruce.com/","housenumber":"726","street":"Caroline Street","city":"Fredericksburg","postcode":"22401","tags":";beauty;"}},{"type":"Feature","geometry":{"type":"Point","coordinates":[-77.45897,38.30502]},"properties":{"id":"way/205499787","name":"The Pig Pitt","group":"food","category":"amenity=restaurant","cuisine":"barbecue","hours":"Mo-Sa 11:00-21:00; Su 11:00-20:00","phone":"+1-540-993-4205","housenumber":"1017","street":"Sophia Street","city":"Fredericksburg","postcode":"22401","tags":";barbecue;restaurant;"}},{"type":"Feature","geometry":{"type":"Point","coordinates":[-77.45918,38.30534]},"properties":{"id":"way/205499789","name":"Tapa Rio","group":"food","category":"amenity=restaurant","cuisine":"latin_american","hours":"Tu-Sa 12:00-21:00; Su 12:00-20:00","phone":"+1-540-373-0870","website":"https://www.tapario.com/","housenumber":"1101","street":"Sophia Street","city":"Fredericksburg","postcode":"22401","tags":";latin_american;restaurant;"}},{"type":"Feature","geometry":{"type":"Point","coordinates":[-77.46025,38.30369]},"properties":{"id":"way/205598405","name":"Sweet Sheep Candy & Wonder Emporium","group":"food","category":"shop=confectionery","phone":"+1 619-333-9166","housenumber":"211","street":"William Street","city":"Fredericksburg","postcode":"22401","tags":";confectionery;"}},{"type":"Feature","geometry":{"type":"Point","coordinates":[-77.45995,38.30373]},"properties":{"id":"way/205598406","name":"Wild Hare Cidery","group":"food","category":"craft=brewery","hours":"Mo-Tu off; We-Th 15:00-21:00; Fr 14:00-22:00; Sa 12:00-22:00; Su 12:00-18:00","phone":"+1 703-402-7956","website":"https://www.wildharecider.com/","housenumber":"205","street":"William Street","city":"Fredericksburg","postcode":"22401","tags":";brewery;"}},{"type":"Feature","geometry":{"type":"Point","coordinates":[-77.45995,38.30384]},"properties":{"id":"way/205598407","name":"Apricot Lane","group":"shopping","category":"shop=clothes","phone":"+1-540-361-1400","housenumber":"1002","street":"Caroline Street","city":"Fredericksburg","postcode":"22401","tags":";clothes;"}},{"type":"Feature","geometry":{"type":"Point","coordinates":[-77.46016,38.30391]},"properties":{"id":"way/205598408","name":"Orofino","group":"food","category":"amenity=restaurant","cuisine":"italian","hours":"Mo-Th 16:00-20:15; Fr 16:00-21:15; Sa 12:00-21:15; Su off","phone":"+1 540-373-1352","housenumber":"1006","street":"Caroline Street","city":"Fredericksburg","postcode":"22401","tags":";italian;restaurant;"}},{"type":"Feature","geometry":{"type":"Point","coordinates":[-77.46056,38.30351]},"properties":{"id":"way/205598409","name":"Ava Laurenne Bride","group":"shopping","category":"shop=clothes","housenumber":"1001","street":"Princess Anne Street","city":"Fredericksburg","postcode":"22401","tags":";clothes;"}},{"type":"Feature","geometry":{"type":"Point","coordinates":[-77.46031,38.3036]},"properties":{"id":"way/205598418","name":"The Recreation Center","group":"food","category":"amenity=bar","hours":"Mo,Su off; Tu-Sa 12:00-26:00","phone":"+1 540-371-6498","housenumber":"213","street":"William Street","city":"Fredericksburg","postcode":"22401","tags":";bar;"}},{"type":"Feature","geometry":{"type":"Point","coordinates":[-77.46046,38.30362]},"properties":{"id":"way/205598421","name":"River Rock Outfitter","group":"shopping","category":"shop=outdoor","housenumber":"215","street":"William Street","city":"Fredericksburg","postcode":"22401","tags":";outdoor;"}},{"type":"Feature","geometry":{"type":"Point","coordinates":[-77.46064,38.30364]},"properties":{"id":"way/205598422","name":"Mian Noodle House","group":"food","category":"amenity=restaurant","cuisine":"noodle","phone":"+1-540-656-2969","website":"http://theotterhouse.com/","housenumber":"1005","street":"Princess Anne Street","city":"Fredericksburg","postcode":"22401","tags":";noodle;restaurant;"}},{"type":"Feature","geometry":{"type":"Point","coordinates":[-77.46119,38.30334]},"properties":{"id":"way/205604531","name":"Rebellion Bourbon Bar & Kitchen","group":"food","category":"amenity=restaurant","cuisine":"american","phone":"+1-540-861-1969","website":"https://eatatrebellion.com/fredericksburg/","housenumber":"309","street":"William Street","city":"Fredericksburg","postcode":"22401","tags":";american;restaurant;"}},{"type":"Feature","geometry":{"type":"Point","coordinates":[-77.46091,38.30337]},"properties":{"id":"way/205604545","name":"Hyperion Espresso","group":"food","category":"amenity=cafe","cuisine":"coffee_shop","hours":"Mo-Fr 07:00-18:00; Sa 07:00-19:00; Su 08:00-18:00","phone":"+1-540-373-4882","website":"https://hyperionespresso.com/","housenumber":"301, 303","street":"William Street","city":"Fredericksburg","postcode":"22401","tags":";coffee_shop;cafe;"}},{"type":"Feature","geometry":{"type":"Point","coordinates":[-77.4613,38.30334]},"properties":{"id":"way/205604546","name":"La Petite Auberge","group":"food","category":"amenity=restaurant","cuisine":"french;fine_dining","hours":"Mo-Fr 11:30-14:30, 17:30-22:00; Su 11:30-14:15, 17:30-22:00","phone":"+1-540-371-2727","website":"https://www.lapetiteaubergefred.com/","housenumber":"311","street":"William Street","city":"Fredericksburg","postcode":"22401","tags":";french;fine_dining;restaurant;"}},{"type":"Feature","geometry":{"type":"Point","coordinates":[-77.46113,38.30341]},"properties":{"id":"way/205604547","name":"Willow","group":"shopping","category":"shop=clothes","hours":"Mo-Fr 10:00-17:30; Sa 10:00-17:00; Su 12:00-16:00","phone":"+1-540-373-8570","website":"https://www.willowfxbg.com/","housenumber":"307","street":"William Street","city":"Fredericksburg","postcode":"22401","tags":";clothes;"}},{"type":"Feature","geometry":{"type":"Point","coordinates":[-77.46106,38.30344]},"properties":{"id":"way/205604549","name":"Sweet Caroline's Boutique","group":"shopping","category":"shop=clothes","phone":"+1 540-373-5858","website":"http://www.sweetcarolinesinc.com","housenumber":"305","street":"William Street","city":"Fredericksburg","postcode":"22401","tags":";clothes;"}},{"type":"Feature","geometry":{"type":"Point","coordinates":[-77.46246,38.30279]},"properties":{"id":"way/205608823","name":"Lydia's Monogrammed Gifts & Stationery","group":"shopping","category":"shop=stationery","hours":"Mo-Sa 10:00 - 18:00","phone":"+1 540-373-7023","website":"http://shoplydias.publishpath.com/","housenumber":"417","street":"William Street","city":"Fredericksburg","postcode":"22401","tags":";stationery;"}},{"type":"Feature","geometry":{"type":"Point","coordinates":[-77.46196,38.30299]},"properties":{"id":"way/205608824","name":"Olde Towne Butcher","group":"groceries","category":"shop=butcher","hours":"Mo-Fr 10:00-19:00; Sa 09:00-19:00; Su 11:00-18:00","phone":"+1-540-370-4105","website":"https://www.oldetownebutcher.com/","housenumber":"401-405","street":"William Street","city":"Fredericksburg","postcode":"22401","tags":";butcher;"}},{"type":"Feature","geometry":{"type":"Point","coordinates":[-77.46097,38.30349]},"properties":{"id":"way/205608825","name":"Visual Treats","group":"shopping","category":"shop=gift","website":"https://www.joniulmanlewis.com/","housenumber":"1002","street":"Princess Anne Street","city":"Fredericksburg","postcode":"22401","tags":";gift;"}},{"type":"Feature","geometry":{"type":"Point","coordinates":[-77.46239,38.3023]},"properties":{"id":"way/205619746","name":"Ristorante Renato","group":"food","category":"amenity=restaurant","cuisine":"italian","hours":"Mo-Fr 11:30-14:00, 16:30-22:00; Sa 16:30-22:00; Su 16:30-21:00","phone":"+1-540-371-8228","website":"https://www.rrenato.com/","housenumber":"422","street":"William Street","city":"Fredericksburg","postcode":"22401","tags":";italian;restaurant;"}},{"type":"Feature","geometry":{"type":"Point","coordinates":[-77.46145,38.30282]},"properties":{"id":"way/205626422","name":"Castiglia's Italian Restaurant","group":"food","category":"amenity=restaurant","cuisine":"italian","hours":"Mo-Th 11:00-22:00; Fr-Sa 11:00-23:00; Su 10:30-21:00","phone":"+1-540-373-6650","website":"https://www.castigliascatering.com/","housenumber":"324","street":"William Street","city":"Fredericksburg","postcode":"22401","tags":";italian;restaurant;outdoor_seating;"}},{"type":"Feature","geometry":{"type":"Point","coordinates":[-77.46124,38.30289]},"properties":{"id":"way/205626426","name":"Farenheit 132","group":"food","category":"amenity=restaurant","cuisine":"steak_house","phone":"+1-540-940-2614","website":"https://farenheit132.com","housenumber":"318","street":"William Street","city":"Fredericksburg","postcode":"22401","tags":";steak_house;restaurant;"}},{"type":"Feature","geometry":{"type":"Point","coordinates":[-77.46036,38.30236]},"properties":{"id":"way/205626435","name":"FoodE","group":"food","category":"amenity=restaurant","hours":"Mo-Th 08:30-21:00; Fr-Sa 08:00-22:00; Su 08:00-15:00","phone":"+1 540-479-1370","website":"https://www.foodefredericksburg.com/","housenumber":"900","street":"Princess Anne Street","city":"Fredericksburg","postcode":"22401","tags":";restaurant;"}},{"type":"Feature","geometry":{"type":"Point","coordinates":[-77.45533,38.29953]},"properties":{"id":"way/205658101","name":"Brock's Riverside Grill","group":"food","category":"amenity=restaurant","hours":"Mo-We,Su 11:00-23:00; Th-Sa 11:00-02:00","phone":"+1 540-370-1820","website":"https://brocksgrill.com/","housenumber":"503","street":"Caroline Street","city":"Fredericksburg","postcode":"22401","tags":";restaurant;"}},{"type":"Feature","geometry":{"type":"Point","coordinates":[-77.45816,38.30289]},"properties":{"id":"way/205663019","name":"Jagged Edge Tattoo","group":"personal_care","category":"shop=tattoo","website":"http://www.facebook.com/pages/Jagged-Edge-Tattoo/266352743408929","housenumber":"102","street":"George Street","city":"Fredericksburg","postcode":"22401","tags":";tattoo;"}},{"type":"Feature","geometry":{"type":"Point","coordinates":[-77.45975,38.30508]},"properties":{"id":"way/205677970","name":"ETC. by Southern Accents","group":"shopping","category":"shop=furniture","hours":"Mo-We,Fr-Su 11:00-17:00; Th off","phone":"+1-540-538-3398","website":"http://satcfred.com","housenumber":"109","street":"Amelia Street","city":"Fredericksburg","postcode":"22401","tags":";furniture;"}},{"type":"Feature","geometry":{"type":"Point","coordinates":[-77.46435,38.30959]},"properties":{"id":"way/205677989","name":"Olde Towne Steak and Seafood","group":"food","category":"amenity=restaurant","cuisine":"seafood;steak_house","hours":"Tu-Sa 16:00-22:00; Su 16:00-21:00","phone":"+1-540-371-8020","website":"http://www.oldetownesteakandseafood.com","housenumber":"1612","street":"Caroline Street","city":"Fredericksburg","postcode":"22401","tags":";seafood;steak_house;restaurant;"}},{"type":"Feature","geometry":{"type":"Point","coordinates":[-77.45716,38.29749]},"properties":{"id":"way/205806085","name":"25\u201330 Espresso","group":"food","category":"amenity=cafe","cuisine":"coffee_shop","hours":"Mo-Fr 06:00-16:00; Sa 07:30-16:00; Su 08:00-15:00","phone":"+1 540-368-2101","website":"https://www.2530espresso.com","housenumber":"400","street":"Princess Anne Street","city":"Fredericksburg","postcode":"22401","tags":";coffee_shop;cafe;wifi;"}},{"type":"Feature","geometry":{"type":"Point","coordinates":[-77.45894,38.29764]},"properties":{"id":"way/205823875","name":"Colonial Tavern at the Irish Brigade","group":"food","category":"amenity=restaurant","cuisine":"irish","hours":"Mo,Th-Sa 11:30-24:00; Tu off; We 16:00-22:00; Su 11:00-21:00","phone":"+1 540-373-1313","website":"https://www.irishbrigadetavern.com","housenumber":"406","street":"Lafayette Boulevard","tags":";irish;restaurant;takeout;"}},{"type":"Feature","geometry":{"type":"Point","coordinates":[-77.47321,37.9336]},"properties":{"id":"way/220795017","name":"Flying J - Carmel Church","group":"groceries","category":"shop=convenience","housenumber":"24279","street":"Rogers Clark Boulevard","postcode":"22546","tags":";convenience;"}},{"type":"Feature","geometry":{"type":"Point","coordinates":[-77.41198,38.47339]},"properties":{"id":"way/230328075","name":"Lowes Garden Center","group":"shopping","category":"shop=garden_centre","tags":";garden_centre;"}},{"type":"Feature","geometry":{"type":"Point","coordinates":[-77.41597,38.47254]},"properties":{"id":"way/230336878","name":"Fatty's Taphouse","group":"food","category":"amenity=restaurant","cuisine":"seafood","housenumber":"225","street":"Garrisonville Rd","postcode":"22554","tags":";seafood;restaurant;"}},{"type":"Feature","geometry":{"type":"Point","coordinates":[-77.42164,38.47549]},"properties":{"id":"way/230341159","name":"Umi Japanese","group":"food","category":"amenity=restaurant","cuisine":"japanese","housenumber":"20","street":"Dunn Drive","city":"Stafford","postcode":"22556","tags":";japanese;restaurant;"}},{"type":"Feature","geometry":{"type":"Point","coordinates":[-77.30625,38.65665]},"properties":{"id":"way/246323114","name":"El Polo Rico","group":"food","category":"amenity=restaurant","cuisine":"mexican","housenumber":"13470","street":"Minnieville Road","city":"Woodbridge","postcode":"22192","tags":";mexican;restaurant;"}},{"type":"Feature","geometry":{"type":"Point","coordinates":[-77.41444,38.46908]},"properties":{"id":"way/261980495","name":"Buffalo Mo's","group":"food","category":"amenity=restaurant","cuisine":"american;barbecue;burger","hours":"Mo-Fr 11:00-24:00; Sa-Su 10:00-24:00; Mo-Su 00:00-02:00; PH closed","phone":"+1 540-288-1928","housenumber":"33","street":"Wicomico Drive","city":"Stafford","postcode":"22554","tags":";american;barbecue;burger;restaurant;outdoor_seating;"}},{"type":"Feature","geometry":{"type":"Point","coordinates":[-77.46649,38.31266]},"properties":{"id":"way/262491036","name":"JP's Sports Bar and Billiards at Central Station","group":"food","category":"amenity=bar","hours":"We-Sa 16:00-02:00; Su 13:00-22:00","housenumber":"1917","street":"Princess Anne Street","city":"Fredericksburg","postcode":"22401","tags":";bar;"}},{"type":"Feature","geometry":{"type":"Point","coordinates":[-77.49172,38.28063]},"properties":{"id":"way/262795767","name":"Huber Collison Center","group":"services","category":"shop=car_repair","housenumber":"1101","street":"Dunning Mills Road","city":"Fredericksburg","postcode":"22401","tags":";car_repair;"}},{"type":"Feature","geometry":{"type":"Point","coordinates":[-77.49036,38.28032]},"properties":{"id":"way/262795768","name":"Koons Automotive of Fredericksburg South","group":"shopping","category":"shop=car","housenumber":"2303","street":"Emancipation Highway Service Road","city":"Fredericksburg","postcode":"22401","tags":";car;"}},{"type":"Feature","geometry":{"type":"Point","coordinates":[-77.48963,38.28169]},"properties":{"id":"way/262795770","name":"Express Auto Service","group":"services","category":"shop=car_repair","housenumber":"2201","street":"Emancipation Highway","city":"Fredericksburg","postcode":"22401","tags":";car_repair;"}},{"type":"Feature","geometry":{"type":"Point","coordinates":[-77.44079,38.38443]},"properties":{"id":"way/265941950","name":"Adventure Brewing Company","group":"food","category":"craft=brewery","phone":"+1 540-242-8876","website":"https://adventurebrewing.com/","housenumber":"33","street":"Perchwood Drive","city":"Fredericksburg","postcode":"22405","tags":";brewery;wheelchair_accessible;"}},{"type":"Feature","geometry":{"type":"Point","coordinates":[-77.58853,38.20045]},"properties":{"id":"way/301601156","name":"Courthouse Cafe","group":"food","category":"amenity=restaurant","tags":";restaurant;"}},{"type":"Feature","geometry":{"type":"Point","coordinates":[-77.98973,38.47899]},"properties":{"id":"way/303244913","name":"Dash of Treasure","group":"shopping","category":"shop=second_hand","tags":";second_hand;"}},{"type":"Feature","geometry":{"type":"Point","coordinates":[-77.58678,38.1988]},"properties":{"id":"way/303985922","name":"Snack Shack","group":"food","category":"amenity=fast_food","cuisine":"burger","tags":";burger;fast_food;wheelchair_accessible;"}},{"type":"Feature","geometry":{"type":"Point","coordinates":[-77.96517,38.48359]},"properties":{"id":"way/305808901","name":"Martin's","group":"groceries","category":"shop=supermarket","tags":";supermarket;"}},{"type":"Feature","geometry":{"type":"Point","coordinates":[-77.96791,38.48478]},"properties":{"id":"way/305809083","name":"Schewel's Furniture","group":"shopping","category":"shop=furniture","tags":";furniture;"}},{"type":"Feature","geometry":{"type":"Point","coordinates":[-77.97512,38.48273]},"properties":{"id":"way/305809409","name":"Ciro's Pizza E Cucina","group":"food","category":"amenity=restaurant","cuisine":"pizza","phone":"+1-540-825-0105","housenumber":"725","street":"James Madison Highway","city":"Culpeper","postcode":"22701","tags":";pizza;restaurant;"}},{"type":"Feature","geometry":{"type":"Point","coordinates":[-78.0015,38.46358]},"properties":{"id":"way/306047703","name":"Luigi's Italian Restaurant","group":"food","category":"amenity=restaurant","cuisine":"italian","website":"https://luigisculpeper.com/","housenumber":"235","street":"Southgate Shopping Center","tags":";italian;restaurant;"}},{"type":"Feature","geometry":{"type":"Point","coordinates":[-78.19512,38.42115]},"properties":{"id":"way/313962314","name":"The Brightwood General Store and Grill","group":"food","category":"amenity=restaurant","cuisine":"burger","hours":"Mo-Sa 09:00-21:00; Su 13:00-21:00","phone":"+1-540-543-2100","website":"http://brightwoodgeneral.com/","housenumber":"211","street":"Ridgeview Road","city":"Brightwood","postcode":"22715","tags":";burger;restaurant;"}},{"type":"Feature","geometry":{"type":"Point","coordinates":[-78.28305,38.1736]},"properties":{"id":"way/324369385","name":"Exchange Cafe","group":"food","category":"amenity=restaurant","cuisine":"regional","hours":"We-Sa 11:00-20:00, Su 09:00-15:00","phone":"+1-540-406-6309","website":"https://www.exchangecafeva.com/","housenumber":"5359","street":"Spotswood Trail","city":"Barboursville","postcode":"22923","tags":";regional;restaurant;"}},{"type":"Feature","geometry":{"type":"Point","coordinates":[-78.18656,38.13253]},"properties":{"id":"way/324614416","name":"The Barbeque Exchange","group":"food","category":"amenity=restaurant","cuisine":"barbecue","phone":"+1-540-832-0227","website":"https://www.bbqex.com/","housenumber":"102","street":"Martinsburg Avenue","city":"Gordonsville","postcode":"22942","tags":";barbecue;restaurant;"}},{"type":"Feature","geometry":{"type":"Point","coordinates":[-78.18682,38.13485]},"properties":{"id":"way/325835367","name":"Cavallo Gallery & Custom Framing","group":"shopping","category":"shop=interior_decoration","tags":";interior_decoration;"}},{"type":"Feature","geometry":{"type":"Point","coordinates":[-78.18691,38.13493]},"properties":{"id":"way/325835369","name":"Pr\u00e8s des Pr\u00e9s","group":"food","category":"amenity=restaurant","cuisine":"french;american","website":"https://eatpresva.com/","tags":";french;american;restaurant;"}},{"type":"Feature","geometry":{"type":"Point","coordinates":[-78.18704,38.13502]},"properties":{"id":"way/325835372","name":"Blended","group":"shopping","category":"shop=houseware","tags":";houseware;"}},{"type":"Feature","geometry":{"type":"Point","coordinates":[-78.18602,38.13376]},"properties":{"id":"way/325835399","name":"Well Hung Vineyard","group":"food","category":"amenity=restaurant","cuisine":"american","website":"https://wellhungvineyard.com/","housenumber":"300","street":"South Main Street","city":"Gordonsville","postcode":"22942","tags":";american;restaurant;"}},{"type":"Feature","geometry":{"type":"Point","coordinates":[-78.18661,38.13365]},"properties":{"id":"way/325835401","name":"Preddy Funeral Home","group":"services","category":"shop=funeral_directors","tags":";funeral_directors;"}},{"type":"Feature","geometry":{"type":"Point","coordinates":[-77.48102,38.30446]},"properties":{"id":"way/331131954","name":"Allman's BBQ","group":"food","category":"amenity=restaurant","cuisine":"barbecue","hours":"Mo-Su 11:00-19:00","phone":"+1-540-373-9881","website":"https://www.facebook.com/AllmansBarBQ/","housenumber":"20001299","street":"Emancipation Highway","city":"Fredericksburg","postcode":"22401","tags":";barbecue;restaurant;"}},{"type":"Feature","geometry":{"type":"Point","coordinates":[-77.34432,38.45788]},"properties":{"id":"way/331437336","name":"Potomac Point Winery","group":"food","category":"craft=winery","phone":"+1 540-446-2266","website":"https://www.potomacpointwinery.com/","housenumber":"275","street":"Decatur Road","city":"Stafford","postcode":"22554","tags":";winery;"}},{"type":"Feature","geometry":{"type":"Point","coordinates":[-78.66689,38.25077]},"properties":{"id":"way/366562612","name":"Loft Mountain Campstore","group":"groceries","category":"shop=general","hours":"Nov-Apr closed","tags":";general;"}},{"type":"Feature","geometry":{"type":"Point","coordinates":[-77.43332,38.634]},"properties":{"id":"way/370807567","name":"Crosby's Crab Company","group":"groceries","category":"shop=seafood","housenumber":"14718","street":"Bristow Road","city":"Manassas","postcode":"20112","tags":";seafood;"}},{"type":"Feature","geometry":{"type":"Point","coordinates":[-77.44095,38.65649]},"properties":{"id":"way/371599802","name":"Charlie Bob's Market and Deli","group":"groceries","category":"shop=convenience","housenumber":"13711","street":"Dumfries Road","city":"Manassas","postcode":"20112","tags":";convenience;"}},{"type":"Feature","geometry":{"type":"Point","coordinates":[-77.46909,38.31372]},"properties":{"id":"way/372282771","name":"Carl's Ice Cream","group":"food","category":"amenity=ice_cream","cuisine":"ice_cream","hours":"11:00-23:00","housenumber":"2200","street":"Princess Anne Street","city":"Fredericksburg","postcode":"22401","tags":";ice_cream;takeout;outdoor_seating;wheelchair_accessible;"}},{"type":"Feature","geometry":{"type":"Point","coordinates":[-77.37384,38.61328]},"properties":{"id":"way/379612377","name":"All American Steakhouse","group":"food","category":"amenity=restaurant","cuisine":"steak_house","housenumber":"5594","street":"Ashland Community Square","city":"Manassas","postcode":"20112","tags":";steak_house;restaurant;"}},{"type":"Feature","geometry":{"type":"Point","coordinates":[-77.30144,38.64769]},"properties":{"id":"way/384858809","name":"Mini U Storage","group":"services","category":"shop=storage_rental","housenumber":"13901","street":"Smoketown Road","city":"Woodbridge","postcode":"22192","tags":";storage_rental;"}},{"type":"Feature","geometry":{"type":"Point","coordinates":[-77.32763,38.66392]},"properties":{"id":"way/403158186","name":"Don Sebas Taqueria","group":"food","category":"amenity=restaurant","cuisine":"mexican","housenumber":"3908","street":"Prince William Parkway","city":"Woodbridge","postcode":"22192","tags":";mexican;restaurant;"}},{"type":"Feature","geometry":{"type":"Point","coordinates":[-77.48433,38.29697]},"properties":{"id":"way/418094242","name":"Mullins & Thompson Funeral Service","group":"services","category":"shop=funeral_directors","housenumber":"1621","street":"Jefferson Davis Highway","city":"Fredericksburg","postcode":"22401","tags":";funeral_directors;"}},{"type":"Feature","geometry":{"type":"Point","coordinates":[-77.30941,38.65575]},"properties":{"id":"way/418398674","name":"Lake Ridge Automotive","group":"services","category":"shop=car_repair","website":"https://lakeridgeautomotive.net/","housenumber":"13520","street":"Minnieville Road","city":"Woodbridge","postcode":"22192","tags":";car_repair;"}},{"type":"Feature","geometry":{"type":"Point","coordinates":[-78.32669,38.48839]},"properties":{"id":"way/431164134","name":"Graves Market & Deli","group":"groceries","category":"shop=convenience","tags":";convenience;"}},{"type":"Feature","geometry":{"type":"Point","coordinates":[-77.34685,38.05042]},"properties":{"id":"way/435903669","name":"Tinder's Jewelry & Gifts","group":"shopping","category":"shop=jewelry","housenumber":"113","street":"North Main Street","city":"Bowling Green","postcode":"22427","tags":";jewelry;"}},{"type":"Feature","geometry":{"type":"Point","coordinates":[-77.34688,38.05048]},"properties":{"id":"way/435903670","name":"The Mix House","group":"food","category":"amenity=cafe","cuisine":"coffee_shop","hours":"Mo-Fr 07:00-14:00; Sa 08:00-14:00","website":"https://www.themixhousecoffee.com/","housenumber":"115","street":"North Main Street","city":"Bowling Green","postcode":"22427","tags":";coffee_shop;cafe;outdoor_seating;"}},{"type":"Feature","geometry":{"type":"Point","coordinates":[-77.34691,38.05055]},"properties":{"id":"way/435903671","name":"Los Dos Amigos","group":"food","category":"amenity=restaurant","cuisine":"mexican","hours":"Mo-Sa 11:00-21:00","phone":"+1-804-632-6357","website":"http://losdosamigosva.com/","housenumber":"117","street":"North Main Street","city":"Bowling Green","postcode":"22427","tags":";mexican;restaurant;outdoor_seating;"}},{"type":"Feature","geometry":{"type":"Point","coordinates":[-77.34809,38.04953]},"properties":{"id":"way/435903730","name":"Mike\u2019s Outdoor Shop","group":"shopping","category":"shop=outdoor","housenumber":"113","street":"Milford Street","postcode":"22427","tags":";outdoor;"}},{"type":"Feature","geometry":{"type":"Point","coordinates":[-77.34787,38.04971]},"properties":{"id":"way/435903731","name":"Caroline Cleaners","group":"services","category":"shop=laundry","housenumber":"111","street":"Milford Street","city":"Bowling Green","postcode":"22427","tags":";laundry;dry_cleaning;"}},{"type":"Feature","geometry":{"type":"Point","coordinates":[-77.34721,38.04998]},"properties":{"id":"way/435903735","name":"Corner Store Kitchen and Market","group":"food","category":"amenity=fast_food","cuisine":"sandwich","housenumber":"100","street":"North Main Street","city":"Bowling Green","postcode":"22427","tags":";sandwich;fast_food;outdoor_seating;"}},{"type":"Feature","geometry":{"type":"Point","coordinates":[-77.34739,38.05022]},"properties":{"id":"way/435903738","name":"A&M Home Center","group":"shopping","category":"shop=hardware","housenumber":"108","street":"North Main Street","city":"Bowling Green","postcode":"22427","tags":";hardware;"}},{"type":"Feature","geometry":{"type":"Point","coordinates":[-77.34754,38.05069]},"properties":{"id":"way/435903745","name":"Snip & Trim Hair Studio","group":"personal_care","category":"shop=hairdresser","housenumber":"122","street":"North Main Street","postcode":"22427","tags":";hairdresser;"}},{"type":"Feature","geometry":{"type":"Point","coordinates":[-77.3462,38.04932]},"properties":{"id":"way/436002570","name":"Storke Funeral Home","group":"services","category":"shop=funeral_directors","housenumber":"111","street":"South Main Street","postcode":"22427","tags":";funeral_directors;"}},{"type":"Feature","geometry":{"type":"Point","coordinates":[-77.34751,38.0495]},"properties":{"id":"way/436002596","name":"John\u2019s Barber Shop","group":"personal_care","category":"shop=hairdresser","housenumber":"106","street":"Milford Street","postcode":"22427","tags":";hairdresser;barber;"}},{"type":"Feature","geometry":{"type":"Point","coordinates":[-77.34732,38.04953]},"properties":{"id":"way/436002597","name":"Classic Cottage","group":"shopping","category":"shop=antiques","housenumber":"104","street":"Milford Street","postcode":"22427","tags":";antiques;"}},{"type":"Feature","geometry":{"type":"Point","coordinates":[-77.34795,38.05106]},"properties":{"id":"way/436002620","name":"DK Guns & Ammo","group":"shopping","category":"shop=weapons","website":"https://dkfirearms.com/","housenumber":"200","street":"North Main Street","postcode":"22427","tags":";weapons;"}},{"type":"Feature","geometry":{"type":"Point","coordinates":[-77.35124,38.05389]},"properties":{"id":"way/436007718","name":"Roma's Italian Restaurant & Pizza","group":"food","category":"amenity=restaurant","cuisine":"italian","housenumber":"114","street":"West Broaddus Avenue","postcode":"22427","tags":";italian;restaurant;pizza;"}},{"type":"Feature","geometry":{"type":"Point","coordinates":[-77.35107,38.05411]},"properties":{"id":"way/436007721","name":"Embelished Details","group":"shopping","category":"shop=florist","housenumber":"106","street":"West Broaddus Avenue","postcode":"22427","tags":";florist;"}},{"type":"Feature","geometry":{"type":"Point","coordinates":[-77.3505,38.05514]},"properties":{"id":"way/436007738","name":"Samson Motor Cars","group":"shopping","category":"shop=car","housenumber":"268","street":"North Main Street","postcode":"22427","tags":";car;"}},{"type":"Feature","geometry":{"type":"Point","coordinates":[-77.46335,38.29519]},"properties":{"id":"way/444769089","name":"Eats Burgers","group":"food","category":"amenity=restaurant","cuisine":"burger","hours":"Mo,We-Th 11:00-20:00; Tu off; Fr-Sa 11:00-21:00; Su 11:00-19:00","phone":"+1 540-940-6400","website":"https://eatsburgers.com/","housenumber":"701","street":"Lafayette Boulevard","tags":";burger;restaurant;takeout;outdoor_seating;"}},{"type":"Feature","geometry":{"type":"Point","coordinates":[-77.31541,38.57495]},"properties":{"id":"way/446168177","name":"ToGo","group":"groceries","category":"shop=convenience","tags":";convenience;"}},{"type":"Feature","geometry":{"type":"Point","coordinates":[-77.9865,38.45501]},"properties":{"id":"way/450078002","name":"Minute Man MiniMall","group":"shopping","category":"shop=antiques","hours":"Mo-Sa 09:00-18:00; Su 12:00-17:00","phone":"+1 540 825 3133","housenumber":"746","street":"Germanna Highway","city":"Culpeper","postcode":"22701","tags":";antiques;"}},{"type":"Feature","geometry":{"type":"Point","coordinates":[-77.98637,38.45427]},"properties":{"id":"way/450078028","name":"VAMAC Culpeper","group":"shopping","category":"shop=doityourself","hours":"Mo-Fr 07:00-17:00","phone":"+1 540 829 6833","website":"https://www.vamac.com/","housenumber":"750","street":"Germanna Highway","city":"Culpeper","postcode":"22701","tags":";doityourself;"}},{"type":"Feature","geometry":{"type":"Point","coordinates":[-77.45488,38.27601]},"properties":{"id":"way/471493286","name":"El Rodeo Mexican Restaurant","group":"food","category":"amenity=restaurant","cuisine":"mexican","housenumber":"203","street":"Lansdowne Road","city":"Fredericksburg","postcode":"22401","tags":";mexican;restaurant;"}},{"type":"Feature","geometry":{"type":"Point","coordinates":[-77.4614,38.29666]},"properties":{"id":"way/508965826","name":"Roxbury Farm & Garden Center","group":"shopping","category":"shop=garden_centre","tags":";garden_centre;"}},{"type":"Feature","geometry":{"type":"Point","coordinates":[-77.48068,38.30637]},"properties":{"id":"way/536176219","name":"The Popcorn Bag","group":"food","category":"amenity=restaurant","tags":";restaurant;"}},{"type":"Feature","geometry":{"type":"Point","coordinates":[-77.40506,38.46045]},"properties":{"id":"way/537568576","name":"Juicy Bucket Seafood","group":"food","category":"amenity=restaurant","cuisine":"seafood","housenumber":"322;2844","street":"Town Center Boulevard","city":"Stafford","postcode":"22554","tags":";seafood;restaurant;"}},{"type":"Feature","geometry":{"type":"Point","coordinates":[-77.40535,38.46264]},"properties":{"id":"way/537570234","name":"Jay's Sports Lounge","group":"food","category":"amenity=restaurant","cuisine":"american","housenumber":"2866","street":"Richmond Highway","city":"Stafford","postcode":"22554","tags":";american;restaurant;"}},{"type":"Feature","geometry":{"type":"Point","coordinates":[-77.40585,38.45941]},"properties":{"id":"way/537570237","name":"El Gran Charro","group":"food","category":"amenity=restaurant","cuisine":"mexican","hours":"Mo-Th 11:00-22:00, Fr-Sa 11:00-23:00, Su 11:00-21:00","phone":"+1 540-720-7770","website":"http://www.elgrancharrova.com/","housenumber":"2834","street":"Richmond Highway","city":"Stafford","postcode":"22554","tags":";mexican;restaurant;"}},{"type":"Feature","geometry":{"type":"Point","coordinates":[-77.40517,38.46145]},"properties":{"id":"way/537846494","name":"Carlos O'Kelly's","group":"food","category":"amenity=restaurant","cuisine":"mexican","hours":"Su-Th 11:00-22:00, Fr-Sa 11:00-23:00","phone":"+1 540-659-9982","website":"https://www.carlosokellys.com/","housenumber":"323","street":"Town Center Boulevard","city":"Stafford","postcode":"22554","tags":";mexican;restaurant;"}},{"type":"Feature","geometry":{"type":"Point","coordinates":[-77.37777,38.47226]},"properties":{"id":"way/537863447","name":"The Clubhouse at Aquia Harbour","group":"food","category":"amenity=restaurant","housenumber":"204","street":"Bow Cove","city":"Stafford","postcode":"22554","tags":";restaurant;"}},{"type":"Feature","geometry":{"type":"Point","coordinates":[-77.40704,38.42169]},"properties":{"id":"way/538402954","name":"Covenant Funeral Service","group":"services","category":"shop=funeral_directors","phone":"+1 540-658-9221","website":"https://www.covenantfuneralservice.com/","housenumber":"1310","street":"Courthouse Road","city":"Stafford","postcode":"22554","tags":";funeral_directors;"}},{"type":"Feature","geometry":{"type":"Point","coordinates":[-77.44221,38.64938]},"properties":{"id":"way/538606225","name":"English Country Gardens","group":"shopping","category":"shop=garden_centre","housenumber":"14195","street":"Dumfries Road","city":"Manassas","postcode":"20112","tags":";garden_centre;"}},{"type":"Feature","geometry":{"type":"Point","coordinates":[-77.42921,38.43032]},"properties":{"id":"way/538615816","name":"Grounds Bistro & Cafe","group":"food","category":"amenity=cafe","cuisine":"coffee_shop","phone":"+1 540-288-8570","housenumber":"25","street":"Apricot Street","city":"Stafford","postcode":"22554","tags":";coffee_shop;cafe;takeout;outdoor_seating;"}},{"type":"Feature","geometry":{"type":"Point","coordinates":[-77.33199,38.26234]},"properties":{"id":"way/544620222","name":"Sealston Automotive","group":"shopping","category":"shop=car","tags":";car;"}},{"type":"Feature","geometry":{"type":"Point","coordinates":[-77.99494,38.4715]},"properties":{"id":"way/545508121","name":"Far Gohn Brewery","group":"food","category":"amenity=pub","tags":";pub;brewery;"}},{"type":"Feature","geometry":{"type":"Point","coordinates":[-77.32646,38.29866]},"properties":{"id":"way/546661681","name":"Burrus Roofing Inc.","group":"services","category":"craft=roofer","tags":";roofer;"}},{"type":"Feature","geometry":{"type":"Point","coordinates":[-78.27679,38.38137]},"properties":{"id":"way/551776711","name":"Bald Top","group":"food","category":"craft=brewery","website":"https://baldtopbrewing.com/","housenumber":"1830","street":"Thrift Road","city":"Madison","postcode":"22727","tags":";brewery;"}},{"type":"Feature","geometry":{"type":"Point","coordinates":[-77.42678,38.47476]},"properties":{"id":"way/556049224","name":"Vinny's Italian Grill","group":"food","category":"amenity=restaurant","cuisine":"italian;pizza","hours":"Mo-Th 11:00-22:00; Fr-Sa 11:00-23:00; Su 11:30-21:30","housenumber":"397","street":"Garrisonville Road","city":"Stafford","postcode":"22554","tags":";italian;pizza;restaurant;takeout;outdoor_seating;"}},{"type":"Feature","geometry":{"type":"Point","coordinates":[-77.49649,38.25045]},"properties":{"id":"way/562370936","name":"Affordable Automotive","group":"services","category":"shop=car_repair","housenumber":"4637","street":"Mine Road","city":"Fredericksburg","postcode":"22408","tags":";car_repair;"}},{"type":"Feature","geometry":{"type":"Point","coordinates":[-77.49663,38.2581]},"properties":{"id":"way/564088951","name":"Autos Direct","group":"shopping","category":"shop=car","housenumber":"10815","street":"Patriot Highway","city":"Fredericksburg","postcode":"22408","tags":";car;"}},{"type":"Feature","geometry":{"type":"Point","coordinates":[-77.58957,38.20143]},"properties":{"id":"way/568787832","name":"Chewnings's","group":"groceries","category":"shop=convenience","housenumber":"9100","street":"Courthouse Road","city":"Spotsylvania","postcode":"22553","tags":";convenience;"}},{"type":"Feature","geometry":{"type":"Point","coordinates":[-77.56595,38.28876]},"properties":{"id":"way/572639937","name":"Basilico's","group":"food","category":"amenity=restaurant","cuisine":"italian;regional","hours":"Mo-Sa 09:30-21:00; Su 11:00-20:00","phone":"+1-540-412-6244","housenumber":"7017","street":"Harrison Road","city":"Fredericksburg","postcode":"22407","tags":";italian;regional;restaurant;"}},{"type":"Feature","geometry":{"type":"Point","coordinates":[-77.50091,38.24479]},"properties":{"id":"way/573744295","name":"POS Auto Sales","group":"shopping","category":"shop=car","housenumber":"10420","street":"Patriot Highway","city":"Fredericksburg","postcode":"22408","tags":";car;"}},{"type":"Feature","geometry":{"type":"Point","coordinates":[-77.44836,38.27211]},"properties":{"id":"way/582075882","name":"Xpress Cars","group":"shopping","category":"shop=car","housenumber":"3301","street":"Shannon Park Drive","city":"Fredericksburg","postcode":"22408","tags":";car;"}},{"type":"Feature","geometry":{"type":"Point","coordinates":[-77.52177,38.13703]},"properties":{"id":"way/585994827","name":"P & Z Auto Repair","group":"services","category":"shop=car_repair","housenumber":"6509","street":"Patriot Highway","city":"Spotsylvania","postcode":"22551","tags":";car_repair;"}},{"type":"Feature","geometry":{"type":"Point","coordinates":[-77.49088,38.27206]},"properties":{"id":"way/587691317","name":"Purvis Ford","group":"shopping","category":"shop=car","housenumber":"11335","street":"Patriot Highway","city":"Fredericksburg","postcode":"22408","tags":";car;"}},{"type":"Feature","geometry":{"type":"Point","coordinates":[-77.45975,38.2665]},"properties":{"id":"way/587862705","name":"Trane","group":"services","category":"craft=hvac","housenumber":"11205","street":"New Albany Circle","city":"Fredericksburg","postcode":"22408","tags":";hvac;"}},{"type":"Feature","geometry":{"type":"Point","coordinates":[-77.48366,38.27215]},"properties":{"id":"way/587876566","name":"D Mart","group":"groceries","category":"shop=convenience","housenumber":"2700","street":"Lafayette Boulevard","city":"Fredericksburg","postcode":"22408","tags":";convenience;"}},{"type":"Feature","geometry":{"type":"Point","coordinates":[-77.49289,38.27315]},"properties":{"id":"way/597829826","name":"Lucky Line Motors","group":"shopping","category":"shop=car","housenumber":"11340","street":"Patriot Highway","city":"Fredericksburg","tags":";car;"}},{"type":"Feature","geometry":{"type":"Point","coordinates":[-77.51531,38.12086]},"properties":{"id":"way/604946895","name":"Airstream of Virginia","group":"shopping","category":"shop=caravan","housenumber":"5921","street":"Mallard Road","city":"Woodford","postcode":"22580","tags":";caravan;"}},{"type":"Feature","geometry":{"type":"Point","coordinates":[-77.29143,38.65631]},"properties":{"id":"way/609300261","name":"Self Storage Plus","group":"services","category":"shop=storage_rental","housenumber":"2505","street":"Caton Hill Road","city":"Woodbridge","postcode":"22192","tags":";storage_rental;"}},{"type":"Feature","geometry":{"type":"Point","coordinates":[-77.49024,38.22369]},"properties":{"id":"way/609531756","name":"Lee Hill Auto Service","group":"services","category":"shop=car_repair","housenumber":"4630","street":"Lee Hill School Drive","city":"Fredericksburg","postcode":"22408","tags":";car_repair;"}},{"type":"Feature","geometry":{"type":"Point","coordinates":[-77.49275,38.26913]},"properties":{"id":"way/614215520","name":"Sheehy Toyota","group":"shopping","category":"shop=car","housenumber":"11285","street":"Patriot Highway","city":"Fredericksburg","postcode":"22408","tags":";car;"}},{"type":"Feature","geometry":{"type":"Point","coordinates":[-77.49318,38.26852]},"properties":{"id":"way/614220933","name":"B& M Autobody","group":"services","category":"shop=car_repair","housenumber":"11275","street":"Patriot Highway","city":"Fredericksburg","postcode":"22408","tags":";car_repair;"}},{"type":"Feature","geometry":{"type":"Point","coordinates":[-77.49299,38.26878]},"properties":{"id":"way/614220936","name":"C & C Auto Sales","group":"shopping","category":"shop=car","housenumber":"11277","street":"Patriot Highway","city":"Fredericksburg","postcode":"22408","tags":";car;"}},{"type":"Feature","geometry":{"type":"Point","coordinates":[-77.31936,38.66049]},"properties":{"id":"way/620657559","name":"Kings Quick Stop Deli & Grocery","group":"groceries","category":"shop=convenience","housenumber":"3625","street":"Elm Farm Road","city":"Woodbridge","postcode":"22192","tags":";convenience;"}},{"type":"Feature","geometry":{"type":"Point","coordinates":[-78.11101,38.2357]},"properties":{"id":"way/620904194","name":"Real Food","group":"food","category":"amenity=restaurant","cuisine":"american","housenumber":"12267","street":"Old Gordonsville Road","city":"Orange","postcode":"22960","tags":";american;restaurant;"}},{"type":"Feature","geometry":{"type":"Point","coordinates":[-78.11167,38.23478]},"properties":{"id":"way/620904195","name":"Integrity Automotive","group":"services","category":"shop=car_repair","tags":";car_repair;"}},{"type":"Feature","geometry":{"type":"Point","coordinates":[-77.64471,38.041]},"properties":{"id":"way/624209010","name":"7 Express","group":"groceries","category":"shop=convenience","housenumber":"2976","street":"Partlow Road","city":"Partlow","postcode":"22534","tags":";convenience;"}},{"type":"Feature","geometry":{"type":"Point","coordinates":[-77.64622,38.04246]},"properties":{"id":"way/624209013","name":"Stop Shop Market","group":"groceries","category":"shop=convenience","housenumber":"3001","street":"Partlow Road","city":"Partlow","postcode":"22534","tags":";convenience;"}},{"type":"Feature","geometry":{"type":"Point","coordinates":[-77.50454,38.19466]},"properties":{"id":"way/625743524","name":"Downtown Garage & Autobody","group":"services","category":"shop=car_repair","housenumber":"4913","street":"Massaponax Church Road","city":"Fredericksburg","postcode":"22407","tags":";car_repair;"}},{"type":"Feature","geometry":{"type":"Point","coordinates":[-77.50885,38.21437]},"properties":{"id":"way/625972732","name":"PAL Tire","group":"shopping","category":"shop=car_parts","housenumber":"9224","street":"Filter Lane","city":"Fredericksburg","postcode":"22407","tags":";car_parts;"}},{"type":"Feature","geometry":{"type":"Point","coordinates":[-77.50901,38.21458]},"properties":{"id":"way/625972736","name":"PAL Auto Repair","group":"services","category":"shop=car_repair","housenumber":"9224","street":"Filter Lane","city":"Fredericksburg","postcode":"22407","tags":";car_repair;"}},{"type":"Feature","geometry":{"type":"Point","coordinates":[-77.50909,38.21469]},"properties":{"id":"way/625972739","name":"PAL Auto Repair","group":"services","category":"shop=car_repair","housenumber":"9236","street":"Filter Lane","city":"Fredericksburg","postcode":"22407","tags":";car_repair;"}},{"type":"Feature","geometry":{"type":"Point","coordinates":[-77.76101,38.11758]},"properties":{"id":"way/635629792","name":"Provisons Thrift Store","group":"shopping","category":"shop=second_hand","hours":"Mo-Fr 11:00-16:00","phone":"+1-540-993-4150","housenumber":"5743","street":"Courthouse Road","city":"Spotsylvania","postcode":"22551","tags":";second_hand;"}},{"type":"Feature","geometry":{"type":"Point","coordinates":[-77.52267,38.29526]},"properties":{"id":"way/636566677","name":"Dickinson Equipment","group":"shopping","category":"shop=agrarian","housenumber":"1200","street":"Bragg Road","city":"Fredericksburg","postcode":"22407","tags":";agrarian;"}},{"type":"Feature","geometry":{"type":"Point","coordinates":[-78.58537,38.27866]},"properties":{"id":"way/636606844","name":"Stone Mountain Vineyards","group":"food","category":"craft=winery","hours":"Fr-Su 11:00-19:00","phone":"+1 434 990 9463","website":"https://www.stonemountainvineyards.com/","housenumber":"1376","street":"Wyatt Mountain Road","postcode":"22935","tags":";winery;"}},{"type":"Feature","geometry":{"type":"Point","coordinates":[-78.30983,38.32038]},"properties":{"id":"way/638615651","name":"The Bavarian Chef","group":"food","category":"amenity=restaurant","cuisine":"german","hours":"We-Fr 16:30-21:00; Sa,Su 11:30-21:00","phone":"+1 540 948 6505","website":"http://www.thebavarianchef.com/madison.html","housenumber":"5102","street":"S Seminole Trail","city":"Madison","postcode":"22727","tags":";german;restaurant;"}},{"type":"Feature","geometry":{"type":"Point","coordinates":[-77.43868,38.28602]},"properties":{"id":"way/638877643","name":"Fredericksburg Motor Sports","group":"services","category":"shop=motorcycle_repair","hours":"Mo-Fr 10:00-19:00, Sa 09:00-17:00","phone":"+1 540-899-9100","website":"https://www.fmscycles.com/","housenumber":"430","street":"Kings Highway","city":"Fredericksburg","postcode":"22405","tags":";motorcycle_repair;"}},{"type":"Feature","geometry":{"type":"Point","coordinates":[-77.50779,38.23889]},"properties":{"id":"way/643008916","name":"Sindy's II","group":"personal_care","category":"shop=beauty","housenumber":"10105","street":"Southpoint Parkway","city":"Fredericksburg","postcode":"22407","tags":";beauty;"}},{"type":"Feature","geometry":{"type":"Point","coordinates":[-77.46735,38.29757]},"properties":{"id":"way/648177768","name":"Sunken Well Tavern","group":"food","category":"amenity=restaurant","cuisine":"burger;american;brunch","phone":"+1-540-370-0911","website":"https://sunkenwelltavern.com/","housenumber":"720","street":"Littlepage Street","city":"Fredericksburg","postcode":"22401","tags":";burger;american;brunch;restaurant;"}},{"type":"Feature","geometry":{"type":"Point","coordinates":[-77.47402,38.47997]},"properties":{"id":"way/648607311","name":"Barely Naked Brewing Co.","group":"food","category":"craft=brewery","housenumber":"15","street":"Tech Parkway","city":"Stafford","postcode":"22556","tags":";brewery;"}},{"type":"Feature","geometry":{"type":"Point","coordinates":[-77.29413,38.6425]},"properties":{"id":"way/655044891","name":"Crafty Crab","group":"groceries","category":"shop=seafood","housenumber":"2706","street":"Potomac Mills Circle","city":"Woodbridge","postcode":"22192","tags":";seafood;"}},{"type":"Feature","geometry":{"type":"Point","coordinates":[-77.53262,38.29122]},"properties":{"id":"way/660930466","name":"Carpet & Rugs","group":"shopping","category":"shop=carpet","phone":"+1-540-786-6226","website":"https://www.candrcarpetandrugs.com/","housenumber":"4151","street":"Plank Road","city":"Fredericksburg","postcode":"22407","tags":";carpet;"}},{"type":"Feature","geometry":{"type":"Point","coordinates":[-77.60101,38.14808]},"properties":{"id":"way/664421151","name":"Pizarro's Grocery","group":"groceries","category":"shop=convenience","housenumber":"7741","street":"Morris Road","city":"Spotsylvania","postcode":"22551","tags":";convenience;"}},{"type":"Feature","geometry":{"type":"Point","coordinates":[-77.47422,38.48005]},"properties":{"id":"way/676317941","name":"Mantle Coffee Shop","group":"food","category":"amenity=cafe","cuisine":"coffee_shop","housenumber":"15","street":"Tech Parkway","city":"Stafford","postcode":"22556","tags":";coffee_shop;cafe;outdoor_seating;"}},{"type":"Feature","geometry":{"type":"Point","coordinates":[-77.52223,38.14159]},"properties":{"id":"way/689989325","name":"Po River Self Storage","group":"services","category":"shop=storage_rental","housenumber":"6706","street":"Patriot Highway","city":"Spotsylvania","postcode":"22551","tags":";storage_rental;"}},{"type":"Feature","geometry":{"type":"Point","coordinates":[-77.51838,38.13377]},"properties":{"id":"way/689990581","name":"Thornburg Self Storage","group":"services","category":"shop=storage_rental","housenumber":"5809","street":"Mudd Tavern Road","city":"Woodford","postcode":"22580","tags":";storage_rental;"}},{"type":"Feature","geometry":{"type":"Point","coordinates":[-77.55611,38.29102]},"properties":{"id":"way/690015106","name":"Bills Service Center","group":"services","category":"shop=car_repair","housenumber":"5401","street":"Plank Road","city":"Fredericksburg","postcode":"22407","tags":";car_repair;"}},{"type":"Feature","geometry":{"type":"Point","coordinates":[-77.55664,38.29091]},"properties":{"id":"way/690015108","name":"AAA Pools","group":"shopping","category":"shop=swimming_pool","housenumber":"5405","street":"Plank Road","city":"Fredericksburg","postcode":"22407","tags":";swimming_pool;"}},{"type":"Feature","geometry":{"type":"Point","coordinates":[-77.49582,38.26568]},"properties":{"id":"way/694475053","name":"Mobility Prosthetics & Orthotics","group":"groceries","category":"shop=medical_supply","housenumber":"11160","street":"Patriot Highway","city":"Fredericksburg","postcode":"22408","tags":";medical_supply;"}},{"type":"Feature","geometry":{"type":"Point","coordinates":[-77.35388,38.66053]},"properties":{"id":"way/698984016","name":"Tires 4 Less","group":"services","category":"shop=tyres","housenumber":"4820","street":"Dale Boulevard","city":"Woodbridge","postcode":"22193","tags":";tyres;"}},{"type":"Feature","geometry":{"type":"Point","coordinates":[-77.56853,38.28984]},"properties":{"id":"way/701594043","name":"Self Storage Plus","group":"services","category":"shop=storage_rental","housenumber":"7104","street":"Harrison Road","city":"Fredericksburg","postcode":"22407","tags":";storage_rental;"}},{"type":"Feature","geometry":{"type":"Point","coordinates":[-77.55214,38.29099]},"properties":{"id":"way/724762897","name":"Mullens Garage","group":"services","category":"shop=car_repair","housenumber":"5209","street":"Plank Road","city":"Fredericksburg","postcode":"22407","tags":";car_repair;"}},{"type":"Feature","geometry":{"type":"Point","coordinates":[-77.55175,38.29058]},"properties":{"id":"way/724762898","name":"Heart & Soul Computer","group":"shopping","category":"shop=computer","housenumber":"5209","street":"Plank Road","city":"Fredericksburg","postcode":"22407","tags":";computer;"}},{"type":"Feature","geometry":{"type":"Point","coordinates":[-77.42577,38.25304]},"properties":{"id":"way/726590681","name":"Benchmark Motors","group":"shopping","category":"shop=car","housenumber":"10801","street":"Tidewater Trail","city":"Fredericksburg","postcode":"22408","tags":";car;"}},{"type":"Feature","geometry":{"type":"Point","coordinates":[-77.54885,38.29054]},"properties":{"id":"way/732182930","name":"Meadows Farm Nurseries","group":"shopping","category":"shop=garden_centre","street":"Plank Road","city":"Fredericksburg","postcode":"22407","tags":";garden_centre;"}},{"type":"Feature","geometry":{"type":"Point","coordinates":[-77.51147,38.18749]},"properties":{"id":"way/734011727","name":"Quarles Petroleum","group":"shopping","category":"shop=gas","housenumber":"8325","street":"Patriot Highway","city":"Fredericksburg","postcode":"22407","tags":";gas;"}},{"type":"Feature","geometry":{"type":"Point","coordinates":[-77.49966,38.24488]},"properties":{"id":"way/737753446","name":"Tires and More","group":"services","category":"shop=tyres","housenumber":"10418","street":"Patriot Highway","city":"Fredericksburg","postcode":"22408","tags":";tyres;"}},{"type":"Feature","geometry":{"type":"Point","coordinates":[-77.55704,38.29003]},"properties":{"id":"way/749263645","name":"Chancellor Self Storage","group":"services","category":"shop=storage_rental","housenumber":"6430","street":"Wrights Lane","city":"Fredericksburg","postcode":"22407","tags":";storage_rental;"}},{"type":"Feature","geometry":{"type":"Point","coordinates":[-77.49182,38.26356]},"properties":{"id":"way/751164675","name":"Bennetts","group":"services","category":"shop=tyres","housenumber":"3925","street":"Lafayette Boulevard","city":"Fredericksburg","postcode":"22408","tags":";tyres;"}},{"type":"Feature","geometry":{"type":"Point","coordinates":[-77.4913,38.26456]},"properties":{"id":"way/751192286","name":"A.L. Bennett & Sons","group":"services","category":"shop=funeral_directors","housenumber":"200","street":"Butternut Drive","city":"Fredericksburg","postcode":"22408","tags":";funeral_directors;"}},{"type":"Feature","geometry":{"type":"Point","coordinates":[-77.40333,38.4679]},"properties":{"id":"way/753584636","name":"Neighbor Market","group":"groceries","category":"shop=convenience","tags":";convenience;"}},{"type":"Feature","geometry":{"type":"Point","coordinates":[-77.50663,38.24036]},"properties":{"id":"way/771660618","name":"Kickback Jacks","group":"food","category":"amenity=restaurant","cuisine":"burger","housenumber":"10415","street":"Southpoint Parkway","city":"Fredericksburg","postcode":"22407","tags":";burger;restaurant;"}},{"type":"Feature","geometry":{"type":"Point","coordinates":[-77.55837,38.2353]},"properties":{"id":"way/778141389","name":"Performance Boats","group":"shopping","category":"shop=boat","housenumber":"9816","street":"Courthouse Road","city":"Spotsylvania","postcode":"22553","tags":";boat;"}},{"type":"Feature","geometry":{"type":"Point","coordinates":[-77.31678,38.6843]},"properties":{"id":"way/780254278","name":"Water's End Brewery","group":"food","category":"craft=brewery","housenumber":"12425","street":"Dillingham Square","postcode":"22192","tags":";brewery;"}},{"type":"Feature","geometry":{"type":"Point","coordinates":[-77.51146,38.01852]},"properties":{"id":"way/781025663","name":"Giuseppe's Italian Restaurant & Pizzeria","group":"food","category":"amenity=restaurant","cuisine":"italian","housenumber":"18024","street":"Center Drive","city":"Ruther Glen","postcode":"22546","tags":";italian;restaurant;pizza;"}},{"type":"Feature","geometry":{"type":"Point","coordinates":[-77.51848,38.06262]},"properties":{"id":"way/781056384","name":"Hart's Auction","group":"shopping","category":"shop=antiques","housenumber":"14415","street":"Jefferson Davis Highway","postcode":"22580","tags":";antiques;"}},{"type":"Feature","geometry":{"type":"Point","coordinates":[-77.59414,37.99961]},"properties":{"id":"way/781057352","name":"Caroline Supermarket","group":"groceries","category":"shop=supermarket","housenumber":"19268","street":"Partlow Road","postcode":"23015","tags":";supermarket;"}},{"type":"Feature","geometry":{"type":"Point","coordinates":[-77.46589,37.93956]},"properties":{"id":"way/781067020","name":"Mr. Fuel Travel Center","group":"groceries","category":"shop=convenience","housenumber":"23818","street":"Rogers Clark Boulevard","city":"Ruther Glen","postcode":"22546","tags":";convenience;"}},{"type":"Feature","geometry":{"type":"Point","coordinates":[-77.4587,38.30383]},"properties":{"id":"way/797763157","name":"Hair Studio of Olde Towne","group":"personal_care","category":"shop=hairdresser","housenumber":"100","street":"William Street","city":"Fredericksburg","postcode":"22401","tags":";hairdresser;"}},{"type":"Feature","geometry":{"type":"Point","coordinates":[-77.46066,38.29795]},"properties":{"id":"way/812979560","name":"Downtown Cleaners","group":"services","category":"shop=dry_cleaning","tags":";dry_cleaning;"}},{"type":"Feature","geometry":{"type":"Point","coordinates":[-77.46466,38.2948]},"properties":{"id":"way/812996679","name":"SpinCo Laundromat","group":"services","category":"shop=laundry","tags":";laundry;"}},{"type":"Feature","geometry":{"type":"Point","coordinates":[-77.46341,38.29539]},"properties":{"id":"way/819342247","name":"Auto Restyling Solutions","group":"services","category":"craft=window_tinting","tags":";window_tinting;car_repair;"}},{"type":"Feature","geometry":{"type":"Point","coordinates":[-77.51672,38.24631]},"properties":{"id":"way/819426669","name":"Jimmy T's","group":"food","category":"amenity=ice_cream","housenumber":"10631","street":"Courthouse Road","city":"Fredericksburg","postcode":"22407","tags":";ice_cream;"}},{"type":"Feature","geometry":{"type":"Point","coordinates":[-77.46188,38.29554]},"properties":{"id":"way/820113915","name":"Super Tech Auto Repair","group":"services","category":"shop=car_repair","phone":"+1 540-371-9888","housenumber":"620","street":"Lafayette Boulevard","tags":";car_repair;"}},{"type":"Feature","geometry":{"type":"Point","coordinates":[-77.46157,38.29575]},"properties":{"id":"way/820113916","name":"Lafayette Tire Center","group":"services","category":"shop=tyres","phone":"+1 540-371-5771","housenumber":"614","street":"Lafayette Boulevard","tags":";tyres;"}},{"type":"Feature","geometry":{"type":"Point","coordinates":[-77.46784,38.30078]},"properties":{"id":"way/824136672","name":"Freddy Donuts","group":"food","category":"amenity=restaurant","cuisine":"donut","hours":"Mo-Su 07:00-19:00","housenumber":"801","street":"William Street","postcode":"22401","tags":";donut;restaurant;outdoor_seating;"}},{"type":"Feature","geometry":{"type":"Point","coordinates":[-77.4685,38.30056]},"properties":{"id":"way/824136675","name":"Express Foodmart","group":"groceries","category":"shop=convenience","housenumber":"811","street":"William Street","tags":";convenience;"}},{"type":"Feature","geometry":{"type":"Point","coordinates":[-77.55991,38.23643]},"properties":{"id":"way/824224650","name":"Acors Topsoil and Mulch","group":"shopping","category":"shop=garden_centre","housenumber":"6601","street":"Macklin Drive","city":"Spotsylvania","postcode":"22553","tags":";garden_centre;"}},{"type":"Feature","geometry":{"type":"Point","coordinates":[-77.55861,38.23478]},"properties":{"id":"way/824224651","name":"Cambridge Auto Sales, Inc","group":"shopping","category":"shop=car","housenumber":"9810","street":"Courthouse Road","city":"Spotsylvania","postcode":"22553","tags":";car;"}},{"type":"Feature","geometry":{"type":"Point","coordinates":[-77.55911,38.2343]},"properties":{"id":"way/824224653","name":"Twin Bow Market","group":"groceries","category":"shop=convenience","housenumber":"9800","street":"Courthouse Road","city":"Spotsylvania","postcode":"22553","tags":";convenience;"}},{"type":"Feature","geometry":{"type":"Point","coordinates":[-78.03501,38.45672]},"properties":{"id":"way/833375371","name":"The Ole Country Store & Bakery","group":"groceries","category":"shop=country_store","tags":";country_store;"}},{"type":"Feature","geometry":{"type":"Point","coordinates":[-77.48327,38.22246]},"properties":{"id":"way/835844312","name":"My Storage","group":"services","category":"shop=storage_rental","housenumber":"9600","street":"Cosner Drive","city":"Fredericksburg","postcode":"22408","tags":";storage_rental;"}},{"type":"Feature","geometry":{"type":"Point","coordinates":[-77.99431,38.47923]},"properties":{"id":"way/854524076","name":"Superior New & Used Tires","group":"services","category":"shop=tyres","tags":";tyres;"}},{"type":"Feature","geometry":{"type":"Point","coordinates":[-77.99719,38.47687]},"properties":{"id":"way/854524078","name":"Historic Smoke Cigar Lounge","group":"shopping","category":"shop=tobacco","tags":";tobacco;"}},{"type":"Feature","geometry":{"type":"Point","coordinates":[-77.99413,38.47622]},"properties":{"id":"way/854524079","name":"BC Automotive","group":"shopping","category":"shop=car_parts","tags":";car_parts;"}},{"type":"Feature","geometry":{"type":"Point","coordinates":[-77.99566,38.47548]},"properties":{"id":"way/854524081","name":"The Paint Bucket","group":"shopping","category":"shop=paint","tags":";paint;"}},{"type":"Feature","geometry":{"type":"Point","coordinates":[-77.99556,38.4759]},"properties":{"id":"way/854524098","name":"M & M Auto Sales","group":"shopping","category":"shop=car","tags":";car;"}},{"type":"Feature","geometry":{"type":"Point","coordinates":[-78.40336,38.32423]},"properties":{"id":"way/858753512","name":"The Hlls Grille","group":"food","category":"amenity=restaurant","cuisine":"burger;bar_and_grill","phone":"+1-434-985-7328","website":"https://www.greenehillsclub.com/facilities_hills_grille/","housenumber":"3858","street":"Dundee Road","city":"Stanardsville","postcode":"22973","tags":";burger;bar_and_grill;restaurant;"}},{"type":"Feature","geometry":{"type":"Point","coordinates":[-78.4335,38.29733]},"properties":{"id":"way/859090938","name":"Snead's Automotive Center","group":"services","category":"shop=car_repair","tags":";car_repair;"}},{"type":"Feature","geometry":{"type":"Point","coordinates":[-77.80993,38.08975]},"properties":{"id":"way/874693247","name":"Lake Country Marine","group":"shopping","category":"shop=boat","housenumber":"13721","street":"Anna Point Lane","city":"Mineral","postcode":"23117","tags":";boat;"}},{"type":"Feature","geometry":{"type":"Point","coordinates":[-77.81166,38.08933]},"properties":{"id":"way/874693251","name":"Fish Tales","group":"groceries","category":"shop=convenience","housenumber":"13725","street":"Anna Point Lane","city":"Mineral","postcode":"23117","tags":";convenience;"}},{"type":"Feature","geometry":{"type":"Point","coordinates":[-77.46327,38.30802]},"properties":{"id":"way/876152147","name":"Red Dragon Bewery","group":"food","category":"amenity=pub","website":"https://www.reddragonbrewery.com/","housenumber":"1419","street":"Princess Anne Street","city":"Fredericksburg","postcode":"22401","tags":";pub;"}},{"type":"Feature","geometry":{"type":"Point","coordinates":[-77.34645,38.51919]},"properties":{"id":"way/876597796","name":"MCX Package Store","group":"groceries","category":"shop=convenience","hours":"Mo-Fr 06:00-21:00; Sa 08:00-21:00; Su,PH 09:00-19:00","tags":";convenience;"}},{"type":"Feature","geometry":{"type":"Point","coordinates":[-77.81187,38.08765]},"properties":{"id":"way/877682790","name":"Highpoint Marina","group":"shopping","category":"shop=boat","tags":";boat;"}},{"type":"Feature","geometry":{"type":"Point","coordinates":[-77.59347,38.29419]},"properties":{"id":"way/880604826","name":"Battlefield Country Store","group":"groceries","category":"shop=supermarket","housenumber":"6150","street":"Plank Road","city":"Fredericksburg","postcode":"22407","tags":";supermarket;"}},{"type":"Feature","geometry":{"type":"Point","coordinates":[-77.45059,38.27411]},"properties":{"id":"way/880754376","name":"Rush Truck Center","group":"services","category":"shop=car_repair","housenumber":"3400","street":"Lee Hill Drive","city":"Fredericksburg","postcode":"22408","tags":";car_repair;"}},{"type":"Feature","geometry":{"type":"Point","coordinates":[-77.51967,38.29433]},"properties":{"id":"way/893449435","name":"Mission Barbecue","group":"food","category":"amenity=restaurant","cuisine":"barbecue","hours":"Mo-Sa 11:00-21:00; Su 11:30-20:00","housenumber":"3515","street":"Plank Road","city":"Fredericksburg","postcode":"22407","tags":";barbecue;restaurant;"}},{"type":"Feature","geometry":{"type":"Point","coordinates":[-77.55467,38.28997]},"properties":{"id":"way/900384655","name":"McGowan's Barber Shop","group":"personal_care","category":"shop=hairdresser","housenumber":"5308","street":"Plank Road","city":"Fredericksburg","postcode":"22407","tags":";hairdresser;barber;"}},{"type":"Feature","geometry":{"type":"Point","coordinates":[-77.55464,38.28988]},"properties":{"id":"way/900384656","name":"George's Pizza","group":"food","category":"amenity=restaurant","cuisine":"pizza","housenumber":"5306","street":"Plank Road","city":"Fredericksburg","postcode":"22407","tags":";pizza;restaurant;"}},{"type":"Feature","geometry":{"type":"Point","coordinates":[-77.55398,38.28988]},"properties":{"id":"way/900384658","name":"Plumb Perfect Plumbing","group":"services","category":"craft=plumber","housenumber":"6305","street":"Old Plank Road","city":"Fredericksburg","postcode":"22407","tags":";plumber;"}},{"type":"Feature","geometry":{"type":"Point","coordinates":[-77.66477,38.04981]},"properties":{"id":"way/903852177","name":"Broaddus Automotive","group":"services","category":"shop=car_repair","housenumber":"9528","street":"Fairview Road","city":"Partlow","postcode":"22534","tags":";car_repair;"}},{"type":"Feature","geometry":{"type":"Point","coordinates":[-77.68586,38.31637]},"properties":{"id":"way/905772782","name":"Laurel Hill Funeral Home","group":"services","category":"shop=funeral_directors","housenumber":"10127","street":"Plank Road","city":"Spotsylvania","postcode":"22553","tags":";funeral_directors;"}},{"type":"Feature","geometry":{"type":"Point","coordinates":[-77.50793,38.19588]},"properties":{"id":"way/907748321","name":"Family Motors","group":"shopping","category":"shop=car","housenumber":"8621","street":"Patriot Highway","city":"Fredericksburg","postcode":"22407","tags":";car;"}},{"type":"Feature","geometry":{"type":"Point","coordinates":[-77.50798,38.19529]},"properties":{"id":"way/907748328","name":"Family Motors","group":"shopping","category":"shop=car","housenumber":"8613","street":"Patriot Highway","city":"Fredericksburg","postcode":"22407","tags":";car;"}},{"type":"Feature","geometry":{"type":"Point","coordinates":[-77.50643,38.20465]},"properties":{"id":"way/907748350","name":"Pic-A-Part","group":"shopping","category":"shop=car_parts","housenumber":"8901","street":"Jefferson Davis Highway","city":"Fredericksburg","postcode":"22407","tags":";car_parts;"}},{"type":"Feature","geometry":{"type":"Point","coordinates":[-77.31202,38.57755]},"properties":{"id":"way/931598433","name":"Motion Motorcars","group":"shopping","category":"shop=car","housenumber":"17273","street":"Richmond Highway","city":"Dumfries","postcode":"22026","tags":";car;"}},{"type":"Feature","geometry":{"type":"Point","coordinates":[-77.9974,38.4712]},"properties":{"id":"way/932569368","name":"Shenandoah Garden Spot","group":"shopping","category":"shop=garden_centre","tags":";garden_centre;"}},{"type":"Feature","geometry":{"type":"Point","coordinates":[-77.47503,38.31619]},"properties":{"id":"way/953732872","name":"Advanced Transmission","group":"services","category":"shop=car_repair","housenumber":"429","street":"Wallace Street","city":"Fredericksburg","postcode":"22401","tags":";car_repair;"}},{"type":"Feature","geometry":{"type":"Point","coordinates":[-77.47332,38.31773]},"properties":{"id":"way/953742446","name":"RV Collision","group":"services","category":"shop=car_repair","housenumber":"317","street":"Wallace Street","city":"Fredericksburg","postcode":"22401","tags":";car_repair;"}},{"type":"Feature","geometry":{"type":"Point","coordinates":[-77.4738,38.3173]},"properties":{"id":"way/953742447","name":"Scuba Shack","group":"shopping","category":"shop=scuba_diving","housenumber":"325","street":"Wallace Street","city":"Fredericksburg","tags":";scuba_diving;"}},{"type":"Feature","geometry":{"type":"Point","coordinates":[-77.4737,38.31739]},"properties":{"id":"way/953742448","name":"La Petite Spa","group":"personal_care","category":"shop=beauty","housenumber":"321","street":"Wallace Street","city":"Fredericksburg","postcode":"22401","tags":";beauty;spa;"}},{"type":"Feature","geometry":{"type":"Point","coordinates":[-77.47358,38.31751]},"properties":{"id":"way/953742449","name":"Parrish Body Shop","group":"services","category":"shop=car_repair","tags":";car_repair;"}},{"type":"Feature","geometry":{"type":"Point","coordinates":[-77.45924,38.30249]},"properties":{"id":"way/962681794","name":"Fredericksburg Cupcake","group":"food","category":"shop=bakery","housenumber":"826","street":"Caroline Street","tags":";bakery;"}},{"type":"Feature","geometry":{"type":"Point","coordinates":[-78.15422,38.4364]},"properties":{"id":"way/965341075","name":"Prince Michel Vineyard and Winery","group":"food","category":"craft=winery","housenumber":"154","street":"Winery Lane","city":"Leon","postcode":"22725","tags":";winery;"}},{"type":"Feature","geometry":{"type":"Point","coordinates":[-77.52114,38.13337]},"properties":{"id":"way/966558300","name":"Poco Loco","group":"food","category":"amenity=restaurant","cuisine":"mexican","tags":";mexican;restaurant;"}},{"type":"Feature","geometry":{"type":"Point","coordinates":[-77.40142,38.44854]},"properties":{"id":"way/976500252","name":"Pets Plus","group":"shopping","category":"shop=pet","website":"https://www.petsplusinc.com/","housenumber":"2610","street":"Richmond Highway","postcode":"22554","tags":";pet;"}},{"type":"Feature","geometry":{"type":"Point","coordinates":[-77.4049,38.44064]},"properties":{"id":"way/979792769","name":"Ken's Marine Inc.","group":"services","category":"shop=repair","housenumber":"2463","street":"Jefferson Davis Highway","city":"Stafford","postcode":"22554","tags":";repair;"}},{"type":"Feature","geometry":{"type":"Point","coordinates":[-77.29039,38.61254]},"properties":{"id":"way/998280502","name":"Arlington Motors of Woodbridge","group":"shopping","category":"shop=car","tags":";car;"}},{"type":"Feature","geometry":{"type":"Point","coordinates":[-77.317,38.58865]},"properties":{"id":"way/998891924","name":"Grumpy's Concrete Pumping","group":"services","category":"shop=plant_hire","housenumber":"16787","street":"Interstate Drive","city":"Dumfries","postcode":"22026","tags":";plant_hire;"}},{"type":"Feature","geometry":{"type":"Point","coordinates":[-77.49169,38.34584]},"properties":{"id":"way/1001546532","name":"Noor Auto","group":"services","category":"shop=car_repair","housenumber":"88","street":"South Gateway Drive","postcode":"22406","tags":";car_repair;"}},{"type":"Feature","geometry":{"type":"Point","coordinates":[-77.52365,38.12907]},"properties":{"id":"way/1022053427","name":"Airport Auto Sales","group":"shopping","category":"shop=car","housenumber":"6232","street":"Patriot Highway","city":"Woodford","postcode":"22580","tags":";car;"}},{"type":"Feature","geometry":{"type":"Point","coordinates":[-77.52245,38.12573]},"properties":{"id":"way/1022053438","name":"Elliotts Auto Service and Body Inc","group":"services","category":"shop=car_repair","housenumber":"6152","street":"Patriot Highway","city":"Woodford","postcode":"22580","tags":";car_repair;"}},{"type":"Feature","geometry":{"type":"Point","coordinates":[-77.52128,38.12963]},"properties":{"id":"way/1022261316","name":"Ellas Auto Outlet","group":"shopping","category":"shop=car","housenumber":"6241","street":"Patriot Highway","city":"Woodford","tags":";car;"}},{"type":"Feature","geometry":{"type":"Point","coordinates":[-77.52117,38.13173]},"properties":{"id":"way/1022261329","name":"American Auto Sales & Tires of Thornuburg","group":"shopping","category":"shop=car","housenumber":"6321","street":"Patriot Highway","city":"Woodford","postcode":"22580","tags":";car;"}},{"type":"Feature","geometry":{"type":"Point","coordinates":[-77.95644,38.26653]},"properties":{"id":"way/1031464073","name":"Unionville Tire Service","group":"services","category":"shop=tyres","tags":";tyres;"}},{"type":"Feature","geometry":{"type":"Point","coordinates":[-77.95749,38.26658]},"properties":{"id":"way/1031464078","name":"Short Food Mart","group":"groceries","category":"shop=convenience","tags":";convenience;"}},{"type":"Feature","geometry":{"type":"Point","coordinates":[-77.52184,38.14293]},"properties":{"id":"way/1033829117","name":"Jacob's Auto","group":"services","category":"shop=car_repair","housenumber":"6721","street":"Patriot Highway","city":"Spotsylvania","postcode":"22551","tags":";car_repair;"}},{"type":"Feature","geometry":{"type":"Point","coordinates":[-77.51058,38.1915]},"properties":{"id":"way/1038777302","name":"Street Smart VA","group":"shopping","category":"shop=car","housenumber":"8440","street":"Patriot Highway","city":"Fredericksburg","postcode":"22407","tags":";car;"}},{"type":"Feature","geometry":{"type":"Point","coordinates":[-77.51166,38.19035]},"properties":{"id":"way/1038777304","name":"Meadows Farm Nursery and Landscaoe","group":"shopping","category":"shop=garden_centre","housenumber":"8424","street":"Patriot Highway","city":"Fredericksburg","postcode":"22407","tags":";garden_centre;"}},{"type":"Feature","geometry":{"type":"Point","coordinates":[-77.51182,38.18843]},"properties":{"id":"way/1039060648","name":"Select Cars of Thornburg","group":"shopping","category":"shop=car","housenumber":"8336","street":"Patriot Highway","city":"Fredericksburg","postcode":"22407","tags":";car;"}},{"type":"Feature","geometry":{"type":"Point","coordinates":[-77.31873,38.57214]},"properties":{"id":"way/1039916165","name":"Reo's Tattooing","group":"personal_care","category":"shop=tattoo","tags":";tattoo;"}},{"type":"Feature","geometry":{"type":"Point","coordinates":[-77.31768,38.57174]},"properties":{"id":"way/1039916167","name":"The Car Store","group":"shopping","category":"shop=car","housenumber":"17539","street":"Richmond Highway","postcode":"22026","tags":";car;"}},{"type":"Feature","geometry":{"type":"Point","coordinates":[-77.31801,38.5714]},"properties":{"id":"way/1039916172","name":"Zoom Auto","group":"shopping","category":"shop=car","tags":";car;"}},{"type":"Feature","geometry":{"type":"Point","coordinates":[-77.31868,38.57072]},"properties":{"id":"way/1039916176","name":"Premier Automotive","group":"shopping","category":"shop=car","tags":";car;"}},{"type":"Feature","geometry":{"type":"Point","coordinates":[-78.38318,38.21424]},"properties":{"id":"way/1040536350","name":"Murphy's Coffee and Bagel House","group":"food","category":"amenity=cafe","cuisine":"coffee_shop","website":"https://murphyscoffeeandbagelhouse.com/","housenumber":"26","street":"Buck Drive","tags":";coffee_shop;cafe;bagel;"}},{"type":"Feature","geometry":{"type":"Point","coordinates":[-77.32724,38.56748]},"properties":{"id":"way/1043573084","name":"Dumfries Olde Towne Barber Shop","group":"personal_care","category":"shop=hairdresser","housenumber":"17744","street":"Main Street","city":"Dumfries","postcode":"22026","tags":";hairdresser;barber;"}},{"type":"Feature","geometry":{"type":"Point","coordinates":[-77.50874,38.19492]},"properties":{"id":"way/1046918994","name":"Capitol Motors","group":"shopping","category":"shop=car","housenumber":"8608","street":"Patriot Highway","city":"Fredericksburg","postcode":"22407","tags":";car;"}},{"type":"Feature","geometry":{"type":"Point","coordinates":[-77.50905,38.19759]},"properties":{"id":"way/1046918998","name":"Tag Motorsports","group":"shopping","category":"shop=car","housenumber":"8700","street":"Patriot Highway","city":"Fredericksburg","postcode":"22407","tags":";car;"}},{"type":"Feature","geometry":{"type":"Point","coordinates":[-77.50891,38.20751]},"properties":{"id":"way/1049968588","name":"Red Star Auto Service","group":"services","category":"shop=car_repair","housenumber":"9040","street":"Patriot Highway","city":"Fredericksburg","postcode":"22407","tags":";car_repair;"}},{"type":"Feature","geometry":{"type":"Point","coordinates":[-77.49849,38.24847]},"properties":{"id":"way/1050513713","name":"City Financial Cars","group":"shopping","category":"shop=car","housenumber":"10505","street":"Patriot Highway","city":"Fredericksburg","postcode":"22408","tags":";car;"}},{"type":"Feature","geometry":{"type":"Point","coordinates":[-77.49848,38.24854]},"properties":{"id":"way/1050513714","name":"Select Motorcars","group":"shopping","category":"shop=car","housenumber":"10509","street":"Patriot Highway","city":"Fredericksburg","postcode":"22408","tags":";car;"}},{"type":"Feature","geometry":{"type":"Point","coordinates":[-77.33472,38.5457]},"properties":{"id":"way/1051349738","name":"Tobacco World","group":"shopping","category":"shop=tobacco","tags":";tobacco;"}},{"type":"Feature","geometry":{"type":"Point","coordinates":[-77.33367,38.54556]},"properties":{"id":"way/1051349757","name":"Quantico Tire & Auto Care","group":"services","category":"shop=car_repair","tags":";car_repair;tyres;"}},{"type":"Feature","geometry":{"type":"Point","coordinates":[-77.49891,38.25345]},"properties":{"id":"way/1052050144","name":"Atkinsons Towing and Repair","group":"services","category":"shop=car_repair","housenumber":"10652","street":"Patriot Highway","city":"Fredericksburg","postcode":"22408","tags":";car_repair;"}},{"type":"Feature","geometry":{"type":"Point","coordinates":[-77.95351,38.47549]},"properties":{"id":"way/1057958980","name":"Legacy Markets","group":"groceries","category":"shop=convenience","tags":";convenience;"}},{"type":"Feature","geometry":{"type":"Point","coordinates":[-77.48779,38.33858]},"properties":{"id":"way/1058343280","name":"Simmon's Tire Center","group":"services","category":"shop=tyres","housenumber":"378","street":"Warrenton Road","postcode":"22405","tags":";tyres;"}},{"type":"Feature","geometry":{"type":"Point","coordinates":[-77.48606,38.33793]},"properties":{"id":"way/1058343302","name":"Fredericksburg Tattoo Works","group":"personal_care","category":"shop=tattoo","housenumber":"348","street":"Warrenton Road","postcode":"22405","tags":";tattoo;"}},{"type":"Feature","geometry":{"type":"Point","coordinates":[-77.48583,38.33784]},"properties":{"id":"way/1058343306","name":"Prestige Motors","group":"shopping","category":"shop=car","housenumber":"346","street":"Warrenton Road","postcode":"22405","tags":";car;"}},{"type":"Feature","geometry":{"type":"Point","coordinates":[-77.48631,38.33739]},"properties":{"id":"way/1058343325","name":"Car City","group":"shopping","category":"shop=car","housenumber":"347","street":"Warrenton Road","postcode":"22405","tags":";car;"}},{"type":"Feature","geometry":{"type":"Point","coordinates":[-77.48681,38.33756]},"properties":{"id":"way/1058343330","name":"Fox Motors","group":"shopping","category":"shop=car","housenumber":"355","street":"Warrenton Road","postcode":"22405","tags":";car;"}},{"type":"Feature","geometry":{"type":"Point","coordinates":[-77.48788,38.3378]},"properties":{"id":"way/1058343347","name":"Mr. B's Market & Grill","group":"groceries","category":"shop=convenience","housenumber":"375","street":"Warrenton Road","postcode":"22405","tags":";convenience;"}},{"type":"Feature","geometry":{"type":"Point","coordinates":[-77.48949,38.3374]},"properties":{"id":"way/1058354942","name":"Woodard Automotive","group":"services","category":"shop=car_repair","housenumber":"18","street":"Short Street","postcode":"22405","tags":";car_repair;"}},{"type":"Feature","geometry":{"type":"Point","coordinates":[-77.49028,38.33742]},"properties":{"id":"way/1058354954","name":"Hot Wheels Auto Repair","group":"services","category":"shop=car_repair","housenumber":"1107","street":"Thomas Lane","postcode":"22405","tags":";car_repair;"}},{"type":"Feature","geometry":{"type":"Point","coordinates":[-77.33239,38.54521]},"properties":{"id":"way/1062486576","name":"Autotech Foreign Car Specialist","group":"services","category":"shop=car_repair","tags":";car_repair;"}},{"type":"Feature","geometry":{"type":"Point","coordinates":[-77.33162,38.54501]},"properties":{"id":"way/1062486581","name":"Sunny Cleaners","group":"services","category":"shop=dry_cleaning","tags":";dry_cleaning;"}},{"type":"Feature","geometry":{"type":"Point","coordinates":[-77.32108,38.61642]},"properties":{"id":"way/1070765666","name":"Vernon & Steve's Crabs","group":"groceries","category":"shop=seafood","tags":";seafood;"}},{"type":"Feature","geometry":{"type":"Point","coordinates":[-77.41484,38.47576]},"properties":{"id":"way/1077281960","name":"Tony's Salon","group":"personal_care","category":"shop=hairdresser","tags":";hairdresser;"}},{"type":"Feature","geometry":{"type":"Point","coordinates":[-77.41501,38.47581]},"properties":{"id":"way/1077281962","name":"Szechuan D'lite","group":"food","category":"amenity=restaurant","cuisine":"asian","tags":";asian;restaurant;chinese;"}},{"type":"Feature","geometry":{"type":"Point","coordinates":[-77.4151,38.47583]},"properties":{"id":"way/1077281963","name":"Beauty World","group":"personal_care","category":"shop=beauty","tags":";beauty;"}},{"type":"Feature","geometry":{"type":"Point","coordinates":[-77.41519,38.47585]},"properties":{"id":"way/1077281964","name":"Mama Chepa's Latin Restaurant","group":"food","category":"amenity=restaurant","tags":";restaurant;"}},{"type":"Feature","geometry":{"type":"Point","coordinates":[-77.41526,38.47587]},"properties":{"id":"way/1077281965","name":"Panaderia Emanuel Bakery & Cafe","group":"food","category":"shop=bakery","tags":";bakery;"}},{"type":"Feature","geometry":{"type":"Point","coordinates":[-77.41565,38.47566]},"properties":{"id":"way/1077281968","name":"Bul-Go-Gi","group":"food","category":"amenity=restaurant","cuisine":"korean","tags":";korean;restaurant;"}},{"type":"Feature","geometry":{"type":"Point","coordinates":[-77.416,38.47555]},"properties":{"id":"way/1077281970","name":"Thai House","group":"food","category":"amenity=restaurant","cuisine":"thai","housenumber":"26","street":"Doc Stone Road","postcode":"22556","tags":";thai;restaurant;"}},{"type":"Feature","geometry":{"type":"Point","coordinates":[-77.41477,38.47691]},"properties":{"id":"way/1077281974","name":"Art & Framing Center","group":"shopping","category":"shop=frame","tags":";frame;"}},{"type":"Feature","geometry":{"type":"Point","coordinates":[-77.41462,38.47693]},"properties":{"id":"way/1077281975","name":"Princess Jewelry","group":"shopping","category":"shop=jewelry","tags":";jewelry;"}},{"type":"Feature","geometry":{"type":"Point","coordinates":[-77.41431,38.47704]},"properties":{"id":"way/1077281977","name":"Winning Image","group":"personal_care","category":"shop=hairdresser","housenumber":"55","street":"Doc Stone Road","postcode":"22556","tags":";hairdresser;"}},{"type":"Feature","geometry":{"type":"Point","coordinates":[-77.33893,38.47071]},"properties":{"id":"way/1077489512","name":"Decatur Grocery & Seafood Market","group":"groceries","category":"shop=convenience","housenumber":"6","street":"Decatur Road","postcode":"22554","tags":";convenience;"}},{"type":"Feature","geometry":{"type":"Point","coordinates":[-77.40609,38.4587]},"properties":{"id":"way/1077527330","name":"Used Auto","group":"shopping","category":"shop=car","housenumber":"24","street":"Derrick Lane","postcode":"22554","tags":";car;"}},{"type":"Feature","geometry":{"type":"Point","coordinates":[-77.39328,38.47585]},"properties":{"id":"way/1077546118","name":"R&D Collision center","group":"services","category":"shop=car_repair","tags":";car_repair;"}},{"type":"Feature","geometry":{"type":"Point","coordinates":[-77.39134,38.47748]},"properties":{"id":"way/1077546128","name":"Aquia Auto Repair","group":"services","category":"shop=car_repair","tags":";car_repair;"}},{"type":"Feature","geometry":{"type":"Point","coordinates":[-77.39038,38.47814]},"properties":{"id":"way/1077546139","name":"Sky Auto Repair","group":"services","category":"shop=car_repair","tags":";car_repair;"}},{"type":"Feature","geometry":{"type":"Point","coordinates":[-77.39,38.47821]},"properties":{"id":"way/1077546140","name":"PK Auto Sales","group":"shopping","category":"shop=car","tags":";car;"}},{"type":"Feature","geometry":{"type":"Point","coordinates":[-77.38696,38.48047]},"properties":{"id":"way/1077546155","name":"Capitol Motors","group":"shopping","category":"shop=car","housenumber":"3316","street":"Richmond Highway","postcode":"22554","tags":";car;"}},{"type":"Feature","geometry":{"type":"Point","coordinates":[-77.37004,38.51077]},"properties":{"id":"way/1077568030","name":"Linx Deli","group":"food","category":"amenity=restaurant","cuisine":"sandwich","housenumber":"3927","street":"Richmond Highway","postcode":"22554","tags":";sandwich;restaurant;"}},{"type":"Feature","geometry":{"type":"Point","coordinates":[-77.29088,38.61146]},"properties":{"id":"way/1078025965","name":"HomeTowne Auto & Tire","group":"services","category":"shop=tyres","tags":";tyres;car_repair;"}},{"type":"Feature","geometry":{"type":"Point","coordinates":[-78.10435,38.24121]},"properties":{"id":"way/1093613891","name":"D & J Thrift Shop","group":"shopping","category":"shop=charity","tags":";charity;second_hand;"}},{"type":"Feature","geometry":{"type":"Point","coordinates":[-78.10112,38.24185]},"properties":{"id":"way/1093621670","name":"Route 20 Market","group":"groceries","category":"shop=convenience","tags":";convenience;"}},{"type":"Feature","geometry":{"type":"Point","coordinates":[-78.10144,38.24126]},"properties":{"id":"way/1093621674","name":"Orange County Coffee Roasters","group":"food","category":"amenity=cafe","cuisine":"coffee_shop","tags":";coffee_shop;cafe;"}},{"type":"Feature","geometry":{"type":"Point","coordinates":[-78.10184,38.24103]},"properties":{"id":"way/1093621681","name":"Paint and Paper","group":"shopping","category":"shop=carpet","tags":";carpet;"}},{"type":"Feature","geometry":{"type":"Point","coordinates":[-77.46388,38.30227]},"properties":{"id":"way/1108387096","name":"Sedona Taphouse","group":"food","category":"amenity=restaurant","cuisine":"american","phone":"+1-540-940-2294","website":"https://sedonataphouse.com/","housenumber":"591","street":"William Street","city":"Fredericksburg","postcode":"22401","tags":";american;restaurant;"}},{"type":"Feature","geometry":{"type":"Point","coordinates":[-77.91187,38.27037]},"properties":{"id":"way/1117237080","name":"Edwards Store","group":"groceries","category":"shop=convenience","tags":";convenience;"}},{"type":"Feature","geometry":{"type":"Point","coordinates":[-77.91108,38.27066]},"properties":{"id":"way/1117237090","name":"Sanford's Civil War Relics","group":"shopping","category":"shop=antiques","tags":";antiques;"}},{"type":"Feature","geometry":{"type":"Point","coordinates":[-77.91278,38.27015]},"properties":{"id":"way/1117237099","name":"Orange County Garage","group":"services","category":"shop=car_repair","tags":";car_repair;"}},{"type":"Feature","geometry":{"type":"Point","coordinates":[-77.46061,38.30359]},"properties":{"id":"way/1118123811","name":"Bubblebee","group":"food","category":"amenity=cafe","cuisine":"bubble_tea","hours":"Mo-Th,Su 10:30-21:00; Fr-Sa 10:30-21:30","phone":"+1 540-656-8625","website":"https://www.bubblebeeva.com/","housenumber":"1005","street":"Princess Anne Street","tags":";bubble_tea;cafe;"}},{"type":"Feature","geometry":{"type":"Point","coordinates":[-77.41621,38.47284]},"properties":{"id":"way/1119739585","name":"610 Ultimate Autos","group":"shopping","category":"shop=car","tags":";car;"}},{"type":"Feature","geometry":{"type":"Point","coordinates":[-77.46996,38.31531]},"properties":{"id":"way/1123419373","name":"Little Tire and Co.","group":"services","category":"shop=car_repair","hours":"Mo-Fr 07:30-17:30; Sa-Su off","phone":"+1 540-373-1141","website":"https://www.littletire.com/","housenumber":"2415","street":"Princess Anne Street","tags":";car_repair;tyres;"}},{"type":"Feature","geometry":{"type":"Point","coordinates":[-77.47016,38.31487]},"properties":{"id":"way/1123420165","name":"2400 Diner","group":"food","category":"amenity=restaurant","cuisine":"american","hours":"Mo-Sa 07:00-20:00; Su 07:00-14:00","phone":"+1 540-373-9049","housenumber":"2400","street":"Princess Anne Street","tags":";american;restaurant;"}},{"type":"Feature","geometry":{"type":"Point","coordinates":[-77.46861,38.31326]},"properties":{"id":"way/1123420170","name":"Mason-Dixon Cafe","group":"food","category":"amenity=restaurant","cuisine":"american","hours":"Mo-Th 09:00-21:00; Fr-Sa 09:00-22:00; Su 09:00-14:00","website":"https://masondixoncafe.com/","housenumber":"2100","street":"Princess Anne Street","city":"Fredericksburg","postcode":"22401","tags":";american;restaurant;"}},{"type":"Feature","geometry":{"type":"Point","coordinates":[-77.46787,38.31251]},"properties":{"id":"way/1123724631","name":"Dominion Tire Company","group":"services","category":"shop=tyres","hours":"Mo-Sa 09:00-18:00","phone":"+1-540-899-8018","website":"https://dominiontire.com/","housenumber":"2000","street":"Princess Anne Street","city":"Fredericksburg","postcode":"22401","tags":";tyres;"}},{"type":"Feature","geometry":{"type":"Point","coordinates":[-77.47156,38.29057]},"properties":{"id":"way/1134154403","name":"Mike's Tire Center","group":"services","category":"shop=tyres","hours":"Mo-Fr 08:30-17:30; Sa-Su off","phone":"+1 540-373-0779","housenumber":"1217 1/2","street":"Lafayette Boulevard","tags":";tyres;"}},{"type":"Feature","geometry":{"type":"Point","coordinates":[-77.47061,38.29053]},"properties":{"id":"way/1134154413","name":"Robert B. Payne Inc.","group":"services","category":"craft=hvac","phone":"+1 540-534-0353","website":"https://www.robertbpayne.com/","housenumber":"1209","street":"Lafayette Boulevard","tags":";hvac;"}},{"type":"Feature","geometry":{"type":"Point","coordinates":[-77.43599,38.32899]},"properties":{"id":"way/1135331939","name":"Massage By Dena","group":"personal_care","category":"shop=massage","housenumber":"317","street":"Deacon Road","postcode":"22405","tags":";massage;"}},{"type":"Feature","geometry":{"type":"Point","coordinates":[-78.18949,38.14191]},"properties":{"id":"way/1143765059","name":"It's Ornamental","group":"shopping","category":"shop=interior_decoration","tags":";interior_decoration;"}},{"type":"Feature","geometry":{"type":"Point","coordinates":[-78.18877,38.14218]},"properties":{"id":"way/1143765092","name":"East of Maui","group":"food","category":"amenity=cafe","cuisine":"coffee_shop","housenumber":"512","street":"North Main Street","city":"Gordonsville","postcode":"22942","tags":";coffee_shop;cafe;"}},{"type":"Feature","geometry":{"type":"Point","coordinates":[-78.18933,38.1432]},"properties":{"id":"way/1143765096","name":"Oasis Market","group":"groceries","category":"shop=convenience","housenumber":"600","street":"North Main Street","city":"Gordonsville","postcode":"22942","tags":";convenience;"}},{"type":"Feature","geometry":{"type":"Point","coordinates":[-77.29123,38.64931]},"properties":{"id":"way/1152884958","name":"Mini Price Storage","group":"services","category":"shop=storage_rental","tags":";storage_rental;"}},{"type":"Feature","geometry":{"type":"Point","coordinates":[-77.47415,38.31456]},"properties":{"id":"way/1155662383","name":"Capitol Auto Service","group":"services","category":"shop=car_repair","hours":"Mo-Fr 08:00-18:00; Sa 08:00-14:00; Su off","phone":"+1 540-253-1100","housenumber":"442","street":"Emancipation Highway","tags":";car_repair;"}},{"type":"Feature","geometry":{"type":"Point","coordinates":[-77.47278,38.31562]},"properties":{"id":"way/1155662415","name":"White Supply and Glass","group":"services","category":"craft=glaziery","tags":";glaziery;"}},{"type":"Feature","geometry":{"type":"Point","coordinates":[-77.4721,38.31776]},"properties":{"id":"way/1155662426","name":"Mimi's Vintage Cottage","group":"shopping","category":"shop=gift","hours":"Mo-Tu off; We-Sa 10:00-17:00; Su 11:00-16:00","phone":"+1 540-681-1207","website":"https://www.mimisvintagecottage.com/","housenumber":"2800","street":"Princess Anne Street","tags":";gift;"}},{"type":"Feature","geometry":{"type":"Point","coordinates":[-77.43656,38.28584]},"properties":{"id":"way/1156463431","name":"Northern Virginia Supply","group":"shopping","category":"shop=car_parts","housenumber":"440","street":"Kings Highway","postcode":"22405","tags":";car_parts;"}},{"type":"Feature","geometry":{"type":"Point","coordinates":[-77.43869,38.28732]},"properties":{"id":"way/1156467139","name":"THE Dispensary","group":"shopping","category":"shop=cannabis","housenumber":"404","street":"Kings Highway","postcode":"22405","tags":";cannabis;"}},{"type":"Feature","geometry":{"type":"Point","coordinates":[-77.44209,38.28916]},"properties":{"id":"way/1156467165","name":"McClung-Logan Equipment","group":"shopping","category":"shop=car","housenumber":"358","street":"Kings Highway","postcode":"22405","tags":";car;"}},{"type":"Feature","geometry":{"type":"Point","coordinates":[-77.44266,38.28967]},"properties":{"id":"way/1156467167","name":"Corbin's Automotive, Truck & RV","group":"services","category":"shop=car_repair","housenumber":"348","street":"Kings Highway","postcode":"22405","tags":";car_repair;"}},{"type":"Feature","geometry":{"type":"Point","coordinates":[-77.29214,38.52231]},"properties":{"id":"way/1156477154","name":"S & G Restaurant","group":"food","category":"amenity=restaurant","tags":";restaurant;"}},{"type":"Feature","geometry":{"type":"Point","coordinates":[-77.29262,38.52196]},"properties":{"id":"way/1156477156","name":"Tokyo Japanese Restaurant and Sushi","group":"food","category":"amenity=restaurant","cuisine":"japanese;sushi","phone":"+1-703-640-7488","housenumber":"402","street":"Potomac Avenue","city":"Quantico","postcode":"22134","tags":";japanese;sushi;restaurant;"}},{"type":"Feature","geometry":{"type":"Point","coordinates":[-77.46859,38.29099]},"properties":{"id":"way/1156482735","name":"MotoWorks","group":"shopping","category":"shop=motorcycle","hours":"Mo off; Tu-Th,Su 10:00-18:00; Fr-Sa 10:00-20:00","phone":"+1 540-940-6353","website":"https://m.facebook.com/motoworksva/","housenumber":"1103","street":"Lafayette Boulevard","tags":";motorcycle;"}},{"type":"Feature","geometry":{"type":"Point","coordinates":[-77.46779,38.29137]},"properties":{"id":"way/1156482739","name":"JDM Auto","group":"shopping","category":"shop=car","hours":"Mo-Sa 10:00-19:00; Su off","phone":"+1 540-373-5847","housenumber":"1101","street":"Lafayette Boulevard","tags":";car;"}},{"type":"Feature","geometry":{"type":"Point","coordinates":[-77.28961,38.52148]},"properties":{"id":"way/1156831402","name":"Sam's Inn Restaurant","group":"food","category":"amenity=restaurant","cuisine":"american;italian","hours":"Mo-Fr 10:00-22:00; Sa 16:00-22:00; PH closed","phone":"+1 703-640-6493","website":"http://samsinnrestaurant.com","housenumber":"223","street":"Potomac Avenue","tags":";american;italian;restaurant;"}},{"type":"Feature","geometry":{"type":"Point","coordinates":[-77.50817,38.29814]},"properties":{"id":"way/1157908983","name":"Hacienda El Patron","group":"food","category":"amenity=restaurant","cuisine":"mexican","housenumber":"2805","street":"Plank Road","city":"Fredericksburg","postcode":"22401","tags":";mexican;restaurant;"}},{"type":"Feature","geometry":{"type":"Point","coordinates":[-77.32765,38.55904]},"properties":{"id":"way/1158530797","name":"Connie's Market","group":"groceries","category":"shop=convenience","tags":";convenience;"}},{"type":"Feature","geometry":{"type":"Point","coordinates":[-77.41439,38.4704]},"properties":{"id":"way/1160584625","name":"Classic Collision","group":"services","category":"shop=car_repair","housenumber":"171","street":"Garrisonville Road","postcode":"22554","tags":";car_repair;"}},{"type":"Feature","geometry":{"type":"Point","coordinates":[-77.41386,38.46996]},"properties":{"id":"way/1160584626","name":"Pancho Villa","group":"food","category":"amenity=restaurant","cuisine":"mexican","housenumber":"155","street":"Garrisonville Road","postcode":"22554","tags":";mexican;restaurant;"}},{"type":"Feature","geometry":{"type":"Point","coordinates":[-77.99203,38.47332]},"properties":{"id":"way/1161135435","name":"Country Farm Service, Inc.","group":"groceries","category":"shop=country_store","tags":";country_store;"}},{"type":"Feature","geometry":{"type":"Point","coordinates":[-77.42966,38.31016]},"properties":{"id":"way/1165999718","name":"Comfort Heating & Cooling, Inc","group":"services","category":"craft=hvac","housenumber":"26","street":"Town and Country Drive","postcode":"22405","tags":";hvac;"}},{"type":"Feature","geometry":{"type":"Point","coordinates":[-78.27654,38.3548]},"properties":{"id":"way/1169221674","name":"Yoder's Country Market","group":"groceries","category":"shop=supermarket","hours":"Mo-Fr 07:30-18:00; Sa 07:30-17:00","phone":"+1-540-948-3000","website":"https://yoderscountrymarket.net/","housenumber":"2105","street":"South Seminole Trail","city":"Madison","postcode":"22727","tags":";supermarket;"}},{"type":"Feature","geometry":{"type":"Point","coordinates":[-78.28028,38.35368]},"properties":{"id":"way/1169221794","name":"Ace Collision Center","group":"services","category":"shop=car_repair","hours":"Mo-Fr 08:00-17:00","phone":"+1-540-948-4000","housenumber":"16","street":"Campground Lane","city":"Madison","postcode":"22727","tags":";car_repair;"}},{"type":"Feature","geometry":{"type":"Point","coordinates":[-77.48953,38.28236]},"properties":{"id":"way/1172695628","name":"Autotym Inc.","group":"shopping","category":"shop=car","housenumber":"2103","street":"Emancipation Highway","city":"Fredericksburg","postcode":"22401","tags":";car;"}},{"type":"Feature","geometry":{"type":"Point","coordinates":[-77.48936,38.28286]},"properties":{"id":"way/1172695629","name":"Maxkar Motors","group":"shopping","category":"shop=car","housenumber":"2101","street":"Emancipation Highway","city":"Fredericksburg","postcode":"22401","tags":";car;"}},{"type":"Feature","geometry":{"type":"Point","coordinates":[-77.41581,38.58131]},"properties":{"id":"way/1175120948","name":"Dining Hall","group":"food","category":"amenity=fast_food","tags":";fast_food;"}},{"type":"Feature","geometry":{"type":"Point","coordinates":[-78.11677,38.457]},"properties":{"id":"way/1175219394","name":"Reva Market","group":"groceries","category":"shop=convenience","housenumber":"7051","street":"James Monroe Highway","city":"Culpeper","postcode":"22701","tags":";convenience;"}},{"type":"Feature","geometry":{"type":"Point","coordinates":[-77.49102,38.278]},"properties":{"id":"way/1177879370","name":"A-1 Autos","group":"shopping","category":"shop=car","housenumber":"3301","street":"Emancipation Highway","city":"Fredericksburg","postcode":"22401","tags":";car;"}},{"type":"Feature","geometry":{"type":"Point","coordinates":[-77.32239,38.56747]},"properties":{"id":"way/1177966421","name":"Cropper's Towing, Tires & Auto Care","group":"services","category":"shop=car_repair","tags":";car_repair;tyres;"}},{"type":"Feature","geometry":{"type":"Point","coordinates":[-77.7533,38.34803]},"properties":{"id":"way/1178170804","name":"Lake of the Woods Clubhouse","group":"food","category":"amenity=restaurant","cuisine":"american","website":"https://www.lowa.org/Clubhouse","tags":";american;restaurant;"}},{"type":"Feature","geometry":{"type":"Point","coordinates":[-77.75353,38.348]},"properties":{"id":"way/1178170805","name":"Lake of the Woods Clubhouse Deck","group":"food","category":"amenity=restaurant","tags":";restaurant;"}},{"type":"Feature","geometry":{"type":"Point","coordinates":[-77.42608,38.31038]},"properties":{"id":"way/1178779205","name":"Dameron Body Shop","group":"services","category":"shop=car_repair","housenumber":"356","street":"White Oak Road","postcode":"22405","tags":";car_repair;"}},{"type":"Feature","geometry":{"type":"Point","coordinates":[-77.99848,38.46603]},"properties":{"id":"way/1179864818","name":"Fisher Auto Parts","group":"shopping","category":"shop=car_parts","tags":";car_parts;"}},{"type":"Feature","geometry":{"type":"Point","coordinates":[-77.99836,38.46781]},"properties":{"id":"way/1179864889","name":"Pancho Villa","group":"food","category":"amenity=restaurant","cuisine":"mexican","tags":";mexican;restaurant;"}},{"type":"Feature","geometry":{"type":"Point","coordinates":[-77.99848,38.46798]},"properties":{"id":"way/1179864896","name":"Integrity Automotive","group":"services","category":"shop=car_repair","tags":";car_repair;"}},{"type":"Feature","geometry":{"type":"Point","coordinates":[-77.99847,38.46817]},"properties":{"id":"way/1179864897","name":"Charlie & Litsa's South Main St. Cafe","group":"food","category":"amenity=cafe","tags":";cafe;"}},{"type":"Feature","geometry":{"type":"Point","coordinates":[-77.99813,38.46422]},"properties":{"id":"way/1180224393","name":"C & C Car Repair & Towing","group":"services","category":"shop=car_repair","tags":";car_repair;"}},{"type":"Feature","geometry":{"type":"Point","coordinates":[-77.99811,38.46475]},"properties":{"id":"way/1180224399","name":"J & D New and Used Tires","group":"services","category":"shop=tyres","tags":";tyres;"}},{"type":"Feature","geometry":{"type":"Point","coordinates":[-77.51434,38.02349]},"properties":{"id":"way/1180693702","name":"Tractor Supply","group":"shopping","category":"shop=garden_centre","tags":";garden_centre;"}},{"type":"Feature","geometry":{"type":"Point","coordinates":[-78.37081,38.22913]},"properties":{"id":"way/1181411222","name":"Driveaway Motors","group":"shopping","category":"shop=car","housenumber":"8670","street":"Seminole Trail","tags":";car;"}},{"type":"Feature","geometry":{"type":"Point","coordinates":[-78.36885,38.23065]},"properties":{"id":"way/1181411231","name":"Bittersweet Java","group":"food","category":"amenity=cafe","cuisine":"coffee_shop","hours":"Mo,Tu,Th,Fr 07:00-17:00; Sa 09:00-17:00; Su 09:00-14:00","tags":";coffee_shop;cafe;"}},{"type":"Feature","geometry":{"type":"Point","coordinates":[-78.18752,38.13573]},"properties":{"id":"way/1181471932","name":"Stokes of England","group":"services","category":"craft=blacksmith","tags":";blacksmith;"}},{"type":"Feature","geometry":{"type":"Point","coordinates":[-77.3703,38.65894]},"properties":{"id":"way/1184558389","name":"Self Storage Plus","group":"services","category":"shop=storage_rental","tags":";storage_rental;"}},{"type":"Feature","geometry":{"type":"Point","coordinates":[-77.49759,38.26529]},"properties":{"id":"way/1185039912","name":"My Car Business Services","group":"shopping","category":"shop=car","hours":"Mo-Fr 09:00-17:00","phone":"+1-540-426-3322","website":"https://www.mycarcorporation.com","housenumber":"4720","street":"Harrison Road","city":"Fredericksburg","postcode":"22408","tags":";car;"}},{"type":"Feature","geometry":{"type":"Point","coordinates":[-77.49796,38.26476]},"properties":{"id":"way/1185039914","name":"Superior Transmission Services","group":"services","category":"shop=car_repair","housenumber":"306","street":"Wallace Lane","city":"Fredericksburg","postcode":"22408","tags":";car_repair;"}},{"type":"Feature","geometry":{"type":"Point","coordinates":[-77.49637,38.26407]},"properties":{"id":"way/1185039928","name":"N Unity Barber & Braids","group":"personal_care","category":"shop=hairdresser","housenumber":"203","street":"Wallace Lane","city":"Fredericksburg","postcode":"22408","tags":";hairdresser;barber;braiding;"}},{"type":"Feature","geometry":{"type":"Point","coordinates":[-77.49828,38.31608]},"properties":{"id":"way/1187699894","name":"Express Food Mart","group":"groceries","category":"shop=convenience","housenumber":"3333","street":"Fall Hill Avenue","city":"Fredericksburg","tags":";convenience;"}},{"type":"Feature","geometry":{"type":"Point","coordinates":[-77.49923,38.31597]},"properties":{"id":"way/1187699898","name":"Charge Auto Sales","group":"shopping","category":"shop=car","tags":";car;"}},{"type":"Feature","geometry":{"type":"Point","coordinates":[-77.90758,38.51867]},"properties":{"id":"way/1188028024","name":"Old Trade Brewery & Cidery","group":"food","category":"craft=brewery","housenumber":"13270","street":"Alanthus Road","city":"Brandy Station","postcode":"22714","tags":";brewery;"}},{"type":"Feature","geometry":{"type":"Point","coordinates":[-78.30369,38.51494]},"properties":{"id":"way/1193380837","name":"DuCard Vineyards","group":"food","category":"craft=winery","website":"https://ducardvineyards.com/","housenumber":"40","street":"Gibson Hollow Lane","city":"Etlan","postcode":"22719","tags":";winery;"}},{"type":"Feature","geometry":{"type":"Point","coordinates":[-78.25581,38.3818]},"properties":{"id":"way/1193385723","name":"Mad Pepper","group":"food","category":"amenity=restaurant","cuisine":"american","tags":";american;restaurant;"}},{"type":"Feature","geometry":{"type":"Point","coordinates":[-78.25535,38.38242]},"properties":{"id":"way/1193385731","name":"Jenny Lynd's Pizza","group":"food","category":"amenity=restaurant","cuisine":"pizza","hours":"Tu-Sa 12:00-20:00, Mo,Su closed","housenumber":"312","tags":";pizza;restaurant;outdoor_seating;vegetarian;"}},{"type":"Feature","geometry":{"type":"Point","coordinates":[-77.35969,38.29928]},"properties":{"id":"way/1198813418","name":"White Oak Mart","group":"groceries","category":"shop=convenience","housenumber":"1175","street":"White Oak Rd","postcode":"22405","tags":";convenience;"}},{"type":"Feature","geometry":{"type":"Point","coordinates":[-78.24469,38.39173]},"properties":{"id":"way/1204132304","name":"Greenscapes Nursery & Garden Shoppe","group":"shopping","category":"shop=garden_centre","tags":";garden_centre;"}},{"type":"Feature","geometry":{"type":"Point","coordinates":[-78.11722,38.24341]},"properties":{"id":"way/1204704602","name":"Preddy Funeral Home","group":"services","category":"shop=funeral_directors","tags":";funeral_directors;"}},{"type":"Feature","geometry":{"type":"Point","coordinates":[-77.98213,38.47973]},"properties":{"id":"way/1207418755","name":"Horizon Funeral Home","group":"services","category":"shop=funeral_directors","tags":";funeral_directors;"}},{"type":"Feature","geometry":{"type":"Point","coordinates":[-78.37579,38.22076]},"properties":{"id":"way/1210419218","name":"Ruckersville Self Storage","group":"services","category":"shop=storage_rental","tags":";storage_rental;"}},{"type":"Feature","geometry":{"type":"Point","coordinates":[-77.47087,38.31637]},"properties":{"id":"way/1216646636","name":"The Hearing Aid Place","group":"personal_care","category":"shop=hearing_aids","tags":";hearing_aids;"}},{"type":"Feature","geometry":{"type":"Point","coordinates":[-78.36538,38.23247]},"properties":{"id":"way/1222844882","name":"10 Federal Storage","group":"services","category":"shop=storage_rental","tags":";storage_rental;"}},{"type":"Feature","geometry":{"type":"Point","coordinates":[-78.34982,38.22913]},"properties":{"id":"way/1223079746","name":"Affordable Storage and Space Place","group":"services","category":"shop=storage_rental","tags":";storage_rental;"}},{"type":"Feature","geometry":{"type":"Point","coordinates":[-78.36074,38.23433]},"properties":{"id":"way/1229799689","name":"Big Iron Outdoors","group":"shopping","category":"shop=weapons","housenumber":"15337","street":"Spotswood Trail","city":"Ruckersville","postcode":"22968","tags":";weapons;"}},{"type":"Feature","geometry":{"type":"Point","coordinates":[-77.85591,38.51387]},"properties":{"id":"way/1229843534","name":"Culpeper Petroleum Cooperative","group":"groceries","category":"shop=convenience","tags":";convenience;"}},{"type":"Feature","geometry":{"type":"Point","coordinates":[-77.95514,38.47408]},"properties":{"id":"way/1232291250","name":"Ray's Automotive","group":"services","category":"shop=car_repair","tags":";car_repair;"}},{"type":"Feature","geometry":{"type":"Point","coordinates":[-78.54017,38.25351]},"properties":{"id":"way/1233516792","name":"Maybelle's Market","group":"groceries","category":"shop=convenience","housenumber":"8609","street":"Dyke Road","city":"Dyke","postcode":"22935","tags":";convenience;"}},{"type":"Feature","geometry":{"type":"Point","coordinates":[-78.37034,38.23273]},"properties":{"id":"way/1233516797","name":"The Market at Ruckersville","group":"groceries","category":"shop=convenience","housenumber":"8901;8899","street":"Seminole Trail","city":"Ruckersville","postcode":"22968","tags":";convenience;"}},{"type":"Feature","geometry":{"type":"Point","coordinates":[-78.37145,38.23253]},"properties":{"id":"way/1233516799","name":"U-Stor-It Ruckersville","group":"services","category":"shop=storage_rental","housenumber":"14790","street":"Spotswood Trail","city":"Ruckersville","postcode":"22968","tags":";storage_rental;"}},{"type":"Feature","geometry":{"type":"Point","coordinates":[-77.75873,38.11792]},"properties":{"id":"way/1234139325","name":"Lake Anna Market","group":"groceries","category":"shop=convenience","tags":";convenience;"}},{"type":"Feature","geometry":{"type":"Point","coordinates":[-77.46438,38.27345]},"properties":{"id":"way/1234139359","name":"Trussway","group":"shopping","category":"shop=trade","tags":";trade;"}},{"type":"Feature","geometry":{"type":"Point","coordinates":[-78.37099,38.22961]},"properties":{"id":"way/1237900511","name":"El Agave Mexican Restaurant","group":"food","category":"amenity=restaurant","cuisine":"mexican","website":"https://www.elagaveruckersvilleva.com/","housenumber":"8694","street":"Seminole Trail","city":"Ruckersville","postcode":"22968","tags":";mexican;restaurant;"}},{"type":"Feature","geometry":{"type":"Point","coordinates":[-78.36249,38.24487]},"properties":{"id":"way/1238234437","name":"Piedmont Truck Performance","group":"services","category":"shop=car_repair","phone":"+1-434-242-5902","housenumber":"9842","street":"Seminole Trail","city":"Ruckersville","postcode":"22968","tags":";car_repair;"}},{"type":"Feature","geometry":{"type":"Point","coordinates":[-78.36279,38.24446]},"properties":{"id":"way/1238234439","name":"Station 8 Garage","group":"services","category":"shop=car_repair","phone":"+1-434-327-3010","website":"https://www.station8garage.com/","housenumber":"9836","street":"Seminole Trail","city":"Ruckersville","postcode":"22968","tags":";car_repair;"}},{"type":"Feature","geometry":{"type":"Point","coordinates":[-78.34832,38.35626]},"properties":{"id":"way/1238407715","name":"Wolftown Mercantile Country Store","group":"groceries","category":"shop=convenience","tags":";convenience;"}},{"type":"Feature","geometry":{"type":"Point","coordinates":[-78.33316,38.2073]},"properties":{"id":"way/1240846803","name":"ProTech Farm and Nursery","group":"shopping","category":"shop=garden_centre","housenumber":"2360","street":"Spotswood Trail","city":"Barboursville","postcode":"22923","tags":";garden_centre;"}},{"type":"Feature","geometry":{"type":"Point","coordinates":[-77.45229,38.27636]},"properties":{"id":"way/1246865256","name":"All Car Service","group":"services","category":"shop=car_repair","housenumber":"2514","street":"Airport Avenue","city":"Fredericksburg","postcode":"22401","tags":";car_repair;"}},{"type":"Feature","geometry":{"type":"Point","coordinates":[-77.45259,38.27702]},"properties":{"id":"way/1246865259","name":"Total Comfort Heating & Air Conditioning","group":"services","category":"craft=hvac","housenumber":"2403","street":"Airport Avenue","city":"Fredericksburg","postcode":"22401","tags":";hvac;"}},{"type":"Feature","geometry":{"type":"Point","coordinates":[-77.99675,38.47245]},"properties":{"id":"way/1247030645","name":"Village Frameworks","group":"shopping","category":"shop=art","tags":";art;"}},{"type":"Feature","geometry":{"type":"Point","coordinates":[-77.98807,38.48027]},"properties":{"id":"way/1247393039","name":"Koons Automotive","group":"shopping","category":"shop=car","tags":";car;"}},{"type":"Feature","geometry":{"type":"Point","coordinates":[-77.98787,38.48017]},"properties":{"id":"way/1247393040","name":"Koons Service","group":"services","category":"shop=car_repair","tags":";car_repair;"}},{"type":"Feature","geometry":{"type":"Point","coordinates":[-77.99412,38.47763]},"properties":{"id":"way/1247779218","name":"Culpeper New & Used Tires","group":"services","category":"shop=tyres","tags":";tyres;"}},{"type":"Feature","geometry":{"type":"Point","coordinates":[-77.99514,38.47466]},"properties":{"id":"way/1247783472","name":"McCarthy Tire & Automotive Center","group":"services","category":"shop=car_repair","tags":";car_repair;tyres;"}},{"type":"Feature","geometry":{"type":"Point","coordinates":[-77.9949,38.47745]},"properties":{"id":"way/1249725376","name":"Culpeper Cleaners","group":"services","category":"shop=dry_cleaning","tags":";dry_cleaning;"}},{"type":"Feature","geometry":{"type":"Point","coordinates":[-77.99479,38.47612]},"properties":{"id":"way/1255057719","name":"Tibbs Funeral Home & Crematorium","group":"services","category":"shop=funeral_directors","tags":";funeral_directors;"}},{"type":"Feature","geometry":{"type":"Point","coordinates":[-77.99465,38.47621]},"properties":{"id":"way/1255057720","name":"Dick C. Weaver & Son, Inc.","group":"shopping","category":"shop=car","tags":";car;"}},{"type":"Feature","geometry":{"type":"Point","coordinates":[-77.99462,38.47636]},"properties":{"id":"way/1255057721","name":"Lee's Arborist Supplies","group":"shopping","category":"shop=trade","tags":";trade;"}},{"type":"Feature","geometry":{"type":"Point","coordinates":[-77.99793,38.46929]},"properties":{"id":"way/1264368262","name":"Lucio Restaurant","group":"food","category":"amenity=restaurant","cuisine":"italian","tags":";italian;restaurant;"}},{"type":"Feature","geometry":{"type":"Point","coordinates":[-77.99863,38.46124]},"properties":{"id":"way/1265920254","name":"Cherry Street Building Supply","group":"shopping","category":"shop=doityourself","tags":";doityourself;"}},{"type":"Feature","geometry":{"type":"Point","coordinates":[-77.85203,38.51374]},"properties":{"id":"way/1273242874","name":"The Overflow Room","group":"shopping","category":"shop=gift","tags":";gift;"}},{"type":"Feature","geometry":{"type":"Point","coordinates":[-77.85708,38.5121]},"properties":{"id":"way/1273385649","name":"Carworks Automotive","group":"services","category":"shop=car_repair","tags":";car_repair;"}},{"type":"Feature","geometry":{"type":"Point","coordinates":[-77.85583,38.5127]},"properties":{"id":"way/1273385660","name":"Elkwood Stone & Mulch","group":"shopping","category":"shop=garden_centre","tags":";garden_centre;"}},{"type":"Feature","geometry":{"type":"Point","coordinates":[-77.99065,38.47656]},"properties":{"id":"way/1273476820","name":"CARS Automotive","group":"services","category":"shop=car_repair","tags":";car_repair;"}},{"type":"Feature","geometry":{"type":"Point","coordinates":[-77.99917,38.46617]},"properties":{"id":"way/1276260391","name":"Romano Outdoors","group":"shopping","category":"shop=sports","tags":";sports;"}},{"type":"Feature","geometry":{"type":"Point","coordinates":[-77.48982,38.26706]},"properties":{"id":"way/1276402421","name":"Jimmy The Greek","group":"food","category":"amenity=restaurant","cuisine":"greek","housenumber":"3401","street":"Lafayette Boulevard","city":"Fredericksburg","postcode":"22408","tags":";greek;restaurant;"}},{"type":"Feature","geometry":{"type":"Point","coordinates":[-78.0008,38.44392]},"properties":{"id":"way/1279974310","name":"Culpeper Self Storage","group":"services","category":"shop=storage_rental","tags":";storage_rental;"}},{"type":"Feature","geometry":{"type":"Point","coordinates":[-78.00084,38.44344]},"properties":{"id":"way/1279974319","name":"Wortman Mechanical","group":"services","category":"craft=hvac","tags":";hvac;car_repair;"}},{"type":"Feature","geometry":{"type":"Point","coordinates":[-78.00095,38.44281]},"properties":{"id":"way/1279974327","name":"Precision Machine Works","group":"shopping","category":"shop=trade","tags":";trade;"}},{"type":"Feature","geometry":{"type":"Point","coordinates":[-78.00008,38.44439]},"properties":{"id":"way/1279974329","name":"Peruvian Motors","group":"shopping","category":"shop=car","tags":";car;"}},{"type":"Feature","geometry":{"type":"Point","coordinates":[-77.9995,38.44432]},"properties":{"id":"way/1279974336","name":"Cycle Center","group":"services","category":"shop=motorcycle_repair","tags":";motorcycle_repair;"}},{"type":"Feature","geometry":{"type":"Point","coordinates":[-77.49959,38.34846]},"properties":{"id":"way/1284758275","name":"Freedom Auto Group LLC","group":"shopping","category":"shop=car","housenumber":"127","street":"Falls Run Drive","postcode":"22406","tags":";car;"}},{"type":"Feature","geometry":{"type":"Point","coordinates":[-78.38638,38.20882]},"properties":{"id":"way/1294596373","name":"Micah's Coffee","group":"food","category":"amenity=cafe","hours":"Mo-Fr 06:30-18:00; Sa 07:00-14:00","website":"https://micahscoffee.com/","housenumber":"7025","street":"Seminole Trail","city":"Ruckersville","postcode":"22968","tags":";cafe;coffee_shop;"}},{"type":"Feature","geometry":{"type":"Point","coordinates":[-77.48094,38.33502]},"properties":{"id":"way/1303915555","name":"Paradise Diner","group":"food","category":"amenity=restaurant","cuisine":"diner","website":"https://www.paradisedinermenu.com/","housenumber":"260","street":"Warrenton Road","city":"Fredericksburg","postcode":"22405","tags":";diner;restaurant;"}},{"type":"Feature","geometry":{"type":"Point","coordinates":[-77.48139,38.30378]},"properties":{"id":"way/1305932579","name":"Miso Asian Grill & Sushi Bar","group":"food","category":"amenity=restaurant","cuisine":"japanese","housenumber":"1305","street":"Emancipation Highway","city":"Fredericksburg","postcode":"22401","tags":";japanese;restaurant;sushi;"}},{"type":"Feature","geometry":{"type":"Point","coordinates":[-77.43771,38.29606]},"properties":{"id":"way/1308284357","name":"Forza Automotive","group":"services","category":"shop=car_repair","housenumber":"435","street":"Ferry Road","postcode":"22405","tags":";car_repair;"}},{"type":"Feature","geometry":{"type":"Point","coordinates":[-77.4374,38.29587]},"properties":{"id":"way/1308284366","name":"Taste of Trelawny","group":"food","category":"amenity=restaurant","cuisine":"jamaican","housenumber":"100","street":"Randolph Road","postcode":"22405","tags":";jamaican;restaurant;"}},{"type":"Feature","geometry":{"type":"Point","coordinates":[-77.43711,38.29583]},"properties":{"id":"way/1308284374","name":"Spot On Pet Salon","group":"services","category":"shop=pet_grooming","housenumber":"101","street":"Randolph Road","postcode":"22405","tags":";pet_grooming;"}},{"type":"Feature","geometry":{"type":"Point","coordinates":[-77.89909,38.441]},"properties":{"id":"way/1317471867","name":"The Backyard Solution","group":"shopping","category":"shop=shed","tags":";shed;"}},{"type":"Feature","geometry":{"type":"Point","coordinates":[-77.89764,38.441]},"properties":{"id":"way/1317471870","name":"Lety's Deli","group":"food","category":"amenity=fast_food","cuisine":"sandwich","tags":";sandwich;fast_food;"}},{"type":"Feature","geometry":{"type":"Point","coordinates":[-77.8975,38.44091]},"properties":{"id":"way/1317471871","name":"Bryan's Auto Service","group":"services","category":"shop=car_repair","tags":";car_repair;"}},{"type":"Feature","geometry":{"type":"Point","coordinates":[-77.2925,38.52156]},"properties":{"id":"way/1319416165","name":"Bread & Me","group":"food","category":"amenity=restaurant","cuisine":"sandwich;breakfast;korean","hours":"Mo-Fr 06:30-03:30","phone":"+1-571-931-6934","website":"https://breadnme.com/","housenumber":"522","street":"C Street","city":"Quantico","postcode":"22134-9998","tags":";sandwich;breakfast;korean;restaurant;"}},{"type":"Feature","geometry":{"type":"Point","coordinates":[-77.89383,38.50204]},"properties":{"id":"way/1321519161","name":"AJ's Grocery & Deli","group":"groceries","category":"shop=convenience","housenumber":"19417","street":"Brandy Road","city":"Brandy Station","postcode":"22714","tags":";convenience;"}},{"type":"Feature","geometry":{"type":"Point","coordinates":[-77.89561,38.50127]},"properties":{"id":"way/1321519187","name":"LDL Rentals","group":"services","category":"shop=rental","housenumber":"19363","street":"Brandy Road","city":"Brandy Station","postcode":"22714","tags":";rental;"}},{"type":"Feature","geometry":{"type":"Point","coordinates":[-77.46481,38.3319]},"properties":{"id":"way/1334959910","name":"The Horse Barn Tack Shop","group":"shopping","category":"shop=outdoor","housenumber":"252","street":"Cambridge Street","postcode":"22405","tags":";outdoor;"}},{"type":"Feature","geometry":{"type":"Point","coordinates":[-77.42304,38.27483]},"properties":{"id":"way/1335804049","name":"Cat Fish Kelly's Country Store","group":"groceries","category":"shop=convenience","housenumber":"661","street":"Kings Highway","postcode":"22405","tags":";convenience;"}},{"type":"Feature","geometry":{"type":"Point","coordinates":[-77.465,38.33102]},"properties":{"id":"way/1338141926","name":"Pro Auto Select","group":"shopping","category":"shop=car","phone":"+1 540-681-1005","housenumber":"228;226","street":"Cambridge Street","city":"fredricksburg","postcode":"22405","tags":";car;"}},{"type":"Feature","geometry":{"type":"Point","coordinates":[-77.42047,38.47364]},"properties":{"id":"way/1340629644","name":"Pho 72","group":"food","category":"amenity=restaurant","cuisine":"vietnamese","tags":";vietnamese;restaurant;"}},{"type":"Feature","geometry":{"type":"Point","coordinates":[-77.42057,38.47368]},"properties":{"id":"way/1340629645","name":"A&J International Market","group":"groceries","category":"shop=supermarket","tags":";supermarket;"}},{"type":"Feature","geometry":{"type":"Point","coordinates":[-77.41833,38.47289]},"properties":{"id":"way/1340630223","name":"Stafford Barber Shop","group":"personal_care","category":"shop=hairdresser","housenumber":"263","street":"Garrisonville Road","tags":";hairdresser;barber;"}},{"type":"Feature","geometry":{"type":"Point","coordinates":[-77.41777,38.47311]},"properties":{"id":"way/1340634669","name":"Kobe","group":"food","category":"amenity=restaurant","cuisine":"japanese","housenumber":"261","street":"Garrisonville Road","tags":";japanese;restaurant;"}},{"type":"Feature","geometry":{"type":"Point","coordinates":[-77.41737,38.47328]},"properties":{"id":"way/1340634673","name":"The Icing Baking Company","group":"food","category":"shop=confectionery","phone":"+1 540-659-8955","website":"https://theicingcakes.com/","housenumber":"261","street":"Garrisonville Road","city":"Stafford","postcode":"22554","tags":";confectionery;"}},{"type":"Feature","geometry":{"type":"Point","coordinates":[-77.42062,38.47515]},"properties":{"id":"way/1340639886","name":"Botta Bing Bagel","group":"food","category":"amenity=fast_food","cuisine":"bagel","housenumber":"310","street":"Garrisonville Road","postcode":"22554","tags":";bagel;fast_food;"}},{"type":"Feature","geometry":{"type":"Point","coordinates":[-77.42206,38.47654]},"properties":{"id":"way/1341449617","name":"Sake Thai & Sushi Bar","group":"food","category":"amenity=restaurant","cuisine":"sushi","housenumber":"65","street":"Dunn Dr","postcode":"22556","tags":";sushi;restaurant;thai;"}},{"type":"Feature","geometry":{"type":"Point","coordinates":[-77.29939,38.64159]},"properties":{"id":"way/1344437728","name":"Gala Gents","group":"shopping","category":"shop=clothes","tags":";clothes;"}},{"type":"Feature","geometry":{"type":"Point","coordinates":[-77.29954,38.64388]},"properties":{"id":"way/1344437743","name":"Greg Norman Retail Outlet","group":"shopping","category":"shop=clothes","tags":";clothes;"}},{"type":"Feature","geometry":{"type":"Point","coordinates":[-77.29873,38.64403]},"properties":{"id":"way/1344437746","name":"Sports Nation","group":"shopping","category":"shop=sports","tags":";sports;"}},{"type":"Feature","geometry":{"type":"Point","coordinates":[-77.29811,38.64401]},"properties":{"id":"way/1344437755","name":"Pure Spa","group":"personal_care","category":"shop=beauty","tags":";beauty;spa;"}},{"type":"Feature","geometry":{"type":"Point","coordinates":[-77.29789,38.644]},"properties":{"id":"way/1344437757","name":"Custom World","group":"shopping","category":"shop=fashion_accessories","tags":";fashion_accessories;"}},{"type":"Feature","geometry":{"type":"Point","coordinates":[-77.42067,38.47372]},"properties":{"id":"way/1346055441","name":"Dog Krazy","group":"shopping","category":"shop=pet","housenumber":"315","street":"Garrisonville Road","tags":";pet;"}},{"type":"Feature","geometry":{"type":"Point","coordinates":[-77.41807,38.47718]},"properties":{"id":"way/1346214839","name":"Tony\u2019s Nail Bar","group":"personal_care","category":"shop=beauty","tags":";beauty;nails;"}},{"type":"Feature","geometry":{"type":"Point","coordinates":[-77.45294,38.3129]},"properties":{"id":"way/1346219915","name":"Laundry Basket","group":"services","category":"shop=laundry","housenumber":"411","street":"Chatham Heights Road","city":"Fredericksburg","postcode":"22405","tags":";laundry;"}},{"type":"Feature","geometry":{"type":"Point","coordinates":[-77.4526,38.3126]},"properties":{"id":"way/1346219919","name":"Oriental Massage","group":"personal_care","category":"shop=beauty","housenumber":"411","street":"Chatham Heights Road","city":"Fredericksburg","postcode":"22405","tags":";beauty;"}},{"type":"Feature","geometry":{"type":"Point","coordinates":[-77.45242,38.31245]},"properties":{"id":"way/1346219923","name":"Mai Barber","group":"personal_care","category":"shop=hairdresser","housenumber":"411","street":"Chatham Heights Road","city":"Fredericksburg","postcode":"22405","tags":";hairdresser;barber;"}},{"type":"Feature","geometry":{"type":"Point","coordinates":[-77.51302,38.30267]},"properties":{"id":"way/1346233702","name":"Guru Indian Cuisine","group":"food","category":"amenity=restaurant","cuisine":"indian","housenumber":"1320","street":"Central Park Boulevard","tags":";indian;restaurant;"}},{"type":"Feature","geometry":{"type":"Point","coordinates":[-77.51294,38.30277]},"properties":{"id":"way/1346233703","name":"Cherry Hill Cabinetry","group":"shopping","category":"shop=furniture","tags":";furniture;"}},{"type":"Feature","geometry":{"type":"Point","coordinates":[-77.51175,38.30492]},"properties":{"id":"way/1346233710","name":"La Vida Massage","group":"personal_care","category":"shop=massage","tags":";massage;"}},{"type":"Feature","geometry":{"type":"Point","coordinates":[-77.51095,38.30383]},"properties":{"id":"way/1346233718","name":"The Good Feet Store","group":"shopping","category":"shop=shoes","tags":";shoes;"}},{"type":"Feature","geometry":{"type":"Point","coordinates":[-77.51061,38.30354]},"properties":{"id":"way/1346233720","name":"Spavia","group":"personal_care","category":"shop=massage","housenumber":"1668","street":"Carl D Silver Parkway","city":"Fredericksburg","postcode":"22401","tags":";massage;"}},{"type":"Feature","geometry":{"type":"Point","coordinates":[-77.5099,38.30296]},"properties":{"id":"way/1346233726","name":"Ichiban","group":"food","category":"amenity=restaurant","cuisine":"chinese","hours":"Mo-Th 11:30-20:30; Fr,Sa 11:30-21:00; Su 11:30-20:00","website":"https://ichibanramenandsushi.com","housenumber":"1632","street":"Carl D Silver Parkway","city":"Fredericksburg","postcode":"22401","tags":";chinese;restaurant;"}},{"type":"Feature","geometry":{"type":"Point","coordinates":[-77.50972,38.30225]},"properties":{"id":"way/1346233731","name":"Phoenix Salon","group":"personal_care","category":"shop=hairdresser","tags":";hairdresser;"}},{"type":"Feature","geometry":{"type":"Point","coordinates":[-77.51145,38.30096]},"properties":{"id":"way/1346233737","name":"Lazy Daisy","group":"shopping","category":"shop=interior_decoration","hours":"Mo-Sa 10:00-18:00; Su 12:00-18:00","website":"https://lazydaisygiftstore.com/fredericksburg/","housenumber":"1270","street":"Carl D Silver Parkway","city":"Fredericksburg","postcode":"22401","tags":";interior_decoration;"}},{"type":"Feature","geometry":{"type":"Point","coordinates":[-77.50508,38.30162]},"properties":{"id":"way/1346233742","name":"Fujiya House","group":"food","category":"amenity=restaurant","tags":";restaurant;"}},{"type":"Feature","geometry":{"type":"Point","coordinates":[-77.50517,38.30156]},"properties":{"id":"way/1346233743","name":"The Big Screen Store","group":"shopping","category":"shop=electronics","tags":";electronics;"}},{"type":"Feature","geometry":{"type":"Point","coordinates":[-77.50527,38.30149]},"properties":{"id":"way/1346233744","name":"Southern Accents","group":"shopping","category":"shop=furniture","tags":";furniture;"}},{"type":"Feature","geometry":{"type":"Point","coordinates":[-77.50953,38.29925]},"properties":{"id":"way/1346233749","name":"Rey Azteca","group":"food","category":"amenity=restaurant","cuisine":"mexican","tags":";mexican;restaurant;"}},{"type":"Feature","geometry":{"type":"Point","coordinates":[-77.50989,38.29919]},"properties":{"id":"way/1346233751","name":"The Pool Company","group":"shopping","category":"shop=swimming_pool","tags":";swimming_pool;"}},{"type":"Feature","geometry":{"type":"Point","coordinates":[-77.51038,38.29903]},"properties":{"id":"way/1346233753","name":"Nails I","group":"personal_care","category":"shop=beauty","tags":";beauty;nails;"}},{"type":"Feature","geometry":{"type":"Point","coordinates":[-77.5138,38.30108]},"properties":{"id":"way/1346233761","name":"Comfort Medical Supply","group":"groceries","category":"amenity=pharmacy","tags":";pharmacy;"}},{"type":"Feature","geometry":{"type":"Point","coordinates":[-77.51394,38.30105]},"properties":{"id":"way/1346233762","name":"All American Mobility","group":"groceries","category":"shop=general","tags":";general;"}},{"type":"Feature","geometry":{"type":"Point","coordinates":[-77.51449,38.30095]},"properties":{"id":"way/1346233764","name":"America's Home Place","group":"shopping","category":"shop=furniture","tags":";furniture;"}},{"type":"Feature","geometry":{"type":"Point","coordinates":[-77.50944,38.3041]},"properties":{"id":"way/1346233767","name":"Angel Nail Spa","group":"personal_care","category":"shop=beauty","tags":";beauty;nails;spa;"}},{"type":"Feature","geometry":{"type":"Point","coordinates":[-77.50934,38.30404]},"properties":{"id":"way/1346233769","name":"Kokee Tea","group":"food","category":"shop=tea","tags":";tea;"}},{"type":"Feature","geometry":{"type":"Point","coordinates":[-77.50997,38.30409]},"properties":{"id":"way/1346233771","name":"Kickshaws","group":"food","category":"shop=bakery","housenumber":"1511","street":"Central Park Boulevard","tags":";bakery;"}},{"type":"Feature","geometry":{"type":"Point","coordinates":[-77.5103,38.30439]},"properties":{"id":"way/1346233775","name":"5.11","group":"shopping","category":"shop=outdoor","tags":";outdoor;"}},{"type":"Feature","geometry":{"type":"Point","coordinates":[-77.50732,38.30453]},"properties":{"id":"way/1346233777","name":"T & V Nails","group":"personal_care","category":"shop=beauty","tags":";beauty;nails;"}},{"type":"Feature","geometry":{"type":"Point","coordinates":[-77.50746,38.30465]},"properties":{"id":"way/1346233779","name":"South Vietnam Restaurant","group":"food","category":"amenity=restaurant","cuisine":"vietnamese","tags":";vietnamese;restaurant;"}},{"type":"Feature","geometry":{"type":"Point","coordinates":[-77.50753,38.30473]},"properties":{"id":"way/1346233780","name":"Poke Sushi Bowl","group":"food","category":"amenity=restaurant","cuisine":"sushi","tags":";sushi;restaurant;"}},{"type":"Feature","geometry":{"type":"Point","coordinates":[-77.50767,38.30491]},"properties":{"id":"way/1346233782","name":"Kabob Corner","group":"food","category":"amenity=restaurant","tags":";restaurant;"}},{"type":"Feature","geometry":{"type":"Point","coordinates":[-77.50756,38.30411]},"properties":{"id":"way/1346233784","name":"Eye Care","group":"personal_care","category":"shop=optician","tags":";optician;"}},{"type":"Feature","geometry":{"type":"Point","coordinates":[-77.5077,38.30401]},"properties":{"id":"way/1346233786","name":"Carpet & Rugs","group":"shopping","category":"shop=furniture","tags":";furniture;"}},{"type":"Feature","geometry":{"type":"Point","coordinates":[-77.52195,38.29435]},"properties":{"id":"way/1346233797","name":"Dragon Inn","group":"food","category":"amenity=restaurant","cuisine":"chinese","tags":";chinese;restaurant;"}},{"type":"Feature","geometry":{"type":"Point","coordinates":[-77.52229,38.29417]},"properties":{"id":"way/1346233801","name":"Top Nails","group":"personal_care","category":"shop=beauty","tags":";beauty;nails;"}},{"type":"Feature","geometry":{"type":"Point","coordinates":[-77.52251,38.29409]},"properties":{"id":"way/1346233804","name":"Tanni\u2019s Thread and Wax","group":"personal_care","category":"shop=beauty","tags":";beauty;"}},{"type":"Feature","geometry":{"type":"Point","coordinates":[-77.52275,38.294]},"properties":{"id":"way/1346233807","name":"Barber","group":"personal_care","category":"shop=hairdresser","tags":";hairdresser;barber;"}},{"type":"Feature","geometry":{"type":"Point","coordinates":[-77.52302,38.2939]},"properties":{"id":"way/1346233811","name":"Brother's Pizza","group":"food","category":"amenity=restaurant","cuisine":"pizza","tags":";pizza;restaurant;"}},{"type":"Feature","geometry":{"type":"Point","coordinates":[-77.52374,38.29364]},"properties":{"id":"way/1346233817","name":"Jerks of the Caribbean","group":"food","category":"amenity=restaurant","tags":";restaurant;"}},{"type":"Feature","geometry":{"type":"Point","coordinates":[-77.49284,38.29475]},"properties":{"id":"way/1346290844","name":"Do\u00f1a Tere","group":"food","category":"amenity=restaurant","cuisine":"salvadoran","website":"https://www.donatererestaurant.com/","housenumber":"1964","street":"Plank Road","city":"Fredericksburg","tags":";salvadoran;restaurant;"}},{"type":"Feature","geometry":{"type":"Point","coordinates":[-77.41167,38.47055]},"properties":{"id":"way/1346298561","name":"Stafford Cleaners","group":"services","category":"shop=dry_cleaning","housenumber":"1495","street":"Stafford Market Place","tags":";dry_cleaning;"}},{"type":"Feature","geometry":{"type":"Point","coordinates":[-77.41179,38.47066]},"properties":{"id":"way/1346298563","name":"Salad Sensations","group":"food","category":"amenity=fast_food","cuisine":"salad","housenumber":"1495","street":"Stafford Market Place","tags":";salad;fast_food;"}},{"type":"Feature","geometry":{"type":"Point","coordinates":[-77.41689,38.47004]},"properties":{"id":"way/1346298934","name":"Merge Cafe","group":"food","category":"amenity=restaurant","cuisine":"korean","housenumber":"44","street":"Mine Road","tags":";korean;restaurant;"}},{"type":"Feature","geometry":{"type":"Point","coordinates":[-77.52302,38.35852]},"properties":{"id":"way/1346341740","name":"Primavera Pizzeria and Grill","group":"food","category":"amenity=restaurant","cuisine":"pizza","housenumber":"570","street":"Celebrate Va Parkway","tags":";pizza;restaurant;"}},{"type":"Feature","geometry":{"type":"Point","coordinates":[-77.52232,38.35915]},"properties":{"id":"way/1346341748","name":"El Jimador Azteca","group":"food","category":"amenity=restaurant","cuisine":"mexican","housenumber":"560","street":"Celebrate Va Parkway","tags":";mexican;restaurant;"}},{"type":"Feature","geometry":{"type":"Point","coordinates":[-77.52227,38.35918]},"properties":{"id":"way/1346341749","name":"Eden Nails","group":"personal_care","category":"shop=beauty","housenumber":"560","street":"Celebrate Va Parkway","tags":";beauty;nails;"}},{"type":"Feature","geometry":{"type":"Point","coordinates":[-77.52046,38.3603]},"properties":{"id":"way/1346341752","name":"China King","group":"food","category":"amenity=restaurant","cuisine":"chinese","housenumber":"29","street":"Banks Ford Parkway","tags":";chinese;restaurant;"}},{"type":"Feature","geometry":{"type":"Point","coordinates":[-77.52039,38.36021]},"properties":{"id":"way/1346341754","name":"Bear River Massage Therapy","group":"personal_care","category":"shop=massage","housenumber":"29","street":"Banks Ford Parkway","tags":";massage;"}},{"type":"Feature","geometry":{"type":"Point","coordinates":[-77.50546,38.35297]},"properties":{"id":"way/1346344876","name":"Pancho Villa","group":"food","category":"amenity=restaurant","hours":"Mo-Th 11:00-22:00; Fr,Sa 11:00-23:00; Su 11:00-21:00","housenumber":"752","street":"Warrenton Road","tags":";restaurant;"}},{"type":"Feature","geometry":{"type":"Point","coordinates":[-77.50504,38.3533]},"properties":{"id":"way/1346344882","name":"17 Barber","group":"personal_care","category":"shop=hairdresser","hours":"Mo-Fr 08:00-18:00; Sa 08:00-17:00; Su 08:00-16:00","housenumber":"754","street":"Warrenton Road","tags":";hairdresser;barber;"}},{"type":"Feature","geometry":{"type":"Point","coordinates":[-77.49574,38.34454]},"properties":{"id":"way/1346345691","name":"America's Best Wings","group":"food","category":"amenity=restaurant","housenumber":"15","street":"South Gateway Drive","tags":";restaurant;chicken;"}},{"type":"Feature","geometry":{"type":"Point","coordinates":[-77.49568,38.34439]},"properties":{"id":"way/1346345693","name":"Crystal Nails","group":"personal_care","category":"shop=beauty","housenumber":"15","street":"South Gateway Drive","tags":";beauty;nails;"}},{"type":"Feature","geometry":{"type":"Point","coordinates":[-77.50689,38.30174]},"properties":{"id":"way/1346394439","name":"Elite Nails and Spa","group":"personal_care","category":"shop=beauty","tags":";beauty;nails;spa;"}},{"type":"Feature","geometry":{"type":"Point","coordinates":[-77.51079,38.30603]},"properties":{"id":"way/1346398223","name":"Great American Buffet","group":"food","category":"amenity=restaurant","housenumber":"1780","street":"Carl D Silver Parkway","city":"Fredericksburg","tags":";restaurant;"}},{"type":"Feature","geometry":{"type":"Point","coordinates":[-77.50853,38.30717]},"properties":{"id":"way/1346398226","name":"Clothes Mentor","group":"shopping","category":"shop=clothes","housenumber":"1757","street":"Carl D Silver Parkway","city":"Fredericksburg","postcode":"22401","tags":";clothes;"}},{"type":"Feature","geometry":{"type":"Point","coordinates":[-77.50871,38.30738]},"properties":{"id":"way/1346398228","name":"Peter Chang","group":"food","category":"amenity=restaurant","cuisine":"chinese","website":"https://www.peterchangfredericksburg.com/","housenumber":"1771;1775","street":"Carl D Silver Parkway","city":"Fredericksburg","postcode":"22401","tags":";chinese;restaurant;"}},{"type":"Feature","geometry":{"type":"Point","coordinates":[-77.50885,38.30755]},"properties":{"id":"way/1346398230","name":"Chalk N More","group":"shopping","category":"shop=toys","housenumber":"1777","street":"Carl D Silver Parkway","city":"Fredericksburg","postcode":"22401","tags":";toys;"}},{"type":"Feature","geometry":{"type":"Point","coordinates":[-77.50918,38.30794]},"properties":{"id":"way/1346398232","name":"Sushi Kola","group":"food","category":"amenity=restaurant","cuisine":"sushi","website":"https://sushikola.com/","housenumber":"1811;1821","street":"Carl D Silver Parkway","city":"Fredericksburg","postcode":"22401","tags":";sushi;restaurant;"}},{"type":"Feature","geometry":{"type":"Point","coordinates":[-77.51095,38.30964]},"properties":{"id":"way/1346398259","name":"Sweet Reasons","group":"food","category":"shop=bakery","housenumber":"1911","street":"Carl D Silver Parkway","city":"Fredericksburg","postcode":"22401","tags":";bakery;"}},{"type":"Feature","geometry":{"type":"Point","coordinates":[-77.51123,38.30985]},"properties":{"id":"way/1346398264","name":"Princess Nails","group":"personal_care","category":"shop=beauty","housenumber":"1939","street":"Carl D Silver Parkway","city":"Fredericksburg","postcode":"22401","tags":";beauty;nails;"}},{"type":"Feature","geometry":{"type":"Point","coordinates":[-77.51082,38.30853]},"properties":{"id":"way/1346398269","name":"I Smoke Shop","group":"shopping","category":"shop=tobacco","tags":";tobacco;"}},{"type":"Feature","geometry":{"type":"Point","coordinates":[-77.51089,38.30858]},"properties":{"id":"way/1346398270","name":"Experimax","group":"services","category":"craft=electronics_repair","tags":";electronics_repair;"}},{"type":"Feature","geometry":{"type":"Point","coordinates":[-77.51094,38.30862]},"properties":{"id":"way/1346398271","name":"Obo Pizza","group":"food","category":"amenity=restaurant","cuisine":"pizza","tags":";pizza;restaurant;"}},{"type":"Feature","geometry":{"type":"Point","coordinates":[-77.511,38.30867]},"properties":{"id":"way/1346398272","name":"Lucky Road","group":"shopping","category":"shop=shoes","tags":";shoes;"}},{"type":"Feature","geometry":{"type":"Point","coordinates":[-77.50758,38.30546]},"properties":{"id":"way/1346398273","name":"Bharat Grocery","group":"groceries","category":"shop=general","housenumber":"3142","street":"Cowan Boulevard","city":"Fredericksburg","postcode":"22401","tags":";general;"}},{"type":"Feature","geometry":{"type":"Point","coordinates":[-77.5075,38.3055]},"properties":{"id":"way/1346398274","name":"Guru Indian Cuisine","group":"food","category":"amenity=restaurant","cuisine":"indian","website":"https://guruindiancuisine.com/","housenumber":"3140","street":"Cowan Boulevard","city":"Fredericksburg","postcode":"22401","tags":";indian;restaurant;"}},{"type":"Feature","geometry":{"type":"Point","coordinates":[-77.50716,38.30566]},"properties":{"id":"way/1346398278","name":"Hannah's Nail & Spa","group":"personal_care","category":"shop=beauty","housenumber":"3128","street":"Cowan Boulevard","city":"Fredericksburg","postcode":"22401","tags":";beauty;nails;spa;"}},{"type":"Feature","geometry":{"type":"Point","coordinates":[-77.49884,38.31607]},"properties":{"id":"way/1346400272","name":"Tobacco House","group":"shopping","category":"shop=tobacco","housenumber":"3345","street":"Fall Hill Avenue","city":"Fredericksburg","tags":";tobacco;"}},{"type":"Feature","geometry":{"type":"Point","coordinates":[-77.46949,38.32273]},"properties":{"id":"way/1346450194","name":"Cockeye Cox's Crab","group":"groceries","category":"shop=seafood","website":"https://www.facebook.com/p/Cockeye-Coxs-Crab-Company-100083205795342/","housenumber":"114","street":"West Cambridge Street","tags":";seafood;"}},{"type":"Feature","geometry":{"type":"Point","coordinates":[-77.99819,38.46326]},"properties":{"id":"way/1348043723","name":"3 Star Food Market & Deli","group":"groceries","category":"shop=convenience","housenumber":"1350","street":"Orange Road","city":"Culpeper","postcode":"22701","tags":";convenience;"}},{"type":"Feature","geometry":{"type":"Point","coordinates":[-77.43894,38.32709]},"properties":{"id":"way/1348409698","name":"Fortune House Chinese Restaurant","group":"food","category":"amenity=restaurant","cuisine":"chinese","housenumber":"282","street":"Deacon Road","city":"Fredericksburg","postcode":"22405","tags":";chinese;restaurant;"}},{"type":"Feature","geometry":{"type":"Point","coordinates":[-77.43902,38.32708]},"properties":{"id":"way/1348409699","name":"Family Nails Care and Spa","group":"personal_care","category":"shop=beauty","housenumber":"282","street":"Deacon Road","city":"Fredericksburg","postcode":"22405","tags":";beauty;nails;spa;"}},{"type":"Feature","geometry":{"type":"Point","coordinates":[-77.43777,38.32725]},"properties":{"id":"way/1348409701","name":"KG Cleaners","group":"services","category":"shop=dry_cleaning","housenumber":"282","street":"Deacon Road","tags":";dry_cleaning;"}},{"type":"Feature","geometry":{"type":"Point","coordinates":[-77.34745,38.0506]},"properties":{"id":"way/1348410733","name":"Your Just Desserts","group":"food","category":"shop=bakery","hours":"Mo-Fr 08:00-15:00","phone":"+1-804-814-5272","housenumber":"120","street":"North Main Street","city":"Bowling Green","postcode":"22427","tags":";bakery;outdoor_seating;"}},{"type":"Feature","geometry":{"type":"Point","coordinates":[-77.34743,38.05055]},"properties":{"id":"way/1348410734","name":"Ada's Sew Fine Alterations","group":"services","category":"shop=tailor","housenumber":"118","street":"North Main Street","city":"Bowling Green","postcode":"22427","tags":";tailor;"}},{"type":"Feature","geometry":{"type":"Point","coordinates":[-77.34739,38.05047]},"properties":{"id":"way/1348410736","name":"The Painted Horse","group":"shopping","category":"shop=art","housenumber":"114","street":"North Main Street","city":"Bowling Green","postcode":"22427","tags":";art;"}},{"type":"Feature","geometry":{"type":"Point","coordinates":[-77.34739,38.05041]},"properties":{"id":"way/1348410737","name":"The Mix House","group":"food","category":"amenity=cafe","housenumber":"112","street":"North Main Street","city":"Bowling Green","postcode":"22427","tags":";cafe;"}},{"type":"Feature","geometry":{"type":"Point","coordinates":[-77.45868,38.30179]},"properties":{"id":"way/1349126246","name":"Latitudes","group":"shopping","category":"shop=houseware","hours":"11:00-17:00","housenumber":"800","street":"Caroline Street","tags":";houseware;"}},{"type":"Feature","geometry":{"type":"Point","coordinates":[-77.45892,38.30199]},"properties":{"id":"way/1349126248","name":"Jabberwocky Children's Books & Toys","group":"shopping","category":"shop=toys","street":"Caroline Street","city":"Fredericksburg","postcode":"22401","tags":";toys;books;"}},{"type":"Feature","geometry":{"type":"Point","coordinates":[-77.46976,38.47433]},"properties":{"id":"way/1352734620","name":"Hong Kong","group":"food","category":"amenity=restaurant","cuisine":"chinese","housenumber":"1075","street":"Garrisonville Road","tags":";chinese;restaurant;"}},{"type":"Feature","geometry":{"type":"Point","coordinates":[-77.47188,38.47605]},"properties":{"id":"way/1352735439","name":"The Grounds","group":"food","category":"amenity=cafe","cuisine":"coffee_shop;breakfast;pastry","hours":"Mo-Fr 06:00-20:00, Sa 07:00-20:00, Su closed","housenumber":"50","street":"North Stafford Complex Center","city":"Stafford","postcode":"22556","tags":";coffee_shop;breakfast;pastry;cafe;wifi;"}},{"type":"Feature","geometry":{"type":"Point","coordinates":[-77.51504,38.29137]},"properties":{"id":"way/1353791111","name":"Lawrence Clothiers","group":"shopping","category":"shop=clothes","tags":";clothes;"}},{"type":"Feature","geometry":{"type":"Point","coordinates":[-77.51487,38.29147]},"properties":{"id":"way/1353791112","name":"Cancun Mexican Margarita Bar & Grill","group":"food","category":"amenity=restaurant","cuisine":"mexican","website":"https://margaritabarandgrill.com/","tags":";mexican;restaurant;"}},{"type":"Feature","geometry":{"type":"Point","coordinates":[-77.51473,38.29126]},"properties":{"id":"way/1353791113","name":"Paragon Nails","group":"personal_care","category":"shop=beauty","tags":";beauty;nails;"}},{"type":"Feature","geometry":{"type":"Point","coordinates":[-77.51391,38.29161]},"properties":{"id":"way/1353791123","name":"One of One","group":"shopping","category":"shop=shoes","tags":";shoes;"}},{"type":"Feature","geometry":{"type":"Point","coordinates":[-77.51351,38.29177]},"properties":{"id":"way/1353791126","name":"Pieces","group":"shopping","category":"shop=collector","tags":";collector;"}},{"type":"Feature","geometry":{"type":"Point","coordinates":[-77.51329,38.29185]},"properties":{"id":"way/1353791128","name":"Pearlescent Candle Co.","group":"shopping","category":"shop=candles","hours":"Mo-Sa 10:00-21:00; Su 11:00-18:00","phone":"+1-540-993-2287","website":"https://www.pearlescentcandleco.com/","housenumber":"137","street":"Spotsylvania Mall Drive","city":"Fredericksburg","postcode":"22407","tags":";candles;"}},{"type":"Feature","geometry":{"type":"Point","coordinates":[-77.5133,38.29211]},"properties":{"id":"way/1353791131","name":"Bubble House","group":"food","category":"shop=bakery","tags":";bakery;"}},{"type":"Feature","geometry":{"type":"Point","coordinates":[-77.51335,38.2922]},"properties":{"id":"way/1353791132","name":"Custom Apparel and More","group":"shopping","category":"shop=clothes","tags":";clothes;"}},{"type":"Feature","geometry":{"type":"Point","coordinates":[-77.5134,38.29229]},"properties":{"id":"way/1353791133","name":"Elite Jewelers","group":"shopping","category":"shop=jewelry","tags":";jewelry;"}},{"type":"Feature","geometry":{"type":"Point","coordinates":[-77.51354,38.29255]},"properties":{"id":"way/1353791135","name":"Edo's World","group":"shopping","category":"shop=clothes","tags":";clothes;"}},{"type":"Feature","geometry":{"type":"Point","coordinates":[-77.51357,38.2926]},"properties":{"id":"way/1353791136","name":"Dandy Custom Tailors","group":"services","category":"shop=tailor","tags":";tailor;"}},{"type":"Feature","geometry":{"type":"Point","coordinates":[-77.51304,38.29236]},"properties":{"id":"way/1353791139","name":"Follicle Salon & Spa","group":"personal_care","category":"shop=hairdresser","tags":";hairdresser;spa;"}},{"type":"Feature","geometry":{"type":"Point","coordinates":[-77.51185,38.29254]},"properties":{"id":"way/1353791151","name":"Sports Kingdom","group":"shopping","category":"shop=sports","tags":";sports;"}},{"type":"Feature","geometry":{"type":"Point","coordinates":[-77.51161,38.29204]},"properties":{"id":"way/1353791156","name":"Nori Japan","group":"food","category":"amenity=fast_food","tags":";fast_food;"}},{"type":"Feature","geometry":{"type":"Point","coordinates":[-77.51156,38.29199]},"properties":{"id":"way/1353791157","name":"Stirfry 88","group":"food","category":"amenity=fast_food","tags":";fast_food;"}},{"type":"Feature","geometry":{"type":"Point","coordinates":[-77.51153,38.29194]},"properties":{"id":"way/1353791158","name":"Curry & Kabob House","group":"food","category":"amenity=fast_food","tags":";fast_food;"}},{"type":"Feature","geometry":{"type":"Point","coordinates":[-77.51436,38.29101]},"properties":{"id":"way/1353791161","name":"Danger's Salon","group":"personal_care","category":"shop=hairdresser","tags":";hairdresser;"}},{"type":"Feature","geometry":{"type":"Point","coordinates":[-77.51426,38.29105]},"properties":{"id":"way/1353791162","name":"Gada Children's Boutique","group":"shopping","category":"shop=clothes","tags":";clothes;"}},{"type":"Feature","geometry":{"type":"Point","coordinates":[-77.51416,38.29108]},"properties":{"id":"way/1353791163","name":"Peacaloo Boutique","group":"shopping","category":"shop=clothes","tags":";clothes;"}},{"type":"Feature","geometry":{"type":"Point","coordinates":[-77.51326,38.29067]},"properties":{"id":"way/1353791170","name":"Sterling Optical","group":"personal_care","category":"shop=optician","tags":";optician;"}},{"type":"Feature","geometry":{"type":"Point","coordinates":[-77.5139,38.29117]},"properties":{"id":"way/1353797034","name":"Diamond Concepts","group":"shopping","category":"shop=jewelry","tags":";jewelry;"}},{"type":"Feature","geometry":{"type":"Point","coordinates":[-77.51373,38.29122]},"properties":{"id":"way/1353797036","name":"Perfume Palace","group":"personal_care","category":"shop=perfumery","tags":";perfumery;"}},{"type":"Feature","geometry":{"type":"Point","coordinates":[-77.51358,38.29131]},"properties":{"id":"way/1353797037","name":"Michael's Fine Jewelry","group":"shopping","category":"shop=jewelry","tags":";jewelry;"}},{"type":"Feature","geometry":{"type":"Point","coordinates":[-77.51302,38.29087]},"properties":{"id":"way/1353797046","name":"Nails Pizazz","group":"personal_care","category":"shop=beauty","tags":";beauty;nails;"}},{"type":"Feature","geometry":{"type":"Point","coordinates":[-77.51307,38.29096]},"properties":{"id":"way/1353797047","name":"Lord & Lilly's Christian Bookstore","group":"shopping","category":"shop=books","tags":";books;"}},{"type":"Feature","geometry":{"type":"Point","coordinates":[-77.51312,38.29104]},"properties":{"id":"way/1353797048","name":"Scrubs Boutique and More","group":"shopping","category":"shop=clothes","tags":";clothes;"}},{"type":"Feature","geometry":{"type":"Point","coordinates":[-77.51267,38.29064]},"properties":{"id":"way/1353797059","name":"Zeba Collection","group":"shopping","category":"shop=clothes","tags":";clothes;"}},{"type":"Feature","geometry":{"type":"Point","coordinates":[-77.51259,38.29145]},"properties":{"id":"way/1353797062","name":"Box Lunch","group":"shopping","category":"shop=clothes","hours":"Mo-Sa 11:00-19:00; Su 12:00-18:00","phone":"+1-540-702-1040","website":"https://boutiquechel.net/","tags":";clothes;"}},{"type":"Feature","geometry":{"type":"Point","coordinates":[-77.51169,38.29176]},"properties":{"id":"way/1353797064","name":"Great Steak & Potato Co.","group":"food","category":"amenity=fast_food","tags":";fast_food;"}},{"type":"Feature","geometry":{"type":"Point","coordinates":[-77.51182,38.29198]},"properties":{"id":"way/1354012285","name":"Shawarma House","group":"food","category":"amenity=fast_food","tags":";fast_food;mediterranean;"}},{"type":"Feature","geometry":{"type":"Point","coordinates":[-77.51031,38.29053]},"properties":{"id":"way/1354024912","name":"Firebirds Wood Fired Grill","group":"food","category":"amenity=restaurant","cuisine":"american","website":"https://firebirdsrestaurants.com/fredericksburg/menu","housenumber":"1","street":"Towne Centre Boulevard","tags":";american;restaurant;"}},{"type":"Feature","geometry":{"type":"Point","coordinates":[-77.50992,38.29078]},"properties":{"id":"way/1354024916","name":"Black Horse Studio","group":"personal_care","category":"shop=tattoo","hours":"\"By appointment\"","housenumber":"1","street":"Towne Centre Boulevard","tags":";tattoo;"}},{"type":"Feature","geometry":{"type":"Point","coordinates":[-77.51104,38.2903]},"properties":{"id":"way/1354024919","name":"Park Lane Tavern","group":"food","category":"amenity=pub","tags":";pub;"}},{"type":"Feature","geometry":{"type":"Point","coordinates":[-77.5103,38.29146]},"properties":{"id":"way/1354024924","name":"Malawi's Pizza","group":"food","category":"amenity=restaurant","cuisine":"pizza","website":"https://www.malawispizzamenu.com/","housenumber":"1","street":"Towne Centre Boulevard","tags":";pizza;restaurant;"}},{"type":"Feature","geometry":{"type":"Point","coordinates":[-77.5111,38.29083]},"properties":{"id":"way/1354024962","name":"Versona","group":"shopping","category":"shop=clothes","tags":";clothes;"}},{"type":"Feature","geometry":{"type":"Point","coordinates":[-77.51094,38.29089]},"properties":{"id":"way/1354024963","name":"Village Creamery","group":"food","category":"amenity=ice_cream","tags":";ice_cream;"}},{"type":"Feature","geometry":{"type":"Point","coordinates":[-77.50189,38.22324]},"properties":{"id":"way/1356430153","name":"Lazy Daisy Gift Store","group":"shopping","category":"shop=gift","housenumber":"9769","street":"Patriot Highway","city":"Fredericksburg","postcode":"22407","tags":";gift;"}},{"type":"Feature","geometry":{"type":"Point","coordinates":[-77.50212,38.22248]},"properties":{"id":"way/1356430156","name":"Luxury Pool & Spa","group":"shopping","category":"shop=swimming_pool","housenumber":"9755","street":"Patriot Highway","city":"Fredericksburg","postcode":"22407","tags":";swimming_pool;"}},{"type":"Feature","geometry":{"type":"Point","coordinates":[-77.50204,38.22186]},"properties":{"id":"way/1356430158","name":"American Freight Furniture, Mattress, Appliance","group":"shopping","category":"shop=furniture","housenumber":"9745","street":"Patriot Highway","city":"Fredericksburg","postcode":"22407","tags":";furniture;"}},{"type":"Feature","geometry":{"type":"Point","coordinates":[-77.50233,38.22136]},"properties":{"id":"way/1356430160","name":"Venus Nail Spa","group":"personal_care","category":"shop=beauty","housenumber":"9737","street":"Patriot Highway","city":"Fredericksburg","postcode":"22407","tags":";beauty;nails;spa;"}},{"type":"Feature","geometry":{"type":"Point","coordinates":[-77.50436,38.22247]},"properties":{"id":"way/1356430168","name":"Taste of Spice","group":"food","category":"amenity=restaurant","cuisine":"indian","housenumber":"9819","street":"Patriot Highway","tags":";indian;restaurant;"}},{"type":"Feature","geometry":{"type":"Point","coordinates":[-77.50441,38.22223]},"properties":{"id":"way/1356430171","name":"School of Rock","group":"shopping","category":"shop=music","housenumber":"9815","street":"Patriot Highway","tags":";music;"}},{"type":"Feature","geometry":{"type":"Point","coordinates":[-77.50408,38.22381]},"properties":{"id":"way/1356430174","name":"Nails and Lounge","group":"personal_care","category":"shop=beauty","housenumber":"9837","street":"Patriot Highway","tags":";beauty;nails;"}},{"type":"Feature","geometry":{"type":"Point","coordinates":[-77.50535,38.22396]},"properties":{"id":"way/1356430178","name":"La Delizia Pizza","group":"food","category":"amenity=restaurant","cuisine":"pizza","housenumber":"10041","street":"Patriot Highway","city":"Fredericksburg","tags":";pizza;restaurant;"}},{"type":"Feature","geometry":{"type":"Point","coordinates":[-77.50545,38.22368]},"properties":{"id":"way/1356430183","name":"Spice Thai Cuisine","group":"food","category":"amenity=restaurant","cuisine":"thai","housenumber":"10029","street":"Patriot Highway","city":"Fredericksburg","postcode":"22407","tags":";thai;restaurant;"}},{"type":"Feature","geometry":{"type":"Point","coordinates":[-77.50491,38.22251]},"properties":{"id":"way/1356430187","name":"Salon Plaza","group":"personal_care","category":"shop=hairdresser","housenumber":"9911","street":"Patriot Highway","tags":";hairdresser;"}},{"type":"Feature","geometry":{"type":"Point","coordinates":[-77.50508,38.22502]},"properties":{"id":"way/1356446976","name":"Barber Shop & Co.","group":"personal_care","category":"shop=hairdresser","housenumber":"10057","street":"Patriot Highway","tags":";hairdresser;barber;"}},{"type":"Feature","geometry":{"type":"Point","coordinates":[-77.50511,38.2249]},"properties":{"id":"way/1356446978","name":"Blue Pearl Nails","group":"personal_care","category":"shop=beauty","housenumber":"10051","street":"Patriot Highway","city":"Fredericksburg","tags":";beauty;nails;"}},{"type":"Feature","geometry":{"type":"Point","coordinates":[-77.50419,38.22524]},"properties":{"id":"way/1356446979","name":"Crying Tiger Restaurant & Bar","group":"food","category":"amenity=restaurant","cuisine":"american;lao","housenumber":"9969","street":"Patriot Highway","city":"Fredericksburg","postcode":"22407","tags":";american;lao;restaurant;"}},{"type":"Feature","geometry":{"type":"Point","coordinates":[-77.50423,38.22504]},"properties":{"id":"way/1356446981","name":"Elegant Brows Threading & Salon","group":"personal_care","category":"shop=hairdresser","housenumber":"9961","street":"Patriot Highway","city":"Fredericksburg","postcode":"22407","tags":";hairdresser;lashes_brows;"}},{"type":"Feature","geometry":{"type":"Point","coordinates":[-77.50425,38.22492]},"properties":{"id":"way/1356446982","name":"H & W Spa","group":"personal_care","category":"shop=massage","housenumber":"9959","street":"Patriot Highway","city":"Fredericksburg","postcode":"22407","tags":";massage;spa;"}},{"type":"Feature","geometry":{"type":"Point","coordinates":[-77.50387,38.22481]},"properties":{"id":"way/1356446985","name":"Bella Nails Salon","group":"personal_care","category":"shop=beauty","housenumber":"9849","street":"Patriot Highway","city":"Fredericksburg","postcode":"22407","tags":";beauty;nails;"}},{"type":"Feature","geometry":{"type":"Point","coordinates":[-77.50385,38.22489]},"properties":{"id":"way/1356446986","name":"B^2 Cafe","group":"food","category":"amenity=cafe","housenumber":"9849","street":"Patriot Highway","city":"Fredericksburg","postcode":"22407","tags":";cafe;"}},{"type":"Feature","geometry":{"type":"Point","coordinates":[-77.50385,38.22496]},"properties":{"id":"way/1356446987","name":"Hogshead Cigar Lounge","group":"shopping","category":"shop=tobacco","housenumber":"9849","street":"Patriot Highway","city":"Fredericksburg","postcode":"22407","tags":";tobacco;"}},{"type":"Feature","geometry":{"type":"Point","coordinates":[-77.50678,38.22443]},"properties":{"id":"way/1356446992","name":"Cosner Cleaners","group":"services","category":"shop=dry_cleaning","phone":"+1-540-898-3161","housenumber":"10040","street":"Patriot Highway","city":"Fredericksburg","postcode":"22407","tags":";dry_cleaning;"}},{"type":"Feature","geometry":{"type":"Point","coordinates":[-77.50675,38.22459]},"properties":{"id":"way/1356446994","name":"Wings to Go","group":"food","category":"amenity=restaurant","cuisine":"wings","hours":"Mo-Sa 11:00-22:00; Su 11:00-21:00","phone":"+1-540-898-8338","website":"https://www.wingstogo.com/location/Fredericksburg","housenumber":"10040","street":"Patriot Highway","city":"Fredericksburg","postcode":"22407","tags":";wings;restaurant;chicken;"}},{"type":"Feature","geometry":{"type":"Point","coordinates":[-77.50674,38.22466]},"properties":{"id":"way/1356446995","name":"El Patron","group":"food","category":"amenity=restaurant","cuisine":"mexican","hours":"Mo-Sa 11:00-22:00; Su 11:00-21:00","phone":"+1-540-898-6173","website":"http://elpatronva.com/#patron1","housenumber":"10040","street":"Patriot Highway","city":"Fredericksburg","postcode":"22407","tags":";mexican;restaurant;"}},{"type":"Feature","geometry":{"type":"Point","coordinates":[-77.50444,38.22825]},"properties":{"id":"way/1356446999","name":"Pay More","group":"shopping","category":"shop=electronics","housenumber":"10125","street":"Patriot Highway","city":"Fredericksburg","postcode":"22407","tags":";electronics;"}},{"type":"Feature","geometry":{"type":"Point","coordinates":[-77.50444,38.22818]},"properties":{"id":"way/1356447000","name":"Daily Grind Coffeehouse & Cafe","group":"food","category":"amenity=cafe","housenumber":"10123","street":"Patriot Highway","tags":";cafe;"}},{"type":"Feature","geometry":{"type":"Point","coordinates":[-77.50342,38.22754]},"properties":{"id":"way/1356447005","name":"Homespur Kabob Burgers & Ice Cream","group":"food","category":"amenity=restaurant","cuisine":"american","housenumber":"10153","street":"Patriot Highway","city":"Fredericksburg","postcode":"22407","tags":";american;restaurant;burger;ice_cream;"}},{"type":"Feature","geometry":{"type":"Point","coordinates":[-77.50343,38.22747]},"properties":{"id":"way/1356447006","name":"Kusina Filipino Restaurant","group":"food","category":"amenity=restaurant","cuisine":"filipino","housenumber":"10151","street":"Patriot Highway","city":"Fredericksburg","postcode":"22407","tags":";filipino;restaurant;"}},{"type":"Feature","geometry":{"type":"Point","coordinates":[-77.50347,38.2273]},"properties":{"id":"way/1356447008","name":"C & R Rugs & Carpet","group":"shopping","category":"shop=carpet","housenumber":"10141","street":"Patriot Highway","city":"Fredericksburg","postcode":"22407","tags":";carpet;"}},{"type":"Feature","geometry":{"type":"Point","coordinates":[-77.50622,38.22221]},"properties":{"id":"way/1356447014","name":"Dog Krazy","group":"services","category":"shop=pet_grooming","housenumber":"10007","street":"Patriot Highway","city":"Fredericksburg","postcode":"22407","tags":";pet_grooming;"}},{"type":"Feature","geometry":{"type":"Point","coordinates":[-77.50613,38.2224]},"properties":{"id":"way/1356447015","name":"Sumo - Poke Bowl & Ramen","group":"food","category":"amenity=restaurant","cuisine":"sushi","housenumber":"10007","street":"Patriot Highway","tags":";sushi;restaurant;ramen;"}},{"type":"Feature","geometry":{"type":"Point","coordinates":[-77.50609,38.22247]},"properties":{"id":"way/1356447017","name":"HCK Hot Chicken","group":"food","category":"amenity=fast_food","cuisine":"chicken","tags":";chicken;fast_food;"}},{"type":"Feature","geometry":{"type":"Point","coordinates":[-77.50585,38.22296]},"properties":{"id":"way/1356447018","name":"Gourmeltz","group":"food","category":"amenity=restaurant","cuisine":"sandwich","website":"https://www.gourmeltz.com/","housenumber":"10013","street":"Patriot Highway","city":"Fredericksburg","postcode":"22407","tags":";sandwich;restaurant;"}},{"type":"Feature","geometry":{"type":"Point","coordinates":[-77.50322,38.21832]},"properties":{"id":"way/1356447024","name":"Finesse Salon Studios","group":"personal_care","category":"shop=hairdresser","housenumber":"9675","street":"Patriot Highway","city":"Fredericksburg","postcode":"22407","tags":";hairdresser;"}},{"type":"Feature","geometry":{"type":"Point","coordinates":[-77.5033,38.21807]},"properties":{"id":"way/1356447026","name":"Hope Heros Southern Kitchen","group":"food","category":"amenity=restaurant","cuisine":"southern","housenumber":"9677","street":"Patriot Highway","city":"Fredericksburg","postcode":"22407","tags":";southern;restaurant;"}},{"type":"Feature","geometry":{"type":"Point","coordinates":[-77.49924,38.23407]},"properties":{"id":"way/1356453348","name":"Redz Color Studio","group":"personal_care","category":"shop=hairdresser","housenumber":"5124","street":"Southpoint Parkway","tags":";hairdresser;"}},{"type":"Feature","geometry":{"type":"Point","coordinates":[-77.49938,38.2341]},"properties":{"id":"way/1356453349","name":"Artifact","group":"shopping","category":"shop=antiques","tags":";antiques;"}},{"type":"Feature","geometry":{"type":"Point","coordinates":[-78.00756,38.48166]},"properties":{"id":"way/1367126599","name":"Found & Sons Funeral Chapel","group":"services","category":"shop=funeral_directors","housenumber":"850","street":"Sperryville Pike","tags":";funeral_directors;"}},{"type":"Feature","geometry":{"type":"Point","coordinates":[-78.45781,38.2984]},"properties":{"id":"way/1434965588","name":"Blue Run Grocery","group":"groceries","category":"shop=convenience","housenumber":"7439","street":"Spotswood Trail","city":"Stanardsville","postcode":"22973","tags":";convenience;"}},{"type":"Feature","geometry":{"type":"Point","coordinates":[-77.97873,38.58005]},"properties":{"id":"way/1484180382","name":"Ma and Paw's Country Mall","group":"groceries","category":"shop=convenience","housenumber":"9040","street":"Rixeyville Road","city":"Rixeyville","postcode":"22737","tags":";convenience;"}},{"type":"Feature","geometry":{"type":"Point","coordinates":[-77.50055,38.29308]},"properties":{"id":"way/1491687879","name":"Gateway Comics and Toys","group":"shopping","category":"shop=toys","hours":"Mo-Sa 11:00-19:00, Su 11:00-17:00","phone":"+1-540-621-9274","housenumber":"2368","street":"Plank Road","city":"Fredericksburg","postcode":"22401","tags":";toys;games;"}},{"type":"Feature","geometry":{"type":"Point","coordinates":[-78.38863,38.35049]},"properties":{"id":"way/1498818860","name":"Black Cat Antiques","group":"shopping","category":"shop=antiques","housenumber":"1445","street":"Wolftown-Hood Road","city":"Hood","postcode":"22723","tags":";antiques;"}},{"type":"Feature","geometry":{"type":"Point","coordinates":[-77.59091,38.20553]},"properties":{"id":"way/1499430761","name":"El Gran Patron","group":"food","category":"amenity=restaurant","cuisine":"mexican","housenumber":"7409","street":"Laughlin Boulevard","city":"Spotsylvania Courthouse","postcode":"22553","tags":";mexican;restaurant;"}},{"type":"Feature","geometry":{"type":"Point","coordinates":[-78.20075,38.13572]},"properties":{"id":"way/1514057517","name":"Patch Brewing Co.","group":"food","category":"amenity=pub","tags":";pub;brewery;"}},{"type":"Feature","geometry":{"type":"Point","coordinates":[-77.28698,38.62776]},"properties":{"id":"way/1515519486","name":"Firepan Korean BBQ & Bar","group":"food","category":"amenity=restaurant","cuisine":"korean","housenumber":"15151","street":"Potomac Town Place","city":"Woodbridge","postcode":"22191","tags":";korean;restaurant;barbecue;"}},{"type":"Feature","geometry":{"type":"Point","coordinates":[-77.35913,38.66002]},"properties":{"id":"way/1548135095","name":"Exxon Shop","group":"groceries","category":"shop=convenience","housenumber":"13594","street":"Quate Lane","city":"Woodbridge","postcode":"22193","tags":";convenience;"}}]}