{"type":"FeatureCollection","features":[{"type":"Feature","geometry":{"type":"Point","coordinates":[-77.70581,39.13783]},"properties":{"id":"node/626228784","name":"Pen's Oriental","group":"food","category":"amenity=restaurant","cuisine":"chinese;thai;japanese","website":"https://www.pensorientalkitchen.com/","housenumber":"609","street":"East Main Street","city":"Purcellville","postcode":"20132","tags":";chinese;thai;japanese;restaurant;"}},{"type":"Feature","geometry":{"type":"Point","coordinates":[-77.70588,39.13863]},"properties":{"id":"node/626229149","name":"Smokin Willy Barbecue Restaurant","group":"food","category":"amenity=restaurant","cuisine":"barbecue","website":"https://www.smokinwilly.com/","housenumber":"201","street":"North Maple Avenue","city":"Purcellville","postcode":"20132","tags":";barbecue;restaurant;"}},{"type":"Feature","geometry":{"type":"Point","coordinates":[-77.69857,39.13507]},"properties":{"id":"node/631072614","name":"Velocity Wings - Purcellville","group":"food","category":"amenity=restaurant","cuisine":"wings","hours":"Fr,Sa 11:00-23:00; Su-Th 11:00-22:00","website":"https://www.velocitywings.net/purcellville","housenumber":"1020","street":"East Main Street","city":"Purcellville","postcode":"20132","tags":";wings;restaurant;chicken;"}},{"type":"Feature","geometry":{"type":"Point","coordinates":[-77.53924,39.11247]},"properties":{"id":"node/959843585","name":"AAA Tire & Auto Service","group":"services","category":"shop=car_repair","hours":"Mo-Fr 07:00-18:00; Sa 08:00-17:00","phone":"+1-703-777-2255","website":"https://cluballiance.aaa.com/locations/aaa-stores/TS001/aaa-tire-and-auto-service-leesburg-925-edwards-ferry-road-leesburg","housenumber":"925","street":"Edwards Ferry Road","postcode":"20176","tags":";car_repair;tyres;"}},{"type":"Feature","geometry":{"type":"Point","coordinates":[-77.56284,39.11288]},"properties":{"id":"node/1143928442","name":"Fireworks Pizza","group":"food","category":"amenity=restaurant","cuisine":"pizza","website":"https://www.fireworkspizza.com/FireWorksLeesburg.html","housenumber":"201","street":"Harrison Street Southeast","city":"Leesburg","postcode":"20175","tags":";pizza;restaurant;takeout;outdoor_seating;wheelchair_accessible;"}},{"type":"Feature","geometry":{"type":"Point","coordinates":[-77.56302,39.11279]},"properties":{"id":"node/1143935164","name":"Los Tios","group":"food","category":"amenity=restaurant","cuisine":"mexican","street":"Harrison Street Southeast","postcode":"20175","tags":";mexican;restaurant;"}},{"type":"Feature","geometry":{"type":"Point","coordinates":[-77.56137,39.11347]},"properties":{"id":"node/1282206428","name":"Thai Pan Restaurant","group":"food","category":"amenity=restaurant","cuisine":"thai","tags":";thai;restaurant;"}},{"type":"Feature","geometry":{"type":"Point","coordinates":[-77.70202,39.13613]},"properties":{"id":"node/1312405419","name":"Browning Hardware","group":"shopping","category":"shop=doityourself","tags":";doityourself;"}},{"type":"Feature","geometry":{"type":"Point","coordinates":[-77.56416,39.10756]},"properties":{"id":"node/1545234253","name":"The Compounding Center","group":"groceries","category":"amenity=pharmacy","tags":";pharmacy;"}},{"type":"Feature","geometry":{"type":"Point","coordinates":[-77.51884,39.18177]},"properties":{"id":"node/1640081868","name":"Fabbioli Cellars","group":"groceries","category":"shop=alcohol","tags":";alcohol;"}},{"type":"Feature","geometry":{"type":"Point","coordinates":[-77.53463,39.18638]},"properties":{"id":"node/1641223446","name":"Farmer John's Market","group":"groceries","category":"shop=farm","tags":";farm;"}},{"type":"Feature","geometry":{"type":"Point","coordinates":[-77.56572,39.11566]},"properties":{"id":"node/1703262250","name":"Lalou Bistro","group":"food","category":"amenity=restaurant","cuisine":"french","housenumber":"21","street":"West Market Street","city":"Leesburg","postcode":"20176","tags":";french;restaurant;"}},{"type":"Feature","geometry":{"type":"Point","coordinates":[-77.56482,39.11562]},"properties":{"id":"node/1703273781","name":"Palio's","group":"food","category":"amenity=restaurant","cuisine":"italian","housenumber":"2","street":"West Market Street","city":"Leesburg","postcode":"20176","tags":";italian;restaurant;"}},{"type":"Feature","geometry":{"type":"Point","coordinates":[-77.55592,39.11054]},"properties":{"id":"node/1707815940","name":"Leesburg Auto Finance","group":"shopping","category":"shop=car","tags":";car;"}},{"type":"Feature","geometry":{"type":"Point","coordinates":[-77.54806,39.10704]},"properties":{"id":"node/1707818664","name":"Anita's","group":"food","category":"amenity=restaurant","cuisine":"mexican","website":"https://www.anitascorp.com/","housenumber":"5","street":"Fort Evans Road Northeast","city":"Leesburg","postcode":"20176","tags":";mexican;restaurant;"}},{"type":"Feature","geometry":{"type":"Point","coordinates":[-77.5491,39.10673]},"properties":{"id":"node/1707818678","name":"Del Rio","group":"food","category":"amenity=restaurant","cuisine":"mexican","tags":";mexican;restaurant;"}},{"type":"Feature","geometry":{"type":"Point","coordinates":[-77.55998,39.1122]},"properties":{"id":"node/1707822712","name":"La Villa Roma","group":"food","category":"amenity=restaurant","cuisine":"italian","hours":"Mo-Fr 11:00-20:30; Sa 11:00-21:30; Su 16:00-20:30","phone":"+1 703-777-6223","website":"https://www.lavillaromapizza.com","housenumber":"305","street":"East Market Street","city":"Leesburg","postcode":"20176","tags":";italian;restaurant;"}},{"type":"Feature","geometry":{"type":"Point","coordinates":[-77.55869,39.11284]},"properties":{"id":"node/1707823650","name":"Cloud 9","group":"personal_care","category":"shop=hairdresser","tags":";hairdresser;"}},{"type":"Feature","geometry":{"type":"Point","coordinates":[-77.56316,39.1125]},"properties":{"id":"node/1707825628","name":"South Street Under","group":"food","category":"amenity=cafe","tags":";cafe;"}},{"type":"Feature","geometry":{"type":"Point","coordinates":[-77.56337,39.11243]},"properties":{"id":"node/1707825629","name":"Leesburg Nails","group":"personal_care","category":"shop=hairdresser","tags":";hairdresser;nails;"}},{"type":"Feature","geometry":{"type":"Point","coordinates":[-77.56315,39.11265]},"properties":{"id":"node/1707825630","name":"Tuscarora Mill","group":"food","category":"amenity=restaurant","cuisine":"american","tags":";american;restaurant;wheelchair_accessible;"}},{"type":"Feature","geometry":{"type":"Point","coordinates":[-77.56127,39.11333]},"properties":{"id":"node/1707832698","name":"La Chocita Grill","group":"food","category":"amenity=restaurant","cuisine":"mexican","tags":";mexican;restaurant;"}},{"type":"Feature","geometry":{"type":"Point","coordinates":[-77.56016,39.1141]},"properties":{"id":"node/1707833632","name":"Mane Hair Salon","group":"personal_care","category":"shop=hairdresser","tags":";hairdresser;"}},{"type":"Feature","geometry":{"type":"Point","coordinates":[-77.56488,39.1145]},"properties":{"id":"node/1707835917","name":"Night Shift by Sidebar","group":"food","category":"amenity=bar","housenumber":"28","street":"South King Street","city":"Leesburg","postcode":"20175","tags":";bar;"}},{"type":"Feature","geometry":{"type":"Point","coordinates":[-77.56445,39.11395]},"properties":{"id":"node/1707836112","name":"Puccio's New York Deli","group":"food","category":"amenity=restaurant","cuisine":"sandwich","tags":";sandwich;restaurant;"}},{"type":"Feature","geometry":{"type":"Point","coordinates":[-77.56546,39.11444]},"properties":{"id":"node/1707838254","name":"King's Court Tavern","group":"food","category":"amenity=pub","housenumber":"2","street":"Loudoun Street Southwest","city":"Leesburg","postcode":"20176","tags":";pub;"}},{"type":"Feature","geometry":{"type":"Point","coordinates":[-77.56557,39.11447]},"properties":{"id":"node/1707838255","name":"Robinson's Barber Shop","group":"personal_care","category":"shop=hairdresser","housenumber":"4","street":"Loudoun Street Southwest","city":"Leesburg","postcode":"20176","tags":";hairdresser;barber;"}},{"type":"Feature","geometry":{"type":"Point","coordinates":[-77.56459,39.11572]},"properties":{"id":"node/1707844967","name":"Downtown Saloon","group":"food","category":"amenity=pub","housenumber":"7","street":"North King Street","city":"Leesburg","postcode":"20176","tags":";pub;"}},{"type":"Feature","geometry":{"type":"Point","coordinates":[-77.56452,39.11588]},"properties":{"id":"node/1707844999","name":"Lightfoot","group":"food","category":"amenity=restaurant","cuisine":"american","housenumber":"11","street":"North King Street","city":"Leesburg","postcode":"20176","tags":";american;restaurant;"}},{"type":"Feature","geometry":{"type":"Point","coordinates":[-77.56556,39.10563]},"properties":{"id":"node/1778307096","name":"TW Perry","group":"shopping","category":"shop=doityourself","tags":";doityourself;"}},{"type":"Feature","geometry":{"type":"Point","coordinates":[-77.56718,39.11473]},"properties":{"id":"node/1778308051","name":"Eiffel Tower Caf\u00e9","group":"food","category":"amenity=restaurant","cuisine":"french","housenumber":"107","street":"Loudoun Street Southwest","city":"Leesburg","postcode":"20176","tags":";french;restaurant;"}},{"type":"Feature","geometry":{"type":"Point","coordinates":[-77.5667,39.11477]},"properties":{"id":"node/1778308053","name":"Waves Salon","group":"personal_care","category":"shop=hairdresser","housenumber":"102","street":"Loudoun Street Southwest","city":"Leesburg","postcode":"20176","tags":";hairdresser;"}},{"type":"Feature","geometry":{"type":"Point","coordinates":[-77.56475,39.11427]},"properties":{"id":"node/1778314498","name":"Medlin Art Gallery","group":"shopping","category":"shop=art","housenumber":"32","street":"South King Street","city":"Leesburg","postcode":"20175","tags":";art;"}},{"type":"Feature","geometry":{"type":"Point","coordinates":[-77.5536,39.11173]},"properties":{"id":"node/1778363144","name":"Blue Ridge Hospice Shop","group":"shopping","category":"shop=second_hand","hours":"Mo-Sa 09:00-19:00; Su 10:00-17:00","phone":"+1-703-687-3120","housenumber":"57","street":"Catoctin Circle Northeast","city":"Leesburg","postcode":"20176","tags":";second_hand;"}},{"type":"Feature","geometry":{"type":"Point","coordinates":[-77.54769,39.11039]},"properties":{"id":"node/1784090658","name":"USA Market","group":"groceries","category":"shop=supermarket","hours":"Mo-Su 06:00-22:00","housenumber":"64","street":"Plaza Street Northeast","postcode":"20176-3258","tags":";supermarket;"}},{"type":"Feature","geometry":{"type":"Point","coordinates":[-77.54035,39.11333]},"properties":{"id":"node/1784144599","name":"B&M Motorcars","group":"shopping","category":"shop=car","tags":";car;"}},{"type":"Feature","geometry":{"type":"Point","coordinates":[-77.53869,39.11256]},"properties":{"id":"node/1784144643","name":"Blue Ridge Grill","group":"food","category":"amenity=restaurant","cuisine":"american","tags":";american;restaurant;"}},{"type":"Feature","geometry":{"type":"Point","coordinates":[-77.52904,39.10766]},"properties":{"id":"node/1784270680","name":"Bubbles","group":"personal_care","category":"shop=hairdresser","tags":";hairdresser;"}},{"type":"Feature","geometry":{"type":"Point","coordinates":[-77.55887,39.11257]},"properties":{"id":"node/1784283400","name":"Leesburg Jewlers","group":"shopping","category":"shop=jewelry","tags":";jewelry;"}},{"type":"Feature","geometry":{"type":"Point","coordinates":[-77.56444,39.11605]},"properties":{"id":"node/1786791305","name":"Shoe's Cup and Cork Club","group":"food","category":"amenity=cafe","hours":"Su-Th 09:00-16:00; Fr-Sa 09:00-21:00","phone":"+1 703-771-7463","website":"https://shoescupandcork.com","housenumber":"17","street":"North King Street","city":"Leesburg","postcode":"20176","tags":";cafe;"}},{"type":"Feature","geometry":{"type":"Point","coordinates":[-77.56485,39.11512]},"properties":{"id":"node/1787596043","name":"Leesburg Diner","group":"food","category":"amenity=restaurant","housenumber":"9","street":"South King Street","city":"Leesburg","postcode":"20175","tags":";restaurant;"}},{"type":"Feature","geometry":{"type":"Point","coordinates":[-77.56504,39.11476]},"properties":{"id":"node/1787596044","name":"Georgetown Cafe","group":"food","category":"amenity=restaurant","cuisine":"american","housenumber":"19","street":"South King Street","city":"Leesburg","postcode":"20175","tags":";american;restaurant;"}},{"type":"Feature","geometry":{"type":"Point","coordinates":[-77.56491,39.11444]},"properties":{"id":"node/1787596048","name":"Echelon","group":"food","category":"amenity=bar","housenumber":"32","street":"South King Street","city":"Leesburg","postcode":"20175","tags":";bar;"}},{"type":"Feature","geometry":{"type":"Point","coordinates":[-77.56482,39.11519]},"properties":{"id":"node/1787596141","name":"The Wine Kitchen","group":"food","category":"amenity=cafe","housenumber":"7","street":"South King Street","city":"Leesburg","postcode":"20175","tags":";cafe;"}},{"type":"Feature","geometry":{"type":"Point","coordinates":[-77.56479,39.11526]},"properties":{"id":"node/1787596165","name":"China King Restaurant","group":"food","category":"amenity=restaurant","cuisine":"chinese","phone":"+17037779831","website":"https://chinakingtogo.com/","housenumber":"5","street":"South King Street","city":"Leesburg","postcode":"20175","tags":";chinese;restaurant;"}},{"type":"Feature","geometry":{"type":"Point","coordinates":[-77.56458,39.11508]},"properties":{"id":"node/1787596192","name":"Tarbender's Lounge","group":"food","category":"amenity=bar","housenumber":"10","street":"South King Street","city":"Leesburg","postcode":"20175","tags":";bar;outdoor_seating;"}},{"type":"Feature","geometry":{"type":"Point","coordinates":[-77.56483,39.11463]},"properties":{"id":"node/1787596197","name":"SideBar Coffee","group":"food","category":"amenity=bar","housenumber":"24","street":"South King Street","city":"Leesburg","postcode":"20175","tags":";bar;coffee_shop;"}},{"type":"Feature","geometry":{"type":"Point","coordinates":[-77.56494,39.11493]},"properties":{"id":"node/1787596199","name":"Old Town Grill","group":"food","category":"amenity=restaurant","cuisine":"seafood;steak_house","housenumber":"15","street":"South King Street","city":"Leesburg","postcode":"20175","tags":";seafood;steak_house;restaurant;"}},{"type":"Feature","geometry":{"type":"Point","coordinates":[-77.5654,39.11386]},"properties":{"id":"node/1787619850","name":"Gruto's Soft Serve","group":"food","category":"amenity=ice_cream","website":"https://www.grutos.com/","housenumber":"107","street":"South King Street","city":"Leesburg","postcode":"20175","tags":";ice_cream;"}},{"type":"Feature","geometry":{"type":"Point","coordinates":[-77.56485,39.11455]},"properties":{"id":"node/1790204741","name":"SideBar","group":"food","category":"amenity=bar","hours":"Mo-Th 11:00-22:00; Fr 10:00-02:00; Sa 11:00-02:00, Su 10:00-22:00","phone":"+1 571-510-3244","housenumber":"26","street":"South King Street","city":"Leesburg","postcode":"20175","tags":";bar;"}},{"type":"Feature","geometry":{"type":"Point","coordinates":[-77.57142,39.1028]},"properties":{"id":"node/1790218818","name":"New Yorker Pizza","group":"food","category":"amenity=restaurant","cuisine":"italian","housenumber":"828","street":"South King Street","city":"Leesburg","postcode":"20175","tags":";italian;restaurant;pizza;"}},{"type":"Feature","geometry":{"type":"Point","coordinates":[-77.55262,39.1082]},"properties":{"id":"node/1790233182","name":"Melt Gourmet Cheeseburgers","group":"food","category":"amenity=restaurant","cuisine":"burger","hours":"Su-Fr 11:00-20:30; Sa 11:00-21:00","phone":"+1-703-443-2105","website":"http://www.MeltGourmetCheeseburgers.com","housenumber":"525","street":"East Market Street","city":"Leesburg","postcode":"20176","menu":"https://meltgourmetcheeseburgers.com/menu/","tags":";burger;restaurant;"}},{"type":"Feature","geometry":{"type":"Point","coordinates":[-77.57161,39.10283]},"properties":{"id":"node/1793253450","name":"Precious Nail & Spa","group":"personal_care","category":"shop=hairdresser","housenumber":"834","street":"South King Street","city":"Leesburg","postcode":"20175","tags":";hairdresser;nails;spa;"}},{"type":"Feature","geometry":{"type":"Point","coordinates":[-77.57095,39.1042]},"properties":{"id":"node/1793253461","name":"HPF Automotive","group":"services","category":"shop=car_repair","housenumber":"809","street":"South King Street","city":"Leesburg","postcode":"20175","tags":";car_repair;"}},{"type":"Feature","geometry":{"type":"Point","coordinates":[-77.52421,39.09297]},"properties":{"id":"node/1793309639","name":"Silk Authentic Indian Cuisine","group":"food","category":"amenity=restaurant","cuisine":"indian","tags":";indian;restaurant;"}},{"type":"Feature","geometry":{"type":"Point","coordinates":[-77.57094,39.10431]},"properties":{"id":"node/1794591676","name":"Don's Automotive","group":"services","category":"shop=car_repair","housenumber":"9","street":"Davis Avenue Southwest","city":"Leesburg","postcode":"20175","tags":";car_repair;"}},{"type":"Feature","geometry":{"type":"Point","coordinates":[-77.46439,39.07109]},"properties":{"id":"node/1940500324","name":"Bob's","group":"food","category":"amenity=restaurant","hours":"Mo-Fr 07:00-21:00; Sa,Su 09:00-20:00","tags":";restaurant;outdoor_seating;wheelchair_accessible;vegan;vegetarian;"}},{"type":"Feature","geometry":{"type":"Point","coordinates":[-77.46999,39.0615]},"properties":{"id":"node/2301952363","name":"Chau's Cafe","group":"food","category":"amenity=restaurant","cuisine":"asian","hours":"Mo-Th 11:00-21:30; Fr-Sa 11:00-22:00; Su 11:00-21:30","phone":"+1 703-724-7711","website":"https://www.chauscafe.com/","tags":";asian;restaurant;delivery;"}},{"type":"Feature","geometry":{"type":"Point","coordinates":[-77.46901,39.06185]},"properties":{"id":"node/2301952395","name":"Off Broadway Shoe","group":"shopping","category":"shop=shoes","hours":"Mo-Sa 10:00-21:00; Su 11:00-19:00","phone":"+1 571-223-3289","website":"https://www.rackroomshoes.com/store/3057","housenumber":"20020","street":"Ashbrook Commons Plaza","city":"Ashburn","postcode":"20147","tags":";shoes;wheelchair_accessible;"}},{"type":"Feature","geometry":{"type":"Point","coordinates":[-77.47027,39.06125]},"properties":{"id":"node/2301952468","name":"Moby Dick House of Kabob","group":"food","category":"amenity=restaurant","cuisine":"kebab","hours":"Mo-Th 11:00-21:30; Fr 11:00-22:00; Su 11:00-21:00; Sa 11:00-22:00","phone":"+1 703-858-3999","website":"https://www.mobyskabob.com/stores/moby-dick-ashburn/","tags":";kebab;restaurant;"}},{"type":"Feature","geometry":{"type":"Point","coordinates":[-77.47295,39.0618]},"properties":{"id":"node/2301952507","name":"Rubino's pizzeria","group":"food","category":"amenity=restaurant","cuisine":"pizza","hours":"Mo-Th 11:00 - 21:00; Fr-Sa 11:00-22:00; Su 11:00-21:00","phone":"+1 703-729-9292","website":"https://www.rubinospizzeria.com/","tags":";pizza;restaurant;wifi;"}},{"type":"Feature","geometry":{"type":"Point","coordinates":[-77.47029,39.06228]},"properties":{"id":"node/2320245608","name":"Akira Sushi","group":"food","category":"amenity=restaurant","cuisine":"sushi","hours":"Tu-Fr 11:30-14:30, Mo-Fr 17:00-22:00, Sa 12:00-22:00, Su 16:00-21:00","phone":"+1 703-723-6799","website":"https://akirasushiashburn.com/","tags":";sushi;restaurant;"}},{"type":"Feature","geometry":{"type":"Point","coordinates":[-77.47022,39.06132]},"properties":{"id":"node/2320262954","name":"Choong Man Korean Fried Chicken","group":"food","category":"amenity=restaurant","cuisine":"wings","hours":"Su-Th 10:00-22:00; Fr,Sa 11:00-23:00","tags":";wings;restaurant;korean;chicken;"}},{"type":"Feature","geometry":{"type":"Point","coordinates":[-77.47007,39.06146]},"properties":{"id":"node/2320262955","name":"Platinum Nail Spa","group":"personal_care","category":"shop=beauty","hours":"Mo-Fr 10:15-20:00; Sa 09:15-18:00; Su 12:15-17:00","phone":"+1 703-726-6245","website":"http://platinumnailsspaashburn.com/","housenumber":"20020","street":"Ashbrook Commons Plaza","city":"Ashburn","postcode":"20147","tags":";beauty;nails;spa;wheelchair_accessible;"}},{"type":"Feature","geometry":{"type":"Point","coordinates":[-77.55591,39.11118]},"properties":{"id":"node/2338747838","name":"Pupatella","group":"food","category":"amenity=restaurant","cuisine":"pizza","hours":"Su-Th 11:30-21:00; Fr-Sa 11:30-22:00","phone":"+1 571 831-3931","website":"https://www.pupatella.com","housenumber":"350","street":"East Market Street","city":"Leesburg","postcode":"20176","tags":";pizza;restaurant;outdoor_seating;"}},{"type":"Feature","geometry":{"type":"Point","coordinates":[-77.70754,39.1368]},"properties":{"id":"node/2519139617","name":"900 Degrees Brick Oven Pizza","group":"food","category":"amenity=restaurant","cuisine":"pizza","website":"https://900brickovenpizza.com/purcellville-pizza.html","housenumber":"609","postcode":"20132","tags":";pizza;restaurant;"}},{"type":"Feature","geometry":{"type":"Point","coordinates":[-77.71584,39.13685]},"properties":{"id":"node/2519155714","name":"Blue Ridge Hospice Thrift Shop","group":"shopping","category":"shop=charity","tags":";charity;second_hand;"}},{"type":"Feature","geometry":{"type":"Point","coordinates":[-77.71573,39.13685]},"properties":{"id":"node/2519155719","name":"Shenandoah Furniture Gallery","group":"shopping","category":"shop=furniture","website":"https://www.shenandoahfarmtables.com/","housenumber":"151","street":"West Main Street","postcode":"20132","tags":";furniture;"}},{"type":"Feature","geometry":{"type":"Point","coordinates":[-77.71548,39.13684]},"properties":{"id":"node/2519155723","name":"Gruto's","group":"food","category":"amenity=ice_cream","cuisine":"ice_cream","housenumber":"141","street":"West Main Street","postcode":"20132","tags":";ice_cream;outdoor_seating;"}},{"type":"Feature","geometry":{"type":"Point","coordinates":[-77.71561,39.13685]},"properties":{"id":"node/2519155727","name":"Market Burger","group":"food","category":"amenity=restaurant","cuisine":"burger","hours":"Tu-Su 11:00-21:00","website":"https://www.marketburger.net/","housenumber":"145","street":"West Main Street","postcode":"20132","tags":";burger;restaurant;"}},{"type":"Feature","geometry":{"type":"Point","coordinates":[-77.52419,39.08929]},"properties":{"id":"node/2752240994","name":"Travinia","group":"food","category":"amenity=restaurant","cuisine":"italian","hours":"Su-Th 11:30-21:00; Fr,Sa 11:30-22:00","phone":"+1-703-777-6511","website":"https://www.traviniaitaliankitchen.com/","tags":";italian;restaurant;"}},{"type":"Feature","geometry":{"type":"Point","coordinates":[-77.53434,39.11164]},"properties":{"id":"node/2770605222","name":"Golden China","group":"food","category":"amenity=restaurant","cuisine":"chinese","hours":"Tu-Th 11:00-20:30; Fr-Su 11:00-21:30","phone":"+1 703-779-0998","website":"https://www.goldenchinavaleesburg.com","housenumber":"1039","street":"Edwards Ferry Road Northeast","city":"Leesburg","postcode":"20176","tags":";chinese;restaurant;"}},{"type":"Feature","geometry":{"type":"Point","coordinates":[-77.46952,39.06177]},"properties":{"id":"node/2800251416","name":"Party Depot","group":"shopping","category":"shop=party","hours":"Mo-Fr 09:30-21:00; Sa 09:30-20:00; Su 11:00-18:00","phone":"+1 571-291-3452","website":"https://www.partydepotstore.com/","housenumber":"20020","street":"Ashbrook Commons Plaza","city":"Ashburn","postcode":"20147","tags":";party;wheelchair_accessible;"}},{"type":"Feature","geometry":{"type":"Point","coordinates":[-77.46521,39.06155]},"properties":{"id":"node/2847452548","name":"Amenity Esthetics & Day Spa - laser, Injectables, hormones, and Weight Management Center","group":"personal_care","category":"shop=beauty","hours":"Mo 10:00-19:00; Tu-Fr 09:00-21:00; Sa 08:00-18:00; Su 10:00-17:00","phone":"+1 703-726-8100","website":"https://www.amenitydayspa.com/","tags":";beauty;spa;"}},{"type":"Feature","geometry":{"type":"Point","coordinates":[-77.46572,39.06129]},"properties":{"id":"node/2847452552","name":"Corestates","group":"services","category":"shop=money_lender","phone":"+1 703-723-9145","website":"http://corestates.ashburn.va.amfibi.com/us/c/3605795-corestates","tags":";money_lender;"}},{"type":"Feature","geometry":{"type":"Point","coordinates":[-77.46598,39.06146]},"properties":{"id":"node/2847452557","name":"Keegan Chiropractic Sports and Wellness Clinic","group":"personal_care","category":"shop=massage","hours":"Mo 08:00-13:00, 15:00-18:00; Tu 14:30-18:00; We 08:00-13:00, 15:00-19:00; Th 09:00-13:00, 14:30-18:00","phone":"+1 703-858-3500","website":"https://www.keeganchiro.com/","tags":";massage;"}},{"type":"Feature","geometry":{"type":"Point","coordinates":[-77.60332,39.08145]},"properties":{"id":"node/2851924380","name":"Body Works","group":"services","category":"shop=car_repair","tags":";car_repair;"}},{"type":"Feature","geometry":{"type":"Point","coordinates":[-77.47282,39.08126]},"properties":{"id":"node/2871544585","name":"La Pergola","group":"food","category":"amenity=restaurant","phone":"+1 703-726-0100","website":"https://www.lwva.org/page/20750~323452/Restaurant-and-Cocktail-Bar","tags":";restaurant;"}},{"type":"Feature","geometry":{"type":"Point","coordinates":[-77.55913,39.10774]},"properties":{"id":"node/2880494595","name":"Mama Lucci's","group":"food","category":"amenity=restaurant","cuisine":"italian","tags":";italian;restaurant;"}},{"type":"Feature","geometry":{"type":"Point","coordinates":[-77.56528,39.12624]},"properties":{"id":"node/3089148240","name":"Concessions","group":"food","category":"amenity=fast_food","tags":";fast_food;"}},{"type":"Feature","geometry":{"type":"Point","coordinates":[-77.52383,39.08778]},"properties":{"id":"node/3388327453","name":"Eggspectation","group":"food","category":"amenity=restaurant","cuisine":"american","phone":"+1 703-777-4127","website":"https://eggspectation.com/locations/usa/leesburg/","tags":";american;restaurant;"}},{"type":"Feature","geometry":{"type":"Point","coordinates":[-77.5234,39.0886]},"properties":{"id":"node/3388335915","name":"Noku","group":"food","category":"amenity=restaurant","cuisine":"sushi","phone":"+1 571-333-5223","website":"https://nokusushi.com/","tags":";sushi;restaurant;"}},{"type":"Feature","geometry":{"type":"Point","coordinates":[-77.52363,39.08883]},"properties":{"id":"node/3388338761","name":"Firebirds","group":"food","category":"amenity=restaurant","cuisine":"american","hours":"Su-Th 11:00-22:00; Fr,Sa 11:00-23:00","phone":"+1 703-840-0443","website":"https://firebirdsrestaurants.com/","tags":";american;restaurant;"}},{"type":"Feature","geometry":{"type":"Point","coordinates":[-77.52507,39.0897]},"properties":{"id":"node/3388354065","name":"GoGi 92 Korean BBQ","group":"food","category":"amenity=restaurant","cuisine":"korean","website":"https://gogi92.com/","housenumber":"1603","street":"Village Market Boulevard Southeast","city":"Leesburg","postcode":"20175","tags":";korean;restaurant;barbecue;"}},{"type":"Feature","geometry":{"type":"Point","coordinates":[-77.52492,39.08965]},"properties":{"id":"node/3388355164","name":"Under the Olive Tree","group":"food","category":"shop=deli","phone":"+1 703-777-5740","website":"https://undertheolivetree.net/","tags":";deli;"}},{"type":"Feature","geometry":{"type":"Point","coordinates":[-77.56426,39.1141]},"properties":{"id":"node/3518463390","name":"14 Loudoun","group":"food","category":"amenity=bar","hours":"Tu-Th 16:00-22:00; Fr 16:00-02:00; Sa 12:00-02:00; Su 12:00-21:00","phone":"+1-703-779-0412","housenumber":"14","street":"Loudoun Street Southeast","city":"Leesburg","postcode":"20175","tags":";bar;"}},{"type":"Feature","geometry":{"type":"Point","coordinates":[-77.72032,39.144]},"properties":{"id":"node/3774373259","name":"Adroit Theory Brewing","group":"food","category":"craft=brewery","phone":"+1 703-722-3144","website":"https://www.adroit-theory.com/","housenumber":"404","street":"Browning Court","city":"Purcellville","postcode":"20132","tags":";brewery;"}},{"type":"Feature","geometry":{"type":"Point","coordinates":[-77.61617,39.14941]},"properties":{"id":"node/3781580376","name":"vino9market","group":"groceries","category":"shop=convenience","phone":"+1 540-882-9600","street":"Charles Town Pike","city":"Paeonian Springs","tags":";convenience;"}},{"type":"Feature","geometry":{"type":"Point","coordinates":[-77.61617,39.14941]},"properties":{"id":"node/3781580377","name":"Vino9MARKET","group":"groceries","category":"shop=convenience","phone":"+1 540-882-9600","housenumber":"40602","street":"Charles Town Pike","city":"Paeonian Springs","postcode":"20129","tags":";convenience;"}},{"type":"Feature","geometry":{"type":"Point","coordinates":[-77.7041,39.13726]},"properties":{"id":"node/4384474289","name":"Mattresses Warehouse","group":"shopping","category":"shop=bed","tags":";bed;"}},{"type":"Feature","geometry":{"type":"Point","coordinates":[-77.56689,39.10546]},"properties":{"id":"node/4465994729","name":"A+ Motors LLC","group":"shopping","category":"shop=car","phone":"+1-703-777-4646","website":"https://aplusmotor.net/","housenumber":"23","street":"East 1st Street Southeast","city":"Leesburg","postcode":"20175","tags":";car;"}},{"type":"Feature","geometry":{"type":"Point","coordinates":[-77.56202,39.11324]},"properties":{"id":"node/4774654981","name":"The Guest Room Furniture","group":"shopping","category":"shop=furniture","hours":"Mo-Sa 10:00-17:00; Su 13:00-17:00","phone":"+1-703-771-9484","website":"https://www.theguestroomfurniture.com/","housenumber":"201","street":"Loudoun Street Southeast","city":"Leesburg","postcode":"20175","tags":";furniture;"}},{"type":"Feature","geometry":{"type":"Point","coordinates":[-77.49631,39.22754]},"properties":{"id":"node/4858500522","name":"Lost Creek Winery","group":"groceries","category":"shop=wine","tags":";wine;"}},{"type":"Feature","geometry":{"type":"Point","coordinates":[-77.70622,39.13785]},"properties":{"id":"node/4868343252","name":"Nery's Pupuseria","group":"food","category":"amenity=restaurant","cuisine":"salvadoran","hours":"Mo-Sa 08:00-21:00","website":"https://www.neryspupuseria.com/","housenumber":"609","street":"East Main Street","city":"Purcellville","postcode":"20132","tags":";salvadoran;restaurant;takeout;delivery;outdoor_seating;"}},{"type":"Feature","geometry":{"type":"Point","coordinates":[-77.70754,39.13697]},"properties":{"id":"node/4868343260","name":"Purcellville Cleaners","group":"services","category":"shop=dry_cleaning","tags":";dry_cleaning;"}},{"type":"Feature","geometry":{"type":"Point","coordinates":[-77.70387,39.13773]},"properties":{"id":"node/4868343261","name":"Belly Love","group":"food","category":"craft=brewery","tags":";brewery;"}},{"type":"Feature","geometry":{"type":"Point","coordinates":[-77.70384,39.13725]},"properties":{"id":"node/4895020383","name":"Petite Loulou","group":"food","category":"amenity=cafe","cuisine":"crepe;coffee;wine","hours":"Tu-Fr 07:00-21:00, Sa-Su 20:00-21:00","website":"https://www.facebook.com/pg/petitlouloucafe/about/","housenumber":"713","street":"East Main Street","city":"Purcellville","postcode":"20132","tags":";crepe;coffee;wine;cafe;"}},{"type":"Feature","geometry":{"type":"Point","coordinates":[-77.70387,39.13744]},"properties":{"id":"node/4895020384","name":"Bada Bing Bagels","group":"food","category":"shop=bakery","hours":"Tu-Th,Su 07:00-14:00;Fr-Sa 07:00-14:00,17:00-21:00","website":"https://www.facebook.com/pg/badabingbagelsny/about/","tags":";bakery;bagel;"}},{"type":"Feature","geometry":{"type":"Point","coordinates":[-77.70523,39.13582]},"properties":{"id":"node/4895020385","name":"El Rancho","group":"food","category":"amenity=restaurant","cuisine":"mexican","website":"http://www.elranchoplus.com/","housenumber":"101","street":"South Maple Avenue","city":"Purcellville","postcode":"20132","tags":";mexican;restaurant;"}},{"type":"Feature","geometry":{"type":"Point","coordinates":[-77.70525,39.13602]},"properties":{"id":"node/4895020387","name":"Aiyara Thai","group":"food","category":"amenity=restaurant","cuisine":"thai","housenumber":"101","street":"South Maple Avenue","city":"Purcellville","postcode":"20132","tags":";thai;restaurant;"}},{"type":"Feature","geometry":{"type":"Point","coordinates":[-77.70659,39.13769]},"properties":{"id":"node/4895020403","name":"Reflections of You Salon","group":"personal_care","category":"shop=hairdresser","website":"https://www.reflectionsofyousalon.com/","housenumber":"609","street":"East Main Street","city":"Purcellville","postcode":"20132","tags":";hairdresser;"}},{"type":"Feature","geometry":{"type":"Point","coordinates":[-77.49433,39.08202]},"properties":{"id":"node/4897121271","name":"Radiance Salon & Medi-Spa","group":"personal_care","category":"shop=beauty","hours":"Su-Mo 09:00-16:00; Tu-Fr 09:00-21:00; Sa 08:00-18:00","phone":"+1 571-333-3005","website":"https://www.gotoradiance.com/","housenumber":"19305","street":"Winmeade Drive","city":"Leesburg","postcode":"20176","tags":";beauty;spa;"}},{"type":"Feature","geometry":{"type":"Point","coordinates":[-77.70359,39.13766]},"properties":{"id":"node/4900574330","name":"Fancy Nail & Spa","group":"personal_care","category":"shop=beauty","tags":";beauty;nails;spa;"}},{"type":"Feature","geometry":{"type":"Point","coordinates":[-77.70379,39.13733]},"properties":{"id":"node/4900574334","name":"Micky's Barber","group":"personal_care","category":"shop=hairdresser","tags":";hairdresser;barber;"}},{"type":"Feature","geometry":{"type":"Point","coordinates":[-77.56149,39.11416]},"properties":{"id":"node/4949743954","name":"Plum Grove Cyclery","group":"shopping","category":"shop=bicycle","website":"https://plumgrovecyclery.com/","tags":";bicycle;"}},{"type":"Feature","geometry":{"type":"Point","coordinates":[-77.53796,39.22338]},"properties":{"id":"node/5079418899","name":"Vanish Farmwoods Brewery","group":"food","category":"craft=brewery","tags":";brewery;"}},{"type":"Feature","geometry":{"type":"Point","coordinates":[-77.53432,39.21591]},"properties":{"id":"node/5080653373","name":"Old Lucketts Store","group":"shopping","category":"shop=antiques","tags":";antiques;"}},{"type":"Feature","geometry":{"type":"Point","coordinates":[-77.71566,39.14374]},"properties":{"id":"node/5153387656","name":"Loudoun Valley Floors","group":"shopping","category":"shop=carpet","hours":"Mo-Fr 09:00-18:00; Sa 09:00-15:00; Su off","phone":"+1 540-338-4300","website":"https://www.loudounvalleyfloors.com/","housenumber":"129","street":"North Bailey Lane","city":"Purcellville","postcode":"20132","tags":";carpet;"}},{"type":"Feature","geometry":{"type":"Point","coordinates":[-77.6024,39.11333]},"properties":{"id":"node/5244763821","name":"Dry Mill Winery","group":"groceries","category":"shop=wine","website":"http://drymillwine.com/","housenumber":"18195","street":"Dry Mill Road","tags":";wine;"}},{"type":"Feature","geometry":{"type":"Point","coordinates":[-77.56254,39.1099]},"properties":{"id":"node/5354476091","name":"Transition Tri Sports","group":"shopping","category":"shop=bicycle","phone":"+1 571-291-3051","website":"https://transitiontri.com/","housenumber":"400","street":"Madison Trade Plaza Southeast","city":"Leesburg","postcode":"20175","tags":";bicycle;"}},{"type":"Feature","geometry":{"type":"Point","coordinates":[-77.56236,39.10914]},"properties":{"id":"node/5358020258","name":"Portside Coffee","group":"food","category":"amenity=cafe","cuisine":"coffee_shop","tags":";coffee_shop;cafe;"}},{"type":"Feature","geometry":{"type":"Point","coordinates":[-77.56241,39.10932]},"properties":{"id":"node/5358020263","name":"Loudoun Nail Spa","group":"personal_care","category":"shop=beauty","tags":";beauty;nails;spa;"}},{"type":"Feature","geometry":{"type":"Point","coordinates":[-77.55481,39.10128]},"properties":{"id":"node/5527532960","name":"Fort Knox Self Storage","group":"services","category":"shop=storage_rental","hours":"Mo-Sa 09:00-17:00; Su 10:00-16:00","phone":"+1 703-771-3000","website":"https://selfstorageservicesinc.com/locations/virginia/leesburg-storage-units/755-gateway-dr-se/","housenumber":"755","street":"Gateway Drive Southeast","city":"Leesburg","postcode":"20175","tags":";storage_rental;"}},{"type":"Feature","geometry":{"type":"Point","coordinates":[-77.72048,39.19772]},"properties":{"id":"node/5743006191","name":"Stoneybrook Farm Market","group":"groceries","category":"shop=supermarket","hours":"Mo-Fr 08:00-20:00; Su 08:00-20:00","housenumber":"37091","street":"Charles Town Pike","city":"Hillsboro","postcode":"20132","tags":";supermarket;greengrocer;"}},{"type":"Feature","geometry":{"type":"Point","coordinates":[-77.55424,39.11267]},"properties":{"id":"node/5762788594","name":"Hideaway Massage","group":"personal_care","category":"shop=massage","hours":"Mo-Fr 09:00-20:00; Sa 10:00-18:00","phone":"+1-703-777-7373","website":"https://hideawaymassage.com/","housenumber":"50","street":"Catoctin Circle Northeast","city":"Leesburg","postcode":"20176","tags":";massage;"}},{"type":"Feature","geometry":{"type":"Point","coordinates":[-77.56221,39.11036]},"properties":{"id":"node/5789628618","name":"Hudson Woodworking & Restoration LLC","group":"services","category":"craft=carpenter","phone":"+1-703-817-7741","website":"https://www.hudsonwoodworking.com","housenumber":"215","street":"Depot Court Southeast","city":"Leesburg","postcode":"20175","tags":";carpenter;"}},{"type":"Feature","geometry":{"type":"Point","coordinates":[-77.73953,39.23129]},"properties":{"id":"node/5964996807","name":"Grandale","group":"food","category":"amenity=restaurant","hours":"Fr, Sa 12:00-21:00; Su 11:00-18:00","tags":";restaurant;"}},{"type":"Feature","geometry":{"type":"Point","coordinates":[-77.73988,39.23147]},"properties":{"id":"node/5964996903","name":"868 estate vineyards","group":"food","category":"craft=winery","hours":"We, Th, Su 11:00-18:00; Fr, Sa 11:00-20:30","website":"https://868estatevineyards.com/","tags":";winery;"}},{"type":"Feature","geometry":{"type":"Point","coordinates":[-77.46988,39.06158]},"properties":{"id":"node/6073856160","name":"Ashburn Village Inn Tap & Grill","group":"food","category":"amenity=restaurant","cuisine":"american","hours":"Mo-Fr 11:00-02:00; Sa-Su 09:00-02:00","phone":"+1 571-707-8727","website":"https://www.ashburnvillageinn.com/","housenumber":"20020","street":"Ashbrook Commons Plaza","city":"Ashburn","postcode":"20147","tags":";american;restaurant;"}},{"type":"Feature","geometry":{"type":"Point","coordinates":[-77.4952,39.08275]},"properties":{"id":"node/6086512555","name":"Great China","group":"food","category":"amenity=restaurant","cuisine":"chinese","phone":"+1 571-333-5873","website":"http://leesburggreatchina.com/","housenumber":"19265","street":"Citrine Drive","city":"Leesburg","postcode":"20176","tags":";chinese;restaurant;"}},{"type":"Feature","geometry":{"type":"Point","coordinates":[-77.49489,39.08183]},"properties":{"id":"node/6086512899","name":"Happy Hound","group":"shopping","category":"shop=pet","hours":"Mo-Fr 10:00-18:30; Sa 10:00-18:00; Su 11:00-17:00","phone":"+1 571-333-2171","website":"https://www.happyhoundco.com/","housenumber":"19352","street":"Promenade Drive","city":"Leesburg","postcode":"20176","tags":";pet;"}},{"type":"Feature","geometry":{"type":"Point","coordinates":[-77.49553,39.08242]},"properties":{"id":"node/6086512969","name":"Mr. Sushi & Mrs. Roll","group":"food","category":"amenity=restaurant","cuisine":"sushi","phone":"+1 571-918-0372","website":"https://www.mrsushimrsroll.com/","housenumber":"19302","street":"Promenade Drive","city":"Leesburg","postcode":"20176","tags":";sushi;restaurant;"}},{"type":"Feature","geometry":{"type":"Point","coordinates":[-77.49512,39.08213]},"properties":{"id":"node/6086512973","name":"Bua Thai","group":"food","category":"amenity=restaurant","cuisine":"thai","phone":"+1 571-333-9130","website":"https://buathaiva.com/","housenumber":"19326","street":"Promenade Drive","city":"Leesburg","postcode":"20176","tags":";thai;restaurant;"}},{"type":"Feature","geometry":{"type":"Point","coordinates":[-77.49482,39.08176]},"properties":{"id":"node/6086513643","name":"Deli Italiano Gourmet Pizza and Subs","group":"food","category":"amenity=restaurant","cuisine":"italian","hours":"Su-Th 11:00-21:00; Fr,Sa 11:00-22:00","phone":"+1 571-333-0222","website":"https://deliitaliano.com/","housenumber":"19329","street":"Winmeade Drive","city":"Leesburg","postcode":"20176","tags":";italian;restaurant;pizza;sandwich;outdoor_seating;"}},{"type":"Feature","geometry":{"type":"Point","coordinates":[-77.49541,39.08231]},"properties":{"id":"node/6086514368","name":"Ford's Fish Shack & Oyster Bar","group":"food","category":"amenity=restaurant","cuisine":"seafood","hours":"Su-Th 11:00-22:00, Fr 11:00-23:00, Sa 10:00-23:00, Su 10:00-22:00","phone":"+1 571-333-1301","website":"https://fordsfishshack.com/locations/lansdowne/","housenumber":"19308","street":"Promenade Drive","city":"Leesburg","postcode":"20176","tags":";seafood;restaurant;"}},{"type":"Feature","geometry":{"type":"Point","coordinates":[-77.49547,39.08237]},"properties":{"id":"node/6086515087","name":"Floor Advisor","group":"shopping","category":"shop=flooring","hours":"Mo-Sa 10:00-18:00","phone":"+1 571-919-4010","website":"https://www.flooradvisorva.com/","housenumber":"19304","street":"Promenade Drive","city":"Leesburg","postcode":"20176","tags":";flooring;"}},{"type":"Feature","geometry":{"type":"Point","coordinates":[-77.49465,39.08087]},"properties":{"id":"node/6086515095","name":"Lansdowne Cleaners","group":"services","category":"shop=dry_cleaning","phone":"+1 571-333-4560","website":"https://www.lansdownecleaners.com/","housenumber":"19401","street":"Promenade Drive","city":"Leesburg","postcode":"20176","tags":";dry_cleaning;"}},{"type":"Feature","geometry":{"type":"Point","coordinates":[-77.49462,39.08083]},"properties":{"id":"node/6086515096","name":"Punjabi By Nature","group":"food","category":"amenity=restaurant","phone":"+1 571-333-3300","website":"https://punjabibynature.us/","housenumber":"19405","street":"Promenade Drive","city":"Leesburg","postcode":"20176","tags":";restaurant;"}},{"type":"Feature","geometry":{"type":"Point","coordinates":[-77.49375,39.08098]},"properties":{"id":"node/6086515114","name":"Relax Spa","group":"personal_care","category":"shop=massage","housenumber":"19374","street":"Diamond Lake Drive","city":"Leesburg","postcode":"20176","tags":";massage;spa;"}},{"type":"Feature","geometry":{"type":"Point","coordinates":[-77.49331,39.08122]},"properties":{"id":"node/6086515121","name":"Landsdowne Barber Shop","group":"personal_care","category":"shop=hairdresser","hours":"Mo-Fr 09:00-19:00; Sa 09:00-18:00; Su 09:00-17:00","housenumber":"19354","street":"Diamond Lake Drive","city":"Leesburg","postcode":"20176","tags":";hairdresser;barber;"}},{"type":"Feature","geometry":{"type":"Point","coordinates":[-77.49324,39.08128]},"properties":{"id":"node/6086515135","name":"The Deli","group":"food","category":"shop=deli","housenumber":"19350","street":"Diamond Lake Drive","city":"Leesburg","postcode":"20176","tags":";deli;sandwich;"}},{"type":"Feature","geometry":{"type":"Point","coordinates":[-77.49534,39.0816]},"properties":{"id":"node/6086515142","name":"t'Kila","group":"food","category":"amenity=restaurant","cuisine":"mexican","hours":"Mo- Th 11:00-22:00; Fr-Sa 11:00-23:00; Su 11:00-21:00","phone":"+1 703-327-5490","website":"https://www.tkilaaldie.com/","housenumber":"19345","street":"Promenade Drive","city":"Leesburg","postcode":"20176","tags":";mexican;restaurant;"}},{"type":"Feature","geometry":{"type":"Point","coordinates":[-77.49529,39.08156]},"properties":{"id":"node/6086515143","name":"Bubbles Salon","group":"personal_care","category":"shop=hairdresser","hours":"Mo-Fr 09:00-21:00; Sa 08:00-18:00; Su 10:00-18:00","phone":"+1 571-333-4590","website":"https://locations.bubblessalons.com/va/leesburg/19349-promenade-dr.html","housenumber":"19349","street":"Promenade Drive","city":"Leesburg","postcode":"20176","tags":";hairdresser;"}},{"type":"Feature","geometry":{"type":"Point","coordinates":[-77.49375,39.08134]},"properties":{"id":"node/6086515182","name":"Twisted Cat Tavern","group":"food","category":"amenity=pub","hours":"Mo 15:00-24:00, Tu-Su 11:00-24:00","phone":"+1-571-442-8263","website":"https://twistedcattavern.com/","housenumber":"19332","street":"Town Green Drive","city":"Leesburg","postcode":"20176","menu":"https://twistedcattavern.com/menu/","tags":";pub;"}},{"type":"Feature","geometry":{"type":"Point","coordinates":[-77.49507,39.08208]},"properties":{"id":"node/6086515242","name":"Lansdowne Nails","group":"personal_care","category":"shop=beauty","hours":"Mo-Fr 10:00-22:00; Sa 09:00-19:00; Su 11:00-17:00","phone":"+1 571-333-5522","housenumber":"19332","street":"Promenade Drive","city":"Leesburg","postcode":"20176","tags":";beauty;nails;"}},{"type":"Feature","geometry":{"type":"Point","coordinates":[-77.49582,39.08212]},"properties":{"id":"node/6086515245","name":"Il Cappero","group":"food","category":"amenity=restaurant","cuisine":"italian","hours":"Mo 11:00-22:00; Tu off; We-Th 11:00-22:00; Fr-Sa 11:00-23:00; Su 11:00-21:00","phone":"+1 571-919-4830","website":"https://www.ilcapperogroup.com/","housenumber":"19307","street":"Promenade Drive","city":"Leesburg","postcode":"20176","tags":";italian;restaurant;"}},{"type":"Feature","geometry":{"type":"Point","coordinates":[-77.49482,39.08106]},"properties":{"id":"node/6086515386","name":"Viet Chopsticks","group":"food","category":"amenity=restaurant","cuisine":"vietnamese","phone":"+1 571-333-7668","website":"http://vietchopsticksrestaurant.com/","housenumber":"19385","street":"Promenade Drive","city":"Leesburg","postcode":"20176","tags":";vietnamese;restaurant;"}},{"type":"Feature","geometry":{"type":"Point","coordinates":[-77.52627,39.09027]},"properties":{"id":"node/6088355783","name":"Flame Kabob","group":"food","category":"amenity=restaurant","cuisine":"kebab","phone":"+1 703-779-7799","website":"http://flamekabob.us/","tags":";kebab;restaurant;"}},{"type":"Feature","geometry":{"type":"Point","coordinates":[-77.52651,39.09032]},"properties":{"id":"node/6088355784","name":"Plow & Hearth","group":"shopping","category":"shop=interior_decoration","phone":"+1 703-669-2930","website":"https://www.plowhearth.com/store/Leesburg","tags":";interior_decoration;"}},{"type":"Feature","geometry":{"type":"Point","coordinates":[-77.52701,39.09057]},"properties":{"id":"node/6088369687","name":"5 Tara","group":"food","category":"amenity=restaurant","cuisine":"indian","phone":"+1 571-293-9366","website":"https://punjtara.com/","housenumber":"1600","street":"Village Market Boulevard Southeast","city":"Leesburg","postcode":"20175","tags":";indian;restaurant;"}},{"type":"Feature","geometry":{"type":"Point","coordinates":[-77.52351,39.08875]},"properties":{"id":"node/6088479594","name":"Seven TeaHouse","group":"food","category":"amenity=cafe","hours":"Mo-Fr 11:00-20:00; Sa 10:00-21:00; Su 10:00-19:00","tags":";cafe;bubble_tea;"}},{"type":"Feature","geometry":{"type":"Point","coordinates":[-77.52387,39.08908]},"properties":{"id":"node/6088479595","name":"Spokes etc.","group":"shopping","category":"shop=bicycle","phone":"+1 703-858-5501","website":"https://www.spokesetc.com/about/leesburg-pg1407.htm","tags":";bicycle;"}},{"type":"Feature","geometry":{"type":"Point","coordinates":[-77.52402,39.08921]},"properties":{"id":"node/6088479596","name":"The Conche","group":"food","category":"amenity=restaurant","cuisine":"american","phone":"+1 703-779-1800","website":"https://www.the-conche.com/","tags":";american;restaurant;"}},{"type":"Feature","geometry":{"type":"Point","coordinates":[-77.52455,39.08925]},"properties":{"id":"node/6088479597","name":"Vino Bistro","group":"food","category":"amenity=restaurant","cuisine":"french","phone":"+1 571-291-2520","website":"https://www.vinobistroonline.com/","tags":";french;restaurant;"}},{"type":"Feature","geometry":{"type":"Point","coordinates":[-77.52477,39.08955]},"properties":{"id":"node/6088479598","name":"Woodhouse Day Spa","group":"personal_care","category":"shop=beauty","hours":"Mo-Sa 10:00-20:00; Su 10:00-18:00","phone":"+1 571-577-2775","website":"https://leesburg.woodhousespas.com/","tags":";beauty;spa;"}},{"type":"Feature","geometry":{"type":"Point","coordinates":[-77.5252,39.08976]},"properties":{"id":"node/6088479599","name":"Dog Krazy","group":"shopping","category":"shop=pet","phone":"+1 703-777-3518","website":"https://www.dogkrazy.com/","tags":";pet;"}},{"type":"Feature","geometry":{"type":"Point","coordinates":[-77.5256,39.08997]},"properties":{"id":"node/6088479601","name":"Sweet & Sassy","group":"personal_care","category":"shop=beauty","phone":"+1 703-777-4747","website":"https://www.sweetandsassy.com/","tags":";beauty;"}},{"type":"Feature","geometry":{"type":"Point","coordinates":[-77.52574,39.09003]},"properties":{"id":"node/6088479602","name":"Weird Brothers Coffee","group":"food","category":"amenity=cafe","hours":"Mo-Su 07:00-18:00","tags":";cafe;coffee_shop;"}},{"type":"Feature","geometry":{"type":"Point","coordinates":[-77.52585,39.09008]},"properties":{"id":"node/6088479603","name":"Potomac River Running","group":"shopping","category":"shop=sports","hours":"Mo 12:00-20:00; Tu-Fr 11:00-20:00; Sa 10:00-18:00; Su 12:00-17:00","phone":"+1 571-918-0302","website":"https://www.potomacriverrunning.com/leesburg/","tags":";sports;"}},{"type":"Feature","geometry":{"type":"Point","coordinates":[-77.52321,39.08818]},"properties":{"id":"node/6088496530","name":"Katie's Nails & Spa","group":"personal_care","category":"shop=beauty","hours":"Mo-Fr 10:00-20:00; Sa 09:00-19:00; Su 11:00-17:00","phone":"+1 703-443-1293","website":"https://katiesnailspa.com/","tags":";beauty;nails;spa;"}},{"type":"Feature","geometry":{"type":"Point","coordinates":[-77.49384,39.08093]},"properties":{"id":"node/6088650763","name":"Zarif's Custom Tailors","group":"services","category":"shop=tailor","hours":"Mo-Fr 10:00-19:00; Sa 10:00-17:00; Su off","housenumber":"19378","street":"Diamond Lake Drive","city":"Lansdowne","postcode":"20176","tags":";tailor;"}},{"type":"Feature","geometry":{"type":"Point","coordinates":[-77.49401,39.08084]},"properties":{"id":"node/6088655249","name":"The Cut Above","group":"personal_care","category":"shop=hairdresser","hours":"Mo-Fr 09:00-19:00; Sa 08:00-17:00; Su off","phone":"+1 571-333-4411","website":"http://www.thecutabove.net/","housenumber":"19386","street":"Diamond Lake Drive","city":"Leesburg","postcode":"20176","tags":";hairdresser;"}},{"type":"Feature","geometry":{"type":"Point","coordinates":[-77.52317,39.08919]},"properties":{"id":"node/6139277993","name":"Plaza Azteca","group":"food","category":"amenity=restaurant","cuisine":"mexican","phone":"+1 703-779-3612","website":"https://www.plazaaztecaleesburg.com/","tags":";mexican;restaurant;"}},{"type":"Feature","geometry":{"type":"Point","coordinates":[-77.52405,39.08976]},"properties":{"id":"node/6139277999","name":"Premier Promotional Products","group":"shopping","category":"shop=gift","phone":"+1 703-437-0636","website":"https://ppromop.com/","tags":";gift;"}},{"type":"Feature","geometry":{"type":"Point","coordinates":[-77.52428,39.08985]},"properties":{"id":"node/6139278001","name":"Salon Montage","group":"personal_care","category":"shop=beauty","phone":"+1 571-918-0640","website":"https://salon-montage.com/","tags":";beauty;"}},{"type":"Feature","geometry":{"type":"Point","coordinates":[-77.52473,39.09]},"properties":{"id":"node/6139278004","name":"Bubbleology","group":"food","category":"amenity=cafe","cuisine":"tea","hours":"Mo-Th 12:00-20:00; Fr 12:00-21:00; Sa 11:00-21:00; Su 11:00-20:00","phone":"+1 571-918-0798","website":"https://bubbleologyusa.com/","tags":";tea;cafe;"}},{"type":"Feature","geometry":{"type":"Point","coordinates":[-77.52555,39.0904]},"properties":{"id":"node/6139278005","name":"ChefScape","group":"food","category":"amenity=restaurant","website":"https://www.chefscapekitchen.com/","tags":";restaurant;"}},{"type":"Feature","geometry":{"type":"Point","coordinates":[-77.52219,39.08826]},"properties":{"id":"node/6139328836","name":"Crystal Brite Cleaners","group":"services","category":"shop=dry_cleaning","phone":"+1 703-443-1061","tags":";dry_cleaning;"}},{"type":"Feature","geometry":{"type":"Point","coordinates":[-77.5227,39.08844]},"properties":{"id":"node/6139328842","name":"White & Ivory","group":"shopping","category":"shop=jewelry","phone":"+1 703-669-1100","website":"https://www.whiteivorystore.com/","tags":";jewelry;"}},{"type":"Feature","geometry":{"type":"Point","coordinates":[-77.52273,39.08855]},"properties":{"id":"node/6139328843","name":"G5 Salon","group":"personal_care","category":"shop=hairdresser","phone":"+1 571-291-2567","website":"http://g5salon.com/","tags":";hairdresser;"}},{"type":"Feature","geometry":{"type":"Point","coordinates":[-77.52219,39.08697]},"properties":{"id":"node/6139362964","name":"Orvis","group":"shopping","category":"shop=fishing","phone":"+1 703-777-5305","website":"https://stores.orvis.com/us/virginia/leesburg","tags":";fishing;"}},{"type":"Feature","geometry":{"type":"Point","coordinates":[-77.52212,39.08869]},"properties":{"id":"node/6139376780","name":"Market Caf\u00e9","group":"food","category":"amenity=restaurant","tags":";restaurant;"}},{"type":"Feature","geometry":{"type":"Point","coordinates":[-77.75251,39.13587]},"properties":{"id":"node/6202756387","name":"Saxton Landscapes","group":"services","category":"craft=gardener","hours":"Mo-Fr 07:00-16:00","phone":"+1 540-338-0904","website":"http://saxtonlandscapes.com","housenumber":"36179","street":"East Loudoun Street","city":"Round Hill","postcode":"20141","tags":";gardener;"}},{"type":"Feature","geometry":{"type":"Point","coordinates":[-77.46976,39.06166]},"properties":{"id":"node/6220282586","name":"EMP180 Weight Loss","group":"groceries","category":"shop=nutrition_supplements","hours":"Sa 09:00-12:00; Mo,Tu,Th,Fr 09:00-17:00; We 09:00-19:00","phone":"+1 571-831-3568","website":"https://www.emp180weightloss.com/location/va/ashburn/20147","tags":";nutrition_supplements;wheelchair_accessible;"}},{"type":"Feature","geometry":{"type":"Point","coordinates":[-77.485,39.06592]},"properties":{"id":"node/6231632239","name":"Baker's Crust Artisan Kitchen","group":"food","category":"amenity=restaurant","cuisine":"american","hours":"Mo-Th 11:00-21:00; Fr 11:00-22:00; Sa 09:00-22:00; Su 09:00-21:00","phone":"+1 703-443-4286","website":"https://bakerscrust.com/locations/ashburn/","tags":";american;restaurant;outdoor_seating;"}},{"type":"Feature","geometry":{"type":"Point","coordinates":[-77.48526,39.06592]},"properties":{"id":"node/6231632240","name":"Lee Tai Tai Asian Bistro","group":"food","category":"amenity=restaurant","cuisine":"asian","tags":";asian;restaurant;"}},{"type":"Feature","geometry":{"type":"Point","coordinates":[-77.48522,39.06808]},"properties":{"id":"node/6231632490","name":"Pazzo Pomodoro","group":"food","category":"amenity=restaurant","cuisine":"italian","hours":"Mo-Th 11:30-14:00, 16:30-21:30; Fr 11:30-14:00, 16:30-22:00; Sa 11:30-22:00; Su 11:30-21:00","phone":"+1 703-858-5555","website":"https://www.pazzopomodoro.com/ashburn","tags":";italian;restaurant;"}},{"type":"Feature","geometry":{"type":"Point","coordinates":[-77.48522,39.06799]},"properties":{"id":"node/6231632491","name":"Visual Health Doctors of Optometry","group":"personal_care","category":"shop=optician","hours":"Mo-Fr 10:00-18:00; Sa 09:00-17:00","phone":"+1 571-290-2343","website":"https://visualhealthoptometrist.com/","tags":";optician;"}},{"type":"Feature","geometry":{"type":"Point","coordinates":[-77.48521,39.06784]},"properties":{"id":"node/6231632493","name":"Belmont Cleaners","group":"services","category":"shop=dry_cleaning","hours":"Mo-Fr 07:00-19:00; Sa 08:00-17:00","tags":";dry_cleaning;"}},{"type":"Feature","geometry":{"type":"Point","coordinates":[-77.48447,39.06843]},"properties":{"id":"node/6231632497","name":"Allegro Coffee","group":"food","category":"amenity=cafe","cuisine":"coffee_shop","hours":"Mo-Su 07:00-22:00","tags":";coffee_shop;cafe;"}},{"type":"Feature","geometry":{"type":"Point","coordinates":[-77.48491,39.06838]},"properties":{"id":"node/6231632498","name":"PR Fresh Look","group":"personal_care","category":"shop=hairdresser","hours":"Mo 08:30-20:00; Tu-Fr 08:30-20:00; Sa 08:30-18:00; Su 10:00-18:00","phone":"+1 703-724-4044","website":"https://www.pratpartners.com/belmont_chase/","tags":";hairdresser;"}},{"type":"Feature","geometry":{"type":"Point","coordinates":[-77.4848,39.06838]},"properties":{"id":"node/6231632499","name":"Bella Beach Nail Spa","group":"personal_care","category":"shop=beauty","hours":"Mo-Fr 10:00-20:00; Sa 09:00-19:00; Su 11:00-18:00","phone":"+1 703-724-7696","website":"http://bellabeachnailspa.com/","tags":";beauty;nails;spa;"}},{"type":"Feature","geometry":{"type":"Point","coordinates":[-77.52981,39.24966]},"properties":{"id":"node/6238158924","name":"Discount Cigarette Outlet","group":"groceries","category":"shop=convenience","tags":";convenience;"}},{"type":"Feature","geometry":{"type":"Point","coordinates":[-77.53467,39.21649]},"properties":{"id":"node/6238158925","name":"Cigarette Outlet","group":"groceries","category":"shop=convenience","tags":";convenience;"}},{"type":"Feature","geometry":{"type":"Point","coordinates":[-77.5348,39.21605]},"properties":{"id":"node/6238158926","name":"The Cottage","group":"shopping","category":"shop=antiques","hours":"Mo-Su 10:00-17:00","tags":";antiques;"}},{"type":"Feature","geometry":{"type":"Point","coordinates":[-77.83619,39.09744]},"properties":{"id":"node/6580652185","name":"Bluemont Vineyard","group":"food","category":"amenity=restaurant","hours":"Mo-Su 11:00-19:00","phone":"+1 540-554-8439","website":"https://www.bluemontvineyard.com/","housenumber":"18755","street":"Foggy Bottom Road","postcode":"20135","tags":";restaurant;"}},{"type":"Feature","geometry":{"type":"Point","coordinates":[-77.53695,39.11069]},"properties":{"id":"node/6582045042","name":"Next Day Blinds","group":"shopping","category":"shop=curtain","phone":"+1 703-443-1466","housenumber":"200","street":"Fort Evans Road Northeast","city":"Leesburg","postcode":"20176","tags":";curtain;"}},{"type":"Feature","geometry":{"type":"Point","coordinates":[-77.53618,39.20531]},"properties":{"id":"node/6638629108","name":"Roots 657","group":"food","category":"amenity=restaurant","cuisine":"american","tags":";american;restaurant;takeout;outdoor_seating;"}},{"type":"Feature","geometry":{"type":"Point","coordinates":[-77.53606,39.20741]},"properties":{"id":"node/6638638966","name":"Brossman's Farm","group":"groceries","category":"shop=farm","tags":";farm;"}},{"type":"Feature","geometry":{"type":"Point","coordinates":[-77.54401,39.26057]},"properties":{"id":"node/6651708603","name":"Young Lucketts","group":"shopping","category":"shop=antiques","hours":"10:00-17:00","phone":"+1-571-733-6767","tags":";antiques;"}},{"type":"Feature","geometry":{"type":"Point","coordinates":[-77.71571,39.13781]},"properties":{"id":"node/6722810134","name":"Purcellville Motors","group":"shopping","category":"shop=car","hours":"Mo-Fr 09:00-18:00; Sa 09:00-16:00","phone":"+1-540-338-7168","website":"https://www.purcellvillemotors.com/","housenumber":"145","street":"North 21st Street","city":"Purcellville","postcode":"20132","tags":";car;"}},{"type":"Feature","geometry":{"type":"Point","coordinates":[-77.70358,39.13727]},"properties":{"id":"node/6781782159","name":"The Purcellville Pub","group":"food","category":"amenity=restaurant","hours":"Mo 16:00-24:00; Tu-Su 08:00-24:00","phone":"+1 540-441-3013","housenumber":"745","street":"East Main Street","city":"Purcellville","postcode":"20132","tags":";restaurant;"}},{"type":"Feature","geometry":{"type":"Point","coordinates":[-77.70165,39.13614]},"properties":{"id":"node/6782355020","name":"Hogan & Sons Tire and Auto","group":"services","category":"shop=car_repair","housenumber":"840","street":"East Main Street","city":"Purcellville","postcode":"20132","tags":";car_repair;tyres;"}},{"type":"Feature","geometry":{"type":"Point","coordinates":[-77.70103,39.13615]},"properties":{"id":"node/6782355021","name":"Top Coat Nail Spa","group":"personal_care","category":"shop=beauty","housenumber":"860","street":"East Main Street","city":"Purcellville","postcode":"20132","tags":";beauty;nails;spa;"}},{"type":"Feature","geometry":{"type":"Point","coordinates":[-77.70117,39.13617]},"properties":{"id":"node/6782355022","name":"My Deli & Cafe | Greek Bistro","group":"food","category":"shop=deli","housenumber":"860","street":"East Main Street","city":"Purcellville","postcode":"20132","tags":";deli;greek;sandwich;"}},{"type":"Feature","geometry":{"type":"Point","coordinates":[-77.70129,39.13606]},"properties":{"id":"node/6782355023","name":"Lothar's Butchery & Gourmet Sausages","group":"groceries","category":"shop=butcher","housenumber":"860","street":"East Main Street","city":"Purcellville","postcode":"20132","tags":";butcher;"}},{"type":"Feature","geometry":{"type":"Point","coordinates":[-77.70549,39.13622]},"properties":{"id":"node/6782418621","name":"Matthew Bowe Design Build","group":"services","category":"craft=carpenter","housenumber":"610","street":"East Main Street","city":"Purcellville","postcode":"20132","tags":";carpenter;"}},{"type":"Feature","geometry":{"type":"Point","coordinates":[-77.70641,39.1362]},"properties":{"id":"node/6782418622","name":"Jenny's Salon","group":"personal_care","category":"shop=beauty","housenumber":"550","street":"East Main Street","city":"Purcellville","postcode":"20132","tags":";beauty;"}},{"type":"Feature","geometry":{"type":"Point","coordinates":[-77.71796,39.13933]},"properties":{"id":"node/6783874127","name":"Monk's BBQ","group":"food","category":"amenity=restaurant","cuisine":"barbecue","phone":"+1 540-751-9425","housenumber":"251","street":"North 21st Street","city":"Purcellville","postcode":"20132","tags":";barbecue;restaurant;"}},{"type":"Feature","geometry":{"type":"Point","coordinates":[-77.71654,39.13905]},"properties":{"id":"node/6783874169","name":"Environmental Pest Control","group":"services","category":"shop=pest_control","housenumber":"222","street":"North 21st Street","city":"Purcellville","postcode":"20132","tags":";pest_control;"}},{"type":"Feature","geometry":{"type":"Point","coordinates":[-77.71586,39.13922]},"properties":{"id":"node/6783874174","name":"Cabinet Showplace","group":"shopping","category":"shop=furniture","housenumber":"210","street":"North 21st Street","city":"Purcellville","postcode":"20132","tags":";furniture;"}},{"type":"Feature","geometry":{"type":"Point","coordinates":[-77.71558,39.13933]},"properties":{"id":"node/6783874175","name":"Antar\u00e8s Sellier USA","group":"shopping","category":"shop=equestrian","housenumber":"210","street":"North 21st Street","city":"Purcellville","postcode":"20132","tags":";equestrian;"}},{"type":"Feature","geometry":{"type":"Point","coordinates":[-77.71654,39.14001]},"properties":{"id":"node/6783874193","name":"DeSantis Designs Inc","group":"services","category":"craft=carpenter","housenumber":"105","street":"East Cornwell Lane","city":"Purcellville","postcode":"20132","tags":";carpenter;"}},{"type":"Feature","geometry":{"type":"Point","coordinates":[-77.71323,39.13687]},"properties":{"id":"node/6789608120","name":"Purcell Guns","group":"shopping","category":"shop=firearms","tags":";firearms;"}},{"type":"Feature","geometry":{"type":"Point","coordinates":[-77.72522,39.13758]},"properties":{"id":"node/6791964733","name":"Purcellville Florist","group":"shopping","category":"shop=florist","housenumber":"701","street":"West Main Street","city":"Purcellville","postcode":"20132","tags":";florist;"}},{"type":"Feature","geometry":{"type":"Point","coordinates":[-77.7252,39.13778]},"properties":{"id":"node/6791964735","name":"Another Turn Tack Shop","group":"shopping","category":"shop=sports","website":"https://anotherturntack.com/","housenumber":"701","street":"West Main Street","city":"Purcellville","postcode":"20132","tags":";sports;"}},{"type":"Feature","geometry":{"type":"Point","coordinates":[-77.52618,39.09947]},"properties":{"id":"node/6800614763","name":"Lin's James Cafe","group":"food","category":"amenity=restaurant","cuisine":"chinese","hours":"Mo-Sa 11:00-21:30; Su 11:30-21:30","phone":"+1 703-669-1526","website":"https://www.linsjamescafeva.com/","housenumber":"671","street":"Potomac Station Drive Northeast","city":"Leesburg","postcode":"20176","tags":";chinese;restaurant;takeout;delivery;"}},{"type":"Feature","geometry":{"type":"Point","coordinates":[-77.52603,39.09872]},"properties":{"id":"node/6800614766","name":"Manhattan Pizza","group":"food","category":"amenity=restaurant","cuisine":"pizza","phone":"+1 703-669-4020","website":"https://www.manhattanpizza.com/","housenumber":"647","street":"Potomac Station Drive Northeast","city":"Leesburg","postcode":"20176","tags":";pizza;restaurant;takeout;delivery;"}},{"type":"Feature","geometry":{"type":"Point","coordinates":[-77.48442,39.10324]},"properties":{"id":"node/6828676275","name":"Wash Solutions LLC","group":"services","category":"craft=cleaning","housenumber":"43777","street":"Ballybunion Terrace","city":"Leesburg","postcode":"20176","tags":";cleaning;"}},{"type":"Feature","geometry":{"type":"Point","coordinates":[-77.71782,39.1393]},"properties":{"id":"node/6843679943","name":"Tipped Cow Creamery","group":"food","category":"amenity=ice_cream","hours":"Tu-Th,Su 12:00-21:00; Fr,Sa 12:00-22:00; Mo off","housenumber":"251","street":"North 21st Street","city":"Purcellville","postcode":"20132","tags":";ice_cream;outdoor_seating;"}},{"type":"Feature","geometry":{"type":"Point","coordinates":[-77.55177,39.10949]},"properties":{"id":"node/6985384257","name":"McCormick Paints","group":"shopping","category":"shop=paint","hours":"Mo-Fr 07:00-16:30; Sa 07:30-12:00; Su off","phone":"+1 703-669-6720","website":"https://www.mccormickpaints.com/stores/leesburg/","housenumber":"528","street":"East Market Street","city":"Leesburg","postcode":"20176","tags":";paint;"}},{"type":"Feature","geometry":{"type":"Point","coordinates":[-77.53235,39.11353]},"properties":{"id":"node/6985789235","name":"iFix Cell Phone","group":"services","category":"craft=electronics_repair","hours":"Mo-Fr 10:00-18:00; Sa 10:00-17:00","phone":"+1 571-442-8455","website":"http://ifixcellphoneva.com/index.php/leesburg-location/","housenumber":"1095","street":"Edwards Ferry Road Northeast","city":"Leesburg","postcode":"20176","tags":";electronics_repair;"}},{"type":"Feature","geometry":{"type":"Point","coordinates":[-77.53289,39.11256]},"properties":{"id":"node/6985789239","name":"Battlefield Cleaners","group":"services","category":"shop=dry_cleaning","phone":"+1 703-779-9708","website":"https://www.facebook.com/pages/Battlefield-Cleaners/135935843121962","housenumber":"1075","street":"Edwards Ferry Road Northeast","city":"Leesburg","postcode":"20176","tags":";dry_cleaning;"}},{"type":"Feature","geometry":{"type":"Point","coordinates":[-77.53299,39.11256]},"properties":{"id":"node/6985789240","name":"Magic Beauty Salon","group":"personal_care","category":"shop=hairdresser","hours":"Mo-Fr 09:00-19:00; Sa 10:00-17:00; Su 09:00-16:00","phone":"+1 571-918-4033","website":"https://magicbeautysalon22.wixsite.com/magicsalon","housenumber":"1073","street":"Edwards Ferry Road Northeast","city":"Leesburg","postcode":"20176","tags":";hairdresser;"}},{"type":"Feature","geometry":{"type":"Point","coordinates":[-77.53308,39.11256]},"properties":{"id":"node/6985789241","name":"Lili Nails & Spa","group":"personal_care","category":"shop=beauty","hours":"Mo-Fr 10:00-19:00; Sa 09:00-19:00; Su 11:00-17:00","phone":"+1 703-779-3549","housenumber":"1071","street":"Edwards Ferry Road Northeast","city":"Leesburg","postcode":"20176","tags":";beauty;nails;spa;"}},{"type":"Feature","geometry":{"type":"Point","coordinates":[-77.53338,39.11255]},"properties":{"id":"node/6985789243","name":"Custom Floor & Design","group":"shopping","category":"shop=flooring","hours":"Mo-Fr 00:00-18:00; Sa 10:00-17:00","phone":"+1 571-291-2186","website":"https://icustomfloor.com","housenumber":"1065","street":"Edwards Ferry Road Northeast","city":"Leesburg","postcode":"20176","tags":";flooring;"}},{"type":"Feature","geometry":{"type":"Point","coordinates":[-77.53377,39.11254]},"properties":{"id":"node/6985789244","name":"Mary's Barber","group":"personal_care","category":"shop=hairdresser","hours":"Mo-Fr 10:00-18:00; Sa 09:00-17:00; Su 11:00-17:00","phone":"+1-703-779-1998","housenumber":"1061","street":"Edwards Ferry Road Northeast","city":"Leesburg","postcode":"20176","tags":";hairdresser;barber;wheelchair_accessible;"}},{"type":"Feature","geometry":{"type":"Point","coordinates":[-77.534,39.11233]},"properties":{"id":"node/6985789247","name":"Sterling Appliance","group":"shopping","category":"shop=appliance","hours":"Mo-Fr 10:00-18:00; Sa 10:00-17:00","phone":"+1 703-771-4688","website":"https://www.sterlingappliance.com/locations/leesburg-showroom","housenumber":"1051","street":"Edwards Ferry Road Northeast","city":"Leesburg","postcode":"20176","tags":";appliance;"}},{"type":"Feature","geometry":{"type":"Point","coordinates":[-77.53549,39.10759]},"properties":{"id":"node/6993692718","name":"cabi Factory Store","group":"shopping","category":"shop=clothes","tags":";clothes;"}},{"type":"Feature","geometry":{"type":"Point","coordinates":[-77.53559,39.10762]},"properties":{"id":"node/6993692720","name":"Fanatics by Lids","group":"shopping","category":"shop=clothes","hours":"Mo-Sa 10:00-21:00; Su 10:00-19:00","tags":";clothes;"}},{"type":"Feature","geometry":{"type":"Point","coordinates":[-77.53567,39.10765]},"properties":{"id":"node/6993692722","name":"Gyro Kitchen Express","group":"food","category":"amenity=fast_food","cuisine":"greek","phone":"+1-571-207-2012","website":"https://gyrokitchenexpress.com/","housenumber":"241","street":"Fort Evans Rd. NE","city":"Leesburg","postcode":"20176","tags":";greek;fast_food;"}},{"type":"Feature","geometry":{"type":"Point","coordinates":[-77.53655,39.1075]},"properties":{"id":"node/6993692731","name":"The Formal Collections","group":"shopping","category":"shop=clothes","hours":"Mo-Sa 10:00-21:00; Su 10:00-19:00","tags":";clothes;"}},{"type":"Feature","geometry":{"type":"Point","coordinates":[-77.53662,39.10793]},"properties":{"id":"node/6993692735","name":"Perfume Hut","group":"personal_care","category":"shop=perfumery","hours":"Mo-Sa 10:00-21:00; Su 10:00-19:00","tags":";perfumery;"}},{"type":"Feature","geometry":{"type":"Point","coordinates":[-77.53691,39.10799]},"properties":{"id":"node/6993692738","name":"Beauty Bar","group":"personal_care","category":"shop=beauty","hours":"Mo-Sa 10:00-21:00; Su 10:00-19:00","tags":";beauty;"}},{"type":"Feature","geometry":{"type":"Point","coordinates":[-77.53681,39.10756]},"properties":{"id":"node/6993692744","name":"Heydari","group":"shopping","category":"shop=clothes","hours":"Mo-Sa 10:00-21:00; Su 10:00-19:00","tags":";clothes;"}},{"type":"Feature","geometry":{"type":"Point","coordinates":[-77.54085,39.11574]},"properties":{"id":"node/6996903518","name":"Taipei Cafe","group":"food","category":"amenity=restaurant","cuisine":"chinese","website":"https://taipeicafedelivery.com/","housenumber":"946","street":"Edwards Ferry Road Northeast","city":"Leesburg","postcode":"20176","tags":";chinese;restaurant;"}},{"type":"Feature","geometry":{"type":"Point","coordinates":[-77.52706,39.10599]},"properties":{"id":"node/7061590058","name":"Pho Royal","group":"food","category":"amenity=restaurant","cuisine":"vietnamese","hours":"Mo-Sa 10:00-21:00; Su 10:00-20:00","housenumber":"542","street":"Fort Evans Road Northeast","city":"Leesburg","postcode":"20176","tags":";vietnamese;restaurant;"}},{"type":"Feature","geometry":{"type":"Point","coordinates":[-77.52435,39.08987]},"properties":{"id":"node/7143420568","name":"Dana\u2019s Cake Shoppe","group":"food","category":"shop=pastry","phone":"+1 703-675-4222","website":"https://www.danascakeshoppe.com/","tags":";pastry;"}},{"type":"Feature","geometry":{"type":"Point","coordinates":[-77.52613,39.09021]},"properties":{"id":"node/7143504633","name":"The Good Feet Store","group":"shopping","category":"shop=shoes","hours":"Mo-Sa 10:00-19:00","phone":"+1 571-919-4520","website":"https://www.goodfeet.com/leesburg","tags":";shoes;"}},{"type":"Feature","geometry":{"type":"Point","coordinates":[-77.52594,39.09012]},"properties":{"id":"node/7143636741","name":"PAINT Nail Bar","group":"personal_care","category":"shop=beauty","hours":"Tu-Sa 10:00-18:00; Su 11:00-17:00","phone":"+1 703-777-9800","website":"https://www.paintnailbar.com/","tags":";beauty;nails;"}},{"type":"Feature","geometry":{"type":"Point","coordinates":[-77.56912,39.10769]},"properties":{"id":"node/7195462925","name":"Dolce and Ciabatta Bakery","group":"food","category":"shop=bakery","tags":";bakery;"}},{"type":"Feature","geometry":{"type":"Point","coordinates":[-77.78709,39.1279]},"properties":{"id":"node/7217352613","name":"More Better Restaurant & Beer Hall","group":"food","category":"amenity=restaurant","tags":";restaurant;"}},{"type":"Feature","geometry":{"type":"Point","coordinates":[-77.54502,39.12612]},"properties":{"id":"node/7234397041","name":"Loudoun Habitat Restore","group":"shopping","category":"shop=charity","hours":"Sa 10:00-17:00; Tu,We,Th 10:00-19:00","phone":"+1-571-919-6330","website":"https://www.loudounrestore.org/","housenumber":"700","street":"Fieldstone Drive Northeast","city":"Leesburg","postcode":"20176","tags":";charity;"}},{"type":"Feature","geometry":{"type":"Point","coordinates":[-77.56496,39.11431]},"properties":{"id":"node/7234431063","name":"Se\u00f1or Ramon Taqueria","group":"food","category":"amenity=restaurant","cuisine":"mexican;taqueria;tacos","hours":"Tu-Th 11:00-20:00; Fr-Sa 11:00-21:00; Su 11:00-16:00","phone":"+1-571-442-8436","website":"https://www.senorramon.com/","housenumber":"38","street":"South King Street","city":"Leesburg","postcode":"20175","tags":";mexican;taqueria;tacos;restaurant;"}},{"type":"Feature","geometry":{"type":"Point","coordinates":[-77.54649,39.12573]},"properties":{"id":"node/7234434206","name":"Cleaner4Less","group":"services","category":"shop=dry_cleaning","hours":"Mo-Fr 07:00-20:00; Sa 08:00-18:00","phone":"+1-703-517-0778","website":"https://www.cleaner4less.com/leesburg","housenumber":"700","street":"Fieldstone Drive Northeast","city":"Leesburg","postcode":"20176","tags":";dry_cleaning;"}},{"type":"Feature","geometry":{"type":"Point","coordinates":[-77.5463,39.12578]},"properties":{"id":"node/7234434212","name":"Hershey's Ice Cream","group":"food","category":"amenity=ice_cream","hours":"Mo-Su 14:30-20:30","phone":"+1-703-687-3982","housenumber":"700","street":"Fieldstone Drive Northeast","city":"Leesburg","postcode":"20176","tags":";ice_cream;outdoor_seating;"}},{"type":"Feature","geometry":{"type":"Point","coordinates":[-77.54614,39.12582]},"properties":{"id":"node/7234434213","name":"Jerry's Flowers & Gifts","group":"shopping","category":"shop=florist","hours":"Mo-Fr 09:00-17:30; Sa 09:00-16:00","phone":"+1-703-777-2561","website":"https://jerrysflowersonline.com/","housenumber":"700","street":"Fieldstone Drive Northeast","city":"Leesburg","postcode":"20176","tags":";florist;"}},{"type":"Feature","geometry":{"type":"Point","coordinates":[-77.54603,39.12585]},"properties":{"id":"node/7234434214","name":"A+ Music and More","group":"shopping","category":"shop=musical_instrument","hours":"Mo-Fr 11:00-19:30; Sa 11:00-17:00; Su 12:00-17:00","phone":"+1-571-510-3958","website":"http://www.aplusmusicandmore.com/","housenumber":"700","street":"Fieldstone Drive Northeast","city":"Leesburg","postcode":"20176","tags":";musical_instrument;"}},{"type":"Feature","geometry":{"type":"Point","coordinates":[-77.54579,39.12591]},"properties":{"id":"node/7234434216","name":"Solo Pizza","group":"food","category":"amenity=restaurant","cuisine":"pizza;italian;pasta;sandwich","hours":"Su-Th 11:00-21:00; Fr,Sa 11:00-22:00","phone":"+1-571-510-3909","website":"https://solonypizza.com/","housenumber":"700","street":"Fieldstone Drive Northeast","city":"Leesburg","postcode":"20176","tags":";pizza;italian;pasta;sandwich;restaurant;"}},{"type":"Feature","geometry":{"type":"Point","coordinates":[-77.54564,39.12595]},"properties":{"id":"node/7234434217","name":"Nails & Hair Superior","group":"personal_care","category":"shop=beauty","hours":"Mo-Fr 10:00-19:00; Sa 09:00-18:00; Su 11:00-17:00","phone":"+1-571-918-0926","housenumber":"700","street":"Fieldstone Drive Northeast","city":"Leesburg","postcode":"20176","tags":";beauty;nails;"}},{"type":"Feature","geometry":{"type":"Point","coordinates":[-77.55134,39.11041]},"properties":{"id":"node/7416063692","name":"Loudoun Kitchen & Bar","group":"food","category":"amenity=restaurant","cuisine":"fusion","hours":"Mo-Su 11:00-02:00","website":"https://theloudounkitchenandbar.com/","housenumber":"510","street":"East Market Street","city":"Leesburg","postcode":"20176","menu":"https://theloudounkitchenandbar.com/menu","tags":";fusion;restaurant;"}},{"type":"Feature","geometry":{"type":"Point","coordinates":[-77.63831,39.27563]},"properties":{"id":"node/7700530419","name":"Lovettsville Diner","group":"food","category":"amenity=restaurant","cuisine":"american","phone":"+1 540-822-5285","website":"https://bonniesoflovettsville.com/","housenumber":"2","street":"North Berlin Pike","city":"Lovettsville","postcode":"20180","tags":";american;restaurant;"}},{"type":"Feature","geometry":{"type":"Point","coordinates":[-77.63987,39.27508]},"properties":{"id":"node/7737886703","name":"Rasco NY Pizza","group":"food","category":"amenity=restaurant","cuisine":"italian;pizza","hours":"Su 11:00-21:00; Mo-Sa 11:30-22:00","phone":"+1-580-668-5808","website":"https://www.rascopizza.com/","housenumber":"20","street":"Town Square","city":"Lovettsville","postcode":"20180","tags":";italian;pizza;restaurant;"}},{"type":"Feature","geometry":{"type":"Point","coordinates":[-77.67701,39.17879]},"properties":{"id":"node/7747655086","name":"Sunset Hills Vineyard","group":"food","category":"amenity=bar","phone":"+1 540-882-4560","website":"http://www.sunsethillsvineyard.com","housenumber":"38295","street":"Fremont Overlook Lane","postcode":"20132","tags":";bar;"}},{"type":"Feature","geometry":{"type":"Point","coordinates":[-77.52571,39.09868]},"properties":{"id":"node/7792259852","name":"Potomac Station Cleaners","group":"services","category":"shop=dry_cleaning","housenumber":"655","street":"Potomac Station Drive Northeast","city":"Leesburg","postcode":"20176","tags":";dry_cleaning;"}},{"type":"Feature","geometry":{"type":"Point","coordinates":[-77.52581,39.09874]},"properties":{"id":"node/7792259854","name":"Divine Nail Spa","group":"personal_care","category":"shop=beauty","phone":"+1 703-771-8423","website":"https://divinenailspaleesburg.com/","housenumber":"651","street":"Potomac Station Drive Northeast","city":"Leesburg","postcode":"20176","tags":";beauty;nails;spa;"}},{"type":"Feature","geometry":{"type":"Point","coordinates":[-77.52588,39.09877]},"properties":{"id":"node/7792259855","name":"LuvnBerry","group":"food","category":"amenity=ice_cream","cuisine":"frozen_yogurt","housenumber":"649","street":"Potomac Station Drive Northeast","city":"Leesburg","postcode":"20176","tags":";frozen_yogurt;ice_cream;"}},{"type":"Feature","geometry":{"type":"Point","coordinates":[-77.4731,39.06178]},"properties":{"id":"node/7935266430","name":"Glaze Nail Spa","group":"personal_care","category":"shop=beauty","hours":"Mo-Fr 10:00-20:00; Sa 10:00-18:00; Su 11:00-17:00","phone":"+1 703-828-2700","website":"https://glazenail.com/","tags":";beauty;nails;spa;"}},{"type":"Feature","geometry":{"type":"Point","coordinates":[-77.47208,39.06132]},"properties":{"id":"node/8285143327","name":"Four Seasons Salon and MedSpa","group":"personal_care","category":"shop=beauty","tags":";beauty;"}},{"type":"Feature","geometry":{"type":"Point","coordinates":[-77.46157,39.06449]},"properties":{"id":"node/8285173071","name":"Black Hog","group":"food","category":"amenity=restaurant","cuisine":"barbecue","hours":"Mo-Sa 11:00-21:00; Su 11:00-20:00","website":"https://blackhogbbq.com/","housenumber":"20064","street":"Riverside Commons Plaza","city":"Ashburn","postcode":"20147","tags":";barbecue;restaurant;"}},{"type":"Feature","geometry":{"type":"Point","coordinates":[-77.54457,39.26374]},"properties":{"id":"node/8406458201","name":"Cigarette Outlet","group":"groceries","category":"shop=convenience","tags":";convenience;"}},{"type":"Feature","geometry":{"type":"Point","coordinates":[-77.55928,39.10786]},"properties":{"id":"node/8435319610","name":"Loudoun Guns Inc","group":"shopping","category":"shop=sports","hours":"Mo-Fr 10:00-18:00; Sa 10:00-16:00; Su 11:00-15:00","phone":"+1 703-771-7479","website":"https://www.loudoungunsinc.com/","housenumber":"302","street":"Industrial Court Southeast","city":"Leesburg","postcode":"20175","tags":";sports;"}},{"type":"Feature","geometry":{"type":"Point","coordinates":[-77.46348,39.06425]},"properties":{"id":"node/8715922533","name":"Nails at Tiffany","group":"personal_care","category":"shop=beauty","phone":"+1 703-726-9999","website":"https://nailsattiffanyashburn.com/","tags":";beauty;nails;"}},{"type":"Feature","geometry":{"type":"Point","coordinates":[-77.84594,39.11119]},"properties":{"id":"node/8831928516","name":"Bear Chase Brewing Company","group":"food","category":"amenity=bar","hours":"Su-Th 11:00-21:00; Fr-Sa 11:00-22:00","phone":"+1 540-554-8210","website":"https://bearchasebrew.com/","housenumber":"33665","street":"Bear Chase Lane","city":"Bluemont","postcode":"20135","tags":";bar;brewery;"}},{"type":"Feature","geometry":{"type":"Point","coordinates":[-77.49576,39.20034]},"properties":{"id":"node/8846468285","name":"Lost Creek Winery","group":"food","category":"craft=winery","hours":"Th-Mo 12:00-17:00; Sa-Su 11:00-18:00","phone":"+1 703-443-9836","website":"https://www.lostcreekwinery.com/","housenumber":"43285","street":"Spinks Ferry Road","tags":";winery;"}},{"type":"Feature","geometry":{"type":"Point","coordinates":[-77.71661,39.13835]},"properties":{"id":"node/8849469111","name":"Sweet Rose Bakery","group":"food","category":"shop=bakery","hours":"We-Mo 08:00-17:00","tags":";bakery;"}},{"type":"Feature","geometry":{"type":"Point","coordinates":[-77.56349,39.11367]},"properties":{"id":"node/8936484972","name":"Dynasty West","group":"food","category":"craft=brewery","hours":"We-Th 03:00-08:00; Fr 03:00-10:00; Sa 12:00-10:00; Su 12:00-06:00","phone":"+1 571-246-5991","website":"https://www.dynastybrewing.com/","housenumber":"101","street":"Loudoun Street Southeast","city":"Leesburg","postcode":"20175","tags":";brewery;"}},{"type":"Feature","geometry":{"type":"Point","coordinates":[-77.56315,39.11231]},"properties":{"id":"node/8936484977","name":"Crooked Run Fermentation - Leesburg Taproom","group":"food","category":"amenity=bar","hours":"Mo-Th 15:00-21:00; Fr-Sa 11:00-23:00; Su 11:30-18:00","website":"https://www.crookedrunbrewing.com/","housenumber":"205","street":"Harrison Street Southeast","city":"Leesburg","postcode":"20175","tags":";bar;brewery;outdoor_seating;"}},{"type":"Feature","geometry":{"type":"Point","coordinates":[-77.58274,39.277]},"properties":{"id":"node/8972502619","name":"The Flying Ace","group":"food","category":"amenity=restaurant","tags":";restaurant;"}},{"type":"Feature","geometry":{"type":"Point","coordinates":[-77.74724,39.13795]},"properties":{"id":"node/9048374651","name":"Frederick Block, Brick & Stone","group":"services","category":"craft=stonemason","website":"https://frederickblock.com","tags":";stonemason;"}},{"type":"Feature","geometry":{"type":"Point","coordinates":[-77.7815,39.14889]},"properties":{"id":"node/9170596635","name":"Williams Gap Vineyard","group":"food","category":"craft=winery","tags":";winery;"}},{"type":"Feature","geometry":{"type":"Point","coordinates":[-77.7036,39.13761]},"properties":{"id":"node/9173360414","name":"Empress Pearl Milk Tea","group":"food","category":"shop=tea","hours":"We-Su 13:00-20:00","tags":";tea;wheelchair_accessible;"}},{"type":"Feature","geometry":{"type":"Point","coordinates":[-77.72946,39.13728]},"properties":{"id":"node/9187401929","name":"West End Wine Bar and Pub","group":"food","category":"amenity=restaurant","cuisine":"american;regional","tags":";american;regional;restaurant;"}},{"type":"Feature","geometry":{"type":"Point","coordinates":[-77.71305,39.13653]},"properties":{"id":"node/9203603397","name":"Nostalgia Boutique","group":"shopping","category":"shop=antiques","tags":";antiques;"}},{"type":"Feature","geometry":{"type":"Point","coordinates":[-77.66289,39.28825]},"properties":{"id":"node/9351586590","name":"Georges Mill Farm Store","group":"groceries","category":"shop=farm","tags":";farm;"}},{"type":"Feature","geometry":{"type":"Point","coordinates":[-77.70749,39.13738]},"properties":{"id":"node/9788432634","name":"Purcellville Thrift Shop","group":"shopping","category":"shop=second_hand","hours":"Mo-Sa 09:00-19:00; Su 10:00-17:00","phone":"+1 540-751-1680","website":"https://brhospice.org/","housenumber":"609","street":"East Main Street","city":"Purcellville","postcode":"20132","tags":";second_hand;"}},{"type":"Feature","geometry":{"type":"Point","coordinates":[-77.56387,39.11718]},"properties":{"id":"node/9813542596","name":"Bare","group":"personal_care","category":"shop=beauty","phone":"+1 571-420-4487","website":"http://www.barewaxleesburg.com/","housenumber":"109","street":"North King Street","city":"Leesburg","postcode":"20176","tags":";beauty;"}},{"type":"Feature","geometry":{"type":"Point","coordinates":[-77.56351,39.11359]},"properties":{"id":"node/9854343027","name":"Be Luminous","group":"personal_care","category":"shop=beauty","phone":"+1 571-528-6691","website":"https://www.beluminousloudoun.com/","housenumber":"101","street":"Loudoun Street Southeast","city":"Leesburg","postcode":"20175","tags":";beauty;"}},{"type":"Feature","geometry":{"type":"Point","coordinates":[-77.65339,39.13508]},"properties":{"id":"node/9869338827","name":"Capitol Flexi-Pave, Capitol Landscapes, Capitol Tree Preservation, Capitol Green Roof, Capitol Fleet Repair","group":"services","category":"shop=repair","hours":"Mo-Fr 08:00-17:00","phone":"+1-571-383-7000","website":"www.capitolflexipave.com;www.capitoltreepreservation.com;www.capitollandscapes.com;www.capitolgreenroof.com","housenumber":"39022","street":"East Colonial Highway","city":"Hamilton","postcode":"20158","tags":";repair;"}},{"type":"Feature","geometry":{"type":"Point","coordinates":[-77.539,39.10607]},"properties":{"id":"node/9892322001","name":"Far East Asian Fire","group":"food","category":"amenity=restaurant","cuisine":"asian","tags":";asian;restaurant;"}},{"type":"Feature","geometry":{"type":"Point","coordinates":[-77.53903,39.10602]},"properties":{"id":"node/9892322002","name":"Villa Italian Kitchen","group":"food","category":"amenity=restaurant","cuisine":"italian","tags":";italian;restaurant;"}},{"type":"Feature","geometry":{"type":"Point","coordinates":[-77.53897,39.10612]},"properties":{"id":"node/9892322003","name":"South Philly Steaks & Fries","group":"food","category":"amenity=restaurant","tags":";restaurant;"}},{"type":"Feature","geometry":{"type":"Point","coordinates":[-77.53899,39.10617]},"properties":{"id":"node/9892322004","name":"bananas","group":"food","category":"amenity=ice_cream","tags":";ice_cream;"}},{"type":"Feature","geometry":{"type":"Point","coordinates":[-77.53942,39.10501]},"properties":{"id":"node/9892325713","name":"Boba Hero","group":"food","category":"amenity=cafe","cuisine":"bubble_tea","tags":";bubble_tea;cafe;"}},{"type":"Feature","geometry":{"type":"Point","coordinates":[-77.53952,39.11673]},"properties":{"id":"node/9892623123","name":"Elite Brow Studio","group":"personal_care","category":"shop=beauty","phone":"+1 571-587-9948","website":"https://www.elitebrowstudio.com/","housenumber":"956","street":"Edwards Ferry Road Northeast","city":"Leesburg","postcode":"20176","tags":";beauty;lashes_brows;"}},{"type":"Feature","geometry":{"type":"Point","coordinates":[-77.56636,39.11448]},"properties":{"id":"node/9953765076","name":"Books and Other Found Things","group":"shopping","category":"shop=books","hours":"Mo 14:00-18:00; Th 14:00-18:00; Fr 14:00-20:00; Sa 12:00-20:00; Su 12:00-18:00","phone":"+1 703-609-7504","website":"http://booksandotherfoundthings.com/","housenumber":"13","street":"Loudoun Street Southwest","tags":";books;"}},{"type":"Feature","geometry":{"type":"Point","coordinates":[-77.82549,39.09464]},"properties":{"id":"node/10035000560","name":"Roosteraunt","group":"food","category":"amenity=fast_food","tags":";fast_food;"}},{"type":"Feature","geometry":{"type":"Point","coordinates":[-77.63999,39.27502]},"properties":{"id":"node/10049369641","name":"Twisted Cat Tavern","group":"food","category":"amenity=restaurant","cuisine":"american","phone":"+1-703-687-6052","website":"https://twistedcattavern.com/","housenumber":"20","street":"Town Square","city":"Lovettsville","postcode":"20180","tags":";american;restaurant;"}},{"type":"Feature","geometry":{"type":"Point","coordinates":[-77.63976,39.27514]},"properties":{"id":"node/10049369643","name":"Salon Alure","group":"personal_care","category":"shop=hairdresser","phone":"+1-540-668-5359","housenumber":"20","street":"Town Square","city":"Lovettsville","postcode":"20180","tags":";hairdresser;"}},{"type":"Feature","geometry":{"type":"Point","coordinates":[-77.63971,39.27516]},"properties":{"id":"node/10049369644","name":"MT Nails & Spa","group":"personal_care","category":"shop=beauty","tags":";beauty;nails;spa;"}},{"type":"Feature","geometry":{"type":"Point","coordinates":[-77.63964,39.2752]},"properties":{"id":"node/10049369645","name":"Cassia Asian Bistro","group":"food","category":"amenity=restaurant","cuisine":"asian","hours":"Mo-Su 11:00-22:00","phone":"+1-703-349-1188","website":"https://cassiaasianbistro.com/","housenumber":"20","street":"Town Square","city":"Lovettsville","postcode":"20180","tags":";asian;restaurant;"}},{"type":"Feature","geometry":{"type":"Point","coordinates":[-77.53782,39.20208]},"properties":{"id":"node/10069378575","name":"Loudounberry","group":"groceries","category":"shop=farm","street":"James Monroe Highway","city":"Leesburg","postcode":"20176","tags":";farm;"}},{"type":"Feature","geometry":{"type":"Point","coordinates":[-77.82464,39.12064]},"properties":{"id":"node/10231336512","name":"B-Chord Brewery","group":"food","category":"craft=brewery","tags":";brewery;"}},{"type":"Feature","geometry":{"type":"Point","coordinates":[-77.56494,39.11437]},"properties":{"id":"node/10301638817","name":"Sunflower Shack","group":"shopping","category":"shop=gift","website":"https://sunflowershack.com","housenumber":"36","street":"South King Street","city":"Leesburg","postcode":"20175","tags":";gift;"}},{"type":"Feature","geometry":{"type":"Point","coordinates":[-77.56493,39.11441]},"properties":{"id":"node/10301638818","name":"Brick & Mortar Mercantile","group":"groceries","category":"shop=general","website":"https://www.justbrickandmortar.com","housenumber":"34","street":"South King Street","city":"Leesburg","postcode":"20175","tags":";general;"}},{"type":"Feature","geometry":{"type":"Point","coordinates":[-77.55429,39.1111]},"properties":{"id":"node/10992651112","name":"DogGone Natural","group":"shopping","category":"shop=pet","hours":"Mo-Fr 10:00-19:00; Sa 10:00-18:00; Su 12:00-18:00","phone":"+1-571-291-3970","website":"https://www.doggonenatural.com/","housenumber":"21","street":"Catoctin Circle Northeast","city":"Leesburg","postcode":"20176","tags":";pet;"}},{"type":"Feature","geometry":{"type":"Point","coordinates":[-77.46132,39.06438]},"properties":{"id":"node/10996230653","name":"Capital Hot Tubs","group":"shopping","category":"shop=swimming_pool","hours":"Tu-Fr 10:00-18:00; Sa 10:00-17:00","tags":";swimming_pool;"}},{"type":"Feature","geometry":{"type":"Point","coordinates":[-77.46037,39.06293]},"properties":{"id":"node/10996230655","name":"American Decorating Center","group":"shopping","category":"shop=kitchen","phone":"+1-703-444-1177","website":"https://www.adccarpet.com/","tags":";kitchen;"}},{"type":"Feature","geometry":{"type":"Point","coordinates":[-77.55271,39.07871]},"properties":{"id":"node/11048024905","name":"SR Coffee Co","group":"food","category":"shop=coffee","hours":"Mo-Fr 06:30-15:00; Sa 07:00-14:00; Su 08:00-14:00","website":"http://srcoffeeco.com","housenumber":"940","street":"Sycolin Road","postcode":"20175","tags":";coffee;coffee_shop;wifi;"}},{"type":"Feature","geometry":{"type":"Point","coordinates":[-77.55986,39.11247]},"properties":{"id":"node/11075670231","name":"Dog Day Afternoon","group":"shopping","category":"shop=pet","hours":"Mo-Fr 07:00-19:00; Sa 08:00-17:00; Su off","phone":"+1 703-779-1333","website":"https://www.thedogdayafternoon.com","housenumber":"305","street":"East Market Street","city":"Leesburg","postcode":"20176","tags":";pet;"}},{"type":"Feature","geometry":{"type":"Point","coordinates":[-77.5599,39.11234]},"properties":{"id":"node/11075670232","name":"Tollhouse Cleaners","group":"services","category":"shop=dry_cleaning","hours":"Mo-Fr 08:00-18:00; Sa 08:00-17:00; Su off","phone":"+1 703-771-1782","housenumber":"305","street":"East Market Street","city":"Leesburg","postcode":"20176","tags":";dry_cleaning;"}},{"type":"Feature","geometry":{"type":"Point","coordinates":[-77.56014,39.11175]},"properties":{"id":"node/11075670235","name":"Ashby Mae Children's Boutique","group":"shopping","category":"shop=clothes","hours":"Mo-Th 10:00-18:00; Fr-Sa 10:00-16:00; Su off","phone":"+1 703-687-4491","website":"https://www.ashbymaeboutique.com","housenumber":"305","street":"East Market Street","city":"Leesburg","postcode":"20176","tags":";clothes;"}},{"type":"Feature","geometry":{"type":"Point","coordinates":[-77.55999,39.11163]},"properties":{"id":"node/11075670236","name":"Happy Nails","group":"personal_care","category":"shop=beauty","hours":"Mo-Fr 10:00-19:00; Sa 09:00-18:00; Su off","phone":"+1 703-669-3588","housenumber":"305","street":"East Market Street","city":"Leesburg","postcode":"20176","tags":";beauty;nails;"}},{"type":"Feature","geometry":{"type":"Point","coordinates":[-77.55985,39.1116]},"properties":{"id":"node/11075670237","name":"Twice is Nice","group":"shopping","category":"shop=second_hand","hours":"We-Fr 10:00-16:00; Sa 10:00-14:00; Su-Tu off","phone":"+1 703-771-0208","website":"https://www.ladiesboard.org/twice-is-nice","housenumber":"305","street":"East Market Street","city":"Leesburg","postcode":"20176","tags":";second_hand;"}},{"type":"Feature","geometry":{"type":"Point","coordinates":[-77.55974,39.11159]},"properties":{"id":"node/11075670238","name":"Evolution Paint Company - Benjamin Moore","group":"shopping","category":"shop=paint","hours":"Mo-Fr 07:00-17:00; Sa 08:00-16:00; Su off","phone":"+1 703-771-2612","website":"https://www.evolutionpaintcompany.com","housenumber":"305","street":"East Market Street","city":"Leesburg","postcode":"20176","tags":";paint;"}},{"type":"Feature","geometry":{"type":"Point","coordinates":[-77.56327,39.08264]},"properties":{"id":"node/11076129374","name":"Buffalo Wing Factory","group":"food","category":"amenity=restaurant","cuisine":"american;wings","hours":"Su-We 11:00-22:00; Th-Sa 11:00-23:00","phone":"+1 571-888-3535","website":"https://www.buffalowingfactory.com","housenumber":"565","street":"Compass Point Plaza","city":"Leesburg","postcode":"20175","tags":";american;wings;restaurant;chicken;"}},{"type":"Feature","geometry":{"type":"Point","coordinates":[-77.54914,39.10558]},"properties":{"id":"node/11206098918","name":"Ana's Market & Restaurant","group":"food","category":"amenity=restaurant","cuisine":"salvadoran","hours":"Mo-Su 08:00-21:00","phone":"+1 703-777-2232","website":"https://anas-market.edan.io/","housenumber":"707","street":"East Market Street","city":"Leesburg","postcode":"20176","tags":";salvadoran;restaurant;"}},{"type":"Feature","geometry":{"type":"Point","coordinates":[-77.56344,39.11242]},"properties":{"id":"node/11466786779","name":"Absolutely Massage","group":"personal_care","category":"shop=massage","tags":";massage;"}},{"type":"Feature","geometry":{"type":"Point","coordinates":[-77.62844,39.11878]},"properties":{"id":"node/11561598369","name":"The Casanel","group":"groceries","category":"shop=wine","postcode":"20175","tags":";wine;"}},{"type":"Feature","geometry":{"type":"Point","coordinates":[-77.83345,39.11056]},"properties":{"id":"node/11590093352","name":"Iron Gate Antiques","group":"shopping","category":"shop=antiques","phone":"+1-540-554-4545","website":"http://irongateantiques.com/","housenumber":"33747","street":"Snickersville Turnpike","city":"Bluemont","postcode":"20135","tags":";antiques;"}},{"type":"Feature","geometry":{"type":"Point","coordinates":[-77.83346,39.11058]},"properties":{"id":"node/11590216160","name":"Iron Gate Antiques","group":"shopping","category":"shop=furniture","tags":";furniture;antiques;"}},{"type":"Feature","geometry":{"type":"Point","coordinates":[-77.72604,39.19912]},"properties":{"id":"node/11961468678","name":"Hill Tom Market","group":"groceries","category":"shop=convenience","housenumber":"36933","street":"Charles Town Pike","city":"Hillsboro","postcode":"20132","tags":";convenience;"}},{"type":"Feature","geometry":{"type":"Point","coordinates":[-77.69801,39.13498]},"properties":{"id":"node/12117939741","name":"Casa Tequila Bar & Grill","group":"food","category":"amenity=restaurant","cuisine":"mexican","hours":"Mo-Th 11:00-22:00; Fr,Sa 11:00-23:00; Su 11:00-21:00","website":"https://www.casatequilarestaurant.com/","housenumber":"1020","street":"East Main Street","tags":";mexican;restaurant;"}},{"type":"Feature","geometry":{"type":"Point","coordinates":[-77.69814,39.13501]},"properties":{"id":"node/12117939742","name":"Hot Wok","group":"food","category":"amenity=restaurant","cuisine":"chinese","hours":"Tu-Su 11:00-21:00","website":"https://hotwokpurcellville.com/","housenumber":"1020","street":"East Main Street","tags":";chinese;restaurant;"}},{"type":"Feature","geometry":{"type":"Point","coordinates":[-77.54342,39.10833]},"properties":{"id":"node/12234955637","name":"La Perla","group":"food","category":"amenity=restaurant","cuisine":"latin_american","housenumber":"119","street":"Fort Evans Road Northeast","city":"Leesburg","postcode":"20176","tags":";latin_american;restaurant;"}},{"type":"Feature","geometry":{"type":"Point","coordinates":[-77.54951,39.1086]},"properties":{"id":"node/12234958682","name":"Sabor Latino","group":"food","category":"amenity=restaurant","cuisine":"salvadoran","website":"https://saborlatinoleesburgva.com/","housenumber":"24","street":"Plaza Street Northeast","city":"Leesburg","postcode":"20176","tags":";salvadoran;restaurant;"}},{"type":"Feature","geometry":{"type":"Point","coordinates":[-77.6522,39.13501]},"properties":{"id":"node/12236553544","name":"Hamilton Station Gastropub","group":"food","category":"amenity=restaurant","cuisine":"american;greek","website":"https://www.hsgdining.com/","housenumber":"17416","street":"Hamilton Station Road","city":"Hamilton","postcode":"20158","tags":";american;greek;restaurant;"}},{"type":"Feature","geometry":{"type":"Point","coordinates":[-77.52271,39.0885]},"properties":{"id":"node/12236578328","name":"Spitz","group":"food","category":"amenity=restaurant","cuisine":"mediterranean","website":"https://spitz-restaurant.com/restaurant-bar-at-village-at-leesburg/","housenumber":"1610","street":"Village Market Boulevard Southeast","city":"Leesburg","postcode":"20175","tags":";mediterranean;restaurant;"}},{"type":"Feature","geometry":{"type":"Point","coordinates":[-77.54144,39.1085]},"properties":{"id":"node/12236588075","name":"Wei's Garden","group":"food","category":"amenity=restaurant","cuisine":"chinese","website":"https://www.weisgardenleesburg.com/","housenumber":"161","street":"Fort Evans Road Northeast","city":"Leesburg","postcode":"20176","tags":";chinese;restaurant;"}},{"type":"Feature","geometry":{"type":"Point","coordinates":[-77.54784,39.10715]},"properties":{"id":"node/12236606889","name":"Asian Noodle House","group":"food","category":"amenity=restaurant","cuisine":"asian","website":"https://asiannoodleshouse.com/","housenumber":"11","street":"Fort Evans Road Northeast","city":"Leesburg","postcode":"20176","tags":";asian;restaurant;"}},{"type":"Feature","geometry":{"type":"Point","coordinates":[-77.55246,39.11004]},"properties":{"id":"node/12236631156","name":"Chicken Rico","group":"food","category":"amenity=restaurant","cuisine":"peruvian","website":"https://chickenricoleesburg.com/","housenumber":"506","street":"East Market Street","city":"Leesburg","postcode":"20176","tags":";peruvian;restaurant;chicken;"}},{"type":"Feature","geometry":{"type":"Point","coordinates":[-77.54084,39.11527]},"properties":{"id":"node/12236631633","name":"Jolie Nails","group":"personal_care","category":"shop=beauty","hours":"Mo-Fr 10:00-20:00; Sa 09:00-19:00; Su 11:00-17:00","phone":"+1-703-779-1712","housenumber":"936","street":"Edwards Ferry Road Northeast","city":"Leesburg","postcode":"20176","tags":";beauty;nails;"}},{"type":"Feature","geometry":{"type":"Point","coordinates":[-77.82583,39.09676]},"properties":{"id":"node/12245149456","name":"Henway Hard Cider","group":"food","category":"amenity=pub","website":"https://henwayhardcider.com","tags":";pub;"}},{"type":"Feature","geometry":{"type":"Point","coordinates":[-77.64067,39.27463]},"properties":{"id":"node/12272084689","name":"Lovettsville Cooperative Market","group":"groceries","category":"shop=supermarket","website":"https://lovettsville-grocery.com/","housenumber":"11","street":"Town Center Drive","city":"Lovettsville","postcode":"20180","tags":";supermarket;"}},{"type":"Feature","geometry":{"type":"Point","coordinates":[-77.64038,39.27479]},"properties":{"id":"node/12272084690","name":"Train to Mumbai","group":"food","category":"amenity=restaurant","cuisine":"indian","housenumber":"11","street":"Town Center Drive","city":"Lovettsville","postcode":"20180","tags":";indian;restaurant;"}},{"type":"Feature","geometry":{"type":"Point","coordinates":[-77.64031,39.27482]},"properties":{"id":"node/12272084691","name":"Lovettsville Pharmacy","group":"groceries","category":"shop=chemist","housenumber":"11","street":"Town Center Drive","city":"Lovettsville","postcode":"20180","tags":";chemist;"}},{"type":"Feature","geometry":{"type":"Point","coordinates":[-77.64012,39.2745]},"properties":{"id":"node/12338057579","name":"El Pitayo Mexican","group":"food","category":"amenity=restaurant","cuisine":"mexican","housenumber":"5","street":"Town Center Drive","city":"Lovettsville","postcode":"20180","tags":";mexican;restaurant;"}},{"type":"Feature","geometry":{"type":"Point","coordinates":[-77.64044,39.27475]},"properties":{"id":"node/12338057580","name":"EZ Tobacco","group":"shopping","category":"shop=tobacco","housenumber":"11","street":"Town Center Drive","city":"Lovettsville","postcode":"20180","tags":";tobacco;"}},{"type":"Feature","geometry":{"type":"Point","coordinates":[-77.5415,39.10866]},"properties":{"id":"node/12608530801","name":"Kettles & Grains","group":"food","category":"craft=brewery","hours":"We-Th 12:00-17:30; Fr 12:00-21:00; Sa 12:00-18:00; Su 12:00-17:00","website":"https://kettlesandgrains.com/","postcode":"20176","tags":";brewery;"}},{"type":"Feature","geometry":{"type":"Point","coordinates":[-77.70646,39.13629]},"properties":{"id":"node/12862725401","name":"Doppio Bunny Coffee","group":"food","category":"shop=coffee","hours":"Su-Th 07:30-18:00; Fr-Sa 07:30-18:30","phone":"+15406925511","website":"https://doppiobunny.com/","housenumber":"550","street":"East Main Street","tags":";coffee;coffee_shop;wifi;"}},{"type":"Feature","geometry":{"type":"Point","coordinates":[-77.54079,39.11555]},"properties":{"id":"node/12873589601","name":"Salon Spectra","group":"personal_care","category":"shop=hairdresser","hours":"Mo-Fr 09:00-19:00; Sa 08:00-17:00","housenumber":"942A","street":"Edwards Ferry Road Northeast","tags":";hairdresser;"}},{"type":"Feature","geometry":{"type":"Point","coordinates":[-77.67065,39.20034]},"properties":{"id":"node/12902252160","name":"Wheatland Spring Farm + Brewery","group":"food","category":"craft=brewery","phone":"+1-540-687-0035","website":"https://www.wheatlandspring.com/","housenumber":"38506","street":"John Wolford Road","city":"Waterford","postcode":"20197","tags":";brewery;"}},{"type":"Feature","geometry":{"type":"Point","coordinates":[-77.54892,39.1059]},"properties":{"id":"node/13085565601","name":"Panda Cafe Chinese Restaurant","group":"food","category":"amenity=restaurant","cuisine":"chinese","housenumber":"707","street":"East Market Street","city":"Leesburg","postcode":"20176","tags":";chinese;restaurant;"}},{"type":"Feature","geometry":{"type":"Point","coordinates":[-77.56487,39.11506]},"properties":{"id":"node/13116175337","name":"Black Hoof Brewery","group":"food","category":"amenity=bar","hours":"Mo-Th 15:00-21:00; Fr-Sa 12:00-22:00; Su 12:00-18:00","housenumber":"11","street":"South King Street","city":"Leesburg","postcode":"20175","tags":";bar;brewery;"}},{"type":"Feature","geometry":{"type":"Point","coordinates":[-77.82554,39.0944]},"properties":{"id":"node/13260172331","name":"Kettle Corn Hut","group":"groceries","category":"shop=kiosk","tags":";kiosk;"}},{"type":"Feature","geometry":{"type":"Point","coordinates":[-77.68811,39.27071]},"properties":{"id":"node/13328965649","name":"Stockyard Brewery","group":"food","category":"craft=brewery","website":"https://stockyardbrewery.com/","housenumber":"12428","street":"Mountain Road","city":"Lovettsville","postcode":"20180","tags":";brewery;"}},{"type":"Feature","geometry":{"type":"Point","coordinates":[-77.55873,39.11276]},"properties":{"id":"node/13455600893","name":"Brick Street Plumbing, Water Heaters, AC & Furnace Repair","group":"services","category":"craft=plumber","phone":"+1-301-969-4911","website":"https://brickstreetplumbinghvac.com/leesburg-va/","housenumber":"312","street":"East Market Street","city":"Leesburg","postcode":"20176","tags":";plumber;"}},{"type":"Feature","geometry":{"type":"Point","coordinates":[-77.71648,39.13637]},"properties":{"id":"node/13524483333","name":"Massage4uva","group":"personal_care","category":"shop=massage","hours":"Tu-Fr 10:00-17:00","phone":"+1-540-454-7203","website":"https://massage4uva.com/","housenumber":"170","street":"West Main Street","city":"Purcellville","postcode":"20132","tags":";massage;"}},{"type":"Feature","geometry":{"type":"Point","coordinates":[-77.63813,39.27599]},"properties":{"id":"node/13532191001","name":"Lovettsville Auto","group":"shopping","category":"shop=car","hours":"Mo, Fr 10:00-17:00; Sa 10:00-04:00","website":"https://www.lovettsvilleautosales.com/","housenumber":"4","street":"North Berlin Pike","tags":";car;"}},{"type":"Feature","geometry":{"type":"Point","coordinates":[-77.65233,39.15683]},"properties":{"id":"node/13536368741","name":"Ellen Zangla Photography","group":"services","category":"craft=photographer","hours":"Mo-Fr 09:30-19:00, Sa-Su 15:00-19:00","phone":"+1-703-727-3368","website":"https://ellenzanglaphotography.com/","housenumber":"38941","street":"Piggott Bottom Road","city":"Hamilton","postcode":"20158","tags":";photographer;"}},{"type":"Feature","geometry":{"type":"Point","coordinates":[-77.76873,39.1345]},"properties":{"id":"node/13638645072","name":"Lillian Nathalie Cake","group":"food","category":"shop=pastry","hours":"Sa 07:00-14:00","phone":"+1-425-306-6387","website":"https://lncake.com/","housenumber":"19","street":"Mulberry Street","city":"Round Hill","postcode":"20141-9998","tags":";pastry;"}},{"type":"Feature","geometry":{"type":"Point","coordinates":[-77.53161,39.09566]},"properties":{"id":"node/13649941304","name":"La Vie Nail Spa","group":"personal_care","category":"shop=beauty","hours":"Mo-Fr 10:00-19:30; Sa 10:00-18:00; Su 11:00-17:00","phone":"+1-703-686-8866","website":"https://lavienailspaleesburg.com","housenumber":"135","street":"Robinson Mill Plaza","city":"Leesburg","postcode":"20175","tags":";beauty;nails;spa;"}},{"type":"Feature","geometry":{"type":"Point","coordinates":[-77.5311,39.10795]},"properties":{"id":"node/13669569925","name":"bkd Bagels","group":"food","category":"amenity=restaurant","hours":"Mo-Su 07:00-14:00","phone":"+1-571-442-5071","website":"https://www.bkdbagels.com/","housenumber":"500","street":"Fort Evans Road Northeast","city":"Leesburg","postcode":"20176","tags":";restaurant;bagel;"}},{"type":"Feature","geometry":{"type":"Point","coordinates":[-77.52911,39.10767]},"properties":{"id":"node/13669569927","name":"InStyle Nails Spa","group":"personal_care","category":"shop=beauty","hours":"Mo-Fr 10:00-20:00; Sa 09:00-19:00; Su 11:00-17:00","phone":"+1-703-777-5561","housenumber":"518","street":"Fort Evans Road Northeast","city":"Leesburg","postcode":"20176","tags":";beauty;nails;spa;"}},{"type":"Feature","geometry":{"type":"Point","coordinates":[-77.56534,39.11557]},"properties":{"id":"node/13836750584","name":"Birch Tree Books & Plants","group":"shopping","category":"shop=books","housenumber":"11","street":"West Market Street","city":"Leesburg","postcode":"20176","tags":";books;"}},{"type":"Feature","geometry":{"type":"Point","coordinates":[-77.56366,39.10637]},"properties":{"id":"node/13872334517","name":"Wear It Again, Kid!","group":"shopping","category":"shop=clothes","hours":"Mo-Sa 10:00-17:00; Su 11:00-16:00","phone":"+1-703-443-6888","housenumber":"47","street":"Catoctin Circle Southeast","city":"Leesburg","postcode":"20175","tags":";clothes;"}},{"type":"Feature","geometry":{"type":"Point","coordinates":[-77.56339,39.10638]},"properties":{"id":"node/13872334518","name":"Boomer's Penny Pincher","group":"groceries","category":"shop=convenience","hours":"Mo-Su 07:00-23:00","phone":"+1-703-771-0967","housenumber":"47","street":"Catoctin Circle Southeast","city":"Leesburg","postcode":"20175","tags":";convenience;"}},{"type":"Feature","geometry":{"type":"Point","coordinates":[-77.56249,39.10772]},"properties":{"id":"node/13872334520","name":"Salon 454","group":"personal_care","category":"shop=hairdresser","hours":"Mo-Fr 10:00-19:00; Su 10:00-16:00","phone":"+1-571-918-0535","website":"https://www.salon454.com","housenumber":"454","street":"Harrison Street Southeast","city":"Leesburg","postcode":"20175","tags":";hairdresser;"}},{"type":"Feature","geometry":{"type":"Point","coordinates":[-77.56252,39.10791]},"properties":{"id":"node/13872334521","name":"Baldino's Lock & Key","group":"services","category":"shop=locksmith","hours":"Mo-Fr 08:30-05:00; Sa-Su off","phone":"+1-703-777-6621","housenumber":"442","street":"Harrison Street Southeast","city":"Leesburg","postcode":"20175","tags":";locksmith;"}},{"type":"Feature","geometry":{"type":"Point","coordinates":[-77.56254,39.10798]},"properties":{"id":"node/13872334522","name":"Drapery House Inc","group":"shopping","category":"shop=curtain","hours":"Su-Tu off; We-Sa 10:00-17:00","phone":"+1-703-669-9622","website":"https://www.draperyhousedesigncenter.com","housenumber":"438","street":"Harrison Street Southeast","city":"Leesburg","postcode":"20175","tags":";curtain;"}},{"type":"Feature","geometry":{"type":"Point","coordinates":[-77.56264,39.10856]},"properties":{"id":"node/13872334524","name":"Virginia Kitchen & Bath","group":"shopping","category":"shop=kitchen","phone":"+1-703-793-8307","housenumber":"213","street":"Crescent Station Terrace Southeast","city":"Leesburg","postcode":"20175","tags":";kitchen;"}},{"type":"Feature","geometry":{"type":"Point","coordinates":[-77.56226,39.1086]},"properties":{"id":"node/13872334526","name":"Twins Pet Grooming","group":"services","category":"shop=pet_grooming","phone":"+1-703-995-2590","website":"https://www.twinsgroomer.com","housenumber":"217","street":"Crescent Station Terrace Southeast","city":"Leesburg","postcode":"20175","tags":";pet_grooming;"}},{"type":"Feature","geometry":{"type":"Point","coordinates":[-77.5621,39.10862]},"properties":{"id":"node/13872334527","name":"Kramer Paris Hair Salon","group":"personal_care","category":"shop=hairdresser","hours":"Mo-Fr 09:00-19:00; Sa 09:00-20:00; Su closed","phone":"+1-703-777-8607","website":"https://www.kramerparis.com","housenumber":"225","street":"Crescent Station Terrace Southeast","city":"Leesburg","postcode":"20175","tags":";hairdresser;"}},{"type":"Feature","geometry":{"type":"Point","coordinates":[-77.55182,39.10773]},"properties":{"id":"node/13873277387","name":"Bark 'N Bubbles","group":"services","category":"shop=pet_grooming","hours":"Tu-Sa 09:00-17:00; Su 11:00-17:00","phone":"+1-703-777-6269","website":"https://www.barknbubblesleesburg.com","housenumber":"545","street":"East Market Street","city":"Leesburg","postcode":"20176","tags":";pet_grooming;"}},{"type":"Feature","geometry":{"type":"Point","coordinates":[-77.55211,39.10791]},"properties":{"id":"node/13873277389","name":"Crimson Coward","group":"food","category":"amenity=restaurant","cuisine":"chicken","hours":"Mo-Su 10:00-23:00","phone":"+1-703-297-5930","website":"https://www.crimsoncoward.com/locations/crimson-coward-leesburg-va/","housenumber":"525","street":"East Market Street","city":"Leesburg","postcode":"20176","tags":";chicken;restaurant;"}},{"type":"Feature","geometry":{"type":"Point","coordinates":[-77.55234,39.10804]},"properties":{"id":"node/13873277390","name":"La Estaci\u00f3n Restaurante","group":"food","category":"amenity=restaurant","cuisine":"latin_american","hours":"Mo-Fr 10:00-21:00; Sa-Su 09:00-21:00","phone":"+1-703-669-2896","website":"https://www.facebook.com/LaEstacionLeesburg/","housenumber":"525","street":"East Market Street","city":"Leesburg","postcode":"20176","tags":";latin_american;restaurant;"}},{"type":"Feature","geometry":{"type":"Point","coordinates":[-77.55274,39.10827]},"properties":{"id":"node/13873277392","name":"Lotus Nail & Spa","group":"personal_care","category":"shop=beauty","hours":"Mo-Fr 10:00-19:00; Sa 09:00-19:00; Su 10:00-17:00","phone":"+1-703-443-0004","website":"https://lotusnailspaleesburg.com/","housenumber":"525","street":"East Market Street","city":"Leesburg","postcode":"20176","tags":";beauty;nails;spa;"}},{"type":"Feature","geometry":{"type":"Point","coordinates":[-77.5528,39.10831]},"properties":{"id":"node/13873277393","name":"My Frame Shop","group":"shopping","category":"shop=frame","hours":"Su-Mo closed; Tu-Sa 09:00-17:00","phone":"+1-703-771-6354","housenumber":"525","street":"East Market Street","city":"Leesburg","postcode":"20176","tags":";frame;"}},{"type":"Feature","geometry":{"type":"Point","coordinates":[-77.55303,39.10839]},"properties":{"id":"node/13873277395","name":"Red Kabob","group":"food","category":"amenity=restaurant","hours":"Mo-Sa 11:00-21:00; Su 11:00-20:00","phone":"+1-703-777-5277","website":"https://www.red-kabob.com","housenumber":"521","street":"East Market Street","city":"Leesburg","postcode":"20176","tags":";restaurant;"}},{"type":"Feature","geometry":{"type":"Point","coordinates":[-77.55284,39.10859]},"properties":{"id":"node/13873277398","name":"Route 7 Cigars","group":"shopping","category":"shop=tobacco","hours":"Mo-Sa 10:00-20:00; Su 11:00-18:00","phone":"+1-703-777-5233","website":"https://www.route7cigars.com","housenumber":"521","street":"East Market Street","city":"Leesburg","postcode":"20176","tags":";tobacco;"}},{"type":"Feature","geometry":{"type":"Point","coordinates":[-77.55166,39.10963]},"properties":{"id":"node/13873277399","name":"ResQ BBQ","group":"food","category":"amenity=restaurant","cuisine":"barbecue","hours":"Mo-Su 11:00-21:00","phone":"+1-703-857-0357","website":"https://resq-bbq.com","housenumber":"528","street":"East Market Street","city":"Leesburg","postcode":"20176","tags":";barbecue;restaurant;"}},{"type":"Feature","geometry":{"type":"Point","coordinates":[-77.56003,39.10758]},"properties":{"id":"node/13873356230","name":"Vienna Aquarium & Pets","group":"shopping","category":"shop=pet","hours":"Mo,We-Fr 10:00-18:00; Tu off; Sa 10:00-17:00; Su 11:00-15:00","phone":"+1-703-777-6196","website":"https://www.viennaaquariumandpets.com/index.html","housenumber":"301","street":"Industrial Court Southeast","city":"Leesburg","postcode":"20175","tags":";pet;"}},{"type":"Feature","geometry":{"type":"Point","coordinates":[-77.55724,39.10917]},"properties":{"id":"node/13873596591","name":"Ketterman's Jewlers","group":"shopping","category":"shop=jewelry","hours":"Su-Mo off; Tu-Fr 10:00-18:00; Sa 10:00-17:00","phone":"+1-703-777-0033","website":"https://www.kettermans.com","housenumber":"212","street":"Catoctin Circle Southeast","city":"Leesburg","postcode":"20175","tags":";jewelry;"}},{"type":"Feature","geometry":{"type":"Point","coordinates":[-77.55692,39.10945]},"properties":{"id":"node/13873596593","name":"Salon Nova","group":"personal_care","category":"shop=hairdresser","phone":"+1-703-687-9787","website":"https://www.salonnovaleesburg.com","housenumber":"220","street":"Catoctin Circle Southeast","city":"Leesburg","postcode":"20175","tags":";hairdresser;"}},{"type":"Feature","geometry":{"type":"Point","coordinates":[-77.55448,39.1112]},"properties":{"id":"node/13873596594","name":"D&D Nail Spa","group":"personal_care","category":"shop=beauty","hours":"Mo-Fr 10:00-20:00; Sa 09:00-18:00; Su 11:00-17:00","phone":"+1-703-443-2240","website":"https://www.dndnailspa.com","housenumber":"13","street":"Catoctin Circle Northeast","city":"Leesburg","postcode":"20176","tags":";beauty;nails;spa;"}},{"type":"Feature","geometry":{"type":"Point","coordinates":[-77.55443,39.11117]},"properties":{"id":"node/13873596595","name":"Snips Barber Shop","group":"personal_care","category":"shop=hairdresser","housenumber":"13","street":"Catoctin Circle Northeast","city":"Leesburg","postcode":"20176","tags":";hairdresser;barber;"}},{"type":"Feature","geometry":{"type":"Point","coordinates":[-77.55424,39.11107]},"properties":{"id":"node/13873596596","name":"Paisano's","group":"food","category":"amenity=restaurant","cuisine":"pizza","hours":"Su-Th 10:00-21:00; Fr-Sa 10:00-22:00","phone":"+1-703-443-0000","website":"https://paisanospizza.com/leesburg/","housenumber":"25","street":"Catoctin Circle Northeast","city":"Leesburg","postcode":"20176","tags":";pizza;restaurant;"}},{"type":"Feature","geometry":{"type":"Point","coordinates":[-77.55414,39.11101]},"properties":{"id":"node/13873596598","name":"Creative Pursuit Games","group":"shopping","category":"shop=games","hours":"Mo,We,Th 12:00-21:00; Tu off; Fr 12:00-22:00; Sa 10:00-21:00; Su 12:00-19:00","phone":"+1-703-777-8605","website":"https://www.facebook.com/CreativePursuitGamesInc/","housenumber":"29","street":"Catoctin Circle Northeast","city":"Leesburg","postcode":"20176","tags":";games;"}},{"type":"Feature","geometry":{"type":"Point","coordinates":[-77.56525,39.11555]},"properties":{"id":"node/13897670931","name":"District Hemp Botanicals","group":"shopping","category":"shop=cannabis","tags":";cannabis;"}},{"type":"Feature","geometry":{"type":"Point","coordinates":[-77.52373,39.08787]},"properties":{"id":"node/14024683801","name":"Anchor Bar Leesburg","group":"food","category":"amenity=restaurant","cuisine":"burger;chicken;pizza","hours":"Fr-Sa 11:00-23:00; Su-Th 11:00-22:00","phone":"+1-703-891-0744","website":"https://anchorbar.com/locations/leesburg-va/","housenumber":"1609","street":"Village Market Boulevard Southeast","postcode":"20175","menu":"https://anchorbar.com/locations-menus/leesburg-va/leesburg-menu","tags":";burger;chicken;pizza;restaurant;wifi;"}},{"type":"Feature","geometry":{"type":"Point","coordinates":[-77.55061,39.10933]},"properties":{"id":"node/14111533981","name":"Shenanigans Pub","group":"food","category":"amenity=pub","street":"East Market Street","city":"Leesburg","postcode":"20176","tags":";pub;"}},{"type":"Feature","geometry":{"type":"Point","coordinates":[-77.5509,39.11013]},"properties":{"id":"node/14111533984","name":"Giovanni's NY Pizza","group":"food","category":"amenity=restaurant","cuisine":"pizza;italian;sandwich","website":"https://giovannisnypizzamenu.com/","housenumber":"520","street":"East Market Street","city":"Leesburg","postcode":"20176","tags":";pizza;italian;sandwich;restaurant;gluten_free;"}},{"type":"Feature","geometry":{"type":"Point","coordinates":[-77.55108,39.11023]},"properties":{"id":"node/14111533986","name":"Kobe Japanese Steak & Seafood House","group":"food","category":"amenity=restaurant","cuisine":"japanese","hours":"Mo-Th 16:30-22:00, Fr-Sa 16:30-22:30, Su 16:30-21:00","phone":"+1-703-443-8300","website":"https://www.kobejs.com/leesburg/","housenumber":"514","street":"East Market Street","city":"Leesburg","postcode":"20176","tags":";japanese;restaurant;seafood;"}},{"type":"Feature","geometry":{"type":"Point","coordinates":[-77.55146,39.11051]},"properties":{"id":"node/14111533988","name":"Lendmark","group":"services","category":"shop=money_lender","hours":"Mo-Fr 08:30-17:30","phone":"+1-703-777-2200","website":"https://www.lendmarkfinancial.com/branches/VA/leesburg/20176","housenumber":"510","street":"East Market Street","city":"Leesburg","postcode":"20176","tags":";money_lender;"}},{"type":"Feature","geometry":{"type":"Point","coordinates":[-77.55153,39.11055]},"properties":{"id":"node/14111533989","name":"Kitchen & Bath Shop","group":"shopping","category":"shop=kitchen","housenumber":"510","street":"East Market Street","city":"Leesburg","postcode":"20176","tags":";kitchen;"}},{"type":"Feature","geometry":{"type":"Point","coordinates":[-77.55157,39.11058]},"properties":{"id":"node/14111533990","name":"Taste of Lebanon Mediterranean Grill","group":"food","category":"amenity=restaurant","website":"https://tasteoflebanon.net/","housenumber":"510","street":"East Market Street","city":"Leesburg","postcode":"20176","tags":";restaurant;mediterranean;"}},{"type":"Feature","geometry":{"type":"Point","coordinates":[-77.55164,39.11062]},"properties":{"id":"node/14111533991","name":"Chi Spa Lounge","group":"personal_care","category":"shop=beauty","website":"https://chispalounge.com/","housenumber":"510","street":"East Market Street","city":"Leesburg","postcode":"20176","tags":";beauty;spa;"}},{"type":"Feature","geometry":{"type":"Point","coordinates":[-77.56158,39.11422]},"properties":{"id":"node/14113598319","name":"J Morris Flowers","group":"shopping","category":"shop=florist","street":"East Market Street","city":"Leesburg","postcode":"20175","tags":";florist;"}},{"type":"Feature","geometry":{"type":"Point","coordinates":[-77.56187,39.11435]},"properties":{"id":"node/14113598320","name":"Catty Corner Cafe","group":"food","category":"amenity=cafe","housenumber":"116","street":"East Market Street","city":"Leesburg","postcode":"20175","tags":";cafe;"}},{"type":"Feature","geometry":{"type":"Point","coordinates":[-77.55275,39.10869]},"properties":{"id":"node/14113658905","name":"Bellewood Pharmacy","group":"groceries","category":"amenity=pharmacy","housenumber":"521","street":"East Market Street","city":"Leesburg","postcode":"20176","tags":";pharmacy;"}},{"type":"Feature","geometry":{"type":"Point","coordinates":[-77.55293,39.1085]},"properties":{"id":"node/14113658906","name":"Benchmark Jewelers","group":"shopping","category":"shop=jewelry","housenumber":"521","street":"East Market Street","city":"Leesburg","postcode":"20176","tags":";jewelry;"}},{"type":"Feature","geometry":{"type":"Point","coordinates":[-77.55242,39.10809]},"properties":{"id":"node/14113658909","name":"Red Bar Sushi Best Thai Kitchen","group":"food","category":"amenity=restaurant","cuisine":"thai","housenumber":"525","street":"East Market Street","city":"Leesburg","postcode":"20176","tags":";thai;restaurant;sushi;"}},{"type":"Feature","geometry":{"type":"Point","coordinates":[-77.55227,39.108]},"properties":{"id":"node/14113717839","name":"El Toro Negro","group":"groceries","category":"shop=butcher","phone":"+1-703-669-2897","housenumber":"525","street":"East Market Street","city":"Leesburg","postcode":"20176","tags":";butcher;"}},{"type":"Feature","geometry":{"type":"Point","coordinates":[-77.55171,39.10767]},"properties":{"id":"node/14113717840","name":"International Market","group":"groceries","category":"shop=supermarket","housenumber":"545","street":"East Market Street","city":"Leesburg","postcode":"20176","tags":";supermarket;"}},{"type":"Feature","geometry":{"type":"Point","coordinates":[-77.55165,39.10764]},"properties":{"id":"node/14113717841","name":"Roosters","group":"personal_care","category":"shop=hairdresser","hours":"Mo-Th 09:00-20:00, Fr 09:00-19:00, Sa 09:00-17:00, Su 10:00-17:00","phone":"+1-571-442-8846","website":"https://www.roostersmgc.com/locations/nearme/haircut/VA/LEESBURG/545-E-MARKET-ST/13206","housenumber":"545","street":"East Market Street","city":"Leesburg","postcode":"20176","tags":";hairdresser;"}},{"type":"Feature","geometry":{"type":"Point","coordinates":[-77.54975,39.1062]},"properties":{"id":"node/14113785530","name":"Retail Store & Donation Center","group":"shopping","category":"shop=second_hand","housenumber":"703","street":"East Market Street","city":"Leesburg","postcode":"20176","tags":";second_hand;"}},{"type":"Feature","geometry":{"type":"Point","coordinates":[-77.5497,39.10594]},"properties":{"id":"node/14113785531","name":"A&M Carpet","group":"shopping","category":"shop=carpet","housenumber":"703","street":"East Market Street","tags":";carpet;"}},{"type":"Feature","geometry":{"type":"Point","coordinates":[-77.54964,39.1058]},"properties":{"id":"node/14113785532","name":"503 Bakery","group":"food","category":"shop=bakery","housenumber":"703","street":"East Market Street","city":"Leesburg","postcode":"20176","tags":";bakery;"}},{"type":"Feature","geometry":{"type":"Point","coordinates":[-77.54955,39.10575]},"properties":{"id":"node/14113785533","name":"Aurora Seafood & Grill Buffet","group":"food","category":"amenity=restaurant","website":"https://www.aurorabuffet.com/","housenumber":"703","street":"East Market Street","city":"Leesburg","postcode":"20176","tags":";restaurant;seafood;"}},{"type":"Feature","geometry":{"type":"Point","coordinates":[-77.54936,39.10559]},"properties":{"id":"node/14113785535","name":"Barber & Salon","group":"personal_care","category":"shop=hairdresser","housenumber":"703","street":"East Market Street","city":"Leesburg","postcode":"20176","tags":";hairdresser;barber;"}},{"type":"Feature","geometry":{"type":"Point","coordinates":[-77.54925,39.10555]},"properties":{"id":"node/14113785536","name":"Mama's Laundromat","group":"services","category":"shop=laundry","hours":"Su-Sa 06:30-22:00","phone":"+1-571-707-8167","website":"https://www.mamaslaundromat.com/","housenumber":"707","street":"East Market Street","city":"Leesburg","postcode":"20176","tags":";laundry;"}},{"type":"Feature","geometry":{"type":"Point","coordinates":[-77.54916,39.10568]},"properties":{"id":"node/14113785537","name":"Halal Point","group":"groceries","category":"shop=supermarket","hours":"Su-Sa 10:00-21:00","phone":"+1-703-564-0530","housenumber":"707","street":"East Market Street","city":"Leesburg","postcode":"20176","tags":";supermarket;halal;"}},{"type":"Feature","geometry":{"type":"Point","coordinates":[-77.5491,39.10571]},"properties":{"id":"node/14113785538","name":"Avanti Nails","group":"personal_care","category":"shop=beauty","tags":";beauty;nails;"}},{"type":"Feature","geometry":{"type":"Point","coordinates":[-77.54906,39.10576]},"properties":{"id":"node/14113785539","name":"RJ's Deli & Store","group":"food","category":"shop=deli","housenumber":"707","street":"East Market Street","city":"Leesburg","postcode":"20176","tags":";deli;sandwich;"}},{"type":"Feature","geometry":{"type":"Point","coordinates":[-77.54901,39.10581]},"properties":{"id":"node/14113785540","name":"Cleaners","group":"services","category":"shop=dry_cleaning","housenumber":"707","street":"East Market Street","city":"Leesburg","postcode":"20176","tags":";dry_cleaning;"}},{"type":"Feature","geometry":{"type":"Point","coordinates":[-77.67263,39.13659]},"properties":{"id":"node/14144901869","name":"Lowry\u2019s Crab Shack","group":"food","category":"amenity=restaurant","cuisine":"seafood;chicken","phone":"+1-540-338-2348","website":"https://www.lowryscrabshack.com","housenumber":"420","street":"W. Colonial Highway","city":"Hamilton","postcode":"20158","tags":";seafood;chicken;restaurant;"}},{"type":"Feature","geometry":{"type":"Point","coordinates":[-77.71773,39.14552]},"properties":{"id":"node/14174095801","name":"Purcellville Auto Service","group":"services","category":"shop=car_repair","phone":"+1-540-441-3766","website":"https://www.purcellvilleautoservice.com/","housenumber":"37251 Unit H","street":"East Richardson Lane","postcode":"20132","tags":";car_repair;"}},{"type":"Feature","geometry":{"type":"Point","coordinates":[-77.71755,39.14554]},"properties":{"id":"node/14174103201","name":"Saville's Service Center","group":"services","category":"shop=car_repair","phone":"+1-540-338-5749","website":"https://www.savilleservicecenter.com","housenumber":"37251","street":"East Richardson Lane","postcode":"20132","tags":";car_repair;"}},{"type":"Feature","geometry":{"type":"Point","coordinates":[-77.71708,39.13898]},"properties":{"id":"node/14229516723","name":"Another Turn Tack & Apparel","group":"shopping","category":"shop=equestrian","phone":"+1-540-441-3591","website":"https://anotherturntack.com/","housenumber":"221","street":"North 21st Street","city":"Purcellville","postcode":"20132","tags":";equestrian;"}},{"type":"Feature","geometry":{"type":"Point","coordinates":[-77.5645,39.11509]},"properties":{"id":"way/102234114","name":"Kingstreet Oyster Bar","group":"food","category":"amenity=restaurant","housenumber":"10","street":"South King Street","tags":";restaurant;seafood;"}},{"type":"Feature","geometry":{"type":"Point","coordinates":[-77.56479,39.11433]},"properties":{"id":"way/102234133","name":"Senor Ramon Taqueria","group":"food","category":"amenity=restaurant","housenumber":"38","street":"South King Street","tags":";restaurant;mexican;"}},{"type":"Feature","geometry":{"type":"Point","coordinates":[-77.56047,39.11312]},"properties":{"id":"way/102234135","name":"Mom's Apple Pie","group":"food","category":"shop=bakery","website":"https://www.momsapplepieco.com/","housenumber":"220","street":"Loudoun Street Southeast","city":"Leesburg","postcode":"20175","tags":";bakery;takeout;"}},{"type":"Feature","geometry":{"type":"Point","coordinates":[-77.53948,39.11529]},"properties":{"id":"way/116785991","name":"Leesburg Public House","group":"food","category":"amenity=restaurant","cuisine":"american","housenumber":"962","street":"Edwards Ferry Road Northeast","tags":";american;restaurant;"}},{"type":"Feature","geometry":{"type":"Point","coordinates":[-77.56511,39.11548]},"properties":{"id":"way/133418246","name":"Buford's Biscuits","group":"food","category":"amenity=restaurant","cuisine":"american;sandwich","website":"https://www.bufordsbiscuits.com/menus/","housenumber":"7","street":"West Market Street","city":"Leesburg","tags":";american;sandwich;restaurant;"}},{"type":"Feature","geometry":{"type":"Point","coordinates":[-77.56536,39.11451]},"properties":{"id":"way/133418272","name":"Trungo's Takeout","group":"food","category":"amenity=restaurant","housenumber":"2","street":"Loudoun Street Southwest","tags":";restaurant;"}},{"type":"Feature","geometry":{"type":"Point","coordinates":[-77.56491,39.11521]},"properties":{"id":"way/133418284","name":"The Wine Kitchen","group":"groceries","category":"shop=wine","housenumber":"7","street":"South King Street","tags":";wine;alcohol;"}},{"type":"Feature","geometry":{"type":"Point","coordinates":[-77.56295,39.11479]},"properties":{"id":"way/158621129","name":"Trinity House Cafe","group":"food","category":"amenity=cafe","hours":"Mo-Fr 08:00-15:00, Sa 08:00-17:00","phone":"+1-703-737-3721","website":"https://www.trinityhousecafe.com/","housenumber":"101","street":"East Market Street","city":"Leesburg","postcode":"20176","menu":"https://www.trinityhousecafe.com/menu","tags":";cafe;"}},{"type":"Feature","geometry":{"type":"Point","coordinates":[-77.56498,39.11406]},"properties":{"id":"way/158621279","name":"Shutters on King","group":"food","category":"amenity=restaurant","housenumber":"1","street":"Loudoun Street Southeast","city":"Leesburg","postcode":"20175","tags":";restaurant;"}},{"type":"Feature","geometry":{"type":"Point","coordinates":[-77.5556,39.11087]},"properties":{"id":"way/167012520","name":"Tobacco Hut","group":"shopping","category":"shop=tobacco","housenumber":"356","street":"East Market Street","city":"Leesburg","postcode":"20176","tags":";tobacco;"}},{"type":"Feature","geometry":{"type":"Point","coordinates":[-77.56455,39.11499]},"properties":{"id":"way/167359115","name":"Very Virginia Shop","group":"shopping","category":"shop=books","housenumber":"12","street":"South King Street","tags":";books;"}},{"type":"Feature","geometry":{"type":"Point","coordinates":[-77.56425,39.11523]},"properties":{"id":"way/167359116","name":"Mocatinas","group":"food","category":"amenity=ice_cream","hours":"Su 11:00-18:00; Tu 12:00-17:00; We,Th 11:00-19:00; Fr,Sa 11:00-20:30","housenumber":"3","street":"East Market Street","tags":";ice_cream;"}},{"type":"Feature","geometry":{"type":"Point","coordinates":[-77.56504,39.11535]},"properties":{"id":"way/167360446","name":"Leesburg Diner","group":"food","category":"amenity=restaurant","tags":";restaurant;"}},{"type":"Feature","geometry":{"type":"Point","coordinates":[-77.56748,39.10728]},"properties":{"id":"way/167520161","name":"Deli Italiano","group":"food","category":"amenity=restaurant","cuisine":"pizza;italian","hours":"Su-Th 11:00-21:00; Fr-Sa 11:00-22:00","phone":"+1-571-831-3606","website":"https://www.deliitaliano.com/location/deli-italiano-leesburg/","housenumber":"3","street":"Catoctin Circle Southeast","city":"Leesburg","postcode":"20175","tags":";pizza;italian;restaurant;sandwich;"}},{"type":"Feature","geometry":{"type":"Point","coordinates":[-77.56521,39.11364]},"properties":{"id":"way/167641794","name":"Second Nature Coffee Co","group":"food","category":"amenity=cafe","cuisine":"coffee_shop","hours":"Mo-Fr 06:00-18:00; Sa-Su 07:00-18:00","housenumber":"110","street":"South King Street","city":"Leesburg","postcode":"20175","tags":";coffee_shop;cafe;outdoor_seating;"}},{"type":"Feature","geometry":{"type":"Point","coordinates":[-77.53951,39.11421]},"properties":{"id":"way/183444462","name":"Shenandoah Exxon","group":"groceries","category":"shop=convenience","housenumber":"984","street":"Edwards Ferry Road Northeast","postcode":"20176","tags":";convenience;"}},{"type":"Feature","geometry":{"type":"Point","coordinates":[-77.56548,39.11399]},"properties":{"id":"way/218012356","name":"BKD Bagels","group":"food","category":"amenity=restaurant","cuisine":"breakfast","website":"https://bkdbagels.com","housenumber":"105","street":"South King Street","city":"Leesburg","postcode":"20175","tags":";breakfast;restaurant;bagel;"}},{"type":"Feature","geometry":{"type":"Point","coordinates":[-77.56306,39.11302]},"properties":{"id":"way/218166681","name":"LoCo Beans Coffee","group":"food","category":"shop=coffee_roasting","website":"https://locobeanscoffee.com/","tags":";coffee_roasting;coffee_shop;"}},{"type":"Feature","geometry":{"type":"Point","coordinates":[-77.56669,39.10692]},"properties":{"id":"way/225186835","name":"Wash N' Dry Laundromat","group":"services","category":"shop=laundry","hours":"Mo-Su 06:00-23:00","phone":"+1-703-891-1623","housenumber":"17","street":"Catoctin Circle Southeast","city":"Leesburg","postcode":"20175","tags":";laundry;"}},{"type":"Feature","geometry":{"type":"Point","coordinates":[-77.71574,39.13736]},"properties":{"id":"way/244539223","name":"Nichols Hardware","group":"shopping","category":"shop=hardware","street":"North 21st Street","postcode":"20132","tags":";hardware;"}},{"type":"Feature","geometry":{"type":"Point","coordinates":[-77.71575,39.13757]},"properties":{"id":"way/244539226","name":"Its Bazaar on 21st Street","group":"shopping","category":"shop=antiques","website":"https://www.bazaaron21st.com/","housenumber":"143","street":"North 21st Street","postcode":"20132","tags":";antiques;"}},{"type":"Feature","geometry":{"type":"Point","coordinates":[-77.71554,39.13723]},"properties":{"id":"way/244539229","name":"Nichols Hardware","group":"shopping","category":"shop=hardware","housenumber":"131","street":"North 21st Street","postcode":"20132","tags":";hardware;"}},{"type":"Feature","geometry":{"type":"Point","coordinates":[-77.71564,39.13834]},"properties":{"id":"way/244539235","name":"Magnolias at the Mill","group":"food","category":"amenity=restaurant","cuisine":"american;regional","housenumber":"198","street":"North 21st Street","city":"Purcellville","postcode":"20132","tags":";american;regional;restaurant;outdoor_seating;"}},{"type":"Feature","geometry":{"type":"Point","coordinates":[-77.7149,39.13705]},"properties":{"id":"way/244543422","name":"Bia Kitchen","group":"food","category":"amenity=restaurant","cuisine":"european","website":"https://biakitchen.com/","housenumber":"108","street":"North 21st Street","city":"Purcellville","postcode":"20132","tags":";european;restaurant;"}},{"type":"Feature","geometry":{"type":"Point","coordinates":[-77.71508,39.13644]},"properties":{"id":"way/244617591","name":"Catoctin Creek Distilling Company","group":"groceries","category":"shop=alcohol","website":"https://catoctincreekdistilling.com/","housenumber":"120","street":"West Main Street","postcode":"20132","tags":";alcohol;"}},{"type":"Feature","geometry":{"type":"Point","coordinates":[-77.71616,39.13641]},"properties":{"id":"way/244619101","name":"Shamrock Music Shoppe","group":"shopping","category":"shop=musical_instrument","hours":"Mo-Fr 11:00-19:00, Sa 10:00-16:00","website":"https://shamrockmusicshoppe.com/","housenumber":"160","street":"West Main Street","city":"Purcellville","postcode":"20132","tags":";musical_instrument;"}},{"type":"Feature","geometry":{"type":"Point","coordinates":[-77.71488,39.13653]},"properties":{"id":"way/244645549","name":"Purcellville Family Restaurant","group":"food","category":"amenity=restaurant","housenumber":"110","street":"West Main Street","postcode":"20132","tags":";restaurant;"}},{"type":"Feature","geometry":{"type":"Point","coordinates":[-77.71358,39.13633]},"properties":{"id":"way/244645556","name":"Dragon Hops","group":"food","category":"craft=brewery","website":"http://www.dragonhops.com/","housenumber":"130","street":"East Main Street","postcode":"20132","tags":";brewery;"}},{"type":"Feature","geometry":{"type":"Point","coordinates":[-77.71421,39.13643]},"properties":{"id":"way/244645558","name":"Bridge's Auto Center","group":"services","category":"shop=car_repair","housenumber":"118","street":"East Main Street","tags":";car_repair;"}},{"type":"Feature","geometry":{"type":"Point","coordinates":[-77.70487,39.13809]},"properties":{"id":"way/244671306","name":"Finn Thai","group":"food","category":"amenity=restaurant","cuisine":"thai","website":"https://www.finnthai.com/index.html","housenumber":"126","street":"North Maple Avenue","city":"Purcellville","postcode":"20132","tags":";thai;restaurant;"}},{"type":"Feature","geometry":{"type":"Point","coordinates":[-77.70804,39.13687]},"properties":{"id":"way/244672881","name":"Mr. Print","group":"services","category":"shop=copyshop","website":"https://mrprint.net/","housenumber":"501","street":"East Main Street","city":"Purcellville","postcode":"20132","tags":";copyshop;"}},{"type":"Feature","geometry":{"type":"Point","coordinates":[-77.71475,39.13692]},"properties":{"id":"way/244723832","name":"Piper Dan's Keltic Shoppe","group":"shopping","category":"shop=gift","website":"https://www.facebook.com/PiperDansKeltic/","housenumber":"109","street":"East Main Street","city":"Purcellville","postcode":"20132","tags":";gift;"}},{"type":"Feature","geometry":{"type":"Point","coordinates":[-77.71484,39.13691]},"properties":{"id":"way/244723835","name":"Hunt Country Jewelers","group":"shopping","category":"shop=jewelry","website":"https://huntcountry.com/","housenumber":"105","street":"East Main Street","city":"Purcellville","postcode":"20132","tags":";jewelry;"}},{"type":"Feature","geometry":{"type":"Point","coordinates":[-77.52867,39.09616]},"properties":{"id":"way/365916502","name":"This n' That Amish Outlet","group":"shopping","category":"shop=furniture","phone":"+1 703-687-4303","website":"https://www.thisnthatamishoutlet.com/","housenumber":"1348","street":"East Market Street","city":"Leesburg","postcode":"20176","tags":";furniture;"}},{"type":"Feature","geometry":{"type":"Point","coordinates":[-77.52772,39.09582]},"properties":{"id":"way/365916546","name":"Meadows Farms Nurseries and Landscape","group":"shopping","category":"shop=garden_centre","phone":"+1 703-777-1900","website":"https://meadowsfarms.com/locations/leesburg/","housenumber":"1360","street":"East Market Street","city":"Leesburg","postcode":"20176","tags":";garden_centre;"}},{"type":"Feature","geometry":{"type":"Point","coordinates":[-77.53386,39.09941]},"properties":{"id":"way/365916572","name":"Consignment Solutions","group":"shopping","category":"shop=furniture","phone":"+1 703-669-5267","website":"https://www.consignmentsolutions.com/","housenumber":"1002","street":"East Market Street","city":"Leesburg","postcode":"20176","tags":";furniture;second_hand;"}},{"type":"Feature","geometry":{"type":"Point","coordinates":[-77.57295,39.08571]},"properties":{"id":"way/366055278","name":"A Click Above","group":"services","category":"shop=pet_grooming","housenumber":"19277","street":"Evergreen Mills Road Southeast","city":"Leesburg","postcode":"20175","tags":";pet_grooming;"}},{"type":"Feature","geometry":{"type":"Point","coordinates":[-77.71377,39.14353]},"properties":{"id":"way/374783075","name":"BFC","group":"food","category":"amenity=fast_food","cuisine":"burger;chicken;american","hours":"10:00-21:00","phone":"+1 540-619-2744","housenumber":"201","street":"Hirst Road","city":"Purcellville","postcode":"20132","tags":";burger;chicken;american;fast_food;drive_through;"}},{"type":"Feature","geometry":{"type":"Point","coordinates":[-77.6389,39.27407]},"properties":{"id":"way/397506298","name":"Andy's of Lovettsville","group":"food","category":"amenity=restaurant","hours":"Su 12:00-21:00; Mo-Th 11:00-21:00; Fr-Sa 11:00-22:00","phone":"+1-540-822-5001","website":"https://andysleesburg.com/","housenumber":"2","street":"Town Square","city":"Lovettsville","postcode":"20180","tags":";restaurant;"}},{"type":"Feature","geometry":{"type":"Point","coordinates":[-77.55909,39.11283]},"properties":{"id":"way/446168250","name":"Loudoun Brewing Company","group":"food","category":"craft=brewery","hours":"Mo-Fr 14:00-21:00; Sa 12:00-21:00; Su 12:00-19:00","phone":"+1-571-223-6097","website":"https://www.loudounbrewing.com/","housenumber":"310","street":"East Market Street","city":"Leesburg","postcode":"20176","tags":";brewery;"}},{"type":"Feature","geometry":{"type":"Point","coordinates":[-77.8363,39.09741]},"properties":{"id":"way/451099370","name":"Bluemont Vineyard","group":"food","category":"craft=winery","phone":"+1-540-554-8439","website":"https://www.bluemontvineyard.com/","housenumber":"18755","street":"Foggy Bottom Road","city":"Bluemont","postcode":"20135","tags":";winery;"}},{"type":"Feature","geometry":{"type":"Point","coordinates":[-77.69389,39.13608]},"properties":{"id":"way/459249719","name":"Coach's Corner","group":"food","category":"amenity=restaurant","cuisine":"burger;wings;spanish","tags":";burger;wings;spanish;restaurant;"}},{"type":"Feature","geometry":{"type":"Point","coordinates":[-77.69257,39.1369]},"properties":{"id":"way/459249730","name":"Purcellville Cleaners","group":"services","category":"shop=dry_cleaning","hours":"Mo-Sa 07:00-19:00","tags":";dry_cleaning;"}},{"type":"Feature","geometry":{"type":"Point","coordinates":[-77.69256,39.13682]},"properties":{"id":"way/459249731","name":"Pro Nail Spa","group":"personal_care","category":"shop=beauty","tags":";beauty;nails;spa;"}},{"type":"Feature","geometry":{"type":"Point","coordinates":[-77.76825,39.13302]},"properties":{"id":"way/545394578","name":"Sunset Hills Automotive","group":"services","category":"shop=car_repair","housenumber":"4","street":"East Loudoun Street","city":"Round Hill","postcode":"20141","tags":";car_repair;"}},{"type":"Feature","geometry":{"type":"Point","coordinates":[-77.72036,39.14395]},"properties":{"id":"way/609956966","name":"Adroit Theory Brewing","group":"food","category":"craft=brewery","tags":";brewery;"}},{"type":"Feature","geometry":{"type":"Point","coordinates":[-77.76867,39.13448]},"properties":{"id":"way/653306823","name":"Round Hill Grocery","group":"groceries","category":"shop=convenience","housenumber":"19","street":"Main Street","tags":";convenience;"}},{"type":"Feature","geometry":{"type":"Point","coordinates":[-77.72425,39.13688]},"properties":{"id":"way/668703639","name":"Anthony's","group":"food","category":"amenity=restaurant","housenumber":"620","street":"West Main Street","tags":";restaurant;"}},{"type":"Feature","geometry":{"type":"Point","coordinates":[-77.70165,39.13602]},"properties":{"id":"way/668743272","name":"Hogan & Sons Tire and Auto","group":"services","category":"shop=car_repair","housenumber":"840","street":"East Main Street","city":"Purcellville","postcode":"20132","tags":";car_repair;tyres;"}},{"type":"Feature","geometry":{"type":"Point","coordinates":[-77.4796,39.06947]},"properties":{"id":"way/675841006","name":"Intersport Performance","group":"shopping","category":"shop=car","phone":"+1 703-242-8680","website":"https://www.intersportperformance.com/","housenumber":"19760","street":"Ashburn Road","city":"Ashburn","postcode":"20147","tags":";car;"}},{"type":"Feature","geometry":{"type":"Point","coordinates":[-77.67524,39.27181]},"properties":{"id":"way/679298447","name":"Hiddencroft Vineyards","group":"food","category":"craft=winery","tags":";winery;"}},{"type":"Feature","geometry":{"type":"Point","coordinates":[-77.83639,39.09994]},"properties":{"id":"way/685488583","name":"Dirt Farm Brewing","group":"food","category":"craft=brewery","hours":"Mo-Th, Sa-Su 12:00-19:00; Fr 12:00-21:00","website":"https://dirtfarmbrewing.com/","housenumber":"18701","street":"Foggy Bottom Road","city":"Bluemont","postcode":"20135","tags":";brewery;"}},{"type":"Feature","geometry":{"type":"Point","coordinates":[-77.538,39.22317]},"properties":{"id":"way/706713886","name":"Vanish Farmwoods Brewery","group":"food","category":"craft=brewery","housenumber":"42249","street":"Black Hops Lane","tags":";brewery;"}},{"type":"Feature","geometry":{"type":"Point","coordinates":[-77.71277,39.13011]},"properties":{"id":"way/723026651","name":"Lyle's Funeral Services","group":"services","category":"shop=funeral_directors","housenumber":"630","street":"South 20th Street","city":"Purcellville","postcode":"20132","tags":";funeral_directors;"}},{"type":"Feature","geometry":{"type":"Point","coordinates":[-77.71497,39.1355]},"properties":{"id":"way/723026656","name":"Hall Funeral Home","group":"services","category":"shop=funeral_directors","housenumber":"140","street":"South Nursery Avenue","city":"Purcellville","postcode":"20132","tags":";funeral_directors;"}},{"type":"Feature","geometry":{"type":"Point","coordinates":[-77.71428,39.13555]},"properties":{"id":"way/723026657","name":"Designing Flowers","group":"shopping","category":"shop=florist","housenumber":"151","street":"South 20th Street","city":"Purcellville","postcode":"20132","tags":";florist;"}},{"type":"Feature","geometry":{"type":"Point","coordinates":[-77.71705,39.13458]},"properties":{"id":"way/723026658","name":"Simply Organic Hair Studio","group":"personal_care","category":"shop=hairdresser","housenumber":"209","street":"West J Street","city":"Purcellville","postcode":"20132","tags":";hairdresser;"}},{"type":"Feature","geometry":{"type":"Point","coordinates":[-77.71652,39.14007]},"properties":{"id":"way/723266587","name":"DeSantis Designs Inc","group":"services","category":"craft=carpenter","housenumber":"105","street":"East Cornwell Lane","city":"Purcellville","postcode":"20132","tags":";carpenter;"}},{"type":"Feature","geometry":{"type":"Point","coordinates":[-77.72411,39.13828]},"properties":{"id":"way/724213309","name":"Zukowski Fleet Services Inc.","group":"services","category":"shop=car_repair","housenumber":"621","street":"West Main Street","city":"Purcellville","postcode":"20132","tags":";car_repair;"}},{"type":"Feature","geometry":{"type":"Point","coordinates":[-77.56945,39.08524]},"properties":{"id":"way/746251266","name":"Heritage High School Concession Stand","group":"food","category":"amenity=fast_food","cuisine":"hot_dog;burger;candy;pizza","tags":";hot_dog;burger;candy;pizza;fast_food;"}},{"type":"Feature","geometry":{"type":"Point","coordinates":[-77.56457,39.11578]},"properties":{"id":"way/763275516","name":"The Lucky Knot","group":"shopping","category":"shop=clothes","website":"https://www.theluckyknot.com/","housenumber":"9","street":"North King Street","city":"Leesburg","postcode":"20176","tags":";clothes;"}},{"type":"Feature","geometry":{"type":"Point","coordinates":[-77.76846,39.13304]},"properties":{"id":"way/770521258","name":"Tammy's Diner","group":"food","category":"amenity=restaurant","cuisine":"diner","tags":";diner;restaurant;"}},{"type":"Feature","geometry":{"type":"Point","coordinates":[-77.63687,39.27328]},"properties":{"id":"way/821990480","name":"Market Table Bistro","group":"food","category":"amenity=restaurant","phone":"+1-540-822-3008","website":"https://www.markettablebistro.com/","housenumber":"13","street":"East Broad Way","city":"Lovettsville","postcode":"20180","tags":";restaurant;"}},{"type":"Feature","geometry":{"type":"Point","coordinates":[-77.63761,39.27305]},"properties":{"id":"way/821990719","name":"Back Street Brews","group":"food","category":"amenity=cafe","cuisine":"coffee_shop;tea","hours":"Su-Th 07:00-18:00; Fr-Sa 07:00-21:00","phone":"+1-703-945-9171","housenumber":"11","street":"East Pennsylvania Avenue","city":"Lovettsville","postcode":"20180","tags":";coffee_shop;tea;cafe;"}},{"type":"Feature","geometry":{"type":"Point","coordinates":[-77.47124,39.06222]},"properties":{"id":"way/832026164","name":"Filling Co. Gas and Grub","group":"groceries","category":"shop=convenience","hours":"24/7","phone":"+1 571-442-8044","housenumber":"20050","street":"Ashbrook Commons Plaza","city":"Ashburn","postcode":"20147","tags":";convenience;wheelchair_accessible;"}},{"type":"Feature","geometry":{"type":"Point","coordinates":[-77.56245,39.11244]},"properties":{"id":"way/855552789","name":"MacDowell's Beach Bar","group":"food","category":"amenity=bar","tags":";bar;"}},{"type":"Feature","geometry":{"type":"Point","coordinates":[-77.72559,39.13794]},"properties":{"id":"way/964384109","name":"Balch's Transmission Service","group":"services","category":"shop=car_repair","housenumber":"701","street":"West Main Street","tags":";car_repair;"}},{"type":"Feature","geometry":{"type":"Point","coordinates":[-77.66689,39.17964]},"properties":{"id":"way/965378745","name":"8 Chains North Winery","group":"food","category":"craft=winery","housenumber":"38593","street":"Daymont Lane","city":"Waterford","postcode":"20197","tags":";winery;"}},{"type":"Feature","geometry":{"type":"Point","coordinates":[-77.6359,39.27172]},"properties":{"id":"way/985960970","name":"1836 Kitchen & Taproom","group":"food","category":"amenity=restaurant","cuisine":"american;burger","phone":"+1 540-668-5835","website":"https://www.1836kitchenandtaproom.com/","housenumber":"34","street":"East Broad Way","city":"Lovettsville","postcode":"20180","tags":";american;burger;restaurant;brewery;"}},{"type":"Feature","geometry":{"type":"Point","coordinates":[-77.71505,39.13724]},"properties":{"id":"way/996752236","name":"Artaville Rugs and Upholstery","group":"shopping","category":"shop=carpet","tags":";carpet;"}},{"type":"Feature","geometry":{"type":"Point","coordinates":[-77.53233,39.09476]},"properties":{"id":"way/1011136885","name":"Virginia Tire & Auto","group":"services","category":"shop=car_repair","tags":";car_repair;tyres;"}},{"type":"Feature","geometry":{"type":"Point","coordinates":[-77.6115,39.18811]},"properties":{"id":"way/1064733637","name":"Waterford Corner Store","group":"shopping","category":"shop=gift","phone":"+1 540-882-3018","website":"https://www.waterfordfoundation.org/shop-2/corner-store-gifts/","housenumber":"40183","street":"Main Street","city":"Waterford","postcode":"20197","tags":";gift;"}},{"type":"Feature","geometry":{"type":"Point","coordinates":[-77.63637,39.27272]},"properties":{"id":"way/1094295686","name":"Daughter Thai","group":"food","category":"amenity=restaurant","cuisine":"thai","phone":"+1-540-423-8157","housenumber":"19","street":"East Broad Way","city":"Lovettsville","postcode":"20180","tags":";thai;restaurant;"}},{"type":"Feature","geometry":{"type":"Point","coordinates":[-77.53759,39.22149]},"properties":{"id":"way/1094295849","name":"Vanish Farmwoods Brewery","group":"food","category":"craft=brewery","housenumber":"42245","street":"Black Hops Lane","city":"Lesburg","postcode":"20176","tags":";brewery;"}},{"type":"Feature","geometry":{"type":"Point","coordinates":[-77.76128,39.25682]},"properties":{"id":"way/1094603237","name":"Sweet Springs Country Store","group":"groceries","category":"shop=convenience","housenumber":"34357","street":"Charles Town Pike","tags":";convenience;"}},{"type":"Feature","geometry":{"type":"Point","coordinates":[-77.60605,39.07894]},"properties":{"id":"way/1094621621","name":"Vintage Magnolia","group":"shopping","category":"shop=antiques","housenumber":"19487","street":"James Monroe Highway","tags":";antiques;"}},{"type":"Feature","geometry":{"type":"Point","coordinates":[-77.53596,39.20259]},"properties":{"id":"way/1103323344","name":"Rust & Feathers","group":"shopping","category":"shop=antiques","phone":"+1-703-737-6700","website":"https://rustandfeathers.com/","housenumber":"14928","street":"James Monroe Highway","city":"Leesburg","postcode":"20176","tags":";antiques;"}},{"type":"Feature","geometry":{"type":"Point","coordinates":[-77.53701,39.20244]},"properties":{"id":"way/1103323519","name":"The Hummingbird's Nest","group":"shopping","category":"shop=antiques","phone":"+1-703-777-4040","housenumber":"14920","street":"James Monroe Highway","city":"Leesburg","postcode":"20176","tags":";antiques;"}},{"type":"Feature","geometry":{"type":"Point","coordinates":[-77.53671,39.20291]},"properties":{"id":"way/1103323680","name":"On A Whim","group":"shopping","category":"shop=antiques","phone":"+1-703-771-4844","housenumber":"14924","street":"James Monroe Highway","city":"Leesburg","postcode":"20176","tags":";antiques;"}},{"type":"Feature","geometry":{"type":"Point","coordinates":[-77.70114,39.13593]},"properties":{"id":"way/1143802629","name":"Graffiti and Silk","group":"shopping","category":"shop=clothes","tags":";clothes;"}},{"type":"Feature","geometry":{"type":"Point","coordinates":[-77.83425,39.11092]},"properties":{"id":"way/1246721911","name":"Bluemont General Store","group":"food","category":"shop=deli","tags":";deli;"}},{"type":"Feature","geometry":{"type":"Point","coordinates":[-77.7176,39.14282]},"properties":{"id":"relation/14581423","name":"Castle Storage","group":"services","category":"shop=storage_rental","housenumber":"113","street":"North Bailey Lane","city":"Purcellville","postcode":"20132","tags":";storage_rental;"}},{"type":"Feature","geometry":{"type":"Point","coordinates":[-77.79509,38.71147]},"properties":{"id":"node/1515407996","name":"Claire's at the Depot Restaurant","group":"food","category":"amenity=restaurant","cuisine":"american","tags":";american;restaurant;"}},{"type":"Feature","geometry":{"type":"Point","coordinates":[-78.15963,38.71363]},"properties":{"id":"node/2049956361","name":"The Inn at Little Washington","group":"food","category":"amenity=restaurant","tags":";restaurant;"}},{"type":"Feature","geometry":{"type":"Point","coordinates":[-77.80004,38.62273]},"properties":{"id":"node/2247650595","name":"Broadview Automotive","group":"services","category":"shop=car_repair","phone":"+1 540-439-3737","website":"https://www.broadviewautomotiveva.com/","housenumber":"10049","street":"James Madison Highway","city":"Warrenton","postcode":"20187","tags":";car_repair;wifi;"}},{"type":"Feature","geometry":{"type":"Point","coordinates":[-77.36237,38.67987]},"properties":{"id":"node/3223499985","name":"The Party Nook","group":"shopping","category":"shop=party","housenumber":"12845","street":"Galveston Court","city":"Manassas","postcode":"20112","tags":";party;"}},{"type":"Feature","geometry":{"type":"Point","coordinates":[-77.36288,38.68003]},"properties":{"id":"node/3223499991","name":"Cleaners","group":"services","category":"shop=dry_cleaning","housenumber":"12809","street":"Galveston Court","city":"Manassas","postcode":"20112","tags":";dry_cleaning;"}},{"type":"Feature","geometry":{"type":"Point","coordinates":[-77.36284,38.6801]},"properties":{"id":"node/3223499992","name":"Naranjo Jewelers","group":"shopping","category":"shop=jewelry","hours":"Tu-Sa 11:00-17:00","phone":"+1-703-590-1950","website":"https://naranjo-jewelers.business.site/","housenumber":"12813","street":"Galveston Court","city":"Manassas","postcode":"20112","tags":";jewelry;"}},{"type":"Feature","geometry":{"type":"Point","coordinates":[-77.36278,38.68018]},"properties":{"id":"node/3223499993","name":"Z-Pizza","group":"food","category":"amenity=restaurant","cuisine":"pizza","website":"https://www.zpizza.com/","housenumber":"12817","street":"Galveston Court","city":"Manassas","postcode":"20112","tags":";pizza;restaurant;"}},{"type":"Feature","geometry":{"type":"Point","coordinates":[-77.36407,38.68034]},"properties":{"id":"node/3223499996","name":"Sweet Bee Premium Frozen Yogurt","group":"food","category":"amenity=fast_food","tags":";fast_food;ice_cream;"}},{"type":"Feature","geometry":{"type":"Point","coordinates":[-77.3645,38.68027]},"properties":{"id":"node/3223499997","name":"Pa Nuang Thai Cuisine","group":"food","category":"amenity=restaurant","cuisine":"thai","tags":";thai;restaurant;"}},{"type":"Feature","geometry":{"type":"Point","coordinates":[-77.36491,38.67998]},"properties":{"id":"node/3223500002","name":"Escape Salon & Day Spa","group":"personal_care","category":"shop=beauty","tags":";beauty;spa;"}},{"type":"Feature","geometry":{"type":"Point","coordinates":[-77.36503,38.6799]},"properties":{"id":"node/3223500003","name":"Petra Grill","group":"food","category":"amenity=restaurant","cuisine":"mediterranean","hours":"Mo-Sa 11:00-21:00; Su 11:00-20:00","phone":"+1 703-590-1100","website":"https://www.petramediterraneangrill.com/","housenumber":"12623","street":"Galveston Court","city":"Manassas","postcode":"20112","tags":";mediterranean;restaurant;"}},{"type":"Feature","geometry":{"type":"Point","coordinates":[-77.45582,38.63848]},"properties":{"id":"node/3755287849","name":"Snack Bar","group":"food","category":"amenity=fast_food","cuisine":"burger","tags":";burger;fast_food;"}},{"type":"Feature","geometry":{"type":"Point","coordinates":[-77.80863,38.53375]},"properties":{"id":"node/4147064095","name":"The Corner Deli","group":"food","category":"amenity=restaurant","cuisine":"american;breakfast;burger;sandwich;southern","hours":"Mo-Fr 07:00-20:00; Sa 07:00-15:00","housenumber":"100","street":"James Madison Street","city":"Remington","postcode":"22734","tags":";american;breakfast;burger;sandwich;southern;restaurant;"}},{"type":"Feature","geometry":{"type":"Point","coordinates":[-77.80715,38.53297]},"properties":{"id":"node/4147067680","name":"Groves Hardware","group":"shopping","category":"shop=hardware","housenumber":"202","street":"East Main Street","city":"Remington","postcode":"22734","tags":";hardware;"}},{"type":"Feature","geometry":{"type":"Point","coordinates":[-77.80927,38.53346]},"properties":{"id":"node/4147095945","name":"Wallys Automotive","group":"services","category":"shop=car_repair","hours":"Mo-Fr 08:00-17:00","housenumber":"104","street":"West Main Street","city":"Remington","postcode":"22734","tags":";car_repair;"}},{"type":"Feature","geometry":{"type":"Point","coordinates":[-77.80828,38.53466]},"properties":{"id":"node/4147162361","name":"RTO Tire and Automotive","group":"services","category":"shop=car_repair","hours":"Mo-Fr 07:00-17:00","housenumber":"206","street":"James Madison Street","city":"Remington","postcode":"22734","tags":";car_repair;tyres;"}},{"type":"Feature","geometry":{"type":"Point","coordinates":[-77.80793,38.53519]},"properties":{"id":"node/4147229964","name":"Virginia Bee Supply","group":"services","category":"craft=beekeeper","hours":"Mo-Fr 08:00-17:00; Sa 09:00-13:00; Su off","housenumber":"101","street":"West Marshall Street","city":"Remington","postcode":"22734","tags":";beekeeper;"}},{"type":"Feature","geometry":{"type":"Point","coordinates":[-77.36073,38.68077]},"properties":{"id":"node/4276284769","name":"Frostie Moose","group":"food","category":"amenity=ice_cream","tags":";ice_cream;"}},{"type":"Feature","geometry":{"type":"Point","coordinates":[-77.43994,38.65912]},"properties":{"id":"node/4318456910","name":"Tony''s Pizza","group":"food","category":"amenity=restaurant","cuisine":"pizza","housenumber":"13629","street":"Dumfries Road","city":"Manassas","postcode":"20112","tags":";pizza;restaurant;"}},{"type":"Feature","geometry":{"type":"Point","coordinates":[-77.43991,38.65923]},"properties":{"id":"node/4318456922","name":"Mary's Barber & Stylist","group":"personal_care","category":"shop=hairdresser","housenumber":"13623","street":"Dumfries Road","city":"Manassas","postcode":"20112","tags":";hairdresser;barber;"}},{"type":"Feature","geometry":{"type":"Point","coordinates":[-77.43993,38.65917]},"properties":{"id":"node/4318456931","name":"DMV Gold & Jewelry Exchange","group":"services","category":"shop=pawnbroker","housenumber":"13625","street":"Dumfries Road","city":"Manassas","postcode":"20112","tags":";pawnbroker;"}},{"type":"Feature","geometry":{"type":"Point","coordinates":[-77.43998,38.65901]},"properties":{"id":"node/4318456941","name":"2B's Thrift Store","group":"shopping","category":"shop=second_hand","housenumber":"13633","street":"Dumfries Road","city":"Manassas","postcode":"20112","tags":";second_hand;"}},{"type":"Feature","geometry":{"type":"Point","coordinates":[-77.44164,38.66043]},"properties":{"id":"node/4331375986","name":"Suzy's Hair & Nails","group":"personal_care","category":"shop=hairdresser","housenumber":"13468","street":"Dumfries Road","city":"Manassas","postcode":"20112","tags":";hairdresser;nails;"}},{"type":"Feature","geometry":{"type":"Point","coordinates":[-77.44153,38.66075]},"properties":{"id":"node/4331375988","name":"Woodbine Chinese Cuisine","group":"food","category":"amenity=restaurant","cuisine":"chinese","housenumber":"13456","street":"Dumfries Road","city":"Manassas","postcode":"20112","tags":";chinese;restaurant;"}},{"type":"Feature","geometry":{"type":"Point","coordinates":[-77.44151,38.66057]},"properties":{"id":"node/4331376290","name":"Burger Boys","group":"food","category":"amenity=fast_food","cuisine":"burger","housenumber":"13460","street":"Dumfries Road","city":"Manassas","postcode":"20112","tags":";burger;fast_food;"}},{"type":"Feature","geometry":{"type":"Point","coordinates":[-77.39453,38.67384]},"properties":{"id":"node/4339109253","name":"Amazing Nails","group":"personal_care","category":"shop=beauty","housenumber":"6308","street":"Hoadly Road","city":"Manassas","postcode":"20112","tags":";beauty;nails;"}},{"type":"Feature","geometry":{"type":"Point","coordinates":[-77.39466,38.67377]},"properties":{"id":"node/4339109254","name":"Beijing Star","group":"food","category":"amenity=restaurant","cuisine":"chinese","housenumber":"6316","street":"Hoadly Road","city":"Manassas","postcode":"20112","tags":";chinese;restaurant;"}},{"type":"Feature","geometry":{"type":"Point","coordinates":[-77.44114,38.66132]},"properties":{"id":"node/4393674695","name":"Woodbine Ace Hardware","group":"shopping","category":"shop=hardware","housenumber":"13418","street":"Dumfries Road","city":"Manassas","postcode":"20112","tags":";hardware;"}},{"type":"Feature","geometry":{"type":"Point","coordinates":[-78.22689,38.65761]},"properties":{"id":"node/5110222121","name":"Hopkins Ordinary Ale House","group":"groceries","category":"shop=beverages","tags":";beverages;"}},{"type":"Feature","geometry":{"type":"Point","coordinates":[-77.64178,38.487]},"properties":{"id":"node/5166256752","name":"Coughlin Brothers Mortuary","group":"services","category":"shop=funeral_directors","housenumber":"13253","street":"Martin Drive","postcode":"22720","tags":";funeral_directors;"}},{"type":"Feature","geometry":{"type":"Point","coordinates":[-77.80008,38.63083]},"properties":{"id":"node/5525894772","name":"BBQ Country","group":"food","category":"amenity=restaurant","cuisine":"barbecue","hours":"Mo-Fr 06:00-21:00; Sa, Su 06:00-20:00","housenumber":"9719","street":"James Madison Highway","tags":";barbecue;restaurant;"}},{"type":"Feature","geometry":{"type":"Point","coordinates":[-77.79454,38.71321]},"properties":{"id":"node/5604985592","name":"Deja Brew","group":"food","category":"amenity=cafe","hours":"Mo-Th 07:30-19:00; Fr 07:30-20:00; Sa 08:00-20:00; Su 08:00-18:00","housenumber":"22","street":"Main Street","city":"Warrenton","postcode":"20186","tags":";cafe;"}},{"type":"Feature","geometry":{"type":"Point","coordinates":[-77.79469,38.71351]},"properties":{"id":"node/5604986640","name":"Berkley Gallery","group":"shopping","category":"shop=art","hours":"We-Sa 10:00-17:00","tags":";art;"}},{"type":"Feature","geometry":{"type":"Point","coordinates":[-77.79383,38.71308]},"properties":{"id":"node/5604986641","name":"Silent Partner Security","group":"services","category":"shop=security","hours":"Mo-Fr 08:00-16:00","tags":";security;"}},{"type":"Feature","geometry":{"type":"Point","coordinates":[-77.79361,38.71272]},"properties":{"id":"node/5604986643","name":"Latitudes Fair Trade Store","group":"shopping","category":"shop=gift","hours":"Mo-Sa 11:00-17:00; Su 12:00-16:00","phone":"+1 540-349-2333","website":"https://latitudesfairtrade.com/pages/warrenton","housenumber":"78","street":"Main Street","city":"Warrenton","postcode":"20186","tags":";gift;wheelchair_accessible;"}},{"type":"Feature","geometry":{"type":"Point","coordinates":[-77.79296,38.7124]},"properties":{"id":"node/5604986644","name":"Drum & Strum Music Center","group":"shopping","category":"shop=music","hours":"Mo-Th 11:00-20:00; Fr-Sa 11:00-18:00","phone":"+1-540-347-7484","website":"https://www.drumnstrum.com/","housenumber":"102","street":"Main Street","city":"Warrenton","tags":";music;"}},{"type":"Feature","geometry":{"type":"Point","coordinates":[-77.79301,38.71243]},"properties":{"id":"node/5604986645","name":"Town Duck","group":"shopping","category":"shop=gift","hours":"Mo-Fr 10:00-18:00; Sa 10:00-17:00","tags":";gift;"}},{"type":"Feature","geometry":{"type":"Point","coordinates":[-77.79309,38.71247]},"properties":{"id":"node/5604986646","name":"Be Boutique","group":"shopping","category":"shop=clothes","tags":";clothes;"}},{"type":"Feature","geometry":{"type":"Point","coordinates":[-77.79317,38.71251]},"properties":{"id":"node/5604986647","name":"Earth Glaze and Fire","group":"shopping","category":"shop=houseware","tags":";houseware;"}},{"type":"Feature","geometry":{"type":"Point","coordinates":[-77.79328,38.71256]},"properties":{"id":"node/5604986649","name":"Anchored Fashion","group":"shopping","category":"shop=clothes","tags":";clothes;"}},{"type":"Feature","geometry":{"type":"Point","coordinates":[-77.79366,38.71274]},"properties":{"id":"node/5604986650","name":"Earth Glaze & Fire","group":"shopping","category":"shop=pottery","hours":"Tu-Th 11:00-16:00; Fr 11:00-18:00; Sa 10:00-18:00; Su 11:00-16:00","tags":";pottery;"}},{"type":"Feature","geometry":{"type":"Point","coordinates":[-77.79389,38.71288]},"properties":{"id":"node/5604986652","name":"68 Mane","group":"personal_care","category":"shop=hairdresser","tags":";hairdresser;"}},{"type":"Feature","geometry":{"type":"Point","coordinates":[-77.79393,38.7129]},"properties":{"id":"node/5604986653","name":"Framecraft","group":"shopping","category":"shop=frame","hours":"Mo-Fr 10:00-17:00; Sa 11:00-16:00","tags":";frame;"}},{"type":"Feature","geometry":{"type":"Point","coordinates":[-77.79412,38.71299]},"properties":{"id":"node/5604986654","name":"Marta Von Dettingen","group":"shopping","category":"shop=jewelry","tags":";jewelry;"}},{"type":"Feature","geometry":{"type":"Point","coordinates":[-77.79424,38.71305]},"properties":{"id":"node/5604986655","name":"This n' That Amish Outlet","group":"shopping","category":"shop=furniture","hours":"Tu-Sa 10:00-18:00; Su 11:00-18:00","tags":";furniture;"}},{"type":"Feature","geometry":{"type":"Point","coordinates":[-77.79444,38.71316]},"properties":{"id":"node/5604986657","name":"Hobbies Etc.","group":"shopping","category":"shop=model","hours":"Mo-Fr 11:00-18:00; Sa 10:00-18:00; Su 00:00-17:00","tags":";model;"}},{"type":"Feature","geometry":{"type":"Point","coordinates":[-77.79449,38.71318]},"properties":{"id":"node/5604986658","name":"Lee's Barber Shop","group":"personal_care","category":"shop=hairdresser","hours":"Mo-Fr 09:30-18:00; Sa 08:30-17:00","tags":";hairdresser;barber;"}},{"type":"Feature","geometry":{"type":"Point","coordinates":[-77.79477,38.71331]},"properties":{"id":"node/5604986660","name":"Hartman Jewelers","group":"shopping","category":"shop=jewelry","hours":"Mo-Fr 10:00-17:00; Sa 10:00-15:00","tags":";jewelry;"}},{"type":"Feature","geometry":{"type":"Point","coordinates":[-77.79469,38.71328]},"properties":{"id":"node/5604986661","name":"Molly's Irish Pub","group":"food","category":"amenity=restaurant","cuisine":"grill;irish","hours":"Mo-Su 11:30-22:00","phone":"+1-540-349-5300","website":"https://mollysirishpub.com/","housenumber":"36","street":"Main Street","city":"Warrenton","postcode":"20186","tags":";grill;irish;restaurant;vegetarian;"}},{"type":"Feature","geometry":{"type":"Point","coordinates":[-77.79516,38.71377]},"properties":{"id":"node/5604986669","name":"Bike Stop","group":"shopping","category":"shop=bicycle","hours":"Tu-Fr 10:00-18:00; Sa 10:00-17:00; Su 10:00-15:00","tags":";bicycle;"}},{"type":"Feature","geometry":{"type":"Point","coordinates":[-77.79475,38.71354]},"properties":{"id":"node/5604986672","name":"Denim & Pearls","group":"food","category":"amenity=restaurant","cuisine":"american","phone":"+1-540-349-9339","website":"https://www.denimandpearlsrestaurant.com/","housenumber":"29","street":"Main Street","city":"Warrenton","postcode":"20186","tags":";american;restaurant;"}},{"type":"Feature","geometry":{"type":"Point","coordinates":[-77.79466,38.7135]},"properties":{"id":"node/5604986673","name":"Local 35","group":"shopping","category":"shop=gift","tags":";gift;"}},{"type":"Feature","geometry":{"type":"Point","coordinates":[-77.7945,38.71342]},"properties":{"id":"node/5604986676","name":"Carter and Spence","group":"shopping","category":"shop=jewelry","tags":";jewelry;"}},{"type":"Feature","geometry":{"type":"Point","coordinates":[-77.79441,38.71337]},"properties":{"id":"node/5604986677","name":"DejaVu","group":"shopping","category":"shop=gift","hours":"Mo-Sa 10:00-17:00; Su 00:00-16:00","tags":";gift;"}},{"type":"Feature","geometry":{"type":"Point","coordinates":[-77.79366,38.713]},"properties":{"id":"node/5604986680","name":"The Shoe Center","group":"shopping","category":"shop=shoes","tags":";shoes;"}},{"type":"Feature","geometry":{"type":"Point","coordinates":[-77.79348,38.71289]},"properties":{"id":"node/5604986682","name":"Sherrie's Stuff","group":"shopping","category":"shop=gift","tags":";gift;"}},{"type":"Feature","geometry":{"type":"Point","coordinates":[-77.79336,38.71283]},"properties":{"id":"node/5604986686","name":"Village Flowers","group":"shopping","category":"shop=florist","tags":";florist;"}},{"type":"Feature","geometry":{"type":"Point","coordinates":[-77.58398,38.69965]},"properties":{"id":"node/8149817881","name":"Tejanos Cantina","group":"food","category":"amenity=restaurant","cuisine":"mexican","housenumber":"13063","street":"Fitzwater Drive","city":"Nokesville","postcode":"20181","tags":";mexican;restaurant;"}},{"type":"Feature","geometry":{"type":"Point","coordinates":[-77.58384,38.69959]},"properties":{"id":"node/8149817883","name":"Pampas Fox Bakery","group":"food","category":"amenity=cafe","housenumber":"13059","street":"Fitzwater Drive","city":"Nokesville","postcode":"20181","tags":";cafe;bakery;takeout;"}},{"type":"Feature","geometry":{"type":"Point","coordinates":[-77.58368,38.69952]},"properties":{"id":"node/8149817885","name":"Dog Heaven","group":"services","category":"shop=pet_grooming","housenumber":"13055","street":"Fitzwater Drive","city":"Nokesville","postcode":"20181","tags":";pet_grooming;"}},{"type":"Feature","geometry":{"type":"Point","coordinates":[-77.58361,38.69949]},"properties":{"id":"node/8149817886","name":"Vita Nova Creatives and Coffee","group":"food","category":"amenity=cafe","cuisine":"coffee_shop","housenumber":"13051","street":"Fitzwater Drive","city":"Nokesville","postcode":"20181","tags":";coffee_shop;cafe;wifi;"}},{"type":"Feature","geometry":{"type":"Point","coordinates":[-78.03196,38.64515]},"properties":{"id":"node/8150408317","name":"Magnolia Vineyards","group":"groceries","category":"shop=wine","housenumber":"200","street":"View Town Road","tags":";wine;"}},{"type":"Feature","geometry":{"type":"Point","coordinates":[-78.00443,38.67809]},"properties":{"id":"node/8150420317","name":"Grey Ghost Vineyards","group":"groceries","category":"shop=wine","housenumber":"14706","street":"Lee Highway","tags":";wine;"}},{"type":"Feature","geometry":{"type":"Point","coordinates":[-77.84314,38.63744]},"properties":{"id":"node/8150425917","name":"Granite Heights Winery","group":"groceries","category":"shop=wine","housenumber":"8141","street":"Opal Road","tags":";wine;"}},{"type":"Feature","geometry":{"type":"Point","coordinates":[-77.79608,38.71397]},"properties":{"id":"node/8172363002","name":"The Book Cellar","group":"shopping","category":"shop=books","hours":"Fr,Sa 10:00-17:00","tags":";books;"}},{"type":"Feature","geometry":{"type":"Point","coordinates":[-77.79292,38.71239]},"properties":{"id":"node/8172363187","name":"The Open Book","group":"shopping","category":"shop=books","hours":"Tu-Th 10:00-17:00; Mo 00:00-17:00; Fr 10:00-18:00; Sa 10:00-17:00; Su 00:00-16:00","phone":"+1 540-878-5358","website":"https://www.oldtownopenbook.com/","housenumber":"104","street":"Main Street","city":"Warrenton","postcode":"20186","tags":";books;"}},{"type":"Feature","geometry":{"type":"Point","coordinates":[-77.80117,38.62452]},"properties":{"id":"node/8500286464","name":"Clark Brothers","group":"shopping","category":"shop=weapons","hours":"Mo-Su 09:00-17:30","phone":"+1 540-439-8988","website":"https://clarkbrosguns.com/","housenumber":"10016","street":"James Madison Highway","city":"Warrenton","postcode":"20186","tags":";weapons;"}},{"type":"Feature","geometry":{"type":"Point","coordinates":[-77.7929,38.71214]},"properties":{"id":"node/8533288874","name":"Highflyer Arms","group":"shopping","category":"shop=weapons","hours":"Mo-Fr 10:00-18:00; Sa 10:00-16:00","phone":"+1 540-216-7960","website":"https://www.highflyerarms.com/","housenumber":"10","street":"South 5th Street","city":"Warrenton","postcode":"20186","tags":";weapons;"}},{"type":"Feature","geometry":{"type":"Point","coordinates":[-77.47618,38.69241]},"properties":{"id":"node/9104452357","name":"All American Jetting & Drain Services","group":"services","category":"craft=cleaning","tags":";cleaning;"}},{"type":"Feature","geometry":{"type":"Point","coordinates":[-77.79177,38.5828]},"properties":{"id":"node/9594473490","name":"Solar Roots Farm & Nursery","group":"groceries","category":"shop=country_store","hours":"Mo-Sa 08:00-16:00","phone":"+1 540-222-1635","website":"https://solarrootscbd.com","housenumber":"7238","street":"Oak Shade Road","city":"Bealton","postcode":"22712","tags":";country_store;"}},{"type":"Feature","geometry":{"type":"Point","coordinates":[-77.63635,38.66218]},"properties":{"id":"node/9879934234","name":"Trenis Hardware","group":"shopping","category":"shop=hardware","tags":";hardware;"}},{"type":"Feature","geometry":{"type":"Point","coordinates":[-78.22661,38.65727]},"properties":{"id":"node/9892493130","name":"Rappahannock Pizza Kitchen","group":"food","category":"amenity=restaurant","cuisine":"pizza","hours":"Fr 16:00-20:30; Sa 12:00-20:30; Su 12:00-20:00","website":"https://www.rappahannockpizzakitchen.com/","tags":";pizza;restaurant;"}},{"type":"Feature","geometry":{"type":"Point","coordinates":[-77.76586,38.58243]},"properties":{"id":"node/10096677363","name":"Taqueria Jasmine","group":"food","category":"amenity=restaurant","cuisine":"mexican","hours":"Mo-Th,Sa-Su 11:00-21:30; Fr 11:00-20:00","phone":"+1 540-439-3099","website":"http://ordertaqueriajasmine.com/","housenumber":"6370","street":"Village Center Drive","city":"Bealeton","postcode":"22712","tags":";mexican;restaurant;"}},{"type":"Feature","geometry":{"type":"Point","coordinates":[-77.79761,38.71411]},"properties":{"id":"node/10297392770","name":"Salvation Army Warrenton Family Store and Service Center","group":"shopping","category":"shop=clothes","hours":"Mo-Fr 10:00-18:00; Sa 10:00-16:00; Su off","phone":"+1 540-341-8385","website":"https://salvationarmypotomac.org/vapiedmont/","housenumber":"62","street":"Waterloo Street","tags":";clothes;"}},{"type":"Feature","geometry":{"type":"Point","coordinates":[-77.79474,38.7133]},"properties":{"id":"node/10666246757","name":"Altered Suds","group":"food","category":"craft=brewery","cuisine":"beer;seltzers","website":"https://www.alteredsudsbeer.com/","housenumber":"36","street":"Main Street","city":"Warrenton","postcode":"20186","tags":";beer;seltzers;brewery;"}},{"type":"Feature","geometry":{"type":"Point","coordinates":[-77.79502,38.71223]},"properties":{"id":"node/10752253668","name":"Salon Emage Day Spa","group":"personal_care","category":"shop=beauty","tags":";beauty;spa;"}},{"type":"Feature","geometry":{"type":"Point","coordinates":[-77.79488,38.71215]},"properties":{"id":"node/10752253669","name":"Mastercraft Design Center","group":"shopping","category":"shop=kitchen","tags":";kitchen;"}},{"type":"Feature","geometry":{"type":"Point","coordinates":[-77.79464,38.71179]},"properties":{"id":"node/10752253670","name":"Christine Fox","group":"shopping","category":"shop=clothes","tags":";clothes;"}},{"type":"Feature","geometry":{"type":"Point","coordinates":[-77.79483,38.71188]},"properties":{"id":"node/10752253671","name":"Olde Towne Bridal & Event Boutique","group":"shopping","category":"shop=clothes","tags":";clothes;"}},{"type":"Feature","geometry":{"type":"Point","coordinates":[-77.6714,38.62937]},"properties":{"id":"node/10753808418","name":"Calverton Self Storage","group":"services","category":"shop=storage_rental","tags":";storage_rental;"}},{"type":"Feature","geometry":{"type":"Point","coordinates":[-78.22667,38.6573]},"properties":{"id":"node/11155713700","name":"The Corner Store","group":"groceries","category":"shop=convenience","hours":"Mo-Th,Su 08:00-19:00; Fr-Sa 08:00-20:00","website":"https://www.cornerstoresperryville.com/","tags":";convenience;"}},{"type":"Feature","geometry":{"type":"Point","coordinates":[-78.22672,38.65734]},"properties":{"id":"node/11155713701","name":"Bar Francis","group":"food","category":"amenity=bar","hours":"Fr 16:00-21:00; Sa 12:00-21:00; Su 12:00-20:00","website":"https://www.bar-francis.com/","tags":";bar;"}},{"type":"Feature","geometry":{"type":"Point","coordinates":[-78.26412,38.65143]},"properties":{"id":"node/11155716110","name":"Beech Spring Gift Shop","group":"shopping","category":"shop=gift","tags":";gift;"}},{"type":"Feature","geometry":{"type":"Point","coordinates":[-77.80301,38.71138]},"properties":{"id":"node/11170829783","name":"Nick's Market","group":"food","category":"shop=deli","tags":";deli;"}},{"type":"Feature","geometry":{"type":"Point","coordinates":[-77.76529,38.57906]},"properties":{"id":"node/11183002690","name":"El Agave","group":"food","category":"amenity=restaurant","cuisine":"mexican","website":"https://elagavemexrestaurant.com/","housenumber":"11083","street":"Marsh Road","city":"Bealeton","postcode":"22712","tags":";mexican;restaurant;"}},{"type":"Feature","geometry":{"type":"Point","coordinates":[-77.76536,38.57927]},"properties":{"id":"node/11183002691","name":"Touch of Asia Nails","group":"personal_care","category":"shop=beauty","tags":";beauty;nails;"}},{"type":"Feature","geometry":{"type":"Point","coordinates":[-77.76507,38.57848]},"properties":{"id":"node/11183002692","name":"Vinny's Italian Grill","group":"food","category":"amenity=restaurant","cuisine":"italian","website":"https://vinnysitaliangrill.com/","housenumber":"11085","street":"Marsh Road","city":"Bealeton","postcode":"22712","tags":";italian;restaurant;"}},{"type":"Feature","geometry":{"type":"Point","coordinates":[-77.79496,38.71344]},"properties":{"id":"node/11484352229","name":"Ellie's Place","group":"food","category":"amenity=restaurant","cuisine":"sandwich","housenumber":"26","street":"Main Street","city":"Warrenton","postcode":"20186","tags":";sandwich;restaurant;"}},{"type":"Feature","geometry":{"type":"Point","coordinates":[-77.79508,38.71347]},"properties":{"id":"node/11484352231","name":"Deja Brew Caf\u00e9","group":"food","category":"amenity=cafe","cuisine":"coffee_shop","hours":"Mo-Th 07:30-06:00; Fr-Sa 07:30-07:00; Su 08:00-06:00","phone":"+1-540-680-2620","website":"https://www.dejabrewcafe.us/","housenumber":"22","street":"Main Street","city":"Warrenton","postcode":"20186","tags":";coffee_shop;cafe;"}},{"type":"Feature","geometry":{"type":"Point","coordinates":[-77.79512,38.71348]},"properties":{"id":"node/11484352232","name":"Britches Great Outdoors","group":"shopping","category":"shop=clothes","phone":"+1-855-420-2437","website":"https://warthog.vip/","housenumber":"20","street":"Main Street","city":"Warrenton","postcode":"20186","tags":";clothes;"}},{"type":"Feature","geometry":{"type":"Point","coordinates":[-77.8073,38.53324]},"properties":{"id":"node/11512677589","name":"Remington Barber Shop","group":"personal_care","category":"shop=hairdresser","tags":";hairdresser;barber;"}},{"type":"Feature","geometry":{"type":"Point","coordinates":[-77.8071,38.53317]},"properties":{"id":"node/11512677600","name":"Remington Drug Co.","group":"groceries","category":"shop=chemist","tags":";chemist;"}},{"type":"Feature","geometry":{"type":"Point","coordinates":[-77.80703,38.53314]},"properties":{"id":"node/11512677618","name":"A Touch of Grace Massage Therapy","group":"personal_care","category":"shop=massage","tags":";massage;"}},{"type":"Feature","geometry":{"type":"Point","coordinates":[-77.80695,38.53287]},"properties":{"id":"node/11512677619","name":"Craft & Crust Pizza Tavern","group":"food","category":"amenity=restaurant","cuisine":"pizza","website":"https://craftandcrustpizza.com/","housenumber":"204","street":"East Main Street","city":"Remington","postcode":"22734","tags":";pizza;restaurant;"}},{"type":"Feature","geometry":{"type":"Point","coordinates":[-77.80605,38.53286]},"properties":{"id":"node/11512677620","name":"Black Sheep Studios","group":"personal_care","category":"shop=tattoo","housenumber":"301","street":"East Main Street","city":"Remington","postcode":"22734","tags":";tattoo;"}},{"type":"Feature","geometry":{"type":"Point","coordinates":[-77.80635,38.53291]},"properties":{"id":"node/11512677676","name":"Morton's Barbershop","group":"personal_care","category":"shop=hairdresser","tags":";hairdresser;barber;"}},{"type":"Feature","geometry":{"type":"Point","coordinates":[-77.61002,38.52179]},"properties":{"id":"node/11514533934","name":"Forget Me Not Flowers","group":"shopping","category":"shop=florist","tags":";florist;"}},{"type":"Feature","geometry":{"type":"Point","coordinates":[-78.21729,38.65867]},"properties":{"id":"node/11759304275","name":"New Iberia Kitchen","group":"food","category":"amenity=restaurant","cuisine":"farm_to_table","website":"https://www.newiberiakitchen.com/","housenumber":"3","street":"River Lane","city":"Sperryville","postcode":"22740","tags":";farm_to_table;restaurant;"}},{"type":"Feature","geometry":{"type":"Point","coordinates":[-77.80771,38.71639]},"properties":{"id":"node/12128885709","name":"Treasure Box Thrift Store","group":"shopping","category":"shop=second_hand","housenumber":"381","street":"West Shirley Avenue","postcode":"20186","tags":";second_hand;"}},{"type":"Feature","geometry":{"type":"Point","coordinates":[-77.80769,38.71646]},"properties":{"id":"node/12128885710","name":"Joe & Vinnie's","group":"food","category":"amenity=restaurant","cuisine":"pizza","housenumber":"385","street":"West Shirley Avenue","city":"Warrenton","postcode":"20186","tags":";pizza;restaurant;"}},{"type":"Feature","geometry":{"type":"Point","coordinates":[-77.80767,38.71651]},"properties":{"id":"node/12128885711","name":"The Grapevine","group":"groceries","category":"shop=wine","housenumber":"389","street":"West Shirley Avenue","city":"Warrenton","postcode":"20186","tags":";wine;"}},{"type":"Feature","geometry":{"type":"Point","coordinates":[-77.80761,38.71663]},"properties":{"id":"node/12128885712","name":"Caf\u00e9 Torino & Bakery","group":"food","category":"amenity=restaurant","cuisine":"italian","housenumber":"388","street":"Waterloo Street","city":"Warrenton","tags":";italian;restaurant;bakery;"}},{"type":"Feature","geometry":{"type":"Point","coordinates":[-77.80741,38.71659]},"properties":{"id":"node/12128885714","name":"Artistic Professionals Hair Styling","group":"personal_care","category":"shop=hairdresser","housenumber":"374","street":"Waterloo Street","city":"Warrenton","postcode":"20186","tags":";hairdresser;"}},{"type":"Feature","geometry":{"type":"Point","coordinates":[-77.80718,38.71655]},"properties":{"id":"node/12128885715","name":"Rankin's","group":"shopping","category":"shop=furniture","housenumber":"360","street":"Waterloo Street","city":"Warrenton","postcode":"20186","tags":";furniture;"}},{"type":"Feature","geometry":{"type":"Point","coordinates":[-77.80701,38.71654]},"properties":{"id":"node/12128885716","name":"Samaa's Kitchen","group":"food","category":"amenity=restaurant","cuisine":"middle_eastern","housenumber":"352","street":"Waterloo Street","city":"Warrenton","postcode":"20186","tags":";middle_eastern;restaurant;"}},{"type":"Feature","geometry":{"type":"Point","coordinates":[-77.80699,38.71663]},"properties":{"id":"node/12128885717","name":"Angel Tips Nail Spa","group":"personal_care","category":"shop=beauty","housenumber":"350","street":"Waterloo Street","city":"Warrenton","postcode":"20186","tags":";beauty;nails;spa;"}},{"type":"Feature","geometry":{"type":"Point","coordinates":[-77.80765,38.71571]},"properties":{"id":"node/12128885719","name":"Fox Den Antiques & Collectibles","group":"shopping","category":"shop=antiques","hours":"Mo-Sa 10:00-18:00, Su 12:00-18:00","website":"https://foxdenantiques.com/","housenumber":"355","street":"West Shirley Avenue","city":"Warrenton","postcode":"20186","tags":";antiques;"}},{"type":"Feature","geometry":{"type":"Point","coordinates":[-77.80681,38.71589]},"properties":{"id":"node/12128885813","name":"Georjean's Dog Grooming","group":"services","category":"shop=pet_grooming","housenumber":"367","street":"West Shirley Avenue","city":"Warrenton","postcode":"20186","tags":";pet_grooming;"}},{"type":"Feature","geometry":{"type":"Point","coordinates":[-78.18001,38.69066]},"properties":{"id":"node/12160371938","name":"211 Quicke Mart","group":"groceries","category":"shop=convenience","hours":"Mo-Su 06:00-21:00","phone":"+1-540-987-8310","housenumber":"12663","street":"Lee Highway","city":"Washington","postcode":"22747","tags":";convenience;"}},{"type":"Feature","geometry":{"type":"Point","coordinates":[-77.79486,38.71337]},"properties":{"id":"node/12195803735","name":"Licorice Pizza","group":"food","category":"amenity=restaurant","cuisine":"pizza","phone":"+1-540-349-9600","website":"https://licorice.pizza/","housenumber":"32","street":"Main Street","city":"Warrenton","postcode":"20186","tags":";pizza;restaurant;"}},{"type":"Feature","geometry":{"type":"Point","coordinates":[-78.02573,38.6917]},"properties":{"id":"node/12324604933","name":"Narmada Winery","group":"food","category":"craft=winery","website":"https://narmadawinery.com/","housenumber":"43","street":"Narmada Lane","city":"Amissville","postcode":"20106","tags":";winery;"}},{"type":"Feature","geometry":{"type":"Point","coordinates":[-78.25511,38.65084]},"properties":{"id":"node/12324610359","name":"Off the Grid","group":"food","category":"amenity=restaurant","cuisine":"american","website":"https://www.offthegridva.com/","housenumber":"11692","street":"Lee Highway","city":"Sperryville","postcode":"22740","tags":";american;restaurant;vegan;vegetarian;"}},{"type":"Feature","geometry":{"type":"Point","coordinates":[-78.22493,38.65814]},"properties":{"id":"node/12324687912","name":"The Black Twig","group":"food","category":"amenity=restaurant","cuisine":"diner","hours":"Mo-Tu,Th,Su 11:00-20:00; Fr-Sa 11:00-21:00","phone":"+1 540-987-5008","website":"https://www.theblacktwigdiner.com/","housenumber":"12018","street":"Lee Highway","city":"Sperryville","postcode":"22740","tags":";diner;restaurant;outdoor_seating;"}},{"type":"Feature","geometry":{"type":"Point","coordinates":[-77.79466,38.71295]},"properties":{"id":"node/12324717574","name":"Cast Iron Craft House","group":"food","category":"amenity=restaurant","cuisine":"american","website":"https://castironcrafthouse.com/","housenumber":"11","street":"Second Street","city":"Warrenton","postcode":"20186","tags":";american;restaurant;"}},{"type":"Feature","geometry":{"type":"Point","coordinates":[-78.1601,38.71343]},"properties":{"id":"node/12324721625","name":"Patty O's Cafe","group":"food","category":"amenity=restaurant","cuisine":"american","hours":"Mo-Sa 11:00-16:00 open \"Cafe\" || Th-Tu 17:00-21:00 open \"Cafe\" || Mo-Tu, Th 11:00-22:00 open \"Bar\" || Fr-Sa 11:00-23:00 open \"Bar\" || Su 10:00-15:00 open \"Cafe\" || Su 16:30-20:00 open \"Cafe\" || Su 16:30-21:00 open \"Bar\"","website":"https://www.pattyoscafe.com/","housenumber":"389","street":"Main Street","city":"Washington","postcode":"22747","tags":";american;restaurant;"}},{"type":"Feature","geometry":{"type":"Point","coordinates":[-77.7658,38.58231]},"properties":{"id":"node/12324741810","name":"Sabores Del Sur","group":"food","category":"amenity=restaurant","cuisine":"latin_american","website":"http://ordersaboresdelsur.com/","housenumber":"6366","street":"Village Center Drive","city":"Bealeton","postcode":"22712","tags":";latin_american;restaurant;"}},{"type":"Feature","geometry":{"type":"Point","coordinates":[-77.80773,38.71633]},"properties":{"id":"node/12324755513","name":"China Jade","group":"food","category":"amenity=restaurant","cuisine":"chinese","website":"https://www.chinajadeva.com/","housenumber":"375","street":"West Shirley Avenue","city":"Warrenton","postcode":"20186","tags":";chinese;restaurant;"}},{"type":"Feature","geometry":{"type":"Point","coordinates":[-78.16026,38.71358]},"properties":{"id":"node/12907492613","name":"Patty O's Cafe Bakery","group":"food","category":"shop=bakery","hours":"Mo-Su 08:30-17:00","tags":";bakery;"}},{"type":"Feature","geometry":{"type":"Point","coordinates":[-78.16,38.71252]},"properties":{"id":"node/12907533837","name":"Middle St. Gallery","group":"shopping","category":"shop=art","tags":";art;"}},{"type":"Feature","geometry":{"type":"Point","coordinates":[-77.44689,38.69649]},"properties":{"id":"node/13301270098","name":"Complete Electrical","group":"services","category":"craft=electrician","hours":"Mo-Fr 08:00-17:00; Sa 10:00-14:00","phone":"+1 571 361 3987","housenumber":"8150","street":"Cobb Road","city":"Manassas","postcode":"20112","tags":";electrician;"}},{"type":"Feature","geometry":{"type":"Point","coordinates":[-77.79445,38.71112]},"properties":{"id":"node/13332591611","name":"Veronicraft","group":"services","category":"craft=handicraft","housenumber":"65","street":"South 4th Street","city":"Warrenton","postcode":"20186-3309","tags":";handicraft;"}},{"type":"Feature","geometry":{"type":"Point","coordinates":[-77.3954,38.67344]},"properties":{"id":"node/13530240876","name":"Teque\u00f1o World","group":"food","category":"amenity=restaurant","cuisine":"venezuelan","hours":"Mo-Sa 09:00-21:00; Su 09:00-20:00","phone":"+1-571-285-3878","website":"https://www.tequenoworld.com/","housenumber":"6348","street":"Hoadly Road","city":"Manassas","postcode":"20112-3422","tags":";venezuelan;restaurant;"}},{"type":"Feature","geometry":{"type":"Point","coordinates":[-77.80776,38.71596]},"properties":{"id":"node/13571009809","name":"Vintage 29","group":"shopping","category":"shop=antiques","hours":"Su 11:00-18:00, Mo 10:00-18:00, Tu-We closed, Th-Sa 10:00-18:00","phone":"+1-540-216-3190","website":"https://vintage29va.com","housenumber":"365","street":"West Shirley Avenue","city":"Warrenton","postcode":"20186","tags":";antiques;"}},{"type":"Feature","geometry":{"type":"Point","coordinates":[-77.79552,38.71328]},"properties":{"id":"node/13608640402","name":"Weirddoughs Bagels & Brews","group":"food","category":"shop=bakery","housenumber":"12","street":"Culpeper Street","tags":";bakery;bagel;"}},{"type":"Feature","geometry":{"type":"Point","coordinates":[-77.79794,38.6201]},"properties":{"id":"node/13608641401","name":"M&B Auto Group","group":"shopping","category":"shop=car","hours":"Mo-Su 10:00-18:00","housenumber":"10115","street":"Clarkes Road","tags":";car;"}},{"type":"Feature","geometry":{"type":"Point","coordinates":[-78.2254,38.658]},"properties":{"id":"node/13786708412","name":"Rising Water Brewing","group":"food","category":"craft=brewery","hours":"We,Fr 16:00-20:00; Sa 11:00-20:00; Su 15:00-18:00","website":"https://www.risingwaterbrewing.com/","housenumber":"12018","street":"Lee Highway","city":"Sperryville","postcode":"22740","tags":";brewery;wheelchair_accessible;"}},{"type":"Feature","geometry":{"type":"Point","coordinates":[-78.18441,38.69522]},"properties":{"id":"node/13796013933","name":"Little Washington Winery","group":"food","category":"craft=winery","housenumber":"65","street":"Clark Lane","city":"Washington","postcode":"22747","tags":";winery;"}},{"type":"Feature","geometry":{"type":"Point","coordinates":[-77.79526,38.71381]},"properties":{"id":"node/13921467101","name":"Frozen Yogi","group":"food","category":"amenity=ice_cream","cuisine":"frozen_yogurt","website":"https://www.frozenyogi.co/","housenumber":"11","street":"Main Street","postcode":"20186","tags":";frozen_yogurt;ice_cream;wifi;"}},{"type":"Feature","geometry":{"type":"Point","coordinates":[-77.56092,38.67468]},"properties":{"id":"node/13992382024","name":"Madina Farm","group":"groceries","category":"shop=butcher","hours":"Sa-Th 09:00-17:00","phone":"+1-703-596-5517","website":"https://www.madinafarmva.com/","housenumber":"12851","street":"Brookfield Road","city":"Nokesville","postcode":"20181-2701","tags":";butcher;"}},{"type":"Feature","geometry":{"type":"Point","coordinates":[-77.79545,38.70676]},"properties":{"id":"node/14229540889","name":"The Galloping Grape","group":"shopping","category":"shop=equestrian","phone":"+1-540-428-1002","website":"http://www.gallopinggrape.com/","housenumber":"143","street":"East Shirley Avenue","city":"Warrenton","postcode":"20186","tags":";equestrian;"}},{"type":"Feature","geometry":{"type":"Point","coordinates":[-78.22964,38.65862]},"properties":{"id":"way/164547428","name":"Three Blacksmiths","group":"food","category":"amenity=restaurant","website":"https://www.threeblacksmiths.com/","housenumber":"20","street":"Main Street","tags":";restaurant;"}},{"type":"Feature","geometry":{"type":"Point","coordinates":[-78.22839,38.65846]},"properties":{"id":"way/164547429","name":"Before & After","group":"food","category":"amenity=cafe","website":"https://www.beforeandaftersperryville.com/","tags":";cafe;"}},{"type":"Feature","geometry":{"type":"Point","coordinates":[-78.15963,38.71243]},"properties":{"id":"way/164548226","name":"Ours Noir","group":"food","category":"amenity=restaurant","cuisine":"cajun","website":"https://loursatlittlewashington.com/","housenumber":"311","street":"Gay Street","city":"Washington","postcode":"22747","tags":";cajun;restaurant;"}},{"type":"Feature","geometry":{"type":"Point","coordinates":[-77.44188,38.65796]},"properties":{"id":"way/197858949","name":"Wi-Not Shop","group":"groceries","category":"shop=convenience","tags":";convenience;"}},{"type":"Feature","geometry":{"type":"Point","coordinates":[-77.57874,38.69839]},"properties":{"id":"way/228902209","name":"Hectors of Nokesville","group":"food","category":"amenity=restaurant","cuisine":"mexican","housenumber":"12842","street":"Fitzwater Drive","city":"Nokesville","postcode":"20181","tags":";mexican;restaurant;"}},{"type":"Feature","geometry":{"type":"Point","coordinates":[-78.21674,38.66686]},"properties":{"id":"way/362644694","name":"K9OLOGY","group":"shopping","category":"shop=pet","phone":"+1-540-987-6327","website":"https://www.k9ocenter.com/","housenumber":"12167","street":"Lee Highway","city":"Sperryville","postcode":"22740","tags":";pet;"}},{"type":"Feature","geometry":{"type":"Point","coordinates":[-77.43771,38.63604]},"properties":{"id":"way/370806481","name":"Samsky's","group":"groceries","category":"shop=convenience","housenumber":"14705","street":"Bristow Road","city":"Manassas","postcode":"20112","tags":";convenience;"}},{"type":"Feature","geometry":{"type":"Point","coordinates":[-77.43264,38.63457]},"properties":{"id":"way/372411846","name":"Dean's Shrimp Connection","group":"groceries","category":"shop=seafood","housenumber":"14735","street":"Bristow Road","city":"Manassas","postcode":"20181","tags":";seafood;"}},{"type":"Feature","geometry":{"type":"Point","coordinates":[-77.49782,38.68867]},"properties":{"id":"way/373771881","name":"Brentsville Superette","group":"groceries","category":"shop=convenience","housenumber":"13319","street":"Bristow Road","city":"Bristow","postcode":"20136","tags":";convenience;"}},{"type":"Feature","geometry":{"type":"Point","coordinates":[-77.80168,38.56153]},"properties":{"id":"way/409549416","name":"Moo Thru","group":"food","category":"amenity=ice_cream","cuisine":"ice_cream","housenumber":"11402","street":"James Madison Highway","postcode":"22734","tags":";ice_cream;takeout;"}},{"type":"Feature","geometry":{"type":"Point","coordinates":[-77.35163,38.68345]},"properties":{"id":"way/431592670","name":"Ticket Sales","group":"shopping","category":"shop=ticket","tags":";ticket;"}},{"type":"Feature","geometry":{"type":"Point","coordinates":[-77.53691,38.65517]},"properties":{"id":"way/442976584","name":"Aden Grocery","group":"groceries","category":"shop=convenience","housenumber":"13717","street":"Aden Road","city":"Nokesville","postcode":"20181","tags":";convenience;"}},{"type":"Feature","geometry":{"type":"Point","coordinates":[-77.57672,38.69742]},"properties":{"id":"way/488966322","name":"Nokesville Hair Design","group":"personal_care","category":"shop=hairdresser","housenumber":"12824","street":"Fitzwater Drive","city":"Nokesville","postcode":"20181","tags":";hairdresser;"}},{"type":"Feature","geometry":{"type":"Point","coordinates":[-77.57709,38.69751]},"properties":{"id":"way/488966327","name":"Carini's Pizzaria","group":"food","category":"amenity=restaurant","cuisine":"pizza","housenumber":"12826","street":"Fitzwater Drive","city":"Nokesville","postcode":"20181","tags":";pizza;restaurant;"}},{"type":"Feature","geometry":{"type":"Point","coordinates":[-77.45967,38.71266]},"properties":{"id":"way/493497658","name":"Meadows Farms Nurseries","group":"shopping","category":"shop=garden_centre","housenumber":"8677","street":"Plant Place","city":"Manassas","postcode":"20112","tags":";garden_centre;"}},{"type":"Feature","geometry":{"type":"Point","coordinates":[-77.42005,38.6877]},"properties":{"id":"way/527106837","name":"Oak Hill General Store","group":"groceries","category":"shop=convenience","housenumber":"12203","street":"Kahns Road","city":"Manassas","postcode":"20112","tags":";convenience;"}},{"type":"Feature","geometry":{"type":"Point","coordinates":[-77.79301,38.71208]},"properties":{"id":"way/583385701","name":"Lee Christner's Barbershop","group":"personal_care","category":"shop=hairdresser","hours":"Mo-Fr 09:00-19:00; Sa 08:00-18:00","housenumber":"16","street":"South 5th Street","tags":";hairdresser;barber;"}},{"type":"Feature","geometry":{"type":"Point","coordinates":[-77.79288,38.71226]},"properties":{"id":"way/583385702","name":"Great Harvest Bread Co.","group":"food","category":"shop=bakery","hours":"Mo-Th 08:00-17:00; Fr-Sa 08:00-18:00; Su 08:00-16:00","phone":"+1 540-878-5200","website":"http://www.warrentonbread.com/","housenumber":"108","street":"Main Street","city":"Warrenton","tags":";bakery;wheelchair_accessible;"}},{"type":"Feature","geometry":{"type":"Point","coordinates":[-77.79417,38.71264]},"properties":{"id":"way/583385726","name":"Third + Main Gourmet to Go","group":"food","category":"amenity=restaurant","cuisine":"sandwich","housenumber":"15","street":"South 3rd Street","postcode":"20186","tags":";sandwich;restaurant;"}},{"type":"Feature","geometry":{"type":"Point","coordinates":[-77.79641,38.71366]},"properties":{"id":"way/584470789","name":"Red Truck Bakery","group":"food","category":"shop=bakery","hours":"Mo-Sa 08:00-16:00","housenumber":"22","street":"Waterloo Street","tags":";bakery;"}},{"type":"Feature","geometry":{"type":"Point","coordinates":[-77.76516,38.57713]},"properties":{"id":"way/747477136","name":"Nicks Deli","group":"groceries","category":"shop=convenience","housenumber":"11127","street":"Marsh Road","postcode":"22712","tags":";convenience;"}},{"type":"Feature","geometry":{"type":"Point","coordinates":[-77.76454,38.57669]},"properties":{"id":"way/747477137","name":"Three Brothers Prohibition","group":"food","category":"amenity=restaurant","cuisine":"burger;american;barbecue;regional","housenumber":"11139","street":"Marsh Road","postcode":"22712","tags":";burger;american;barbecue;regional;restaurant;"}},{"type":"Feature","geometry":{"type":"Point","coordinates":[-77.57891,38.69976]},"properties":{"id":"way/875950377","name":"High Performance Motors","group":"shopping","category":"shop=car","housenumber":"12904","street":"Marsteller Drive","city":"Nokesville","postcode":"20181","tags":";car;"}},{"type":"Feature","geometry":{"type":"Point","coordinates":[-77.57956,38.69868]},"properties":{"id":"way/875950392","name":"The Brat House","group":"groceries","category":"shop=butcher","housenumber":"12908","street":"Fitzwater Drive","city":"Nokesville","postcode":"20181","tags":";butcher;"}},{"type":"Feature","geometry":{"type":"Point","coordinates":[-77.57868,38.69789]},"properties":{"id":"way/877667283","name":"Lowe's Plumbing","group":"services","category":"craft=plumber","tags":";plumber;"}},{"type":"Feature","geometry":{"type":"Point","coordinates":[-77.82391,38.6206]},"properties":{"id":"way/965338659","name":"Molon Lave Vineyards and Winery","group":"food","category":"craft=winery","housenumber":"10075","street":"Lees Mill Road","city":"Warrenton","postcode":"20186","tags":";winery;"}},{"type":"Feature","geometry":{"type":"Point","coordinates":[-77.58062,38.64203]},"properties":{"id":"way/998179315","name":"Cedar Run Brewery","group":"food","category":"craft=brewery","housenumber":"12801","street":"Hazelwood Drive","city":"Nokesville","postcode":"20181","tags":";brewery;"}},{"type":"Feature","geometry":{"type":"Point","coordinates":[-77.66548,38.70381]},"properties":{"id":"way/1007846891","name":"Dumfries Market","group":"groceries","category":"shop=convenience","housenumber":"4220","street":"Dumfries Road","city":"Greenville","postcode":"20119","tags":";convenience;"}},{"type":"Feature","geometry":{"type":"Point","coordinates":[-77.72919,38.54281]},"properties":{"id":"way/1037008602","name":"Opal Tire Center","group":"services","category":"shop=tyres","tags":";tyres;"}},{"type":"Feature","geometry":{"type":"Point","coordinates":[-77.72886,38.54251]},"properties":{"id":"way/1037008603","name":"PaintMyTruck","group":"services","category":"craft=car_painter","housenumber":"5335","street":"Ritchie Road","postcode":"22712","tags":";car_painter;"}},{"type":"Feature","geometry":{"type":"Point","coordinates":[-77.79487,38.71517]},"properties":{"id":"way/1042634948","name":"Horse Country","group":"shopping","category":"shop=pet","hours":"Mo-Sa 10:00-17:00","phone":"+1 540-347-3141","website":"http://www.horsecountrycarrot.com/","housenumber":"60","street":"Alexandria Pike","city":"Warrenton","postcode":"20186","tags":";pet;"}},{"type":"Feature","geometry":{"type":"Point","coordinates":[-77.63706,38.66044]},"properties":{"id":"way/1077551509","name":"Arctic Sun","group":"services","category":"craft=hvac","tags":";hvac;"}},{"type":"Feature","geometry":{"type":"Point","coordinates":[-78.21314,38.65219]},"properties":{"id":"way/1080931007","name":"Pen Druid Brewing","group":"food","category":"amenity=pub","website":"http://www.pendruid.com/","housenumber":"3863","street":"Sperryville Pike","city":"Sperryville","tags":";pub;brewery;"}},{"type":"Feature","geometry":{"type":"Point","coordinates":[-77.79473,38.71233]},"properties":{"id":"way/1091590167","name":"Vallie's Vintage Jewelry","group":"shopping","category":"shop=jewelry","housenumber":"30","street":"South 3rd Street","postcode":"20186","tags":";jewelry;"}},{"type":"Feature","geometry":{"type":"Point","coordinates":[-77.79531,38.71191]},"properties":{"id":"way/1091594819","name":"Silver Branch Warrenton Station","group":"food","category":"amenity=pub","website":"https://www.silverbranchbrewing.com/","housenumber":"56","street":"East Lee Street","city":"Warrenton","postcode":"20186","tags":";pub;"}},{"type":"Feature","geometry":{"type":"Point","coordinates":[-77.7944,38.71235]},"properties":{"id":"way/1091594957","name":"Walk By Faith","group":"shopping","category":"shop=books","housenumber":"23","street":"South 3rd Street","city":"Warrenton","postcode":"20186","tags":";books;"}},{"type":"Feature","geometry":{"type":"Point","coordinates":[-77.72676,38.45578]},"properties":{"id":"way/1091945604","name":"Cider Lab","group":"food","category":"amenity=bar","housenumber":"5346","street":"Sumerduck Road","city":"Sumerduck","postcode":"22742","tags":";bar;"}},{"type":"Feature","geometry":{"type":"Point","coordinates":[-77.69542,38.50063]},"properties":{"id":"way/1091945776","name":"Fox Wood Works","group":"services","category":"craft=carpenter","housenumber":"4422","street":"Morrisville Road","postcode":"22712","tags":";carpenter;"}},{"type":"Feature","geometry":{"type":"Point","coordinates":[-77.8081,38.53373]},"properties":{"id":"way/1091947799","name":"Rappahannock Station","group":"groceries","category":"shop=convenience","housenumber":"101","street":"James Madison Street","postcode":"22734","tags":";convenience;"}},{"type":"Feature","geometry":{"type":"Point","coordinates":[-77.69304,38.5011]},"properties":{"id":"way/1092003871","name":"M & P Restaurant","group":"food","category":"amenity=restaurant","cuisine":"pizza","website":"https://sites.google.com/view/mppizza","housenumber":"12975","street":"Marsh Road","city":"Bealeton","postcode":"22712","tags":";pizza;restaurant;"}},{"type":"Feature","geometry":{"type":"Point","coordinates":[-77.69163,38.50028]},"properties":{"id":"way/1092005369","name":"Northern VA Motors, Inc.","group":"shopping","category":"shop=car","housenumber":"13387","street":"Elk Run Road","postcode":"22712","tags":";car;"}},{"type":"Feature","geometry":{"type":"Point","coordinates":[-77.70169,38.61787]},"properties":{"id":"way/1092414801","name":"Marumsco Equipment Maintenance Shop","group":"services","category":"shop=repair","housenumber":"10116","street":"Meetze Road","postcode":"22728","tags":";repair;"}},{"type":"Feature","geometry":{"type":"Point","coordinates":[-77.70138,38.61766]},"properties":{"id":"way/1092414945","name":"Mayhugh's Grocery","group":"groceries","category":"shop=convenience","housenumber":"4662","street":"Catlett Road","postcode":"22728","tags":";convenience;"}},{"type":"Feature","geometry":{"type":"Point","coordinates":[-77.64027,38.65435]},"properties":{"id":"way/1092415019","name":"Catlett Service Center","group":"services","category":"shop=repair","housenumber":"9227","street":"Elk Run Road","city":"Catlett","postcode":"20119","tags":";repair;"}},{"type":"Feature","geometry":{"type":"Point","coordinates":[-77.67415,38.63608]},"properties":{"id":"way/1092416533","name":"Swaby Group","group":"shopping","category":"shop=hardware","tags":";hardware;"}},{"type":"Feature","geometry":{"type":"Point","coordinates":[-77.6739,38.63582]},"properties":{"id":"way/1092418248","name":"La Chiquita Mart and Deli","group":"groceries","category":"shop=convenience","housenumber":"4133","street":"Catlett Road","postcode":"20119","tags":";convenience;"}},{"type":"Feature","geometry":{"type":"Point","coordinates":[-77.52188,38.63826]},"properties":{"id":"way/1179586618","name":"Effingham Manor & Winery","group":"food","category":"craft=winery","housenumber":"14325","street":"Trotters Ridge Place","city":"Nokesville","postcode":"20181","tags":";winery;"}},{"type":"Feature","geometry":{"type":"Point","coordinates":[-78.24117,38.65483]},"properties":{"id":"way/1203450212","name":"Central Coffee Roasters","group":"food","category":"amenity=cafe","tags":";cafe;coffee_shop;"}},{"type":"Feature","geometry":{"type":"Point","coordinates":[-78.21613,38.65849]},"properties":{"id":"way/1266468802","name":"Veditz Brewing","group":"food","category":"amenity=pub","hours":"Th-Su 11:00-19:00","phone":"+1-202-288-8623","website":"https://veditzandcompany.com/","housenumber":"7","street":"River Lane","city":"Sperryville","postcode":"22740","tags":";pub;brewery;"}},{"type":"Feature","geometry":{"type":"Point","coordinates":[-78.26674,38.65255]},"properties":{"id":"way/1327044300","name":"Thornton River Orchard & Market","group":"groceries","category":"shop=farm","tags":";farm;"}},{"type":"Feature","geometry":{"type":"Point","coordinates":[-78.16031,38.71251]},"properties":{"id":"way/1391162412","name":"r.h. ballard shop & gallery","group":"shopping","category":"shop=art","hours":"Th-Tu 10:00-18:00","tags":";art;"}},{"type":"Feature","geometry":{"type":"Point","coordinates":[-78.16011,38.71307]},"properties":{"id":"way/1391162414","name":"Wine Loves Chocolate","group":"groceries","category":"shop=wine","hours":"Th-Mo 11:00-18:00","housenumber":"353","street":"Main Street","city":"Washington","postcode":"22747","tags":";wine;alcohol;"}},{"type":"Feature","geometry":{"type":"Point","coordinates":[-78.16013,38.71289]},"properties":{"id":"way/1394240184","name":"Geneva Welch Gallery","group":"shopping","category":"shop=art","hours":"Th-Fr, Su-Mo 11:00-18:00 || Sa 10:00-18:00","housenumber":"341","street":"Main Street","city":"Washington","postcode":"22747","tags":";art;"}},{"type":"Feature","geometry":{"type":"Point","coordinates":[-77.7275,38.45567]},"properties":{"id":"relation/18196585","name":"Smith's Antiques","group":"shopping","category":"shop=antiques","tags":";antiques;"}},{"type":"Feature","geometry":{"type":"Point","coordinates":[-77.51894,39.01871]},"properties":{"id":"node/542887426","name":"Broadlands Pub","group":"food","category":"amenity=pub","tags":";pub;"}},{"type":"Feature","geometry":{"type":"Point","coordinates":[-77.51887,39.01857]},"properties":{"id":"node/542887439","name":"Cafe Opera","group":"food","category":"amenity=restaurant","cuisine":"asian","website":"http://cafeopera.net/","housenumber":"42882","street":"Truro Parish Drive","city":"Ashburn","postcode":"20148","tags":";asian;restaurant;"}},{"type":"Feature","geometry":{"type":"Point","coordinates":[-77.39821,39.03435]},"properties":{"id":"node/565835069","name":"China King","group":"food","category":"amenity=fast_food","tags":";fast_food;"}},{"type":"Feature","geometry":{"type":"Point","coordinates":[-77.3808,39.03837]},"properties":{"id":"node/572653235","name":"High Up Mart","group":"groceries","category":"shop=convenience","tags":";convenience;"}},{"type":"Feature","geometry":{"type":"Point","coordinates":[-77.37845,39.01934]},"properties":{"id":"node/572683113","name":"Casa Mia","group":"food","category":"amenity=restaurant","cuisine":"mexican","housenumber":"21430","street":"Cedar Drive","city":"Sterling","postcode":"20164","tags":";mexican;restaurant;"}},{"type":"Feature","geometry":{"type":"Point","coordinates":[-77.3786,39.01938]},"properties":{"id":"node/572685164","name":"Rai's Pizza","group":"food","category":"amenity=fast_food","cuisine":"pizza","website":"https://www.raispizza.com/","housenumber":"21430","street":"Cedar Drive","city":"Sterling","postcode":"20164","tags":";pizza;fast_food;"}},{"type":"Feature","geometry":{"type":"Point","coordinates":[-77.35815,39.04123]},"properties":{"id":"node/572844884","name":"Lucia's","group":"food","category":"amenity=restaurant","cuisine":"italian","website":"https://dalucapotomacfalls.com","housenumber":"20789","street":"Great Falls Plaza","city":"Sterling","postcode":"20165","tags":";italian;restaurant;"}},{"type":"Feature","geometry":{"type":"Point","coordinates":[-77.35796,39.04056]},"properties":{"id":"node/572844904","name":"Velocity Wings","group":"food","category":"amenity=pub","tags":";pub;chicken;"}},{"type":"Feature","geometry":{"type":"Point","coordinates":[-77.35821,39.04111]},"properties":{"id":"node/579499377","name":"China Gourmet Inn","group":"food","category":"amenity=restaurant","cuisine":"chinese","website":"https://www.chinagourmetinnva.com","housenumber":"20789","street":"Great Falls Plaza","city":"Sterling","postcode":"20165","tags":";chinese;restaurant;"}},{"type":"Feature","geometry":{"type":"Point","coordinates":[-77.35811,39.03967]},"properties":{"id":"node/579501756","name":"Shebang","group":"personal_care","category":"shop=hairdresser","tags":";hairdresser;"}},{"type":"Feature","geometry":{"type":"Point","coordinates":[-77.46664,38.75662]},"properties":{"id":"node/582778202","name":"Bob & Edith's Diner","group":"food","category":"amenity=restaurant","housenumber":"9221","street":"Sudley Road","city":"Manassas","postcode":"20110","tags":";restaurant;"}},{"type":"Feature","geometry":{"type":"Point","coordinates":[-77.43168,39.00364]},"properties":{"id":"node/616071006","name":"Buffalo Wing Factory","group":"food","category":"amenity=restaurant","cuisine":"wings","website":"https://www.buffalowingfactory.com/locations/sterling/","housenumber":"22034","street":"Shaw Road","city":"Sterling","postcode":"20164","tags":";wings;restaurant;chicken;"}},{"type":"Feature","geometry":{"type":"Point","coordinates":[-77.43152,39.00351]},"properties":{"id":"node/616071007","name":"Loudoun International Foods","group":"groceries","category":"shop=convenience","tags":";convenience;"}},{"type":"Feature","geometry":{"type":"Point","coordinates":[-77.42664,39.00519]},"properties":{"id":"node/654587448","name":"Prime Mart","group":"groceries","category":"shop=convenience","tags":";convenience;"}},{"type":"Feature","geometry":{"type":"Point","coordinates":[-77.42693,39.00509]},"properties":{"id":"node/654587958","name":"Joe's Diner","group":"food","category":"amenity=cafe","tags":";cafe;"}},{"type":"Feature","geometry":{"type":"Point","coordinates":[-77.37656,39.0185]},"properties":{"id":"node/741741077","name":"Cocos Food International Market","group":"groceries","category":"shop=supermarket","tags":";supermarket;"}},{"type":"Feature","geometry":{"type":"Point","coordinates":[-77.37626,39.01816]},"properties":{"id":"node/741741081","name":"Music and Arts","group":"shopping","category":"shop=music","tags":";music;"}},{"type":"Feature","geometry":{"type":"Point","coordinates":[-77.42717,39.00503]},"properties":{"id":"node/768969910","name":"Cutt-N-Up","group":"personal_care","category":"shop=hairdresser","tags":";hairdresser;"}},{"type":"Feature","geometry":{"type":"Point","coordinates":[-77.3872,38.78061]},"properties":{"id":"node/770741687","name":"Clifton General Store","group":"groceries","category":"shop=convenience","tags":";convenience;"}},{"type":"Feature","geometry":{"type":"Point","coordinates":[-77.48085,39.02359]},"properties":{"id":"node/775332046","name":"Manhattan Pizzeria","group":"food","category":"amenity=restaurant","cuisine":"pizza","hours":"Mo-Sa 10:00-22:00; Su 11:00-22:00","phone":"+1-703-858-1388","website":"https://manhattanpizza.com/locations/ashburn/","housenumber":"43930","street":"Farmwell Hunt Plaza","city":"Ashburn","postcode":"20147","menu":"https://manhattanpizza.com/menu/","tags":";pizza;restaurant;"}},{"type":"Feature","geometry":{"type":"Point","coordinates":[-77.66468,38.8299]},"properties":{"id":"node/795116754","name":"Trading Post","group":"groceries","category":"shop=convenience","tags":";convenience;"}},{"type":"Feature","geometry":{"type":"Point","coordinates":[-77.50424,38.77879]},"properties":{"id":"node/959523018","name":"Global Food","group":"groceries","category":"shop=supermarket","tags":";supermarket;"}},{"type":"Feature","geometry":{"type":"Point","coordinates":[-77.71192,38.76701]},"properties":{"id":"node/1064875384","name":"Spitony's Pizza","group":"food","category":"amenity=restaurant","cuisine":"pizza","hours":"Mo-Th 11:00-21:00; Fr 11:00-21:30; Sa-Su 11:00-21:00","phone":"+15403479666","website":"https://www.spitonyspizza.com/","tags":";pizza;restaurant;"}},{"type":"Feature","geometry":{"type":"Point","coordinates":[-77.52209,38.92651]},"properties":{"id":"node/1135858550","name":"Los Toltecos","group":"food","category":"amenity=restaurant","cuisine":"mexican","phone":"+17039573471","website":"http://www.lostoltecos.com/","housenumber":"24995","street":"Riding Plaza","city":"Chantilly","postcode":"20152","tags":";mexican;restaurant;"}},{"type":"Feature","geometry":{"type":"Point","coordinates":[-77.4873,39.02866]},"properties":{"id":"node/1306098169","name":"Buffalo Wing Factory","group":"food","category":"amenity=restaurant","cuisine":"chicken","tags":";chicken;restaurant;"}},{"type":"Feature","geometry":{"type":"Point","coordinates":[-77.47958,39.02297]},"properties":{"id":"node/1306098197","name":"KFC / Taco Bell","group":"food","category":"amenity=fast_food","phone":"+1-703-723-8801","website":"https://locations.tacobell.com/va/ashburn/43951-farmwell-hunt-plaza.html","housenumber":"43951","street":"Farmwell Hunt Plaza","city":"Ashburn","postcode":"20147","tags":";fast_food;mexican;"}},{"type":"Feature","geometry":{"type":"Point","coordinates":[-77.47211,38.78218]},"properties":{"id":"node/1335402380","name":"Kent Village Center","group":"groceries","category":"shop=supermarket","tags":";supermarket;"}},{"type":"Feature","geometry":{"type":"Point","coordinates":[-77.50855,39.00845]},"properties":{"id":"node/1340067707","name":"Saffron","group":"food","category":"amenity=restaurant","cuisine":"indian","hours":"Mo-Fr 11:30-14:30, Sa,Su 12:00-15:00, Mo-Su 17:00-22:00","tags":";indian;restaurant;"}},{"type":"Feature","geometry":{"type":"Point","coordinates":[-77.73965,38.78341]},"properties":{"id":"node/1483473084","name":"Pearmund Cellars Winery","group":"food","category":"amenity=bar","phone":"+1-540-347-3475","website":"https://pearmundcellars.com/","housenumber":"6190","street":"Georgetown Road","city":"Broad Run","postcode":"20137","tags":";bar;"}},{"type":"Feature","geometry":{"type":"Point","coordinates":[-77.52139,38.79537]},"properties":{"id":"node/1641393397","name":"Pizzarama","group":"food","category":"amenity=fast_food","cuisine":"pizza","hours":"Mo-We 11:00-21:00; Th-Sa 11:00-22:00; Su 12:00-21:00","phone":"+1 703-368-2010","website":"https://www.pizzarama.com/","housenumber":"7642","street":"Stream Walk Lane","city":"Manassas","postcode":"20109","tags":";pizza;fast_food;"}},{"type":"Feature","geometry":{"type":"Point","coordinates":[-77.51656,39.0319]},"properties":{"id":"node/1707718837","name":"Clyde's Willow Creek Farm","group":"food","category":"amenity=restaurant","tags":";restaurant;"}},{"type":"Feature","geometry":{"type":"Point","coordinates":[-77.41058,38.97765]},"properties":{"id":"node/1709063555","name":"Mehran","group":"food","category":"amenity=restaurant","cuisine":"kebab","phone":"+1 703-787-8888","tags":";kebab;restaurant;"}},{"type":"Feature","geometry":{"type":"Point","coordinates":[-77.63521,38.81173]},"properties":{"id":"node/1741830152","name":"El Vaquero West #2","group":"food","category":"amenity=restaurant","cuisine":"mexican","tags":";mexican;restaurant;"}},{"type":"Feature","geometry":{"type":"Point","coordinates":[-77.43914,38.98422]},"properties":{"id":"node/1859536809","name":"Houda's Motors","group":"services","category":"shop=car_repair","housenumber":"22854","street":"Bryant Court","postcode":"20166","tags":";car_repair;"}},{"type":"Feature","geometry":{"type":"Point","coordinates":[-77.51878,38.92428]},"properties":{"id":"node/2006165585","name":"Manhattan Pizza","group":"food","category":"amenity=restaurant","cuisine":"pizza","housenumber":"25042","street":"Riding Plaza","tags":";pizza;restaurant;"}},{"type":"Feature","geometry":{"type":"Point","coordinates":[-77.52772,38.93343]},"properties":{"id":"node/2008185853","name":"Greenworks Landscaping & Garden Center","group":"shopping","category":"shop=garden_centre","hours":"Mo-Fr 07:30-16:00","phone":"+1 703-327-2344","website":"https://www.greenworkslandscaping.com/","housenumber":"42660","street":"John Mosby Highway","city":"Chantilly","postcode":"20152","tags":";garden_centre;"}},{"type":"Feature","geometry":{"type":"Point","coordinates":[-77.38088,39.03849]},"properties":{"id":"node/2152030432","name":"Sugarland Laundry","group":"services","category":"shop=laundry","tags":";laundry;"}},{"type":"Feature","geometry":{"type":"Point","coordinates":[-77.38076,39.0383]},"properties":{"id":"node/2152036751","name":"Sugarland Beauty Salon","group":"personal_care","category":"shop=hairdresser","tags":";hairdresser;"}},{"type":"Feature","geometry":{"type":"Point","coordinates":[-77.59263,38.79336]},"properties":{"id":"node/2203116237","name":"Curry's Auto Service","group":"services","category":"shop=car_repair","hours":"Mo-Fr 07:00-19:30; Sa 08:00-16:00","phone":"+1 703-753-1650","website":"http://www.currysauto.com","housenumber":"5611","street":"Wellington Road","city":"Gainesville","postcode":"20155","tags":";car_repair;wheelchair_accessible;wifi;"}},{"type":"Feature","geometry":{"type":"Point","coordinates":[-77.52394,38.80393]},"properties":{"id":"node/2203619865","name":"Jerry's Subs & Pizza","group":"food","category":"amenity=fast_food","cuisine":"sandwich","tags":";sandwich;fast_food;pizza;"}},{"type":"Feature","geometry":{"type":"Point","coordinates":[-77.52389,38.80383]},"properties":{"id":"node/2203619996","name":"Hershey's Ice Cream","group":"food","category":"amenity=fast_food","cuisine":"ice_cream","tags":";ice_cream;fast_food;"}},{"type":"Feature","geometry":{"type":"Point","coordinates":[-77.4984,38.8292]},"properties":{"id":"node/2205999128","name":"The Bull Run Winery","group":"food","category":"amenity=restaurant","tags":";restaurant;"}},{"type":"Feature","geometry":{"type":"Point","coordinates":[-77.45331,38.77147]},"properties":{"id":"node/2266535384","name":"K","group":"groceries","category":"shop=convenience","tags":";convenience;"}},{"type":"Feature","geometry":{"type":"Point","coordinates":[-77.45214,38.7711]},"properties":{"id":"node/2266535423","name":"Seva","group":"groceries","category":"shop=convenience","tags":";convenience;"}},{"type":"Feature","geometry":{"type":"Point","coordinates":[-77.45341,38.77543]},"properties":{"id":"node/2266549970","name":"Megamart Supermarket","group":"groceries","category":"shop=supermarket","tags":";supermarket;"}},{"type":"Feature","geometry":{"type":"Point","coordinates":[-77.47055,39.06083]},"properties":{"id":"node/2301952381","name":"Clary Eye","group":"personal_care","category":"shop=optician","hours":"Mo,Tu,Fr 09:30-17:30; We 10:00-19:00; Sa 09:00-14:00","phone":"+1 703-729-8007","website":"https://www.claryeye.com/","tags":";optician;"}},{"type":"Feature","geometry":{"type":"Point","coordinates":[-77.47059,39.06077]},"properties":{"id":"node/2301952402","name":"Zazu","group":"shopping","category":"shop=gift","hours":"Mo-Sa 10:00-19:00; Su 12:00-17:00","phone":"+1 703-858-9298","website":"https://www.shopzazu.com/","tags":";gift;"}},{"type":"Feature","geometry":{"type":"Point","coordinates":[-77.51717,38.78815]},"properties":{"id":"node/2304264545","name":"Bull Run Barber","group":"personal_care","category":"shop=hairdresser","tags":";hairdresser;barber;"}},{"type":"Feature","geometry":{"type":"Point","coordinates":[-77.69825,38.77228]},"properties":{"id":"node/2304360070","name":"Buckland Farm Market","group":"groceries","category":"shop=convenience","tags":";convenience;greengrocer;"}},{"type":"Feature","geometry":{"type":"Point","coordinates":[-77.65306,38.78379]},"properties":{"id":"node/2304389520","name":"Wegmans Cafe","group":"food","category":"amenity=cafe","tags":";cafe;"}},{"type":"Feature","geometry":{"type":"Point","coordinates":[-77.512,38.78973]},"properties":{"id":"node/2307219324","name":"A-1 Manassas Cycling","group":"shopping","category":"shop=bicycle","tags":";bicycle;"}},{"type":"Feature","geometry":{"type":"Point","coordinates":[-77.6049,38.79283]},"properties":{"id":"node/2311206366","name":"Pizza NY Margherita","group":"food","category":"amenity=restaurant","cuisine":"pizza","hours":"Su-Th 11:00-22:00; Fr-Sa 11:00-23:00","phone":"+1-703-753-0744","website":"https://pizzanymargherita.com/","housenumber":"5115","street":"Wellington Road","city":"Gainesville","postcode":"20155","tags":";pizza;restaurant;takeout;delivery;"}},{"type":"Feature","geometry":{"type":"Point","coordinates":[-77.60908,38.79368]},"properties":{"id":"node/2311221976","name":"Urban Tandoor","group":"food","category":"amenity=restaurant","cuisine":"indian","tags":";indian;restaurant;takeout;"}},{"type":"Feature","geometry":{"type":"Point","coordinates":[-77.54937,38.73242]},"properties":{"id":"node/2314117896","name":"PR Partners","group":"personal_care","category":"shop=hairdresser","tags":";hairdresser;"}},{"type":"Feature","geometry":{"type":"Point","coordinates":[-77.5493,38.73234]},"properties":{"id":"node/2314117901","name":"Aka Sushi","group":"food","category":"amenity=restaurant","cuisine":"japanese","tags":";japanese;restaurant;sushi;"}},{"type":"Feature","geometry":{"type":"Point","coordinates":[-77.55059,38.73413]},"properties":{"id":"node/2317034619","name":"Lin's China Bistro","group":"food","category":"amenity=restaurant","cuisine":"chinese","tags":";chinese;restaurant;takeout;delivery;"}},{"type":"Feature","geometry":{"type":"Point","coordinates":[-77.55067,38.73406]},"properties":{"id":"node/2317034626","name":"Viet Flavor","group":"food","category":"amenity=restaurant","cuisine":"vietnamese","housenumber":"10278","street":"Bristow Center Drive","city":"Bristow","postcode":"20136","tags":";vietnamese;restaurant;takeout;"}},{"type":"Feature","geometry":{"type":"Point","coordinates":[-77.5511,38.73371]},"properties":{"id":"node/2317034637","name":"Tony's N.Y. Pizza","group":"food","category":"amenity=restaurant","cuisine":"pizza","tags":";pizza;restaurant;"}},{"type":"Feature","geometry":{"type":"Point","coordinates":[-77.55138,38.73349]},"properties":{"id":"node/2317034645","name":"Family Eye Care","group":"personal_care","category":"shop=optician","tags":";optician;"}},{"type":"Feature","geometry":{"type":"Point","coordinates":[-77.55094,38.73253]},"properties":{"id":"node/2317045484","name":"Dogs Gone Wild","group":"shopping","category":"shop=pet","tags":";pet;"}},{"type":"Feature","geometry":{"type":"Point","coordinates":[-77.55081,38.73252]},"properties":{"id":"node/2317045485","name":"Thai Peppers","group":"food","category":"amenity=restaurant","cuisine":"thai","housenumber":"10406","street":"Bristow Center Drive","city":"Bristow","postcode":"20136","tags":";thai;restaurant;takeout;outdoor_seating;"}},{"type":"Feature","geometry":{"type":"Point","coordinates":[-77.64335,38.81672]},"properties":{"id":"node/2317646986","name":"Divine Nail Spa","group":"personal_care","category":"shop=beauty","tags":";beauty;nails;spa;"}},{"type":"Feature","geometry":{"type":"Point","coordinates":[-77.64283,38.81425]},"properties":{"id":"node/2317647017","name":"Haymarket Barber Shop","group":"personal_care","category":"shop=hairdresser","phone":"+1-703-753-9399","website":"https://haymarketbarbershop.com/","housenumber":"6759","street":"Lea Berry Way","city":"Haymarket","postcode":"20169","tags":";hairdresser;barber;"}},{"type":"Feature","geometry":{"type":"Point","coordinates":[-77.48603,38.76916]},"properties":{"id":"node/2318884670","name":"Andrade Market","group":"groceries","category":"shop=convenience","tags":";convenience;"}},{"type":"Feature","geometry":{"type":"Point","coordinates":[-77.50446,38.77735]},"properties":{"id":"node/2318990149","name":"Pho 234","group":"food","category":"amenity=restaurant","cuisine":"vietnamese","website":"https://vietnamesefoodmanass.wixsite.com/pho234","housenumber":"10376","street":"Festival Lane","city":"Manassas","postcode":"20109","tags":";vietnamese;restaurant;"}},{"type":"Feature","geometry":{"type":"Point","coordinates":[-77.50469,38.77918]},"properties":{"id":"node/2318990151","name":"Furniture City","group":"shopping","category":"shop=furniture","tags":";furniture;"}},{"type":"Feature","geometry":{"type":"Point","coordinates":[-77.50687,38.78009]},"properties":{"id":"node/2318990155","name":"Party Co","group":"shopping","category":"shop=party","tags":";party;"}},{"type":"Feature","geometry":{"type":"Point","coordinates":[-77.50766,38.77984]},"properties":{"id":"node/2319011188","name":"Grill Kabob Xpress","group":"food","category":"amenity=fast_food","cuisine":"kebab","tags":";kebab;fast_food;"}},{"type":"Feature","geometry":{"type":"Point","coordinates":[-77.50783,38.77973]},"properties":{"id":"node/2319011191","name":"Halal Food & Meat","group":"groceries","category":"shop=convenience","tags":";convenience;halal;butcher;"}},{"type":"Feature","geometry":{"type":"Point","coordinates":[-77.50811,38.77953]},"properties":{"id":"node/2319011196","name":"La Mexicana Bakery","group":"food","category":"shop=bakery","cuisine":"mexican","tags":";mexican;bakery;"}},{"type":"Feature","geometry":{"type":"Point","coordinates":[-77.47547,38.75163]},"properties":{"id":"node/2319107995","name":"Manassas Olive Oil Company","group":"groceries","category":"shop=supermarket","housenumber":"9406","street":"Grant Avenue","city":"Manassas","postcode":"20110","tags":";supermarket;"}},{"type":"Feature","geometry":{"type":"Point","coordinates":[-77.47044,39.061]},"properties":{"id":"node/2320245631","name":"Floor & Design","group":"shopping","category":"shop=flooring","phone":"+1 703-726-9699","website":"http://flooranddesign.net/","tags":";flooring;"}},{"type":"Feature","geometry":{"type":"Point","coordinates":[-77.47106,39.06008]},"properties":{"id":"node/2320245702","name":"Cigar Connection","group":"shopping","category":"shop=tobacco","hours":"Mo-Sa 10:00-21:00; Su 11:00-19:00","phone":"+1 703-724-0707","website":"http://cigarconnectionva.com/","tags":";tobacco;"}},{"type":"Feature","geometry":{"type":"Point","coordinates":[-77.45136,38.74333]},"properties":{"id":"node/2320260533","name":"Shakin Crab","group":"food","category":"amenity=restaurant","cuisine":"seafood;cajun","website":"https://www.theshakincrab.com/menus","housenumber":"9886","street":"Liberia Avenue","city":"Manassas","postcode":"20110","tags":";seafood;cajun;restaurant;"}},{"type":"Feature","geometry":{"type":"Point","coordinates":[-77.47109,39.06005]},"properties":{"id":"node/2320262956","name":"Village Square Cleaner","group":"services","category":"shop=dry_cleaning","hours":"Mo-Fr 07:00-19:00; Sa 08:00-18:00; Su 11:00-17:00","phone":"+1 703-726-1333","website":"https://cleaners2u.com/","tags":";dry_cleaning;"}},{"type":"Feature","geometry":{"type":"Point","coordinates":[-77.47054,39.0609]},"properties":{"id":"node/2320262958","name":"Maya Caroleena Jewelry","group":"shopping","category":"shop=jewelry","phone":"+1 703-723-9070","tags":";jewelry;"}},{"type":"Feature","geometry":{"type":"Point","coordinates":[-77.37261,39.01445]},"properties":{"id":"node/2342297989","name":"Town Center Cleaners","group":"services","category":"shop=laundry","tags":";laundry;dry_cleaning;"}},{"type":"Feature","geometry":{"type":"Point","coordinates":[-77.37365,39.01278]},"properties":{"id":"node/2342342154","name":"Salon Plaza","group":"personal_care","category":"shop=hairdresser","tags":";hairdresser;"}},{"type":"Feature","geometry":{"type":"Point","coordinates":[-77.37346,39.01254]},"properties":{"id":"node/2342342162","name":"Manhattan Pizza","group":"food","category":"amenity=restaurant","cuisine":"pizza","website":"https://manhattanpizza.com/","housenumber":"21800","street":"Towncenter Plaza","tags":";pizza;restaurant;"}},{"type":"Feature","geometry":{"type":"Point","coordinates":[-77.37336,39.0125]},"properties":{"id":"node/2343276791","name":"Sterling Appliance","group":"shopping","category":"shop=appliance","website":"https://www.lucias-italian.com/potomacfalls","tags":";appliance;"}},{"type":"Feature","geometry":{"type":"Point","coordinates":[-77.50248,38.77395]},"properties":{"id":"node/2356662569","name":"Casual Male","group":"shopping","category":"shop=clothes","tags":";clothes;"}},{"type":"Feature","geometry":{"type":"Point","coordinates":[-77.45113,38.7755]},"properties":{"id":"node/2391962613","name":"Columbus Grill","group":"food","category":"amenity=restaurant","housenumber":"8349","street":"Centreville Road","city":"Manassas","postcode":"20111","tags":";restaurant;"}},{"type":"Feature","geometry":{"type":"Point","coordinates":[-77.45082,38.77714]},"properties":{"id":"node/2392240408","name":"Yorkshire Garden Center","group":"shopping","category":"shop=garden_centre","tags":";garden_centre;"}},{"type":"Feature","geometry":{"type":"Point","coordinates":[-77.45009,38.78102]},"properties":{"id":"node/2393357747","name":"Las Tros Chicos","group":"food","category":"amenity=restaurant","cuisine":"mexican","tags":";mexican;restaurant;"}},{"type":"Feature","geometry":{"type":"Point","coordinates":[-77.44982,38.78145]},"properties":{"id":"node/2393357761","name":"C & S Barber Shop","group":"personal_care","category":"shop=hairdresser","housenumber":"8029","street":"Centreville Road","city":"Manassas","postcode":"20111","tags":";hairdresser;barber;"}},{"type":"Feature","geometry":{"type":"Point","coordinates":[-77.45064,38.78162]},"properties":{"id":"node/2393357784","name":"Exotic Motors","group":"shopping","category":"shop=car","tags":";car;"}},{"type":"Feature","geometry":{"type":"Point","coordinates":[-77.44776,38.79141]},"properties":{"id":"node/2394603555","name":"Yorkshire Cleaners","group":"services","category":"shop=dry_cleaning","tags":";dry_cleaning;"}},{"type":"Feature","geometry":{"type":"Point","coordinates":[-77.44655,38.79928]},"properties":{"id":"node/2394974141","name":"Dominion Arms Corp","group":"shopping","category":"shop=hunting","housenumber":"7253","street":"Centreville Road","city":"Manassas","postcode":"20111","tags":";hunting;"}},{"type":"Feature","geometry":{"type":"Point","coordinates":[-77.44747,38.79923]},"properties":{"id":"node/2394974148","name":"Soccer Scene","group":"shopping","category":"shop=sports","tags":";sports;"}},{"type":"Feature","geometry":{"type":"Point","coordinates":[-77.4476,38.79954]},"properties":{"id":"node/2394974149","name":"El Rancho Taqueria & Bar","group":"food","category":"amenity=restaurant","cuisine":"mexican","tags":";mexican;restaurant;"}},{"type":"Feature","geometry":{"type":"Point","coordinates":[-77.50977,38.77899]},"properties":{"id":"node/2402004244","name":"Manassas Computer Repair","group":"shopping","category":"shop=computer","housenumber":"8126","street":"Sudley Road","city":"Manassas","postcode":"20109","tags":";computer;"}},{"type":"Feature","geometry":{"type":"Point","coordinates":[-77.50958,38.77887]},"properties":{"id":"node/2402004246","name":"Pho Saigon","group":"food","category":"amenity=restaurant","cuisine":"vietnamese","housenumber":"8130","street":"Sudley Road","city":"Manassas","postcode":"20109","tags":";vietnamese;restaurant;"}},{"type":"Feature","geometry":{"type":"Point","coordinates":[-77.44383,39.05467]},"properties":{"id":"node/2404923297","name":"The Colonial Cafe","group":"food","category":"amenity=cafe","website":"http://www.gwvirginia.gwu.edu/services/colonialcafe.htm","tags":";cafe;"}},{"type":"Feature","geometry":{"type":"Point","coordinates":[-77.44583,39.05817]},"properties":{"id":"node/2406006017","name":"Value Blind & Heirloom Draperies","group":"shopping","category":"shop=interior_decoration","phone":"+1 703-858-9760","website":"https://valueblinddesign.com/","housenumber":"44927","street":"George Washington Boulevard","tags":";interior_decoration;"}},{"type":"Feature","geometry":{"type":"Point","coordinates":[-77.446,39.05826]},"properties":{"id":"node/2406006020","name":"Taco Zocalo","group":"food","category":"amenity=fast_food","cuisine":"mexican","phone":"+1 703-858-9990","website":"http://www.antoniosnypizzeria.com/","housenumber":"44927","street":"George Washington Boulevard","tags":";mexican;fast_food;"}},{"type":"Feature","geometry":{"type":"Point","coordinates":[-77.33965,38.75848]},"properties":{"id":"node/2419414042","name":"Davis Store","group":"groceries","category":"shop=convenience","tags":";convenience;"}},{"type":"Feature","geometry":{"type":"Point","coordinates":[-77.45843,38.7924]},"properties":{"id":"node/2419451255","name":"Hi Mart","group":"groceries","category":"shop=convenience","housenumber":"8693","street":"Parkland Street","city":"Manassas","postcode":"20111","tags":";convenience;"}},{"type":"Feature","geometry":{"type":"Point","coordinates":[-77.60686,38.78876]},"properties":{"id":"node/2445943367","name":"LOFT Ann Taylor","group":"shopping","category":"shop=clothes","tags":";clothes;"}},{"type":"Feature","geometry":{"type":"Point","coordinates":[-77.51802,38.7875]},"properties":{"id":"node/2502351311","name":"Flower Gallery","group":"shopping","category":"shop=florist","tags":";florist;"}},{"type":"Feature","geometry":{"type":"Point","coordinates":[-77.4053,38.99815]},"properties":{"id":"node/2573374802","name":"El Paso Pupuseria & Mexican Grill","group":"food","category":"amenity=restaurant","cuisine":"salvadoran","phone":"+1 703-421-0801","housenumber":"309","street":"South Sterling Boulevard","city":"Sterling Park","postcode":"20164","tags":";salvadoran;restaurant;mexican;"}},{"type":"Feature","geometry":{"type":"Point","coordinates":[-77.42298,39.03083]},"properties":{"id":"node/2630346175","name":"Black Friday Daily Deals","group":"groceries","category":"shop=variety_store","hours":"Mo,Tu,Fr,Sa 10:00-20:00; We,Su 10:00-19:00","housenumber":"21050","street":"Dulles Town Circle","city":"Sterling","postcode":"20166","tags":";variety_store;"}},{"type":"Feature","geometry":{"type":"Point","coordinates":[-77.4031,39.00099]},"properties":{"id":"node/2641376918","name":"Traditions Tattoo","group":"personal_care","category":"shop=tattoo","tags":";tattoo;"}},{"type":"Feature","geometry":{"type":"Point","coordinates":[-77.4418,38.94546]},"properties":{"id":"node/2642978123","name":"United Global First Class Lounge","group":"food","category":"amenity=bar","hours":"Mo-Su 14:00-19:00","tags":";bar;wifi;"}},{"type":"Feature","geometry":{"type":"Point","coordinates":[-77.54774,38.93946]},"properties":{"id":"node/2685248061","name":"Brew Birds","group":"food","category":"amenity=cafe","cuisine":"coffee_shop","housenumber":"42020","street":"Village Center Plaza","city":"Aldie","postcode":"20105","tags":";coffee_shop;cafe;outdoor_seating;"}},{"type":"Feature","geometry":{"type":"Point","coordinates":[-77.54988,38.94043]},"properties":{"id":"node/2685250066","name":"Glory Days Grill","group":"food","category":"amenity=restaurant","cuisine":"american","tags":";american;restaurant;"}},{"type":"Feature","geometry":{"type":"Point","coordinates":[-77.53432,38.95195]},"properties":{"id":"node/2685331791","name":"Evergreen Store","group":"groceries","category":"shop=convenience","tags":";convenience;"}},{"type":"Feature","geometry":{"type":"Point","coordinates":[-77.41062,38.97751]},"properties":{"id":"node/2698984928","name":"Isis Cafe","group":"food","category":"amenity=cafe","tags":";cafe;"}},{"type":"Feature","geometry":{"type":"Point","coordinates":[-77.53703,38.98462]},"properties":{"id":"node/2700464949","name":"Blue Ridge Grill","group":"food","category":"amenity=restaurant","cuisine":"american","hours":"Mo,Tu 11:00-21:30, We,Th 11:00-22:00, Fr,Sa 11:00-23:00, Su 10:00-21:30","housenumber":"22865","street":"Brambleton Plaza","city":"Brambleton","postcode":"20146","tags":";american;restaurant;"}},{"type":"Feature","geometry":{"type":"Point","coordinates":[-77.45134,38.98457]},"properties":{"id":"node/2700755122","name":"Zaf's Auto Repair","group":"services","category":"shop=car_repair","phone":"+1 703-689-2711","city":"Sterling","tags":";car_repair;"}},{"type":"Feature","geometry":{"type":"Point","coordinates":[-77.4933,39.01091]},"properties":{"id":"node/2725168680","name":"Bangrak Thai Cuisine","group":"food","category":"amenity=restaurant","cuisine":"thai","website":"https://www.bangrakthaicuisine.com/","tags":";thai;restaurant;"}},{"type":"Feature","geometry":{"type":"Point","coordinates":[-77.50783,39.00875]},"properties":{"id":"node/2725271414","name":"Virginia Tire and Auto","group":"services","category":"shop=car_repair","tags":";car_repair;tyres;"}},{"type":"Feature","geometry":{"type":"Point","coordinates":[-77.60804,38.7922]},"properties":{"id":"node/2775203199","name":"A.J. Carpet & Flooring","group":"shopping","category":"shop=doityourself","tags":";doityourself;"}},{"type":"Feature","geometry":{"type":"Point","coordinates":[-77.6089,38.79346]},"properties":{"id":"node/2775284918","name":"Ann's Nails","group":"personal_care","category":"shop=beauty","hours":"Mo-Sa 10:00-19:00; Su 11:00-17:00","phone":"+1 571-248-6482","housenumber":"14046","street":"Promenade Commons Street","city":"Gainesville","postcode":"20155","tags":";beauty;nails;wheelchair_accessible;"}},{"type":"Feature","geometry":{"type":"Point","coordinates":[-77.47556,39.01614]},"properties":{"id":"node/2819288174","name":"Lost Rhino Brewery","group":"food","category":"amenity=pub","website":"https://lostrhino.com/","tags":";pub;brewery;outdoor_seating;"}},{"type":"Feature","geometry":{"type":"Point","coordinates":[-77.44592,39.05801]},"properties":{"id":"node/2847452556","name":"Huzzah Hobbies","group":"shopping","category":"shop=games","hours":"Mo-Fr 12:00-22:00; Sa 10:00-21:00; Su 12:00-18:00","phone":"+1 703-466-0460","website":"https://www.huzzahhobbies.com/","tags":";games;"}},{"type":"Feature","geometry":{"type":"Point","coordinates":[-77.50932,38.92338]},"properties":{"id":"node/2915187662","name":"Hogan and Sons Tire and Auto","group":"services","category":"shop=car_repair","website":"https://hoganandsonsinc.com/MyInstallers/view/7/South%20Riding-VA","housenumber":"43180","street":"Amberwood Place","city":"South Riding","postcode":"20152","tags":";car_repair;tyres;"}},{"type":"Feature","geometry":{"type":"Point","coordinates":[-77.52241,39.04324]},"properties":{"id":"node/2925004460","name":"Passion Fin","group":"food","category":"amenity=restaurant","cuisine":"sushi","hours":"Mo 10:30-14:45,16:00-22:00; Tu-Th 11:30-14:45,16:00-22:00; Fr 10:30-14:45,16:00-23:00; Sa 12:00-23:00; Su 12:00-21:00","website":"https://www.passionfinashburn.com/","housenumber":"42780","street":"Creek View Plaza","city":"Ashburn","postcode":"20147","tags":";sushi;restaurant;"}},{"type":"Feature","geometry":{"type":"Point","coordinates":[-77.74247,38.97453]},"properties":{"id":"node/2985500890","name":"Harrimans Virginia Piedmont Grill","group":"food","category":"amenity=restaurant","phone":"+1 540-326-4072","website":"http://www.salamanderresort.com/dining/harrimans-grill","housenumber":"500","street":"North Pendleton Street","postcode":"20117","tags":";restaurant;"}},{"type":"Feature","geometry":{"type":"Point","coordinates":[-77.50839,39.00855]},"properties":{"id":"node/3054624133","name":"Rubino's Pizzeria","group":"food","category":"amenity=restaurant","cuisine":"pizza","tags":";pizza;restaurant;"}},{"type":"Feature","geometry":{"type":"Point","coordinates":[-77.50398,39.0085]},"properties":{"id":"node/3054650847","name":"Hunan Cafe","group":"food","category":"amenity=cafe","tags":";cafe;chinese;wheelchair_accessible;"}},{"type":"Feature","geometry":{"type":"Point","coordinates":[-77.49334,39.00965]},"properties":{"id":"node/3054658033","name":"Yen's Cafe","group":"food","category":"amenity=restaurant","cuisine":"asian","tags":";asian;restaurant;"}},{"type":"Feature","geometry":{"type":"Point","coordinates":[-77.48702,39.00708]},"properties":{"id":"node/3055478107","name":"Burger 21","group":"food","category":"amenity=fast_food","website":"http://www.burger21.com","tags":";fast_food;burger;"}},{"type":"Feature","geometry":{"type":"Point","coordinates":[-77.48756,38.91576]},"properties":{"id":"node/3326427781","name":"Velocity Wings","group":"food","category":"amenity=restaurant","cuisine":"chicken","hours":"11:00-23:00","housenumber":"25630","street":"Eastern Marketplace Plaza","city":"South Riding","postcode":"20152","tags":";chicken;restaurant;"}},{"type":"Feature","geometry":{"type":"Point","coordinates":[-77.45308,39.01851]},"properties":{"id":"node/3336414443","name":"Ace Photo","group":"services","category":"shop=photo","hours":"Mo-Fr 09:00-20:00, Sa 09:00-18:00, Su 11:00-16:00","phone":"+1-703-430-3333","website":"https://acephoto.net/","housenumber":"44710","street":"Cape Court","city":"Ashburn","postcode":"20147","tags":";photo;"}},{"type":"Feature","geometry":{"type":"Point","coordinates":[-77.45376,38.94557]},"properties":{"id":"node/3413155737","name":"Market 1962","group":"groceries","category":"shop=newsagent","hours":"Mo-Su,PH 06:00-21:00","tags":";newsagent;"}},{"type":"Feature","geometry":{"type":"Point","coordinates":[-77.45223,38.94552]},"properties":{"id":"node/3413155744","name":"Grille District","group":"food","category":"amenity=restaurant","hours":"Mo-Su 06:00-23:00","tags":";restaurant;"}},{"type":"Feature","geometry":{"type":"Point","coordinates":[-77.44438,38.94545]},"properties":{"id":"node/3413156597","name":"Chef Geoff's","group":"food","category":"amenity=restaurant","hours":"Mo-Su 06:00-22:00","website":"http://wilnercompanies.com/tidewaterlandingdca.com/","tags":";restaurant;takeout;wheelchair_accessible;"}},{"type":"Feature","geometry":{"type":"Point","coordinates":[-77.44895,38.94537]},"properties":{"id":"node/3413156611","name":"Union Kitchen","group":"groceries","category":"shop=convenience","tags":";convenience;wheelchair_accessible;"}},{"type":"Feature","geometry":{"type":"Point","coordinates":[-77.45161,38.94537]},"properties":{"id":"node/3413156617","name":"Duty Free Americas","group":"shopping","category":"shop=gift","hours":"07:00-19:00","tags":";gift;wheelchair_accessible;"}},{"type":"Feature","geometry":{"type":"Point","coordinates":[-77.45119,38.94551]},"properties":{"id":"node/3413156623","name":"Clyde's","group":"food","category":"amenity=restaurant","hours":"Mo-Su 06:00-22:00","tags":";restaurant;wheelchair_accessible;"}},{"type":"Feature","geometry":{"type":"Point","coordinates":[-77.45381,38.94889]},"properties":{"id":"node/3413208608","name":"Washington Burgundy & Gold Club","group":"food","category":"amenity=restaurant","cuisine":"american","hours":"Mo,Fr 11:00-20:00; Tu-Th,Sa-Su 05:00-20:00","phone":"+1-703-972-7179","website":"https://www.flydulles.com/store/washington-burgundy-gold-club","tags":";american;restaurant;wheelchair_accessible;wifi;"}},{"type":"Feature","geometry":{"type":"Point","coordinates":[-77.45347,38.94865]},"properties":{"id":"node/3413208609","name":"Capitol Grounds Coffee","group":"food","category":"amenity=cafe","hours":"05:00-17:00","tags":";cafe;coffee_shop;wheelchair_accessible;"}},{"type":"Feature","geometry":{"type":"Point","coordinates":[-77.45304,38.94866]},"properties":{"id":"node/3413208613","name":"Ben's Chili Bowl","group":"food","category":"amenity=restaurant","tags":";restaurant;"}},{"type":"Feature","geometry":{"type":"Point","coordinates":[-77.45297,38.94892]},"properties":{"id":"node/3413208614","name":"DC Marketplace","group":"shopping","category":"shop=gift","hours":"08:30-17:30","tags":";gift;wheelchair_accessible;"}},{"type":"Feature","geometry":{"type":"Point","coordinates":[-77.45285,38.94891]},"properties":{"id":"node/3413208615","name":"TravelTech","group":"shopping","category":"shop=electronics","hours":"05:00-19:00","tags":";electronics;wheelchair_accessible;"}},{"type":"Feature","geometry":{"type":"Point","coordinates":[-77.45193,38.94887]},"properties":{"id":"node/3413208619","name":"Duty Free Americas","group":"groceries","category":"shop=general","hours":"08:00-22:00","tags":";general;wheelchair_accessible;"}},{"type":"Feature","geometry":{"type":"Point","coordinates":[-77.45118,38.94861]},"properties":{"id":"node/3413208624","name":"Stellar News","group":"groceries","category":"shop=newsagent","hours":"08:00-23:00","tags":";newsagent;wheelchair_accessible;"}},{"type":"Feature","geometry":{"type":"Point","coordinates":[-77.4485,38.94862]},"properties":{"id":"node/3413208641","name":"Washingtonian","group":"groceries","category":"shop=newsagent","hours":"07:00-16:30","tags":";newsagent;wheelchair_accessible;"}},{"type":"Feature","geometry":{"type":"Point","coordinates":[-77.44788,38.94863]},"properties":{"id":"node/3413208645","name":"Duty Free Americas","group":"groceries","category":"shop=general","hours":"08:00-22:00","tags":";general;wheelchair_accessible;"}},{"type":"Feature","geometry":{"type":"Point","coordinates":[-77.44737,38.94883]},"properties":{"id":"node/3413208651","name":"Mosaic","group":"shopping","category":"shop=jewelry","hours":"Mo,Th-Su 12:00-20:00; Tu-We off","tags":";jewelry;wheelchair_accessible;"}},{"type":"Feature","geometry":{"type":"Point","coordinates":[-77.44586,38.94884]},"properties":{"id":"node/3413208657","name":"Fiolina Pronto","group":"food","category":"amenity=restaurant","tags":";restaurant;"}},{"type":"Feature","geometry":{"type":"Point","coordinates":[-77.4425,38.94875]},"properties":{"id":"node/3413208672","name":"Urban Crave","group":"food","category":"amenity=restaurant","hours":"Mo-Su 06:30-22:00","tags":";restaurant;wheelchair_accessible;"}},{"type":"Feature","geometry":{"type":"Point","coordinates":[-77.44194,38.94524]},"properties":{"id":"node/3413216294","name":"Duty Free Americas","group":"shopping","category":"shop=gift","hours":"14:00-19:30","tags":";gift;wheelchair_accessible;"}},{"type":"Feature","geometry":{"type":"Point","coordinates":[-77.5219,38.92589]},"properties":{"id":"node/3507611572","name":"Sense of Thai","group":"food","category":"amenity=restaurant","cuisine":"thai","website":"https://senseofthai.com/sense-of-thai-chantilly/","housenumber":"25031","street":"Riding Plaza","city":"Chantilly","postcode":"20152","tags":";thai;restaurant;"}},{"type":"Feature","geometry":{"type":"Point","coordinates":[-77.52098,39.04184]},"properties":{"id":"node/3571892214","name":"Parrando's Tex-Mex Grill","group":"food","category":"amenity=restaurant","cuisine":"mexican","hours":"Mo-Th 11:00-22:00; Su 10:00-21:00; Fr 11:00-23:00; Sa 10:00-23:00","phone":"+1-571-248-3102","website":"https://www.parrandos.com/","housenumber":"42830","street":"Creek View Plaza","postcode":"20147","menu":"https://www.parrandos.com/ashburn-menu","tags":";mexican;restaurant;"}},{"type":"Feature","geometry":{"type":"Point","coordinates":[-77.39769,39.03464]},"properties":{"id":"node/3589001993","name":"Robeks","group":"food","category":"craft=confectionery","cuisine":"juice","tags":";juice;confectionery;"}},{"type":"Feature","geometry":{"type":"Point","coordinates":[-77.52535,38.75869]},"properties":{"id":"node/3641730958","name":"Mum Mum Restaurant","group":"food","category":"amenity=restaurant","cuisine":"thai","hours":"11:00-23:00","phone":"+1 571-208-0264","website":"https://www.mummumrestaurant.com/","housenumber":"10945","street":"George Mason Circle","city":"manassas","postcode":"20110","tags":";thai;restaurant;takeout;delivery;wheelchair_accessible;"}},{"type":"Feature","geometry":{"type":"Point","coordinates":[-77.47322,38.75091]},"properties":{"id":"node/3746592024","name":"Prospero's Books","group":"shopping","category":"shop=books","housenumber":"9129","street":"Center Street","city":"Manassas","postcode":"20110","tags":";books;"}},{"type":"Feature","geometry":{"type":"Point","coordinates":[-77.47324,38.75109]},"properties":{"id":"node/3748672630","name":"Center Street Gourmet Wine & Cheese","group":"groceries","category":"shop=alcohol","housenumber":"9126","street":"Center Street","city":"Manassas","postcode":"20110","tags":";alcohol;"}},{"type":"Feature","geometry":{"type":"Point","coordinates":[-77.47415,38.75092]},"properties":{"id":"node/3748672636","name":"Katerina's Greek Cuisine","group":"food","category":"amenity=restaurant","cuisine":"greek","housenumber":"9212","street":"Center Street","city":"Manassas","postcode":"20110","tags":";greek;restaurant;"}},{"type":"Feature","geometry":{"type":"Point","coordinates":[-77.7103,38.76731]},"properties":{"id":"node/3766576818","name":"Northside 29","group":"food","category":"amenity=restaurant","cuisine":"american","tags":";american;restaurant;"}},{"type":"Feature","geometry":{"type":"Point","coordinates":[-77.79199,38.75512]},"properties":{"id":"node/3780404062","name":"Whistling Swan","group":"food","category":"amenity=pub","tags":";pub;wifi;"}},{"type":"Feature","geometry":{"type":"Point","coordinates":[-77.51804,38.78492]},"properties":{"id":"node/3786717850","name":"Bull Run Kitchen & Bath","group":"shopping","category":"shop=kitchen","hours":"09:00-18:00","housenumber":"11696","street":"Sudley Manor Drive","city":"Manassas","postcode":"20109","tags":";kitchen;"}},{"type":"Feature","geometry":{"type":"Point","coordinates":[-77.45811,38.76309]},"properties":{"id":"node/3801583730","name":"7 Stars Hair Design","group":"personal_care","category":"shop=hairdresser","housenumber":"8817","street":"Centreville Road","city":"Manassas","postcode":"20110","tags":";hairdresser;"}},{"type":"Feature","geometry":{"type":"Point","coordinates":[-77.45817,38.76313]},"properties":{"id":"node/3801583731","name":"Diamond Nail & Spa","group":"personal_care","category":"shop=beauty","housenumber":"8815","street":"Centreville Road","city":"Manassas","postcode":"20110","tags":";beauty;nails;spa;"}},{"type":"Feature","geometry":{"type":"Point","coordinates":[-77.46249,38.75975]},"properties":{"id":"node/3807702259","name":"JCL Christain Book Store","group":"shopping","category":"shop=books","housenumber":"9006","street":"Centreville Road","city":"Manassas","postcode":"20110","tags":";books;"}},{"type":"Feature","geometry":{"type":"Point","coordinates":[-77.46241,38.75983]},"properties":{"id":"node/3807702266","name":"Espresso Portugese-American Grill","group":"food","category":"amenity=restaurant","housenumber":"9002","street":"Centreville Road","city":"Manassas","postcode":"20110","tags":";restaurant;coffee_shop;"}},{"type":"Feature","geometry":{"type":"Point","coordinates":[-77.45714,38.76255]},"properties":{"id":"node/3807725605","name":"American Cleaners","group":"services","category":"shop=dry_cleaning","housenumber":"8819","street":"Centreville Road","city":"Manassas","postcode":"20110","tags":";dry_cleaning;"}},{"type":"Feature","geometry":{"type":"Point","coordinates":[-77.44569,38.9455]},"properties":{"id":"node/3849275557","name":"Gatsby","group":"food","category":"amenity=restaurant","cuisine":"american","hours":"Mo-Su 06:00-23:00, open \"60 minutes before first flight\"","tags":";american;restaurant;wheelchair_accessible;"}},{"type":"Feature","geometry":{"type":"Point","coordinates":[-77.53699,38.72347]},"properties":{"id":"node/3868310941","name":"The White Elephant Antiques","group":"shopping","category":"shop=antiques","tags":";antiques;"}},{"type":"Feature","geometry":{"type":"Point","coordinates":[-77.53704,38.72352]},"properties":{"id":"node/3868311290","name":"Bristow Book Nook","group":"shopping","category":"shop=books","tags":";books;"}},{"type":"Feature","geometry":{"type":"Point","coordinates":[-77.47178,38.7512]},"properties":{"id":"node/3874107953","name":"Old Towne Man Cave","group":"personal_care","category":"shop=beauty","housenumber":"9070","street":"Center Street","city":"Manassas","postcode":"20110","tags":";beauty;"}},{"type":"Feature","geometry":{"type":"Point","coordinates":[-77.47175,38.75144]},"properties":{"id":"node/3874108267","name":"Doug's Deli","group":"food","category":"amenity=restaurant","cuisine":"sandwich","housenumber":"9366","street":"Main Street","city":"Manassas","postcode":"20110","tags":";sandwich;restaurant;"}},{"type":"Feature","geometry":{"type":"Point","coordinates":[-77.47177,38.75152]},"properties":{"id":"node/3874108269","name":"Grounds Central Station","group":"food","category":"amenity=cafe","cuisine":"coffee_shop","website":"https://www.groundscentralstation.com/","housenumber":"9360","street":"Main Street","city":"Manassas","postcode":"20110","tags":";coffee_shop;cafe;wifi;"}},{"type":"Feature","geometry":{"type":"Point","coordinates":[-77.47239,38.75083]},"properties":{"id":"node/3874115582","name":"Amy's Bridal Boutique","group":"shopping","category":"shop=clothes","housenumber":"9041","street":"Battle Street","city":"Manassas","postcode":"20110","tags":";clothes;"}},{"type":"Feature","geometry":{"type":"Point","coordinates":[-77.4724,38.751]},"properties":{"id":"node/3874115594","name":"Cutrate Barber Shop","group":"personal_care","category":"shop=hairdresser","housenumber":"9115","street":"Center Street","city":"Manassas","postcode":"20110","tags":";hairdresser;barber;"}},{"type":"Feature","geometry":{"type":"Point","coordinates":[-77.47231,38.75103]},"properties":{"id":"node/3874119606","name":"Curves Hair Studio","group":"personal_care","category":"shop=hairdresser","housenumber":"9113","street":"Center Street","city":"Manassas","postcode":"20110","tags":";hairdresser;"}},{"type":"Feature","geometry":{"type":"Point","coordinates":[-77.47164,38.75083]},"properties":{"id":"node/3874123413","name":"Crossroads Tabletop Tavern","group":"food","category":"amenity=restaurant","cuisine":"american","housenumber":"9412","street":"Main Street","city":"Manassas","postcode":"20110","tags":";american;restaurant;"}},{"type":"Feature","geometry":{"type":"Point","coordinates":[-77.47166,38.75094]},"properties":{"id":"node/3874123418","name":"Travel Place","group":"services","category":"shop=travel_agency","housenumber":"9410","street":"Main Street","city":"Manassas","postcode":"20110","tags":";travel_agency;"}},{"type":"Feature","geometry":{"type":"Point","coordinates":[-77.47481,38.75071]},"properties":{"id":"node/3891084431","name":"Ambergine Thrift Shop","group":"shopping","category":"shop=charity","housenumber":"9215","street":"Center Street","city":"Manassas","postcode":"20110","tags":";charity;second_hand;"}},{"type":"Feature","geometry":{"type":"Point","coordinates":[-77.47572,38.75057]},"properties":{"id":"node/3891084432","name":"Bulldog Bistro","group":"food","category":"amenity=restaurant","cuisine":"american","tags":";american;restaurant;"}},{"type":"Feature","geometry":{"type":"Point","coordinates":[-77.47145,38.75109]},"properties":{"id":"node/3891098338","name":"Artbeat Gallery","group":"shopping","category":"shop=art","housenumber":"9407","street":"Main Street","city":"Manassas","postcode":"20110","tags":";art;"}},{"type":"Feature","geometry":{"type":"Point","coordinates":[-77.47144,38.75104]},"properties":{"id":"node/3891098340","name":"Ashby Jewelers","group":"shopping","category":"shop=jewelry","housenumber":"9407","street":"Main Street","city":"Manassas","postcode":"20110","tags":";jewelry;"}},{"type":"Feature","geometry":{"type":"Point","coordinates":[-77.47141,38.75087]},"properties":{"id":"node/3891118253","name":"Philadelphia Tavern","group":"food","category":"amenity=restaurant","cuisine":"american","housenumber":"9413","street":"Main Street","city":"Manassas","postcode":"20110","tags":";american;restaurant;"}},{"type":"Feature","geometry":{"type":"Point","coordinates":[-77.47031,38.75136]},"properties":{"id":"node/3891143408","name":"Olde Towne Hair Creations","group":"personal_care","category":"shop=hairdresser","housenumber":"9012","street":"Center Street","city":"Manassas","postcode":"20110","tags":";hairdresser;"}},{"type":"Feature","geometry":{"type":"Point","coordinates":[-77.47066,38.75173]},"properties":{"id":"node/3891143410","name":"Siam Classic","group":"food","category":"amenity=restaurant","cuisine":"asian","housenumber":"9403","street":"East Street","city":"Manassas","postcode":"20110","tags":";asian;restaurant;"}},{"type":"Feature","geometry":{"type":"Point","coordinates":[-77.47102,38.75186]},"properties":{"id":"node/3891145037","name":"Flowers With Passion","group":"shopping","category":"shop=florist","housenumber":"9015","street":"Church Street","city":"Manassas","postcode":"20110","tags":";florist;"}},{"type":"Feature","geometry":{"type":"Point","coordinates":[-77.47231,38.75115]},"properties":{"id":"node/3894449069","name":"Carmello's","group":"food","category":"amenity=restaurant","cuisine":"italian;portuguese","website":"https://carmellos.com/","housenumber":"9108","street":"Center Street","city":"Manassas","postcode":"20110","tags":";italian;portuguese;restaurant;"}},{"type":"Feature","geometry":{"type":"Point","coordinates":[-77.47213,38.75116]},"properties":{"id":"node/3894449072","name":"The Things I Love","group":"shopping","category":"shop=gift","housenumber":"9084","street":"Center Street","city":"Manassas","postcode":"20110","tags":";gift;"}},{"type":"Feature","geometry":{"type":"Point","coordinates":[-77.47206,38.75117]},"properties":{"id":"node/3894449073","name":"Creative Brush Studio","group":"shopping","category":"shop=art","housenumber":"9082","street":"Center Street","city":"Manassas","postcode":"20110","tags":";art;"}},{"type":"Feature","geometry":{"type":"Point","coordinates":[-77.47185,38.7512]},"properties":{"id":"node/3894449074","name":"Scatter Seeds","group":"shopping","category":"shop=gift","housenumber":"9078","street":"Center Street","city":"Manassas","postcode":"20110","tags":";gift;"}},{"type":"Feature","geometry":{"type":"Point","coordinates":[-77.47211,38.75105]},"properties":{"id":"node/3894485260","name":"Love Charley","group":"shopping","category":"shop=furniture","housenumber":"9105","street":"Center Street","city":"Manassas","postcode":"20110","tags":";furniture;"}},{"type":"Feature","geometry":{"type":"Point","coordinates":[-77.47205,38.75106]},"properties":{"id":"node/3894485265","name":"JazCutz","group":"personal_care","category":"shop=hairdresser","housenumber":"9103","street":"Center Street","city":"Manassas","postcode":"20110","tags":";hairdresser;"}},{"type":"Feature","geometry":{"type":"Point","coordinates":[-77.47241,38.75126]},"properties":{"id":"node/3894485266","name":"Monza","group":"food","category":"amenity=restaurant","cuisine":"italian","website":"https://www.eatmonza.com/","housenumber":"9405","street":"Battle Street","city":"Manassas","postcode":"20110","tags":";italian;restaurant;"}},{"type":"Feature","geometry":{"type":"Point","coordinates":[-77.86244,38.86204]},"properties":{"id":"node/3904615361","name":"Marshall Diner","group":"food","category":"amenity=restaurant","cuisine":"diner","housenumber":"8457","street":"West Main Street","city":"Marshall","postcode":"20115","tags":";diner;restaurant;"}},{"type":"Feature","geometry":{"type":"Point","coordinates":[-77.8625,38.86201]},"properties":{"id":"node/3904615469","name":"Mom Made Cookies","group":"food","category":"craft=confectionery","tags":";confectionery;"}},{"type":"Feature","geometry":{"type":"Point","coordinates":[-77.86255,38.86198]},"properties":{"id":"node/3904930757","name":"Marshall Cleaners","group":"services","category":"shop=dry_cleaning","housenumber":"8459","street":"West Main Street","city":"Marshall","postcode":"20115","tags":";dry_cleaning;"}},{"type":"Feature","geometry":{"type":"Point","coordinates":[-77.48611,38.76901]},"properties":{"id":"node/3925447512","name":"Juke Box Diner","group":"food","category":"amenity=restaurant","cuisine":"american","website":"https://jukeboxdiner.com/","housenumber":"8637","street":"Sudley Road","city":"Manassas","postcode":"20110","tags":";american;restaurant;"}},{"type":"Feature","geometry":{"type":"Point","coordinates":[-77.54667,38.73155]},"properties":{"id":"node/4063768550","name":"Auto Gallery Cars & Trucks","group":"shopping","category":"shop=car","housenumber":"11705","street":"Nokesville Road","city":"Bristow","postcode":"20136","tags":";car;"}},{"type":"Feature","geometry":{"type":"Point","coordinates":[-77.54672,38.73147]},"properties":{"id":"node/4063768551","name":"El Quetzalteco Grill","group":"food","category":"amenity=restaurant","cuisine":"south_american","housenumber":"11707","street":"Nokesville Road","city":"Bristow","postcode":"20136","tags":";south_american;restaurant;"}},{"type":"Feature","geometry":{"type":"Point","coordinates":[-77.47103,39.06012]},"properties":{"id":"node/4110028936","name":"Friends Barbershop","group":"personal_care","category":"shop=hairdresser","hours":"Mo-Fr 09:00-20:00; Sa-Su 09:00-18:00","phone":"+1 571-707-8830","website":"https://www.ashburnfriendsbarbershop.com/","tags":";hairdresser;barber;"}},{"type":"Feature","geometry":{"type":"Point","coordinates":[-77.47241,39.04454]},"properties":{"id":"node/4110733150","name":"The Ashburn Pub","group":"food","category":"amenity=pub","phone":"+1 703-724-0755","website":"https://www.theashburnpub.com/","housenumber":"44110","street":"Ashburn Shopping Plaza","city":"Ashburn","postcode":"20147","tags":";pub;outdoor_seating;"}},{"type":"Feature","geometry":{"type":"Point","coordinates":[-77.47243,39.04447]},"properties":{"id":"node/4110733152","name":"Pho Factory","group":"food","category":"amenity=restaurant","cuisine":"vietnamese","hours":"Mo-Sa 10:00-21:00; Su 10:00-20:00","phone":"+1 703-858-9100","website":"http://thephorestaurant.homestead.com/","housenumber":"44110","street":"Ashburn Shopping Plaza","city":"Ashburn","postcode":"20147","tags":";vietnamese;restaurant;"}},{"type":"Feature","geometry":{"type":"Point","coordinates":[-77.47337,39.04418]},"properties":{"id":"node/4110760295","name":"Ashburn Village Cleaners","group":"services","category":"shop=dry_cleaning","hours":"Mo-Fr 07:00-18:00; Sa 08:00-16:00","phone":"+1 703-729-1266","housenumber":"44110","street":"Ashburn Shopping Plaza","city":"Ashburn","postcode":"20147","tags":";dry_cleaning;"}},{"type":"Feature","geometry":{"type":"Point","coordinates":[-77.47272,39.04407]},"properties":{"id":"node/4110760302","name":"Mr. Sushi & Mrs. Roll","group":"food","category":"amenity=restaurant","cuisine":"fish;japanese;korean;oriental;ramen;seafood;sushi","hours":"Mo-Th,Su 11:30-21:30; Fr-Sa 11:30-22:00","phone":"+1-571-707-8771","website":"https://mrsushimrsroll.com","housenumber":"44110","street":"Ashburn Shopping Plaza","city":"Ashburn","postcode":"20147","tags":";fish;japanese;korean;oriental;ramen;seafood;sushi;restaurant;"}},{"type":"Feature","geometry":{"type":"Point","coordinates":[-77.47317,39.04415]},"properties":{"id":"node/4110760303","name":"Opa! mezze grill","group":"food","category":"amenity=restaurant","cuisine":"greek","hours":"Tu-Sa 11:00-21:00; Su 11:00-20:00","phone":"+1 703-729-2211","website":"https://www.opamezzegrill.com/","housenumber":"44110","street":"Ashburn Shopping Plaza","city":"Ashburn","postcode":"20147","tags":";greek;restaurant;"}},{"type":"Feature","geometry":{"type":"Point","coordinates":[-77.47462,39.04443]},"properties":{"id":"node/4110786895","name":"Ashburn Village Chiropractic","group":"personal_care","category":"shop=massage","hours":"Mo,We 10:00-17:00; Tu,Th 15:00-19:00; Fr 08:00-13:00","phone":"+1 703-723-6800","website":"https://www.ashburnvillagechiropractic.com/","housenumber":"44110","street":"Ashburn Shopping Plaza","city":"Ashburn","postcode":"20147","tags":";massage;"}},{"type":"Feature","geometry":{"type":"Point","coordinates":[-77.47587,39.04465]},"properties":{"id":"node/4110851944","name":"Persis Biryani Indian Grill","group":"food","category":"amenity=restaurant","cuisine":"indian","hours":"Tu-Th 11:30-14:30,17:00-21:30; Fr-Sa 11:30-15:00,17:00-22:00; Su 11:30-15:30,17:00-21:30","phone":"+1 703-723-0040","website":"https://www.persisindiangrillva.com/","housenumber":"44050","street":"Ashburn Shopping Plaza","city":"Ashburn","postcode":"20147","tags":";indian;restaurant;delivery;vegan;vegetarian;"}},{"type":"Feature","geometry":{"type":"Point","coordinates":[-77.47563,39.04461]},"properties":{"id":"node/4110851947","name":"Finnegan\u2019s Bar & Grill","group":"food","category":"amenity=bar","cuisine":"irish","hours":"11:30-02:00","phone":"+1 703-723-5885","website":"https://www.finnegans.net/","housenumber":"44050","street":"Ashburn Shopping Plaza","city":"Ashburn","postcode":"20147","tags":";irish;bar;outdoor_seating;"}},{"type":"Feature","geometry":{"type":"Point","coordinates":[-77.47649,39.04477]},"properties":{"id":"node/4110993613","name":"Ashburn Wine Shop","group":"groceries","category":"shop=alcohol","hours":"Mo-Tu 16:00-20:00; We-Sa 11:00-22:00; Su 12:00-19:00","phone":"+1 703-723-7575","website":"https://www.ashburnwineshop.com/","housenumber":"44050","street":"Ashburn Shopping Plaza","city":"Ashburn","postcode":"20147","tags":";alcohol;"}},{"type":"Feature","geometry":{"type":"Point","coordinates":[-77.47625,39.04473]},"properties":{"id":"node/4110993617","name":"Jennifer Gilmer Kitchen & Bath Loudoun County","group":"shopping","category":"shop=kitchen","hours":"Mo-Fr 10:00-17:00","website":"http://www.gilmerkitchens.com/virginia-location/","housenumber":"44050","street":"Ashburn Shopping Plaza","city":"Ashburn","postcode":"20147","tags":";kitchen;"}},{"type":"Feature","geometry":{"type":"Point","coordinates":[-77.47677,39.04481]},"properties":{"id":"node/4110993618","name":"Carnegie NY Style Pizza, Rolls, and Bowls","group":"food","category":"amenity=restaurant","cuisine":"pizza","hours":"Mo-Th,Su 11:00-21:30; Fr-Sa 11:00-22:00","phone":"+1 571-707-8297","website":"https://www.carnegienystylepizza.com","housenumber":"44050","street":"Ashburn Shopping Plaza","city":"Ashburn","postcode":"20147","tags":";pizza;restaurant;"}},{"type":"Feature","geometry":{"type":"Point","coordinates":[-77.47641,39.04475]},"properties":{"id":"node/4110993619","name":"Ashburn Eyecare","group":"personal_care","category":"shop=optician","hours":"Mo,We-Th 09:00-18:00; Tu 10:00-19:00; Fr 08:00-17:00; Sa 08:00-15:00","phone":"+1 703-726-0005","website":"https://www.ashburneyecare.com/","housenumber":"44050","street":"Ashburn Shopping Plaza","city":"Ashburn","postcode":"20147","tags":";optician;"}},{"type":"Feature","geometry":{"type":"Point","coordinates":[-77.40509,38.76565]},"properties":{"id":"node/4183958355","name":"Paradise Springs Winery","group":"food","category":"craft=winery","cuisine":"regional","hours":"Sa-Th 11:00-19:00; Fr 11:00-21:00","phone":"+1-703-830-9463","website":"https://www.paradisespringswinery.com/","housenumber":"13219","street":"Yates Ford Road","city":"Clifton","postcode":"20124","tags":";regional;winery;"}},{"type":"Feature","geometry":{"type":"Point","coordinates":[-77.5115,38.7803]},"properties":{"id":"node/4203654989","name":"Safe and Sound Mobile Electronics","group":"shopping","category":"shop=electronics","hours":"Mo-Sa 10:00-19:00","phone":"+1-703-368-1564","website":"https://www.mysafeandsound.com/","housenumber":"8104","street":"Sudley Road","city":"Manassas","postcode":"20109","tags":";electronics;"}},{"type":"Feature","geometry":{"type":"Point","coordinates":[-77.51647,38.79196]},"properties":{"id":"node/4203669189","name":"Consignment Solutions","group":"shopping","category":"shop=second_hand","tags":";second_hand;"}},{"type":"Feature","geometry":{"type":"Point","coordinates":[-77.606,38.7967]},"properties":{"id":"node/4226770953","name":"Gateway Shell","group":"services","category":"shop=car_repair","hours":"Mo-Fr 08:00-17:00; Sa 07:00-13:00","phone":"+1-703-754-1180","website":"https://www.gatewayshellandservicecenter.com/","housenumber":"13246","street":"Gateway Center Drive","city":"Gainesville","postcode":"20155","tags":";car_repair;"}},{"type":"Feature","geometry":{"type":"Point","coordinates":[-77.60819,38.79638]},"properties":{"id":"node/4226811632","name":"The Famous American Barbershop","group":"personal_care","category":"shop=hairdresser","hours":"Mo-Fr 09:00-19:00; Sa 08:00-17:00; Su 09:00-16:00","phone":"+1-703-754-2651","website":"https://www.famousamericanbarbershop.com","housenumber":"7325","street":"Atlas Walk Way","city":"Gainesville","postcode":"20155","tags":";hairdresser;barber;"}},{"type":"Feature","geometry":{"type":"Point","coordinates":[-77.60855,38.79622]},"properties":{"id":"node/4226811656","name":"The Running Store","group":"shopping","category":"shop=shoes","website":"https://therunningstore.com","housenumber":"7343","street":"Atlas Walk Way","city":"Gainesville","postcode":"20155","tags":";shoes;"}},{"type":"Feature","geometry":{"type":"Point","coordinates":[-77.60936,38.79612]},"properties":{"id":"node/4226819098","name":"Call Your Mother","group":"food","category":"amenity=restaurant","cuisine":"bagel","hours":"Mo-Fr 06:30-14:00; Sa 06:30-15:00; Su 06:30-15:00","phone":"+1 703-565-9279","website":"https://www.callyourmotherdeli.com/gainesville-va-call-your-mother-deli","housenumber":"7372","street":"Atlas Walk Way","city":"Gainesville","postcode":"20155","tags":";bagel;restaurant;takeout;kosher;"}},{"type":"Feature","geometry":{"type":"Point","coordinates":[-77.46641,38.75652]},"properties":{"id":"node/4306802610","name":"La Jefa Restaurant","group":"food","category":"amenity=restaurant","housenumber":"9229","street":"Sudley Road","city":"Manassas","postcode":"20110","tags":";restaurant;"}},{"type":"Feature","geometry":{"type":"Point","coordinates":[-77.68267,38.74362]},"properties":{"id":"node/4334671846","name":"Vint Hill Coffee","group":"food","category":"amenity=cafe","cuisine":"coffee_shop","phone":"+1-540-907-8930","website":"https://www.thequeensbean.com/","housenumber":"4257","street":"Aiken Drive","city":"Warrenton","postcode":"20187","tags":";coffee_shop;cafe;wheelchair_accessible;"}},{"type":"Feature","geometry":{"type":"Point","coordinates":[-77.67571,38.74396]},"properties":{"id":"node/4334671874","name":"Old Bust Head Brewing Company","group":"food","category":"amenity=bar","hours":"Mo,Tu off; We-Fr 15:00-20:00; Sa 12:00-20:00; Su 12:00-19:00","phone":"+1-540-347-4777","website":"https://www.oldbusthead.com/","housenumber":"7134","street":"Farm Station Road","city":"Warrenton","postcode":"20187","tags":";bar;brewery;"}},{"type":"Feature","geometry":{"type":"Point","coordinates":[-77.47036,39.0205]},"properties":{"id":"node/4377831273","name":"Ford's Fish Shack","group":"food","category":"amenity=restaurant","cuisine":"seafood","tags":";seafood;restaurant;"}},{"type":"Feature","geometry":{"type":"Point","coordinates":[-77.46845,39.01865]},"properties":{"id":"node/4377831276","name":"Anitas","group":"food","category":"amenity=fast_food","cuisine":"mexican","tags":";mexican;fast_food;"}},{"type":"Feature","geometry":{"type":"Point","coordinates":[-77.49532,38.7554]},"properties":{"id":"node/4401490799","name":"Centroamericana","group":"groceries","category":"shop=convenience","housenumber":"9928","street":"Cockrell Road","city":"Manassas","postcode":"20110","tags":";convenience;"}},{"type":"Feature","geometry":{"type":"Point","coordinates":[-77.49495,38.75546]},"properties":{"id":"node/4401490800","name":"Ashton Family Restaurant","group":"food","category":"amenity=restaurant","cuisine":"american","housenumber":"9920","street":"Cockrell Road","city":"Manassas","postcode":"20110","tags":";american;restaurant;"}},{"type":"Feature","geometry":{"type":"Point","coordinates":[-77.49505,38.75544]},"properties":{"id":"node/4401490802","name":"Sonia Beauty Salon","group":"personal_care","category":"shop=hairdresser","housenumber":"9922","street":"Cockrell Road","city":"Manassas","postcode":"20110","tags":";hairdresser;"}},{"type":"Feature","geometry":{"type":"Point","coordinates":[-77.44909,38.74684]},"properties":{"id":"node/4427153476","name":"Famous Kabob","group":"food","category":"amenity=restaurant","cuisine":"kebab","tags":";kebab;restaurant;"}},{"type":"Feature","geometry":{"type":"Point","coordinates":[-77.45095,38.74731]},"properties":{"id":"node/4428297676","name":"Hunan Cafe","group":"food","category":"amenity=restaurant","cuisine":"chinese","housenumber":"9662","street":"Liberia Avenue","city":"Manassas","postcode":"20110","tags":";chinese;restaurant;"}},{"type":"Feature","geometry":{"type":"Point","coordinates":[-77.45096,38.74726]},"properties":{"id":"node/4428328328","name":"Manassas Signal Hill Barber Shop","group":"personal_care","category":"shop=hairdresser","housenumber":"9664","street":"Liberia Avenue","city":"Manassas","postcode":"20110","tags":";hairdresser;barber;"}},{"type":"Feature","geometry":{"type":"Point","coordinates":[-77.44859,38.953]},"properties":{"id":"node/4428764769","name":"Dulles Gourmet Market","group":"food","category":"amenity=fast_food","website":"https://www.flydulles.com/iad/dulles-gourmet-market","housenumber":"1","street":"Saarinen Circle - Departures","city":"Dulles","postcode":"20166","tags":";fast_food;takeout;"}},{"type":"Feature","geometry":{"type":"Point","coordinates":[-77.45042,38.75062]},"properties":{"id":"node/4435061861","name":"Creative Nails","group":"personal_care","category":"shop=beauty","housenumber":"9536","street":"Liberia Avenue","city":"Manassas","postcode":"20110","tags":";beauty;nails;"}},{"type":"Feature","geometry":{"type":"Point","coordinates":[-77.45055,38.74961]},"properties":{"id":"node/4435061863","name":"Crystal Cleaners","group":"services","category":"shop=dry_cleaning","housenumber":"9550","street":"Liberia Avenue","city":"Manassas","postcode":"20110","tags":";dry_cleaning;"}},{"type":"Feature","geometry":{"type":"Point","coordinates":[-77.4504,38.75111]},"properties":{"id":"node/4435061874","name":"Glory Days","group":"food","category":"amenity=restaurant","cuisine":"american","housenumber":"9516","street":"Liberia Avenue","city":"Manassas","postcode":"20110","tags":";american;restaurant;"}},{"type":"Feature","geometry":{"type":"Point","coordinates":[-77.44908,38.7469]},"properties":{"id":"node/4442577164","name":"Cakes by Happy Eatery","group":"food","category":"shop=bakery","tags":";bakery;"}},{"type":"Feature","geometry":{"type":"Point","coordinates":[-77.44892,38.74751]},"properties":{"id":"node/4442577167","name":"Bella Vita","group":"food","category":"amenity=restaurant","cuisine":"italian","hours":"Mo-Th 11:00-22:00; Fr-Sa 11:00-22:00; Su 11:30-21:30","phone":"+1-571-379-8560","website":"https://www.bellavitaonline.com","housenumber":"9675","street":"Liberia Avenue","tags":";italian;restaurant;"}},{"type":"Feature","geometry":{"type":"Point","coordinates":[-77.45219,38.74485]},"properties":{"id":"node/4462423886","name":"Consuelo's","group":"personal_care","category":"shop=beauty","housenumber":"9828","street":"Liberia Avenue","city":"Manassas","postcode":"20110","tags":";beauty;"}},{"type":"Feature","geometry":{"type":"Point","coordinates":[-77.45199,38.74461]},"properties":{"id":"node/4462423887","name":"Xtreme Archery","group":"shopping","category":"shop=outdoor","housenumber":"9836","street":"Liberia Avenue","city":"Manassas","postcode":"20110","tags":";outdoor;"}},{"type":"Feature","geometry":{"type":"Point","coordinates":[-77.45217,38.74492]},"properties":{"id":"node/4462423888","name":"Bull Run Bicycles","group":"shopping","category":"shop=bicycle","housenumber":"9824","street":"Liberia Avenue","city":"Manassas","postcode":"20110","tags":";bicycle;"}},{"type":"Feature","geometry":{"type":"Point","coordinates":[-77.45207,38.74542]},"properties":{"id":"node/4462424889","name":"Dream Spa","group":"personal_care","category":"shop=beauty","housenumber":"9808","street":"Liberia Avenue","city":"Manassas","postcode":"20110","tags":";beauty;spa;"}},{"type":"Feature","geometry":{"type":"Point","coordinates":[-77.4519,38.74457]},"properties":{"id":"node/4462424890","name":"Peace of Pottery","group":"shopping","category":"shop=craft","housenumber":"9838","street":"Liberia Avenue","city":"Manassas","postcode":"20110","tags":";craft;"}},{"type":"Feature","geometry":{"type":"Point","coordinates":[-77.45209,38.74534]},"properties":{"id":"node/4462424893","name":"Classic Coins and Collectables","group":"shopping","category":"shop=collector","housenumber":"9810","street":"Liberia Avenue","city":"Manassas","postcode":"20110","tags":";collector;"}},{"type":"Feature","geometry":{"type":"Point","coordinates":[-77.45184,38.74457]},"properties":{"id":"node/4462424896","name":"Saylors Cigars","group":"shopping","category":"shop=tobacco","housenumber":"9840","street":"Liberia Avenue","city":"Manassas","postcode":"20110","tags":";tobacco;"}},{"type":"Feature","geometry":{"type":"Point","coordinates":[-77.45213,38.74513]},"properties":{"id":"node/4462424897","name":"Foodie Euro Deli","group":"food","category":"shop=deli","housenumber":"9816","street":"Liberia Avenue","city":"Manassas","postcode":"20110","tags":";deli;sandwich;"}},{"type":"Feature","geometry":{"type":"Point","coordinates":[-77.45212,38.74516]},"properties":{"id":"node/4462424900","name":"Addictions","group":"personal_care","category":"shop=tattoo","housenumber":"9814","street":"Liberia Avenue","city":"Manassas","postcode":"20110","tags":";tattoo;"}},{"type":"Feature","geometry":{"type":"Point","coordinates":[-77.45218,38.74489]},"properties":{"id":"node/4462424902","name":"Treasure Thrift","group":"shopping","category":"shop=second_hand","housenumber":"9826","street":"Liberia Avenue","city":"Manassas","postcode":"20110","tags":";second_hand;"}},{"type":"Feature","geometry":{"type":"Point","coordinates":[-77.4517,38.74585]},"properties":{"id":"node/4462503839","name":"Home Store","group":"shopping","category":"shop=furniture","housenumber":"9720","street":"Liberia Avenue","city":"Manassas","postcode":"20110","tags":";furniture;"}},{"type":"Feature","geometry":{"type":"Point","coordinates":[-77.45165,38.74602]},"properties":{"id":"node/4462503840","name":"Style Encore","group":"shopping","category":"shop=clothes","housenumber":"9716","street":"Liberia Avenue","city":"Manassas","postcode":"20110","tags":";clothes;"}},{"type":"Feature","geometry":{"type":"Point","coordinates":[-77.45176,38.74571]},"properties":{"id":"node/4462503841","name":"Paris","group":"personal_care","category":"shop=beauty","housenumber":"9726","street":"Liberia Avenue","city":"Manassas","postcode":"20110","tags":";beauty;"}},{"type":"Feature","geometry":{"type":"Point","coordinates":[-77.62886,38.79316]},"properties":{"id":"node/4498915890","name":"Musashi Japanese Steakhouse & Seafood","group":"food","category":"amenity=restaurant","cuisine":"japanese;steak_house;sushi;international;grill;fine_dining","hours":"Mo-Th 16:00-22:00; Fr 16:00-22:30; Sa 14:00-22:30; Su 12:00-21:00","website":"https://www.musashijs.com/","housenumber":"7567","street":"Somerset Crossing Drive","postcode":"20155","tags":";japanese;steak_house;sushi;international;grill;fine_dining;restaurant;seafood;wifi;"}},{"type":"Feature","geometry":{"type":"Point","coordinates":[-77.47548,38.7517]},"properties":{"id":"node/4500781886","name":"Manassas Olive Oil Company","group":"groceries","category":"shop=grocery","housenumber":"9406","street":"Grant Avenue","city":"Manassas","postcode":"20110","tags":";grocery;"}},{"type":"Feature","geometry":{"type":"Point","coordinates":[-77.4115,38.97477]},"properties":{"id":"node/4509390610","name":"Healthy Hound Dog Boarding","group":"shopping","category":"shop=pet","housenumber":"45910","street":"Transamerica Plaza","tags":";pet;"}},{"type":"Feature","geometry":{"type":"Point","coordinates":[-77.6861,38.85088]},"properties":{"id":"node/4534779088","name":"The Winery at La Grange","group":"food","category":"amenity=bar","phone":"+1-703-753-9360","website":"https://wineryatlagrange.com/","housenumber":"4970","street":"Antioch Road","city":"Haymarket","postcode":"20169","tags":";bar;"}},{"type":"Feature","geometry":{"type":"Point","coordinates":[-77.60639,38.78858]},"properties":{"id":"node/4540514794","name":"Trummer's Coffee & Wine Bar","group":"food","category":"amenity=restaurant","cuisine":"coffee_shop;wine","hours":"Su-Th 08:00-20:00; Fr-Sa 08:00-22:00","phone":"+1-703-754-0135","website":"https://www.trummerscoffeewinebar.com/","housenumber":"14013","street":"Promenade Commons Street","city":"Gainesville","postcode":"20155","tags":";coffee_shop;wine;restaurant;"}},{"type":"Feature","geometry":{"type":"Point","coordinates":[-77.60636,38.7877]},"properties":{"id":"node/4540520162","name":"Grace Jewlers","group":"shopping","category":"shop=jewelry","hours":"Mo-Fr 10:00-19:00","phone":"+1-571-261-3900","website":"http://www.gracejewelersva.com/","housenumber":"14059","street":"Promenade Commons Street","city":"Gainesville","postcode":"20155","tags":";jewelry;wheelchair_accessible;"}},{"type":"Feature","geometry":{"type":"Point","coordinates":[-77.60667,38.78785]},"properties":{"id":"node/4540520163","name":"Muse Paintbar","group":"shopping","category":"shop=art","hours":"\"By session\"","website":"https://www.musepaintbar.com/events/gainesville-paint-bar","housenumber":"14040","street":"Promenade Commons Street","city":"Gainesville","postcode":"20155","tags":";art;wheelchair_accessible;"}},{"type":"Feature","geometry":{"type":"Point","coordinates":[-77.50239,39.03703]},"properties":{"id":"node/4543885909","name":"SR Coffee Co","group":"food","category":"amenity=cafe","cuisine":"coffee_shop","hours":"Mo-Fr 06:30-17:00; Sa 07:00-15:00; Su 08:00-15:00","phone":"+1 571 707-8136","website":"https://sr-coffee-co-ashburn.square.site/","postcode":"20147","tags":";coffee_shop;cafe;takeout;wifi;"}},{"type":"Feature","geometry":{"type":"Point","coordinates":[-77.50068,39.03565]},"properties":{"id":"node/4543885915","name":"Nagoya Sushi Bar and Japanese Steakhouse","group":"food","category":"amenity=restaurant","cuisine":"japanese","hours":"Mo-Th 16:30-22:00; Fr-Sa 16:00-22:30; Su 15:00-21:00","phone":"+1 703-723-9703","website":"http://www.nagoyas.com/","tags":";japanese;restaurant;sushi;"}},{"type":"Feature","geometry":{"type":"Point","coordinates":[-77.3741,39.01409]},"properties":{"id":"node/4544214478","name":"Soccer Store","group":"shopping","category":"shop=sports","tags":";sports;"}},{"type":"Feature","geometry":{"type":"Point","coordinates":[-77.37699,39.01631]},"properties":{"id":"node/4544214479","name":"Nail Design","group":"personal_care","category":"shop=beauty","tags":";beauty;nails;"}},{"type":"Feature","geometry":{"type":"Point","coordinates":[-77.37704,39.01628]},"properties":{"id":"node/4544214480","name":"Shoe and Luggage: Retail and Design","group":"shopping","category":"shop=shoes","tags":";shoes;"}},{"type":"Feature","geometry":{"type":"Point","coordinates":[-77.37715,39.01614]},"properties":{"id":"node/4544214482","name":"Sahara Lebanese Cusine","group":"food","category":"amenity=restaurant","cuisine":"lebanese","website":"http://www.sahararestaurantlounge.com/index.html","housenumber":"46950","street":"Community Plaza","city":"Sterling","postcode":"20164","tags":";lebanese;restaurant;"}},{"type":"Feature","geometry":{"type":"Point","coordinates":[-77.37724,39.01606]},"properties":{"id":"node/4544214483","name":"Body Gallery Tattoos","group":"personal_care","category":"shop=tattoo","tags":";tattoo;"}},{"type":"Feature","geometry":{"type":"Point","coordinates":[-77.48703,39.02876]},"properties":{"id":"node/4544767902","name":"Asia","group":"food","category":"amenity=restaurant","tags":";restaurant;"}},{"type":"Feature","geometry":{"type":"Point","coordinates":[-77.48682,39.02899]},"properties":{"id":"node/4544767903","name":"ASAP Cleaners","group":"services","category":"shop=dry_cleaning","tags":";dry_cleaning;"}},{"type":"Feature","geometry":{"type":"Point","coordinates":[-77.48605,39.02963]},"properties":{"id":"node/4544767905","name":"Hong Kong","group":"food","category":"amenity=restaurant","tags":";restaurant;"}},{"type":"Feature","geometry":{"type":"Point","coordinates":[-77.46497,38.75913]},"properties":{"id":"node/4569759804","name":"Wu's Garden","group":"food","category":"amenity=restaurant","cuisine":"chinese","website":"https://www.wusgardenva.com/","housenumber":"9020","street":"Mathis Avenue","city":"Manassas","postcode":"20110","tags":";chinese;restaurant;"}},{"type":"Feature","geometry":{"type":"Point","coordinates":[-77.46485,38.75942]},"properties":{"id":"node/4569759845","name":"Baldino's Lock & Key","group":"services","category":"shop=locksmith","tags":";locksmith;"}},{"type":"Feature","geometry":{"type":"Point","coordinates":[-77.66384,38.78462]},"properties":{"id":"node/4616907060","name":"Brooklyn Brothers Pizza","group":"food","category":"amenity=restaurant","cuisine":"pizza","phone":"+1-703-753-6663","housenumber":"8010","street":"Crescent Park Drive","city":"Gainesville","postcode":"20155","tags":";pizza;restaurant;takeout;delivery;outdoor_seating;"}},{"type":"Feature","geometry":{"type":"Point","coordinates":[-77.90136,38.89191]},"properties":{"id":"node/4619096871","name":"Blue Valley Vineyard And Winery","group":"food","category":"amenity=bar","phone":"+1-540-364-2347","website":"https://bluevalleyvineyardandwinery.com/","housenumber":"9402","street":"Justice Lane","city":"Delaplane","postcode":"20144","tags":";bar;"}},{"type":"Feature","geometry":{"type":"Point","coordinates":[-77.46585,38.75732]},"properties":{"id":"node/4685314916","name":"Trucks Unlimited","group":"shopping","category":"shop=car_parts","housenumber":"9107","street":"Mathis Avenue","city":"Manassas","postcode":"20110","tags":";car_parts;"}},{"type":"Feature","geometry":{"type":"Point","coordinates":[-77.46599,38.75684]},"properties":{"id":"node/4685314917","name":"Cottman Transmission","group":"services","category":"shop=car_repair","housenumber":"9113","street":"Mathis Avenue","city":"Manassas","postcode":"20110","tags":";car_repair;"}},{"type":"Feature","geometry":{"type":"Point","coordinates":[-77.47526,38.73269]},"properties":{"id":"node/4827009208","name":"V.I.P. Nails","group":"personal_care","category":"shop=beauty","housenumber":"10171","street":"Hastings Drive","city":"Manassas","postcode":"20110","tags":";beauty;nails;"}},{"type":"Feature","geometry":{"type":"Point","coordinates":[-77.47544,38.73271]},"properties":{"id":"node/4827009354","name":"Thai Tyme","group":"food","category":"amenity=restaurant","cuisine":"thai","housenumber":"10167","street":"Hastings Drive","city":"Manassas","postcode":"20110","tags":";thai;restaurant;"}},{"type":"Feature","geometry":{"type":"Point","coordinates":[-77.4752,38.73268]},"properties":{"id":"node/4827009366","name":"Noni's Barber","group":"personal_care","category":"shop=hairdresser","housenumber":"10173","street":"Hastings Drive","city":"Manassas","postcode":"20110","tags":";hairdresser;barber;"}},{"type":"Feature","geometry":{"type":"Point","coordinates":[-77.47567,38.73279]},"properties":{"id":"node/4827009380","name":"Merit Cleaners","group":"services","category":"shop=dry_cleaning","housenumber":"10163","street":"Hastings Drive","city":"Manassas","postcode":"20110","tags":";dry_cleaning;"}},{"type":"Feature","geometry":{"type":"Point","coordinates":[-77.51733,38.78125]},"properties":{"id":"node/4827102175","name":"Dominion Eye Care","group":"personal_care","category":"shop=optician","tags":";optician;"}},{"type":"Feature","geometry":{"type":"Point","coordinates":[-77.79517,38.72669]},"properties":{"id":"node/4831606156","name":"Mandarin Buffet & Sushi","group":"food","category":"amenity=restaurant","cuisine":"chinese","tags":";chinese;restaurant;sushi;"}},{"type":"Feature","geometry":{"type":"Point","coordinates":[-77.79687,38.729]},"properties":{"id":"node/4831617255","name":"Top's China","group":"food","category":"amenity=restaurant","cuisine":"chinese","tags":";chinese;restaurant;"}},{"type":"Feature","geometry":{"type":"Point","coordinates":[-77.4226,39.02682]},"properties":{"id":"node/4839930225","name":"Haircut4U","group":"personal_care","category":"shop=hairdresser","housenumber":"45633 Suite 108","street":"Dulles Eastern Plaza","tags":";hairdresser;"}},{"type":"Feature","geometry":{"type":"Point","coordinates":[-77.47718,39.04432]},"properties":{"id":"node/4840715076","name":"Comic Logic","group":"shopping","category":"shop=books","hours":"Mo,Su 12:00-17:00; We-Sa 11:00-19:00","phone":"+1 703-723-1925","website":"https://www.comiclogicva.com/","housenumber":"44031","street":"Ashburn Shopping Plaza","city":"Ashburn","postcode":"20147","tags":";books;games;"}},{"type":"Feature","geometry":{"type":"Point","coordinates":[-77.47284,38.7504]},"properties":{"id":"node/4880985843","name":"Jirani Coffeehouse","group":"food","category":"amenity=cafe","cuisine":"coffee_shop","hours":"Mo-We 07:00-21:00, Th-Fr 07:00-22:00, Sa 08:00-22:00, Su 09:00-20:00","website":"https://www.jiranicoffeehouse.com/","housenumber":"9425","street":"West Street","city":"Manassas","postcode":"20110","tags":";coffee_shop;cafe;wifi;"}},{"type":"Feature","geometry":{"type":"Point","coordinates":[-77.40705,39.02648]},"properties":{"id":"node/4930683857","name":"Ridgetop Coffee & Tea","group":"food","category":"amenity=cafe","tags":";cafe;coffee_shop;"}},{"type":"Feature","geometry":{"type":"Point","coordinates":[-77.41202,39.04015]},"properties":{"id":"node/5036615165","name":"El Estribo","group":"food","category":"amenity=restaurant","cuisine":"peruvian","website":"https://www.estribova.com/","housenumber":"20800","street":"Edds Lane","tags":";peruvian;restaurant;"}},{"type":"Feature","geometry":{"type":"Point","coordinates":[-77.40839,39.03616]},"properties":{"id":"node/5036615546","name":"Taste of Vietnam","group":"food","category":"amenity=restaurant","cuisine":"vietnamese","website":"https://www.tasteofvietnamsterling.com/","housenumber":"46005","street":"Regal Plaza","city":"Sterling","postcode":"20165","tags":";vietnamese;restaurant;"}},{"type":"Feature","geometry":{"type":"Point","coordinates":[-77.40792,39.03659]},"properties":{"id":"node/5036615636","name":"cascades nails","group":"personal_care","category":"shop=beauty","tags":";beauty;nails;"}},{"type":"Feature","geometry":{"type":"Point","coordinates":[-77.40873,39.03663]},"properties":{"id":"node/5036615638","name":"tuti fruti","group":"food","category":"amenity=restaurant","cuisine":"ice_cream","tags":";ice_cream;restaurant;"}},{"type":"Feature","geometry":{"type":"Point","coordinates":[-77.53605,38.76126]},"properties":{"id":"node/5153039901","name":"CoHo Automotive","group":"services","category":"shop=car_repair","phone":"+1-571-358-8099","website":"https://cohoauto.com/","housenumber":"11452","street":"Robertson Drive","city":"Manassas","postcode":"20109","tags":";car_repair;"}},{"type":"Feature","geometry":{"type":"Point","coordinates":[-77.44934,39.04329]},"properties":{"id":"node/5153258016","name":"Loudoun Valley Floors","group":"shopping","category":"shop=flooring","hours":"Mo-Fr 09:00-18:00; Sa 09:00-15:00","phone":"+1-703-724-4300","website":"https://www.loudounvalleyfloors.com/","housenumber":"20700","street":"Loudoun County Parkway","city":"Ashburn","postcode":"20147","tags":";flooring;"}},{"type":"Feature","geometry":{"type":"Point","coordinates":[-77.44827,38.94537]},"properties":{"id":"node/5164889121","name":"Capital Supply Co.","group":"groceries","category":"shop=convenience","tags":";convenience;"}},{"type":"Feature","geometry":{"type":"Point","coordinates":[-77.45041,38.94551]},"properties":{"id":"node/5164895530","name":"South Block","group":"food","category":"amenity=fast_food","cuisine":"juice","hours":"06:00-22:00","tags":";juice;fast_food;wheelchair_accessible;"}},{"type":"Feature","geometry":{"type":"Point","coordinates":[-77.45245,38.94537]},"properties":{"id":"node/5164895531","name":"Forbes News","group":"groceries","category":"shop=newsagent","hours":"06:00-22:00","tags":";newsagent;wheelchair_accessible;"}},{"type":"Feature","geometry":{"type":"Point","coordinates":[-77.4452,38.94547]},"properties":{"id":"node/5164909024","name":"United Club","group":"food","category":"amenity=bar","hours":"05:30-22:00","tags":";bar;wheelchair_accessible;wifi;"}},{"type":"Feature","geometry":{"type":"Point","coordinates":[-77.44502,38.94529]},"properties":{"id":"node/5164909025","name":"Be Right Burger","group":"food","category":"amenity=fast_food","cuisine":"burger","hours":"06:00-22:00","tags":";burger;fast_food;wheelchair_accessible;"}},{"type":"Feature","geometry":{"type":"Point","coordinates":[-77.4417,38.94547]},"properties":{"id":"node/5164909027","name":"Devils Backbone Taproom","group":"food","category":"amenity=pub","hours":"05:00-21:30","tags":";pub;brewery;wheelchair_accessible;"}},{"type":"Feature","geometry":{"type":"Point","coordinates":[-77.44464,38.94536]},"properties":{"id":"node/5164916721","name":"IAD Express","group":"groceries","category":"shop=convenience","hours":"09:00-17:00","tags":";convenience;wheelchair_accessible;"}},{"type":"Feature","geometry":{"type":"Point","coordinates":[-77.44312,38.94546]},"properties":{"id":"node/5164916821","name":"United Club","group":"food","category":"amenity=bar","hours":"05:30-22:00","tags":";bar;wheelchair_accessible;wifi;"}},{"type":"Feature","geometry":{"type":"Point","coordinates":[-77.4728,38.7511]},"properties":{"id":"node/5257651590","name":"Zandra's Taqueria","group":"food","category":"amenity=restaurant","cuisine":"mexican","hours":"Su-Th 11:30-20:00; Fr-Sa 11:30-13:00","website":"https://www.zandrastacos.com/","housenumber":"9114","street":"Center Street","city":"Manassas","postcode":"20110","tags":";mexican;restaurant;outdoor_seating;"}},{"type":"Feature","geometry":{"type":"Point","coordinates":[-77.64086,38.84464]},"properties":{"id":"node/5266848358","name":"Tony's New York Pizza","group":"food","category":"amenity=restaurant","cuisine":"italian;pizza","hours":"Mo-Su 11:00-23:00","phone":"+1-571-248-6290","website":"https://tonysnewyorkpizza.com/locations/haymarket/","housenumber":"5361","street":"Merchants View Square","city":"Haymarket","postcode":"20169","tags":";italian;pizza;restaurant;takeout;outdoor_seating;"}},{"type":"Feature","geometry":{"type":"Point","coordinates":[-77.64037,38.8138]},"properties":{"id":"node/5271083905","name":"Foster's Grill","group":"food","category":"amenity=restaurant","cuisine":"burger;american","hours":"Mo-Su 11:00-21:00","phone":"+1 571-261-5959","website":"https://www.fostersgrille.com/store/haymarket/","housenumber":"4418","street":"Costello Way","city":"Haymarket","postcode":"20169","tags":";burger;american;restaurant;takeout;outdoor_seating;"}},{"type":"Feature","geometry":{"type":"Point","coordinates":[-77.39472,39.02379]},"properties":{"id":"node/5274355282","name":"Burtons Grill & Bar","group":"food","category":"amenity=restaurant","cuisine":"american","housenumber":"21434","street":"Epicerie Plaza","city":"Sterling","postcode":"20164","tags":";american;restaurant;"}},{"type":"Feature","geometry":{"type":"Point","coordinates":[-77.39504,39.02355]},"properties":{"id":"node/5274355290","name":"Choolaah Indian BBQ","group":"food","category":"amenity=restaurant","cuisine":"indian;barbecue","housenumber":"21426","street":"Epicerie Plaza","city":"Sterling","postcode":"20164","tags":";indian;barbecue;restaurant;"}},{"type":"Feature","geometry":{"type":"Point","coordinates":[-77.39536,39.02342]},"properties":{"id":"node/5274355310","name":"Cascades Pet Hospital","group":"shopping","category":"shop=pet","housenumber":"21435","street":"Epicerie Plaza","city":"Sterling","postcode":"20164","tags":";pet;"}},{"type":"Feature","geometry":{"type":"Point","coordinates":[-77.39541,39.02424]},"properties":{"id":"node/5274355311","name":"Greener Cleaners","group":"services","category":"shop=dry_cleaning","housenumber":"21385","street":"Epicerie Plaza","city":"Sterling","postcode":"20164","tags":";dry_cleaning;"}},{"type":"Feature","geometry":{"type":"Point","coordinates":[-77.59685,38.79023]},"properties":{"id":"node/5276127055","name":"Tin Cannon Co.","group":"food","category":"craft=brewery","tags":";brewery;"}},{"type":"Feature","geometry":{"type":"Point","coordinates":[-77.59805,38.79048]},"properties":{"id":"node/5276132586","name":"Mama Mia Pizza","group":"food","category":"amenity=restaurant","cuisine":"pizza","website":"https://mamamiapizza.net/","housenumber":"7669","street":"Limestone Drive","tags":";pizza;restaurant;"}},{"type":"Feature","geometry":{"type":"Point","coordinates":[-77.64899,38.78456]},"properties":{"id":"node/5290513883","name":"The Bone","group":"food","category":"amenity=restaurant","cuisine":"barbecue","phone":"+1 703-753-5551","website":"https://www.thebonebbq.com/","housenumber":"8045","street":"Stonewall Shops Square","city":"Gainesville","postcode":"20155","tags":";barbecue;restaurant;"}},{"type":"Feature","geometry":{"type":"Point","coordinates":[-77.64284,38.81693]},"properties":{"id":"node/5290513886","name":"Busaba Thai","group":"food","category":"amenity=restaurant","cuisine":"thai","tags":";thai;restaurant;"}},{"type":"Feature","geometry":{"type":"Point","coordinates":[-77.64307,38.81681]},"properties":{"id":"node/5290513888","name":"East Ocean Restaurant","group":"food","category":"amenity=restaurant","cuisine":"chinese","tags":";chinese;restaurant;"}},{"type":"Feature","geometry":{"type":"Point","coordinates":[-77.64329,38.81674]},"properties":{"id":"node/5290513891","name":"Experimax","group":"shopping","category":"shop=electronics","tags":";electronics;"}},{"type":"Feature","geometry":{"type":"Point","coordinates":[-77.39536,39.02433]},"properties":{"id":"node/5305640085","name":"Qwench Juice Bar","group":"food","category":"amenity=fast_food","housenumber":"21385","street":"Epicerie Plaza","city":"Sterling","postcode":"20164","tags":";fast_food;"}},{"type":"Feature","geometry":{"type":"Point","coordinates":[-77.41918,38.99329]},"properties":{"id":"node/5312841410","name":"Sterling Arsenal","group":"shopping","category":"shop=weapons","hours":"Tu-Fr 10:00-18:00; Sa 09:00-17:00","phone":"+1 571-926-8705","website":"https://www.sterlingarsenal.com/","housenumber":"201","street":"Davis Drive","city":"Sterling","postcode":"20164","tags":";weapons;"}},{"type":"Feature","geometry":{"type":"Point","coordinates":[-77.42816,38.99166]},"properties":{"id":"node/5312841413","name":"Dulles Electic","group":"shopping","category":"shop=lighting_showroom_and_lighting_supplies","phone":"+1 703-450-5700","housenumber":"22570","street":"Shaw Road","city":"Sterling","postcode":"20166","tags":";lighting_showroom_and_lighting_supplies;"}},{"type":"Feature","geometry":{"type":"Point","coordinates":[-77.52156,38.93802]},"properties":{"id":"node/5312902256","name":"Coal Fire","group":"food","category":"amenity=restaurant","cuisine":"pizza","housenumber":"24560","street":"Dulles Landing Drive","city":"Arcola","postcode":"20166","tags":";pizza;restaurant;"}},{"type":"Feature","geometry":{"type":"Point","coordinates":[-77.52153,38.9382]},"properties":{"id":"node/5312902258","name":"Lovely Nails","group":"personal_care","category":"shop=beauty","housenumber":"24560","street":"Dulles Landing Drive","city":"Arcola","postcode":"20166","tags":";beauty;nails;"}},{"type":"Feature","geometry":{"type":"Point","coordinates":[-77.52158,38.93825]},"properties":{"id":"node/5312902259","name":"Salon Khouri","group":"personal_care","category":"shop=hairdresser","housenumber":"24560","street":"Dulles Landing Drive","city":"Arcola","postcode":"20166","tags":";hairdresser;"}},{"type":"Feature","geometry":{"type":"Point","coordinates":[-77.52224,38.93743]},"properties":{"id":"node/5312902262","name":"5T Ice","group":"food","category":"amenity=ice_cream","housenumber":"24555","street":"Dulles Landing Drive","city":"Arcola","postcode":"20166","tags":";ice_cream;"}},{"type":"Feature","geometry":{"type":"Point","coordinates":[-77.52033,38.93722]},"properties":{"id":"node/5312902264","name":"Indian Mart","group":"food","category":"amenity=restaurant","cuisine":"health_food","housenumber":"23630","street":"Dulles Landing Drive","postcode":"20166","tags":";health_food;restaurant;indian;"}},{"type":"Feature","geometry":{"type":"Point","coordinates":[-77.52014,38.93722]},"properties":{"id":"node/5312902266","name":"D&L Barber Shop","group":"personal_care","category":"shop=hairdresser","housenumber":"24630","street":"Dulles Landing Drive","city":"Arcola","postcode":"20166","tags":";hairdresser;barber;"}},{"type":"Feature","geometry":{"type":"Point","coordinates":[-77.52012,38.93767]},"properties":{"id":"node/5312902272","name":"New Look Medi Spa","group":"personal_care","category":"shop=beauty","housenumber":"24570","street":"Dulles Landing Drive","city":"Arcola","postcode":"20166","tags":";beauty;spa;"}},{"type":"Feature","geometry":{"type":"Point","coordinates":[-77.45113,38.74353]},"properties":{"id":"node/5326401803","name":"Rikko's Puruvian Chicken","group":"food","category":"amenity=restaurant","cuisine":"chicken","website":"https://rikkosperu.com/","housenumber":"9976","street":"Liberia Avenue","city":"Manassas","postcode":"20110","tags":";chicken;restaurant;"}},{"type":"Feature","geometry":{"type":"Point","coordinates":[-77.45235,38.74321]},"properties":{"id":"node/5326401804","name":"Primo Pizzeria","group":"food","category":"amenity=fast_food","cuisine":"pizza","housenumber":"9926","street":"Liberia Avenue","city":"Manassas","postcode":"20110","tags":";pizza;fast_food;"}},{"type":"Feature","geometry":{"type":"Point","coordinates":[-77.4522,38.74342]},"properties":{"id":"node/5326401805","name":"Hand & Stone","group":"personal_care","category":"shop=massage","housenumber":"9902","street":"Liberia Avenue","city":"Manassas","postcode":"20110","tags":";massage;"}},{"type":"Feature","geometry":{"type":"Point","coordinates":[-77.45117,38.74335]},"properties":{"id":"node/5326401806","name":"Pupuseria Dona Azucena","group":"food","category":"amenity=restaurant","cuisine":"mexican","website":"https://rikkosperu.com/","housenumber":"9976","street":"Liberia Avenue","city":"Manassas","postcode":"20110","tags":";mexican;restaurant;"}},{"type":"Feature","geometry":{"type":"Point","coordinates":[-77.45214,38.74342]},"properties":{"id":"node/5326401809","name":"Amour Nails & Spa","group":"personal_care","category":"shop=beauty","housenumber":"9898","street":"Liberia Avenue","city":"Manassas","postcode":"20110","tags":";beauty;nails;spa;"}},{"type":"Feature","geometry":{"type":"Point","coordinates":[-77.45115,38.74343]},"properties":{"id":"node/5326401810","name":"The Barber Shop & Co.","group":"personal_care","category":"shop=hairdresser","housenumber":"9980","street":"Liberia Avenue","city":"Manassas","postcode":"20110","tags":";hairdresser;barber;"}},{"type":"Feature","geometry":{"type":"Point","coordinates":[-77.45229,38.74342]},"properties":{"id":"node/5326401820","name":"Phoenix Salon Suites","group":"personal_care","category":"shop=hairdresser","housenumber":"9906","street":"Liberia Avenue","city":"Manassas","postcode":"20110","tags":";hairdresser;"}},{"type":"Feature","geometry":{"type":"Point","coordinates":[-77.38684,38.7807]},"properties":{"id":"node/5363946408","name":"The Wine Attic","group":"groceries","category":"shop=wine","phone":"+1 703-543-8406","website":"https://thewineattic.square.site/","housenumber":"7145","street":"Main Street","city":"Clifton","postcode":"20124","tags":";wine;alcohol;"}},{"type":"Feature","geometry":{"type":"Point","coordinates":[-77.3868,38.78063]},"properties":{"id":"node/5363946409","name":"Trattoria Villagio","group":"food","category":"amenity=restaurant","cuisine":"italian","phone":"+1-703-543-2030","website":"https://trattoriavillagio.com/","housenumber":"7145","street":"Main Street","city":"Clifton","postcode":"20124","tags":";italian;restaurant;takeout;outdoor_seating;"}},{"type":"Feature","geometry":{"type":"Point","coordinates":[-77.38727,38.78057]},"properties":{"id":"node/5364015219","name":"The Main Street Pub","group":"food","category":"amenity=restaurant","cuisine":"american","tags":";american;restaurant;outdoor_seating;"}},{"type":"Feature","geometry":{"type":"Point","coordinates":[-77.43542,38.75892]},"properties":{"id":"node/5364015950","name":"Preston's Pub","group":"food","category":"amenity=pub","housenumber":"9103","street":"Andrew Drive","city":"Manassas Park","postcode":"20111","tags":";pub;outdoor_seating;wifi;"}},{"type":"Feature","geometry":{"type":"Point","coordinates":[-77.43542,38.75897]},"properties":{"id":"node/5364015953","name":"Chicken.com","group":"personal_care","category":"shop=beauty","cuisine":"chicken","housenumber":"9107","street":"Andrew Drive","city":"Manassas Park","postcode":"20111","tags":";chicken;beauty;"}},{"type":"Feature","geometry":{"type":"Point","coordinates":[-77.43557,38.75937]},"properties":{"id":"node/5364015955","name":"Hunan Star","group":"food","category":"amenity=restaurant","cuisine":"chinese","housenumber":"9125","street":"Andrew Drive","city":"Manassas Park","postcode":"20111","tags":";chinese;restaurant;"}},{"type":"Feature","geometry":{"type":"Point","coordinates":[-77.43569,38.75937]},"properties":{"id":"node/5364015956","name":"Four Seasons Cleaners","group":"services","category":"shop=dry_cleaning","housenumber":"9127","street":"Andrew Drive","city":"Manassas Park","postcode":"20111","tags":";dry_cleaning;"}},{"type":"Feature","geometry":{"type":"Point","coordinates":[-77.51638,38.78498]},"properties":{"id":"node/5390552270","name":"Sassy Nails & Spa","group":"personal_care","category":"shop=beauty","housenumber":"10695","street":"Sudley Manor Drive","city":"Manassas","postcode":"20109","tags":";beauty;nails;spa;"}},{"type":"Feature","geometry":{"type":"Point","coordinates":[-77.51668,38.78539]},"properties":{"id":"node/5394318241","name":"Orange Monkey","group":"food","category":"shop=ice_cream","housenumber":"10689","street":"Sudley Manor Drive","city":"Manassas","postcode":"20109","tags":";ice_cream;"}},{"type":"Feature","geometry":{"type":"Point","coordinates":[-77.51667,38.78543]},"properties":{"id":"node/5394318264","name":"Crossroads Barber Shop","group":"personal_care","category":"shop=hairdresser","housenumber":"10689","street":"Sudley Manor Drive","city":"Manassas","postcode":"20109","tags":";hairdresser;barber;"}},{"type":"Feature","geometry":{"type":"Point","coordinates":[-77.85307,38.86718]},"properties":{"id":"node/5412850825","name":"Glascock Grocery","group":"groceries","category":"shop=convenience","tags":";convenience;wheelchair_accessible;"}},{"type":"Feature","geometry":{"type":"Point","coordinates":[-77.85301,38.86719]},"properties":{"id":"node/5412850852","name":"Nick's Deli","group":"food","category":"amenity=fast_food","tags":";fast_food;sandwich;wheelchair_accessible;"}},{"type":"Feature","geometry":{"type":"Point","coordinates":[-77.77456,38.86211]},"properties":{"id":"node/5413180899","name":"Timeless Manes","group":"personal_care","category":"shop=hairdresser","housenumber":"6489","street":"Main Street","city":"The Plains","postcode":"20198","tags":";hairdresser;"}},{"type":"Feature","geometry":{"type":"Point","coordinates":[-77.7744,38.86205]},"properties":{"id":"node/5413180901","name":"Doppio Bunny Coffee","group":"food","category":"amenity=cafe","cuisine":"coffee_shop","hours":"Mo-Fr 07:30-17:00; Sa-Su 08:00-17:00","phone":"+1-540-253-2084","housenumber":"6485","street":"Main Street","city":"The Plains","postcode":"20198","tags":";coffee_shop;cafe;"}},{"type":"Feature","geometry":{"type":"Point","coordinates":[-77.64127,38.84454]},"properties":{"id":"node/5435848791","name":"LNB Taphouse & Grille","group":"food","category":"amenity=restaurant","cuisine":"american","hours":"Mo-Th 12:00-21:00; Fr-Sa 12:00-23:00; Su 12:00-21:00","phone":"+1-703-754-1166","website":"https://www.lnbtaphouseandgrille.com/","housenumber":"5351","street":"Merchants View Square","city":"Haymarket","postcode":"20169","tags":";american;restaurant;outdoor_seating;"}},{"type":"Feature","geometry":{"type":"Point","coordinates":[-77.63985,38.84484]},"properties":{"id":"node/5435848795","name":"Asian Garden","group":"food","category":"amenity=restaurant","cuisine":"asian;chinese","hours":"Mo-Th 11:00-22:00; Fr-Sa 11:00-22:30; Su 11:30-21:30","phone":"+1-571-248-6608","website":"https://www.asiangardenchinese.com/","housenumber":"5451","street":"Merchants View Square","city":"Haymarket","postcode":"20169","tags":";asian;chinese;restaurant;"}},{"type":"Feature","geometry":{"type":"Point","coordinates":[-77.63923,38.84481]},"properties":{"id":"node/5435848800","name":"Thai Peppers","group":"food","category":"amenity=restaurant","cuisine":"thai","hours":"Mo-Th 16:00-21:00; Fr 11:00-21:00; Sa-Su 12:00-21:00","phone":"+1-703-754-6561","website":"https://www.thaipeppersva.com/","housenumber":"5541","street":"Merchants View Square","city":"Haymarket","postcode":"20169","tags":";thai;restaurant;takeout;delivery;"}},{"type":"Feature","geometry":{"type":"Point","coordinates":[-77.9909,38.85618]},"properties":{"id":"node/5487169222","name":"Philip Carter Winery","group":"food","category":"amenity=bar","phone":"+1 540-364-1203","website":"https://www.pcwinery.com/","housenumber":"4366","street":"Stillhouse Road","postcode":"22639","tags":";bar;"}},{"type":"Feature","geometry":{"type":"Point","coordinates":[-77.94397,38.84834]},"properties":{"id":"node/5487169223","name":"Cobbler Mountain Cellars","group":"food","category":"amenity=bar","tags":";bar;"}},{"type":"Feature","geometry":{"type":"Point","coordinates":[-78.07163,38.88073]},"properties":{"id":"node/5487169224","name":"Linden Vineyards","group":"groceries","category":"shop=wine","phone":"+1 540-364-1997","website":"https://www.lindenvineyards.com/","housenumber":"3708","street":"Harrels Corner Road","postcode":"22642","tags":";wine;"}},{"type":"Feature","geometry":{"type":"Point","coordinates":[-78.084,38.84023]},"properties":{"id":"node/5487187323","name":"Desert Rose Ranch and Winery","group":"food","category":"amenity=bar","phone":"+1 540-635-3200","website":"http://desertrosewinery.com","housenumber":"13726","street":"Hume Road","postcode":"22639","tags":";bar;"}},{"type":"Feature","geometry":{"type":"Point","coordinates":[-77.45288,39.05205]},"properties":{"id":"node/5497268670","name":"The NOW","group":"personal_care","category":"shop=massage","hours":"Mo-Su 10:00-19:00","phone":"+1 703-349-5851","website":"https://thenowmassage.com/ashburn/","housenumber":"44727","street":"Thorndike Street","city":"Ashburn","postcode":"20417","tags":";massage;"}},{"type":"Feature","geometry":{"type":"Point","coordinates":[-77.45271,39.05208]},"properties":{"id":"node/5497268672","name":"Amazing Lash","group":"personal_care","category":"shop=beauty","housenumber":"44731","street":"Thorndike Street","city":"Ashburn","postcode":"20417","tags":";beauty;lashes_brows;"}},{"type":"Feature","geometry":{"type":"Point","coordinates":[-77.52827,38.95088]},"properties":{"id":"node/5501657265","name":"Solace Brewing Company","group":"food","category":"amenity=bar","hours":"Mo-Th 14:00-21:00,Fr 14:00-22:00,Sa 14:00-22:00,Su 14:00-20:00","housenumber":"42615","street":"Trade West Drive","city":"Arcola","postcode":"20166","tags":";bar;brewery;"}},{"type":"Feature","geometry":{"type":"Point","coordinates":[-77.58045,38.95279]},"properties":{"id":"node/5501681274","name":"Hammerdown BBQ","group":"food","category":"amenity=restaurant","hours":"We-Su 11:00-19:00","website":"https://hammerdownbbq.com/","housenumber":"41153","street":"John Mosby Highway","city":"Aldie","postcode":"20105","tags":";restaurant;barbecue;takeout;outdoor_seating;"}},{"type":"Feature","geometry":{"type":"Point","coordinates":[-77.96159,38.90766]},"properties":{"id":"node/5536527721","name":"Aspen Dale Winery at the Barn","group":"food","category":"amenity=bar","hours":"Mo-Su 11:00-18:00","phone":"+1 540-364-1722","website":"https://aspendalewinery.com","housenumber":"3180","street":"Aspen Dale Lane","postcode":"20144","tags":";bar;"}},{"type":"Feature","geometry":{"type":"Point","coordinates":[-77.63911,38.84478]},"properties":{"id":"node/5600349268","name":"Eugene's Sausage & Fries","group":"food","category":"amenity=restaurant","hours":"Su-Th 10:30-20:00; Fr-Sa 10:30-21:00","phone":"+1-571-261-9737","website":"https://eatateugenes.com/","housenumber":"5551","street":"Merchants View Square","city":"Haymarket","postcode":"20169","tags":";restaurant;takeout;outdoor_seating;"}},{"type":"Feature","geometry":{"type":"Point","coordinates":[-77.50126,38.7756]},"properties":{"id":"node/5646160014","name":"Richard McKay Used Books","group":"shopping","category":"shop=books","hours":"Mo-Sa 09:00-21:00; Su 10:00-20:00","website":"https://mckayusedbooks.com/","housenumber":"8345","street":"Sudley Road","city":"Manassas","tags":";books;wheelchair_accessible;"}},{"type":"Feature","geometry":{"type":"Point","coordinates":[-77.50064,38.77523]},"properties":{"id":"node/5646160081","name":"Great American Buffet","group":"food","category":"amenity=restaurant","hours":"Mo-Fr 11:00-20:00; Sa,Su 09:00-20:00","housenumber":"8365","street":"Sudley Road","city":"Manassas","postcode":"20109","tags":";restaurant;wheelchair_accessible;vegan;vegetarian;kosher;"}},{"type":"Feature","geometry":{"type":"Point","coordinates":[-77.50082,38.77535]},"properties":{"id":"node/5646160522","name":"Sumo Japanese Steakhouse","group":"food","category":"amenity=restaurant","website":"https://sumojs.com/","housenumber":"8359","street":"Sudley Road","city":"Manassas","tags":";restaurant;japanese;"}},{"type":"Feature","geometry":{"type":"Point","coordinates":[-77.51774,38.78206]},"properties":{"id":"node/5697770559","name":"Salon de Nails","group":"personal_care","category":"shop=beauty","housenumber":"8130","street":"Ashton Avenue","city":"Manassas","postcode":"20109","tags":";beauty;nails;"}},{"type":"Feature","geometry":{"type":"Point","coordinates":[-77.51761,38.78195]},"properties":{"id":"node/5697770561","name":"Tropical Bites","group":"food","category":"amenity=fast_food","cuisine":"caribbean","housenumber":"8130","street":"Ashton Avenue","city":"Manassas","postcode":"20109","tags":";caribbean;fast_food;"}},{"type":"Feature","geometry":{"type":"Point","coordinates":[-77.51753,38.78189]},"properties":{"id":"node/5697770562","name":"Texas Donuts","group":"food","category":"amenity=cafe","tags":";cafe;donut;"}},{"type":"Feature","geometry":{"type":"Point","coordinates":[-77.42556,38.98907]},"properties":{"id":"node/5727439222","name":"Cardinal Heating & Cooling","group":"services","category":"craft=hvac","phone":"+1-703-430-4040","website":"https://cardinalheatingcooling.com/","housenumber":"504","street":"Shaw Road","city":"Sterling","postcode":"20166","tags":";hvac;"}},{"type":"Feature","geometry":{"type":"Point","coordinates":[-77.5345,38.76076]},"properties":{"id":"node/5732501660","name":"NVS Kitchen and Bath","group":"shopping","category":"shop=doityourself","housenumber":"8986","street":"Hornbaker Road","city":"Manassas","postcode":"20109","tags":";doityourself;"}},{"type":"Feature","geometry":{"type":"Point","coordinates":[-77.51975,38.78543]},"properties":{"id":"node/5746008860","name":"America's Best WIngs","group":"food","category":"amenity=fast_food","cuisine":"chicken;american","phone":"+1 703-392-9464","tags":";chicken;american;fast_food;"}},{"type":"Feature","geometry":{"type":"Point","coordinates":[-77.42286,38.99446]},"properties":{"id":"node/5768491070","name":"Crooked Run Fermentation","group":"food","category":"craft=brewery","website":"https://www.crookedrunbrewing.com/","housenumber":"22455","street":"Davis Drive","city":"Sterling","postcode":"20164","tags":";brewery;"}},{"type":"Feature","geometry":{"type":"Point","coordinates":[-77.42282,38.9945]},"properties":{"id":"node/5768491071","name":"Senior Ramon Taqueria","group":"food","category":"amenity=restaurant","cuisine":"tacos","housenumber":"22455","street":"Davis Drive","city":"Sterling","postcode":"20164","tags":";tacos;restaurant;mexican;"}},{"type":"Feature","geometry":{"type":"Point","coordinates":[-77.84937,38.86353]},"properties":{"id":"node/5814682732","name":"Anthony's Pizza","group":"food","category":"amenity=restaurant","cuisine":"pizza","website":"https://www.anthonyspizzamarshall.com/","housenumber":"4197","street":"Winchester Road","city":"Marshall","postcode":"20115","tags":";pizza;restaurant;"}},{"type":"Feature","geometry":{"type":"Point","coordinates":[-77.84873,38.86329]},"properties":{"id":"node/5814682736","name":"Foster's Grill","group":"food","category":"amenity=restaurant","cuisine":"american;burger","housenumber":"4199","street":"Winchester Road","city":"Marshall","postcode":"20115","tags":";american;burger;restaurant;"}},{"type":"Feature","geometry":{"type":"Point","coordinates":[-77.80089,38.72929]},"properties":{"id":"node/5905487473","name":"El Agave","group":"food","category":"amenity=restaurant","cuisine":"mexican","housenumber":"251","street":"West Lee Highway","city":"Warrenton","postcode":"20186","tags":";mexican;restaurant;"}},{"type":"Feature","geometry":{"type":"Point","coordinates":[-77.80544,38.72422]},"properties":{"id":"node/5920035733","name":"Siggi's Men's Grooming Place","group":"personal_care","category":"shop=hairdresser","hours":"Tu-Fr 09:00-18:00; Sa 08:00-16:00","phone":"+1 540-349-7999","website":"http://siggissportsbarber.com","housenumber":"254","street":"Broadview Avenue","city":"Warrenton","postcode":"20186","tags":";hairdresser;"}},{"type":"Feature","geometry":{"type":"Point","coordinates":[-77.41777,39.02634]},"properties":{"id":"node/5930381716","name":"Burger 21","group":"food","category":"amenity=restaurant","cuisine":"burger","website":"https://www.burger21.com/","housenumber":"21305","street":"Windmill Parc Drive","city":"Sterling","postcode":"20166","tags":";burger;restaurant;"}},{"type":"Feature","geometry":{"type":"Point","coordinates":[-77.39558,39.03505]},"properties":{"id":"node/5960284745","name":"Dulles Barber","group":"personal_care","category":"shop=hairdresser","tags":";hairdresser;barber;"}},{"type":"Feature","geometry":{"type":"Point","coordinates":[-77.39779,39.03438]},"properties":{"id":"node/5960284746","name":"The Don's Wood Fired Pizza","group":"food","category":"amenity=restaurant","cuisine":"pizza","tags":";pizza;restaurant;takeout;delivery;"}},{"type":"Feature","geometry":{"type":"Point","coordinates":[-77.4716,38.91754]},"properties":{"id":"node/5961240428","name":"Dulles South Chantilly Automotive","group":"services","category":"shop=car_repair","hours":"Mo-Fr 07:00-18:00","phone":"+1-703-471-0555","website":"https://www.dullessouthchantillyautomotive.com/","housenumber":"44246","street":"Wade Drive","city":"Chantilly","postcode":"20152","tags":";car_repair;"}},{"type":"Feature","geometry":{"type":"Point","coordinates":[-77.61098,38.80788]},"properties":{"id":"node/5979657887","name":"VA Nails and Spa","group":"personal_care","category":"shop=beauty","hours":"Mo-Sa 09:30-19:30; Su 11:00-17:00","phone":"+1-703-753-5355","website":"https://www.vanailspa.com/","housenumber":"13873","street":"Heathcote Boulevard","city":"Gainesville","postcode":"20155","tags":";beauty;nails;spa;"}},{"type":"Feature","geometry":{"type":"Point","coordinates":[-77.61021,38.80914]},"properties":{"id":"node/5979657888","name":"Hunan Cafe","group":"food","category":"amenity=restaurant","cuisine":"chinese","tags":";chinese;restaurant;"}},{"type":"Feature","geometry":{"type":"Point","coordinates":[-77.64258,38.81408]},"properties":{"id":"node/5992934405","name":"Expert Cleaners","group":"services","category":"shop=dry_cleaning","tags":";dry_cleaning;"}},{"type":"Feature","geometry":{"type":"Point","coordinates":[-77.64242,38.81397]},"properties":{"id":"node/5992934407","name":"Angelic Nails","group":"personal_care","category":"shop=beauty","housenumber":"6731","street":"Lea Berry Way","city":"Haymarket","postcode":"20169","tags":";beauty;nails;"}},{"type":"Feature","geometry":{"type":"Point","coordinates":[-77.64223,38.81384]},"properties":{"id":"node/5992934410","name":"Young Chow Cafe","group":"food","category":"amenity=restaurant","cuisine":"chinese","phone":"+1 703-753-2863","website":"https://theyoungchowcafe.com/","housenumber":"6715","street":"Lea Berry Way","city":"Haymarket","postcode":"20169","tags":";chinese;restaurant;"}},{"type":"Feature","geometry":{"type":"Point","coordinates":[-77.85758,38.86473]},"properties":{"id":"node/6039078790","name":"Robin's Nest","group":"shopping","category":"shop=antiques","tags":";antiques;"}},{"type":"Feature","geometry":{"type":"Point","coordinates":[-77.45267,39.05052]},"properties":{"id":"node/6094139039","name":"Phenix Salon Suites","group":"personal_care","category":"shop=beauty","website":"https://phenixsalonsuites.com/locations-detail/?id=173","housenumber":"44751","street":"Brimfield Drive","city":"Ashburn","postcode":"20147","tags":";beauty;"}},{"type":"Feature","geometry":{"type":"Point","coordinates":[-77.45366,39.05132]},"properties":{"id":"node/6094139046","name":"Ted's Bulletin","group":"food","category":"amenity=restaurant","housenumber":"20416","street":"Exchange Street","tags":";restaurant;"}},{"type":"Feature","geometry":{"type":"Point","coordinates":[-77.45436,39.0529]},"properties":{"id":"node/6094139047","name":"Okada Japanese Restaurant & Sushi Bar","group":"food","category":"amenity=restaurant","cuisine":"sushi","hours":"Mo,We-Th,Su 11:30-22:00; Fr-Sa 11:30-23:00","housenumber":"20357","street":"Exchange Street","tags":";sushi;restaurant;japanese;"}},{"type":"Feature","geometry":{"type":"Point","coordinates":[-77.45409,39.05131]},"properties":{"id":"node/6094139048","name":"5ense of Thai St.","group":"food","category":"amenity=restaurant","cuisine":"thai","housenumber":"20413","street":"Exchange Street","tags":";thai;restaurant;wheelchair_accessible;"}},{"type":"Feature","geometry":{"type":"Point","coordinates":[-77.45452,39.05252]},"properties":{"id":"node/6094139051","name":"The Meadows","group":"food","category":"amenity=ice_cream","hours":"Su-Th 12:00-22:00; Fr-Sa 12:00-22:30","housenumber":"20548","street":"Easthampton Plaza","tags":";ice_cream;"}},{"type":"Feature","geometry":{"type":"Point","coordinates":[-77.4547,39.05287]},"properties":{"id":"node/6094139053","name":"PIND Indian Cuisine","group":"food","category":"amenity=restaurant","cuisine":"indian","hours":"Mo-Th 11:30-15:00,17:00-22:00; Fr 11:30-15:00,17:00-22:30; Sa 12:00-15:00,17:00-22:30; Su 12:00-15:00,17:00-22:00","housenumber":"20522","street":"Easthampton Plaza","tags":";indian;restaurant;wheelchair_accessible;"}},{"type":"Feature","geometry":{"type":"Point","coordinates":[-77.45452,39.05161]},"properties":{"id":"node/6094139056","name":"Big Buns","group":"food","category":"amenity=fast_food","cuisine":"burger","hours":"Su 09:00-21:05; Mo-Th 11:00-21:05; Fr 11:00-22:05; Sa 09:00-22:05","housenumber":"20602","street":"Easthampton Plaza","city":"Ashburn","postcode":"20147","tags":";burger;fast_food;takeout;wheelchair_accessible;"}},{"type":"Feature","geometry":{"type":"Point","coordinates":[-77.45333,39.05195]},"properties":{"id":"node/6094139059","name":"Fantasticks","group":"food","category":"amenity=ice_cream","phone":"+1 765-360-9650","website":"http://fantasticksgelato.com","housenumber":"44715","street":"Thorndike Street","tags":";ice_cream;"}},{"type":"Feature","geometry":{"type":"Point","coordinates":[-77.45352,39.05082]},"properties":{"id":"node/6094139063","name":"Potomac River Running","group":"shopping","category":"shop=sports","hours":"Mo-Fr 10:00-20:00; Sa 10:00-19:00; Su 12:00-19:00","housenumber":"20432","street":"Exchange Street","tags":";sports;"}},{"type":"Feature","geometry":{"type":"Point","coordinates":[-77.45395,39.0529]},"properties":{"id":"node/6094139065","name":"Zakaa Bridal Boutique","group":"shopping","category":"shop=clothes","hours":"Tu-We 11:00-18:00; Th-Fr 11:00-19:00; Sa 10:30-18:00; Su 11:00-16:00","phone":"+1 703-858-4393","housenumber":"20356","street":"Exchange Street","tags":";clothes;"}},{"type":"Feature","geometry":{"type":"Point","coordinates":[-77.45394,39.05284]},"properties":{"id":"node/6094139066","name":"Scout & Molly's Boutique","group":"shopping","category":"shop=clothes","hours":"Mo-Sa 10:00-19:00; Su 11:00-19:00","housenumber":"20360","street":"Exchange Street","tags":";clothes;"}},{"type":"Feature","geometry":{"type":"Point","coordinates":[-77.45392,39.05277]},"properties":{"id":"node/6094139067","name":"Handmade by LMAC","group":"shopping","category":"shop=art","housenumber":"20364","street":"Exchange Street","tags":";art;"}},{"type":"Feature","geometry":{"type":"Point","coordinates":[-77.45391,39.05267]},"properties":{"id":"node/6094139068","name":"Maisons","group":"shopping","category":"shop=clothes","housenumber":"20368","street":"Exchange Street","tags":";clothes;"}},{"type":"Feature","geometry":{"type":"Point","coordinates":[-77.45388,39.05034]},"properties":{"id":"node/6094139071","name":"Pho-nomenal","group":"food","category":"amenity=restaurant","cuisine":"vietnamese","hours":"Sa-Th 11:00-21:00; Fr-Sa 11:00-21:30","phone":"+1 571-293-9519","housenumber":"20447","street":"Exchange Street","tags":";vietnamese;restaurant;wheelchair_accessible;"}},{"type":"Feature","geometry":{"type":"Point","coordinates":[-77.45392,39.0505]},"properties":{"id":"node/6094139074","name":"Sullivan's Cove","group":"food","category":"amenity=bar","hours":"Tu-Th 16:00-22:00; Fr-Su 12:00-22:00","phone":"+1 703-726-0400","housenumber":"44699","street":"Brimfield Drive","tags":";bar;wheelchair_accessible;"}},{"type":"Feature","geometry":{"type":"Point","coordinates":[-77.45334,39.05083]},"properties":{"id":"node/6094139075","name":"Current Salon & Color Bar","group":"personal_care","category":"shop=beauty","hours":"Su 10:00-18:00; Mo 10:00-20:00; Tu-Th 09:00-20:00; Fr 09:00-19:00; Su 09:00-18:00","phone":"+1 703-724-9444","housenumber":"44714","street":"Brimfield Drive","tags":";beauty;"}},{"type":"Feature","geometry":{"type":"Point","coordinates":[-77.52665,38.7388]},"properties":{"id":"node/6114084086","name":"Lorena's Deli","group":"food","category":"amenity=fast_food","housenumber":"10997","street":"Nokesville Road","city":"Manassas","postcode":"20110","tags":";fast_food;sandwich;"}},{"type":"Feature","geometry":{"type":"Point","coordinates":[-77.52633,38.73883]},"properties":{"id":"node/6114084089","name":"Trojan Arms & Tactical","group":"shopping","category":"shop=weapons","hours":"Mo-Fr 10:00-18:00; Sa 10:00-15:00","phone":"+1 571-208-1691","website":"https://www.trojanarmsinc.com/","housenumber":"10981","street":"Nokesville Road","city":"Manassas","postcode":"20110","tags":";weapons;"}},{"type":"Feature","geometry":{"type":"Point","coordinates":[-77.52657,38.7388]},"properties":{"id":"node/6114084090","name":"Tokyo Nails","group":"personal_care","category":"shop=beauty","housenumber":"10993","street":"Nokesville Road","city":"Manassas","postcode":"20110","tags":";beauty;nails;"}},{"type":"Feature","geometry":{"type":"Point","coordinates":[-77.52671,38.73879]},"properties":{"id":"node/6114084091","name":"Tobaccology","group":"shopping","category":"shop=tobacco","housenumber":"11001","street":"Nokesville Road","city":"Manassas","postcode":"20110","tags":";tobacco;"}},{"type":"Feature","geometry":{"type":"Point","coordinates":[-77.45367,39.05145]},"properties":{"id":"node/6120168919","name":"The Jeans Whisperer","group":"shopping","category":"shop=clothes","hours":"Mo-We,Sa 11:00-17:00; Th-Fr 11:00-18:00; Su 12:00-16:00","website":"https://thejeanswhisperer.com/","housenumber":"20404","street":"Exchange Street","tags":";clothes;"}},{"type":"Feature","geometry":{"type":"Point","coordinates":[-77.45335,39.05042]},"properties":{"id":"node/6124188919","name":"Advanced Corrective Chiropractic","group":"personal_care","category":"shop=massage","housenumber":"44715","street":"Brimfield Drive","tags":";massage;"}},{"type":"Feature","geometry":{"type":"Point","coordinates":[-77.45338,39.05011]},"properties":{"id":"node/6124188926","name":"Hot Pot Legend","group":"food","category":"amenity=restaurant","cuisine":"chinese","website":"https://ashburn.hotpotlegend.us/","housenumber":"20462","street":"Exchange Street","tags":";chinese;restaurant;wheelchair_accessible;"}},{"type":"Feature","geometry":{"type":"Point","coordinates":[-77.45309,39.05061]},"properties":{"id":"node/6124188932","name":"Potomac Cleaners","group":"services","category":"shop=dry_cleaning","hours":"Mo-Fr 08:30-18:30; Sa 09:00-17:00","phone":"+1 703-723-7400","housenumber":"44723","street":"Brimfield Drive","tags":";dry_cleaning;"}},{"type":"Feature","geometry":{"type":"Point","coordinates":[-77.73825,38.96765]},"properties":{"id":"node/6129424378","name":"Mt. Defiance Cidery & Distillery","group":"food","category":"craft=distillery","website":"https://www.mtdefiance.com/","tags":";distillery;"}},{"type":"Feature","geometry":{"type":"Point","coordinates":[-77.47656,39.04478]},"properties":{"id":"node/6133006523","name":"Ashburn Nails","group":"personal_care","category":"shop=beauty","hours":"Mo-Fr 10:00-20:00; Sa 09:00-19:00; Su 11:00-17:00","phone":"+1 703-729-9035","housenumber":"44050","street":"Ashburn Shopping Plaza","city":"Ashburn","postcode":"20147","tags":";beauty;nails;"}},{"type":"Feature","geometry":{"type":"Point","coordinates":[-77.51782,38.78195]},"properties":{"id":"node/6161823576","name":"Iron Bowl Grill","group":"food","category":"amenity=fast_food","cuisine":"american","phone":"+1 571-361-4547","housenumber":"8130","street":"Ashton Avenue","city":"Manassas","postcode":"20109","tags":";american;fast_food;"}},{"type":"Feature","geometry":{"type":"Point","coordinates":[-77.51768,38.78184]},"properties":{"id":"node/6161823577","name":"Pho-Char","group":"food","category":"amenity=restaurant","cuisine":"vietnamese","housenumber":"8130","street":"Ashton Avenue","city":"Manassas","postcode":"20109","tags":";vietnamese;restaurant;"}},{"type":"Feature","geometry":{"type":"Point","coordinates":[-77.45097,38.94887]},"properties":{"id":"node/6170229988","name":"British Airways Lounge","group":"food","category":"amenity=bar","tags":";bar;wheelchair_accessible;wifi;"}},{"type":"Feature","geometry":{"type":"Point","coordinates":[-77.45092,38.94887]},"properties":{"id":"node/6170229989","name":"Lufthansa Lounge","group":"food","category":"amenity=bar","hours":"13:30-18:00","tags":";bar;wheelchair_accessible;wifi;"}},{"type":"Feature","geometry":{"type":"Point","coordinates":[-77.45042,38.94877]},"properties":{"id":"node/6170229990","name":"Flag World","group":"shopping","category":"shop=gift","tags":";gift;wheelchair_accessible;"}},{"type":"Feature","geometry":{"type":"Point","coordinates":[-77.45019,38.94876]},"properties":{"id":"node/6170229991","name":"i-Relax-n-Massage","group":"shopping","category":"shop=electronics","tags":";electronics;wheelchair_accessible;"}},{"type":"Feature","geometry":{"type":"Point","coordinates":[-77.44957,38.94888]},"properties":{"id":"node/6170229993","name":"Turkish Airlines Lounge","group":"food","category":"amenity=bar","tags":";bar;wheelchair_accessible;wifi;"}},{"type":"Feature","geometry":{"type":"Point","coordinates":[-77.44914,38.94875]},"properties":{"id":"node/6170229995","name":"Genx Wireless","group":"shopping","category":"shop=electronics","tags":";electronics;wheelchair_accessible;"}},{"type":"Feature","geometry":{"type":"Point","coordinates":[-77.44529,38.94873]},"properties":{"id":"node/6170230002","name":"iRelax-n-Massage","group":"shopping","category":"shop=electronics","tags":";electronics;wheelchair_accessible;"}},{"type":"Feature","geometry":{"type":"Point","coordinates":[-77.45396,38.94889]},"properties":{"id":"node/6170230287","name":"Stellar News","group":"groceries","category":"shop=newsagent","hours":"05:00-21:00","tags":";newsagent;wheelchair_accessible;"}},{"type":"Feature","geometry":{"type":"Point","coordinates":[-77.44814,38.94884]},"properties":{"id":"node/6170260187","name":"L'Occitane","group":"shopping","category":"shop=jewelry","hours":"Mo-Su 10:00-18:00","tags":";jewelry;wheelchair_accessible;"}},{"type":"Feature","geometry":{"type":"Point","coordinates":[-77.45024,38.94876]},"properties":{"id":"node/6170277389","name":"Travel Tech","group":"shopping","category":"shop=electronics","tags":";electronics;wheelchair_accessible;"}},{"type":"Feature","geometry":{"type":"Point","coordinates":[-77.45139,38.94862]},"properties":{"id":"node/6170285485","name":"Bracket Room","group":"food","category":"amenity=pub","hours":"Mo-Su 09:00-22:30","tags":";pub;wheelchair_accessible;"}},{"type":"Feature","geometry":{"type":"Point","coordinates":[-77.4493,38.94875]},"properties":{"id":"node/6170285486","name":"Kids Stop","group":"shopping","category":"shop=toys","tags":";toys;wheelchair_accessible;"}},{"type":"Feature","geometry":{"type":"Point","coordinates":[-77.4473,38.94883]},"properties":{"id":"node/6170285489","name":"Virgin Atlantic Clubhouse","group":"food","category":"amenity=bar","tags":";bar;wifi;"}},{"type":"Feature","geometry":{"type":"Point","coordinates":[-77.44646,38.94875]},"properties":{"id":"node/6170285490","name":"Cacao Chaser","group":"food","category":"shop=chocolate","tags":";chocolate;wheelchair_accessible;"}},{"type":"Feature","geometry":{"type":"Point","coordinates":[-77.4456,38.94884]},"properties":{"id":"node/6170285491","name":"Air France Lounge","group":"food","category":"amenity=bar","tags":";bar;wheelchair_accessible;wifi;"}},{"type":"Feature","geometry":{"type":"Point","coordinates":[-77.44521,38.94873]},"properties":{"id":"node/6170285492","name":"Souvenir Library","group":"shopping","category":"shop=gift","tags":";gift;wheelchair_accessible;"}},{"type":"Feature","geometry":{"type":"Point","coordinates":[-77.48509,39.04662]},"properties":{"id":"node/6222161942","name":"Salon Essence & Day Spa","group":"personal_care","category":"shop=beauty","hours":"Mo 10:00-19:00; Tu-Fr 09:00-20:00; Sa 09:00-18:00","phone":"+1 703-858-1888","website":"https://salonessence.com/","tags":";beauty;spa;"}},{"type":"Feature","geometry":{"type":"Point","coordinates":[-77.48508,39.04668]},"properties":{"id":"node/6222161943","name":"China Taste","group":"food","category":"amenity=restaurant","cuisine":"chinese","hours":"Mo-Th 11:00-22:00; Fr-Sa 11:00-23:00; Su 11:30-22:00","phone":"+1 703-723-4834","website":"https://www.ashburnchinataste.com/","tags":";chinese;restaurant;delivery;"}},{"type":"Feature","geometry":{"type":"Point","coordinates":[-77.48506,39.04674]},"properties":{"id":"node/6222161944","name":"Priya Spices","group":"groceries","category":"shop=spices","hours":"Mo-Su 10:00-21:00","phone":"+1 703-724-9318","website":"https://priyaspicesashburn.com/","tags":";spices;"}},{"type":"Feature","geometry":{"type":"Point","coordinates":[-77.48504,39.04685]},"properties":{"id":"node/6222161946","name":"Elite Nails Spa","group":"personal_care","category":"shop=beauty","phone":"+1 703-723-4075","tags":";beauty;nails;spa;"}},{"type":"Feature","geometry":{"type":"Point","coordinates":[-77.48501,39.04699]},"properties":{"id":"node/6222161948","name":"Deepam's Puja & Boutique","group":"shopping","category":"shop=clothes","hours":"Mo-Su 10:00-21:00","website":"https://deepams.com/","tags":";clothes;"}},{"type":"Feature","geometry":{"type":"Point","coordinates":[-77.485,39.04707]},"properties":{"id":"node/6222161949","name":"Best Barber Shop","group":"personal_care","category":"shop=hairdresser","phone":"+1 703-858-5141","website":"https://bestbarbershopinashburn.com/","housenumber":"20630","street":"Ashburn Road","city":"Ashburn","postcode":"20147","tags":";hairdresser;barber;"}},{"type":"Feature","geometry":{"type":"Point","coordinates":[-77.41702,39.00855]},"properties":{"id":"node/6254329189","name":"King's buffet","group":"food","category":"amenity=restaurant","cuisine":"chinese","tags":";chinese;restaurant;"}},{"type":"Feature","geometry":{"type":"Point","coordinates":[-77.41713,39.00841]},"properties":{"id":"node/6254330502","name":"La porchetta","group":"food","category":"amenity=restaurant","cuisine":"pizza","tags":";pizza;restaurant;"}},{"type":"Feature","geometry":{"type":"Point","coordinates":[-77.50086,39.03634]},"properties":{"id":"node/6254815853","name":"VA Kabob House","group":"food","category":"amenity=restaurant","cuisine":"kebab","tags":";kebab;restaurant;"}},{"type":"Feature","geometry":{"type":"Point","coordinates":[-77.50181,39.03692]},"properties":{"id":"node/6254815857","name":"Dulles Barber","group":"personal_care","category":"shop=hairdresser","hours":"Mo-Fr 09:00-19:00; Sa 09:00-18:00; Su 10:00-17:00","phone":"+1 703-858-0101","website":"https://dullesbarber.com/#ashburn","tags":";hairdresser;barber;"}},{"type":"Feature","geometry":{"type":"Point","coordinates":[-77.50192,39.037]},"properties":{"id":"node/6254815859","name":"Beauty Touch Day Spa","group":"personal_care","category":"shop=beauty","phone":"+1 703-723-3191","website":"https://beautytouchdayspa.com/","tags":";beauty;spa;"}},{"type":"Feature","geometry":{"type":"Point","coordinates":[-77.50206,39.03703]},"properties":{"id":"node/6254815861","name":"Your Eye Doctor P.C.","group":"personal_care","category":"shop=optician","phone":"+1 703-726-9600","website":"https://www.drbermel.com/","housenumber":"43330","street":"Junction Plaza","city":"Ashburn","postcode":"20147","tags":";optician;"}},{"type":"Feature","geometry":{"type":"Point","coordinates":[-77.50071,39.03585]},"properties":{"id":"node/6255083687","name":"Thai Deelish","group":"food","category":"amenity=restaurant","cuisine":"thai","hours":"Mo-Th 11:30-22:00; Fr-Sa 11:30-22:30; Su 11:30-22:00","phone":"+1 571-291-2428","website":"https://www.thaideelish.com/","tags":";thai;restaurant;"}},{"type":"Feature","geometry":{"type":"Point","coordinates":[-77.50077,39.0361]},"properties":{"id":"node/6255083717","name":"Belly Rubs N Suds","group":"services","category":"shop=pet_grooming","phone":"+1 571-295-5516","website":"https://www.bellyrubspetcare.com/","tags":";pet_grooming;"}},{"type":"Feature","geometry":{"type":"Point","coordinates":[-77.50079,39.03617]},"properties":{"id":"node/6255083718","name":"Whole Pet Central","group":"shopping","category":"shop=pet","hours":"Mo-Fr 10:00-20:00; Sa 09:00-18:00; Su 11:00-18:00","phone":"+1 703-724-4319","website":"https://www.wholepetcentral.com/store/","tags":";pet;"}},{"type":"Feature","geometry":{"type":"Point","coordinates":[-77.4587,38.79242]},"properties":{"id":"node/6258028637","name":"Islita Restaurant & Sport Bar","group":"food","category":"amenity=restaurant","housenumber":"8699","street":"Parkland Street","city":"Manassas","postcode":"20111","tags":";restaurant;"}},{"type":"Feature","geometry":{"type":"Point","coordinates":[-77.47197,38.91459]},"properties":{"id":"node/6259212109","name":"Commonwealth Motorcars Sales and Service, LLC","group":"shopping","category":"shop=car","hours":"Mo-Sa 10:30-19:00; Su 12:00-18:00","phone":"+1-703-337-7738","website":"http://commonwealthmotorcars.com","housenumber":"25354","street":"Pleasant Valley Road","city":"Chantilly","postcode":"20152","tags":";car;"}},{"type":"Feature","geometry":{"type":"Point","coordinates":[-77.50819,39.0087]},"properties":{"id":"node/6301812448","name":"Blend","group":"food","category":"amenity=cafe","cuisine":"coffee_shop","hours":"Mo-Sa 07:00-19:00; Su 08:00-19:00","tags":";coffee_shop;cafe;wifi;"}},{"type":"Feature","geometry":{"type":"Point","coordinates":[-77.54991,38.93983]},"properties":{"id":"node/6334787652","name":"Ciro Ristorante","group":"food","category":"amenity=restaurant","cuisine":"italian","tags":";italian;restaurant;"}},{"type":"Feature","geometry":{"type":"Point","coordinates":[-77.54994,38.9403]},"properties":{"id":"node/6334787656","name":"t'KiLa Latin Kitchen & Bar","group":"food","category":"amenity=restaurant","tags":";restaurant;"}},{"type":"Feature","geometry":{"type":"Point","coordinates":[-77.61292,38.79404]},"properties":{"id":"node/6360691076","name":"Haymarket Cleaners","group":"services","category":"shop=dry_cleaning","housenumber":"7524","street":"Old Linton Hall Road","city":"Gainesville","postcode":"20155","tags":";dry_cleaning;"}},{"type":"Feature","geometry":{"type":"Point","coordinates":[-77.51697,38.7886]},"properties":{"id":"node/6379826864","name":"AQ Nails","group":"personal_care","category":"shop=beauty","tags":";beauty;nails;"}},{"type":"Feature","geometry":{"type":"Point","coordinates":[-77.51703,38.78856]},"properties":{"id":"node/6379826865","name":"PR Salon and Spa","group":"personal_care","category":"shop=hairdresser","tags":";hairdresser;spa;"}},{"type":"Feature","geometry":{"type":"Point","coordinates":[-77.51727,38.78804]},"properties":{"id":"node/6379828528","name":"Akasaka Japanese Steak House","group":"food","category":"amenity=restaurant","cuisine":"japanese","housenumber":"10788","street":"Sudley Manor Drive","city":"Manassas","postcode":"20109","tags":";japanese;restaurant;"}},{"type":"Feature","geometry":{"type":"Point","coordinates":[-77.40803,39.03633]},"properties":{"id":"node/6385317103","name":"China Garden","group":"food","category":"amenity=fast_food","cuisine":"chinese","phone":"+1 703-444-7801","housenumber":"45999","street":"Regal Plaza","city":"Sterling","postcode":"20165","tags":";chinese;fast_food;"}},{"type":"Feature","geometry":{"type":"Point","coordinates":[-77.44813,38.95283]},"properties":{"id":"node/6410536810","name":"District ChopHouse","group":"food","category":"amenity=restaurant","tags":";restaurant;"}},{"type":"Feature","geometry":{"type":"Point","coordinates":[-77.5188,39.01836]},"properties":{"id":"node/6428603522","name":"Broadlands Brickoven Pizzeria","group":"food","category":"amenity=restaurant","cuisine":"pizza","website":"https://broadlandspizza.com/","tags":";pizza;restaurant;"}},{"type":"Feature","geometry":{"type":"Point","coordinates":[-77.67636,38.74372]},"properties":{"id":"node/6440553566","name":"Farm Station Caf\u00e9","group":"food","category":"amenity=restaurant","cuisine":"coffee_shop;american","phone":"+1 540-216-3959","housenumber":"7150","street":"Farm Station Road","city":"Vint Hill","postcode":"20181","tags":";coffee_shop;american;restaurant;wifi;gluten_free;"}},{"type":"Feature","geometry":{"type":"Point","coordinates":[-77.67563,38.74387]},"properties":{"id":"node/6440553897","name":"Iva Bella Salon","group":"personal_care","category":"shop=hairdresser","housenumber":"7132","street":"Farm Station Road","city":"Vint Hill","postcode":"20187","tags":";hairdresser;"}},{"type":"Feature","geometry":{"type":"Point","coordinates":[-77.50968,38.78125]},"properties":{"id":"node/6481855649","name":"The Barbershop & Co","group":"personal_care","category":"shop=hairdresser","hours":"Mo-Fr 09:00-19:00; Sa 08:00-16:00; Su 10:00-15:00","phone":"+1-703-257-5700","website":"https://www.barbershopandco.com","housenumber":"8093","street":"Sudley Road","city":"Manassas","postcode":"20109","tags":";hairdresser;barber;"}},{"type":"Feature","geometry":{"type":"Point","coordinates":[-77.51022,38.78189]},"properties":{"id":"node/6481855652","name":"Long Nails","group":"personal_care","category":"shop=beauty","tags":";beauty;nails;"}},{"type":"Feature","geometry":{"type":"Point","coordinates":[-77.47691,39.04463]},"properties":{"id":"node/6507389025","name":"Ashburn Barber Shop","group":"personal_care","category":"shop=hairdresser","hours":"Mo-Fr 09:00-20:00; Sa 08:00-18:00; Su 09:00-18:00","housenumber":"44031","street":"Ashburn Shopping Plaza","city":"Ashburn","postcode":"20147","tags":";hairdresser;barber;"}},{"type":"Feature","geometry":{"type":"Point","coordinates":[-77.47698,39.04445]},"properties":{"id":"node/6507389029","name":"Anthony & Sylvan Pools","group":"shopping","category":"shop=swimming_pool","hours":"Mo-Fr 08:00-17:00","website":"https://www.anthonysylvan.com/locations/virginia/ashburn/","housenumber":"44031","street":"Ashburn Shopping Plaza","city":"Ashburn","postcode":"20147","tags":";swimming_pool;"}},{"type":"Feature","geometry":{"type":"Point","coordinates":[-77.47702,39.04429]},"properties":{"id":"node/6507389030","name":"Thai Ashburn","group":"food","category":"amenity=restaurant","cuisine":"thai","hours":"Mo-Th 11:00-21:30; Sa 12:00-22:00; Su 12:00-21:30","phone":"+1 571-442-8679","website":"https://thaiashburn.com/","housenumber":"44031","street":"Ashburn Shopping Plaza","city":"Ashburn","postcode":"20147","tags":";thai;restaurant;"}},{"type":"Feature","geometry":{"type":"Point","coordinates":[-77.47704,39.04422]},"properties":{"id":"node/6507389031","name":"Perfect Eyebrow","group":"personal_care","category":"shop=beauty","hours":"Mo-Sa 10:00-19:00; Su 11:00-19:00","housenumber":"44031","street":"Ashburn Shopping Plaza","city":"Ashburn","postcode":"20147","tags":";beauty;"}},{"type":"Feature","geometry":{"type":"Point","coordinates":[-77.47723,39.04418]},"properties":{"id":"node/6507389032","name":"DogGone Natural","group":"shopping","category":"shop=pet","hours":"Mo-Fr 10:00-19:00; Sa 10:00-18:00; Su 12:00-18:00","phone":"+1 703-858-1112","website":"https://www.doggonenatural.com/","housenumber":"44031","street":"Ashburn Shopping Plaza","city":"Ashburn","postcode":"20147","tags":";pet;"}},{"type":"Feature","geometry":{"type":"Point","coordinates":[-77.50431,38.99301]},"properties":{"id":"node/6565293257","name":"Sana Day Spa","group":"personal_care","category":"shop=beauty","tags":";beauty;spa;"}},{"type":"Feature","geometry":{"type":"Point","coordinates":[-77.44967,38.94534]},"properties":{"id":"node/6568904090","name":"United Club","group":"food","category":"amenity=bar","hours":"05:30-22:00","tags":";bar;wifi;"}},{"type":"Feature","geometry":{"type":"Point","coordinates":[-77.44364,38.94528]},"properties":{"id":"node/6568904094","name":"Wanderlust","group":"shopping","category":"shop=gift","hours":"Mo-Tu,Su 09:00-18:00; We-Sa 09:00-21:00","tags":";gift;wheelchair_accessible;"}},{"type":"Feature","geometry":{"type":"Point","coordinates":[-77.39452,39.02423]},"properties":{"id":"node/6612141773","name":"Mika's Neapolitan Pizza","group":"food","category":"amenity=restaurant","cuisine":"pizza","phone":"+1-571-683-0217","website":"https://mikasneapolitanpizza.com/","housenumber":"21475","street":"Epicerie Plaza","city":"Sterling","postcode":"20164","tags":";pizza;restaurant;"}},{"type":"Feature","geometry":{"type":"Point","coordinates":[-77.45212,39.05167]},"properties":{"id":"node/6655617051","name":"Sterling Restaurant Supply","group":"shopping","category":"shop=houseware","hours":"Mo-Sa 10:00-18:00","phone":"+1 866-612-1777","website":"https://www.sterlingrestaurantsupply.com/","tags":";houseware;"}},{"type":"Feature","geometry":{"type":"Point","coordinates":[-77.45216,39.05197]},"properties":{"id":"node/6655617052","name":"Fortessa Tableware Solutions","group":"shopping","category":"shop=houseware","phone":"+1 703-787-0357","website":"https://www.ftsonline.com/","tags":";houseware;"}},{"type":"Feature","geometry":{"type":"Point","coordinates":[-77.45383,39.05245]},"properties":{"id":"node/6655617054","name":"The Lost Fox Hideaway","group":"food","category":"amenity=pub","website":"https://www.lostfoxhideaway.com/","tags":";pub;"}},{"type":"Feature","geometry":{"type":"Point","coordinates":[-77.45375,39.05233]},"properties":{"id":"node/6655617055","name":"City Tap","group":"food","category":"amenity=restaurant","website":"https://www.citytap.com/location/loudoun/","housenumber":"20376","street":"Exchange Street","tags":";restaurant;"}},{"type":"Feature","geometry":{"type":"Point","coordinates":[-77.43543,38.75931]},"properties":{"id":"node/6678125213","name":"Pretty Nails","group":"personal_care","category":"shop=beauty","housenumber":"9117","street":"Andrew Drive","city":"Manassas Park","postcode":"20111","tags":";beauty;nails;"}},{"type":"Feature","geometry":{"type":"Point","coordinates":[-77.45345,38.77295]},"properties":{"id":"node/6698404645","name":"The Furniture House","group":"shopping","category":"shop=furniture","hours":"Mo-Sa 10:00-21:00, Su 11:00-18:00","phone":"+1-703-330-2100","website":"https://thefurniturehouseva.com/","housenumber":"8484","street":"Centreville Road","city":"Manassas","postcode":"20111","tags":";furniture;"}},{"type":"Feature","geometry":{"type":"Point","coordinates":[-77.48912,38.80536]},"properties":{"id":"node/6702369587","name":"Newkirk Services, Inc.","group":"services","category":"craft=paver","hours":"Mo-Fr 08:00-17:00","phone":"+1-703-818-8970","website":"https://newkirkservices.com/","housenumber":"7608","street":"Bull Run Drive","city":"Centreville","postcode":"20121","tags":";paver;"}},{"type":"Feature","geometry":{"type":"Point","coordinates":[-77.87776,38.99269]},"properties":{"id":"node/6716282193","name":"Hunter's Head Tavern","group":"food","category":"amenity=restaurant","cuisine":"british","hours":"Mo-Su 11:30-21:30","phone":"+1 540-592-9020","website":"https://www.huntersheadtavern.com/","housenumber":"9048","street":"John S Mosby Highway","city":"Upperville","postcode":"20184","tags":";british;restaurant;"}},{"type":"Feature","geometry":{"type":"Point","coordinates":[-77.52177,38.74261]},"properties":{"id":"node/6720818825","name":"The Pit","group":"food","category":"amenity=restaurant","cuisine":"barbecue","tags":";barbecue;restaurant;"}},{"type":"Feature","geometry":{"type":"Point","coordinates":[-77.52178,38.74276]},"properties":{"id":"node/6720818840","name":"2 Silos Brewing Company","group":"food","category":"craft=brewery","housenumber":"9925","street":"Discovery Boulevard","city":"Manassas","postcode":"20109","tags":";brewery;"}},{"type":"Feature","geometry":{"type":"Point","coordinates":[-77.52156,38.7428]},"properties":{"id":"node/6720818955","name":"La Gringa","group":"food","category":"amenity=restaurant","cuisine":"latin_american","tags":";latin_american;restaurant;"}},{"type":"Feature","geometry":{"type":"Point","coordinates":[-77.52153,38.7426]},"properties":{"id":"node/6720818956","name":"Joe's Yard Dogs","group":"food","category":"amenity=restaurant","tags":";restaurant;"}},{"type":"Feature","geometry":{"type":"Point","coordinates":[-77.50964,38.7789]},"properties":{"id":"node/6810458890","name":"Smokey Shoppe","group":"shopping","category":"shop=tobacco","housenumber":"8128","street":"Sudley Road","city":"Manassas","postcode":"20109","tags":";tobacco;"}},{"type":"Feature","geometry":{"type":"Point","coordinates":[-77.63863,38.8126]},"properties":{"id":"node/6828904440","name":"Eugene's & Ethyl's","group":"food","category":"amenity=restaurant","housenumber":"15111","street":"Washington Street","city":"Haymarket","postcode":"20169","tags":";restaurant;outdoor_seating;"}},{"type":"Feature","geometry":{"type":"Point","coordinates":[-77.44985,38.95283]},"properties":{"id":"node/6835876209","name":"Cafe Americana","group":"food","category":"amenity=restaurant","tags":";restaurant;"}},{"type":"Feature","geometry":{"type":"Point","coordinates":[-77.50956,38.78107]},"properties":{"id":"node/6924976209","name":"Catus Grill","group":"food","category":"amenity=restaurant","cuisine":"mexican","housenumber":"8099","street":"Sudley Road","city":"Manassas","postcode":"20109","tags":";mexican;restaurant;"}},{"type":"Feature","geometry":{"type":"Point","coordinates":[-77.6491,38.78578]},"properties":{"id":"node/6978025025","name":"Famous American Barborshop","group":"personal_care","category":"shop=hairdresser","housenumber":"7953","street":"Stonewall Shops Square","city":"Gainesville","postcode":"20155","tags":";hairdresser;"}},{"type":"Feature","geometry":{"type":"Point","coordinates":[-77.6488,38.78592]},"properties":{"id":"node/6978025028","name":"Kemper Carpet and Flooring","group":"shopping","category":"shop=carpet","housenumber":"7937","street":"Stonewall Shops Square","city":"Gainesville","postcode":"20155","tags":";carpet;"}},{"type":"Feature","geometry":{"type":"Point","coordinates":[-77.6498,38.78607]},"properties":{"id":"node/6978025029","name":"American Threading Plus","group":"personal_care","category":"shop=beauty","housenumber":"7903","street":"Stonewall Shops Square","city":"Gainesville","postcode":"20155","tags":";beauty;"}},{"type":"Feature","geometry":{"type":"Point","coordinates":[-77.64914,38.78452]},"properties":{"id":"node/6978025034","name":"Escape Nail & Day Spa","group":"personal_care","category":"shop=beauty","housenumber":"8057","street":"Stonewall Shops Square","city":"Gainesville","postcode":"20155","tags":";beauty;nails;spa;"}},{"type":"Feature","geometry":{"type":"Point","coordinates":[-77.64924,38.78451]},"properties":{"id":"node/6978025036","name":"Stonewall Cleaners","group":"services","category":"shop=dry_cleaning","housenumber":"8065","street":"Stonewall Shops Square","city":"Gainesville","postcode":"20155","tags":";dry_cleaning;"}},{"type":"Feature","geometry":{"type":"Point","coordinates":[-77.47318,38.75049]},"properties":{"id":"node/6993933260","name":"CJ Finz Raw Bar & Grille","group":"food","category":"amenity=restaurant","cuisine":"seafood","hours":"11:00-02:00","phone":"+1-571-292-1742","housenumber":"9413","street":"West Street","city":"Manassas","tags":";seafood;restaurant;"}},{"type":"Feature","geometry":{"type":"Point","coordinates":[-77.4725,38.75047]},"properties":{"id":"node/6993933262","name":"Mariachis Tequileria & Restaurant","group":"food","category":"amenity=restaurant","cuisine":"mexican","hours":"Mo-Su 11:00-24:00","phone":"+1-703-369-6022","housenumber":"9428","street":"Battle Street","city":"Manassas","tags":";mexican;restaurant;"}},{"type":"Feature","geometry":{"type":"Point","coordinates":[-77.47253,38.75066]},"properties":{"id":"node/6993933263","name":"The Bone","group":"food","category":"amenity=restaurant","cuisine":"barbecue","hours":"Mo-Su 11:00-20:00","phone":"+1-703-330-3820","housenumber":"9420","street":"Battle Street","city":"Manassas","tags":";barbecue;restaurant;"}},{"type":"Feature","geometry":{"type":"Point","coordinates":[-77.47269,38.75091]},"properties":{"id":"node/6993933264","name":"Travel Place Manassas","group":"services","category":"shop=travel_agency","housenumber":"9121","street":"Center Street","city":"Manassas","tags":";travel_agency;"}},{"type":"Feature","geometry":{"type":"Point","coordinates":[-77.47328,38.75126]},"properties":{"id":"node/6993974295","name":"TummyYumyum Gourmet Candy Apples","group":"food","category":"shop=confectionery","housenumber":"9119","street":"West Street","city":"Manassas","tags":";confectionery;"}},{"type":"Feature","geometry":{"type":"Point","coordinates":[-77.423,39.03246]},"properties":{"id":"node/6994025378","name":"Avalon Nail Salon","group":"personal_care","category":"shop=beauty","tags":";beauty;nails;"}},{"type":"Feature","geometry":{"type":"Point","coordinates":[-77.42324,39.03231]},"properties":{"id":"node/6994025380","name":"Fink's Jewelers Dulles Town Center","group":"shopping","category":"shop=jewelry","tags":";jewelry;"}},{"type":"Feature","geometry":{"type":"Point","coordinates":[-77.42325,39.03201]},"properties":{"id":"node/6994025382","name":"Street Corner News","group":"groceries","category":"shop=convenience","tags":";convenience;"}},{"type":"Feature","geometry":{"type":"Point","coordinates":[-77.42339,39.0321]},"properties":{"id":"node/6994025383","name":"Cellairis","group":"shopping","category":"shop=mobile_phone","tags":";mobile_phone;"}},{"type":"Feature","geometry":{"type":"Point","coordinates":[-77.42307,39.03171]},"properties":{"id":"node/6994036287","name":"Parfumeur de Paris","group":"personal_care","category":"shop=perfumery","tags":";perfumery;"}},{"type":"Feature","geometry":{"type":"Point","coordinates":[-77.42358,39.03202]},"properties":{"id":"node/6994036292","name":"Elite Jewelers-Dulles Mall","group":"shopping","category":"shop=jewelry","tags":";jewelry;"}},{"type":"Feature","geometry":{"type":"Point","coordinates":[-77.42362,39.03215]},"properties":{"id":"node/6994036293","name":"Candy World","group":"food","category":"shop=confectionery","tags":";confectionery;"}},{"type":"Feature","geometry":{"type":"Point","coordinates":[-77.47534,39.04455]},"properties":{"id":"node/7061715441","name":"Rock N' Claws","group":"food","category":"amenity=restaurant","hours":"15:00-22:30","phone":"+1 571-510-3152","website":"https://www.rocknclaws.com","housenumber":"44110","street":"Ashburn Shopping Plaza","city":"Ashburn","postcode":"20147","tags":";restaurant;"}},{"type":"Feature","geometry":{"type":"Point","coordinates":[-77.51695,38.78852]},"properties":{"id":"node/7105472972","name":"Old Virginia Tobacco Co.","group":"shopping","category":"shop=tobacco","housenumber":"10772","street":"Sudley Manor Drive","city":"Manassas","postcode":"20109","tags":";tobacco;"}},{"type":"Feature","geometry":{"type":"Point","coordinates":[-77.55304,38.79544]},"properties":{"id":"node/7222328590","name":"MI-BOX of Northern Virginia","group":"services","category":"shop=storage_rental","hours":"Mo-Sa 08:00-19:00; Su 12:00-16:00","phone":"+1-571-382-6900","website":"https://getmibox.com/locations/northern_virginia_mobile_storage_and_moving_containers","housenumber":"7425","street":"Merritt Park Drive","city":"Manassas","postcode":"20109","tags":";storage_rental;"}},{"type":"Feature","geometry":{"type":"Point","coordinates":[-77.52358,38.79627]},"properties":{"id":"node/7261723970","name":"Oh! Market International Food","group":"groceries","category":"shop=supermarket","hours":"Mo-Su 08:30-21:00","website":"https://ohmarketfood.com/","housenumber":"7412","street":"Stream Walk Lane","city":"Manassas","postcode":"20109","tags":";supermarket;"}},{"type":"Feature","geometry":{"type":"Point","coordinates":[-77.52387,38.79682]},"properties":{"id":"node/7261723972","name":"The Tile Shop","group":"shopping","category":"shop=tiles","tags":";tiles;"}},{"type":"Feature","geometry":{"type":"Point","coordinates":[-77.73692,38.96824]},"properties":{"id":"node/7589978015","name":"Middleburg Antique Emporium","group":"shopping","category":"shop=antiques","tags":";antiques;"}},{"type":"Feature","geometry":{"type":"Point","coordinates":[-77.4906,38.97061]},"properties":{"id":"node/7646211289","name":"Darna Fragnances","group":"personal_care","category":"shop=beauty","hours":"Mo-Fr 08:00-17:00; Sa 08:00-15:00","phone":"+1-571-444-9906","website":"https://darnafrag.com/","housenumber":"43676","street":"Trade Center Place","city":"Sterling","postcode":"20166","tags":";beauty;"}},{"type":"Feature","geometry":{"type":"Point","coordinates":[-77.50982,38.77902]},"properties":{"id":"node/7708234408","name":"California Chicken Wings","group":"food","category":"amenity=restaurant","hours":"Mo-Sa 10:00-23:00; Su 11:00-22:00","phone":"+1-703-330-3900","website":"https://californiachickenwings.com/","housenumber":"8124","street":"Sudley Road","city":"Manassas","postcode":"20109","tags":";restaurant;chicken;"}},{"type":"Feature","geometry":{"type":"Point","coordinates":[-77.60267,38.80396]},"properties":{"id":"node/7738728151","name":"Taste of Asian","group":"food","category":"amenity=restaurant","cuisine":"chinese","phone":"+1-571-248-6851","website":"http://taste-of-asian.com/","housenumber":"7921","street":"Heritage Village Plaza","city":"Gainesville","postcode":"20155","tags":";chinese;restaurant;takeout;delivery;"}},{"type":"Feature","geometry":{"type":"Point","coordinates":[-77.60263,38.80392]},"properties":{"id":"node/7738758951","name":"CM Chicken Gainesville - HQ1","group":"food","category":"amenity=restaurant","cuisine":"korean;fried_chicken;casual_food","website":"https://www.cmchickenusa.com","housenumber":"7929","street":"Heritage Village Plaza","city":"Gainesville","postcode":"20155","tags":";korean;fried_chicken;casual_food;restaurant;chicken;"}},{"type":"Feature","geometry":{"type":"Point","coordinates":[-77.60303,38.80421]},"properties":{"id":"node/7738782554","name":"Jimbo's","group":"food","category":"amenity=restaurant","cuisine":"burger;wings","hours":"Mo-Th 11:00-22:00; Fr 11:00-23:00; Sa 09:00-23:00; Su 09:00-22:00","phone":"+1-571-248-0752","website":"https://www.jimbosgrill.com/","housenumber":"7901","street":"Heritage Village Plaza","city":"Gainesville","postcode":"20155","tags":";burger;wings;restaurant;"}},{"type":"Feature","geometry":{"type":"Point","coordinates":[-77.50992,38.78902]},"properties":{"id":"node/7934403244","name":"Nails Spa","group":"personal_care","category":"shop=beauty","housenumber":"10478","street":"Sudley Manor Drive","city":"Manassas","postcode":"20109","tags":";beauty;nails;spa;"}},{"type":"Feature","geometry":{"type":"Point","coordinates":[-77.51008,38.78898]},"properties":{"id":"node/7934403245","name":"Bobos","group":"personal_care","category":"shop=hairdresser","housenumber":"10486","street":"Sudley Manor Drive","city":"Manassas","postcode":"20109","tags":";hairdresser;"}},{"type":"Feature","geometry":{"type":"Point","coordinates":[-77.46908,39.01901]},"properties":{"id":"node/7939559492","name":"Virginia Tire and Auto","group":"services","category":"shop=car_repair","tags":";car_repair;tyres;"}},{"type":"Feature","geometry":{"type":"Point","coordinates":[-77.51913,39.0188]},"properties":{"id":"node/7956224733","name":"Ashburn Kabob","group":"food","category":"amenity=restaurant","cuisine":"middle_eastern","website":"https://www.ashburnkabob.com/","housenumber":"42882","street":"Truro Parish Drive","city":"Ashburn","postcode":"20148","tags":";middle_eastern;restaurant;"}},{"type":"Feature","geometry":{"type":"Point","coordinates":[-77.3692,39.04494]},"properties":{"id":"node/8039052997","name":"Residential Pool Service LLC","group":"shopping","category":"shop=swimming_pool","hours":"Mo-Su 08:00-18:00","phone":"+1 703-901-0143","website":"https://residentialpoolservicellc.com/","housenumber":"20616","street":"Cherrywood Court","city":"Sterling","postcode":"20165","tags":";swimming_pool;"}},{"type":"Feature","geometry":{"type":"Point","coordinates":[-77.42016,38.99332]},"properties":{"id":"node/8112602953","name":"Studio One Screen Printing and Embroidery","group":"shopping","category":"shop=printer_ink","tags":";printer_ink;"}},{"type":"Feature","geometry":{"type":"Point","coordinates":[-77.42008,38.99325]},"properties":{"id":"node/8112602954","name":"Sterling Lighting LLC","group":"shopping","category":"shop=lighting","tags":";lighting;"}},{"type":"Feature","geometry":{"type":"Point","coordinates":[-77.64014,38.81374]},"properties":{"id":"node/8117729723","name":"Haymarket Bicycles","group":"shopping","category":"shop=bicycle","hours":"Tu-Sa 12:00-18:00; Su 12:00-17:00","phone":"+1-703-754-1911","website":"https://haymarketbicycles.com/","housenumber":"4414","street":"Costello Way","city":"Haymarket","postcode":"20169","tags":";bicycle;"}},{"type":"Feature","geometry":{"type":"Point","coordinates":[-77.64011,38.81374]},"properties":{"id":"node/8117729724","name":"Contemporary Music Center","group":"shopping","category":"shop=musical_instrument","hours":"Mo-Fr 13:00-20:00","website":"https://www.contemporarymusiccenter.com/","housenumber":"4410","street":"Costello Way","city":"Haymarket","postcode":"20169","tags":";musical_instrument;"}},{"type":"Feature","geometry":{"type":"Point","coordinates":[-77.64059,38.81163]},"properties":{"id":"node/8117729726","name":"Mullins Auto Care","group":"services","category":"shop=car_repair","hours":"Mo-Fr 08:00-18:00","phone":"+1-703-754-2173","website":"https://www.mullinsautocare.com/","housenumber":"15161","street":"Washington Street","city":"Haymarket","postcode":"20169","tags":";car_repair;"}},{"type":"Feature","geometry":{"type":"Point","coordinates":[-77.64072,38.81169]},"properties":{"id":"node/8117729727","name":"Haymarket Motor Group","group":"services","category":"shop=car_repair","tags":";car_repair;"}},{"type":"Feature","geometry":{"type":"Point","coordinates":[-77.49164,38.75361]},"properties":{"id":"node/8119466513","name":"Perfect Pizza","group":"food","category":"amenity=restaurant","cuisine":"pizza","housenumber":"9774","street":"Zimbro Avenue","city":"Manassas","postcode":"20110","tags":";pizza;restaurant;"}},{"type":"Feature","geometry":{"type":"Point","coordinates":[-77.49169,38.75353]},"properties":{"id":"node/8119466514","name":"Yeranis Dominican Salon","group":"personal_care","category":"shop=hairdresser","housenumber":"9776","street":"Zimbro Avenue","city":"Manassas","postcode":"20110","tags":";hairdresser;"}},{"type":"Feature","geometry":{"type":"Point","coordinates":[-77.49158,38.7537]},"properties":{"id":"node/8119466515","name":"Botaloca","group":"shopping","category":"shop=shoes","housenumber":"9768","street":"Zimbro Avenue","city":"Manassas","postcode":"20110","tags":";shoes;"}},{"type":"Feature","geometry":{"type":"Point","coordinates":[-77.4916,38.75367]},"properties":{"id":"node/8119466516","name":"Kim's Deli","group":"food","category":"amenity=restaurant","cuisine":"sandwich","housenumber":"9770","street":"Zimbro Avenue","city":"Manassas","postcode":"20110","tags":";sandwich;restaurant;"}},{"type":"Feature","geometry":{"type":"Point","coordinates":[-77.49058,38.75425]},"properties":{"id":"node/8124637232","name":"Jay's Brewing Supplies","group":"shopping","category":"shop=brewing_supplies","housenumber":"9790","street":"Center Street","city":"Manassas","postcode":"20110","tags":";brewing_supplies;"}},{"type":"Feature","geometry":{"type":"Point","coordinates":[-77.49049,38.75425]},"properties":{"id":"node/8124637233","name":"Le Nails","group":"personal_care","category":"shop=beauty","housenumber":"9788","street":"Center Street","city":"Manassas","postcode":"20110","tags":";beauty;nails;"}},{"type":"Feature","geometry":{"type":"Point","coordinates":[-77.49038,38.7542]},"properties":{"id":"node/8124637235","name":"Sam and Joe's Pizza and Subs","group":"food","category":"amenity=fast_food","cuisine":"pizza","housenumber":"9784","street":"Center Street","city":"Manassas","postcode":"20110","tags":";pizza;fast_food;sandwich;"}},{"type":"Feature","geometry":{"type":"Point","coordinates":[-77.49024,38.75419]},"properties":{"id":"node/8124637237","name":"Matt's Guitars","group":"shopping","category":"shop=musical_instrument","housenumber":"9780","street":"Center Street","city":"Manassas","postcode":"20110","tags":";musical_instrument;"}},{"type":"Feature","geometry":{"type":"Point","coordinates":[-77.49018,38.75414]},"properties":{"id":"node/8124637238","name":"I Heart Salon","group":"personal_care","category":"shop=hairdresser","housenumber":"9778","street":"Center Street","city":"Manassas","postcode":"20110","tags":";hairdresser;"}},{"type":"Feature","geometry":{"type":"Point","coordinates":[-77.4901,38.75413]},"properties":{"id":"node/8124637239","name":"Badwolf Brewing Company","group":"food","category":"craft=brewery","housenumber":"9776","street":"Center Street","city":"Manassas","postcode":"20110","tags":";brewery;"}},{"type":"Feature","geometry":{"type":"Point","coordinates":[-77.48992,38.75407]},"properties":{"id":"node/8124637241","name":"El Malecon","group":"food","category":"amenity=restaurant","cuisine":"mexican","housenumber":"9772","street":"Center Street","city":"Manassas","postcode":"20110","tags":";mexican;restaurant;"}},{"type":"Feature","geometry":{"type":"Point","coordinates":[-77.48926,38.75388]},"properties":{"id":"node/8124637247","name":"Yappie Cuttery","group":"services","category":"shop=pet_grooming","housenumber":"9750","street":"Center Street","city":"Manassas","postcode":"20110","tags":";pet_grooming;"}},{"type":"Feature","geometry":{"type":"Point","coordinates":[-77.57648,38.75865]},"properties":{"id":"node/8185702574","name":"Benjin's Asian Bistro","group":"food","category":"amenity=restaurant","cuisine":"chinese","housenumber":"9110","street":"Devlin Road","city":"Bristow","postcode":"20136","tags":";chinese;restaurant;"}},{"type":"Feature","geometry":{"type":"Point","coordinates":[-77.57655,38.7586]},"properties":{"id":"node/8185702575","name":"Sweet Zen7","group":"food","category":"amenity=ice_cream","housenumber":"9110","street":"Devlin Road","city":"Bristow","postcode":"20136","tags":";ice_cream;"}},{"type":"Feature","geometry":{"type":"Point","coordinates":[-77.57637,38.75875]},"properties":{"id":"node/8185702576","name":"Devlin Barbershop","group":"personal_care","category":"shop=hairdresser","housenumber":"9110","street":"Devlin Road","city":"Bristow","postcode":"20136","tags":";hairdresser;barber;"}},{"type":"Feature","geometry":{"type":"Point","coordinates":[-77.57669,38.7585]},"properties":{"id":"node/8185702577","name":"El Agave","group":"food","category":"amenity=restaurant","cuisine":"mexican","housenumber":"9110","street":"Devlin Road","city":"Bristow","postcode":"20136","tags":";mexican;restaurant;"}},{"type":"Feature","geometry":{"type":"Point","coordinates":[-77.57632,38.7588]},"properties":{"id":"node/8185702578","name":"CUPPi Coffee","group":"food","category":"amenity=cafe","cuisine":"coffee_shop","housenumber":"9110","street":"Devlin Road","city":"Bristow","postcode":"20136","tags":";coffee_shop;cafe;takeout;wifi;"}},{"type":"Feature","geometry":{"type":"Point","coordinates":[-77.57643,38.75869]},"properties":{"id":"node/8185702579","name":"Mix Colors","group":"shopping","category":"shop=art","housenumber":"9110","street":"Devlin Road","city":"Bristow","postcode":"20136","tags":";art;"}},{"type":"Feature","geometry":{"type":"Point","coordinates":[-77.57662,38.75855]},"properties":{"id":"node/8185702580","name":"Good Times Tobacco Shop","group":"shopping","category":"shop=tobacco","housenumber":"9110","street":"Devlin Road","city":"Bristow","postcode":"20136","tags":";tobacco;"}},{"type":"Feature","geometry":{"type":"Point","coordinates":[-77.48944,38.9146]},"properties":{"id":"node/8335878218","name":"East Gate Asian Bistro","group":"food","category":"amenity=restaurant","cuisine":"chinese","tags":";chinese;restaurant;"}},{"type":"Feature","geometry":{"type":"Point","coordinates":[-77.48964,38.75402]},"properties":{"id":"node/8433147976","name":"Virginia Arms Co.","group":"shopping","category":"shop=weapons","hours":"Mo-Fr 10:00-19:00; Sa 09:00-17:00","phone":"+1-703-368-3949","website":"http://virginiaarms.com","housenumber":"9760","street":"Center Street","city":"Manassas","postcode":"20110","tags":";weapons;"}},{"type":"Feature","geometry":{"type":"Point","coordinates":[-77.4768,39.02168]},"properties":{"id":"node/8444333551","name":"GlowStudios","group":"personal_care","category":"shop=beauty","tags":";beauty;"}},{"type":"Feature","geometry":{"type":"Point","coordinates":[-77.4807,39.02382]},"properties":{"id":"node/8444333552","name":"Ashburn Bagel Shop","group":"food","category":"amenity=cafe","cuisine":"bagel","hours":"Mo-Fr 05:30-15:00; Sa-Su 06:00-14:00","phone":"+1-703-858-5883","website":"https://www.ashburnbagelshop.com/","housenumber":"43930","street":"Farmwell Hunt Plaza","city":"Ashburn","postcode":"20147","tags":";bagel;cafe;"}},{"type":"Feature","geometry":{"type":"Point","coordinates":[-77.53443,38.7384]},"properties":{"id":"node/8462506303","name":"Pho Sapa","group":"food","category":"amenity=restaurant","cuisine":"vietnamese","housenumber":"9983","street":"Sowder Village Square","city":"Manassas","postcode":"20109","tags":";vietnamese;restaurant;"}},{"type":"Feature","geometry":{"type":"Point","coordinates":[-77.53436,38.73842]},"properties":{"id":"node/8462506304","name":"El Vaquero West","group":"food","category":"amenity=restaurant","cuisine":"mexican","housenumber":"9979","street":"Sowder Village Square","city":"Manassas","postcode":"20109","tags":";mexican;restaurant;"}},{"type":"Feature","geometry":{"type":"Point","coordinates":[-77.53424,38.73845]},"properties":{"id":"node/8462506305","name":"Kabul Kabob","group":"food","category":"amenity=restaurant","cuisine":"kebab","housenumber":"9975","street":"Sowder Village Square","city":"Manassas","postcode":"20109","tags":";kebab;restaurant;"}},{"type":"Feature","geometry":{"type":"Point","coordinates":[-77.55641,38.79302]},"properties":{"id":"node/8533433990","name":"C and R Firearms","group":"shopping","category":"shop=weapons","hours":"Tu-Sa 11:00-19:00","phone":"+1 703-420-2164","website":"https://www.candrfirearms.com/","housenumber":"12185","street":"Brady Lane","city":"Manassas","postcode":"20109","tags":";weapons;"}},{"type":"Feature","geometry":{"type":"Point","coordinates":[-77.64184,38.84437]},"properties":{"id":"node/8560667891","name":"Locals Tacos and Tequila","group":"food","category":"amenity=restaurant","cuisine":"tacos","hours":"Mo-Th 16:00-22:00; Fr-Sa 11:30-00:00; Su 11:30-22:00","phone":"+1-571-284-5611","website":"https://localstacosandtequila.com/haymarket-location","housenumber":"5311","street":"Merchants View Square","city":"Haymarket","postcode":"20169","tags":";tacos;restaurant;mexican;"}},{"type":"Feature","geometry":{"type":"Point","coordinates":[-77.50172,38.75498]},"properties":{"id":"node/8594343047","name":"BAE Systems","group":"shopping","category":"shop=electronics","website":"https://www.baesystems.com/","housenumber":"9300","street":"Wellington Rd","tags":";electronics;"}},{"type":"Feature","geometry":{"type":"Point","coordinates":[-77.48088,39.02355]},"properties":{"id":"node/8596387319","name":"Chin-Chin Cafe","group":"food","category":"amenity=restaurant","cuisine":"chinese","hours":"Mo-Th 10:30-21:30; Fr 10:30-22:30; Sa 11:00-22:30; Su 11:00-21:30","phone":"+1-703-858-0515","website":"https://www.chin-chincafe.com/","housenumber":"43930","street":"Farmwell Hunt Plaza","city":"Ashburn","postcode":"20147","menu":"https://www.chin-chincafe.com/menuorder-online.html","tags":";chinese;restaurant;"}},{"type":"Feature","geometry":{"type":"Point","coordinates":[-77.48082,39.02362]},"properties":{"id":"node/8596387321","name":"luv'n berry","group":"food","category":"amenity=ice_cream","hours":"Mo-Th 10:00-22:00; Fr-Sa 10:00-23:00; Su 11:00-22:00","tags":";ice_cream;"}},{"type":"Feature","geometry":{"type":"Point","coordinates":[-77.48094,39.02347]},"properties":{"id":"node/8596387322","name":"Ashburn Cleaners","group":"services","category":"shop=dry_cleaning","housenumber":"43930","street":"Farmwell Hunt Plaza","city":"Ashburn","postcode":"20147","tags":";dry_cleaning;"}},{"type":"Feature","geometry":{"type":"Point","coordinates":[-77.48076,39.02372]},"properties":{"id":"node/8596387323","name":"Lavender Fields","group":"shopping","category":"shop=florist","hours":"Mo-Fr 09:00-18:00; Sa 09:00-16:00","phone":"+1 703-858-1780","tags":";florist;"}},{"type":"Feature","geometry":{"type":"Point","coordinates":[-77.45391,39.05272]},"properties":{"id":"node/8600219195","name":"Apricot Lane","group":"shopping","category":"shop=clothes","hours":"Mo-Sa 10:00-19:00; Su 12:00-17:00","website":"https://apricotlaneboutique.com/store/ashburn/","housenumber":"20366","street":"Exchange Street","tags":";clothes;"}},{"type":"Feature","geometry":{"type":"Point","coordinates":[-77.46321,38.76238]},"properties":{"id":"node/8733842389","name":"La Monarca","group":"shopping","category":"shop=furniture","housenumber":"8898","street":"Mathis Avenue","city":"Manassas","postcode":"20110","tags":";furniture;"}},{"type":"Feature","geometry":{"type":"Point","coordinates":[-77.4633,38.76228]},"properties":{"id":"node/8733842391","name":"Appliance Center","group":"shopping","category":"shop=appliance","street":"Mathis Avenue","city":"Manassas","postcode":"20110","tags":";appliance;"}},{"type":"Feature","geometry":{"type":"Point","coordinates":[-77.46344,38.76213]},"properties":{"id":"node/8737262218","name":"Malakhi Lounge","group":"food","category":"amenity=restaurant","cuisine":"jamaican","housenumber":"8910","street":"Mathis Avenue","city":"Manassas","postcode":"20110","tags":";jamaican;restaurant;"}},{"type":"Feature","geometry":{"type":"Point","coordinates":[-77.46347,38.76209]},"properties":{"id":"node/8737262219","name":"The Nu Image","group":"personal_care","category":"shop=hairdresser","housenumber":"8922","street":"Mathis Avenue","city":"Manassas","postcode":"20110","tags":";hairdresser;"}},{"type":"Feature","geometry":{"type":"Point","coordinates":[-77.46352,38.76204]},"properties":{"id":"node/8737262220","name":"Carter Framing","group":"shopping","category":"shop=frame","housenumber":"8926","street":"Mathis Avenue","city":"Manassas","postcode":"20110","tags":";frame;"}},{"type":"Feature","geometry":{"type":"Point","coordinates":[-77.46356,38.762]},"properties":{"id":"node/8737262221","name":"Jade's Nails and Spa","group":"personal_care","category":"shop=beauty","housenumber":"8928","street":"Mathis Avenue","city":"Manassas","postcode":"20110","tags":";beauty;nails;spa;"}},{"type":"Feature","geometry":{"type":"Point","coordinates":[-77.44569,38.76871]},"properties":{"id":"node/8744152602","name":"Rio Auto Group / Maximum Auto Outlet","group":"shopping","category":"shop=car","phone":"+1-571-350-8222","website":"http://www.rioautogroup.com/","housenumber":"8503","street":"Euclid Avenue","city":"Manassas Park","postcode":"20111","tags":";car;"}},{"type":"Feature","geometry":{"type":"Point","coordinates":[-77.48712,39.00661]},"properties":{"id":"node/8786839126","name":"Juleps Kentucky Tavern","group":"food","category":"amenity=restaurant","cuisine":"american","tags":";american;restaurant;wheelchair_accessible;"}},{"type":"Feature","geometry":{"type":"Point","coordinates":[-77.48818,39.00646]},"properties":{"id":"node/8786839127","name":"Se\u00f1or Tequila's","group":"food","category":"amenity=restaurant","cuisine":"mexican","tags":";mexican;restaurant;outdoor_seating;wheelchair_accessible;"}},{"type":"Feature","geometry":{"type":"Point","coordinates":[-77.48658,39.00694]},"properties":{"id":"node/8786839128","name":"Nail Society Spa","group":"personal_care","category":"shop=beauty","hours":"Mo-Fr 10:00-20:00; Sa 09:00-19:15; Su 11:00-17:00","tags":";beauty;nails;spa;wheelchair_accessible;"}},{"type":"Feature","geometry":{"type":"Point","coordinates":[-77.48736,39.00692]},"properties":{"id":"node/8786839130","name":"Famous Toastery","group":"food","category":"amenity=restaurant","hours":"07:00-15:00","tags":";restaurant;wheelchair_accessible;"}},{"type":"Feature","geometry":{"type":"Point","coordinates":[-77.62681,38.79349]},"properties":{"id":"node/8873308285","name":"Maaza 29","group":"food","category":"amenity=restaurant","housenumber":"14634","street":"Lee Highway","city":"Gainesville","postcode":"20155","tags":";restaurant;"}},{"type":"Feature","geometry":{"type":"Point","coordinates":[-77.62724,38.79336]},"properties":{"id":"node/8873308286","name":"Salon CK","group":"personal_care","category":"shop=beauty","housenumber":"14658","street":"Lee Highway","city":"Gainesville","postcode":"20155","tags":";beauty;"}},{"type":"Feature","geometry":{"type":"Point","coordinates":[-77.62735,38.79333]},"properties":{"id":"node/8873308287","name":"Gainesville Threading","group":"personal_care","category":"shop=beauty","housenumber":"14660","street":"Lee Highway","city":"Gainesville","postcode":"20155","tags":";beauty;"}},{"type":"Feature","geometry":{"type":"Point","coordinates":[-77.62741,38.79332]},"properties":{"id":"node/8873308288","name":"Your CBD Store","group":"shopping","category":"shop=cannabis","housenumber":"14662","street":"Lee Highway","city":"Gainesville","postcode":"20155","tags":";cannabis;"}},{"type":"Feature","geometry":{"type":"Point","coordinates":[-77.62712,38.7934]},"properties":{"id":"node/8873308291","name":"Tobacco Hut","group":"shopping","category":"shop=tobacco","housenumber":"14654","street":"Lee Highway","city":"Gainesville","postcode":"20155","tags":";tobacco;"}},{"type":"Feature","geometry":{"type":"Point","coordinates":[-77.62746,38.7933]},"properties":{"id":"node/8873308292","name":"Eden Nails","group":"personal_care","category":"shop=beauty","housenumber":"14666","street":"Lee Highway","city":"Gainesville","postcode":"20155","tags":";beauty;nails;"}},{"type":"Feature","geometry":{"type":"Point","coordinates":[-77.62756,38.79324]},"properties":{"id":"node/8873308293","name":"Gainesville Diner","group":"food","category":"amenity=restaurant","cuisine":"american","housenumber":"14674","street":"Lee Highway","city":"Gainesville","postcode":"20155","tags":";american;restaurant;"}},{"type":"Feature","geometry":{"type":"Point","coordinates":[-77.62791,38.79315]},"properties":{"id":"node/8873308296","name":"Gainesville Market","group":"groceries","category":"shop=convenience","housenumber":"14694","street":"Lee Highway","city":"Gainesville","postcode":"20155","tags":";convenience;"}},{"type":"Feature","geometry":{"type":"Point","coordinates":[-77.62798,38.79313]},"properties":{"id":"node/8873308297","name":"A La Mode Pies & Ice Cream","group":"food","category":"shop=ice_cream","housenumber":"14698","street":"Lee Highway","city":"Gainesville","postcode":"20155","tags":";ice_cream;"}},{"type":"Feature","geometry":{"type":"Point","coordinates":[-77.62801,38.79312]},"properties":{"id":"node/8873308298","name":"The Famous Barber Shop","group":"personal_care","category":"shop=hairdresser","housenumber":"14700","street":"Lee Highway","city":"Gainesville","postcode":"20155","tags":";hairdresser;barber;"}},{"type":"Feature","geometry":{"type":"Point","coordinates":[-77.62805,38.79311]},"properties":{"id":"node/8873308299","name":"Afghan Famous Kabob","group":"food","category":"amenity=restaurant","cuisine":"kebab","housenumber":"14702","street":"Lee Highway","city":"Gainesville","postcode":"20155","tags":";kebab;restaurant;"}},{"type":"Feature","geometry":{"type":"Point","coordinates":[-77.62811,38.79309]},"properties":{"id":"node/8873308300","name":"Taste of India","group":"food","category":"amenity=restaurant","cuisine":"indian","housenumber":"14706","street":"Lee Highway","city":"Gainesville","postcode":"20155","tags":";indian;restaurant;"}},{"type":"Feature","geometry":{"type":"Point","coordinates":[-77.57073,38.75092]},"properties":{"id":"node/8882636299","name":"US Nails & 2E Original Spa","group":"personal_care","category":"shop=beauty","tags":";beauty;nails;spa;"}},{"type":"Feature","geometry":{"type":"Point","coordinates":[-77.46386,39.0569]},"properties":{"id":"node/8888256163","name":"House 6 Brewing Co.","group":"food","category":"craft=brewery","phone":"+1 571-510-3532","website":"https://www.house6brewing.com/","housenumber":"44427","street":"Atwater Drive","city":"Ashburn","postcode":"20147","tags":";brewery;"}},{"type":"Feature","geometry":{"type":"Point","coordinates":[-77.52157,38.74248]},"properties":{"id":"node/8951930087","name":"The Black Sheep Restaurant","group":"food","category":"amenity=restaurant","cuisine":"regional","phone":"+1 703-420-2028","website":"https://theblacksheeprestaurant.com/","housenumber":"9935","street":"Discovery Boulevard","city":"Manassas","postcode":"20109","tags":";regional;restaurant;"}},{"type":"Feature","geometry":{"type":"Point","coordinates":[-77.50459,38.74646]},"properties":{"id":"node/8969118985","name":"Rangoli","group":"food","category":"amenity=restaurant","cuisine":"indian","housenumber":"10223","street":"Nokesville Road","city":"Manassas","postcode":"20110","tags":";indian;restaurant;"}},{"type":"Feature","geometry":{"type":"Point","coordinates":[-77.46222,38.76377]},"properties":{"id":"node/9005325271","name":"Las Playitas","group":"food","category":"amenity=restaurant","cuisine":"mexican","housenumber":"8684","street":"Liberia Avenue","city":"Manassas","postcode":"20110","tags":";mexican;restaurant;"}},{"type":"Feature","geometry":{"type":"Point","coordinates":[-77.46199,38.76365]},"properties":{"id":"node/9005325274","name":"Liberia Laundromat","group":"services","category":"shop=laundry","housenumber":"8690","street":"Liberia Avenue","city":"Manassas","postcode":"20110","tags":";laundry;"}},{"type":"Feature","geometry":{"type":"Point","coordinates":[-77.46195,38.76362]},"properties":{"id":"node/9005325275","name":"Mama Pollo","group":"food","category":"amenity=restaurant","cuisine":"mexican","housenumber":"8690","street":"Liberia Avenue","city":"Manassas","postcode":"20110","tags":";mexican;restaurant;"}},{"type":"Feature","geometry":{"type":"Point","coordinates":[-77.38488,38.78125]},"properties":{"id":"node/9047961722","name":"M\u00f4tier","group":"food","category":"shop=bakery","phone":"+1 703-857-0700","website":"https://www.motierclifton.com/","housenumber":"12644","street":"Chapel Road","city":"Clifton","postcode":"20124","tags":";bakery;"}},{"type":"Feature","geometry":{"type":"Point","coordinates":[-77.47467,38.74562]},"properties":{"id":"node/9064528222","name":"El Garage Restaurant","group":"food","category":"amenity=restaurant","cuisine":"mexican","housenumber":"9636","street":"Grant Avenue","city":"Manassas","postcode":"20110","tags":";mexican;restaurant;"}},{"type":"Feature","geometry":{"type":"Point","coordinates":[-77.47458,38.74564]},"properties":{"id":"node/9064528223","name":"Jenny's Hair Salon","group":"personal_care","category":"shop=hairdresser","housenumber":"9638","street":"Grant Avenue","city":"Manassas","postcode":"20110","tags":";hairdresser;"}},{"type":"Feature","geometry":{"type":"Point","coordinates":[-77.47481,38.74559]},"properties":{"id":"node/9064528224","name":"Kokorico Restaurant","group":"food","category":"amenity=restaurant","cuisine":"mexican","housenumber":"9632","street":"Grant Avenue","city":"Manassas","postcode":"20110","tags":";mexican;restaurant;"}},{"type":"Feature","geometry":{"type":"Point","coordinates":[-77.47452,38.74565]},"properties":{"id":"node/9064528225","name":"Mike's Quick Mart","group":"groceries","category":"shop=convenience","housenumber":"9642","street":"Grant Avenue","city":"Manassas","postcode":"20110","tags":";convenience;"}},{"type":"Feature","geometry":{"type":"Point","coordinates":[-77.571,38.75047]},"properties":{"id":"node/9070022292","name":"Clawes Carpet","group":"shopping","category":"shop=carpet","tags":";carpet;"}},{"type":"Feature","geometry":{"type":"Point","coordinates":[-77.47079,38.742]},"properties":{"id":"node/9072374063","name":"Laundrymat","group":"services","category":"shop=laundry","housenumber":"9923","street":"Wellington Road","city":"Manassas","postcode":"20110","tags":";laundry;"}},{"type":"Feature","geometry":{"type":"Point","coordinates":[-77.47087,38.74196]},"properties":{"id":"node/9072374064","name":"Moda Hair Salon","group":"personal_care","category":"shop=hairdresser","housenumber":"9921","street":"Wellington Road","city":"Manassas","postcode":"20110","tags":";hairdresser;"}},{"type":"Feature","geometry":{"type":"Point","coordinates":[-77.47095,38.74193]},"properties":{"id":"node/9072374065","name":"La Michoacana","group":"food","category":"amenity=restaurant","cuisine":"mexican","housenumber":"9919","street":"Wellington Road","city":"Manassas","postcode":"20110","tags":";mexican;restaurant;"}},{"type":"Feature","geometry":{"type":"Point","coordinates":[-77.47126,38.74179]},"properties":{"id":"node/9072374066","name":"Wellington Market","group":"groceries","category":"shop=convenience","housenumber":"9911","street":"Wellington Road","city":"Manassas","postcode":"20110","tags":";convenience;"}},{"type":"Feature","geometry":{"type":"Point","coordinates":[-77.47102,38.74189]},"properties":{"id":"node/9072374067","name":"China Star","group":"food","category":"amenity=restaurant","cuisine":"chinese","housenumber":"9917","street":"Wellington Road","city":"Manassas","postcode":"20110","tags":";chinese;restaurant;"}},{"type":"Feature","geometry":{"type":"Point","coordinates":[-77.37732,39.01586]},"properties":{"id":"node/9094998992","name":"Santini's","group":"food","category":"amenity=restaurant","cuisine":"pizza;deli","website":"https://mysantinis.com/","housenumber":"46950","street":"Community Plaza","city":"Sterling","postcode":"20164","tags":";pizza;deli;restaurant;"}},{"type":"Feature","geometry":{"type":"Point","coordinates":[-77.40702,38.99808]},"properties":{"id":"node/9108112140","name":"King Pollo","group":"food","category":"amenity=restaurant","cuisine":"peruvian","website":"https://kingpollo.com/","tags":";peruvian;restaurant;"}},{"type":"Feature","geometry":{"type":"Point","coordinates":[-77.40697,38.99802]},"properties":{"id":"node/9108112141","name":"Fancy Nails","group":"personal_care","category":"shop=beauty","tags":";beauty;nails;"}},{"type":"Feature","geometry":{"type":"Point","coordinates":[-77.40637,38.99726]},"properties":{"id":"node/9108112142","name":"Sterling Coin Laundry","group":"services","category":"shop=laundry","tags":";laundry;"}},{"type":"Feature","geometry":{"type":"Point","coordinates":[-77.40649,38.99734]},"properties":{"id":"node/9108112143","name":"Siam Spice","group":"food","category":"amenity=restaurant","cuisine":"thai","website":"https://www.siamspiceva.com/","housenumber":"22330","street":"South Sterling Boulevard","city":"Sterling","postcode":"20164","tags":";thai;restaurant;"}},{"type":"Feature","geometry":{"type":"Point","coordinates":[-77.77407,38.86212]},"properties":{"id":"node/9161374466","name":"Home in the Plains","group":"shopping","category":"shop=antiques","tags":";antiques;"}},{"type":"Feature","geometry":{"type":"Point","coordinates":[-77.52198,39.04223]},"properties":{"id":"node/9421511261","name":"The Burger Shack","group":"food","category":"amenity=restaurant","cuisine":"burger","website":"https://theburgershacks.com/","housenumber":"42841","street":"Creek View Plaza","city":"Ashburn","postcode":"20147","tags":";burger;restaurant;"}},{"type":"Feature","geometry":{"type":"Point","coordinates":[-77.50867,38.80078]},"properties":{"id":"node/9518358819","name":"Century Press Inc.","group":"services","category":"shop=copyshop","tags":";copyshop;"}},{"type":"Feature","geometry":{"type":"Point","coordinates":[-77.50843,38.80088]},"properties":{"id":"node/9518358821","name":"The Tool Truck Store","group":"shopping","category":"shop=hardware","tags":";hardware;"}},{"type":"Feature","geometry":{"type":"Point","coordinates":[-77.50824,38.80097]},"properties":{"id":"node/9518358826","name":"Berushka Cleaning Services, LLC","group":"services","category":"craft=cleaning","tags":";cleaning;"}},{"type":"Feature","geometry":{"type":"Point","coordinates":[-77.50813,38.80102]},"properties":{"id":"node/9518358828","name":"Taste of Old Country","group":"food","category":"amenity=cafe","tags":";cafe;"}},{"type":"Feature","geometry":{"type":"Point","coordinates":[-77.50791,38.80112]},"properties":{"id":"node/9518358829","name":"Singing Bird Resale Shop","group":"shopping","category":"shop=charity","tags":";charity;second_hand;"}},{"type":"Feature","geometry":{"type":"Point","coordinates":[-77.5078,38.80117]},"properties":{"id":"node/9518358830","name":"i Decor Walls","group":"shopping","category":"shop=interior_decoration","tags":";interior_decoration;"}},{"type":"Feature","geometry":{"type":"Point","coordinates":[-77.50766,38.80122]},"properties":{"id":"node/9518358832","name":"F & J Small Engine Repair","group":"services","category":"shop=repair","tags":";repair;"}},{"type":"Feature","geometry":{"type":"Point","coordinates":[-77.50747,38.80131]},"properties":{"id":"node/9518358833","name":"ACPM Solutions Group","group":"services","category":"craft=cleaning","tags":";cleaning;"}},{"type":"Feature","geometry":{"type":"Point","coordinates":[-77.50743,38.80133]},"properties":{"id":"node/9518358834","name":"TJ Autoglass","group":"services","category":"craft=glaziery","tags":";glaziery;"}},{"type":"Feature","geometry":{"type":"Point","coordinates":[-77.50826,38.80049]},"properties":{"id":"node/9518358835","name":"Evolution Printing","group":"services","category":"shop=copyshop","tags":";copyshop;"}},{"type":"Feature","geometry":{"type":"Point","coordinates":[-77.57169,38.74935]},"properties":{"id":"node/9583499105","name":"Asian Garden","group":"food","category":"amenity=restaurant","cuisine":"asian","tags":";asian;restaurant;"}},{"type":"Feature","geometry":{"type":"Point","coordinates":[-77.57165,38.74942]},"properties":{"id":"node/9583529681","name":"Velocity Wings","group":"food","category":"amenity=restaurant","tags":";restaurant;chicken;"}},{"type":"Feature","geometry":{"type":"Point","coordinates":[-77.57096,38.75054]},"properties":{"id":"node/9583529683","name":"Haymarket Cleaners","group":"services","category":"shop=dry_cleaning","housenumber":"12741","street":"Braemar Village Plaza","city":"Bristow","postcode":"20136","tags":";dry_cleaning;"}},{"type":"Feature","geometry":{"type":"Point","coordinates":[-77.79254,38.71713]},"properties":{"id":"node/9597385049","name":"Hungry Like the Woof","group":"shopping","category":"shop=pet","phone":"+1 540-349-9663","website":"https://hungrylikethewoof.com/","housenumber":"147","street":"Alexandria Pike","city":"Warrenton","postcode":"20186","tags":";pet;"}},{"type":"Feature","geometry":{"type":"Point","coordinates":[-77.79316,38.71742]},"properties":{"id":"node/9620802554","name":"Power Trucks USA","group":"shopping","category":"shop=car_parts","phone":"+1 540-349-0339","website":"https://powertrucksusa.com","housenumber":"156","street":"Alexandria Pike","city":"Warrenton","postcode":"20186","tags":";car_parts;"}},{"type":"Feature","geometry":{"type":"Point","coordinates":[-77.64792,38.9493]},"properties":{"id":"node/9626113861","name":"Garage Force of Northern Virginia","group":"services","category":"craft=floorer","hours":"Mo-Fr 09:00-17:00","phone":"+1-703-258-5945","website":"https://northernvirginia.garageforce.com/","housenumber":"39237","street":"Buchannon Gap Road","city":"Aldie","postcode":"20105","tags":";floorer;"}},{"type":"Feature","geometry":{"type":"Point","coordinates":[-77.45473,38.77053]},"properties":{"id":"node/9707960964","name":"Morena's Beauty Salon","group":"personal_care","category":"shop=hairdresser","housenumber":"8558","street":"Mathis Avenue","city":"Manassas","postcode":"20110","tags":";hairdresser;"}},{"type":"Feature","geometry":{"type":"Point","coordinates":[-77.45476,38.77046]},"properties":{"id":"node/9707960965","name":"Taqueria Tres Reyes","group":"food","category":"amenity=restaurant","cuisine":"mexican","housenumber":"8562","street":"Mathis Avenue","city":"Manassas","postcode":"20110","tags":";mexican;restaurant;"}},{"type":"Feature","geometry":{"type":"Point","coordinates":[-77.45464,38.77073]},"properties":{"id":"node/9707960969","name":"Szechwan Gourmet","group":"food","category":"amenity=restaurant","cuisine":"chinese","housenumber":"8550","street":"Mathis Avenue","city":"Manassas","postcode":"20110","tags":";chinese;restaurant;"}},{"type":"Feature","geometry":{"type":"Point","coordinates":[-77.46744,38.75127]},"properties":{"id":"node/9711662827","name":"The Omelette Cafe","group":"food","category":"amenity=restaurant","cuisine":"american","housenumber":"8961","street":"Center Street","city":"Manassas","postcode":"20110","tags":";american;restaurant;takeout;wifi;"}},{"type":"Feature","geometry":{"type":"Point","coordinates":[-77.46707,38.75142]},"properties":{"id":"node/9711662832","name":"Creative Brush","group":"shopping","category":"shop=art","housenumber":"8951","street":"Center Street","city":"Manassas","postcode":"20110","tags":";art;"}},{"type":"Feature","geometry":{"type":"Point","coordinates":[-77.54676,38.75037]},"properties":{"id":"node/9762271919","name":"G&C Tire and Auto Service","group":"services","category":"shop=car_repair","housenumber":"11707","street":"Pump Station Way","city":"Manassas","postcode":"20109","tags":";car_repair;tyres;"}},{"type":"Feature","geometry":{"type":"Point","coordinates":[-77.54187,38.7515]},"properties":{"id":"node/9762307364","name":"Central Alternator Starter","group":"shopping","category":"shop=car_parts","housenumber":"9449","street":"Hawkins Drive","city":"Manassas","postcode":"20109","tags":";car_parts;"}},{"type":"Feature","geometry":{"type":"Point","coordinates":[-77.62745,38.79335]},"properties":{"id":"node/9775840200","name":"Sapphire Lounge","group":"food","category":"amenity=bar","hours":"Su-We 18:00-24:00; Th-Sa 18:00-02:00","phone":"+1 703-786-3150","housenumber":"14674","street":"Lee Highway","city":"Gainesville","postcode":"20155","tags":";bar;"}},{"type":"Feature","geometry":{"type":"Point","coordinates":[-77.35813,39.04092]},"properties":{"id":"node/9777752717","name":"Locals Tacos & Tequila","group":"food","category":"amenity=restaurant","tags":";restaurant;mexican;"}},{"type":"Feature","geometry":{"type":"Point","coordinates":[-77.47715,39.04441]},"properties":{"id":"node/9799595741","name":"GBC Kitchen & Bath","group":"shopping","category":"shop=kitchen","website":"https://gbckitchenandbath.com","housenumber":"44031","street":"Ashburn Shopping Plaza","city":"Ashburn","postcode":"20147","tags":";kitchen;"}},{"type":"Feature","geometry":{"type":"Point","coordinates":[-77.47699,39.04437]},"properties":{"id":"node/9799595742","name":"Loudoun Kabob","group":"food","category":"amenity=restaurant","cuisine":"kebab","phone":"+1 571-831-3848","website":"https://www.loudounkabob.com","housenumber":"44031","street":"Ashburn Shopping Plaza","city":"Ashburn","postcode":"20147","tags":";kebab;restaurant;halal;"}},{"type":"Feature","geometry":{"type":"Point","coordinates":[-77.47708,39.04466]},"properties":{"id":"node/9799595743","name":"Mid South Cabinetry Design Center","group":"services","category":"craft=cabinet_maker","hours":"Mo-Fr 10:00-17:00","phone":"+1 703-720-5163","housenumber":"44031","street":"Ashburn Shopping Plaza","city":"Ashburn","postcode":"20147","tags":";cabinet_maker;"}},{"type":"Feature","geometry":{"type":"Point","coordinates":[-77.48678,39.03896]},"properties":{"id":"node/9807222025","name":"The Difference Baker","group":"food","category":"shop=bakery","hours":"Tu-Fr 10:00-17:00; Sa 09:00-16:00; Su 09:00-14:00","phone":"+1 571-831-3988","website":"https://thedifferencebaker.com","housenumber":"20937","street":"Ashburn Road","city":"Ashburn","postcode":"20147","tags":";bakery;wheelchair_accessible;vegan;gluten_free;"}},{"type":"Feature","geometry":{"type":"Point","coordinates":[-77.48724,39.03905]},"properties":{"id":"node/9807222026","name":"Hair Vibes","group":"personal_care","category":"shop=hairdresser","phone":"+1 571-510-0880","housenumber":"20937","street":"Ashburn Road","city":"Ashburn","postcode":"20147","tags":";hairdresser;wheelchair_accessible;"}},{"type":"Feature","geometry":{"type":"Point","coordinates":[-77.48679,39.03911]},"properties":{"id":"node/9807222027","name":"Efesus Mediterranean Cafe","group":"food","category":"amenity=restaurant","cuisine":"turkish","hours":"Tu-Fr 11:30-21:00; Sa 09:30-21:00; Su 09:30-20:00","phone":"+1 571-831-3521","website":"https://efesuscafe.com/","housenumber":"20937","street":"Ashburn Road","city":"Ashburn","postcode":"20147","tags":";turkish;restaurant;mediterranean;"}},{"type":"Feature","geometry":{"type":"Point","coordinates":[-77.49905,38.77423]},"properties":{"id":"node/9910611226","name":"Costa Real","group":"food","category":"amenity=restaurant","cuisine":"mexican","housenumber":"8423","street":"Sudley Road","city":"Manassas","postcode":"20109","tags":";mexican;restaurant;"}},{"type":"Feature","geometry":{"type":"Point","coordinates":[-77.4989,38.77438]},"properties":{"id":"node/9910611227","name":"T&D Nails Spa","group":"personal_care","category":"shop=beauty","housenumber":"8419","street":"Sudley Road","city":"Manassas","postcode":"20109","tags":";beauty;nails;spa;"}},{"type":"Feature","geometry":{"type":"Point","coordinates":[-77.49912,38.77445]},"properties":{"id":"node/9910611235","name":"Wash N' Dry","group":"services","category":"shop=laundry","housenumber":"8411","street":"Sudley Road","city":"Manassas","postcode":"20109","tags":";laundry;"}},{"type":"Feature","geometry":{"type":"Point","coordinates":[-77.80098,38.72796]},"properties":{"id":"node/9958273795","name":"Tobacco Hut","group":"shopping","category":"shop=tobacco","tags":";tobacco;"}},{"type":"Feature","geometry":{"type":"Point","coordinates":[-77.80087,38.72789]},"properties":{"id":"node/9958273796","name":"XYZ Spa","group":"personal_care","category":"shop=massage","tags":";massage;spa;"}},{"type":"Feature","geometry":{"type":"Point","coordinates":[-77.80185,38.72705]},"properties":{"id":"node/9958273899","name":"AB Nails","group":"personal_care","category":"shop=beauty","tags":";beauty;nails;"}},{"type":"Feature","geometry":{"type":"Point","coordinates":[-77.80173,38.72731]},"properties":{"id":"node/9958273904","name":"Sue's Laundromat","group":"services","category":"shop=laundry","tags":";laundry;"}},{"type":"Feature","geometry":{"type":"Point","coordinates":[-77.80197,38.72703]},"properties":{"id":"node/9958273932","name":"David Barbershop","group":"personal_care","category":"shop=hairdresser","tags":";hairdresser;barber;"}},{"type":"Feature","geometry":{"type":"Point","coordinates":[-77.47485,38.73828]},"properties":{"id":"node/9973592444","name":"Maniluxx Nails","group":"personal_care","category":"shop=beauty","housenumber":"10098","street":"Dumfries Road","city":"Manassas","postcode":"20110","tags":";beauty;nails;"}},{"type":"Feature","geometry":{"type":"Point","coordinates":[-77.47485,38.73848]},"properties":{"id":"node/9973592447","name":"Velocity Wings","group":"food","category":"amenity=restaurant","cuisine":"wings","housenumber":"10088","street":"Dumfries Road","city":"Manassas","postcode":"20110","tags":";wings;restaurant;chicken;"}},{"type":"Feature","geometry":{"type":"Point","coordinates":[-77.49081,38.76908]},"properties":{"id":"node/10024021370","name":"Katie\u2019s Cleaning Service Inc.","group":"services","category":"craft=cleaning","hours":"Mo-Fr 08:30-17:00; Sa,Su off","phone":"+1-703-953-0429","website":"https://katiecleans.com/","housenumber":"8620","street":"Rolling Rd","city":"Manassas","postcode":"20110","tags":";cleaning;"}},{"type":"Feature","geometry":{"type":"Point","coordinates":[-77.53714,38.98409]},"properties":{"id":"node/10059776851","name":"Himalayan Wild Yak","group":"food","category":"amenity=restaurant","cuisine":"indian","housenumber":"22885","street":"Brambleton Plaza","city":"Ashburn","postcode":"20148","tags":";indian;restaurant;takeout;outdoor_seating;wheelchair_accessible;"}},{"type":"Feature","geometry":{"type":"Point","coordinates":[-77.56156,38.79201]},"properties":{"id":"node/10156797613","name":"TrueShred","group":"shopping","category":"shop=clothes","hours":"Mo- Fr 09:00-18:00","phone":"+1 888-750-8783","website":"https://www.trueshred.com/","housenumber":"12321","city":"Manassas","postcode":"20109","tags":";clothes;"}},{"type":"Feature","geometry":{"type":"Point","coordinates":[-77.58209,38.95336]},"properties":{"id":"node/10159537317","name":"Lenah Auto Service","group":"services","category":"shop=car_repair","hours":"Mo-Fr 07:00-17:00","tags":";car_repair;"}},{"type":"Feature","geometry":{"type":"Point","coordinates":[-77.43543,38.7592]},"properties":{"id":"node/10261113080","name":"Dansomen International Market","group":"groceries","category":"shop=convenience","housenumber":"9113","street":"Andrew Drive","city":"Manassas Park","postcode":"20111","tags":";convenience;"}},{"type":"Feature","geometry":{"type":"Point","coordinates":[-77.43542,38.75907]},"properties":{"id":"node/10261113082","name":"Royal Barber and Beauty","group":"personal_care","category":"shop=hairdresser","housenumber":"9109","street":"Andrew Drive","city":"Manassas Park","postcode":"20111","tags":";hairdresser;barber;"}},{"type":"Feature","geometry":{"type":"Point","coordinates":[-77.43543,38.75939]},"properties":{"id":"node/10261147219","name":"Lahori Zaiqa","group":"food","category":"amenity=restaurant","housenumber":"9123","street":"Andrew Drive","city":"Manassas Park","postcode":"20111","tags":";restaurant;"}},{"type":"Feature","geometry":{"type":"Point","coordinates":[-77.44282,38.7673]},"properties":{"id":"node/10584741973","name":"Diamonds & Pearls Bridal","group":"shopping","category":"shop=clothes","housenumber":"9137","street":"Manassas Drive","city":"Manassas Park","postcode":"20111","tags":";clothes;"}},{"type":"Feature","geometry":{"type":"Point","coordinates":[-77.44271,38.76923]},"properties":{"id":"node/10584741993","name":"Ariana Bakery","group":"food","category":"shop=bakery","tags":";bakery;"}},{"type":"Feature","geometry":{"type":"Point","coordinates":[-77.45235,38.94537]},"properties":{"id":"node/10610920967","name":"Wow Bao","group":"food","category":"amenity=restaurant","cuisine":"asian","hours":"07:00-22:00","tags":";asian;restaurant;wheelchair_accessible;"}},{"type":"Feature","geometry":{"type":"Point","coordinates":[-77.47486,38.74717]},"properties":{"id":"node/10789317709","name":"Roger's Foreign & Domestic Auto Repair","group":"services","category":"shop=car_repair","tags":";car_repair;"}},{"type":"Feature","geometry":{"type":"Point","coordinates":[-77.4748,38.74693]},"properties":{"id":"node/10789317710","name":"Roger's Fast Mart","group":"groceries","category":"shop=convenience","tags":";convenience;"}},{"type":"Feature","geometry":{"type":"Point","coordinates":[-77.47424,38.7457]},"properties":{"id":"node/10789317712","name":"Joe's Pizza and Subs","group":"food","category":"amenity=restaurant","cuisine":"pizza;sandwich;italian","phone":"+1-703-368-4111","website":"http://joespizzamanassas.com","housenumber":"9644","street":"Grant Avenue","city":"Manassas","postcode":"20110","tags":";pizza;sandwich;italian;restaurant;"}},{"type":"Feature","geometry":{"type":"Point","coordinates":[-77.47422,38.74565]},"properties":{"id":"node/10789317713","name":"Carniceria El Barrio","group":"groceries","category":"shop=butcher","housenumber":"9644","street":"Grant Avenue","city":"Manassas","postcode":"20110","tags":";butcher;"}},{"type":"Feature","geometry":{"type":"Point","coordinates":[-77.47499,38.74551]},"properties":{"id":"node/10789317714","name":"Chofita Restaurant","group":"food","category":"amenity=restaurant","cuisine":"mexican","tags":";mexican;restaurant;"}},{"type":"Feature","geometry":{"type":"Point","coordinates":[-77.47501,38.74557]},"properties":{"id":"node/10789317715","name":"Viky's Beauty Salon","group":"personal_care","category":"shop=hairdresser","tags":";hairdresser;"}},{"type":"Feature","geometry":{"type":"Point","coordinates":[-77.47503,38.74563]},"properties":{"id":"node/10789317716","name":"Ceiba Pupuseria & Bar","group":"food","category":"amenity=restaurant","cuisine":"salvadoran","tags":";salvadoran;restaurant;"}},{"type":"Feature","geometry":{"type":"Point","coordinates":[-77.47505,38.74568]},"properties":{"id":"node/10789317717","name":"Rosita Shop","group":"shopping","category":"shop=clothes","tags":";clothes;"}},{"type":"Feature","geometry":{"type":"Point","coordinates":[-77.47509,38.74578]},"properties":{"id":"node/10789317719","name":"Tu Tienda Vaquera Cowboy","group":"shopping","category":"shop=clothes","tags":";clothes;"}},{"type":"Feature","geometry":{"type":"Point","coordinates":[-77.47518,38.74597]},"properties":{"id":"node/10789317720","name":"La Jarochita Pasteleria & Carniceria","group":"food","category":"amenity=restaurant","cuisine":"mexican","tags":";mexican;restaurant;"}},{"type":"Feature","geometry":{"type":"Point","coordinates":[-77.47522,38.74608]},"properties":{"id":"node/10789317721","name":"Roxana's Jewelry and Plus","group":"shopping","category":"shop=jewelry","tags":";jewelry;"}},{"type":"Feature","geometry":{"type":"Point","coordinates":[-78.10029,38.76639]},"properties":{"id":"node/10805886511","name":"Flint Hill Latin Market","group":"groceries","category":"shop=convenience","tags":";convenience;latin_american;"}},{"type":"Feature","geometry":{"type":"Point","coordinates":[-77.84953,38.86376]},"properties":{"id":"node/10814798630","name":"Old Salem Cafe","group":"food","category":"amenity=restaurant","cuisine":"american","website":"https://oldsalemcafe.com","housenumber":"4197","street":"Winchester Road","city":"Marshall","postcode":"20115","tags":";american;restaurant;"}},{"type":"Feature","geometry":{"type":"Point","coordinates":[-77.51877,38.78645]},"properties":{"id":"node/10822451113","name":"Sol Beauty Supply","group":"personal_care","category":"shop=cosmetics","tags":";cosmetics;"}},{"type":"Feature","geometry":{"type":"Point","coordinates":[-77.5192,38.78472]},"properties":{"id":"node/10846002930","name":"Banner's Hallmark","group":"shopping","category":"shop=gift","hours":"Mo-Sa 10:00-21:00; Su 11:00-18:00","phone":"+1 571-575-8040","housenumber":"11750","street":"Sudley Manor Drive","city":"Manassas","postcode":"20109","tags":";gift;"}},{"type":"Feature","geometry":{"type":"Point","coordinates":[-77.51908,38.78469]},"properties":{"id":"node/10846002931","name":"PR At Partners","group":"personal_care","category":"shop=beauty","housenumber":"10772","street":"Sudley Manor Drive","city":"Manassas","postcode":"20109","tags":";beauty;"}},{"type":"Feature","geometry":{"type":"Point","coordinates":[-77.53702,38.98612]},"properties":{"id":"node/10879354547","name":"My Thai Place","group":"food","category":"amenity=restaurant","cuisine":"thai","housenumber":"42385","street":"Ryan Road","city":"Ashburn","postcode":"20148","tags":";thai;restaurant;takeout;wheelchair_accessible;"}},{"type":"Feature","geometry":{"type":"Point","coordinates":[-77.53652,38.9846]},"properties":{"id":"node/10879654090","name":"Rebel Taco","group":"food","category":"amenity=restaurant","cuisine":"mexican","website":"https://rebeltaco.com/","housenumber":"22850","street":"Brambleton Plaza","city":"Ashburn","postcode":"20148","tags":";mexican;restaurant;takeout;outdoor_seating;wheelchair_accessible;"}},{"type":"Feature","geometry":{"type":"Point","coordinates":[-77.53736,38.98339]},"properties":{"id":"node/10881929875","name":"Good Dog Rocky","group":"shopping","category":"shop=pet","website":"https://www.gooddogrocky.com/","housenumber":"22895","street":"Brambleton Plaza","city":"Ashburn","postcode":"20148","tags":";pet;"}},{"type":"Feature","geometry":{"type":"Point","coordinates":[-77.53725,38.98367]},"properties":{"id":"node/10881929876","name":"A & A Music","group":"shopping","category":"shop=musical_instrument","website":"https://aamusiconline.com/","housenumber":"22895","street":"Brambleton Plaza","city":"Ashburn","postcode":"20148","tags":";musical_instrument;"}},{"type":"Feature","geometry":{"type":"Point","coordinates":[-77.53676,38.98519]},"properties":{"id":"node/10882023050","name":"Ahso","group":"food","category":"amenity=restaurant","cuisine":"international","website":"https://www.ahsoresto.com/","housenumber":"22855","street":"Brambleton Plaza","tags":";international;restaurant;takeout;outdoor_seating;wheelchair_accessible;"}},{"type":"Feature","geometry":{"type":"Point","coordinates":[-77.53682,38.98501]},"properties":{"id":"node/10882023052","name":"Ahso Cellars","group":"food","category":"craft=winery","website":"https://www.ahsocellars.com/","housenumber":"22855","street":"Brambleton Plaza","tags":";winery;"}},{"type":"Feature","geometry":{"type":"Point","coordinates":[-77.53683,38.98496]},"properties":{"id":"node/10882023053","name":"Illusions Hair Salon & Spa","group":"personal_care","category":"shop=beauty","website":"https://illusionshairsalonspa.com/","housenumber":"22855","street":"Brambleton Plaza","tags":";beauty;spa;"}},{"type":"Feature","geometry":{"type":"Point","coordinates":[-77.53598,38.98555]},"properties":{"id":"node/10888597907","name":"Levo Day Spa","group":"personal_care","category":"shop=beauty","website":"https://levonailspa.com/","housenumber":"42395","street":"Ryan Road","tags":";beauty;spa;"}},{"type":"Feature","geometry":{"type":"Point","coordinates":[-77.53577,38.98551]},"properties":{"id":"node/10888597909","name":"Eclips Salon","group":"personal_care","category":"shop=hairdresser","website":"https://www.eclipsashburn.com/","housenumber":"42395","street":"Ryan Road","tags":";hairdresser;"}},{"type":"Feature","geometry":{"type":"Point","coordinates":[-77.53682,38.9857]},"properties":{"id":"node/10888597913","name":"Go Bananas","group":"shopping","category":"shop=toys","website":"https://www.gobananastoys.com/","housenumber":"42395","street":"Ryan Road","tags":";toys;"}},{"type":"Feature","geometry":{"type":"Point","coordinates":[-77.53702,38.98573]},"properties":{"id":"node/10888597914","name":"Asian Spice Cafe","group":"food","category":"amenity=restaurant","cuisine":"asian;sushi;chinese","website":"https://www.asianspicecafe.com/","housenumber":"42395","street":"Ryan Road","tags":";asian;sushi;chinese;restaurant;"}},{"type":"Feature","geometry":{"type":"Point","coordinates":[-77.53713,38.98575]},"properties":{"id":"node/10888597916","name":"Scotto's Rigatoni Grill","group":"food","category":"amenity=restaurant","cuisine":"italian","website":"https://www.scottosrigatonigrill.com/","housenumber":"42395","street":"Ryan Road","tags":";italian;restaurant;"}},{"type":"Feature","geometry":{"type":"Point","coordinates":[-77.53723,38.98577]},"properties":{"id":"node/10888597917","name":"Nick's Taverna","group":"food","category":"amenity=restaurant","cuisine":"greek","website":"https://nickstaverna.com/","housenumber":"42395","street":"Ryan Road","tags":";greek;restaurant;outdoor_seating;"}},{"type":"Feature","geometry":{"type":"Point","coordinates":[-77.54979,38.97644]},"properties":{"id":"node/10897748966","name":"Concessions Stand #2","group":"groceries","category":"shop=snack","tags":";snack;"}},{"type":"Feature","geometry":{"type":"Point","coordinates":[-77.55056,38.97208]},"properties":{"id":"node/10897748967","name":"Concessions Stand #1","group":"groceries","category":"shop=snack","tags":";snack;"}},{"type":"Feature","geometry":{"type":"Point","coordinates":[-77.55634,38.97266]},"properties":{"id":"node/10897748993","name":"Concessions Stand #4","group":"groceries","category":"shop=snack","tags":";snack;"}},{"type":"Feature","geometry":{"type":"Point","coordinates":[-77.55437,38.96935]},"properties":{"id":"node/10897748995","name":"Concessions Stand #3","group":"groceries","category":"shop=snack","tags":";snack;"}},{"type":"Feature","geometry":{"type":"Point","coordinates":[-77.52121,38.94473]},"properties":{"id":"node/10905912134","name":"Sharkey's Cuts For Kids","group":"personal_care","category":"shop=hairdresser","tags":";hairdresser;"}},{"type":"Feature","geometry":{"type":"Point","coordinates":[-77.53779,38.76035]},"properties":{"id":"node/10926820223","name":"Ross Tree Service","group":"services","category":"craft=arborist","phone":"+1 703-583-8733","housenumber":"11484","street":"Robertson Drive","city":"Manassas","postcode":"20109","tags":";arborist;"}},{"type":"Feature","geometry":{"type":"Point","coordinates":[-77.53832,38.76012]},"properties":{"id":"node/10926850876","name":"Weed Man","group":"services","category":"craft=gardener","phone":"+1 703-366-3777","website":"https://weedman.com/","housenumber":"11498","street":"Robertson Drive","city":"Manassas","postcode":"20109","tags":";gardener;"}},{"type":"Feature","geometry":{"type":"Point","coordinates":[-77.53861,38.76]},"properties":{"id":"node/10926876923","name":"Dancing Bears, Gifts & Tapestries","group":"shopping","category":"shop=gift","phone":"+1 703-330-8166","housenumber":"11508","street":"Robertson Drive","city":"Manassas","postcode":"20109","tags":";gift;"}},{"type":"Feature","geometry":{"type":"Point","coordinates":[-77.4675,39.01944]},"properties":{"id":"node/10931921334","name":"Rai's Pizza","group":"food","category":"amenity=restaurant","cuisine":"pizza","hours":"Mo-Th 10:00-22:00; Fr 10:00-00:00; Sa 08:00-00:00; Su 08:00-22:00","website":"https://raispizza.com","tags":";pizza;restaurant;"}},{"type":"Feature","geometry":{"type":"Point","coordinates":[-77.60467,38.76723]},"properties":{"id":"node/10970198087","name":"Star Cleaners","group":"services","category":"shop=dry_cleaning","tags":";dry_cleaning;"}},{"type":"Feature","geometry":{"type":"Point","coordinates":[-77.60452,38.7671]},"properties":{"id":"node/10970198088","name":"La Vie Nails & Spa","group":"personal_care","category":"shop=beauty","tags":";beauty;nails;spa;"}},{"type":"Feature","geometry":{"type":"Point","coordinates":[-77.60445,38.76701]},"properties":{"id":"node/10970198090","name":"Glenkirk Barbershop","group":"personal_care","category":"shop=hairdresser","tags":";hairdresser;barber;"}},{"type":"Feature","geometry":{"type":"Point","coordinates":[-77.60461,38.76716]},"properties":{"id":"node/10970198092","name":"Godshot Coffee","group":"food","category":"amenity=cafe","cuisine":"coffee_shop","tags":";coffee_shop;cafe;"}},{"type":"Feature","geometry":{"type":"Point","coordinates":[-77.47326,38.72927]},"properties":{"id":"node/10982842870","name":"El Damazo Restaurant & Karaoke","group":"food","category":"amenity=restaurant","cuisine":"mexican","tags":";mexican;restaurant;"}},{"type":"Feature","geometry":{"type":"Point","coordinates":[-77.47315,38.72907]},"properties":{"id":"node/10982842871","name":"Memories Antiques","group":"shopping","category":"shop=antiques","tags":";antiques;"}},{"type":"Feature","geometry":{"type":"Point","coordinates":[-77.4731,38.72898]},"properties":{"id":"node/10982842872","name":"El Rulas Tacos","group":"food","category":"amenity=restaurant","cuisine":"mexican","tags":";mexican;restaurant;"}},{"type":"Feature","geometry":{"type":"Point","coordinates":[-77.47308,38.72894]},"properties":{"id":"node/10982842873","name":"Bull Run Bicycles","group":"shopping","category":"shop=bicycle","tags":";bicycle;"}},{"type":"Feature","geometry":{"type":"Point","coordinates":[-77.47304,38.72887]},"properties":{"id":"node/10982842874","name":"La Flor De Puebla Bakery","group":"food","category":"shop=bakery","tags":";bakery;"}},{"type":"Feature","geometry":{"type":"Point","coordinates":[-77.53435,38.76054]},"properties":{"id":"node/10984644541","name":"Pope's Air Heating & Air Conditioning","group":"services","category":"craft=hvac","housenumber":"9002","street":"Hornbaker Road","city":"Manassas","postcode":"20109","tags":";hvac;"}},{"type":"Feature","geometry":{"type":"Point","coordinates":[-77.53422,38.76037]},"properties":{"id":"node/10984644542","name":"HD Exteriors","group":"services","category":"craft=builder","phone":"+1 703-565-2329","website":"https://www.buildhd.com/","housenumber":"9010","street":"Hornbaker Road","city":"Manassas","postcode":"20109","tags":";builder;"}},{"type":"Feature","geometry":{"type":"Point","coordinates":[-77.53411,38.76021]},"properties":{"id":"node/10984696981","name":"TradeWraps","group":"services","category":"craft=car_graphics_logos_signage","website":"https://tradewraps.com/","housenumber":"9014","street":"Hornbaker Road","city":"Manassas","postcode":"20109","tags":";car_graphics_logos_signage;"}},{"type":"Feature","geometry":{"type":"Point","coordinates":[-77.53401,38.76007]},"properties":{"id":"node/10984696982","name":"Affordable Cleaning Services","group":"services","category":"craft=cleaning","website":"https://affordablecleaningnova.com/","housenumber":"9018","street":"Hornbaker Road","city":"Manassas","postcode":"20109","tags":";cleaning;"}},{"type":"Feature","geometry":{"type":"Point","coordinates":[-77.53387,38.75987]},"properties":{"id":"node/10984696983","name":"Computer Wingman","group":"shopping","category":"shop=computer","website":"http://www.computerwingman.com/","housenumber":"9030","street":"Hornbaker Road","city":"Manassas","postcode":"20109","tags":";computer;"}},{"type":"Feature","geometry":{"type":"Point","coordinates":[-77.45446,39.05322]},"properties":{"id":"node/10995829825","name":"Zakaa","group":"services","category":"craft=dressmaker","housenumber":"20335","street":"Exchange Street","tags":";dressmaker;"}},{"type":"Feature","geometry":{"type":"Point","coordinates":[-77.4545,39.05338]},"properties":{"id":"node/10995829828","name":"Rowan","group":"personal_care","category":"shop=piercing","housenumber":"20331","street":"Exchange Street","tags":";piercing;"}},{"type":"Feature","geometry":{"type":"Point","coordinates":[-77.51672,39.0563]},"properties":{"id":"node/11008669629","name":"Hunan Village","group":"food","category":"amenity=restaurant","cuisine":"chinese","tags":";chinese;restaurant;"}},{"type":"Feature","geometry":{"type":"Point","coordinates":[-77.5167,39.05568]},"properties":{"id":"node/11008669631","name":"M&E Cleaners","group":"services","category":"shop=dry_cleaning","tags":";dry_cleaning;"}},{"type":"Feature","geometry":{"type":"Point","coordinates":[-77.5167,39.05558]},"properties":{"id":"node/11008669632","name":"Belmont Nail Spa","group":"personal_care","category":"shop=beauty","tags":";beauty;nails;spa;"}},{"type":"Feature","geometry":{"type":"Point","coordinates":[-77.51669,39.05553]},"properties":{"id":"node/11008669633","name":"Semblance Hair Studio","group":"personal_care","category":"shop=hairdresser","tags":";hairdresser;"}},{"type":"Feature","geometry":{"type":"Point","coordinates":[-77.52536,38.75886]},"properties":{"id":"node/11076244682","name":"Kabob Zone","group":"food","category":"amenity=restaurant","cuisine":"kebab;middle_eastern","tags":";kebab;middle_eastern;restaurant;"}},{"type":"Feature","geometry":{"type":"Point","coordinates":[-77.61743,38.986]},"properties":{"id":"node/11103502435","name":"Quattro Goombas Winery","group":"food","category":"craft=winery","tags":";winery;"}},{"type":"Feature","geometry":{"type":"Point","coordinates":[-77.64433,38.97599]},"properties":{"id":"node/11103509547","name":"Greenheart","group":"food","category":"amenity=fast_food","cuisine":"juice","website":"https://greenheartjuiceshop.com/","housenumber":"39325","street":"Little River Turnpike","tags":";juice;fast_food;"}},{"type":"Feature","geometry":{"type":"Point","coordinates":[-77.54771,38.72991]},"properties":{"id":"node/11110607783","name":"Gossip Nails Spa","group":"personal_care","category":"shop=beauty","tags":";beauty;nails;spa;"}},{"type":"Feature","geometry":{"type":"Point","coordinates":[-77.53627,38.94574]},"properties":{"id":"node/11114144181","name":"Pro-Mow, Inc.","group":"services","category":"craft=gardener","hours":"Mo-Fr 08:00-16:00","phone":"+1-703-957-4880","website":"https://promowlawns.com/","housenumber":"42406","street":"Azalea Lane","city":"Dulles","postcode":"20166","tags":";gardener;"}},{"type":"Feature","geometry":{"type":"Point","coordinates":[-77.5362,38.9457]},"properties":{"id":"node/11116250421","name":"Superior Sprinkler Systems","group":"services","category":"craft=gardener","hours":"Mo-Fr 08:00-16:00","phone":"+1-703-957-4946","website":"https://superiorsprinklerinc.com/","housenumber":"42406","street":"Azalea Lane","city":"Dulles","postcode":"20166","tags":";gardener;"}},{"type":"Feature","geometry":{"type":"Point","coordinates":[-77.50746,38.74183]},"properties":{"id":"node/11121048843","name":"Lambert Metal Services","group":"services","category":"craft=metal_construction","website":"https://lambertmetalservices.com","housenumber":"10476","street":"Godwin Court","city":"Manassas","postcode":"20110","tags":";metal_construction;"}},{"type":"Feature","geometry":{"type":"Point","coordinates":[-77.50801,38.74148]},"properties":{"id":"node/11124114670","name":"Deck Builders Inc.","group":"services","category":"craft=builder","website":"https://deckbuildersinc.com/","housenumber":"10488","street":"Godwin Court","city":"Manassas","postcode":"20110","tags":";builder;"}},{"type":"Feature","geometry":{"type":"Point","coordinates":[-77.50835,38.74158]},"properties":{"id":"node/11124114676","name":"HotRockJunk","group":"services","category":"craft=cleaning","hours":"Mo-Su 06:00-23:30","phone":"+1 703 542 9029","website":"https://hotrockjunk.com/","housenumber":"9821","street":"Godwin Drive","city":"Manassas","postcode":"20110","tags":";cleaning;"}},{"type":"Feature","geometry":{"type":"Point","coordinates":[-77.79918,38.72908]},"properties":{"id":"node/11170829789","name":"Goodfella's","group":"food","category":"amenity=restaurant","cuisine":"italian","phone":"+1-540-935-2266","website":"https://goodfellaspizzawarrenton.com/","housenumber":"251","street":"West Lee Highway","city":"Warrenton","postcode":"20186","tags":";italian;restaurant;"}},{"type":"Feature","geometry":{"type":"Point","coordinates":[-77.48766,39.04347]},"properties":{"id":"node/11196568798","name":"Yum Yum Hibachi","group":"food","category":"amenity=restaurant","cuisine":"japanese","hours":"12:00-21:00","phone":"+1 703-270-3401","website":"https://yumyumhibachi.com","housenumber":"20706","street":"Weller\u2019s Corner Square","menu":"https://yumyumhibachi.com/menu","tags":";japanese;restaurant;takeout;outdoor_seating;gluten_free;"}},{"type":"Feature","geometry":{"type":"Point","coordinates":[-77.3944,39.02332]},"properties":{"id":"node/11200423843","name":"Cat Lounge Meows Corner","group":"food","category":"amenity=cafe","website":"https://www.meowscorner.com/","housenumber":"21435","street":"Epicerie Plaza","city":"Sterling","postcode":"20165","tags":";cafe;"}},{"type":"Feature","geometry":{"type":"Point","coordinates":[-77.51266,38.91549]},"properties":{"id":"node/11201213253","name":"Wong Kok Asian Cuisine","group":"food","category":"amenity=restaurant","cuisine":"chinese","tags":";chinese;restaurant;"}},{"type":"Feature","geometry":{"type":"Point","coordinates":[-77.51273,38.91516]},"properties":{"id":"node/11201213254","name":"South Riding Inn","group":"food","category":"amenity=restaurant","cuisine":"american","tags":";american;restaurant;"}},{"type":"Feature","geometry":{"type":"Point","coordinates":[-77.51267,38.91543]},"properties":{"id":"node/11201213259","name":"Pollo Xpress","group":"food","category":"amenity=restaurant","tags":";restaurant;"}},{"type":"Feature","geometry":{"type":"Point","coordinates":[-77.51265,38.91554]},"properties":{"id":"node/11201213260","name":"Hollywood Nails","group":"personal_care","category":"shop=beauty","tags":";beauty;nails;"}},{"type":"Feature","geometry":{"type":"Point","coordinates":[-77.51268,38.91461]},"properties":{"id":"node/11201213314","name":"South Riding Cleaners","group":"services","category":"shop=dry_cleaning","tags":";dry_cleaning;"}},{"type":"Feature","geometry":{"type":"Point","coordinates":[-77.51278,38.91449]},"properties":{"id":"node/11201213316","name":"South Riding Barber Shop","group":"personal_care","category":"shop=hairdresser","tags":";hairdresser;barber;"}},{"type":"Feature","geometry":{"type":"Point","coordinates":[-77.51398,38.91532]},"properties":{"id":"node/11201213319","name":"Mehak Indian Restaurant","group":"food","category":"amenity=restaurant","cuisine":"indian","website":"https://mehaksouthriding.com/","housenumber":"43053","street":"Pemberton Square","city":"Chantilly","postcode":"20152","tags":";indian;restaurant;"}},{"type":"Feature","geometry":{"type":"Point","coordinates":[-77.51397,38.91538]},"properties":{"id":"node/11201213321","name":"Amazing Nails","group":"personal_care","category":"shop=beauty","tags":";beauty;nails;"}},{"type":"Feature","geometry":{"type":"Point","coordinates":[-77.51162,38.91581]},"properties":{"id":"node/11201213330","name":"Little Jenna's Grooming","group":"services","category":"shop=pet_grooming","tags":";pet_grooming;"}},{"type":"Feature","geometry":{"type":"Point","coordinates":[-77.48506,39.04661]},"properties":{"id":"node/11270839668","name":"Salon Essence","group":"personal_care","category":"shop=hairdresser","hours":"Tu-Fr 10:00-20:00; Sa 10:00-18:00","phone":"+1-703-858-1888","website":"https://salonessence.com","housenumber":"20630","street":"Ashburn Road","city":"Ashburn","postcode":"20147","tags":";hairdresser;"}},{"type":"Feature","geometry":{"type":"Point","coordinates":[-77.54526,38.91132]},"properties":{"id":"node/11306121511","name":"SprinkleSpark Cakes","group":"food","category":"amenity=restaurant","cuisine":"dessert;cake","hours":"Mo-Fr 09:00-17:00","phone":"+15404972412","website":"https://www.sprinklespark.com/","housenumber":"25556","street":"Oak Medly Terrace","city":"Aldie","postcode":"20105","tags":";dessert;cake;restaurant;"}},{"type":"Feature","geometry":{"type":"Point","coordinates":[-77.6384,38.81293]},"properties":{"id":"node/11339188744","name":"Studio B Salon & Beauty Bar","group":"personal_care","category":"shop=beauty","housenumber":"15111","street":"Washington Street","city":"Haymarket","postcode":"20169","tags":";beauty;"}},{"type":"Feature","geometry":{"type":"Point","coordinates":[-77.63868,38.81254]},"properties":{"id":"node/11339188745","name":"Melanie's Florist","group":"shopping","category":"shop=florist","housenumber":"15111","street":"Washington Street","city":"Haymarket","postcode":"20169","tags":";florist;"}},{"type":"Feature","geometry":{"type":"Point","coordinates":[-77.63888,38.81324]},"properties":{"id":"node/11339188750","name":"Parrando's Tex-Mex Grill","group":"food","category":"amenity=restaurant","cuisine":"tex-mex","housenumber":"15125","street":"Washington Street","city":"Haymarket","postcode":"20169","tags":";tex-mex;restaurant;outdoor_seating;"}},{"type":"Feature","geometry":{"type":"Point","coordinates":[-77.63865,38.81312]},"properties":{"id":"node/11339188751","name":"1971 Coffee Shop","group":"food","category":"amenity=cafe","cuisine":"coffee_shop","housenumber":"15125","street":"Washington Street","city":"Haymarket","postcode":"20169","tags":";coffee_shop;cafe;takeout;wifi;"}},{"type":"Feature","geometry":{"type":"Point","coordinates":[-77.63661,38.8121]},"properties":{"id":"node/11392226966","name":"Red House Tavern","group":"food","category":"amenity=restaurant","tags":";restaurant;"}},{"type":"Feature","geometry":{"type":"Point","coordinates":[-77.54768,38.93957]},"properties":{"id":"node/11413306255","name":"Stone Ridge Barber Shop","group":"personal_care","category":"shop=hairdresser","housenumber":"42020","street":"Village Center Plaza","city":"Aldie","postcode":"20105","tags":";hairdresser;barber;"}},{"type":"Feature","geometry":{"type":"Point","coordinates":[-77.7308,38.75834]},"properties":{"id":"node/11460317249","name":"CroppMetcalfe","group":"services","category":"craft=hvac","tags":";hvac;"}},{"type":"Feature","geometry":{"type":"Point","coordinates":[-77.52173,38.9253]},"properties":{"id":"node/11498737300","name":"Solace Day Spa","group":"personal_care","category":"shop=hairdresser","phone":"+17033273366","housenumber":"25031","street":"Riding Plaza","city":"Chantilly","postcode":"20152","tags":";hairdresser;spa;"}},{"type":"Feature","geometry":{"type":"Point","coordinates":[-77.52175,38.92537]},"properties":{"id":"node/11498737301","name":"Wine Styles","group":"groceries","category":"shop=wine","phone":"+17033279463","housenumber":"25031","street":"Riding Plaza","city":"Chantilly","postcode":"20152","tags":";wine;alcohol;"}},{"type":"Feature","geometry":{"type":"Point","coordinates":[-77.52111,38.92506]},"properties":{"id":"node/11498737304","name":"Riding Plaza Cleaners","group":"services","category":"shop=dry_cleaning","phone":"+17033270296","housenumber":"25050","street":"Riding Plaza","city":"Chantilly","postcode":"20152","tags":";dry_cleaning;"}},{"type":"Feature","geometry":{"type":"Point","coordinates":[-77.52094,38.92509]},"properties":{"id":"node/11498737306","name":"Fit Right Kids' Shoes","group":"shopping","category":"shop=shoes","phone":"+17039573274","housenumber":"25050","street":"Riding Plaza","city":"Chantilly","postcode":"20152","tags":";shoes;"}},{"type":"Feature","geometry":{"type":"Point","coordinates":[-77.56918,38.85479]},"properties":{"id":"node/11535634521","name":"Coral Edge Adventures","group":"shopping","category":"shop=scuba_diving","tags":";scuba_diving;"}},{"type":"Feature","geometry":{"type":"Point","coordinates":[-77.56896,38.85477]},"properties":{"id":"node/11535634522","name":"Wi-Not Stop","group":"groceries","category":"shop=convenience","tags":";convenience;"}},{"type":"Feature","geometry":{"type":"Point","coordinates":[-77.56886,38.85479]},"properties":{"id":"node/11535634523","name":"Swim Gem","group":"shopping","category":"shop=swimming_pool","tags":";swimming_pool;"}},{"type":"Feature","geometry":{"type":"Point","coordinates":[-77.53941,38.93595]},"properties":{"id":"node/11538082669","name":"Shiro Sushi and Teriyaki","group":"food","category":"amenity=restaurant","cuisine":"sushi","phone":"+17033276462","website":"https://www.shirocuisine.com/","housenumber":"24650","street":"Southpoint Drive","city":"Chantilly","postcode":"20152","tags":";sushi;restaurant;japanese;"}},{"type":"Feature","geometry":{"type":"Point","coordinates":[-77.53964,38.93586]},"properties":{"id":"node/11538082670","name":"Smile Thai Cuisine","group":"food","category":"amenity=restaurant","cuisine":"thai","phone":"+17033279660","website":"http://www.smilethaicuisineva.com/","housenumber":"24650","street":"Southpoint Drive","city":"Chantilly","postcode":"20152","tags":";thai;restaurant;"}},{"type":"Feature","geometry":{"type":"Point","coordinates":[-77.52173,38.93792]},"properties":{"id":"node/11548123368","name":"Kabob Grill","group":"food","category":"amenity=restaurant","cuisine":"kebab","phone":"+12764982301","website":"https://kabobgrillva.com/","housenumber":"24560","street":"Dulles Landing Drive","city":"Dulles","postcode":"20166","tags":";kebab;restaurant;"}},{"type":"Feature","geometry":{"type":"Point","coordinates":[-77.6399,38.81447]},"properties":{"id":"node/11623737975","name":"Punto Pizza","group":"food","category":"amenity=restaurant","cuisine":"pizza","hours":"Mo-Th 10:00-21:00; Fr-Sa 10:00-22:00","phone":"+1 571-497-2222","website":"https://www.puntopizza.com/","housenumber":"6638","street":"Turner Hill Road","city":"Haymarket","postcode":"20169","tags":";pizza;restaurant;takeout;delivery;halal;"}},{"type":"Feature","geometry":{"type":"Point","coordinates":[-77.63801,38.81412]},"properties":{"id":"node/11623738012","name":"Crossroads Valley Barbershop","group":"personal_care","category":"shop=hairdresser","housenumber":"6625","tags":";hairdresser;barber;"}},{"type":"Feature","geometry":{"type":"Point","coordinates":[-77.53476,38.73921]},"properties":{"id":"node/11803720063","name":"Divine Nail Spa","group":"personal_care","category":"shop=beauty","hours":"Mo-Fr 10:00-20:00; Sa 09:00-19:00; Su 11:00-17:00","housenumber":"9990","street":"Sowder Village Square","tags":";beauty;nails;spa;"}},{"type":"Feature","geometry":{"type":"Point","coordinates":[-77.60901,38.79359]},"properties":{"id":"node/11808171011","name":"El Tio Tex-Mex Grill","group":"food","category":"amenity=restaurant","cuisine":"tex-mex","tags":";tex-mex;restaurant;outdoor_seating;"}},{"type":"Feature","geometry":{"type":"Point","coordinates":[-77.50039,38.74083]},"properties":{"id":"node/11812693446","name":"KO Distilling","group":"food","category":"craft=distillery","tags":";distillery;"}},{"type":"Feature","geometry":{"type":"Point","coordinates":[-77.47419,38.73879]},"properties":{"id":"node/11852355357","name":"Panda Cafe","group":"food","category":"amenity=restaurant","cuisine":"chinese","hours":"Mo-Th 11:00-22:00; Fr,Sa 11:00-23:00; Su 11:30-22:00","phone":"+1 703-368-9900","website":"http://www.pandacafemanassas.com","housenumber":"10070","street":"Dumfries Road","city":"Manassas","tags":";chinese;restaurant;takeout;delivery;"}},{"type":"Feature","geometry":{"type":"Point","coordinates":[-77.47425,38.73876]},"properties":{"id":"node/11852355358","name":"He & She Hair Salon","group":"personal_care","category":"shop=hairdresser","hours":"Tu-Sa 10:00-18:00; Su 10:00-17:00","phone":"+1 703-468-0499","website":"https://www.heandshehairsalon.com/","housenumber":"10072","street":"Dumfries Road","city":"Manassas","tags":";hairdresser;"}},{"type":"Feature","geometry":{"type":"Point","coordinates":[-77.47432,38.73873]},"properties":{"id":"node/11852355359","name":"Poodle Doodle Pet Grooming Salon","group":"services","category":"shop=pet_grooming","hours":"Mo-Th 08:00-18:00; Fr,Sa 08:00+","phone":"+1 703-505-7775","housenumber":"10074","street":"Dumfries Road","city":"Manassas","tags":";pet_grooming;"}},{"type":"Feature","geometry":{"type":"Point","coordinates":[-77.443,38.7677]},"properties":{"id":"node/11904480232","name":"Lil' Bowl","group":"food","category":"amenity=restaurant","cuisine":"thai;japanese","housenumber":"9121","street":"Manassas Drive","city":"Manassas Park","postcode":"20111","tags":";thai;japanese;restaurant;"}},{"type":"Feature","geometry":{"type":"Point","coordinates":[-77.53685,38.98489]},"properties":{"id":"node/11918158017","name":"Bunny Tea","group":"food","category":"amenity=cafe","cuisine":"bubble_tea","hours":"Mo-Sa 12:00-21:00; Su 12:00-20:00","phone":"+1-703-562-0050","website":"https://bunnyteas.com/","housenumber":"22855","street":"Brambleton Plaza","city":"Brambleton","postcode":"20148","tags":";bubble_tea;cafe;"}},{"type":"Feature","geometry":{"type":"Point","coordinates":[-77.38904,39.02918]},"properties":{"id":"node/11930738869","name":"TeaBreak Pho & Boba Sterling","group":"food","category":"amenity=restaurant","cuisine":"tea;vietnamese","hours":"Mo-Th 10:30-21:00; Fr-Sa 10:30-21:30; Su 10:30-20:30","phone":"+1-703-421-2048","website":"https://teabreakphoboba.com","tags":";tea;vietnamese;restaurant;bubble_tea;"}},{"type":"Feature","geometry":{"type":"Point","coordinates":[-77.62909,38.79348]},"properties":{"id":"node/11938312598","name":"Star Salon","group":"services","category":"shop=pet_grooming","tags":";pet_grooming;"}},{"type":"Feature","geometry":{"type":"Point","coordinates":[-77.62911,38.79355]},"properties":{"id":"node/11938312600","name":"China Inn","group":"food","category":"amenity=restaurant","cuisine":"chinese","tags":";chinese;restaurant;"}},{"type":"Feature","geometry":{"type":"Point","coordinates":[-77.62906,38.79341]},"properties":{"id":"node/11938312601","name":"Sazon Latina","group":"food","category":"amenity=restaurant","cuisine":"tex-mex","phone":"+1 571-445-3732","website":"https://www.sazonlatina.net/","housenumber":"7535","street":"Somerset Crossing Drive","city":"Gainesville","postcode":"20155","tags":";tex-mex;restaurant;takeout;delivery;"}},{"type":"Feature","geometry":{"type":"Point","coordinates":[-77.75612,38.96957]},"properties":{"id":"node/11950899763","name":"Lost Barrel Brewing Co.","group":"food","category":"craft=brewery","phone":"+1-540-236-4631","website":"https://www.lostbarrel.com/","housenumber":"36138","street":"Little River Turnpike","tags":";brewery;"}},{"type":"Feature","geometry":{"type":"Point","coordinates":[-77.5346,38.95203]},"properties":{"id":"node/12041896940","name":"Tres Amigos Market N Deli","group":"groceries","category":"shop=convenience","housenumber":"24075","street":"Stone Springs Boulevard","city":"Sterling","postcode":"20166","tags":";convenience;"}},{"type":"Feature","geometry":{"type":"Point","coordinates":[-77.37218,39.01602]},"properties":{"id":"node/12059096870","name":"Massage Pros","group":"personal_care","category":"shop=massage","hours":"Mo-Sa 10:00-20:00; Su 11:00-20:00","phone":"+1 571-313-5090","website":"https://www.massageprosus.com/","housenumber":"47028","street":"Leesburg Pike","city":"Sterling","postcode":"20164","tags":";massage;"}},{"type":"Feature","geometry":{"type":"Point","coordinates":[-77.35813,39.03956]},"properties":{"id":"node/12092236969","name":"Coldspoon","group":"food","category":"amenity=cafe","cuisine":"coffee_shop;ice_cream","hours":"Mo-Su 07:00-17:00","housenumber":"106","street":"Great Falls Plaza","tags":";coffee_shop;ice_cream;cafe;"}},{"type":"Feature","geometry":{"type":"Point","coordinates":[-77.41175,39.03936]},"properties":{"id":"node/12117665811","name":"China Village","group":"food","category":"amenity=restaurant","cuisine":"chinese","website":"https://chinavillagecountryside.3menucities.com/default.aspx","housenumber":"32","street":"Pidgeon Hill Drive","tags":";chinese;restaurant;"}},{"type":"Feature","geometry":{"type":"Point","coordinates":[-77.41177,39.03945]},"properties":{"id":"node/12117665812","name":"Manna Pottery","group":"services","category":"craft=pottery","website":"https://www.mannapottery.com","housenumber":"36","street":"Pidgeon Hill Drive","tags":";pottery;"}},{"type":"Feature","geometry":{"type":"Point","coordinates":[-77.41177,39.0395]},"properties":{"id":"node/12117665813","name":"Countryside Shoe Repair","group":"services","category":"shop=shoe_repair","housenumber":"37","street":"Pidgeon Hill Drive","tags":";shoe_repair;"}},{"type":"Feature","geometry":{"type":"Point","coordinates":[-77.41187,39.03961]},"properties":{"id":"node/12117665815","name":"Naz's Halal Food","group":"food","category":"amenity=restaurant","cuisine":"middle_eastern","website":"https://nazshalal.com/","housenumber":"40","street":"Pidgeon Hill Drive","tags":";middle_eastern;restaurant;halal;"}},{"type":"Feature","geometry":{"type":"Point","coordinates":[-77.41189,39.03968]},"properties":{"id":"node/12117665816","name":"Juank Hair Stylist","group":"personal_care","category":"shop=hairdresser","hours":"Tu-Th 10:00-20:00; Fr 10:00-19:00; Sa 09:00-18:00","phone":"+1-571-471-0718","website":"https://www.juankhairstylist.com","housenumber":"42","street":"Pidgeon Hill Drive","city":"Sterling","postcode":"20165","tags":";hairdresser;"}},{"type":"Feature","geometry":{"type":"Point","coordinates":[-77.41191,39.0398]},"properties":{"id":"node/12117665818","name":"Sortrel Thai","group":"food","category":"amenity=restaurant","cuisine":"thai","website":"https://www.sortrel.com","housenumber":"46","street":"Pidgeon Hill Drive","tags":";thai;restaurant;"}},{"type":"Feature","geometry":{"type":"Point","coordinates":[-77.41199,39.03997]},"properties":{"id":"node/12117665820","name":"Beauty Bar","group":"personal_care","category":"shop=beauty","website":"https://beautybarsterling.com/","housenumber":"20808","street":"Edds Lane","tags":";beauty;"}},{"type":"Feature","geometry":{"type":"Point","coordinates":[-77.41225,39.0406]},"properties":{"id":"node/12117665827","name":"Countryside Florist","group":"shopping","category":"shop=florist","website":"https://www.csfloristva.com/","housenumber":"114","street":"Edds Lane","tags":";florist;"}},{"type":"Feature","geometry":{"type":"Point","coordinates":[-77.80718,38.71814]},"properties":{"id":"node/12132292377","name":"Hamilton Equipment","group":"shopping","category":"shop=garden_machinery","housenumber":"25","street":"Broadview Avenue","city":"Warrenton","postcode":"20186","tags":";garden_machinery;"}},{"type":"Feature","geometry":{"type":"Point","coordinates":[-77.80725,38.71801]},"properties":{"id":"node/12132292378","name":"Warrenton Tire & Auto","group":"services","category":"shop=car_repair","housenumber":"19","street":"Broadview Avenue","city":"Warrenton","postcode":"20186","tags":";car_repair;tyres;"}},{"type":"Feature","geometry":{"type":"Point","coordinates":[-77.80525,38.72485]},"properties":{"id":"node/12133041536","name":"The Warrenton Florist","group":"shopping","category":"shop=florist","housenumber":"276","street":"Broadview Avenue","city":"Warrenton","postcode":"20186","tags":";florist;"}},{"type":"Feature","geometry":{"type":"Point","coordinates":[-77.8053,38.72472]},"properties":{"id":"node/12133041537","name":"Tail of Joy Grooming","group":"services","category":"shop=pet_grooming","housenumber":"274","street":"Broadview Avenue","city":"Warrenton","postcode":"20186","tags":";pet_grooming;"}},{"type":"Feature","geometry":{"type":"Point","coordinates":[-77.80542,38.72448]},"properties":{"id":"node/12133041538","name":"Galvez Tree Services","group":"services","category":"craft=arborist","housenumber":"268","street":"Broadview Avenue","city":"Warrenton","postcode":"20186","tags":";arborist;"}},{"type":"Feature","geometry":{"type":"Point","coordinates":[-77.80546,38.72439]},"properties":{"id":"node/12133041539","name":"Warrenton Hair Designs","group":"personal_care","category":"shop=hairdresser","housenumber":"264","street":"Broadview Avenue","city":"Warrenton","postcode":"20186","tags":";hairdresser;"}},{"type":"Feature","geometry":{"type":"Point","coordinates":[-77.80531,38.72419]},"properties":{"id":"node/12133041542","name":"Onestop Kitchen & Bath","group":"shopping","category":"shop=kitchen","tags":";kitchen;"}},{"type":"Feature","geometry":{"type":"Point","coordinates":[-77.47263,38.75115]},"properties":{"id":"node/12180114950","name":"Lume Asian Fusion","group":"food","category":"amenity=restaurant","cuisine":"asian","website":"https://www.lumeasianfusion.com/","housenumber":"9110","street":"Center Street","city":"Manassas","postcode":"20110","tags":";asian;restaurant;"}},{"type":"Feature","geometry":{"type":"Point","coordinates":[-77.51356,38.78256]},"properties":{"id":"node/12183058958","name":"El Gicarito Restaurant","group":"food","category":"amenity=restaurant","cuisine":"mexican","website":"https://gicarito.com/","housenumber":"10611","street":"Lomond Drive","city":"Manassas","postcode":"20109","tags":";mexican;restaurant;"}},{"type":"Feature","geometry":{"type":"Point","coordinates":[-77.51305,38.78266]},"properties":{"id":"node/12183058960","name":"Raise the Roost","group":"food","category":"amenity=restaurant","cuisine":"chicken","website":"https://raisetheroostchicken.com/","housenumber":"10601","street":"Lomond Drive","city":"Manassas","postcode":"20109","tags":";chicken;restaurant;"}},{"type":"Feature","geometry":{"type":"Point","coordinates":[-77.97194,38.96788]},"properties":{"id":"node/12186321848","name":"Arterra Winery","group":"food","category":"craft=winery","tags":";winery;"}},{"type":"Feature","geometry":{"type":"Point","coordinates":[-77.97187,38.96783]},"properties":{"id":"node/12186410568","name":"Hawkmoth Arts","group":"shopping","category":"shop=art","tags":";art;"}},{"type":"Feature","geometry":{"type":"Point","coordinates":[-77.63898,38.81462]},"properties":{"id":"node/12196079085","name":"HImalayan Grill","group":"food","category":"amenity=restaurant","cuisine":"indian;nepali","housenumber":"6624","street":"Watts Road","city":"Haymarket","postcode":"20169","tags":";indian;nepali;restaurant;"}},{"type":"Feature","geometry":{"type":"Point","coordinates":[-77.63808,38.81416]},"properties":{"id":"node/12196079086","name":"Luxe Nailbar","group":"personal_care","category":"shop=beauty","housenumber":"6621","street":"Watts Road","city":"Haymarket","postcode":"20169","tags":";beauty;"}},{"type":"Feature","geometry":{"type":"Point","coordinates":[-77.52219,39.04334]},"properties":{"id":"node/12234943638","name":"Gogi Go Go","group":"food","category":"amenity=restaurant","cuisine":"korean","website":"https://thegogigogo.com/","housenumber":"42780","street":"Creek View Plaza","city":"Ashburn","postcode":"20147","tags":";korean;restaurant;"}},{"type":"Feature","geometry":{"type":"Point","coordinates":[-77.40335,38.99776]},"properties":{"id":"node/12234946051","name":"Tommy's Place II","group":"food","category":"amenity=restaurant","cuisine":"pizza","website":"https://tommys-place-ii.edan.io/","housenumber":"156","street":"Enterprise Street","city":"Sterling","postcode":"20164","tags":";pizza;restaurant;"}},{"type":"Feature","geometry":{"type":"Point","coordinates":[-77.40345,38.9977]},"properties":{"id":"node/12234946053","name":"Suhair\u2019s Kitchen","group":"food","category":"amenity=restaurant","cuisine":"mediterranean","website":"https://www.suhairskitchen.com/","housenumber":"156","street":"Enterprise Street","city":"Sterling","postcode":"20164","tags":";mediterranean;restaurant;"}},{"type":"Feature","geometry":{"type":"Point","coordinates":[-77.44696,38.99754]},"properties":{"id":"node/12234955154","name":"Broderick Cafe","group":"food","category":"amenity=restaurant","cuisine":"american","website":"https://broderickcafe.com/","housenumber":"22365","street":"Broderick Drive","city":"Sterling","postcode":"20166","tags":";american;restaurant;"}},{"type":"Feature","geometry":{"type":"Point","coordinates":[-77.40887,38.97757]},"properties":{"id":"node/12234956691","name":"Shalimar Kabob","group":"food","category":"amenity=restaurant","cuisine":"kebab","website":"https://shalimarkabobsterling.com/","housenumber":"46000","street":"Old Ox Road","city":"Sterling","postcode":"20166","tags":";kebab;restaurant;"}},{"type":"Feature","geometry":{"type":"Point","coordinates":[-77.4088,38.97763]},"properties":{"id":"node/12234956692","name":"Hula Inn","group":"food","category":"amenity=restaurant","cuisine":"chinese","website":"https://hulainnva.com/","housenumber":"46000","street":"Old Ox Road","city":"Sterling","postcode":"20166","tags":";chinese;restaurant;"}},{"type":"Feature","geometry":{"type":"Point","coordinates":[-77.73525,38.9689]},"properties":{"id":"node/12234956982","name":"King Street Oyster Bar","group":"food","category":"amenity=restaurant","cuisine":"seafood","website":"https://www.kingstreetoysterbar.com/","housenumber":"1","street":"East Washington Street","city":"Middleburg","postcode":"20117","tags":";seafood;restaurant;"}},{"type":"Feature","geometry":{"type":"Point","coordinates":[-77.73466,38.9695]},"properties":{"id":"node/12234974265","name":"CDMX Bar & Grill","group":"food","category":"amenity=restaurant","cuisine":"mexican","website":"https://cdmxreviews.com/","housenumber":"16","street":"East Washington Street","city":"Middleburg","postcode":"20117","tags":";mexican;restaurant;"}},{"type":"Feature","geometry":{"type":"Point","coordinates":[-77.42574,39.02946]},"properties":{"id":"node/12234974276","name":"AllGoRhythms","group":"food","category":"amenity=restaurant","cuisine":"bar_and_grill","website":"https://gorhythms.com/","housenumber":"21035","street":"Dulles Town Circle","city":"Sterling","postcode":"20166","tags":";bar_and_grill;restaurant;"}},{"type":"Feature","geometry":{"type":"Point","coordinates":[-77.49692,38.96199]},"properties":{"id":"node/12234986946","name":"Dulles Kabob","group":"food","category":"amenity=restaurant","cuisine":"kebab","website":"https://dulleskabob.com/","housenumber":"23520","street":"Overland Drive","city":"Sterling","postcode":"20166","tags":";kebab;restaurant;"}},{"type":"Feature","geometry":{"type":"Point","coordinates":[-77.42684,39.00514]},"properties":{"id":"node/12234987623","name":"Rahama","group":"food","category":"amenity=restaurant","cuisine":"african","website":"https://order.rahamarestaurants.com/","housenumber":"45665","street":"West Church Road","city":"Sterling","postcode":"20164","tags":";african;restaurant;"}},{"type":"Feature","geometry":{"type":"Point","coordinates":[-77.45592,39.02299]},"properties":{"id":"node/12234989460","name":"Greek Unique","group":"food","category":"amenity=restaurant","cuisine":"greek","website":"https://greekuniqueva.com/","housenumber":"44632","street":"Guilford Drive","city":"Ashburn","postcode":"20147","tags":";greek;restaurant;"}},{"type":"Feature","geometry":{"type":"Point","coordinates":[-77.45679,39.01689]},"properties":{"id":"node/12236536690","name":"Rupa Vira's The Signature","group":"food","category":"amenity=restaurant","cuisine":"indian","website":"https://thesignatureva.com/","housenumber":"21760","street":"Beaumeade Circle","city":"Ashburn","postcode":"20147","tags":";indian;restaurant;"}},{"type":"Feature","geometry":{"type":"Point","coordinates":[-77.43612,38.9785]},"properties":{"id":"node/12236543012","name":"Raunaq Mela","group":"food","category":"amenity=restaurant","cuisine":"indian","website":"https://raunaqmela.square.site/","housenumber":"45250","street":"Catalina Court","city":"Sterling","postcode":"20166","tags":";indian;restaurant;"}},{"type":"Feature","geometry":{"type":"Point","coordinates":[-77.37968,39.0196]},"properties":{"id":"node/12236553546","name":"Pho Royal","group":"food","category":"amenity=restaurant","cuisine":"vietnamese","website":"https://www.skiplinow.com/shop/981792z","housenumber":"46839","street":"Maple Leaf Place","city":"Sterling","postcode":"20164","tags":";vietnamese;restaurant;"}},{"type":"Feature","geometry":{"type":"Point","coordinates":[-77.73472,38.96853]},"properties":{"id":"node/12236578310","name":"Best Thai Kitchen","group":"food","category":"amenity=restaurant","cuisine":"thai","website":"https://www.opentable.com/r/best-thai-kitchen-middleburg","housenumber":"4","street":"East Federal Street","city":"Middleburg","postcode":"20117","tags":";thai;restaurant;"}},{"type":"Feature","geometry":{"type":"Point","coordinates":[-77.52266,39.04268]},"properties":{"id":"node/12236625956","name":"Farm & Fork Kitchen","group":"food","category":"amenity=restaurant","cuisine":"american","website":"https://www.farmforkkitchen.com/","housenumber":"42755","street":"Creek View Plaza","city":"Ashburn","postcode":"20147","tags":";american;restaurant;"}},{"type":"Feature","geometry":{"type":"Point","coordinates":[-77.52271,39.04257]},"properties":{"id":"node/12236625957","name":"Massaya","group":"food","category":"amenity=restaurant","cuisine":"lebanese","website":"https://www.massayaus.com/","housenumber":"21000","street":"Sycolin Road","city":"Ashburn","postcode":"20147","tags":";lebanese;restaurant;"}},{"type":"Feature","geometry":{"type":"Point","coordinates":[-77.48892,38.91634]},"properties":{"id":"node/12236632728","name":"King Spa","group":"personal_care","category":"shop=beauty","website":"https://virginia.kingspa.com/","housenumber":"25330","street":"Eastern Marketplace Plaza","city":"Chantilly","postcode":"20152","tags":";beauty;spa;"}},{"type":"Feature","geometry":{"type":"Point","coordinates":[-77.41802,39.02655]},"properties":{"id":"node/12236635489","name":"Cafesano","group":"food","category":"amenity=restaurant","cuisine":"mediterranean;italian","website":"https://cafesano.com/","housenumber":"21305","street":"Windmill Parc Drive","city":"Sterling","postcode":"20166","tags":";mediterranean;italian;restaurant;"}},{"type":"Feature","geometry":{"type":"Point","coordinates":[-77.52209,38.92629]},"properties":{"id":"node/12236640463","name":"Peri Peri Original","group":"food","category":"amenity=restaurant","cuisine":"portuguese","website":"https://www.periperioriginaldmv.com/","housenumber":"24995","street":"Riding Plaza","city":"Chantilly","postcode":"20152","tags":";portuguese;restaurant;"}},{"type":"Feature","geometry":{"type":"Point","coordinates":[-77.51394,38.91547]},"properties":{"id":"node/12236642971","name":"Mi Azteca","group":"food","category":"amenity=restaurant","cuisine":"mexican","website":"https://miaztecarest.com/","housenumber":"43053","street":"Pemberton Square","city":"Chantilly","postcode":"20152","tags":";mexican;restaurant;"}},{"type":"Feature","geometry":{"type":"Point","coordinates":[-77.38082,39.03842]},"properties":{"id":"node/12236642979","name":"Chamba Grill","group":"food","category":"amenity=restaurant","cuisine":"mexican;tex-mex","website":"https://chambagrill.com/","housenumber":"95","street":"Sugarland Run Drive","city":"Sterling","postcode":"20164","tags":";mexican;tex-mex;restaurant;"}},{"type":"Feature","geometry":{"type":"Point","coordinates":[-77.40827,39.03602]},"properties":{"id":"node/12236644834","name":"Pizza Twist","group":"food","category":"amenity=restaurant","cuisine":"pizza","website":"https://pizzatwist.com/locations/best-pizza-in-sterling-va","housenumber":"46005","street":"Regal Plaza","city":"Sterling","postcode":"20165","tags":";pizza;restaurant;"}},{"type":"Feature","geometry":{"type":"Point","coordinates":[-77.40832,39.0361]},"properties":{"id":"node/12236644835","name":"Agni South Indian Cuisine","group":"food","category":"amenity=restaurant","cuisine":"indian","website":"https://www.agniindiancuisine.com/","housenumber":"46005","street":"Regal Plaza","city":"Sterling","postcode":"20165","tags":";indian;restaurant;"}},{"type":"Feature","geometry":{"type":"Point","coordinates":[-77.37749,39.0157]},"properties":{"id":"node/12236645121","name":"Betty's Grill","group":"food","category":"amenity=restaurant","cuisine":"bolivian","website":"https://www.bettyscafe.net/","housenumber":"46950","street":"Community Plaza","city":"Sterling","postcode":"20164","tags":";bolivian;restaurant;"}},{"type":"Feature","geometry":{"type":"Point","coordinates":[-77.52228,39.04231]},"properties":{"id":"node/12236652102","name":"Social House","group":"food","category":"amenity=restaurant","cuisine":"american","website":"https://www.socialhouseva.com/","housenumber":"42841","street":"Creek View Plaza","city":"Ashburn","postcode":"20147","tags":";american;restaurant;"}},{"type":"Feature","geometry":{"type":"Point","coordinates":[-77.47779,39.02278]},"properties":{"id":"node/12236656516","name":"Rai's Rendezvous","group":"food","category":"amenity=restaurant","cuisine":"bar_and_grill","website":"https://www.raisrendezvous.com/","housenumber":"44042","street":"Pipeline Plaza","city":"Ashburn","postcode":"20147","tags":";bar_and_grill;restaurant;"}},{"type":"Feature","geometry":{"type":"Point","coordinates":[-77.41816,39.0265]},"properties":{"id":"node/12253734501","name":"Cafesano","group":"food","category":"amenity=restaurant","cuisine":"italian;mediterranean","tags":";italian;mediterranean;restaurant;"}},{"type":"Feature","geometry":{"type":"Point","coordinates":[-77.44285,38.76736]},"properties":{"id":"node/12260412624","name":"Keep It Strange Game Room","group":"shopping","category":"shop=games","website":"https://keepitstrange.wixsite.com/mysite","housenumber":"9135","street":"Manassas Drive","city":"Manassas Park","postcode":"20111","tags":";games;"}},{"type":"Feature","geometry":{"type":"Point","coordinates":[-77.44288,38.76743]},"properties":{"id":"node/12260412636","name":"Keep It Strange","group":"shopping","category":"shop=collector","housenumber":"9133","street":"Manassas Drive","city":"Manassas Park","postcode":"20111","tags":";collector;"}},{"type":"Feature","geometry":{"type":"Point","coordinates":[-77.46422,38.75908]},"properties":{"id":"node/12273433873","name":"VINS Auto Care","group":"services","category":"shop=car_repair","tags":";car_repair;"}},{"type":"Feature","geometry":{"type":"Point","coordinates":[-77.6094,38.79446]},"properties":{"id":"node/12316312967","name":"Osaka Japanese Steakhouse","group":"food","category":"amenity=restaurant","cuisine":"japanese","website":"https://www.osakajs.com/","housenumber":"7447","street":"Linton Hall Road","city":"Gainesville","postcode":"20155","tags":";japanese;restaurant;"}},{"type":"Feature","geometry":{"type":"Point","coordinates":[-77.60932,38.79434]},"properties":{"id":"node/12316312968","name":"Virginia Tire & Auto of Gainesville","group":"services","category":"shop=car_repair","website":"https://vatire.com/stores/virginia-tire-auto-of-gainesville/","housenumber":"7471","street":"Linton Hall Road","city":"Gainesville","postcode":"20155","tags":";car_repair;tyres;"}},{"type":"Feature","geometry":{"type":"Point","coordinates":[-77.51178,38.78067]},"properties":{"id":"node/12316367769","name":"After Life 360","group":"food","category":"amenity=bar","housenumber":"8090","street":"Sudley Road","city":"Manassas","postcode":"20109","tags":";bar;"}},{"type":"Feature","geometry":{"type":"Point","coordinates":[-77.45155,38.7708]},"properties":{"id":"node/12316375230","name":"Tortilleria El Pueblo","group":"food","category":"amenity=restaurant","cuisine":"mexican","housenumber":"8519","street":"Manassas Drive","city":"Manassas","postcode":"20111","tags":";mexican;restaurant;"}},{"type":"Feature","geometry":{"type":"Point","coordinates":[-77.51206,38.78586]},"properties":{"id":"node/12318704401","name":"Do\u00f1a Saz\u00f3n","group":"food","category":"amenity=restaurant","cuisine":"peruvian","website":"https://donasazonperuvian.com/","housenumber":"7855","street":"Sudley Road","city":"Manassas","postcode":"20109","tags":";peruvian;restaurant;"}},{"type":"Feature","geometry":{"type":"Point","coordinates":[-77.51152,38.786]},"properties":{"id":"node/12318704409","name":"El Mirador","group":"food","category":"amenity=restaurant","cuisine":"latin_american","housenumber":"7839","street":"Sudley Road","city":"Manassas","postcode":"20109","tags":";latin_american;restaurant;"}},{"type":"Feature","geometry":{"type":"Point","coordinates":[-77.51116,38.78608]},"properties":{"id":"node/12318704416","name":"Pho Le","group":"food","category":"amenity=restaurant","cuisine":"vietnamese","website":"https://www.pholevirginia.com/","housenumber":"7829","street":"Sudley Road","city":"Manassas","postcode":"20109","tags":";vietnamese;restaurant;"}},{"type":"Feature","geometry":{"type":"Point","coordinates":[-77.52189,38.79524]},"properties":{"id":"node/12323666658","name":"China Palace","group":"food","category":"amenity=restaurant","cuisine":"chinese","website":"https://www.chinapalaceii.com/","housenumber":"7608","street":"Stream Walk Lane","city":"Manassas","postcode":"20109","tags":";chinese;restaurant;"}},{"type":"Feature","geometry":{"type":"Point","coordinates":[-77.52135,38.7954]},"properties":{"id":"node/12323666665","name":"Bakery Oasis Del Sabor","group":"food","category":"shop=bakery","housenumber":"7646","street":"Stream Walk Lane","city":"Manassas","postcode":"20109","tags":";bakery;"}},{"type":"Feature","geometry":{"type":"Point","coordinates":[-77.45357,38.77244]},"properties":{"id":"node/12323674089","name":"Papasitos","group":"food","category":"amenity=restaurant","cuisine":"latin_american","housenumber":"8490","street":"Centreville Road","city":"Manassas","postcode":"20111","tags":";latin_american;restaurant;"}},{"type":"Feature","geometry":{"type":"Point","coordinates":[-77.45324,38.77379]},"properties":{"id":"node/12323678603","name":"Tortilleria El Molino","group":"food","category":"amenity=restaurant","cuisine":"mexican","website":"https://tortilleriaelmolino2.netwaiter.com/manassas-park/about/","housenumber":"8456","street":"Centreville Road","city":"Manassas","postcode":"20111","tags":";mexican;restaurant;"}},{"type":"Feature","geometry":{"type":"Point","coordinates":[-77.45321,38.77395]},"properties":{"id":"node/12323678606","name":"El Quetzal Grill","group":"food","category":"amenity=restaurant","cuisine":"guatemalan","housenumber":"8450","street":"Centreville Road","city":"Manassas","postcode":"20111","tags":";guatemalan;restaurant;"}},{"type":"Feature","geometry":{"type":"Point","coordinates":[-77.4532,38.774]},"properties":{"id":"node/12323678607","name":"Pho 24","group":"food","category":"amenity=restaurant","cuisine":"vietnamese","website":"https://pho243.netwaiter.com/manassas/about/","housenumber":"8448","street":"Centreville Road","city":"Manassas","postcode":"20111","tags":";vietnamese;restaurant;"}},{"type":"Feature","geometry":{"type":"Point","coordinates":[-77.45318,38.77408]},"properties":{"id":"node/12323678609","name":"El Espino","group":"food","category":"amenity=restaurant","cuisine":"salvadoran","website":"https://elespinorestaurantva.com/","housenumber":"8444","street":"Centreville Road","city":"Manassas","postcode":"20111","tags":";salvadoran;restaurant;"}},{"type":"Feature","geometry":{"type":"Point","coordinates":[-77.60455,38.76727]},"properties":{"id":"node/12323686054","name":"Nankar Peru","group":"food","category":"amenity=restaurant","cuisine":"peruvian","website":"https://nankarperuvian.com/","housenumber":"13938","street":"Estate Manor Drive","city":"Gainesville","postcode":"20155","tags":";peruvian;restaurant;"}},{"type":"Feature","geometry":{"type":"Point","coordinates":[-77.53458,38.73835]},"properties":{"id":"node/12323718878","name":"Brooklyn Pizza & Italian Grill","group":"food","category":"amenity=restaurant","cuisine":"pizza","website":"https://www.brooklynpizzaitaliangrill.com/","housenumber":"9987","street":"Sowder Village Square","city":"Manassas","postcode":"20109","tags":";pizza;restaurant;italian;"}},{"type":"Feature","geometry":{"type":"Point","coordinates":[-77.50468,38.77718]},"properties":{"id":"node/12323740011","name":"Joongmi Banjum","group":"food","category":"amenity=restaurant","cuisine":"korean;chinese","website":"https://joongmimanassas.com/","housenumber":"10384","street":"Festival Lane","city":"Manassas","postcode":"20109","tags":";korean;chinese;restaurant;"}},{"type":"Feature","geometry":{"type":"Point","coordinates":[-77.50457,38.77727]},"properties":{"id":"node/12323740013","name":"Super Chicken","group":"food","category":"amenity=restaurant","cuisine":"peruvian","website":"http://superchickenva.com/","housenumber":"10380","street":"Festival Lane","city":"Manassas","postcode":"20109","tags":";peruvian;restaurant;chicken;"}},{"type":"Feature","geometry":{"type":"Point","coordinates":[-77.5044,38.77738]},"properties":{"id":"node/12323740015","name":"China Village","group":"food","category":"amenity=restaurant","cuisine":"chinese","website":"https://chinavillagetogo.com/","housenumber":"10374","street":"Festival Lane","city":"Manassas","postcode":"20109","tags":";chinese;restaurant;"}},{"type":"Feature","geometry":{"type":"Point","coordinates":[-77.77244,38.73208]},"properties":{"id":"node/12324708395","name":"Fiesta Azteca","group":"food","category":"amenity=restaurant","cuisine":"mexican","website":"https://fiesta-azteca.com/","housenumber":"7323","street":"Comfort Inn Drive","city":"Warrenton","postcode":"20187","tags":";mexican;restaurant;"}},{"type":"Feature","geometry":{"type":"Point","coordinates":[-77.7994,38.73072]},"properties":{"id":"node/12324708396","name":"Cleaners","group":"services","category":"shop=dry_cleaning","housenumber":"251","street":"West Lee Highway","city":"Warrenton","postcode":"20186","tags":";dry_cleaning;"}},{"type":"Feature","geometry":{"type":"Point","coordinates":[-77.79938,38.73062]},"properties":{"id":"node/12324708397","name":"Taj Palace","group":"food","category":"amenity=restaurant","cuisine":"indian","website":"https://www.tajpalacetandoor.com/","housenumber":"251","street":"West Lee Highway","city":"Warrenton","postcode":"20186","tags":";indian;restaurant;"}},{"type":"Feature","geometry":{"type":"Point","coordinates":[-77.80396,38.72732]},"properties":{"id":"node/12324729729","name":"O'Brien's Irish Pub","group":"food","category":"amenity=bar","website":"https://obriensirishpubva.com/","housenumber":"380","street":"Broadview Avenue","city":"Warrenton","postcode":"20186","tags":";bar;"}},{"type":"Feature","geometry":{"type":"Point","coordinates":[-77.85611,38.86526]},"properties":{"id":"node/12326764387","name":"Blue Mountain Grill","group":"food","category":"amenity=restaurant","cuisine":"american","housenumber":"8349","street":"West Main Street","city":"Marshall","postcode":"20115","tags":";american;restaurant;"}},{"type":"Feature","geometry":{"type":"Point","coordinates":[-77.45039,38.94534]},"properties":{"id":"node/12474224731","name":"Rusty Taco","group":"food","category":"amenity=fast_food","tags":";fast_food;mexican;"}},{"type":"Feature","geometry":{"type":"Point","coordinates":[-77.3581,39.04081]},"properties":{"id":"node/12489018901","name":"Viet Kitchen Tea House","group":"food","category":"amenity=restaurant","tags":";restaurant;bubble_tea;wifi;"}},{"type":"Feature","geometry":{"type":"Point","coordinates":[-77.62558,38.80895]},"properties":{"id":"node/12499375201","name":"Byblos","group":"food","category":"amenity=restaurant","cuisine":"lebanese","phone":"+15714453716","website":"https://www.byblosgainesville.com/","housenumber":"6850","street":"Piedmont Center Plaza","postcode":"20155","tags":";lebanese;restaurant;"}},{"type":"Feature","geometry":{"type":"Point","coordinates":[-77.97812,38.91099]},"properties":{"id":"node/12534620777","name":"Elite Power and Energy Corporation","group":"groceries","category":"shop=supermarket","phone":"+1-703-339-2800","website":"https://elitepowerandenergycorp.com/","housenumber":"11420","street":"Pleasant Vale Rd","city":"Delaplane","postcode":"20144","tags":";supermarket;"}},{"type":"Feature","geometry":{"type":"Point","coordinates":[-77.44273,38.7671]},"properties":{"id":"node/12610634012","name":"Yoder's Dutch Delights","group":"food","category":"shop=pastry","website":"https://yodersdutchdelights.com/","housenumber":"9145","street":"Manassas Drive","city":"Manassas Park","postcode":"20111","tags":";pastry;"}},{"type":"Feature","geometry":{"type":"Point","coordinates":[-77.5167,38.79659]},"properties":{"id":"node/12885286001","name":"ASAP Cleaners","group":"services","category":"shop=dry_cleaning","tags":";dry_cleaning;"}},{"type":"Feature","geometry":{"type":"Point","coordinates":[-77.48726,39.03887]},"properties":{"id":"node/12997587101","name":"Bilstad's Beignets","group":"food","category":"amenity=cafe","hours":"Fr-Sa 07:30-14:00; Su 09:00-13:00","phone":"+1-703-483-2417","website":"https://bilstadsbeignets.com","housenumber":"20937","street":"Ashburn Road","tags":";cafe;wifi;"}},{"type":"Feature","geometry":{"type":"Point","coordinates":[-77.77426,38.86138]},"properties":{"id":"node/13057116775","name":"2Kyles","group":"food","category":"amenity=restaurant","tags":";restaurant;"}},{"type":"Feature","geometry":{"type":"Point","coordinates":[-77.45152,38.98581]},"properties":{"id":"node/13084683601","name":"Rentals Unlimited Inc","group":"services","category":"shop=rental","housenumber":"44783","street":"Old Ox Road","postcode":"20166","tags":";rental;"}},{"type":"Feature","geometry":{"type":"Point","coordinates":[-77.4447,38.94859]},"properties":{"id":"node/13096544801","name":"Etihad Airways Washington Lounge","group":"food","category":"amenity=bar","housenumber":"44815","street":"Bravo Road","tags":";bar;"}},{"type":"Feature","geometry":{"type":"Point","coordinates":[-77.49107,38.8828]},"properties":{"id":"node/13106654827","name":"Sluice","group":"shopping","category":"shop=collector","tags":";collector;"}},{"type":"Feature","geometry":{"type":"Point","coordinates":[-77.423,39.01914]},"properties":{"id":"node/13147256872","name":"ESOS Countertops & Cabinets","group":"shopping","category":"shop=floorer","website":"https://esossurfaces.com/","tags":";floorer;"}},{"type":"Feature","geometry":{"type":"Point","coordinates":[-77.44277,38.76717]},"properties":{"id":"node/13168333358","name":"Jooce","group":"food","category":"amenity=fast_food","cuisine":"juice","housenumber":"9143","street":"Manassas Drive","city":"Manassas Park","postcode":"20111","tags":";juice;fast_food;"}},{"type":"Feature","geometry":{"type":"Point","coordinates":[-77.44279,38.76723]},"properties":{"id":"node/13168333359","name":"Larcomar Cafe Lounge","group":"food","category":"amenity=cafe","cuisine":"peruvian","housenumber":"9141","street":"Manassas Drive","city":"Manassas Park","postcode":"20111","tags":";peruvian;cafe;"}},{"type":"Feature","geometry":{"type":"Point","coordinates":[-77.44264,38.76646]},"properties":{"id":"node/13168356603","name":"Nash & Smashed","group":"food","category":"amenity=fast_food","cuisine":"burger","housenumber":"9153","street":"Manassas Drive","city":"Manassas Park","postcode":"20111","tags":";burger;fast_food;"}},{"type":"Feature","geometry":{"type":"Point","coordinates":[-77.4431,38.76689]},"properties":{"id":"node/13168356837","name":"Kokee Tea","group":"food","category":"amenity=cafe","cuisine":"bubble_tea","housenumber":"119","street":"Market Street","city":"Manassas Park","postcode":"20111","tags":";bubble_tea;cafe;"}},{"type":"Feature","geometry":{"type":"Point","coordinates":[-77.443,38.76687]},"properties":{"id":"node/13168356838","name":"Lush Nail Bar","group":"personal_care","category":"shop=beauty","housenumber":"115","street":"Market Street","city":"Manassas Park","postcode":"20111","tags":";beauty;nails;"}},{"type":"Feature","geometry":{"type":"Point","coordinates":[-77.60719,38.78897]},"properties":{"id":"node/13193557563","name":"Hammer & Nails Grooming","group":"personal_care","category":"shop=beauty","housenumber":"13962","street":"Promenade Commons Street","city":"Gainesville","postcode":"20155","tags":";beauty;nails;"}},{"type":"Feature","geometry":{"type":"Point","coordinates":[-77.48753,39.0063]},"properties":{"id":"node/13243825024","name":"Invigue Medical Aesthetics and Wellness","group":"personal_care","category":"shop=beauty","hours":"Mo-Fr 09:00-18:00; Sa 09:00-14:00; Su off","website":"https://invigue.com","housenumber":"43777","street":"Central Station Drive","city":"Ashburn","postcode":"20147","tags":";beauty;"}},{"type":"Feature","geometry":{"type":"Point","coordinates":[-77.49929,38.96297]},"properties":{"id":"node/13375152159","name":"Ocelot Brewing Company","group":"food","category":"craft=brewery","hours":"Mo-Fr 13:00-22:00, Sa 11:00-22:00, Su 11:00-18:00","phone":"+1 703-665-2146","website":"https://www.ocelotbrewing.com/","housenumber":"23600","street":"Overland Drive","city":"Sterling","postcode":"20166","tags":";brewery;"}},{"type":"Feature","geometry":{"type":"Point","coordinates":[-77.49015,38.89539]},"properties":{"id":"node/13415378504","name":"Chairs & Affairs","group":"services","category":"shop=rental","website":"https://chairsnaffairs.com","street":"+1-8014740 Flint Lee Rd, Suite D0-692-0096","city":"Chantilly","postcode":"20151","tags":";rental;"}},{"type":"Feature","geometry":{"type":"Point","coordinates":[-77.77427,38.8623]},"properties":{"id":"node/13431256877","name":"Crest Hill Team Room","group":"food","category":"amenity=cafe","cuisine":"tea","phone":"+1-540-253-5790","website":"https://www.cresthillantiques.com/","housenumber":"6488","street":"Main Street","city":"The Plains","postcode":"20198","tags":";tea;cafe;"}},{"type":"Feature","geometry":{"type":"Point","coordinates":[-77.41667,39.02637]},"properties":{"id":"node/13475305897","name":"Karahi Boys","group":"food","category":"amenity=restaurant","cuisine":"pakistani","website":"https://karahiboys.com/","housenumber":"21292","street":"Windmill Parc Drive","city":"Sterling","postcode":"20166","tags":";pakistani;restaurant;halal;"}},{"type":"Feature","geometry":{"type":"Point","coordinates":[-77.44991,38.74221]},"properties":{"id":"node/13477831782","name":"Chili On Top","group":"food","category":"amenity=fast_food","cuisine":"mexican","housenumber":"9805","street":"Liberia Avenue","city":"Manassas","postcode":"20110","tags":";mexican;fast_food;"}},{"type":"Feature","geometry":{"type":"Point","coordinates":[-77.44995,38.74202]},"properties":{"id":"node/13477831784","name":"East Coast Wings + Grill","group":"food","category":"amenity=restaurant","cuisine":"american","housenumber":"9805","street":"Liberia Avenue","city":"Manassas","postcode":"20110","tags":";american;restaurant;chicken;"}},{"type":"Feature","geometry":{"type":"Point","coordinates":[-77.45003,38.74167]},"properties":{"id":"node/13477831791","name":"Manassas Nutrition Corner","group":"groceries","category":"shop=nutrition_supplements","housenumber":"9825","street":"Liberia Avenue","city":"Manassas","postcode":"20110","tags":";nutrition_supplements;"}},{"type":"Feature","geometry":{"type":"Point","coordinates":[-77.45004,38.74161]},"properties":{"id":"node/13477831792","name":"Elegance Nails & Day Spa","group":"personal_care","category":"shop=beauty","housenumber":"9825","street":"Liberia Avenue","city":"Manassas","postcode":"20110","tags":";beauty;nails;spa;"}},{"type":"Feature","geometry":{"type":"Point","coordinates":[-77.99911,38.83104]},"properties":{"id":"node/13502299284","name":"Remnant Farm Store","group":"shopping","category":"shop=agrarian","hours":"Su-Tu closed, We-Fr 10:00-17:00, Sa 09:00-17:00","phone":"+1-571-288-9392","website":"https://remnantfarmstore.com/","housenumber":"5047","street":"Leeds Manor Road","city":"Hume","postcode":"22639","tags":";agrarian;"}},{"type":"Feature","geometry":{"type":"Point","coordinates":[-77.49994,38.96423]},"properties":{"id":"node/13535383034","name":"My Tire and Auto Center","group":"services","category":"shop=car_repair","phone":"+1-571-601-3435","website":"https://mytire.us","housenumber":"23585","street":"Overland Drive","city":"Sterling","postcode":"20161","tags":";car_repair;tyres;"}},{"type":"Feature","geometry":{"type":"Point","coordinates":[-77.40798,39.03639]},"properties":{"id":"node/13588451502","name":"Mehfil Indian Restaurant & Bar","group":"food","category":"amenity=restaurant","cuisine":"indian","hours":"Tu-Su 11:00-15:00, 16:00-22:00","phone":"+1 571-375-7740","website":"https://mehfilva.com/","housenumber":"45999 Suite 150","street":"Pigeon Drive","postcode":"20165","menu":"https://mehfilva.com/menu","tags":";indian;restaurant;"}},{"type":"Feature","geometry":{"type":"Point","coordinates":[-77.91408,38.72696]},"properties":{"id":"node/13610982901","name":"Living Pastures Farm","group":"groceries","category":"shop=farm","hours":"Fr-Sa 13:00-17:00","housenumber":"9577","street":"Cliff Mills Road","tags":";farm;"}},{"type":"Feature","geometry":{"type":"Point","coordinates":[-77.60226,38.80381]},"properties":{"id":"node/13631039367","name":"Time 4 Bagels Cafe","group":"food","category":"amenity=fast_food","cuisine":"bagel;coffee_shop","phone":"+1-571-284-5238","website":"https://www.time4bagels.com/","housenumber":"7945","street":"Heritage Village Plaza","city":"Gainesville","postcode":"20155","tags":";bagel;coffee_shop;fast_food;"}},{"type":"Feature","geometry":{"type":"Point","coordinates":[-77.45363,38.77236]},"properties":{"id":"node/13702422577","name":"Catalog Thrift & Beyond","group":"shopping","category":"shop=second_hand","hours":"Su 11:00-19:00, Mo-Sa 10:00-20:00","phone":"+1-703-828-1400","website":"https://catalogthriftandbeyond.com/","housenumber":"8492","street":"Centreville Road","city":"Manassas","postcode":"20111","tags":";second_hand;"}},{"type":"Feature","geometry":{"type":"Point","coordinates":[-77.45849,38.75418]},"properties":{"id":"node/13718779075","name":"Atlantic Sun Control, Inc.","group":"services","category":"shop=window_tinting","housenumber":"8621","street":"Quarry Road","city":"Manassas","postcode":"20110","tags":";window_tinting;"}},{"type":"Feature","geometry":{"type":"Point","coordinates":[-77.40724,39.03463]},"properties":{"id":"node/13726510137","name":"Quickway Japanese Hibachi","group":"food","category":"amenity=restaurant","hours":"Mo-Sa 11:00-22:00; Su 11:00-21:00","housenumber":"21031","street":"Tripleseven Road","tags":";restaurant;japanese;"}},{"type":"Feature","geometry":{"type":"Point","coordinates":[-77.47263,38.91823]},"properties":{"id":"node/13738262897","name":"Henry Auto Interior Repair","group":"services","category":"shop=car_repair","hours":"Mo-Sa 10:00-20:00","phone":"+1-571-269-6676","housenumber":"44208","street":"Wade Drive","city":"Chantilly","postcode":"20152","tags":";car_repair;"}},{"type":"Feature","geometry":{"type":"Point","coordinates":[-77.44915,38.7435]},"properties":{"id":"node/13742589063","name":"Honey Pig Hot Pot + Korean BBQ","group":"food","category":"amenity=restaurant","cuisine":"hotpot;korean;barbecue","housenumber":"9765","street":"Liberia Avenue","city":"Manassas","postcode":"20110","tags":";hotpot;korean;barbecue;restaurant;"}},{"type":"Feature","geometry":{"type":"Point","coordinates":[-77.43089,39.00705]},"properties":{"id":"node/13746445179","name":"Goodwill Greater Washington","group":"groceries","category":"shop=variety_store","hours":"Mo-Sa 10:00-20:00; Su 10:00-18:00","tags":";variety_store;"}},{"type":"Feature","geometry":{"type":"Point","coordinates":[-77.4934,39.01539]},"properties":{"id":"node/13816384082","name":"DuVonn Hair Salon","group":"personal_care","category":"shop=salon","hours":"Tu-Fr 10:00-18:00; Sa 09:00-18:00; Su 10:00-17:00","phone":"+1-571-291-3407","tags":";salon;"}},{"type":"Feature","geometry":{"type":"Point","coordinates":[-77.49342,39.01534]},"properties":{"id":"node/13816384083","name":"Horus Jewelry","group":"shopping","category":"shop=jewelry","hours":"Su 14:00-20:00; Mo-Sa 11:00-18:00","phone":"+1-703-973-5315","tags":";jewelry;"}},{"type":"Feature","geometry":{"type":"Point","coordinates":[-77.49343,39.01529]},"properties":{"id":"node/13816384084","name":"Nail Garden Spa","group":"personal_care","category":"shop=beauty","hours":"Su 11:00-17:00; Mo-Fr 10:00-20:00; Sa 09:00-19:00","phone":"+1-703-726-9890","tags":";beauty;nails;spa;"}},{"type":"Feature","geometry":{"type":"Point","coordinates":[-77.49353,39.01523]},"properties":{"id":"node/13816384085","name":"In & Out Market","group":"groceries","category":"shop=convenience","tags":";convenience;"}},{"type":"Feature","geometry":{"type":"Point","coordinates":[-77.44302,38.76776]},"properties":{"id":"node/13831953712","name":"City Kabob","group":"food","category":"amenity=fast_food","cuisine":"kebab","housenumber":"9117","street":"Manassas Drive","city":"Manassas Park","postcode":"20111","tags":";kebab;fast_food;"}},{"type":"Feature","geometry":{"type":"Point","coordinates":[-77.48766,39.04458]},"properties":{"id":"node/13872631238","name":"Amazing Brows","group":"personal_care","category":"shop=beauty","hours":"Mo-Sa 10:00-18:00; Su 11:00-18:00","phone":"+1 571-617-8727","housenumber":"20693","street":"Ashburn Road","city":"Ashburn","postcode":"20147","tags":";beauty;lashes_brows;"}},{"type":"Feature","geometry":{"type":"Point","coordinates":[-77.48783,39.04466]},"properties":{"id":"node/13872631239","name":"Crafted","group":"groceries","category":"shop=alcohol","housenumber":"20693","street":"Ashburn Road","city":"Ashburn","postcode":"20147","tags":";alcohol;"}},{"type":"Feature","geometry":{"type":"Point","coordinates":[-77.48787,39.04469]},"properties":{"id":"node/13872631240","name":"Wyrd Ryds","group":"shopping","category":"shop=bicycle","hours":"Tu-Sa 11:30-18:30","website":"https://www.wyrdryds.com","housenumber":"20693","street":"Ashburn Road","city":"Ashburn","postcode":"20147","tags":";bicycle;"}},{"type":"Feature","geometry":{"type":"Point","coordinates":[-77.48792,39.04479]},"properties":{"id":"node/13872631241","name":"Rain Salon","group":"personal_care","category":"shop=hairdresser","housenumber":"20691","street":"Ashburn Road","city":"Ashburn","postcode":"20147","tags":";hairdresser;"}},{"type":"Feature","geometry":{"type":"Point","coordinates":[-77.48788,39.04491]},"properties":{"id":"node/13872631242","name":"Abbey's Nails","group":"personal_care","category":"shop=beauty","hours":"Mo-Sa 10:00-18:00; Su 11:00-17:00","phone":"+1 703-723-6527","housenumber":"20691","street":"Ashburn Road","city":"Ashburn","postcode":"20147","tags":";beauty;nails;"}},{"type":"Feature","geometry":{"type":"Point","coordinates":[-77.48784,39.04503]},"properties":{"id":"node/13872631243","name":"Pizza Twist","group":"food","category":"amenity=restaurant","cuisine":"pizza","phone":"+1 703-687-4447","website":"https://pizzatwist.com/locations/best-pizza-in-ashburn-va","housenumber":"20691","street":"Ashburn Road","city":"Ashburn","postcode":"20147","tags":";pizza;restaurant;"}},{"type":"Feature","geometry":{"type":"Point","coordinates":[-77.48779,39.04514]},"properties":{"id":"node/13872631244","name":"Carpet Decor Inc.","group":"shopping","category":"shop=carpet","hours":"Mo-Fr 10:00-19:00; Sa 11:00-19:00; Su 12:00-17:00","phone":"+1 571-223-2004","housenumber":"20691","street":"Ashburn Road","city":"Ashburn","postcode":"20147","tags":";carpet;"}},{"type":"Feature","geometry":{"type":"Point","coordinates":[-77.54017,38.93644]},"properties":{"id":"node/13892234401","name":"Somac Korean Fusion Bar & Grill","group":"food","category":"amenity=restaurant","cuisine":"korean","website":"http://somac.menu11.com/chantilly/order","housenumber":"24640","street":"Southpoint Drive","postcode":"20152","tags":";korean;restaurant;"}},{"type":"Feature","geometry":{"type":"Point","coordinates":[-77.4522,38.77722]},"properties":{"id":"node/13954178442","name":"Hunan Gourmet","group":"food","category":"amenity=restaurant","cuisine":"chinese","hours":"Mo-Su 10:00-21:00","phone":"+17033307885","website":"https://hunangourmetva.com/","housenumber":"8273","street":"Shoppers Square","city":"Manassas","postcode":"20111","tags":";chinese;restaurant;"}},{"type":"Feature","geometry":{"type":"Point","coordinates":[-77.49209,39.01028]},"properties":{"id":"node/13966315990","name":"Nava Health","group":"groceries","category":"shop=nutrition_supplements","hours":"Mo,Th-Fr 08:00-17:00; Tu,Sa-Su off; We 09:00-18:00","housenumber":"43670","street":"Greenway Corporate Drive","tags":";nutrition_supplements;"}},{"type":"Feature","geometry":{"type":"Point","coordinates":[-77.49204,39.0102]},"properties":{"id":"node/13966315991","name":"Ryan Park Barber","group":"personal_care","category":"shop=hairdresser","hours":"Mo-Fr 09:00-19:00; Sa 08:30-17:00; Su 09:00-17:00","phone":"+1 571-291-3286","housenumber":"43670","street":"Greenway Corporate Drive","tags":";hairdresser;barber;"}},{"type":"Feature","geometry":{"type":"Point","coordinates":[-77.49193,39.01012]},"properties":{"id":"node/13966315992","name":"Sakura Grill","group":"food","category":"amenity=restaurant","cuisine":"asian","hours":"Mo off; Tu-Th 11:00-21:30; Fr-Sa 11:00-22:00; Su 12:00-21:00","housenumber":"43670","street":"Greenway Corporate Drive","tags":";asian;restaurant;"}},{"type":"Feature","geometry":{"type":"Point","coordinates":[-77.49186,39.01005]},"properties":{"id":"node/13966315993","name":"Divine Nails Spa","group":"personal_care","category":"shop=beauty","hours":"Mo-Fr 10:00-20:00; Sa 09:00-19:00; Su 11:00-17:00","phone":"+1 703-726-0472","housenumber":"43670","street":"Greenway Corporate Drive","tags":";beauty;nails;spa;"}},{"type":"Feature","geometry":{"type":"Point","coordinates":[-77.49174,39.00997]},"properties":{"id":"node/13966315995","name":"4 Sisters","group":"food","category":"amenity=restaurant","cuisine":"asian","hours":"Mo,We-Sa 11:30-19:00; Tu off; Su 11:30-18:00","housenumber":"43670","street":"Greenway Corporate Drive","tags":";asian;restaurant;"}},{"type":"Feature","geometry":{"type":"Point","coordinates":[-77.4917,39.00994]},"properties":{"id":"node/13966315996","name":"Way back Burger","group":"food","category":"amenity=fast_food","cuisine":"burger","hours":"Mo-Sa 11:00-21:00; Su 12:00-21:00","housenumber":"43670","street":"Greenway Corporate Drive","tags":";burger;fast_food;"}},{"type":"Feature","geometry":{"type":"Point","coordinates":[-77.49167,39.0099]},"properties":{"id":"node/13966315997","name":"Thaitan","group":"food","category":"amenity=restaurant","cuisine":"thai","hours":"11:00-21:00","housenumber":"43670","street":"Greenway Corporate Drive","tags":";thai;restaurant;"}},{"type":"Feature","geometry":{"type":"Point","coordinates":[-77.60313,38.80356]},"properties":{"id":"node/13974587202","name":"Massage Lotus","group":"personal_care","category":"shop=massage","hours":"Mo-Su 10:00-21:00","website":"https://www.massagelotusva.com/","housenumber":"7130","street":"Heritage Village Plaza","postcode":"20155","tags":";massage;"}},{"type":"Feature","geometry":{"type":"Point","coordinates":[-77.6397,38.84489]},"properties":{"id":"node/13998150188","name":"Divine Nail Spa","group":"personal_care","category":"shop=beauty","hours":"24/7","phone":"+1-703-753-5586","housenumber":"5461","street":"Merchants View Square","city":"Haymarket","postcode":"20169","tags":";beauty;nails;spa;"}},{"type":"Feature","geometry":{"type":"Point","coordinates":[-77.43767,39.00594]},"properties":{"id":"node/13998611604","name":"The Difference Baker","group":"food","category":"shop=bakery","hours":"Mo-Th 09:00-19:00; Fr 09:00-18:00; Sa 09:00-17:00; Su 09:00-16:00","housenumber":"22000","street":"Dulles Retail Plaza","tags":";bakery;"}},{"type":"Feature","geometry":{"type":"Point","coordinates":[-77.41027,38.97642]},"properties":{"id":"node/14001013963","name":"Chandler & Sons Automotive","group":"services","category":"shop=car_repair","hours":"Mo-Fr 07:00-18:00; Sa 08:00-14:00; Su off","phone":"+1 703-437-7300","housenumber":"45977","street":"Old Ox Road","tags":";car_repair;"}},{"type":"Feature","geometry":{"type":"Point","coordinates":[-77.60699,38.7921]},"properties":{"id":"node/14074999427","name":"honeygrow","group":"food","category":"amenity=restaurant","cuisine":"asian","hours":"Mo-Su 10:30-22:00","phone":"+1 571 636 9040","housenumber":"5063","street":"Wellington Road","city":"Gainesville","postcode":"20155","tags":";asian;restaurant;takeout;outdoor_seating;"}},{"type":"Feature","geometry":{"type":"Point","coordinates":[-77.50696,38.74144]},"properties":{"id":"node/14084814418","name":"St Joseph's Roofing Inc","group":"services","category":"craft=roofer","hours":"Mo-Fr 09:00-17:00","phone":"+1-703-716-7663","website":"https://sjroof.com/","housenumber":"10494","street":"Business Center Court","city":"Manassas","postcode":"20110","tags":";roofer;"}},{"type":"Feature","geometry":{"type":"Point","coordinates":[-77.42401,39.03244]},"properties":{"id":"node/14125085745","name":"BASK Gel-x Nail Bar","group":"personal_care","category":"shop=beauty","hours":"Tu-Fr 12:00-19:00; Sa 11:00-18:00; Su 11:00-17:00","phone":"+1-703-957-9468","website":"https://www.baskwithus.com","housenumber":"21100","street":"Dulles Town Circle","city":"Dulles","postcode":"20166","tags":";beauty;nails;"}},{"type":"Feature","geometry":{"type":"Point","coordinates":[-77.62573,38.80846]},"properties":{"id":"node/14135761106","name":"Mystic Flow Wellness center","group":"personal_care","category":"shop=beauty","street":"Piedmont Center Plaza","tags":";beauty;"}},{"type":"Feature","geometry":{"type":"Point","coordinates":[-77.62573,38.80846]},"properties":{"id":"node/14135766701","name":"Mystic Flow Wellness center","group":"personal_care","category":"shop=beauty","website":"http://www.mysticflowwellnesscenter.com/","street":"Piedmont Center Plaza","postcode":"20155","tags":";beauty;"}},{"type":"Feature","geometry":{"type":"Point","coordinates":[-77.45106,38.94553]},"properties":{"id":"node/14159386001","name":"Clydes","group":"food","category":"amenity=bar","tags":";bar;"}},{"type":"Feature","geometry":{"type":"Point","coordinates":[-77.79921,38.73016]},"properties":{"id":"node/14167987913","name":"Faang","group":"food","category":"amenity=restaurant","cuisine":"thai","housenumber":"251","street":"West Lee Highway","city":"Warrenton","postcode":"20186","tags":";thai;restaurant;"}},{"type":"Feature","geometry":{"type":"Point","coordinates":[-77.79907,38.72998]},"properties":{"id":"node/14167987915","name":"Chicken 4U Korean Fried Chicken","group":"food","category":"amenity=fast_food","cuisine":"chicken;korean","housenumber":"251","street":"West Lee Highway","city":"Warrenton","postcode":"20186","tags":";chicken;korean;fast_food;"}},{"type":"Feature","geometry":{"type":"Point","coordinates":[-77.79938,38.72904]},"properties":{"id":"node/14167987919","name":"American Threading Plus","group":"personal_care","category":"shop=beauty","housenumber":"251","street":"West Lee Highway","city":"Warrenton","postcode":"20186","tags":";beauty;"}},{"type":"Feature","geometry":{"type":"Point","coordinates":[-77.7999,38.73002]},"properties":{"id":"node/14168107647","name":"Nova Hemp","group":"shopping","category":"shop=cannabis","housenumber":"251","street":"West Lee Highway","city":"Warrenton","postcode":"20186","tags":";cannabis;"}},{"type":"Feature","geometry":{"type":"Point","coordinates":[-77.79972,38.73005]},"properties":{"id":"node/14168107648","name":"The Game Store","group":"shopping","category":"shop=video_games","housenumber":"251","street":"West Lee Highway","city":"Warrenton","postcode":"20186","tags":";video_games;games;"}},{"type":"Feature","geometry":{"type":"Point","coordinates":[-77.80016,38.73067]},"properties":{"id":"node/14168107649","name":"PR@Partners","group":"personal_care","category":"shop=hairdresser","phone":"+1-540-349-1255","website":"https://www.pratpartners.com/locations/warrenton/","housenumber":"251","street":"West Lee Highway","city":"Warrenton","postcode":"20186","tags":";hairdresser;"}},{"type":"Feature","geometry":{"type":"Point","coordinates":[-77.8002,38.73082]},"properties":{"id":"node/14168107650","name":"TK Nails","group":"personal_care","category":"shop=beauty","housenumber":"251","street":"West Lee Highway","city":"Warrenton","postcode":"20186","tags":";beauty;nails;"}},{"type":"Feature","geometry":{"type":"Point","coordinates":[-77.84892,38.86318]},"properties":{"id":"node/14170325468","name":"Noah's Ark Thrift Store","group":"shopping","category":"shop=second_hand","housenumber":"4199","street":"Winchester Road","city":"Marshall","postcode":"20115","tags":";second_hand;"}},{"type":"Feature","geometry":{"type":"Point","coordinates":[-77.8491,38.86307]},"properties":{"id":"node/14170325471","name":"L Nails","group":"personal_care","category":"shop=beauty","phone":"+1-540-364-8006","housenumber":"4199","street":"Winchester Road","city":"Marshall","postcode":"20115","tags":";beauty;nails;"}},{"type":"Feature","geometry":{"type":"Point","coordinates":[-77.84947,38.86362]},"properties":{"id":"node/14170342431","name":"Fox Hunt Cleaners","group":"services","category":"shop=dry_cleaning","housenumber":"4197","street":"Winchester Road","city":"Marshall","postcode":"20115","tags":";dry_cleaning;"}},{"type":"Feature","geometry":{"type":"Point","coordinates":[-77.84932,38.8635]},"properties":{"id":"node/14170342433","name":"Tobacco Hut","group":"shopping","category":"shop=tobacco","housenumber":"4197","street":"Winchester Road","city":"Marshall","postcode":"20115","tags":";tobacco;"}},{"type":"Feature","geometry":{"type":"Point","coordinates":[-77.80668,38.7212]},"properties":{"id":"node/14170608103","name":"Snoozhouse","group":"shopping","category":"shop=furniture","website":"https://snoozhouse.com/","housenumber":"144","street":"Broadview Avenue","city":"Warrenton","postcode":"20186","tags":";furniture;"}},{"type":"Feature","geometry":{"type":"Point","coordinates":[-77.80454,38.72579]},"properties":{"id":"node/14170640582","name":"Piedmont Motors Service","group":"services","category":"shop=car_repair","website":"https://www.piedmontmotors.com/docs/service.html","tags":";car_repair;"}},{"type":"Feature","geometry":{"type":"Point","coordinates":[-77.48731,39.00652]},"properties":{"id":"node/14185868537","name":"Hawaii Fluid Art","group":"shopping","category":"shop=art","tags":";art;"}},{"type":"Feature","geometry":{"type":"Point","coordinates":[-77.44465,38.98449]},"properties":{"id":"node/14211695030","name":"Luxe Auto Studio","group":"services","category":"shop=car_repair","hours":"Mo-Fr 09:00-18:00, Sa 09:00-15:00, Su closed","website":"https://www.luxeautostudio.com/","housenumber":"101","street":"Executive Dr Ste D","city":"Sterling","postcode":"20166","tags":";car_repair;"}},{"type":"Feature","geometry":{"type":"Point","coordinates":[-77.46076,38.75385]},"properties":{"id":"node/14226953405","name":"Regal Maid Service - Manassas and Prince William","group":"services","category":"craft=cleaning","hours":"Mo-Fr 08:00-17:00","phone":"+1-571-292-1071","website":"https://regalmaidservice.com/manassas-home-cleaning-services/","housenumber":"8737","street":"8737 Quarry Rd Unit 201,","city":"Manassas","postcode":"20110","tags":";cleaning;"}},{"type":"Feature","geometry":{"type":"Point","coordinates":[-77.41331,39.03778]},"properties":{"id":"node/14232441193","name":"Grace and Glow Esthetics","group":"personal_care","category":"shop=beauty","website":"https://www.graceandglowestheticsllc.com/","housenumber":"2","street":"Pidgeon Hill Drive","city":"Sterling","postcode":"20165","tags":";beauty;"}},{"type":"Feature","geometry":{"type":"Point","coordinates":[-77.3956,39.02355]},"properties":{"id":"node/14232644102","name":"Poke Sushi Bowl","group":"food","category":"amenity=restaurant","cuisine":"sushi","website":"http://www.pokesushibowlva.com/","housenumber":"21435","street":"Epicerie Plaza","city":"Sterling","postcode":"20164","tags":";sushi;restaurant;"}},{"type":"Feature","geometry":{"type":"Point","coordinates":[-77.39564,39.02357]},"properties":{"id":"node/14232644103","name":"Jon's Joint","group":"food","category":"amenity=fast_food","cuisine":"burger","website":"http://jonsjoint.com/","housenumber":"21435","street":"Epicerie Plaza","city":"Sterling","postcode":"20164","tags":";burger;fast_food;"}},{"type":"Feature","geometry":{"type":"Point","coordinates":[-77.39514,39.02329]},"properties":{"id":"node/14232644104","name":"Caffeol Coffee","group":"food","category":"amenity=cafe","cuisine":"coffee_shop","website":"https://caffeolcoffee.com/pages/contact","housenumber":"46380","street":"Rilassare Terrace","city":"Sterling","postcode":"20164","tags":";coffee_shop;cafe;"}},{"type":"Feature","geometry":{"type":"Point","coordinates":[-77.39457,39.02328]},"properties":{"id":"node/14232644106","name":"Metro Nail Salon Sterling VA","group":"personal_care","category":"shop=beauty","website":"https://metronailsterling.com/services","housenumber":"21435","street":"Epicerie Plaza","city":"Sterling","postcode":"20164","tags":";beauty;nails;"}},{"type":"Feature","geometry":{"type":"Point","coordinates":[-77.44563,39.05788]},"properties":{"id":"node/14235923798","name":"Authors Ice Creams & Coffee","group":"food","category":"amenity=ice_cream","housenumber":"44933","street":"George Washington Boulevard","tags":";ice_cream;coffee_shop;"}},{"type":"Feature","geometry":{"type":"Point","coordinates":[-77.44524,39.05772]},"properties":{"id":"node/14235923800","name":"CIY Pottery","group":"shopping","category":"shop=pottery","hours":"Mo-Fr 10:00-21:00; Sa 10:00-17:00; Su off","housenumber":"44933","street":"George Washington Boulevard","tags":";pottery;"}},{"type":"Feature","geometry":{"type":"Point","coordinates":[-77.44498,39.05786]},"properties":{"id":"node/14235946882","name":"Sew Magarbo","group":"shopping","category":"shop=sewing","website":"https://sewmagarbo.com","housenumber":"44933","street":"George Washington Boulevard","tags":";sewing;"}},{"type":"Feature","geometry":{"type":"Point","coordinates":[-77.44526,39.05811]},"properties":{"id":"node/14235946884","name":"iConnect","group":"services","category":"craft=electronics_repair","phone":"+1 703-893-0034","housenumber":"44933","street":"George Washington Boulevard","tags":";electronics_repair;"}},{"type":"Feature","geometry":{"type":"Point","coordinates":[-77.44631,39.05828]},"properties":{"id":"node/14235998988","name":"Fountain Grill","group":"food","category":"amenity=restaurant","housenumber":"44927","street":"George Washington Boulevard","tags":";restaurant;"}},{"type":"Feature","geometry":{"type":"Point","coordinates":[-77.44652,39.05836]},"properties":{"id":"node/14235998989","name":"Potomac Taphouse","group":"food","category":"amenity=bar","hours":"Mo-Th,Su 11:00-22:00; Fr-Sa 11:00-23:00","housenumber":"44921","street":"George Washington Boulevard","tags":";bar;"}},{"type":"Feature","geometry":{"type":"Point","coordinates":[-77.44664,39.05842]},"properties":{"id":"node/14235998990","name":"Looney's Tile & Grout","group":"shopping","category":"shop=kitchen","phone":"+1 703-999-1933","housenumber":"44921","street":"George Washington Boulevard","tags":";kitchen;"}},{"type":"Feature","geometry":{"type":"Point","coordinates":[-77.44666,39.05862]},"properties":{"id":"node/14235998991","name":"Xaymaca Fusion Kitchen","group":"food","category":"amenity=restaurant","hours":"Mo-Th 16:00-21:00; Fr 11:00-22:00; Sa 11:00-23:00; Su 10:00-20:00","housenumber":"44921","street":"George Washington Boulevard","tags":";restaurant;"}},{"type":"Feature","geometry":{"type":"Point","coordinates":[-77.44691,39.05858]},"properties":{"id":"node/14235998992","name":"Parlor 23","group":"personal_care","category":"shop=hairdresser","housenumber":"44921","street":"George Washington Boulevard","tags":";hairdresser;"}},{"type":"Feature","geometry":{"type":"Point","coordinates":[-77.44697,39.05851]},"properties":{"id":"node/14235998993","name":"Diventures","group":"shopping","category":"shop=scuba_diving","phone":"+1 703-421-3483","housenumber":"44921","street":"George Washington Boulevard","tags":";scuba_diving;"}},{"type":"Feature","geometry":{"type":"Point","coordinates":[-77.44712,39.05825]},"properties":{"id":"node/14235998995","name":"K&M Hair Lounge","group":"personal_care","category":"shop=hairdresser","housenumber":"44921","street":"George Washington Boulevard","tags":";hairdresser;"}},{"type":"Feature","geometry":{"type":"Point","coordinates":[-77.44621,39.05795]},"properties":{"id":"node/14235998999","name":"SaladMaster","group":"food","category":"amenity=restaurant","housenumber":"44927","street":"George Washington Boulevard","tags":";restaurant;"}},{"type":"Feature","geometry":{"type":"Point","coordinates":[-77.44613,39.0579]},"properties":{"id":"node/14235999000","name":"Dana's Tailoring","group":"services","category":"shop=tailor","housenumber":"44927","street":"George Washington Boulevard","tags":";tailor;"}},{"type":"Feature","geometry":{"type":"Point","coordinates":[-77.44615,39.05792]},"properties":{"id":"node/14236017908","name":"E Skin Forte","group":"personal_care","category":"shop=beauty","phone":"+1 571-420-0035","website":"https://www.eskinforte.com","housenumber":"44927","street":"George Washington Boulevard","tags":";beauty;"}},{"type":"Feature","geometry":{"type":"Point","coordinates":[-77.44621,39.05794]},"properties":{"id":"node/14236017910","name":"Loudoun Mind & Body","group":"personal_care","category":"shop=massage","phone":"+1 703-939-5794","housenumber":"44927","street":"George Washington Boulevard","tags":";massage;"}},{"type":"Feature","geometry":{"type":"Point","coordinates":[-77.44482,38.98644]},"properties":{"id":"node/14243147126","name":"Air Duct Cleaning Dulles VA","group":"services","category":"craft=cleaning","hours":"24/7","phone":"+1 (571) 240-0877","website":"https://www.airductcleaningdullesva.com/","housenumber":"110","street":"Executive Drive","city":"Sterling","postcode":"20166","tags":";cleaning;"}},{"type":"Feature","geometry":{"type":"Point","coordinates":[-77.4095,39.03618]},"properties":{"id":"way/45001176","name":"Taco Bell / KFC","group":"food","category":"amenity=fast_food","phone":"+1 703-450-7808","website":"https://locations.tacobell.com/va/sterling/45960-denizen-plaza-road.html","housenumber":"45960","street":"Denizen Plaza","city":"Sterling","postcode":"20165","tags":";fast_food;mexican;"}},{"type":"Feature","geometry":{"type":"Point","coordinates":[-77.40887,39.03297]},"properties":{"id":"way/45001178","name":"Plaza Azteca","group":"food","category":"amenity=restaurant","cuisine":"mexican","housenumber":"45990","street":"Waterview Plaza","tags":";mexican;restaurant;"}},{"type":"Feature","geometry":{"type":"Point","coordinates":[-77.41359,39.03862]},"properties":{"id":"way/45065829","name":"Countryside Service Center","group":"services","category":"shop=car_repair","housenumber":"1","street":"Pidgeon Hill Drive","city":"Sterling","postcode":"20165","tags":";car_repair;"}},{"type":"Feature","geometry":{"type":"Point","coordinates":[-77.41325,39.03919]},"properties":{"id":"way/45065831","name":"Casa Tequila Bar & Grill Sterling","group":"food","category":"amenity=restaurant","cuisine":"mexican","housenumber":"7","street":"Pidgeon Hill Drive","city":"Sterling","postcode":"20165","tags":";mexican;restaurant;"}},{"type":"Feature","geometry":{"type":"Point","coordinates":[-77.51765,38.78557]},"properties":{"id":"way/45572756","name":"Vinny\u2019s New York Pizza","group":"food","category":"amenity=restaurant","cuisine":"pizza","housenumber":"11674","street":"Sudley Manor Drive","city":"Manassas","postcode":"20109","tags":";pizza;restaurant;"}},{"type":"Feature","geometry":{"type":"Point","coordinates":[-77.51279,38.79054]},"properties":{"id":"way/45574350","name":"A.C. Moore (5/5/19-Going out of business)","group":"shopping","category":"shop=craft","housenumber":"7673","street":"Sudley Road","city":"Manassas","postcode":"20109","tags":";craft;"}},{"type":"Feature","geometry":{"type":"Point","coordinates":[-77.60992,38.79593]},"properties":{"id":"way/45578489","name":"Shotted Cafe","group":"food","category":"amenity=cafe","cuisine":"coffee_shop","website":"https://www.shottedcoffee.com/","housenumber":"7380","street":"Atlas Walk Way","city":"Gainesville","postcode":"20155","tags":";coffee_shop;cafe;outdoor_seating;"}},{"type":"Feature","geometry":{"type":"Point","coordinates":[-77.61011,38.79542]},"properties":{"id":"way/45578502","name":"Rockwood","group":"food","category":"amenity=restaurant","cuisine":"american","hours":"Mo-Fr 11:30-22:00; Sa-Su 11:00-22:00","phone":"+1-703-743-9080","website":"https://www.rockwoodva.com","housenumber":"7505","street":"Iron Bar Lane","city":"Gainesville","postcode":"20155","tags":";american;restaurant;"}},{"type":"Feature","geometry":{"type":"Point","coordinates":[-77.60966,38.79556]},"properties":{"id":"way/45578525","name":"The Qui","group":"food","category":"amenity=restaurant","cuisine":"korean","website":"https://thequikoreanbbq.com/","housenumber":"7390","street":"Atlas Walk Way","city":"Gainesville","postcode":"20155","tags":";korean;restaurant;"}},{"type":"Feature","geometry":{"type":"Point","coordinates":[-77.52367,38.79943]},"properties":{"id":"way/45608084","name":"Reines RV","group":"shopping","category":"shop=car","tags":";car;"}},{"type":"Feature","geometry":{"type":"Point","coordinates":[-77.4627,38.76172]},"properties":{"id":"way/45759445","name":"Nathan's Ice Cream","group":"food","category":"amenity=ice_cream","tags":";ice_cream;"}},{"type":"Feature","geometry":{"type":"Point","coordinates":[-77.46674,38.75845]},"properties":{"id":"way/45759547","name":"Fiest Super Market","group":"groceries","category":"shop=supermarket","tags":";supermarket;"}},{"type":"Feature","geometry":{"type":"Point","coordinates":[-77.46723,38.75773]},"properties":{"id":"way/45759550","name":"Molcajete Moya","group":"food","category":"amenity=restaurant","cuisine":"mexican","tags":";mexican;restaurant;"}},{"type":"Feature","geometry":{"type":"Point","coordinates":[-77.46659,38.75867]},"properties":{"id":"way/45759554","name":"Neda Jewelers","group":"shopping","category":"shop=jewelry","tags":";jewelry;"}},{"type":"Feature","geometry":{"type":"Point","coordinates":[-77.45927,38.76085]},"properties":{"id":"way/45759643","name":"Sheehy Nissan of Manassas","group":"shopping","category":"shop=car","housenumber":"9010","street":"Liberia Avenue","city":"Manassas","postcode":"20110","tags":";car;"}},{"type":"Feature","geometry":{"type":"Point","coordinates":[-77.46028,38.76251]},"properties":{"id":"way/45759644","name":"Mi Casita","group":"food","category":"amenity=restaurant","cuisine":"mexican","housenumber":"8828","street":"Centreville Road","city":"Manassas","postcode":"20110","tags":";mexican;restaurant;"}},{"type":"Feature","geometry":{"type":"Point","coordinates":[-77.50874,38.78032]},"properties":{"id":"way/45759834","name":"Hibachi Buffet & Sushi","group":"food","category":"amenity=restaurant","cuisine":"chinese;sushi","housenumber":"8121","street":"Sudley Road","city":"Manassas","postcode":"20109","tags":";chinese;sushi;restaurant;japanese;"}},{"type":"Feature","geometry":{"type":"Point","coordinates":[-77.5121,38.7852]},"properties":{"id":"way/45760157","name":"Store-All Self Storage","group":"services","category":"shop=storage_rental","housenumber":"7909","street":"Sudley Road","city":"Manassas","postcode":"20109","tags":";storage_rental;"}},{"type":"Feature","geometry":{"type":"Point","coordinates":[-77.45083,38.75016]},"properties":{"id":"way/45823951","name":"Fresh World","group":"groceries","category":"shop=supermarket","hours":"Mo-Su 08:00-21:00","housenumber":"9540","street":"Liberia Avenue","city":"Manassas","postcode":"20110","tags":";supermarket;"}},{"type":"Feature","geometry":{"type":"Point","coordinates":[-77.57066,38.78299]},"properties":{"id":"way/45829762","name":"MurLarkey Distilled Spirits","group":"food","category":"craft=distillery","tags":";distillery;"}},{"type":"Feature","geometry":{"type":"Point","coordinates":[-77.45286,38.7721]},"properties":{"id":"way/45874808","name":"Guapo's","group":"food","category":"amenity=restaurant","cuisine":"american;mexican","hours":"Mo-Su 10:00-22:00","housenumber":"8498","street":"Centreville Road","city":"Manassas Park","postcode":"20111","tags":";american;mexican;restaurant;"}},{"type":"Feature","geometry":{"type":"Point","coordinates":[-77.50003,38.77265]},"properties":{"id":"way/45930655","name":"El Rey Tolteca","group":"food","category":"amenity=restaurant","cuisine":"mexican","phone":"+1-703-257-7293","website":"https://www.elreytolteca.com/","housenumber":"8412","street":"Sudley Road","city":"Manassas","postcode":"20109","tags":";mexican;restaurant;"}},{"type":"Feature","geometry":{"type":"Point","coordinates":[-77.50187,38.77246]},"properties":{"id":"way/45930658","name":"90 Grados Restaurant","group":"food","category":"amenity=restaurant","housenumber":"8509","street":"Rixlew Lane","city":"Manassas","postcode":"20109","tags":";restaurant;"}},{"type":"Feature","geometry":{"type":"Point","coordinates":[-77.49781,38.77114]},"properties":{"id":"way/45930697","name":"Miller Toyota Used Car Sales","group":"shopping","category":"shop=car","tags":";car;"}},{"type":"Feature","geometry":{"type":"Point","coordinates":[-77.55206,38.7776]},"properties":{"id":"way/46894984","name":"TAC Ceramic Tile Company","group":"shopping","category":"shop=tiles","housenumber":"11951","street":"Tac Court","city":"Manassas","postcode":"20109","tags":";tiles;"}},{"type":"Feature","geometry":{"type":"Point","coordinates":[-77.40558,38.99758]},"properties":{"id":"way/48161737","name":"High Up Food Mart","group":"groceries","category":"shop=convenience","tags":";convenience;"}},{"type":"Feature","geometry":{"type":"Point","coordinates":[-77.40432,39.02377]},"properties":{"id":"way/48189185","name":"Abbey Carpet","group":"shopping","category":"shop=carpet","tags":";carpet;"}},{"type":"Feature","geometry":{"type":"Point","coordinates":[-77.39731,39.02672]},"properties":{"id":"way/48189186","name":"Regency Furniture","group":"shopping","category":"shop=furniture","street":"Potomac Run Plaza","city":"Sterling","postcode":"20164","tags":";furniture;"}},{"type":"Feature","geometry":{"type":"Point","coordinates":[-77.42969,39.0042]},"properties":{"id":"way/48486563","name":"Alpine Ski Shop","group":"shopping","category":"shop=sports","tags":";sports;"}},{"type":"Feature","geometry":{"type":"Point","coordinates":[-77.42975,39.00534]},"properties":{"id":"way/51968852","name":"IMI Furniture","group":"shopping","category":"shop=furniture","housenumber":"1100","street":"West Church Road","city":"Sterling","postcode":"20164","tags":";furniture;"}},{"type":"Feature","geometry":{"type":"Point","coordinates":[-77.40986,39.03352]},"properties":{"id":"way/52093375","name":"Sweetwater Tavern","group":"food","category":"amenity=restaurant","tags":";restaurant;"}},{"type":"Feature","geometry":{"type":"Point","coordinates":[-77.42872,39.00545]},"properties":{"id":"way/61699370","name":"Interior Design Flooring","group":"shopping","category":"shop=flooring","tags":";flooring;"}},{"type":"Feature","geometry":{"type":"Point","coordinates":[-77.4872,39.04369]},"properties":{"id":"way/218432013","name":"Carolina Brothers BBQ","group":"food","category":"amenity=restaurant","cuisine":"american","hours":"Mo-Sa 10:30-19:00; Su 10:30-18:00","phone":"+1 703-729-7070","website":"https://carolinabrothers.com/","housenumber":"20702","street":"Ashburn Road","city":"Ashburn","postcode":"20147","tags":";american;restaurant;barbecue;"}},{"type":"Feature","geometry":{"type":"Point","coordinates":[-77.48688,39.04348]},"properties":{"id":"way/218432021","name":"A New View","group":"shopping","category":"shop=furniture","phone":"+1 703-477-6714","website":"https://newviewtoday.com/","housenumber":"20704","street":"Ashburn Road","city":"Ashburn","postcode":"20147","tags":";furniture;"}},{"type":"Feature","geometry":{"type":"Point","coordinates":[-77.56004,38.78291]},"properties":{"id":"way/221480443","name":"Merrifield Garden Center","group":"shopping","category":"shop=garden_centre","housenumber":"6895","street":"Wellington Road","city":"Gainesville","postcode":"20156","tags":";garden_centre;"}},{"type":"Feature","geometry":{"type":"Point","coordinates":[-77.50964,38.77837]},"properties":{"id":"way/221686198","name":"Perfect Auto","group":"shopping","category":"shop=motorcar","hours":"Mo-Fr 09:00-19:00; Sa 10:00-19:00","phone":"+1-703-393-2886","website":"https://www.perfectauto.us/","housenumber":"8132","street":"Sudley Road","city":"Manassas","postcode":"20109","tags":";motorcar;"}},{"type":"Feature","geometry":{"type":"Point","coordinates":[-77.51708,38.79798]},"properties":{"id":"way/221923771","name":"City Grille","group":"food","category":"amenity=restaurant","cuisine":"american","housenumber":"10701","street":"Balls Ford Road","city":"Manassas","postcode":"20109","tags":";american;restaurant;"}},{"type":"Feature","geometry":{"type":"Point","coordinates":[-77.49369,38.7695]},"properties":{"id":"way/222074214","name":"Plant Land","group":"shopping","category":"shop=garden_centre","housenumber":"8548","street":"Sudley Road","city":"Manassas","postcode":"20110","tags":";garden_centre;"}},{"type":"Feature","geometry":{"type":"Point","coordinates":[-77.62976,38.79215]},"properties":{"id":"way/222075612","name":"Gainesville Marketplace","group":"groceries","category":"shop=convenience","housenumber":"7601","street":"Somerset Crossing Drive","city":"Gainesville","postcode":"20155","tags":";convenience;"}},{"type":"Feature","geometry":{"type":"Point","coordinates":[-77.62894,38.79266]},"properties":{"id":"way/222075618","name":"Glory Days Grill","group":"food","category":"amenity=restaurant","tags":";restaurant;"}},{"type":"Feature","geometry":{"type":"Point","coordinates":[-77.62955,38.79108]},"properties":{"id":"way/222077596","name":"Ron's Used Tires","group":"services","category":"shop=car_repair","tags":";car_repair;tyres;"}},{"type":"Feature","geometry":{"type":"Point","coordinates":[-77.61366,38.79488]},"properties":{"id":"way/222078389","name":"MVP Bar & Grill","group":"food","category":"amenity=bar","cuisine":"american","housenumber":"7518","street":"Old Linton Hall Road","city":"Gainesville","postcode":"20155","tags":";american;bar;"}},{"type":"Feature","geometry":{"type":"Point","coordinates":[-77.61747,38.79662]},"properties":{"id":"way/222143972","name":"ezStorage","group":"services","category":"shop=storage_rental","hours":"Mo-Sa 09:30-18:00, Sa-Su 09:00-17:00","housenumber":"7440","street":"Hillwood Drive","city":"Gainesville","postcode":"20155","tags":";storage_rental;"}},{"type":"Feature","geometry":{"type":"Point","coordinates":[-77.615,38.79648]},"properties":{"id":"way/222143973","name":"Piedmont Tire & Auto","group":"services","category":"shop=car_repair","hours":"Mo-Fr 07:00-20:00; Sa 08:00-17:00","phone":"+1 703 753 6469","website":"https://www.piedmonttireandauto.com/","housenumber":"7400","street":"Hillwood Drive","city":"Gainesville","postcode":"20155","tags":";car_repair;tyres;wifi;"}},{"type":"Feature","geometry":{"type":"Point","coordinates":[-77.61127,38.79327]},"properties":{"id":"way/222212850","name":"Gateway Wi-Not Stop","group":"groceries","category":"shop=convenience","hours":"04:00-24:00","housenumber":"14101","street":"Linton Hall Road","tags":";convenience;wheelchair_accessible;"}},{"type":"Feature","geometry":{"type":"Point","coordinates":[-77.59367,38.79118]},"properties":{"id":"way/222233975","name":"Potomac Truck Center","group":"shopping","category":"shop=truck","tags":";truck;"}},{"type":"Feature","geometry":{"type":"Point","coordinates":[-77.54351,38.73514]},"properties":{"id":"way/222477052","name":"Stadler Nurseries","group":"shopping","category":"shop=garden_centre","tags":";garden_centre;"}},{"type":"Feature","geometry":{"type":"Point","coordinates":[-77.4841,38.75236]},"properties":{"id":"way/222577832","name":"City Tavern","group":"food","category":"amenity=restaurant","tags":";restaurant;"}},{"type":"Feature","geometry":{"type":"Point","coordinates":[-77.6349,38.81128]},"properties":{"id":"way/222821118","name":"Madison Corner Shoppe","group":"groceries","category":"shop=variety_store","housenumber":"14898","street":"Washington Street","city":"Haymarket","postcode":"20169","tags":";variety_store;"}},{"type":"Feature","geometry":{"type":"Point","coordinates":[-77.46608,38.7552]},"properties":{"id":"way/222945272","name":"Iron Horse Antiques","group":"shopping","category":"shop=antiques","hours":"Mo-Su 10:00-18:00","phone":"+1 703-335-6676","housenumber":"9200","street":"Prescott Avenue","city":"Manassas","postcode":"20110","tags":";antiques;"}},{"type":"Feature","geometry":{"type":"Point","coordinates":[-77.49713,38.7722]},"properties":{"id":"way/222966403","name":"Covenant Funeral Service Lee Chapel","group":"services","category":"shop=funeral_directors","housenumber":"8521","street":"Sudley Road","city":"Manassas","postcode":"20109","tags":";funeral_directors;"}},{"type":"Feature","geometry":{"type":"Point","coordinates":[-77.48856,38.76959]},"properties":{"id":"way/222966408","name":"BUU & TEE Tattoo","group":"personal_care","category":"shop=tattoo","tags":";tattoo;"}},{"type":"Feature","geometry":{"type":"Point","coordinates":[-77.48718,38.76932]},"properties":{"id":"way/222966412","name":"Virginia Eye Center","group":"personal_care","category":"shop=optician","housenumber":"8625","street":"Sudley Road","city":"Manassas","postcode":"20110","tags":";optician;"}},{"type":"Feature","geometry":{"type":"Point","coordinates":[-77.46465,38.75501]},"properties":{"id":"way/222966962","name":"Pink House Antiques","group":"shopping","category":"shop=antiques","housenumber":"9201","street":"Prescott Avenue","city":"Manassas","postcode":"20110","tags":";antiques;"}},{"type":"Feature","geometry":{"type":"Point","coordinates":[-77.47547,38.75042]},"properties":{"id":"way/222968198","name":"Aroma Wine Tasting","group":"groceries","category":"shop=wine","housenumber":"9249","street":"Center Street","city":"Manassas","postcode":"20110","tags":";wine;alcohol;"}},{"type":"Feature","geometry":{"type":"Point","coordinates":[-77.48614,38.7519]},"properties":{"id":"way/223055681","name":"Pierce Funeral Home","group":"services","category":"shop=funeral_directors","phone":"+1-703-257-6028","website":"https://www.piercefh.com/","tags":";funeral_directors;"}},{"type":"Feature","geometry":{"type":"Point","coordinates":[-77.49282,38.75407]},"properties":{"id":"way/223056665","name":"Fries Garage","group":"services","category":"shop=car_repair","housenumber":"9819","street":"Cockrell Road","city":"Manassas","postcode":"20110","tags":";car_repair;"}},{"type":"Feature","geometry":{"type":"Point","coordinates":[-77.49877,38.76266]},"properties":{"id":"way/223767807","name":"In & Out","group":"groceries","category":"shop=convenience","housenumber":"8930","street":"Ashton Avenue","city":"Manassas","postcode":"20110","tags":";convenience;"}},{"type":"Feature","geometry":{"type":"Point","coordinates":[-77.49806,38.77392]},"properties":{"id":"way/223923222","name":"Tipicos Los Reyes","group":"food","category":"amenity=restaurant","cuisine":"mexican","website":"https://www.tipicoslosreyes.com/","housenumber":"8441","street":"Irongate Way","city":"Manassas","postcode":"20109","tags":";mexican;restaurant;"}},{"type":"Feature","geometry":{"type":"Point","coordinates":[-77.49155,38.7701]},"properties":{"id":"way/223924057","name":"Marshall Roofing","group":"shopping","category":"shop=building_supplies","tags":";building_supplies;"}},{"type":"Feature","geometry":{"type":"Point","coordinates":[-77.77414,38.86223]},"properties":{"id":"way/224929205","name":"Peyton's Place","group":"shopping","category":"shop=home_furnishing","housenumber":"6484","street":"Main Street","city":"The Plains","postcode":"20198","tags":";home_furnishing;"}},{"type":"Feature","geometry":{"type":"Point","coordinates":[-77.77384,38.86211]},"properties":{"id":"way/224929207","name":"The Rail Stop","group":"food","category":"amenity=restaurant","cuisine":"american","website":"https://www.railstoprestaurant.com","housenumber":"6478","street":"Main Street","city":"The Plains","postcode":"20198","tags":";american;restaurant;outdoor_seating;wifi;"}},{"type":"Feature","geometry":{"type":"Point","coordinates":[-77.77347,38.86194]},"properties":{"id":"way/224929209","name":"The Plains Market","group":"groceries","category":"shop=convenience","housenumber":"6470","street":"Main Street","postcode":"20198","tags":";convenience;"}},{"type":"Feature","geometry":{"type":"Point","coordinates":[-77.77412,38.86186]},"properties":{"id":"way/224929211","name":"Bistro @ the Porch","group":"food","category":"amenity=restaurant","cuisine":"american","phone":"+1 540 253 2018","website":"https://www.bistroporch.com","housenumber":"6483","street":"Main Street","city":"The Plains","postcode":"20198","tags":";american;restaurant;takeout;outdoor_seating;wifi;"}},{"type":"Feature","geometry":{"type":"Point","coordinates":[-77.6677,38.8186]},"properties":{"id":"way/225077705","name":"The Farm Brewery at Broad Run","group":"food","category":"craft=brewery","website":"http://www.thefarmatbroadrun.com/","tags":";brewery;"}},{"type":"Feature","geometry":{"type":"Point","coordinates":[-77.63961,38.81327]},"properties":{"id":"way/225078632","name":"Piedmont Tire and Auto","group":"services","category":"shop=car_repair","hours":"Mo-Fr 07:00-20:00; Sa 08:00-17:00","phone":"+1-571-445-3380","website":"https://piedmonttireandauto.com/","housenumber":"15151","street":"Washington Street","city":"Haymarket","postcode":"20169","tags":";car_repair;tyres;"}},{"type":"Feature","geometry":{"type":"Point","coordinates":[-77.63822,38.81338]},"properties":{"id":"way/225078635","name":"Giuseppe's Ristorante Italiano","group":"food","category":"amenity=restaurant","cuisine":"italian","housenumber":"15120","street":"Washington Street","city":"Haymarket","postcode":"20169","tags":";italian;restaurant;"}},{"type":"Feature","geometry":{"type":"Point","coordinates":[-77.6359,38.81213]},"properties":{"id":"way/225079403","name":"Hidden Jules Cafe","group":"food","category":"amenity=restaurant","website":"https://www.hiddenjullescafe.com/","housenumber":"14950","street":"Washington Street","city":"Haymarket","postcode":"20169","tags":";restaurant;delivery;"}},{"type":"Feature","geometry":{"type":"Point","coordinates":[-77.47307,38.7819]},"properties":{"id":"way/225562946","name":"Mi Rancho Alegre","group":"food","category":"amenity=restaurant","cuisine":"mexican","housenumber":"327","street":"Manassas Drive","city":"Manassas Park","postcode":"20111","tags":";mexican;restaurant;"}},{"type":"Feature","geometry":{"type":"Point","coordinates":[-77.48201,38.75072]},"properties":{"id":"way/225621385","name":"Bull Run Harley-Davidson","group":"shopping","category":"shop=motorcycle","housenumber":"9321","street":"Center Street","city":"Manassas","postcode":"20110","tags":";motorcycle;"}},{"type":"Feature","geometry":{"type":"Point","coordinates":[-77.50687,38.76162]},"properties":{"id":"way/225621403","name":"Wi-Not Stop","group":"groceries","category":"shop=convenience","phone":"+1-703-257-1873","website":"https://www.winotstop.com/","housenumber":"9053","street":"Wellington Road","city":"Manassas","postcode":"20109","tags":";convenience;"}},{"type":"Feature","geometry":{"type":"Point","coordinates":[-77.46718,38.75584]},"properties":{"id":"way/227964065","name":"Shannon Auto Sales","group":"shopping","category":"shop=car","housenumber":"9200","street":"Sudley Road","city":"Manassas","postcode":"20110","tags":";car;"}},{"type":"Feature","geometry":{"type":"Point","coordinates":[-77.50924,38.74284]},"properties":{"id":"way/228239923","name":"SmartStop Self Storage","group":"services","category":"shop=storage_rental","tags":";storage_rental;"}},{"type":"Feature","geometry":{"type":"Point","coordinates":[-77.49658,38.74942]},"properties":{"id":"way/229942172","name":"Baker-Post Funeral Home","group":"services","category":"shop=funeral_directors","housenumber":"10001","street":"Nokesville Road","city":"Manassas","postcode":"20110","tags":";funeral_directors;"}},{"type":"Feature","geometry":{"type":"Point","coordinates":[-77.52855,38.7382]},"properties":{"id":"way/230261689","name":"Lanehart Electrical Contractors","group":"services","category":"craft=electrician","tags":";electrician;"}},{"type":"Feature","geometry":{"type":"Point","coordinates":[-77.52817,38.73758]},"properties":{"id":"way/230261691","name":"J & H Aitcheson","group":"services","category":"craft=plumber","tags":";plumber;"}},{"type":"Feature","geometry":{"type":"Point","coordinates":[-77.45369,38.77146]},"properties":{"id":"way/230621192","name":"Elite Food Zone","group":"groceries","category":"shop=convenience","tags":";convenience;"}},{"type":"Feature","geometry":{"type":"Point","coordinates":[-77.45386,38.77109]},"properties":{"id":"way/230724677","name":"Bill's Auto Service","group":"services","category":"shop=car_repair","housenumber":"98","street":"Hardees Drive","city":"Manassas Park","postcode":"20111","tags":";car_repair;"}},{"type":"Feature","geometry":{"type":"Point","coordinates":[-77.45238,38.77373]},"properties":{"id":"way/230727298","name":"Joe's Pizza","group":"food","category":"amenity=fast_food","cuisine":"pizza","housenumber":"8390","street":"Centreville Road","city":"Manassas","postcode":"20111","tags":";pizza;fast_food;"}},{"type":"Feature","geometry":{"type":"Point","coordinates":[-77.45217,38.77435]},"properties":{"id":"way/230727299","name":"La Princesa","group":"food","category":"amenity=restaurant","cuisine":"mexican","housenumber":"8388","street":"Centreville Road","city":"Manassas","postcode":"20111","tags":";mexican;restaurant;"}},{"type":"Feature","geometry":{"type":"Point","coordinates":[-77.45181,38.77719]},"properties":{"id":"way/230772016","name":"Matress Outlet","group":"shopping","category":"shop=furniture","housenumber":"8275","street":"Shoppers Square","city":"Manassas","postcode":"20111","tags":";furniture;"}},{"type":"Feature","geometry":{"type":"Point","coordinates":[-77.45062,38.77809]},"properties":{"id":"way/230772051","name":"Yorkshire Supplies","group":"shopping","category":"shop=building_supplies","housenumber":"8209","street":"Centreville Road","city":"Manassas","postcode":"20111","tags":";building_supplies;"}},{"type":"Feature","geometry":{"type":"Point","coordinates":[-77.45149,38.77939]},"properties":{"id":"way/230904088","name":"Restless Wheels","group":"shopping","category":"shop=car","tags":";car;"}},{"type":"Feature","geometry":{"type":"Point","coordinates":[-77.45126,38.77876]},"properties":{"id":"way/230904089","name":"Tire Zone","group":"services","category":"shop=car_repair","housenumber":"8110","street":"Centreville Road","city":"Manassas","postcode":"20111","tags":";car_repair;tyres;"}},{"type":"Feature","geometry":{"type":"Point","coordinates":[-77.44926,38.78319]},"properties":{"id":"way/230904398","name":"Casablanca","group":"food","category":"amenity=restaurant","cuisine":"mexican","housenumber":"7911","street":"Centreville Road","city":"Manassas","postcode":"20111","tags":";mexican;restaurant;"}},{"type":"Feature","geometry":{"type":"Point","coordinates":[-77.44863,38.78723]},"properties":{"id":"way/231041634","name":"Artie's Auto Electric","group":"services","category":"shop=car_repair","housenumber":"7619","street":"Centreville Road","city":"Manassas","postcode":"20111","tags":";car_repair;electrician;"}},{"type":"Feature","geometry":{"type":"Point","coordinates":[-77.44811,38.78919]},"properties":{"id":"way/231041637","name":"Carpet & Rug","group":"shopping","category":"shop=furniture","housenumber":"7605","street":"Centreville Road","city":"Manassas","postcode":"20111","tags":";furniture;"}},{"type":"Feature","geometry":{"type":"Point","coordinates":[-77.44738,38.78936]},"properties":{"id":"way/231041640","name":"Automotive and Tire","group":"services","category":"shop=car_repair","housenumber":"8119","street":"Rugby Road","city":"Manassas","postcode":"20111","tags":";car_repair;tyres;"}},{"type":"Feature","geometry":{"type":"Point","coordinates":[-77.44898,38.78976]},"properties":{"id":"way/231041641","name":"La Herradura","group":"shopping","category":"shop=shoes","tags":";shoes;"}},{"type":"Feature","geometry":{"type":"Point","coordinates":[-77.44869,38.79008]},"properties":{"id":"way/231041642","name":"George's Automotive Service","group":"services","category":"shop=car_repair","housenumber":"7600","street":"Centreville Road","city":"Manassas","postcode":"20111","tags":";car_repair;"}},{"type":"Feature","geometry":{"type":"Point","coordinates":[-77.44748,38.79181]},"properties":{"id":"way/231042260","name":"Yorkshire Restaurant","group":"food","category":"amenity=restaurant","tags":";restaurant;"}},{"type":"Feature","geometry":{"type":"Point","coordinates":[-77.44702,38.79406]},"properties":{"id":"way/231087311","name":"J.P. Motors","group":"shopping","category":"shop=car","housenumber":"7431","street":"Centreville Road","city":"Manassas","postcode":"20111","tags":";car;"}},{"type":"Feature","geometry":{"type":"Point","coordinates":[-77.44755,38.79509]},"properties":{"id":"way/231087314","name":"Auto Connection","group":"shopping","category":"shop=car","housenumber":"7404","street":"Centreville Road","city":"Manassas","postcode":"20111","tags":";car;"}},{"type":"Feature","geometry":{"type":"Point","coordinates":[-77.44632,38.79645]},"properties":{"id":"way/231087315","name":"Wicker Place","group":"shopping","category":"shop=gift","tags":";gift;"}},{"type":"Feature","geometry":{"type":"Point","coordinates":[-77.44834,38.80057]},"properties":{"id":"way/231090237","name":"Tire Zone","group":"shopping","category":"shop=car_parts","housenumber":"7214","street":"Centreville Road","city":"Manassas","postcode":"20111","tags":";car_parts;"}},{"type":"Feature","geometry":{"type":"Point","coordinates":[-77.37166,39.01523]},"properties":{"id":"way/234032059","name":"Sugarland Mobil","group":"services","category":"shop=car_repair","phone":"+1 703-444-4237","housenumber":"47048","street":"Leesburg Pike","city":"Sterling","postcode":"20164","tags":";car_repair;"}},{"type":"Feature","geometry":{"type":"Point","coordinates":[-77.47806,39.02241]},"properties":{"id":"way/236145354","name":"Fudruckers","group":"food","category":"amenity=restaurant","cuisine":"burger","hours":"Mo-Su 11:00-21:00","housenumber":"44036","street":"Pipeline Plaza","city":"Ashburn","postcode":"20147","tags":";burger;restaurant;"}},{"type":"Feature","geometry":{"type":"Point","coordinates":[-77.60718,38.78958]},"properties":{"id":"way/236503173","name":"Uncle Julio's","group":"food","category":"amenity=restaurant","cuisine":"mexican","hours":"Su-Th 11:30-21:00; Fr-Sa 11:30-21:30","phone":"+1-571-445-4700","website":"https://unclejulios.com/locations/gainesville/","housenumber":"13920","street":"Promenade Commons Street","city":"Gainesville","postcode":"20155","tags":";mexican;restaurant;takeout;"}},{"type":"Feature","geometry":{"type":"Point","coordinates":[-77.60702,38.78826]},"properties":{"id":"way/236503180","name":"Firebird's Wood Fired Grill","group":"food","category":"amenity=restaurant","cuisine":"steak_house","hours":"Su-Th 11:00-22:00; Fr-Sa 11:00-23:00","phone":"+1-703-743-7463","website":"https://gainesville.firebirdsrestaurants.com/","housenumber":"14020","street":"Promenade Commons Street","city":"Gainesville","postcode":"20155","tags":";steak_house;restaurant;wheelchair_accessible;vegan;vegetarian;"}},{"type":"Feature","geometry":{"type":"Point","coordinates":[-77.46502,38.7571]},"properties":{"id":"way/242670161","name":"Wi-Not Stop","group":"groceries","category":"shop=convenience","housenumber":"9110","street":"Centreville Road","city":"Manassas","postcode":"20110","tags":";convenience;"}},{"type":"Feature","geometry":{"type":"Point","coordinates":[-77.45684,38.76823]},"properties":{"id":"way/242670307","name":"Mexico Lindo Plaza","group":"food","category":"amenity=restaurant","cuisine":"mexican","housenumber":"8630","street":"Mathis Avenue","city":"Manassas","postcode":"20110","tags":";mexican;restaurant;"}},{"type":"Feature","geometry":{"type":"Point","coordinates":[-77.40637,38.99912]},"properties":{"id":"way/251040383","name":"EL MERCADITO HISPANO II","group":"food","category":"amenity=restaurant","phone":"+1 703-433-2645","housenumber":"240","street":"South Sterling Boulevard","city":"Sterling Park","postcode":"20164","tags":";restaurant;"}},{"type":"Feature","geometry":{"type":"Point","coordinates":[-77.42318,39.03327]},"properties":{"id":"way/258899062","name":"Bourbon Boulevard","group":"food","category":"amenity=restaurant","cuisine":"steak_house","hours":"closed","housenumber":"21078","street":"Dulles Town Circle","city":"Sterling","postcode":"20166","tags":";steak_house;restaurant;"}},{"type":"Feature","geometry":{"type":"Point","coordinates":[-77.73829,38.96813]},"properties":{"id":"way/296478712","name":"Market Salamander","group":"food","category":"amenity=restaurant","hours":"Mo-Th 11:00-18:00; Fr-Sa 08:00-18:00; Su 08:00-16:00","phone":"+1 540-687-9720","website":"http://www.marketsalamander.com/","housenumber":"200","street":"West Washington Street","city":"Middleburg","postcode":"20117","tags":";restaurant;"}},{"type":"Feature","geometry":{"type":"Point","coordinates":[-78.1141,38.83546]},"properties":{"id":"way/296789264","name":"Rappahannock Cellars","group":"food","category":"craft=winery","website":"https://www.rappahannockcellars.com/","tags":";winery;"}},{"type":"Feature","geometry":{"type":"Point","coordinates":[-77.5198,39.01813]},"properties":{"id":"way/300961111","name":"Good Fortune Sushi","group":"food","category":"amenity=restaurant","housenumber":"42864","street":"Truro Parish Drive","tags":";restaurant;sushi;"}},{"type":"Feature","geometry":{"type":"Point","coordinates":[-77.50036,38.95445]},"properties":{"id":"way/301099770","name":"ADESA Washington D.C.","group":"services","category":"shop=auctioneer","website":"https://www.adesa.com/auction_location/adesa-washington-d-c/","tags":";auctioneer;"}},{"type":"Feature","geometry":{"type":"Point","coordinates":[-77.51288,38.91593]},"properties":{"id":"way/301126781","name":"Triveni","group":"groceries","category":"shop=supermarket","housenumber":"43090","street":"Peacock Market Plaza","tags":";supermarket;"}},{"type":"Feature","geometry":{"type":"Point","coordinates":[-77.55694,38.76949]},"properties":{"id":"way/311052030","name":"Battlefield Roofing Company","group":"services","category":"craft=roofer","hours":"Mo-Fr 08:00-16:30","phone":"+1-703-330-2560","website":"https://battlefieldroofing.com/index.php","housenumber":"8713","street":"Virginia Meadows Drive","city":"Manassas","postcode":"20109","tags":";roofer;"}},{"type":"Feature","geometry":{"type":"Point","coordinates":[-77.79028,38.72849]},"properties":{"id":"way/311054484","name":"Country Chevrolet","group":"shopping","category":"shop=car","housenumber":"11","street":"East Lee Highway","city":"Warrenton","postcode":"20186","tags":";car;"}},{"type":"Feature","geometry":{"type":"Point","coordinates":[-77.80798,38.71857]},"properties":{"id":"way/311055542","name":"Layne's Chicken Fingers","group":"food","category":"amenity=fast_food","cuisine":"chicken","hours":"Mo-Su 10:00-23:00","phone":"+1-540-216-3045","website":"https://www.layneschickenfingers.com/warrenton-va/","housenumber":"34","street":"Broadview Avenue","city":"Warrenton","postcode":"20186","tags":";chicken;fast_food;takeout;delivery;drive_through;"}},{"type":"Feature","geometry":{"type":"Point","coordinates":[-77.45982,38.76132]},"properties":{"id":"way/376768541","name":"Manassas Auto Care and Wash","group":"groceries","category":"shop=convenience","housenumber":"8905","street":"Centreville Road","city":"Manassas","postcode":"20110","tags":";convenience;"}},{"type":"Feature","geometry":{"type":"Point","coordinates":[-77.46186,38.75968]},"properties":{"id":"way/377345423","name":"Tom's Diner","group":"food","category":"amenity=restaurant","cuisine":"american","housenumber":"9003","street":"Centreville Road","city":"Manassas","postcode":"20110","tags":";american;restaurant;"}},{"type":"Feature","geometry":{"type":"Point","coordinates":[-77.46202,38.75952]},"properties":{"id":"way/377394457","name":"Imperio Bar & Grill","group":"food","category":"amenity=restaurant","cuisine":"mexican","housenumber":"9007","street":"Centreville Road","city":"Manassas","postcode":"20110","tags":";mexican;restaurant;"}},{"type":"Feature","geometry":{"type":"Point","coordinates":[-77.46241,38.76019]},"properties":{"id":"way/377395172","name":"Northside Auto Sales","group":"shopping","category":"shop=car","housenumber":"9000","street":"Centreville Road","city":"Manassas","postcode":"20110","tags":";car;"}},{"type":"Feature","geometry":{"type":"Point","coordinates":[-77.46063,38.76294]},"properties":{"id":"way/379798902","name":"Manassas Automobile Gallery","group":"shopping","category":"shop=car","housenumber":"8710","street":"Liberia Avenue","city":"Manassas","postcode":"20110","tags":";car;"}},{"type":"Feature","geometry":{"type":"Point","coordinates":[-77.45974,38.76351]},"properties":{"id":"way/379798903","name":"Battlefield Ford","group":"shopping","category":"shop=car","housenumber":"8820","street":"Centreville Road","city":"Manassas","postcode":"20110","tags":";car;"}},{"type":"Feature","geometry":{"type":"Point","coordinates":[-77.47119,38.75069]},"properties":{"id":"way/385774670","name":"Sinistral Brewing Company","group":"food","category":"amenity=bar","housenumber":"9419","street":"Main Street","city":"Manassas","postcode":"20110","tags":";bar;brewery;"}},{"type":"Feature","geometry":{"type":"Point","coordinates":[-77.47149,38.75201]},"properties":{"id":"way/385780619","name":"Malone's of Manassas","group":"food","category":"amenity=restaurant","cuisine":"american","housenumber":"9329","street":"Main Street","city":"Manassas","postcode":"20110","tags":";american;restaurant;"}},{"type":"Feature","geometry":{"type":"Point","coordinates":[-77.40467,39.03347]},"properties":{"id":"way/393892315","name":"Cherry Blossom","group":"food","category":"amenity=restaurant","website":"https://www.cherryblossomhall.com/","housenumber":"46110","street":"Lake Center Plaza","city":"Sterling","postcode":"20165","tags":";restaurant;"}},{"type":"Feature","geometry":{"type":"Point","coordinates":[-77.47511,39.04335]},"properties":{"id":"way/409161859","name":"Ashburn Service & Tire Center","group":"services","category":"shop=car_repair","hours":"Mo-Sa 07:00-17:00","phone":"+1 703-723-9499","website":"https://www.elitecarcarecenter.com/location/mode/2/44071-ashburn-shopping-plaza-ashburn-va-20147.aspx","housenumber":"44071","street":"Ashburn Shopping Plaza","city":"Ashburn","postcode":"20147","tags":";car_repair;tyres;"}},{"type":"Feature","geometry":{"type":"Point","coordinates":[-77.47479,39.04235]},"properties":{"id":"way/409161863","name":"Ashburn Village Sunoco","group":"services","category":"shop=car_repair","phone":"+1 703-729-9831","website":"https://www.ashburnvillagesunoco.com/","housenumber":"44111","street":"Ashburn Shopping Plaza","city":"Ashburn","postcode":"20147","tags":";car_repair;"}},{"type":"Feature","geometry":{"type":"Point","coordinates":[-77.47545,39.04287]},"properties":{"id":"way/409161873","name":"Blue Ridge Grill","group":"food","category":"amenity=restaurant","cuisine":"american","phone":"+1 703-729-0100","website":"https://brgrill.com/ashburn/","housenumber":"44065","street":"Ashburn Shopping Plaza","city":"Ashburn","postcode":"20147","tags":";american;restaurant;"}},{"type":"Feature","geometry":{"type":"Point","coordinates":[-77.66187,38.78397]},"properties":{"id":"way/435852691","name":"Blue Ridge Seafood","group":"food","category":"amenity=restaurant","cuisine":"seafood","phone":"+1-703-754-9852","website":"https://www.blueridgeseafood.com/","housenumber":"15704","street":"Lee Highway","city":"Gainesville","postcode":"20155","tags":";seafood;restaurant;"}},{"type":"Feature","geometry":{"type":"Point","coordinates":[-77.74033,39.05659]},"properties":{"id":"way/436236802","name":"Philomont General Store","group":"groceries","category":"shop=general","hours":"Mo-Sa 08:00-19:00, Su 12:00-17:00","phone":"+1 540-338-5792","housenumber":"36550","street":"Jeb Stuart Road","city":"Philomont","tags":";general;"}},{"type":"Feature","geometry":{"type":"Point","coordinates":[-77.37162,39.0265]},"properties":{"id":"way/441804094","name":"Concession Stand","group":"food","category":"amenity=restaurant","cuisine":"burger","housenumber":"21326","street":"Augusta Drive","city":"Sterling","postcode":"20164","tags":";burger;restaurant;takeout;"}},{"type":"Feature","geometry":{"type":"Point","coordinates":[-77.53142,38.73735]},"properties":{"id":"way/443991397","name":"Virginia Tire and Auto","group":"services","category":"shop=car_repair","hours":"Mo-Sa 07:30-18:00","housenumber":"11109","street":"Nokesville Road","tags":";car_repair;tyres;"}},{"type":"Feature","geometry":{"type":"Point","coordinates":[-77.45101,38.74584]},"properties":{"id":"way/447070370","name":"Dogs & Wings","group":"food","category":"amenity=fast_food","cuisine":"american","housenumber":"9740","street":"Liberia Avenue","city":"Manassas","postcode":"20110","tags":";american;fast_food;chicken;"}},{"type":"Feature","geometry":{"type":"Point","coordinates":[-77.46401,38.74903]},"properties":{"id":"way/449551284","name":"Fairview Grocery","group":"groceries","category":"shop=convenience","housenumber":"9511","street":"Fairview Avenue","city":"Manassas","postcode":"20110","tags":";convenience;"}},{"type":"Feature","geometry":{"type":"Point","coordinates":[-77.47408,38.75256]},"properties":{"id":"way/453568200","name":"Pierce Old Town Funeral Chapel","group":"services","category":"shop=funeral_directors","housenumber":"9320","street":"West Street","city":"Manassas","postcode":"20110","tags":";funeral_directors;"}},{"type":"Feature","geometry":{"type":"Point","coordinates":[-77.51042,39.02686]},"properties":{"id":"way/457974110","name":"Canine Carousel","group":"shopping","category":"shop=pet","housenumber":"43135","street":"Broadlands Center Plaza","city":"Broadlands","postcode":"20148","tags":";pet;"}},{"type":"Feature","geometry":{"type":"Point","coordinates":[-77.51063,39.02665]},"properties":{"id":"way/457974112","name":"Parallel Wine & Whiskey Bar","group":"food","category":"amenity=bar","phone":"+1 703-858-0077","website":"http://parallelwinebistro.com/","housenumber":"43135","street":"Broadlands Center Plaza","city":"Broadlands","postcode":"20148","tags":";bar;"}},{"type":"Feature","geometry":{"type":"Point","coordinates":[-77.46538,38.76033]},"properties":{"id":"way/461272995","name":"O'Reilley Auto Parts","group":"shopping","category":"shop=car_parts","website":"https://www.oreillyauto.com/","housenumber":"9000","street":"Mathis Avenue","city":"Manassas","postcode":"20110","tags":";car_parts;"}},{"type":"Feature","geometry":{"type":"Point","coordinates":[-77.66358,38.78415]},"properties":{"id":"way/466993912","name":"Eggspectation","group":"food","category":"amenity=restaurant","cuisine":"breakfast","phone":"+1-571-248-0990","tags":";breakfast;restaurant;outdoor_seating;"}},{"type":"Feature","geometry":{"type":"Point","coordinates":[-77.53131,38.93353]},"properties":{"id":"way/468463266","name":"Stone Springs Auto Center","group":"services","category":"shop=car_repair","housenumber":"42559","street":"Little River Turnpike","city":"Chantilly","postcode":"20152","tags":";car_repair;"}},{"type":"Feature","geometry":{"type":"Point","coordinates":[-77.46461,38.75782]},"properties":{"id":"way/469845773","name":"Auto Connection","group":"shopping","category":"shop=car","housenumber":"9100","street":"Centreville Road","city":"Manassas","postcode":"20110","tags":";car;"}},{"type":"Feature","geometry":{"type":"Point","coordinates":[-77.80449,38.72573]},"properties":{"id":"way/474272114","name":"Piedmont Motors Sales","group":"shopping","category":"shop=car","website":"https://www.piedmontmotors.com/","housenumber":"318","street":"Broadview Avenue","city":"Warrenton","postcode":"20186","tags":";car;"}},{"type":"Feature","geometry":{"type":"Point","coordinates":[-77.46529,38.75791]},"properties":{"id":"way/474433681","name":"In & Out Mart","group":"groceries","category":"shop=convenience","housenumber":"9103","street":"Mathis Avenue","city":"Manassas","postcode":"20110","tags":";convenience;"}},{"type":"Feature","geometry":{"type":"Point","coordinates":[-77.62432,38.79347]},"properties":{"id":"way/488563841","name":"Traffic Safety Supply Inc.","group":"shopping","category":"shop=trade","tags":";trade;"}},{"type":"Feature","geometry":{"type":"Point","coordinates":[-77.67578,38.74285]},"properties":{"id":"way/490508682","name":"Vint Hill Craft Winery","group":"food","category":"amenity=bar","phone":"+1-540-351-0000","website":"https://www.vinthillcraftwinery.com/","housenumber":"7162","street":"Lineweaver Road","city":"Warrenton","postcode":"20187","tags":";bar;"}},{"type":"Feature","geometry":{"type":"Point","coordinates":[-77.45859,38.79337]},"properties":{"id":"way/523507921","name":"Mi Tierra Deli","group":"food","category":"amenity=restaurant","cuisine":"mexican","hours":"Mo-Fr 08:00-21:30; Sa-Su 07:00-22:00","housenumber":"7422","street":"Old Centreville Road","city":"Manassas","postcode":"20111","tags":";mexican;restaurant;sandwich;takeout;"}},{"type":"Feature","geometry":{"type":"Point","coordinates":[-77.45364,39.05186]},"properties":{"id":"way/534517414","name":"Uncle Julios","group":"food","category":"amenity=restaurant","housenumber":"44703","street":"Thorndike Street","tags":";restaurant;"}},{"type":"Feature","geometry":{"type":"Point","coordinates":[-77.45336,39.05247]},"properties":{"id":"way/534517415","name":"Matchbox","group":"food","category":"amenity=restaurant","cuisine":"american","hours":"Mo-Th 11:00-22:00; Fr-Sa 11:00-23:00; Su 11:00-21:00","housenumber":"44720","street":"Thorndike Street","city":"Ashburn","postcode":"20147","tags":";american;restaurant;wheelchair_accessible;"}},{"type":"Feature","geometry":{"type":"Point","coordinates":[-77.48735,38.91552]},"properties":{"id":"way/544596575","name":"Social House Kitchen & Tap","group":"food","category":"amenity=restaurant","cuisine":"american;burger;fish_and_chips","website":"https://socialhousesouthriding.com/","housenumber":"25370","street":"Eastern Marketplace Plaza","tags":";american;burger;fish_and_chips;restaurant;wheelchair_accessible;vegan;vegetarian;gluten_free;"}},{"type":"Feature","geometry":{"type":"Point","coordinates":[-77.85755,38.86512]},"properties":{"id":"way/545094637","name":"Red Truck Rural Bakery","group":"food","category":"shop=bakery","hours":"Mo-Su 08:00-17:00","website":"https://www.redtruckbakery.com/visit-us#Marshall","housenumber":"8368","street":"West Main Street","city":"Marshall","postcode":"20115","tags":";bakery;"}},{"type":"Feature","geometry":{"type":"Point","coordinates":[-77.85741,38.86473]},"properties":{"id":"way/545094639","name":"Field & Main Restaurant","group":"food","category":"amenity=restaurant","cuisine":"american","hours":"Mo 17:30-21:00; Th-Su 17:30-21:00; Sa-Su 11:00-14:00","phone":"+1-540-364-8166","website":"https://www.fieldandmainrestaurant.com/","housenumber":"8369","street":"West Main Street","city":"Marshall","postcode":"20116","tags":";american;restaurant;"}},{"type":"Feature","geometry":{"type":"Point","coordinates":[-77.85668,38.86513]},"properties":{"id":"way/545094642","name":"The Whole Ox","group":"groceries","category":"shop=butcher","phone":"+1-540-724-1650","website":"https://thewholeox.com/","housenumber":"8357","street":"West Main Street","city":"Marshall","postcode":"20115","tags":";butcher;"}},{"type":"Feature","geometry":{"type":"Point","coordinates":[-77.63259,38.84627]},"properties":{"id":"way/545489834","name":"Ticket Booth","group":"shopping","category":"shop=ticket","tags":";ticket;"}},{"type":"Feature","geometry":{"type":"Point","coordinates":[-77.39476,39.02351]},"properties":{"id":"way/545744878","name":"Urbano Modern Italian","group":"food","category":"amenity=restaurant","cuisine":"italian","website":"http://www.urbanoitalian.com/menu","housenumber":"21430","street":"Epicerie Plaza","city":"Sterling","postcode":"20164","tags":";italian;restaurant;"}},{"type":"Feature","geometry":{"type":"Point","coordinates":[-77.39438,39.02373]},"properties":{"id":"way/545744881","name":"SODAYZ THE KOREAN BBQ","group":"food","category":"amenity=restaurant","cuisine":"korean","website":"http://www.sodayz.com/","housenumber":"21438","street":"Epicerie Plaza","city":"Sterling","postcode":"20164","tags":";korean;restaurant;barbecue;"}},{"type":"Feature","geometry":{"type":"Point","coordinates":[-77.51048,39.02679]},"properties":{"id":"way/545750158","name":"Il Dolce","group":"food","category":"shop=pastry","phone":"+1 571-223-2495","website":"https://ildolce.shop/","tags":";pastry;"}},{"type":"Feature","geometry":{"type":"Point","coordinates":[-77.50803,39.02637]},"properties":{"id":"way/545750293","name":"Samurai Sushi","group":"food","category":"amenity=restaurant","cuisine":"sushi","housenumber":"43150","street":"Broadlands Center Plaza","city":"Ashburn","postcode":"20148","tags":";sushi;restaurant;"}},{"type":"Feature","geometry":{"type":"Point","coordinates":[-77.50918,39.02561]},"properties":{"id":"way/545750625","name":"Honest-1 Auto Care","group":"services","category":"shop=car_repair","housenumber":"43185","street":"Broadlands Center Plaza","city":"Ashburn","postcode":"20148","tags":";car_repair;"}},{"type":"Feature","geometry":{"type":"Point","coordinates":[-77.64483,38.81696]},"properties":{"id":"way/547520791","name":"Valentino's Pizzeria & Restaurant","group":"food","category":"amenity=restaurant","housenumber":"6402","street":"Trading Square","city":"Haymarket","postcode":"20169","tags":";restaurant;pizza;"}},{"type":"Feature","geometry":{"type":"Point","coordinates":[-77.62905,38.81006]},"properties":{"id":"way/547520792","name":"Cookies & Cream","group":"food","category":"amenity=ice_cream","housenumber":"14650","street":"Washington Street","city":"Haymarket","postcode":"20169","tags":";ice_cream;"}},{"type":"Feature","geometry":{"type":"Point","coordinates":[-77.45267,39.05897]},"properties":{"id":"way/553333902","name":"DC Prime Steakes","group":"food","category":"amenity=restaurant","cuisine":"steak_house","phone":"+1 703-840-2099","website":"https://www.dcprimesteaks.com/","housenumber":"20120","street":"Lakeview Center Plaza","city":"Ashburn","postcode":"20147","tags":";steak_house;restaurant;"}},{"type":"Feature","geometry":{"type":"Point","coordinates":[-77.45377,39.0483]},"properties":{"id":"way/554733741","name":"Virginia Tire & Auto","group":"services","category":"shop=car_repair","hours":"Mo-Fr 07:00-20:00; Sa 07:00-18:00","phone":"+1 571-386-0023","website":"https://vatire.com/stores/virginia-tire-auto-of-one-loudoun/","housenumber":"44705","street":"Wellfleet Drive","tags":";car_repair;tyres;"}},{"type":"Feature","geometry":{"type":"Point","coordinates":[-77.85796,38.86448]},"properties":{"id":"way/561348684","name":"Little Fox's Java & Gifts","group":"groceries","category":"shop=supermarket","cuisine":"coffee_shop","housenumber":"8375","street":"West Main Street","city":"Marshall","postcode":"20115","tags":";coffee_shop;supermarket;"}},{"type":"Feature","geometry":{"type":"Point","coordinates":[-77.8573,38.86517]},"properties":{"id":"way/561348686","name":"3 Hens Treasures","group":"shopping","category":"shop=antiques","website":"http://www.3henstreasures.com","housenumber":"8362","street":"West Main Street","city":"Marshall","postcode":"22115","tags":";antiques;"}},{"type":"Feature","geometry":{"type":"Point","coordinates":[-77.64894,38.74917]},"properties":{"id":"way/563936163","name":"Mayhugh's Store","group":"groceries","category":"shop=convenience","housenumber":"9580","street":"Greenwich Road","city":"Nokesville","postcode":"20181","tags":";convenience;"}},{"type":"Feature","geometry":{"type":"Point","coordinates":[-77.45288,39.0526]},"properties":{"id":"way/572149526","name":"Eddie Merlot's","group":"food","category":"amenity=restaurant","cuisine":"american","hours":"Mo-Th 16:00-21:00; Fr-Sa 15:00-22:00; Su 15:00-21:00","housenumber":"20350","street":"Bashan Drive","city":"Ashburn","postcode":"20147","tags":";american;restaurant;wheelchair_accessible;"}},{"type":"Feature","geometry":{"type":"Point","coordinates":[-77.64444,38.81711]},"properties":{"id":"way/582968699","name":"Sakura Grill","group":"food","category":"amenity=restaurant","cuisine":"japanese","hours":"Mo-Th 11:00-15:00,15:30-22:00; Fr,Sa 11:00-15:00,15:30-22:30; Su 12:00-21:00","phone":"+1-703-753-9380","website":"https://www.sakuragrillva.com/","housenumber":"6412","street":"Trading Square","city":"Haymarket","postcode":"20169","tags":";japanese;restaurant;"}},{"type":"Feature","geometry":{"type":"Point","coordinates":[-77.64455,38.81716]},"properties":{"id":"way/582968700","name":"MilkBerry Yogurt","group":"food","category":"amenity=ice_cream","cuisine":"frozen_yogurt","tags":";frozen_yogurt;ice_cream;"}},{"type":"Feature","geometry":{"type":"Point","coordinates":[-77.67637,38.74276]},"properties":{"id":"way/588809144","name":"Covert Cafe","group":"food","category":"amenity=cafe","housenumber":"7168","street":"Lineweaver Road","postcode":"20187","tags":";cafe;outdoor_seating;"}},{"type":"Feature","geometry":{"type":"Point","coordinates":[-77.61015,38.79754]},"properties":{"id":"way/599995689","name":"Joe's Pizza and Subs","group":"food","category":"amenity=restaurant","cuisine":"pizza","hours":"Mo-Th 11:00-21:00; Fr-Sa 11:00-22:00; Su 10:00-21:00","phone":"+1-703-743-9093","website":"https://www.joespizza-gainesville.com/","housenumber":"14085","street":"Daves Store Lane","city":"Gainesville","postcode":"20155","tags":";pizza;restaurant;sandwich;"}},{"type":"Feature","geometry":{"type":"Point","coordinates":[-77.40019,39.02798]},"properties":{"id":"way/606067627","name":"Sushi Queen","group":"food","category":"amenity=restaurant","cuisine":"asian;sushi","phone":"+1 703-544-2666","housenumber":"46240","street":"Potomac Run Plaza","city":"Sterling","postcode":"20164","tags":";asian;sushi;restaurant;"}},{"type":"Feature","geometry":{"type":"Point","coordinates":[-77.86008,38.86396]},"properties":{"id":"way/614779469","name":"La Palmita","group":"groceries","category":"shop=convenience","tags":";convenience;wheelchair_accessible;"}},{"type":"Feature","geometry":{"type":"Point","coordinates":[-77.77193,38.8634]},"properties":{"id":"way/614786279","name":"Girasole","group":"food","category":"amenity=restaurant","cuisine":"italian","hours":"Mo-Sa 17:00-22:00; Su 11:00-14:30, 17:00-21:00","phone":"+1-540-253-5501","website":"https://girasoleva.com/","housenumber":"4244","street":"Loudoun Avenue","city":"The Plains","postcode":"20198","tags":";italian;restaurant;"}},{"type":"Feature","geometry":{"type":"Point","coordinates":[-77.5105,39.02629]},"properties":{"id":"way/648916632","name":"Cigar Connection","group":"shopping","category":"shop=tobacco","tags":";tobacco;"}},{"type":"Feature","geometry":{"type":"Point","coordinates":[-77.51025,39.02612]},"properties":{"id":"way/648916636","name":"All American Steakhouse","group":"food","category":"amenity=restaurant","tags":";restaurant;"}},{"type":"Feature","geometry":{"type":"Point","coordinates":[-77.50936,39.02773]},"properties":{"id":"way/648916639","name":"Asia Cafe","group":"food","category":"amenity=restaurant","phone":"+1 703-729-3298","website":"https://www.asiacafebroadlands.com/","housenumber":"43150","street":"Broadlands Center Plaza","city":"Ashburn","postcode":"20148","tags":";restaurant;"}},{"type":"Feature","geometry":{"type":"Point","coordinates":[-77.50926,39.02782]},"properties":{"id":"way/648916643","name":"Evolution Paint Company","group":"shopping","category":"shop=paint","phone":"+1 703-723-5500","website":"https://www.evolutionpaintcompany.com/","housenumber":"43150","street":"Broadlands Center Plaza","city":"Ashburn","postcode":"20148","tags":";paint;"}},{"type":"Feature","geometry":{"type":"Point","coordinates":[-77.5072,39.02577]},"properties":{"id":"way/648916651","name":"Los Toltecos","group":"food","category":"amenity=restaurant","cuisine":"mexican","phone":"+1 703-723-4436","website":"http://www.lostoltecos.site/","housenumber":"43150","street":"Broadlands Center Plaza","city":"Ashburn","postcode":"20148","tags":";mexican;restaurant;"}},{"type":"Feature","geometry":{"type":"Point","coordinates":[-77.50794,39.02631]},"properties":{"id":"way/648916654","name":"Malgudi Veg","group":"food","category":"amenity=restaurant","cuisine":"indian","phone":"+1 703-723-0404","website":"https://www.malgudiveg.com/","housenumber":"43150","street":"Broadlands Center Plaza","city":"Ashburn","postcode":"20148","tags":";indian;restaurant;"}},{"type":"Feature","geometry":{"type":"Point","coordinates":[-77.48649,39.04522]},"properties":{"id":"way/664534174","name":"Good Shepherd Alliance","group":"shopping","category":"shop=charity","phone":"+1 703-724-1555","website":"https://goodshepherdalliance.org/","housenumber":"20684","street":"Ashburn Road","city":"Ashburn","postcode":"20147","tags":";charity;"}},{"type":"Feature","geometry":{"type":"Point","coordinates":[-77.63437,38.81093]},"properties":{"id":"way/672993957","name":"Aroma II Tasting Room","group":"groceries","category":"shop=wine","housenumber":"14871","street":"Washington Street","city":"Haymarket","postcode":"20169","tags":";wine;"}},{"type":"Feature","geometry":{"type":"Point","coordinates":[-77.61279,38.7937]},"properties":{"id":"way/679154799","name":"Salon Nordine","group":"personal_care","category":"shop=hairdresser","housenumber":"7530","street":"Old Linton Hall Road","city":"Gainesville","postcode":"20155","tags":";hairdresser;"}},{"type":"Feature","geometry":{"type":"Point","coordinates":[-77.4003,39.03486]},"properties":{"id":"way/680968654","name":"The Pit Stop","group":"food","category":"amenity=restaurant","cuisine":"barbecue","website":"https://www.thepitstopva.com/","housenumber":"46230","street":"Cranston Street","city":"Sterling","postcode":"20165","tags":";barbecue;restaurant;outdoor_seating;"}},{"type":"Feature","geometry":{"type":"Point","coordinates":[-77.41045,38.9858]},"properties":{"id":"way/701929065","name":"Shepherd Electric Supply","group":"shopping","category":"shop=trade","website":"https://www.shepherdelec.com/","housenumber":"46213","street":"Transdulles Plaza","city":"Sterling","postcode":"20164","tags":";trade;"}},{"type":"Feature","geometry":{"type":"Point","coordinates":[-77.52177,38.74293]},"properties":{"id":"way/715045573","name":"The Pour House","group":"food","category":"amenity=pub","tags":";pub;"}},{"type":"Feature","geometry":{"type":"Point","coordinates":[-77.50609,38.77186]},"properties":{"id":"way/746221600","name":"USA Furniture Outlet","group":"shopping","category":"shop=furniture","housenumber":"8300","street":"Sudley Road","city":"Manassas","postcode":"20109","tags":";furniture;"}},{"type":"Feature","geometry":{"type":"Point","coordinates":[-77.50831,39.02657]},"properties":{"id":"way/747186129","name":"Ashburn Cleaners","group":"services","category":"shop=dry_cleaning","housenumber":"43150","street":"Broadlands Center Plaza","city":"Ashburn","postcode":"20148","tags":";dry_cleaning;"}},{"type":"Feature","geometry":{"type":"Point","coordinates":[-77.50807,39.0264]},"properties":{"id":"way/747186133","name":"OptimEYES","group":"personal_care","category":"shop=optician","phone":"+1 703-810-7784","website":"https://www.opticsandeyecare.com/","housenumber":"43150","street":"Broadlands Center Plaza","city":"Ashburn","postcode":"20148","tags":";optician;"}},{"type":"Feature","geometry":{"type":"Point","coordinates":[-77.50754,39.02603]},"properties":{"id":"way/747186137","name":"Mali Thai Cuisine","group":"food","category":"amenity=restaurant","cuisine":"thai","phone":"+1 703-726-8833","website":"http://vyut.com/mali-thai/","housenumber":"43150","street":"Broadlands Center Plaza","city":"Ashburn","postcode":"20148","tags":";thai;restaurant;"}},{"type":"Feature","geometry":{"type":"Point","coordinates":[-77.50945,39.02737]},"properties":{"id":"way/747186141","name":"Radiance Salon & Medi-Spa","group":"personal_care","category":"shop=beauty","phone":"+1 703-723-4600","website":"https://www.gotoradiance.com/","housenumber":"43150","street":"Broadlands Center Plaza","city":"Ashburn","postcode":"20148","tags":";beauty;spa;"}},{"type":"Feature","geometry":{"type":"Point","coordinates":[-77.50937,39.02732]},"properties":{"id":"way/747186142","name":"Pholicious","group":"food","category":"amenity=restaurant","cuisine":"vietnamese","hours":"Mo-Su 11:00-21:00","phone":"+1 703-729-9625","website":"https://www.pholiciousashburn.com/","housenumber":"43150","street":"Broadlands Center Plaza","city":"Ashburn","postcode":"20148","tags":";vietnamese;restaurant;"}},{"type":"Feature","geometry":{"type":"Point","coordinates":[-77.50915,39.02716]},"properties":{"id":"way/747186144","name":"Nail Design","group":"personal_care","category":"shop=beauty","housenumber":"43150","street":"Broadlands Center Plaza","city":"Ashburn","postcode":"20148","tags":";beauty;nails;"}},{"type":"Feature","geometry":{"type":"Point","coordinates":[-77.50911,39.02713]},"properties":{"id":"way/747186145","name":"La Vie Hair Stylists","group":"personal_care","category":"shop=hairdresser","phone":"+1 703-723-2600","website":"https://laviehairstylist.com/","housenumber":"43150","street":"Broadlands Center Plaza","city":"Ashburn","postcode":"20148","tags":";hairdresser;"}},{"type":"Feature","geometry":{"type":"Point","coordinates":[-77.57828,38.72908]},"properties":{"id":"way/747414777","name":"Concession Stand","group":"food","category":"amenity=fast_food","tags":";fast_food;"}},{"type":"Feature","geometry":{"type":"Point","coordinates":[-77.47276,38.75134]},"properties":{"id":"way/747457963","name":"Public House Kitchen and Brewery","group":"food","category":"amenity=restaurant","cuisine":"pub;american","website":"https://www.phbrewpub.com/","housenumber":"9406","street":"Battle Street","city":"Manassas","postcode":"20110","tags":";pub;american;restaurant;brewery;outdoor_seating;"}},{"type":"Feature","geometry":{"type":"Point","coordinates":[-77.50932,39.02777]},"properties":{"id":"way/751130059","name":"Board & Brush","group":"shopping","category":"shop=craft","phone":"+1 571-271-7870","website":"https://boardandbrush.com/ashburn/","housenumber":"43150","street":"Broadlands Center Plaza","city":"Ashburn","postcode":"20148","tags":";craft;"}},{"type":"Feature","geometry":{"type":"Point","coordinates":[-78.10027,38.76556]},"properties":{"id":"way/860882694","name":"Skyward Cafe","group":"food","category":"amenity=restaurant","cuisine":"american","housenumber":"650","street":"Zachary Taylor Highway","city":"Flint Hill","postcode":"22627","tags":";american;restaurant;"}},{"type":"Feature","geometry":{"type":"Point","coordinates":[-78.10098,38.766]},"properties":{"id":"way/860882696","name":"The Dark Horse Irish Pub","group":"food","category":"amenity=pub","cuisine":"irish;american","hours":"Mo-Fr 11:00-22:00; Sa-Su 10:30-22:00","phone":"+1-540-675-3227","website":"https://darkhorseflinthill.com/about/","housenumber":"659","street":"Zachary Taylor Highway","city":"Flint Hill","postcode":"22627","tags":";irish;american;pub;"}},{"type":"Feature","geometry":{"type":"Point","coordinates":[-77.48662,38.75014]},"properties":{"id":"way/865500272","name":"Building Supply of Manassas","group":"shopping","category":"shop=building_materials","housenumber":"9412","street":"Stonewall Road","city":"Manassas","postcode":"20110","tags":";building_materials;"}},{"type":"Feature","geometry":{"type":"Point","coordinates":[-77.95183,39.00451]},"properties":{"id":"way/870479974","name":"The Ashby Restaurant","group":"food","category":"amenity=restaurant","housenumber":"692","street":"Federal Street","postcode":"20130","tags":";restaurant;"}},{"type":"Feature","geometry":{"type":"Point","coordinates":[-77.95246,39.00643]},"properties":{"id":"way/870496676","name":"Lavendar Green Florist","group":"shopping","category":"shop=florist","housenumber":"657","street":"Federal Street","postcode":"20130","tags":";florist;"}},{"type":"Feature","geometry":{"type":"Point","coordinates":[-77.95097,38.99919]},"properties":{"id":"way/870496678","name":"Fresh Produce and Eggs Stand","group":"groceries","category":"shop=farm","housenumber":"1037","street":"Gap Run Road","postcode":"20144","tags":";farm;greengrocer;"}},{"type":"Feature","geometry":{"type":"Point","coordinates":[-77.42135,38.99309]},"properties":{"id":"way/870900370","name":"Honest Tom's Auto Care","group":"services","category":"shop=car_repair","tags":";car_repair;"}},{"type":"Feature","geometry":{"type":"Point","coordinates":[-77.49097,38.75379]},"properties":{"id":"way/871498946","name":"La China Poblana Taqueria","group":"food","category":"amenity=restaurant","cuisine":"mexican","housenumber":"9792","street":"Center Street","city":"Manassas","postcode":"20110","tags":";mexican;restaurant;"}},{"type":"Feature","geometry":{"type":"Point","coordinates":[-77.47089,38.72828]},"properties":{"id":"way/871976522","name":"Virginia Tractor","group":"shopping","category":"shop=tractor","housenumber":"10413","street":"Dumfries Road","city":"Manassas","postcode":"20110","tags":";tractor;"}},{"type":"Feature","geometry":{"type":"Point","coordinates":[-77.38714,38.78019]},"properties":{"id":"way/894380418","name":"Peterson's Ice Cream Depot","group":"food","category":"amenity=restaurant","housenumber":"7148","street":"Main Street","postcode":"20124","tags":";restaurant;ice_cream;"}},{"type":"Feature","geometry":{"type":"Point","coordinates":[-77.38715,38.78042]},"properties":{"id":"way/894380419","name":"Clifton Caf\u00e9","group":"food","category":"amenity=cafe","cuisine":"american;coffee_shop;crepe","phone":"+1-703-830-2424","website":"https://www.cliftoncafe.com/","housenumber":"7144","street":"Main Street","city":"Clifton","postcode":"20124","tags":";american;coffee_shop;crepe;cafe;outdoor_seating;"}},{"type":"Feature","geometry":{"type":"Point","coordinates":[-77.38771,38.7812]},"properties":{"id":"way/894380421","name":"Trummer's on Main","group":"food","category":"amenity=restaurant","cuisine":"american","phone":"+1-703-266-1623","website":"https://www.trummersrestaurant.com/","housenumber":"7134","street":"Main Street","city":"Clifton","postcode":"20124","tags":";american;restaurant;"}},{"type":"Feature","geometry":{"type":"Point","coordinates":[-77.40509,38.76568]},"properties":{"id":"way/899692001","name":"Paradise Springs Tasting Room","group":"food","category":"craft=winery","hours":"Sa-Th 11:00-19:00; Fr 11:00-21:00","phone":"+1-703-830-9463","website":"https://www.paradisespringswinery.com/","housenumber":"13219","street":"Yates Ford Road","city":"Clifton","postcode":"20124","tags":";winery;"}},{"type":"Feature","geometry":{"type":"Point","coordinates":[-77.40496,38.76591]},"properties":{"id":"way/899692002","name":"Paradise Springs Winery Red Barn Event Space","group":"food","category":"craft=winery","tags":";winery;"}},{"type":"Feature","geometry":{"type":"Point","coordinates":[-77.51427,38.92839]},"properties":{"id":"way/908961611","name":"Self Storage Plus","group":"services","category":"shop=storage_rental","phone":"+1 703-327-6888","website":"https://www.selfstorageplus.com/locations/chantilly","housenumber":"43014","street":"Little River Turnpike","city":"Chantilly","postcode":"20151","tags":";storage_rental;"}},{"type":"Feature","geometry":{"type":"Point","coordinates":[-77.51063,39.02635]},"properties":{"id":"way/918925966","name":"Parallel Party Bar","group":"food","category":"amenity=bar","tags":";bar;"}},{"type":"Feature","geometry":{"type":"Point","coordinates":[-77.63643,38.81062]},"properties":{"id":"way/929404252","name":"Tobaccology","group":"shopping","category":"shop=tobacco","housenumber":"6710","street":"Madison Street","city":"Haymarket","postcode":"20169","tags":";tobacco;"}},{"type":"Feature","geometry":{"type":"Point","coordinates":[-77.40365,39.03299]},"properties":{"id":"way/930755577","name":"The Bungalow Lakehouse","group":"food","category":"amenity=restaurant","housenumber":"46116","street":"Lake Center Plaza","city":"Sterling","postcode":"20165","tags":";restaurant;"}},{"type":"Feature","geometry":{"type":"Point","coordinates":[-77.63565,38.81372]},"properties":{"id":"way/931176370","name":"Details","group":"shopping","category":"shop=jewelry","housenumber":"6590","street":"Jefferson Street","city":"Haymarket","postcode":"20169","tags":";jewelry;"}},{"type":"Feature","geometry":{"type":"Point","coordinates":[-77.63615,38.81269]},"properties":{"id":"way/931176377","name":"Cupcake Heaven and Caf\u00e9","group":"food","category":"amenity=cafe","cuisine":"coffee_shop","housenumber":"6630","street":"Jefferson Street","city":"Haymarket","postcode":"20169","tags":";coffee_shop;cafe;takeout;"}},{"type":"Feature","geometry":{"type":"Point","coordinates":[-77.46194,38.76266]},"properties":{"id":"way/943535362","name":"Insiders Auto","group":"shopping","category":"shop=car","housenumber":"8850","street":"Mathis Avenue","city":"Manassas","postcode":"20110","tags":";car;"}},{"type":"Feature","geometry":{"type":"Point","coordinates":[-77.46412,38.75839]},"properties":{"id":"way/945654815","name":"Quick Lane Tire & Auto Center","group":"services","category":"shop=car_repair","housenumber":"9026","street":"Centreville Road","city":"Manassas","postcode":"20110","tags":";car_repair;tyres;"}},{"type":"Feature","geometry":{"type":"Point","coordinates":[-77.46282,38.75849]},"properties":{"id":"way/945654821","name":"Easy Motors","group":"shopping","category":"shop=car","housenumber":"9019","street":"Centreville Road","city":"Manassas","postcode":"20110","tags":";car;"}},{"type":"Feature","geometry":{"type":"Point","coordinates":[-77.56916,38.96837]},"properties":{"id":"way/955796676","name":"Old Farm Winery at Hartland","group":"food","category":"craft=winery","website":"https://oldfarmwineryhartland.com/","housenumber":"23583","street":"Fleetwood Road","city":"Aldie","postcode":"20105","tags":";winery;"}},{"type":"Feature","geometry":{"type":"Point","coordinates":[-77.51088,38.92587]},"properties":{"id":"way/956622261","name":"Cerrito's Pupuseria","group":"food","category":"amenity=restaurant","cuisine":"mexican","phone":"+1 703-327-0052","housenumber":"43137","street":"Little River Turnpike","city":"South Riding","postcode":"20152","tags":";mexican;restaurant;"}},{"type":"Feature","geometry":{"type":"Point","coordinates":[-77.50709,38.9231]},"properties":{"id":"way/956623800","name":"Virginia Tire & Auto","group":"services","category":"shop=car_repair","tags":";car_repair;tyres;"}},{"type":"Feature","geometry":{"type":"Point","coordinates":[-77.49047,38.91757]},"properties":{"id":"way/956625588","name":"Dover Saddlery","group":"shopping","category":"shop=outdoor","housenumber":"43717","street":"Little River Turnpike","tags":";outdoor;wheelchair_accessible;"}},{"type":"Feature","geometry":{"type":"Point","coordinates":[-77.53415,38.93441]},"properties":{"id":"way/956630604","name":"Meadows Farms Landscaping","group":"shopping","category":"shop=garden_centre","hours":"Mo-Fr 08:00-16:00","phone":"+1 703-327-5050","website":"https://meadowsfarms.com/locations/landscape-nursery/","housenumber":"42505","street":"Little River Turnpike","city":"Chantilly","postcode":"20152","tags":";garden_centre;"}},{"type":"Feature","geometry":{"type":"Point","coordinates":[-77.46278,38.7597]},"properties":{"id":"way/962414095","name":"Northside Auto Sales","group":"shopping","category":"shop=car","tags":";car;"}},{"type":"Feature","geometry":{"type":"Point","coordinates":[-77.46289,38.7594]},"properties":{"id":"way/962414097","name":"Kline Memorials","group":"services","category":"craft=stonemason","housenumber":"9014","street":"Centreville Road","city":"Manassas","postcode":"20110","tags":";stonemason;"}},{"type":"Feature","geometry":{"type":"Point","coordinates":[-77.46224,38.76017]},"properties":{"id":"way/962740247","name":"Northside Auto Sales","group":"shopping","category":"shop=car","tags":";car;"}},{"type":"Feature","geometry":{"type":"Point","coordinates":[-77.44044,39.01162]},"properties":{"id":"way/965291849","name":"Brown's Sterling Chrysler Dodge Jeep Ram","group":"shopping","category":"shop=car","tags":";car;"}},{"type":"Feature","geometry":{"type":"Point","coordinates":[-77.46638,38.75898]},"properties":{"id":"way/968289523","name":"Big Coin Laundry","group":"services","category":"shop=laundry","tags":";laundry;"}},{"type":"Feature","geometry":{"type":"Point","coordinates":[-77.46152,38.76195]},"properties":{"id":"way/972968080","name":"Autoland","group":"shopping","category":"shop=car","housenumber":"8903","street":"Liberia Avenue","city":"Manassas","postcode":"20110","tags":";car;"}},{"type":"Feature","geometry":{"type":"Point","coordinates":[-77.4612,38.76207]},"properties":{"id":"way/972968081","name":"Kagar Motors","group":"shopping","category":"shop=car","housenumber":"8901","street":"Liberia Avenue","city":"Manassas","postcode":"20110","tags":";car;"}},{"type":"Feature","geometry":{"type":"Point","coordinates":[-77.66865,38.9785]},"properties":{"id":"way/983298773","name":"Cana Vineyards and WInery of Middleburg","group":"food","category":"craft=winery","housenumber":"38600","street":"Little River Tpke","tags":";winery;"}},{"type":"Feature","geometry":{"type":"Point","coordinates":[-77.54449,38.96189]},"properties":{"id":"way/986034049","name":"Filling Co. Gas and Grub","group":"groceries","category":"shop=convenience","hours":"24/7","housenumber":"42175","street":"Shapiro Drive","tags":";convenience;wheelchair_accessible;"}},{"type":"Feature","geometry":{"type":"Point","coordinates":[-77.52183,38.94574]},"properties":{"id":"way/990537816","name":"Self Storage Plus","group":"services","category":"shop=storage_rental","phone":"+1 571-349-9910","website":"https://www.selfstorageplus.com/locations/sterling-liberty-harvest","housenumber":"24263","street":"Liberty Harvest Court","city":"Sterling","postcode":"20166","tags":";storage_rental;"}},{"type":"Feature","geometry":{"type":"Point","coordinates":[-77.53905,38.98301]},"properties":{"id":"way/1023999522","name":"Filling Co. Gas and Grub","group":"groceries","category":"shop=convenience","hours":"24/7","phone":"+1 703-345-2440","housenumber":"42315","street":"Soave Drive","city":"Brambleton","postcode":"20148","tags":";convenience;"}},{"type":"Feature","geometry":{"type":"Point","coordinates":[-77.45895,38.76375]},"properties":{"id":"way/1036371718","name":"Eastern Memorials","group":"services","category":"craft=stonemason","housenumber":"8788","street":"Centreville Road","city":"Manassas","postcode":"20110","tags":";stonemason;"}},{"type":"Feature","geometry":{"type":"Point","coordinates":[-77.64594,38.81472]},"properties":{"id":"way/1036911716","name":"Self Storage Plus","group":"services","category":"shop=storage_rental","phone":"+1 571-544-6100","housenumber":"6380","street":"John James Way","city":"Haymarket","postcode":"20169","tags":";storage_rental;"}},{"type":"Feature","geometry":{"type":"Point","coordinates":[-77.47273,38.7515]},"properties":{"id":"way/1042428212","name":"Battle Street Bistro","group":"food","category":"amenity=restaurant","cuisine":"american","hours":"Mo-Th 10:00-21:00; Fr 10:00-22:00; Sa 09:00-22:00; Su 09:00-15:00","phone":"+1-703-369-7501","website":"https://www.battlestreetbistro.com","housenumber":"9402","street":"Battle Street","city":"Manassas","postcode":"20110-5431","tags":";american;restaurant;outdoor_seating;"}},{"type":"Feature","geometry":{"type":"Point","coordinates":[-77.46775,38.75113]},"properties":{"id":"way/1056905990","name":"Olde Towne Sports Pub","group":"food","category":"amenity=restaurant","cuisine":"american","housenumber":"8975","street":"Center Street","city":"Manassas","postcode":"20110","tags":";american;restaurant;"}},{"type":"Feature","geometry":{"type":"Point","coordinates":[-77.56228,38.98886]},"properties":{"id":"way/1073386824","name":"Fleetwood Winery","group":"food","category":"craft=winery","housenumber":"23075","street":"Evergreen Mills Road","tags":";winery;"}},{"type":"Feature","geometry":{"type":"Point","coordinates":[-77.54608,38.78691]},"properties":{"id":"way/1073972005","name":"Maintenance Garage","group":"services","category":"shop=car_repair","tags":";car_repair;"}},{"type":"Feature","geometry":{"type":"Point","coordinates":[-77.45421,38.77805]},"properties":{"id":"way/1075615054","name":"Lindsay Collision Center","group":"services","category":"shop=car_repair","housenumber":"8501","street":"Maplewood Drive","city":"Manassas","postcode":"20111","tags":";car_repair;"}},{"type":"Feature","geometry":{"type":"Point","coordinates":[-77.4542,38.77646]},"properties":{"id":"way/1075629765","name":"Flaming Grill & Buffet","group":"food","category":"amenity=restaurant","cuisine":"asian","housenumber":"8260","street":"Shoppers Square","city":"Manassas","postcode":"20111","tags":";asian;restaurant;takeout;"}},{"type":"Feature","geometry":{"type":"Point","coordinates":[-77.80133,38.72783]},"properties":{"id":"way/1086838089","name":"McClanahan Camera","group":"shopping","category":"shop=camera","housenumber":"306","street":"West Lee Highway","postcode":"20186","tags":";camera;"}},{"type":"Feature","geometry":{"type":"Point","coordinates":[-77.80333,38.72586]},"properties":{"id":"way/1086838115","name":"Ron's Tires","group":"services","category":"shop=tyres","housenumber":"331","street":"Broadview Avenue","city":"Warrenton","postcode":"20186","tags":";tyres;"}},{"type":"Feature","geometry":{"type":"Point","coordinates":[-77.80384,38.72479]},"properties":{"id":"way/1087037734","name":"Doc Auto","group":"services","category":"shop=car_repair","housenumber":"283","street":"Broadview Avenue","city":"Warrenton","postcode":"20186","tags":";car_repair;"}},{"type":"Feature","geometry":{"type":"Point","coordinates":[-77.47247,38.72901]},"properties":{"id":"way/1089956774","name":"Hog Shack Bar-B-Q","group":"food","category":"amenity=restaurant","cuisine":"barbecue","housenumber":"10470","street":"Dumfries Road","city":"Manassas","postcode":"20110","tags":";barbecue;restaurant;takeout;"}},{"type":"Feature","geometry":{"type":"Point","coordinates":[-77.46885,38.72357]},"properties":{"id":"way/1091015589","name":"Mini-T's Tire and Auto Citgo","group":"services","category":"shop=car_repair","housenumber":"10621","street":"Dumfries Road","city":"Manassas","postcode":"20112","tags":";car_repair;tyres;"}},{"type":"Feature","geometry":{"type":"Point","coordinates":[-77.46879,38.72495]},"properties":{"id":"way/1091131638","name":"Dominion Self-Storage","group":"services","category":"shop=storage_rental","housenumber":"10609","street":"Dumfries Road","city":"Manassas","postcode":"20112","tags":";storage_rental;"}},{"type":"Feature","geometry":{"type":"Point","coordinates":[-77.80681,38.71862]},"properties":{"id":"way/1091590281","name":"Proud Pariah Tattoos","group":"personal_care","category":"shop=tattoo","housenumber":"47","street":"Broadview Avenue","city":"Warrenton","postcode":"20186","tags":";tattoo;"}},{"type":"Feature","geometry":{"type":"Point","coordinates":[-77.80737,38.7171]},"properties":{"id":"way/1091590617","name":"Carousel Frozen Treats","group":"food","category":"amenity=restaurant","cuisine":"american;burger;ice_cream","hours":"Tu-Th 11:00-21:00; Fr-Sa 11:00-22:00; Mo off; Su 12:00-21:00","housenumber":"346","street":"Waterloo Street","city":"Warrenton","postcode":"20186","tags":";american;burger;ice_cream;restaurant;takeout;outdoor_seating;wheelchair_accessible;"}},{"type":"Feature","geometry":{"type":"Point","coordinates":[-77.80433,38.72382]},"properties":{"id":"way/1091591197","name":"Colvin Floors","group":"shopping","category":"shop=flooring","housenumber":"251","street":"Broadview Avenue","postcode":"20186","tags":";flooring;"}},{"type":"Feature","geometry":{"type":"Point","coordinates":[-77.80663,38.7177]},"properties":{"id":"way/1091592496","name":"The Tomato Stand","group":"groceries","category":"shop=farm","street":"Sullivan Street","city":"Warrenton","postcode":"20186","tags":";farm;"}},{"type":"Feature","geometry":{"type":"Point","coordinates":[-77.80649,38.72179]},"properties":{"id":"way/1091592911","name":"WIYGUL Automotive Clinic","group":"services","category":"shop=car_repair","website":"https://wiygul.com/stores/view/15734/","housenumber":"164","street":"Broadview Avenue","city":"Warrenton","postcode":"20186","tags":";car_repair;"}},{"type":"Feature","geometry":{"type":"Point","coordinates":[-77.80435,38.72399]},"properties":{"id":"way/1091593260","name":"Blossman Gas","group":"shopping","category":"shop=appliance","website":"https://www.blossmangas.com/locations/blossman-gas-warrenton-va/","housenumber":"259","street":"Broadview Avenue","city":"Warrenton","postcode":"20186","tags":";appliance;"}},{"type":"Feature","geometry":{"type":"Point","coordinates":[-77.80737,38.71752]},"properties":{"id":"way/1091593752","name":"Premium Home Services","group":"services","category":"craft=hvac","housenumber":"5","street":"Broadview Avenue","city":"Warrenton","postcode":"20186","tags":";hvac;"}},{"type":"Feature","geometry":{"type":"Point","coordinates":[-77.8067,38.71882]},"properties":{"id":"way/1091594418","name":"Frost Diner","group":"food","category":"amenity=restaurant","cuisine":"american","hours":"Mo-Su 06:00-22:00","phone":"+1 540-347-3047","housenumber":"55","street":"Broadview Avenue","city":"Warrenton","postcode":"20186","tags":";american;restaurant;"}},{"type":"Feature","geometry":{"type":"Point","coordinates":[-77.80434,38.72629]},"properties":{"id":"way/1091595553","name":"Chick's Services, Inc.","group":"services","category":"shop=car_repair","website":"https://www.chicksservice.com/","housenumber":"338","street":"Broadview Avenue","city":"Warrenton","postcode":"20186","tags":";car_repair;"}},{"type":"Feature","geometry":{"type":"Point","coordinates":[-77.83002,38.86277]},"properties":{"id":"way/1091709461","name":"Heritage Hardwoods","group":"shopping","category":"shop=hardware","hours":"Mo-Fr 07:00-16:00","phone":"+1-540-364-4321","website":"https://heritagehardwoods.com/","housenumber":"4227","street":"Whiting Road","city":"Marshall","postcode":"20115","tags":";hardware;"}},{"type":"Feature","geometry":{"type":"Point","coordinates":[-77.96368,38.7529]},"properties":{"id":"way/1091909886","name":"Orlean Market and Pub","group":"food","category":"amenity=pub","cuisine":"pizza;regional;burger;italian;sandwich;chicken;american;seafood","hours":"Mo-Tu 08:30-18:00; We-Th 08:30-20:00; Fr-Sa 08:30-22:00; Su 09:00-18:00","phone":"+1 540-364-2774","website":"https://www.orleanmarket.com/","housenumber":"6855","street":"Leeds Manor Road","city":"Orlean","postcode":"20115","tags":";pizza;regional;burger;italian;sandwich;chicken;american;seafood;pub;outdoor_seating;wifi;"}},{"type":"Feature","geometry":{"type":"Point","coordinates":[-77.49138,38.88106]},"properties":{"id":"way/1092989361","name":"Donuts","group":"food","category":"amenity=cafe","tags":";cafe;donut;"}},{"type":"Feature","geometry":{"type":"Point","coordinates":[-77.49223,38.88098]},"properties":{"id":"way/1092990254","name":"BBQ","group":"food","category":"amenity=fast_food","tags":";fast_food;barbecue;"}},{"type":"Feature","geometry":{"type":"Point","coordinates":[-77.63836,38.97527]},"properties":{"id":"way/1094624096","name":"Aldie Peddler","group":"groceries","category":"shop=wine","housenumber":"39484","street":"Little River Turnpike","tags":";wine;"}},{"type":"Feature","geometry":{"type":"Point","coordinates":[-77.44887,38.78919]},"properties":{"id":"way/1096102536","name":"Auto Expo","group":"shopping","category":"shop=car","hours":"Mo-Sa 10:00-19:00","phone":"+1 703-365-7900","website":"https://www.autoexposales.com/","housenumber":"7608","street":"Centreville Road","city":"Manassas","postcode":"20111","tags":";car;"}},{"type":"Feature","geometry":{"type":"Point","coordinates":[-77.73798,38.96827]},"properties":{"id":"way/1096112947","name":"Red Horse Tavern","group":"food","category":"amenity=restaurant","housenumber":"118","street":"West Washington Street","city":"Middleburg","postcode":"20117","tags":";restaurant;"}},{"type":"Feature","geometry":{"type":"Point","coordinates":[-77.73429,38.96927]},"properties":{"id":"way/1096114762","name":"Creme de la Creme","group":"shopping","category":"shop=erotic","housenumber":"21","street":"East Washington Street","tags":";erotic;"}},{"type":"Feature","geometry":{"type":"Point","coordinates":[-77.73772,38.96836]},"properties":{"id":"way/1096117273","name":"Common Grounds","group":"food","category":"amenity=cafe","cuisine":"coffee_shop","housenumber":"114","street":"West Washington Street","city":"Middleburg","postcode":"20117","tags":";coffee_shop;cafe;"}},{"type":"Feature","geometry":{"type":"Point","coordinates":[-77.72831,38.97081]},"properties":{"id":"way/1105902996","name":"Mt. Defiance Cider Barn","group":"food","category":"craft=distillery","website":"https://mtdefiance.com","tags":";distillery;"}},{"type":"Feature","geometry":{"type":"Point","coordinates":[-77.44152,38.7664]},"properties":{"id":"way/1123151245","name":"The All American Steakhouse","group":"food","category":"amenity=restaurant","cuisine":"steak_house","housenumber":"110","street":"Park Central Plaza","city":"Manassas Park","postcode":"20111","tags":";steak_house;restaurant;"}},{"type":"Feature","geometry":{"type":"Point","coordinates":[-77.44584,38.79917]},"properties":{"id":"way/1148703963","name":"Eavesdrop Brewery","group":"food","category":"amenity=pub","tags":";pub;brewery;"}},{"type":"Feature","geometry":{"type":"Point","coordinates":[-77.66005,38.76502]},"properties":{"id":"way/1164842603","name":"The Winery at Sunshine Ridge","group":"food","category":"craft=winery","housenumber":"15850","street":"Sunshine Ridge Lane","tags":";winery;"}},{"type":"Feature","geometry":{"type":"Point","coordinates":[-77.47718,39.02287]},"properties":{"id":"way/1189820153","name":"Tava Fry","group":"food","category":"amenity=restaurant","cuisine":"indian","hours":"Su-We 12:00-22:00,Th-Sa 12:00-22:30","phone":"+1 703-729-7860","website":"https://tavafry.com","housenumber":"44054","street":"Pipeline Plaza","city":"Ashburn","postcode":"20147","tags":";indian;restaurant;outdoor_seating;"}},{"type":"Feature","geometry":{"type":"Point","coordinates":[-77.52297,38.7443]},"properties":{"id":"way/1196652952","name":"Rickhoue Barrel Aging","group":"food","category":"craft=winery","tags":";winery;"}},{"type":"Feature","geometry":{"type":"Point","coordinates":[-77.52248,38.74387]},"properties":{"id":"way/1196652953","name":"MurLarkey Distilled Spirits","group":"food","category":"craft=winery","tags":";winery;"}},{"type":"Feature","geometry":{"type":"Point","coordinates":[-77.50685,38.7411]},"properties":{"id":"way/1199322305","name":"JW Contracting Inc","group":"services","category":"craft=builder","phone":"+1-703-257-3277","website":"https://pool911.com/","housenumber":"9835","street":"Godwin Drive","city":"Manassas","postcode":"20110","tags":";builder;"}},{"type":"Feature","geometry":{"type":"Point","coordinates":[-77.54352,38.90564]},"properties":{"id":"way/1220144545","name":"Kokee Tea - South Riding","group":"food","category":"amenity=cafe","cuisine":"bubble_tea","phone":"+15717489296","website":"https://www.kokeecafe.com/","housenumber":"25739","street":"Branch Rail Drive","city":"South Riding","postcode":"20152","tags":";bubble_tea;cafe;"}},{"type":"Feature","geometry":{"type":"Point","coordinates":[-77.6767,38.82086]},"properties":{"id":"way/1222308218","name":"Royal Mart","group":"groceries","category":"shop=convenience","housenumber":"16316","street":"John Marshall Highway","city":"Broad Run","postcode":"20137","tags":";convenience;"}},{"type":"Feature","geometry":{"type":"Point","coordinates":[-77.65661,38.76578]},"properties":{"id":"way/1278598381","name":"Style Roofing","group":"services","category":"craft=roofer","hours":"Mo-Su 09:00 - 17:00","phone":"+1 703-754-9906","website":"http://www.styleroofing.com","housenumber":"15700","street":"Sunshine Ridge Lane","city":"Gainesville","postcode":"20155","tags":";roofer;"}},{"type":"Feature","geometry":{"type":"Point","coordinates":[-77.8323,38.97291]},"properties":{"id":"way/1282529310","name":"Slater Run Vineyards","group":"food","category":"craft=winery","housenumber":"1500","street":"Crenshaw Road","tags":";winery;"}},{"type":"Feature","geometry":{"type":"Point","coordinates":[-77.71731,38.80581]},"properties":{"id":"way/1356945722","name":"Trail Kiosk","group":"groceries","category":"shop=kiosk","tags":";kiosk;"}},{"type":"Feature","geometry":{"type":"Point","coordinates":[-77.71583,38.80533]},"properties":{"id":"way/1356946918","name":"Tent Area Sign","group":"groceries","category":"shop=kiosk","tags":";kiosk;"}},{"type":"Feature","geometry":{"type":"Point","coordinates":[-77.46934,38.91816]},"properties":{"id":"way/1388926672","name":"Pohanka National Operations Center","group":"shopping","category":"shop=car","tags":";car;"}},{"type":"Feature","geometry":{"type":"Point","coordinates":[-77.48993,38.88208]},"properties":{"id":"way/1426710020","name":"Admissions","group":"shopping","category":"shop=ticket","tags":";ticket;"}},{"type":"Feature","geometry":{"type":"Point","coordinates":[-77.45183,38.77295]},"properties":{"id":"way/1446809583","name":"Fastline Tire Center","group":"services","category":"shop=tyres","housenumber":"8407","street":"Centreville Road","city":"Manassas Park","tags":";tyres;"}},{"type":"Feature","geometry":{"type":"Point","coordinates":[-77.45191,38.77266]},"properties":{"id":"way/1446809584","name":"Tobacco Hut","group":"shopping","category":"shop=tobacco","housenumber":"8409","street":"Centreville Road","city":"Manassas Park","postcode":"20111","tags":";tobacco;"}},{"type":"Feature","geometry":{"type":"Point","coordinates":[-77.45064,38.74646]},"properties":{"id":"way/1531282530","name":"Mi Rico Peru","group":"food","category":"amenity=restaurant","cuisine":"peruvian","housenumber":"9700","street":"Liberia Avenue","city":"Manassas","postcode":"20110","tags":";peruvian;restaurant;"}},{"type":"Feature","geometry":{"type":"Point","coordinates":[-77.81348,38.71787]},"properties":{"id":"way/1532150352","name":"El Jaripeo","group":"food","category":"amenity=restaurant","cuisine":"mexican","housenumber":"623","street":"Frost Avenue","city":"Warrenton","postcode":"20186","tags":";mexican;restaurant;"}},{"type":"Feature","geometry":{"type":"Point","coordinates":[-77.81336,38.71786]},"properties":{"id":"way/1532150353","name":"The Open Box","group":"groceries","category":"shop=variety_store","housenumber":"619","street":"Frost Avenue","city":"Warrenton","postcode":"20186","tags":";variety_store;"}},{"type":"Feature","geometry":{"type":"Point","coordinates":[-77.81167,38.71736]},"properties":{"id":"way/1532150359","name":"China Restaurant","group":"food","category":"amenity=restaurant","cuisine":"chinese","housenumber":"589","street":"Frost Avenue","city":"Warrenton","postcode":"20186","tags":";chinese;restaurant;"}},{"type":"Feature","geometry":{"type":"Point","coordinates":[-77.8117,38.7175]},"properties":{"id":"way/1532150360","name":"The Dog Spa","group":"services","category":"shop=pet_grooming","housenumber":"585","street":"Frost Avenue","city":"Warrenton","postcode":"20186","tags":";pet_grooming;"}},{"type":"Feature","geometry":{"type":"Point","coordinates":[-77.81141,38.71742]},"properties":{"id":"way/1532150363","name":"Threading Hub N More","group":"personal_care","category":"shop=beauty","housenumber":"579","street":"Frost Avenue","city":"Warrenton","postcode":"20186","tags":";beauty;"}},{"type":"Feature","geometry":{"type":"Point","coordinates":[-77.81103,38.71717]},"properties":{"id":"way/1532150368","name":"Phoenix Nails","group":"personal_care","category":"shop=beauty","housenumber":"569","street":"Frost Avenue","city":"Warrenton","postcode":"20186","tags":";beauty;nails;"}},{"type":"Feature","geometry":{"type":"Point","coordinates":[-78.04624,38.93609]},"properties":{"id":"relation/8487952","name":"Fox Meadow Winery","group":"food","category":"craft=winery","housenumber":"3310","street":"Freezeland Road","city":"Linden","postcode":"22642","tags":";winery;"}},{"type":"Feature","geometry":{"type":"Point","coordinates":[-77.9982,38.92814]},"properties":{"id":"relation/8487953","name":"Naked Mountain Winery & Vineyards","group":"food","category":"craft=winery","housenumber":"2747","street":"Leeds Manor Road","postcode":"22643","tags":";winery;"}},{"type":"Feature","geometry":{"type":"Point","coordinates":[-77.46102,38.76468]},"properties":{"id":"relation/19727488","name":"Self Storage Plus","group":"services","category":"shop=storage_rental","tags":";storage_rental;"}}]}